# loss | a0 ... a3
7.918036e+03	-1.000000e+00	-1.470000e+00	1.197200e+01	2.040000e+00
4.599121e+03	-1.000000e+00	-1.302000e+00	1.300400e+01	1.200000e+00
4.155095e+03	-1.000000e+00	-4.740000e-01	1.120400e+01	1.158000e+00
2.154920e+04	-1.000000e+00	-2.100000e-01	1.072400e+01	1.186000e+00
2.399741e+04	-1.000000e+00	-1.980000e-01	1.408400e+01	1.046000e+00
6.968672e+03	-9.880000e-01	-1.428000e+00	9.668000e+00	1.284000e+00
1.089094e+03	-9.880000e-01	-1.074000e+00	1.475600e+01	2.488000e+00
7.897836e+02	-9.880000e-01	-1.050000e+00	1.134800e+01	3.006000e+00
3.300846e+03	-9.880000e-01	-4.980000e-01	1.127600e+01	2.754000e+00
5.430882e+04	-9.880000e-01	-1.200000e-02	1.101200e+01	1.816000e+00
2.600501e+03	-9.760000e-01	-1.188000e+00	1.487600e+01	1.984000e+00
1.868316e+03	-9.760000e-01	-1.140000e+00	1.540400e+01	3.902000e+00
1.010195e+03	-9.760000e-01	-1.068000e+00	1.120400e+01	1.354000e+00
3.320889e+02	-9.760000e-01	-9.780000e-01	1.170800e+01	1.452000e+00
4.491371e+03	-9.760000e-01	-4.620000e-01	1.516400e+01	2.362000e+00
8.150750e+03	-9.640000e-01	-1.482000e+00	1.437200e+01	2.992000e+00
7.021326e+03	-9.640000e-01	-3.720000e-01	9.596000e+00	2.096000e+00
1.431372e+04	-9.640000e-01	-2.880000e-01	1.271600e+01	6.960000e-01
3.072082e+04	-9.640000e-01	-1.500000e-01	1.278800e+01	1.774000e+00
4.387469e+04	-9.640000e-01	-5.400000e-02	1.031600e+01	1.396000e+00
7.564536e+03	-9.520000e-01	-1.452000e+00	1.336400e+01	2.292000e+00
2.140325e+03	-9.520000e-01	-1.158000e+00	1.526000e+01	2.950000e+00
5.565895e+03	-9.520000e-01	-4.320000e-01	1.451600e+01	2.572000e+00
5.228491e+03	-9.520000e-01	-4.260000e-01	1.019600e+01	2.614000e+00
3.781763e+04	-9.520000e-01	-9.000000e-02	1.113200e+01	1.942000e+00
2.032607e+03	-9.400000e-01	-1.152000e+00	1.480400e+01	3.566000e+00
1.581954e+02	-9.400000e-01	-9.060000e-01	1.547600e+01	2.684000e+00
1.633757e+02	-9.400000e-01	-8.160000e-01	1.156400e+01	2.040000e+00
2.516524e+02	-9.400000e-01	-7.740000e-01	1.461200e+01	1.298000e+00
1.241492e+04	-9.400000e-01	-2.820000e-01	1.012400e+01	2.082000e+00
2.881770e+03	-9.280000e-01	-1.206000e+00	1.336400e+01	2.278000e+00
3.989650e+02	-9.280000e-01	-7.320000e-01	1.446800e+01	3.524000e+00
1.173134e+04	-9.280000e-01	-2.940000e-01	1.098800e+01	3.020000e+00
1.948478e+04	-9.280000e-01	-2.100000e-01	1.173200e+01	3.048000e+00
3.322510e+04	-9.280000e-01	-1.020000e-01	1.202000e+01	3.328000e+00
1.569249e+03	-9.160000e-01	-1.116000e+00	1.214000e+01	1.242000e+00
1.372762e+02	-9.160000e-01	-8.820000e-01	1.209200e+01	8.640000e-01
7.936959e+03	-9.160000e-01	-3.780000e-01	1.485200e+01	3.594000e+00
2.539610e+04	-9.160000e-01	-1.200000e-01	1.074800e+01	3.720000e+00
4.782342e+04	-9.160000e-01	-6.000000e-02	1.535600e+01	3.174000e+00
5.882381e+03	-9.040000e-01	-1.368000e+00	1.233200e+01	9.200000e-01
1.756794e+02	-9.040000e-01	-9.300000e-01	1.218800e+01	1.578000e+00
4.249053e+02	-9.040000e-01	-7.260000e-01	1.535600e+01	3.846000e+00
1.294269e+04	-9.040000e-01	-2.640000e-01	1.062800e+01	3.552000e+00
3.893897e+04	-9.040000e-01	-9.000000e-02	1.226000e+01	2.558000e+00
8.545932e+03	-8.920000e-01	-1.500000e+00	1.449200e+01	1.970000e+00
6.480962e+03	-8.920000e-01	-1.398000e+00	1.206800e+01	7.940000e-01
4.509059e+02	-8.920000e-01	-1.002000e+00	1.266800e+01	2.698000e+00
5.198612e+02	-8.920000e-01	-7.560000e-01	9.860000e+00	3.496000e+00
3.115867e+03	-8.920000e-01	-5.100000e-01	1.526000e+01	1.200000e+00
6.401825e+03	-8.800000e-01	-1.410000e+00	9.836000e+00	1.858000e+00
1.539593e+03	-8.800000e-01	-5.940000e-01	1.420400e+01	1.690000e+00
9.533513e+03	-8.800000e-01	-3.480000e-01	1.384400e+01	3.566000e+00
2.186844e+04	-8.800000e-01	-1.980000e-01	1.139600e+01	2.348000e+00
3.114318e+04	-8.800000e-01	-1.500000e-01	1.451600e+01	7.240000e-01
3.291569e+03	-8.680000e-01	-1.230000e+00	1.406000e+01	7.100000e-01
1.971358e+02	-8.680000e-01	-8.280000e-01	1.074800e+01	3.300000e+00
3.308078e+02	-8.680000e-01	-7.500000e-01	1.439600e+01	3.524000e+00
1.433197e+03	-8.680000e-01	-6.120000e-01	1.204400e+01	3.538000e+00
1.124695e+04	-8.680000e-01	-3.180000e-01	1.338800e+01	3.832000e+00
7.578497e+03	-8.560000e-01	-1.452000e+00	1.468400e+01	1.144000e+00
3.370038e+03	-8.560000e-01	-1.236000e+00	1.103600e+01	6.680000e-01
3.335633e+02	-8.560000e-01	-7.500000e-01	1.166000e+01	2.362000e+00
7.659696e+02	-8.560000e-01	-6.780000e-01	1.233200e+01	3.426000e+00
2.957803e+04	-8.560000e-01	-1.260000e-01	1.142000e+01	3.062000e+00
5.952038e+03	-8.440000e-01	-1.392000e+00	1.048400e+01	2.502000e+00
5.236934e+03	-8.440000e-01	-1.380000e+00	1.110800e+01	3.986000e+00
3.646519e+03	-8.440000e-01	-1.332000e+00	9.644000e+00	3.818000e+00
4.915686e+03	-8.440000e-01	-1.326000e+00	1.350800e+01	3.524000e+00
1.647111e+04	-8.440000e-01	-2.640000e-01	1.348400e+01	5.420000e-01
1.178150e+03	-8.320000e-01	-1.092000e+00	9.500000e+00	1.102000e+00
1.737363e+02	-8.320000e-01	-9.180000e-01	9.644000e+00	3.678000e+00
2.906374e+03	-8.320000e-01	-5.220000e-01	1.154000e+01	1.984000e+00
9.136850e+03	-8.320000e-01	-3.420000e-01	1.096400e+01	3.888000e+00
1.422734e+04	-8.320000e-01	-2.880000e-01	1.506800e+01	2.404000e+00
5.883280e+03	-8.200000e-01	-1.368000e+00	1.293200e+01	1.172000e+00
8.217195e+02	-8.200000e-01	-1.050000e+00	1.343600e+01	2.880000e+00
2.346169e+02	-8.200000e-01	-7.860000e-01	1.110800e+01	2.376000e+00
6.083902e+03	-8.200000e-01	-4.200000e-01	1.122800e+01	2.012000e+00
1.342045e+04	-8.200000e-01	-3.000000e-01	1.182800e+01	7.660000e-01
5.730076e+03	-8.080000e-01	-1.362000e+00	1.264400e+01	2.166000e+00
3.289773e+03	-8.080000e-01	-1.230000e+00	1.470800e+01	1.984000e+00
7.173434e+02	-8.080000e-01	-1.038000e+00	1.132400e+01	9.760000e-01
2.113240e+02	-8.080000e-01	-9.780000e-01	9.764000e+00	2.684000e+00
3.730143e+04	-8.080000e-01	-1.140000e-01	1.214000e+01	1.494000e+00
2.987097e+03	-7.960000e-01	-1.212000e+00	1.526000e+01	1.858000e+00
1.846298e+03	-7.960000e-01	-6.060000e-01	9.548000e+00	2.460000e+00
1.904299e+03	-7.960000e-01	-5.760000e-01	1.235600e+01	2.852000e+00
2.954235e+03	-7.960000e-01	-5.340000e-01	9.884000e+00	2.558000e+00
9.802817e+03	-7.960000e-01	-3.480000e-01	1.502000e+01	2.712000e+00
7.144485e+03	-7.840000e-01	-1.434000e+00	1.314800e+01	2.614000e+00
4.334249e+03	-7.840000e-01	-1.380000e+00	9.596000e+00	3.622000e+00
1.239477e+02	-7.840000e-01	-8.940000e-01	1.154000e+01	8.640000e-01
5.857110e+02	-7.840000e-01	-6.960000e-01	1.269200e+01	2.488000e+00
3.601398e+04	-7.840000e-01	-9.600000e-02	1.026800e+01	1.662000e+00
2.250584e+03	-7.720000e-01	-1.176000e+00	1.221200e+01	3.090000e+00
1.278205e+03	-7.720000e-01	-1.116000e+00	9.668000e+00	2.152000e+00
3.045305e+02	-7.720000e-01	-9.720000e-01	1.338800e+01	2.264000e+00
4.257059e+03	-7.720000e-01	-4.740000e-01	1.130000e+01	2.278000e+00
5.389601e+04	-7.720000e-01	-3.000000e-02	1.379600e+01	3.174000e+00
2.219188e+03	-7.600000e-01	-1.164000e+00	1.192400e+01	7.800000e-01
1.859447e+03	-7.600000e-01	-1.140000e+00	1.360400e+01	2.684000e+00
1.342647e+04	-7.600000e-01	-2.700000e-01	9.860000e+00	3.356000e+00
1.906839e+04	-7.600000e-01	-2.400000e-01	1.218800e+01	1.242000e+00
2.321833e+04	-7.600000e-01	-2.040000e-01	1.470800e+01	1.032000e+00
6.364611e+03	-7.480000e-01	-1.392000e+00	1.358000e+01	1.158000e+00
6.400974e+02	-7.480000e-01	-1.032000e+00	1.372400e+01	3.398000e+00
1.504924e+02	-7.480000e-01	-8.460000e-01	1.437200e+01	1.256000e+00
2.134959e+03	-7.480000e-01	-5.640000e-01	9.980000e+00	7.520000e-01
2.198503e+04	-7.480000e-01	-2.160000e-01	1.163600e+01	8.780000e-01
8.105618e+03	-7.360000e-01	-1.500000e+00	1.144400e+01	2.866000e+00
7.930917e+02	-7.360000e-01	-1.050000e+00	1.096400e+01	1.116000e+00
2.017687e+04	-7.360000e-01	-2.280000e-01	1.506800e+01	2.824000e+00
1.845380e+04	-7.360000e-01	-2.040000e-01	1.007600e+01	3.832000e+00
3.872262e+04	-7.360000e-01	-1.080000e-01	1.391600e+01	9.480000e-01
5.393867e+03	-7.240000e-01	-1.344000e+00	1.413200e+01	2.306000e+00
3.003949e+03	-7.240000e-01	-1.248000e+00	1.031600e+01	2.796000e+00
8.910858e+02	-7.240000e-01	-1.056000e+00	1.331600e+01	2.236000e+00
2.113814e+02	-7.240000e-01	-9.480000e-01	1.487600e+01	3.454000e+00
5.537489e+04	-7.240000e-01	-3.600000e-02	1.403600e+01	7.520000e-01
1.863049e+03	-7.120000e-01	-1.140000e+00	1.348400e+01	2.474000e+00
1.384499e+02	-7.120000e-01	-9.000000e-01	1.298000e+01	1.858000e+00
1.480781e+02	-7.120000e-01	-8.880000e-01	1.499600e+01	1.732000e+00
2.632905e+04	-7.120000e-01	-1.800000e-01	1.461200e+01	2.628000e+00
5.059312e+04	-7.120000e-01	-4.800000e-02	1.358000e+01	2.740000e+00
5.771944e+03	-7.000000e-01	-1.374000e+00	1.206800e+01	2.782000e+00
2.813877e+02	-7.000000e-01	-7.560000e-01	1.158800e+01	1.564000e+00
8.404578e+03	-7.000000e-01	-3.720000e-01	1.353200e+01	6.120000e-01
4.086930e+04	-7.000000e-01	-1.020000e-01	1.062800e+01	5.280000e-01
4.444172e+04	-7.000000e-01	-6.600000e-02	1.281200e+01	3.230000e+00
5.999524e+03	-6.880000e-01	-1.374000e+00	1.444400e+01	1.942000e+00
3.663725e+03	-6.880000e-01	-1.254000e+00	1.209200e+01	1.900000e+00
3.574285e+02	-6.880000e-01	-7.500000e-01	1.326800e+01	3.580000e+00
1.621326e+03	-6.880000e-01	-5.880000e-01	1.511600e+01	1.662000e+00
2.069536e+03	-6.880000e-01	-5.640000e-01	1.307600e+01	2.530000e+00
5.732575e+03	-6.760000e-01	-1.410000e+00	1.101200e+01	3.496000e+00
3.539376e+03	-6.760000e-01	-1.248000e+00	1.182800e+01	1.900000e+00
1.258323e+02	-6.760000e-01	-8.820000e-01	1.377200e+01	2.908000e+00
6.931852e+03	-6.760000e-01	-4.140000e-01	1.084400e+01	3.496000e+00
1.778707e+04	-6.760000e-01	-2.400000e-01	1.151600e+01	3.664000e+00
5.292320e+03	-6.640000e-01	-1.410000e+00	1.067600e+01	3.776000e+00
5.269837e+02	-6.640000e-01	-7.800000e-01	9.620000e+00	2.082000e+00
2.838880e+02	-6.640000e-01	-7.620000e-01	1.518800e+01	6.960000e-01
1.420828e+03	-6.640000e-01	-6.660000e-01	1.007600e+01	3.160000e+00
1.300425e+03	-6.640000e-01	-6.120000e-01	1.262000e+01	8.920000e-01
3.086647e+03	-6.520000e-01	-1.218000e+00	1.432400e+01	1.522000e+00
1.408640e+02	-6.520000e-01	-8.400000e-01	1.410800e+01	3.510000e+00
2.699114e+02	-6.520000e-01	-7.680000e-01	1.192400e+01	2.432000e+00
5.923817e+03	-6.520000e-01	-4.440000e-01	1.103600e+01	3.692000e+00
4.727436e+04	-6.520000e-01	-3.600000e-02	1.000400e+01	1.788000e+00
3.749654e+03	-6.400000e-01	-1.272000e+00	9.572000e+00	1.200000e+00
1.255639e+03	-6.400000e-01	-1.104000e+00	1.257200e+01	3.258000e+00
5.208516e+02	-6.400000e-01	-7.020000e-01	1.202000e+01	1.480000e+00
3.316275e+03	-6.400000e-01	-5.400000e-01	1.007600e+01	2.642000e+00
1.384739e+04	-6.400000e-01	-2.940000e-01	1.230800e+01	7.800000e-01
2.726570e+02	-6.280000e-01	-1.002000e+00	9.836000e+00	2.516000e+00
1.926930e+02	-6.280000e-01	-9.900000e-01	9.764000e+00	3.538000e+00
1.423983e+02	-6.280000e-01	-9.000000e-01	1.444400e+01	2.684000e+00
5.816373e+02	-6.280000e-01	-7.080000e-01	1.134800e+01	2.334000e+00
5.928491e+03	-6.280000e-01	-4.260000e-01	1.384400e+01	2.712000e+00
9.336264e+02	-6.160000e-01	-1.080000e+00	1.108400e+01	2.530000e+00
2.345968e+02	-6.160000e-01	-9.840000e-01	9.524000e+00	3.412000e+00
8.338011e+02	-6.160000e-01	-6.600000e-01	1.274000e+01	2.040000e+00
1.124437e+04	-6.160000e-01	-3.300000e-01	1.370000e+01	3.944000e+00
2.409137e+04	-6.160000e-01	-1.980000e-01	1.295600e+01	1.760000e+00
7.783000e+03	-6.040000e-01	-1.470000e+00	1.377200e+01	3.160000e+00
5.573977e+03	-6.040000e-01	-1.362000e+00	1.286000e+01	2.936000e+00
5.408021e+03	-6.040000e-01	-1.344000e+00	1.382000e+01	1.186000e+00
4.462402e+03	-6.040000e-01	-1.296000e+00	1.362800e+01	2.138000e+00
1.469579e+02	-6.040000e-01	-8.580000e-01	1.514000e+01	1.060000e+00
1.521407e+02	-5.920000e-01	-8.940000e-01	1.468400e+01	1.060000e+00
1.640857e+02	-5.920000e-01	-8.220000e-01	1.458800e+01	2.082000e+00
3.747876e+02	-5.920000e-01	-7.320000e-01	1.254800e+01	6.680000e-01
4.311641e+02	-5.920000e-01	-7.200000e-01	1.108400e+01	1.396000e+00
9.050875e+02	-5.920000e-01	-6.780000e-01	1.029200e+01	1.634000e+00
6.483349e+02	-5.800000e-01	-1.038000e+00	1.101200e+01	1.438000e+00
9.968850e+03	-5.800000e-01	-3.480000e-01	1.312400e+01	2.236000e+00
1.771671e+04	-5.800000e-01	-2.520000e-01	1.492400e+01	2.950000e+00
5.657969e+04	-5.800000e-01	-3.000000e-02	1.137200e+01	1.354000e+00
5.672987e+04	-5.800000e-01	-3.000000e-02	1.528400e+01	2.306000e+00
6.772771e+03	-5.680000e-01	-1.416000e+00	1.146800e+01	1.438000e+00
3.960554e+03	-5.680000e-01	-1.272000e+00	1.106000e+01	1.004000e+00
6.509490e+02	-5.680000e-01	-1.026000e+00	1.475600e+01	1.410000e+00
1.300526e+02	-5.680000e-01	-8.400000e-01	1.274000e+01	1.746000e+00
8.132009e+03	-5.680000e-01	-4.020000e-01	1.031600e+01	2.782000e+00
4.401187e+02	-5.560000e-01	-7.200000e-01	1.499600e+01	7.240000e-01
4.673888e+02	-5.560000e-01	-7.140000e-01	1.518800e+01	2.054000e+00
6.841918e+03	-5.560000e-01	-4.140000e-01	1.252400e+01	3.202000e+00
2.032015e+04	-5.560000e-01	-2.280000e-01	1.120400e+01	3.146000e+00
2.514247e+04	-5.560000e-01	-1.920000e-01	1.168400e+01	6.260000e-01
5.526382e+03	-5.440000e-01	-1.350000e+00	1.348400e+01	5.420000e-01
1.683059e+02	-5.440000e-01	-9.300000e-01	1.019600e+01	3.034000e+00
1.101713e+02	-5.440000e-01	-9.240000e-01	1.113200e+01	3.636000e+00
3.204157e+03	-5.440000e-01	-5.160000e-01	1.288400e+01	2.852000e+00
1.538737e+04	-5.440000e-01	-2.760000e-01	1.528400e+01	2.670000e+00
2.495221e+03	-5.320000e-01	-1.182000e+00	1.420400e+01	2.096000e+00
5.066342e+02	-5.320000e-01	-1.008000e+00	1.262000e+01	6.260000e-01
3.376546e+02	-5.320000e-01	-9.840000e-01	1.185200e+01	1.074000e+00
1.394341e+02	-5.320000e-01	-8.340000e-01	1.266800e+01	1.130000e+00
1.141664e+04	-5.320000e-01	-3.240000e-01	1.533200e+01	7.520000e-01
4.398638e+03	-5.200000e-01	-1.320000e+00	1.302800e+01	3.986000e+00
1.080108e+03	-5.200000e-01	-1.092000e+00	9.908000e+00	1.438000e+00
1.683111e+02	-5.200000e-01	-9.360000e-01	1.463600e+01	3.566000e+00
7.109706e+02	-5.200000e-01	-6.780000e-01	1.444400e+01	3.076000e+00
3.962598e+04	-5.200000e-01	-9.000000e-02	9.908000e+00	1.704000e+00
4.243645e+03	-5.080000e-01	-1.284000e+00	1.269200e+01	1.298000e+00
2.279343e+03	-5.080000e-01	-1.224000e+00	1.096400e+01	3.468000e+00
9.112513e+02	-5.080000e-01	-1.056000e+00	1.432400e+01	6.120000e-01
1.661496e+03	-5.080000e-01	-5.880000e-01	1.247600e+01	1.802000e+00
3.630541e+04	-5.080000e-01	-1.200000e-01	1.240400e+01	2.432000e+00
5.636872e+03	-4.960000e-01	-1.356000e+00	1.449200e+01	2.012000e+00
5.377856e+03	-4.960000e-01	-1.344000e+00	1.463600e+01	2.558000e+00
9.086175e+02	-4.960000e-01	-1.056000e+00	1.367600e+01	1.046000e+00
5.349947e+02	-4.960000e-01	-1.032000e+00	1.319600e+01	3.650000e+00
1.710606e+02	-4.960000e-01	-9.600000e-01	1.017200e+01	2.908000e+00
8.296081e+03	-4.840000e-01	-1.488000e+00	1.317200e+01	1.452000e+00
5.617911e+03	-4.840000e-01	-1.362000e+00	1.204400e+01	2.166000e+00
1.479059e+04	-4.840000e-01	-2.820000e-01	1.492400e+01	1.340000e+00
5.270113e+04	-4.840000e-01	-4.200000e-02	1.216400e+01	2.488000e+00
5.284657e+04	-4.840000e-01	-4.200000e-02	1.266800e+01	2.656000e+00
3.676482e+03	-4.720000e-01	-1.332000e+00	1.091600e+01	3.804000e+00
1.601946e+02	-4.720000e-01	-9.120000e-01	1.540400e+01	2.558000e+00
6.677860e+03	-4.720000e-01	-4.080000e-01	1.530800e+01	2.824000e+00
1.270687e+04	-4.720000e-01	-3.120000e-01	1.180400e+01	1.592000e+00
3.571168e+04	-4.720000e-01	-1.260000e-01	1.142000e+01	1.690000e+00
8.152389e+03	-4.600000e-01	-1.494000e+00	1.336400e+01	3.202000e+00
6.115964e+02	-4.600000e-01	-6.900000e-01	1.271600e+01	2.110000e+00
1.376206e+03	-4.600000e-01	-6.060000e-01	1.410800e+01	1.564000e+00
4.320826e+03	-4.600000e-01	-5.460000e-01	1.058000e+01	3.916000e+00
1.051084e+04	-4.600000e-01	-3.420000e-01	1.228400e+01	1.830000e+00
3.879336e+03	-4.480000e-01	-1.320000e+00	1.163600e+01	3.804000e+00
1.404376e+02	-4.480000e-01	-8.580000e-01	1.434800e+01	1.774000e+00
4.443867e+02	-4.480000e-01	-7.260000e-01	1.058000e+01	1.102000e+00
2.120307e+03	-4.480000e-01	-6.000000e-01	1.041200e+01	1.886000e+00
3.954825e+03	-4.480000e-01	-4.860000e-01	1.442000e+01	3.286000e+00
1.272748e+03	-4.360000e-01	-1.194000e+00	1.000400e+01	3.524000e+00
3.478399e+02	-4.360000e-01	-8.820000e-01	9.812000e+00	6.540000e-01
9.826517e+02	-4.360000e-01	-6.480000e-01	1.509200e+01	3.538000e+00
7.333669e+03	-4.360000e-01	-3.960000e-01	1.442000e+01	2.810000e+00
1.143094e+04	-4.360000e-01	-3.240000e-01	1.403600e+01	8.780000e-01
4.845865e+03	-4.240000e-01	-1.338000e+00	1.043600e+01	1.816000e+00
2.287634e+02	-4.240000e-01	-9.480000e-01	1.482800e+01	1.956000e+00
4.039709e+02	-4.240000e-01	-7.320000e-01	1.168400e+01	2.026000e+00
3.031244e+03	-4.240000e-01	-5.520000e-01	1.055600e+01	1.942000e+00
5.283119e+03	-4.240000e-01	-4.920000e-01	1.007600e+01	1.998000e+00
3.989748e+03	-4.120000e-01	-1.272000e+00	1.247600e+01	1.718000e+00
7.462521e+02	-4.120000e-01	-1.038000e+00	1.506800e+01	1.858000e+00
1.039977e+02	-4.120000e-01	-9.000000e-01	1.146800e+01	7.520000e-01
2.944580e+03	-4.120000e-01	-5.460000e-01	1.206800e+01	3.104000e+00
1.707934e+04	-4.120000e-01	-2.580000e-01	1.346000e+01	8.780000e-01
7.597031e+02	-4.000000e-01	-1.074000e+00	1.240400e+01	3.594000e+00
8.620380e+02	-4.000000e-01	-1.056000e+00	1.372400e+01	2.600000e+00
3.711763e+02	-4.000000e-01	-1.044000e+00	9.620000e+00	3.706000e+00
2.620032e+03	-4.000000e-01	-5.400000e-01	1.394000e+01	3.062000e+00
1.932978e+04	-4.000000e-01	-2.400000e-01	1.526000e+01	3.678000e+00
4.632647e+03	-3.880000e-01	-1.332000e+00	1.163600e+01	2.838000e+00
1.054315e+03	-3.880000e-01	-1.074000e+00	1.264400e+01	1.648000e+00
3.120741e+02	-3.880000e-01	-1.062000e+00	1.082000e+01	3.916000e+00
2.840157e+02	-3.880000e-01	-9.840000e-01	1.362800e+01	3.398000e+00
1.646669e+03	-3.880000e-01	-5.940000e-01	1.367600e+01	2.866000e+00
5.970905e+03	-3.760000e-01	-1.374000e+00	1.259600e+01	1.508000e+00
2.524276e+03	-3.760000e-01	-1.218000e+00	1.247600e+01	3.678000e+00
6.213802e+02	-3.760000e-01	-1.068000e+00	1.180400e+01	3.468000e+00
8.558823e+02	-3.760000e-01	-8.220000e-01	9.596000e+00	8.920000e-01
1.598690e+04	-3.760000e-01	-2.700000e-01	1.310000e+01	1.270000e+00
5.189130e+03	-3.640000e-01	-1.368000e+00	1.156400e+01	2.964000e+00
2.093717e+03	-3.640000e-01	-1.188000e+00	1.281200e+01	3.846000e+00
1.507912e+03	-3.640000e-01	-1.116000e+00	1.276400e+01	2.152000e+00
1.328062e+02	-3.640000e-01	-9.240000e-01	1.043600e+01	2.096000e+00
5.076827e+03	-3.640000e-01	-5.160000e-01	1.026800e+01	2.530000e+00
7.307573e+03	-3.520000e-01	-1.458000e+00	9.956000e+00	1.144000e+00
4.691214e+03	-3.520000e-01	-1.314000e+00	1.473200e+01	3.342000e+00
2.839144e+02	-3.520000e-01	-9.720000e-01	1.406000e+01	2.726000e+00
1.929742e+03	-3.520000e-01	-5.700000e-01	1.379600e+01	2.110000e+00
4.170477e+03	-3.520000e-01	-4.980000e-01	1.312400e+01	3.734000e+00
8.065231e+03	-3.400000e-01	-1.482000e+00	1.482800e+01	3.174000e+00
3.553064e+02	-3.400000e-01	-7.680000e-01	1.283600e+01	3.650000e+00
7.261137e+02	-3.400000e-01	-6.720000e-01	1.492400e+01	6.120000e-01
3.603804e+03	-3.400000e-01	-5.280000e-01	1.278800e+01	3.916000e+00
1.645409e+04	-3.400000e-01	-2.760000e-01	1.290800e+01	3.090000e+00
7.764133e+03	-3.280000e-01	-1.464000e+00	1.298000e+01	1.970000e+00
7.719860e+03	-3.280000e-01	-1.464000e+00	1.523600e+01	3.230000e+00
1.438336e+02	-3.280000e-01	-9.480000e-01	1.079600e+01	9.340000e-01
2.766428e+02	-3.280000e-01	-9.240000e-01	1.010000e+01	2.054000e+00
2.375568e+02	-3.280000e-01	-7.680000e-01	1.214000e+01	1.914000e+00
4.552029e+03	-3.160000e-01	-1.434000e+00	9.740000e+00	3.160000e+00
6.883013e+03	-3.160000e-01	-1.422000e+00	1.425200e+01	2.754000e+00
1.505876e+03	-3.160000e-01	-1.116000e+00	1.118000e+01	8.080000e-01
1.226211e+02	-3.160000e-01	-8.820000e-01	1.540400e+01	3.818000e+00
2.265388e+04	-3.160000e-01	-2.100000e-01	1.276400e+01	1.214000e+00
5.657372e+02	-3.040000e-01	-7.920000e-01	1.010000e+01	1.102000e+00
1.196967e+03	-3.040000e-01	-7.380000e-01	1.094000e+01	3.692000e+00
1.681033e+03	-3.040000e-01	-5.880000e-01	1.216400e+01	1.620000e+00
4.711528e+03	-3.040000e-01	-5.100000e-01	1.209200e+01	3.958000e+00
6.309552e+03	-3.040000e-01	-4.920000e-01	1.034000e+01	2.642000e+00
3.030573e+02	-2.920000e-01	-1.014000e+00	1.185200e+01	3.104000e+00
7.810456e+03	-2.920000e-01	-3.840000e-01	1.427600e+01	1.830000e+00
1.330558e+04	-2.920000e-01	-3.000000e-01	1.314800e+01	9.340000e-01
4.662281e+04	-2.920000e-01	-8.400000e-02	9.932000e+00	2.138000e+00
6.416395e+04	-2.920000e-01	-6.000000e-03	1.089200e+01	2.516000e+00
8.126011e+03	-2.800000e-01	-1.488000e+00	1.386800e+01	2.978000e+00
7.916729e+02	-2.800000e-01	-1.056000e+00	1.074800e+01	1.130000e+00
8.636636e+01	-2.800000e-01	-8.460000e-01	1.122800e+01	1.242000e+00
1.826836e+02	-2.800000e-01	-8.100000e-01	1.494800e+01	1.326000e+00
1.980246e+04	-2.800000e-01	-2.340000e-01	1.286000e+01	1.298000e+00
3.497792e+03	-2.680000e-01	-1.242000e+00	1.480400e+01	1.410000e+00
4.828377e+02	-2.680000e-01	-1.002000e+00	1.523600e+01	7.240000e-01
2.206922e+02	-2.680000e-01	-9.480000e-01	1.305200e+01	8.080000e-01
2.872852e+03	-2.680000e-01	-6.780000e-01	1.038800e+01	3.916000e+00
4.368005e+03	-2.680000e-01	-4.680000e-01	1.161200e+01	5.560000e-01
4.916524e+03	-2.560000e-01	-1.422000e+00	1.002800e+01	2.894000e+00
1.437846e+03	-2.560000e-01	-7.380000e-01	1.079600e+01	3.692000e+00
5.235828e+02	-2.560000e-01	-7.020000e-01	1.396400e+01	1.704000e+00
4.453634e+03	-2.560000e-01	-4.800000e-01	1.146800e+01	1.690000e+00
3.574995e+04	-2.560000e-01	-1.500000e-01	9.956000e+00	1.606000e+00
8.274911e+03	-2.440000e-01	-1.494000e+00	1.122800e+01	1.284000e+00
6.484151e+03	-2.440000e-01	-1.398000e+00	1.398800e+01	5.840000e-01
3.927083e+03	-2.440000e-01	-1.266000e+00	1.535600e+01	7.240000e-01
1.118287e+03	-2.440000e-01	-1.080000e+00	1.353200e+01	2.124000e+00
2.825783e+03	-2.440000e-01	-5.820000e-01	1.166000e+01	3.258000e+00
6.169576e+03	-2.320000e-01	-1.392000e+00	1.079600e+01	1.172000e+00
6.016248e+03	-2.320000e-01	-1.386000e+00	1.374800e+01	3.104000e+00
1.649167e+03	-2.320000e-01	-1.122000e+00	1.374800e+01	1.046000e+00
5.711639e+02	-2.320000e-01	-1.020000e+00	1.276400e+01	1.480000e+00
7.318424e+03	-2.320000e-01	-3.960000e-01	1.252400e+01	1.396000e+00
8.529852e+03	-2.200000e-01	-1.500000e+00	1.408400e+01	1.900000e+00
1.356919e+03	-2.200000e-01	-1.098000e+00	1.497200e+01	6.960000e-01
1.117683e+03	-2.200000e-01	-6.420000e-01	1.389200e+01	3.272000e+00
1.195954e+04	-2.200000e-01	-3.420000e-01	1.242800e+01	3.062000e+00
1.590171e+04	-2.200000e-01	-3.240000e-01	1.074800e+01	2.768000e+00
7.668743e+03	-2.080000e-01	-1.458000e+00	1.252400e+01	9.060000e-01
4.054459e+03	-2.080000e-01	-1.290000e+00	1.041200e+01	1.452000e+00
3.417148e+03	-2.080000e-01	-1.266000e+00	1.096400e+01	2.194000e+00
1.024742e+02	-2.080000e-01	-8.760000e-01	1.286000e+01	1.844000e+00
1.807301e+03	-2.080000e-01	-5.760000e-01	1.329200e+01	1.508000e+00
5.762340e+03	-1.960000e-01	-1.362000e+00	1.473200e+01	1.424000e+00
1.371602e+03	-1.960000e-01	-1.104000e+00	1.235600e+01	1.508000e+00
1.318357e+03	-1.960000e-01	-1.098000e+00	1.485200e+01	2.754000e+00
6.101491e+03	-1.960000e-01	-4.320000e-01	1.466000e+01	3.594000e+00
3.670462e+04	-1.960000e-01	-1.320000e-01	1.274000e+01	3.118000e+00
1.810032e+03	-1.840000e-01	-1.134000e+00	1.547600e+01	1.270000e+00
4.045676e+02	-1.840000e-01	-9.900000e-01	1.324400e+01	5.140000e-01
1.694934e+02	-1.840000e-01	-8.220000e-01	1.504400e+01	1.018000e+00
1.374652e+03	-1.840000e-01	-6.540000e-01	1.214000e+01	3.188000e+00
4.970983e+04	-1.840000e-01	-7.200000e-02	1.257200e+01	3.524000e+00
7.581139e+03	-1.720000e-01	-1.482000e+00	1.142000e+01	2.418000e+00
3.882787e+03	-1.720000e-01	-1.278000e+00	1.048400e+01	1.410000e+00
4.117090e+03	-1.720000e-01	-1.278000e+00	1.278800e+01	1.354000e+00
1.029175e+03	-1.720000e-01	-1.068000e+00	1.502000e+01	5.980000e-01
1.658303e+04	-1.720000e-01	-2.880000e-01	1.324400e+01	3.748000e+00
6.686024e+03	-1.600000e-01	-1.482000e+00	1.151600e+01	3.482000e+00
3.072518e+03	-1.600000e-01	-1.242000e+00	1.091600e+01	2.012000e+00
1.121267e+03	-1.600000e-01	-1.068000e+00	9.548000e+00	2.614000e+00
7.191325e+02	-1.600000e-01	-6.720000e-01	1.372400e+01	1.816000e+00
1.229524e+03	-1.600000e-01	-6.180000e-01	1.480400e+01	1.620000e+00
1.481212e+02	-1.480000e-01	-8.880000e-01	1.408400e+01	8.640000e-01
1.948985e+03	-1.480000e-01	-8.100000e-01	1.022000e+01	3.972000e+00
4.405426e+03	-1.480000e-01	-5.940000e-01	1.022000e+01	2.390000e+00
1.495944e+04	-1.480000e-01	-3.900000e-01	1.002800e+01	2.796000e+00
2.565265e+04	-1.480000e-01	-1.860000e-01	1.427600e+01	5.140000e-01
1.351713e+03	-1.360000e-01	-1.098000e+00	1.470800e+01	1.760000e+00
1.188071e+03	-1.360000e-01	-8.460000e-01	1.034000e+01	3.412000e+00
1.324956e+04	-1.360000e-01	-3.060000e-01	1.523600e+01	3.188000e+00
2.401646e+04	-1.360000e-01	-1.980000e-01	1.446800e+01	8.500000e-01
4.385558e+04	-1.360000e-01	-8.400000e-02	1.410800e+01	1.256000e+00
2.820245e+02	-1.240000e-01	-7.620000e-01	1.473200e+01	1.172000e+00
7.690521e+02	-1.240000e-01	-7.260000e-01	1.072400e+01	1.130000e+00
6.165552e+03	-1.240000e-01	-4.200000e-01	1.233200e+01	5.980000e-01
7.115571e+03	-1.240000e-01	-4.080000e-01	1.530800e+01	3.720000e+00
1.854224e+04	-1.240000e-01	-2.520000e-01	1.187600e+01	1.340000e+00
4.470603e+03	-1.120000e-01	-1.446000e+00	1.055600e+01	3.832000e+00
4.024698e+03	-1.120000e-01	-1.284000e+00	1.545200e+01	3.944000e+00
1.659648e+03	-1.120000e-01	-1.128000e+00	1.336400e+01	2.292000e+00
1.185515e+03	-1.120000e-01	-1.104000e+00	1.365200e+01	3.468000e+00
4.518377e+03	-1.120000e-01	-7.140000e-01	9.524000e+00	1.970000e+00
5.722622e+03	-1.000000e-01	-1.398000e+00	9.644000e+00	1.788000e+00
2.102787e+02	-1.000000e-01	-9.540000e-01	1.115600e+01	3.538000e+00
1.418660e+02	-1.000000e-01	-8.640000e-01	1.415600e+01	1.116000e+00
1.550824e+02	-1.000000e-01	-8.400000e-01	1.540400e+01	7.940000e-01
4.750148e+03	-1.000000e-01	-4.560000e-01	1.454000e+01	2.068000e+00
1.500730e+03	-8.800000e-02	-1.152000e+00	1.235600e+01	3.398000e+00
1.729900e+03	-8.800000e-02	-1.128000e+00	1.461200e+01	1.004000e+00
9.068395e+02	-8.800000e-02	-7.020000e-01	1.197200e+01	2.936000e+00
9.461353e+03	-8.800000e-02	-3.540000e-01	1.518800e+01	1.718000e+00
3.232049e+04	-8.800000e-02	-1.860000e-01	1.014800e+01	1.214000e+00
4.087515e+03	-7.600000e-02	-1.344000e+00	1.084400e+01	2.866000e+00
3.783316e+03	-7.600000e-02	-1.260000e+00	1.245200e+01	9.760000e-01
6.126235e+02	-7.600000e-02	-7.020000e-01	1.415600e+01	3.398000e+00
1.645562e+03	-7.600000e-02	-6.720000e-01	1.199600e+01	3.664000e+00
1.739400e+04	-7.600000e-02	-3.540000e-01	1.041200e+01	2.838000e+00
2.142679e+03	-6.400000e-02	-1.158000e+00	1.346000e+01	5.840000e-01
2.681834e+02	-6.400000e-02	-9.660000e-01	1.439600e+01	2.446000e+00
2.846646e+03	-6.400000e-02	-6.180000e-01	1.043600e+01	1.424000e+00
2.405986e+03	-6.400000e-02	-5.520000e-01	1.437200e+01	3.034000e+00
3.391112e+04	-6.400000e-02	-1.800000e-01	1.202000e+01	3.860000e+00
6.520411e+03	-5.200000e-02	-1.440000e+00	1.322000e+01	3.804000e+00
2.550453e+03	-5.200000e-02	-6.300000e-01	1.125200e+01	2.894000e+00
4.085332e+03	-5.200000e-02	-4.860000e-01	1.178000e+01	1.228000e+00
1.337667e+04	-5.200000e-02	-3.000000e-01	1.463600e+01	1.942000e+00
2.172666e+04	-5.200000e-02	-2.700000e-01	1.168400e+01	3.272000e+00
9.304592e+01	-4.000000e-02	-8.700000e-01	1.348400e+01	2.936000e+00
5.538128e+02	-4.000000e-02	-7.080000e-01	1.353200e+01	2.894000e+00
5.841196e+04	-4.000000e-02	-1.020000e-01	9.596000e+00	2.782000e+00
5.791671e+04	-4.000000e-02	-6.000000e-02	9.884000e+00	7.100000e-01
5.186960e+04	-4.000000e-02	-5.400000e-02	1.360400e+01	2.166000e+00
5.543210e+02	-2.800000e-02	-8.700000e-01	1.079600e+01	8.360000e-01
1.123557e+03	-2.800000e-02	-6.300000e-01	1.360400e+01	2.110000e+00
1.102323e+04	-2.800000e-02	-3.300000e-01	1.485200e+01	1.522000e+00
1.280216e+04	-2.800000e-02	-3.120000e-01	1.480400e+01	2.852000e+00
6.037064e+04	-2.800000e-02	-1.800000e-02	1.514000e+01	1.144000e+00
2.378176e+03	-1.600000e-02	-1.188000e+00	9.788000e+00	2.194000e+00
4.090398e+02	-1.600000e-02	-9.960000e-01	1.204400e+01	1.354000e+00
2.833344e+02	-1.600000e-02	-7.620000e-01	1.516400e+01	1.046000e+00
5.724553e+03	-1.600000e-02	-5.700000e-01	1.062800e+01	2.880000e+00
6.522186e+04	-1.600000e-02	-9.000000e-02	9.644000e+00	3.888000e+00
3.660913e+03	-4.000000e-03	-1.308000e+00	1.082000e+01	2.600000e+00
8.647258e+01	-4.000000e-03	-8.640000e-01	1.271600e+01	2.180000e+00
1.285320e+04	-4.000000e-03	-3.180000e-01	1.194800e+01	1.466000e+00
1.692388e+04	-4.000000e-03	-3.000000e-01	1.257200e+01	3.342000e+00
3.079352e+04	-4.000000e-03	-2.340000e-01	1.077200e+01	3.104000e+00
3.399129e+03	8.000000e-03	-7.920000e-01	9.980000e+00	3.104000e+00
6.113268e+03	8.000000e-03	-4.200000e-01	1.394000e+01	1.536000e+00
1.271405e+04	8.000000e-03	-3.960000e-01	1.029200e+01	1.466000e+00
1.576545e+04	8.000000e-03	-2.940000e-01	1.360400e+01	3.314000e+00
4.082663e+04	8.000000e-03	-1.140000e-01	1.298000e+01	2.754000e+00
2.075469e+03	2.000000e-02	-1.170000e+00	9.500000e+00	2.922000e+00
2.322026e+02	2.000000e-02	-1.002000e+00	1.242800e+01	3.174000e+00
1.640062e+03	2.000000e-02	-7.980000e-01	1.086800e+01	3.664000e+00
3.963002e+04	2.000000e-02	-1.320000e-01	1.190000e+01	2.474000e+00
4.285577e+04	2.000000e-02	-1.260000e-01	1.067600e+01	1.494000e+00
6.228164e+02	3.200000e-02	-6.900000e-01	1.473200e+01	2.838000e+00
1.079467e+03	3.200000e-02	-6.540000e-01	1.370000e+01	3.286000e+00
1.946718e+03	3.200000e-02	-6.000000e-01	1.418000e+01	3.958000e+00
1.800518e+03	3.200000e-02	-5.760000e-01	1.396400e+01	5.140000e-01
2.457081e+04	3.200000e-02	-2.820000e-01	1.072400e+01	2.698000e+00
8.286904e+03	4.400000e-02	-1.488000e+00	1.521200e+01	2.222000e+00
3.818058e+03	4.400000e-02	-1.260000e+00	1.461200e+01	6.540000e-01
9.736871e+02	4.400000e-02	-1.146000e+00	1.050800e+01	3.244000e+00
2.115540e+03	4.400000e-02	-9.360000e-01	9.980000e+00	3.510000e+00
1.445106e+03	4.400000e-02	-6.420000e-01	1.317200e+01	3.482000e+00
3.365140e+03	5.600000e-02	-1.236000e+00	1.370000e+01	1.844000e+00
1.643920e+03	5.600000e-02	-1.122000e+00	1.410800e+01	1.536000e+00
5.055556e+03	5.600000e-02	-5.640000e-01	1.146800e+01	3.454000e+00
3.281438e+04	5.600000e-02	-1.920000e-01	1.094000e+01	2.026000e+00
5.935408e+04	5.600000e-02	-4.800000e-02	1.036400e+01	5.280000e-01
5.330300e+03	6.800000e-02	-1.350000e+00	1.502000e+01	3.398000e+00
2.381666e+02	6.800000e-02	-8.160000e-01	1.343600e+01	3.986000e+00
1.025515e+03	6.800000e-02	-7.920000e-01	1.132400e+01	3.314000e+00
7.612297e+02	6.800000e-02	-6.660000e-01	1.338800e+01	8.780000e-01
6.057729e+03	6.800000e-02	-5.040000e-01	1.173200e+01	3.118000e+00
3.807767e+03	8.000000e-02	-1.260000e+00	1.542800e+01	2.152000e+00
5.445371e+02	8.000000e-02	-1.038000e+00	1.331600e+01	3.160000e+00
5.232189e+03	8.000000e-02	-4.440000e-01	1.326800e+01	1.522000e+00
7.237773e+03	8.000000e-02	-3.960000e-01	1.528400e+01	2.250000e+00
4.580141e+04	8.000000e-02	-8.400000e-02	1.252400e+01	1.676000e+00
8.359986e+03	9.200000e-02	-1.500000e+00	1.223600e+01	1.886000e+00
7.616567e+03	9.200000e-02	-1.452000e+00	1.202000e+01	8.500000e-01
5.583046e+02	9.200000e-02	-6.960000e-01	1.444400e+01	1.830000e+00
2.760835e+03	9.200000e-02	-5.340000e-01	1.238000e+01	1.102000e+00
5.343119e+04	9.200000e-02	-1.200000e-01	1.084400e+01	3.146000e+00
3.869210e+03	1.040000e-01	-1.434000e+00	1.048400e+01	3.748000e+00
4.309563e+03	1.040000e-01	-1.314000e+00	1.170800e+01	2.404000e+00
8.392624e+02	1.040000e-01	-6.840000e-01	1.242800e+01	2.376000e+00
3.647247e+03	1.040000e-01	-4.980000e-01	1.422800e+01	2.642000e+00
4.982967e+03	1.040000e-01	-4.620000e-01	1.281200e+01	2.068000e+00
7.332251e+03	1.160000e-01	-1.440000e+00	1.446800e+01	1.032000e+00
6.682615e+03	1.160000e-01	-1.428000e+00	1.091600e+01	1.872000e+00
8.723139e+02	1.160000e-01	-1.122000e+00	1.067600e+01	3.244000e+00
5.660341e+02	1.160000e-01	-6.960000e-01	1.451600e+01	7.100000e-01
2.989498e+03	1.160000e-01	-5.160000e-01	1.389200e+01	1.550000e+00
1.301298e+03	1.280000e-01	-6.120000e-01	1.446800e+01	7.380000e-01
5.135684e+03	1.280000e-01	-4.440000e-01	1.511600e+01	1.760000e+00
8.312417e+03	1.280000e-01	-3.960000e-01	1.343600e+01	2.880000e+00
1.071942e+04	1.280000e-01	-3.420000e-01	1.458800e+01	2.726000e+00
5.523856e+04	1.280000e-01	-9.600000e-02	1.014800e+01	1.004000e+00
3.743285e+03	1.400000e-01	-9.180000e-01	9.836000e+00	2.334000e+00
1.345356e+02	1.400000e-01	-9.120000e-01	1.348400e+01	1.774000e+00
2.146232e+04	1.400000e-01	-4.380000e-01	9.764000e+00	2.320000e+00
8.718088e+03	1.400000e-01	-3.720000e-01	1.379600e+01	2.068000e+00
6.117949e+04	1.400000e-01	-1.800000e-02	1.391600e+01	1.746000e+00
7.089137e+03	1.520000e-01	-1.428000e+00	1.458800e+01	1.074000e+00
4.228570e+03	1.520000e-01	-1.284000e+00	1.307600e+01	1.270000e+00
4.858681e+02	1.520000e-01	-1.026000e+00	1.478000e+01	3.818000e+00
2.331924e+02	1.520000e-01	-7.800000e-01	1.478000e+01	1.480000e+00
1.089603e+04	1.520000e-01	-3.360000e-01	1.269200e+01	6.400000e-01
7.697286e+03	1.640000e-01	-1.494000e+00	1.106000e+01	2.194000e+00
7.450400e+03	1.640000e-01	-1.446000e+00	1.242800e+01	8.500000e-01
2.946364e+02	1.640000e-01	-9.660000e-01	1.415600e+01	8.500000e-01
2.978563e+04	1.640000e-01	-3.600000e-01	9.812000e+00	2.558000e+00
4.462931e+04	1.640000e-01	-1.560000e-01	1.038800e+01	1.522000e+00
7.293834e+03	1.760000e-01	-1.440000e+00	1.451600e+01	2.236000e+00
9.233614e+03	1.760000e-01	-4.020000e-01	1.115600e+01	9.340000e-01
2.904965e+04	1.760000e-01	-3.720000e-01	1.002800e+01	3.300000e+00
9.676822e+03	1.760000e-01	-3.660000e-01	1.211600e+01	5.840000e-01
6.144653e+04	1.760000e-01	-2.400000e-02	1.322000e+01	2.138000e+00
3.403787e+03	1.880000e-01	-1.086000e+00	1.067600e+01	6.960000e-01
4.524853e+02	1.880000e-01	-1.020000e+00	1.511600e+01	3.930000e+00
1.534100e+03	1.880000e-01	-6.240000e-01	1.322000e+01	2.978000e+00
1.757802e+04	1.880000e-01	-3.360000e-01	1.206800e+01	3.496000e+00
1.893170e+04	1.880000e-01	-2.460000e-01	1.547600e+01	2.936000e+00
4.581268e+03	2.000000e-01	-1.302000e+00	1.319600e+01	5.280000e-01
7.454378e+03	2.000000e-01	-5.520000e-01	1.139600e+01	3.706000e+00
2.413405e+04	2.000000e-01	-5.100000e-01	9.548000e+00	3.202000e+00
3.277934e+04	2.000000e-01	-1.800000e-01	1.190000e+01	2.264000e+00
3.907135e+04	2.000000e-01	-1.560000e-01	1.060400e+01	7.100000e-01
6.617531e+03	2.120000e-01	-1.446000e+00	1.319600e+01	3.580000e+00
2.453244e+03	2.120000e-01	-1.230000e+00	1.199600e+01	3.118000e+00
3.072106e+02	2.120000e-01	-9.780000e-01	1.302800e+01	1.578000e+00
1.032928e+02	2.120000e-01	-8.580000e-01	1.307600e+01	1.914000e+00
6.110293e+03	2.120000e-01	-4.200000e-01	1.492400e+01	1.872000e+00
8.003786e+03	2.240000e-01	-1.476000e+00	1.468400e+01	2.446000e+00
3.122106e+03	2.240000e-01	-1.224000e+00	1.408400e+01	2.348000e+00
5.832057e+02	2.240000e-01	-1.026000e+00	1.528400e+01	3.216000e+00
9.374072e+03	2.240000e-01	-5.460000e-01	1.125200e+01	3.986000e+00
2.480675e+04	2.240000e-01	-2.160000e-01	1.259600e+01	2.208000e+00
8.031011e+03	2.360000e-01	-1.476000e+00	1.305200e+01	1.130000e+00
7.087300e+03	2.360000e-01	-1.254000e+00	1.060400e+01	6.120000e-01
6.513029e+03	2.360000e-01	-1.242000e+00	1.065200e+01	6.120000e-01
4.062407e+02	2.360000e-01	-1.014000e+00	1.300400e+01	2.670000e+00
1.077617e+02	2.360000e-01	-8.760000e-01	1.444400e+01	2.810000e+00
5.882456e+03	2.480000e-01	-1.368000e+00	1.504400e+01	5.700000e-01
8.135404e+02	2.480000e-01	-6.600000e-01	1.384400e+01	8.220000e-01
8.628411e+03	2.480000e-01	-4.140000e-01	1.142000e+01	6.260000e-01
1.140442e+04	2.480000e-01	-3.540000e-01	1.451600e+01	3.804000e+00
5.481860e+04	2.480000e-01	-4.200000e-02	1.300400e+01	1.060000e+00
7.156867e+02	2.600000e-01	-9.960000e-01	1.247600e+01	5.840000e-01
1.070064e+03	2.600000e-01	-6.900000e-01	1.302800e+01	3.412000e+00
4.753068e+03	2.600000e-01	-4.560000e-01	1.358000e+01	1.354000e+00
6.891542e+03	2.600000e-01	-4.440000e-01	1.274000e+01	2.768000e+00
1.903258e+04	2.600000e-01	-2.580000e-01	1.542800e+01	3.888000e+00
1.611699e+03	2.720000e-01	-1.122000e+00	1.454000e+01	2.362000e+00
1.206872e+03	2.720000e-01	-1.020000e+00	1.156400e+01	1.368000e+00
1.724253e+02	2.720000e-01	-9.240000e-01	1.293200e+01	1.116000e+00
4.162133e+03	2.720000e-01	-5.280000e-01	1.178000e+01	9.900000e-01
4.194267e+04	2.720000e-01	-3.300000e-01	9.932000e+00	3.440000e+00
4.634941e+03	2.840000e-01	-1.344000e+00	1.247600e+01	3.076000e+00
1.955800e+03	2.840000e-01	-1.146000e+00	1.466000e+01	2.054000e+00
9.447330e+02	2.840000e-01	-6.840000e-01	1.413200e+01	3.846000e+00
4.449972e+03	2.840000e-01	-5.340000e-01	1.163600e+01	9.340000e-01
2.128133e+04	2.840000e-01	-2.220000e-01	1.346000e+01	1.116000e+00
2.250067e+03	2.960000e-01	-1.200000e+00	1.420400e+01	3.986000e+00
4.338982e+03	2.960000e-01	-1.146000e+00	9.764000e+00	2.852000e+00
1.157264e+04	2.960000e-01	-3.240000e-01	1.341200e+01	1.018000e+00
2.970544e+04	2.960000e-01	-1.680000e-01	1.518800e+01	3.020000e+00
4.014517e+04	2.960000e-01	-1.080000e-01	1.504400e+01	2.740000e+00
6.417376e+03	3.080000e-01	-1.386000e+00	1.238000e+01	7.660000e-01
4.468695e+03	3.080000e-01	-1.296000e+00	1.338800e+01	8.780000e-01
3.549697e+03	3.080000e-01	-1.248000e+00	1.434800e+01	2.320000e+00
2.245214e+02	3.080000e-01	-9.660000e-01	1.331600e+01	2.222000e+00
3.863379e+03	3.080000e-01	-5.580000e-01	1.173200e+01	1.956000e+00
5.935787e+03	3.200000e-01	-1.356000e+00	1.187600e+01	1.228000e+00
3.455655e+03	3.200000e-01	-1.254000e+00	1.065200e+01	2.460000e+00
1.087384e+04	3.200000e-01	-4.260000e-01	1.130000e+01	1.900000e+00
1.845363e+04	3.200000e-01	-2.460000e-01	1.439600e+01	1.578000e+00
9.433744e+04	3.200000e-01	-4.800000e-02	1.000400e+01	2.222000e+00
7.911916e+03	3.320000e-01	-1.470000e+00	1.485200e+01	2.180000e+00
2.234607e+03	3.320000e-01	-1.290000e+00	1.098800e+01	3.664000e+00
2.732649e+03	3.320000e-01	-1.200000e+00	1.545200e+01	2.824000e+00
2.248571e+02	3.320000e-01	-9.600000e-01	1.317200e+01	1.788000e+00
2.214037e+02	3.320000e-01	-9.540000e-01	1.526000e+01	2.810000e+00
1.023457e+02	3.440000e-01	-9.420000e-01	1.305200e+01	2.992000e+00
1.803676e+04	3.440000e-01	-8.520000e-01	9.884000e+00	8.640000e-01
1.084266e+04	3.440000e-01	-4.620000e-01	1.221200e+01	3.930000e+00
2.591436e+04	3.440000e-01	-2.160000e-01	1.170800e+01	1.116000e+00
4.003127e+04	3.440000e-01	-1.020000e-01	1.386800e+01	5.560000e-01
1.468598e+04	3.560000e-01	-1.350000e+00	9.596000e+00	1.536000e+00
1.439036e+02	3.560000e-01	-8.640000e-01	1.545200e+01	1.466000e+00
4.566522e+02	3.560000e-01	-7.200000e-01	1.389200e+01	2.572000e+00
1.472538e+04	3.560000e-01	-6.180000e-01	1.010000e+01	1.914000e+00
2.140876e+04	3.560000e-01	-3.120000e-01	1.130000e+01	2.096000e+00
4.758106e+03	3.680000e-01	-1.332000e+00	1.185200e+01	2.306000e+00
3.078123e+03	3.680000e-01	-1.314000e+00	1.055600e+01	3.272000e+00
3.523270e+02	3.680000e-01	-1.014000e+00	1.182800e+01	3.748000e+00
1.437866e+04	3.680000e-01	-2.940000e-01	1.341200e+01	1.676000e+00
3.960050e+04	3.680000e-01	-2.280000e-01	1.132400e+01	3.146000e+00
9.799588e+03	3.800000e-01	-1.128000e+00	1.067600e+01	5.140000e-01
8.098946e+02	3.800000e-01	-1.128000e+00	1.175600e+01	3.650000e+00
1.379286e+02	3.800000e-01	-8.700000e-01	1.494800e+01	1.746000e+00
1.193198e+03	3.800000e-01	-7.440000e-01	1.228400e+01	3.328000e+00
1.488457e+04	3.800000e-01	-3.060000e-01	1.432400e+01	3.300000e+00
7.725077e+02	3.920000e-01	-1.044000e+00	1.456400e+01	2.208000e+00
8.828394e+01	3.920000e-01	-9.060000e-01	1.398800e+01	3.118000e+00
9.009372e+02	3.920000e-01	-8.700000e-01	1.194800e+01	1.438000e+00
2.801134e+02	3.920000e-01	-7.620000e-01	1.382000e+01	6.400000e-01
1.558635e+04	3.920000e-01	-5.640000e-01	1.070000e+01	3.804000e+00
1.106965e+03	4.040000e-01	-1.170000e+00	1.142000e+01	3.720000e+00
9.643122e+02	4.040000e-01	-7.200000e-01	1.238000e+01	1.256000e+00
3.365675e+03	4.040000e-01	-5.220000e-01	1.266800e+01	1.102000e+00
9.090800e+03	4.040000e-01	-3.600000e-01	1.530800e+01	1.494000e+00
7.312884e+04	4.040000e-01	-1.680000e-01	9.884000e+00	1.648000e+00
5.436946e+03	4.160000e-01	-1.494000e+00	1.098800e+01	3.580000e+00
6.385434e+03	4.160000e-01	-1.338000e+00	1.000400e+01	2.600000e+00
1.423498e+04	4.160000e-01	-1.032000e+00	9.812000e+00	1.564000e+00
1.073171e+04	4.160000e-01	-3.360000e-01	1.370000e+01	1.228000e+00
1.990701e+04	4.160000e-01	-3.300000e-01	1.110800e+01	1.270000e+00
1.316966e+04	4.280000e-01	-7.080000e-01	1.024400e+01	3.426000e+00
8.749682e+03	4.280000e-01	-6.540000e-01	1.070000e+01	1.564000e+00
8.639264e+02	4.280000e-01	-6.540000e-01	1.475600e+01	1.592000e+00
1.669172e+03	4.280000e-01	-6.000000e-01	1.401200e+01	2.768000e+00
4.019789e+04	4.280000e-01	-1.020000e-01	1.353200e+01	5.560000e-01
2.693073e+03	4.400000e-01	-1.194000e+00	1.456400e+01	8.360000e-01
3.828851e+02	4.400000e-01	-1.026000e+00	1.379600e+01	3.566000e+00
3.186628e+04	4.400000e-01	-1.800000e-01	1.187600e+01	7.800000e-01
2.905606e+04	4.400000e-01	-1.680000e-01	1.427600e+01	1.942000e+00
3.211801e+04	4.400000e-01	-1.440000e-01	1.492400e+01	5.420000e-01
7.105990e+03	4.520000e-01	-1.440000e+00	1.482800e+01	3.174000e+00
6.315571e+03	4.520000e-01	-1.368000e+00	1.072400e+01	2.278000e+00
4.935174e+03	4.520000e-01	-1.320000e+00	1.403600e+01	9.060000e-01
7.978395e+02	4.520000e-01	-1.008000e+00	1.175600e+01	2.418000e+00
5.842442e+04	4.520000e-01	-7.200000e-02	1.362800e+01	3.748000e+00
8.293063e+03	4.640000e-01	-1.428000e+00	1.007600e+01	2.488000e+00
4.531040e+03	4.640000e-01	-1.428000e+00	1.106000e+01	3.510000e+00
1.048967e+03	4.640000e-01	-9.360000e-01	1.163600e+01	3.790000e+00
1.792299e+04	4.640000e-01	-8.760000e-01	9.740000e+00	2.124000e+00
7.060711e+02	4.640000e-01	-7.020000e-01	1.286000e+01	1.830000e+00
4.973830e+03	4.760000e-01	-1.302000e+00	1.019600e+01	3.006000e+00
4.015468e+02	4.760000e-01	-7.320000e-01	1.394000e+01	2.586000e+00
4.954327e+02	4.760000e-01	-7.080000e-01	1.382000e+01	6.260000e-01
7.245527e+02	4.760000e-01	-6.720000e-01	1.420400e+01	2.026000e+00
1.126414e+04	4.760000e-01	-3.660000e-01	1.271600e+01	2.250000e+00
9.401038e+03	4.880000e-01	-1.332000e+00	1.132400e+01	1.032000e+00
4.283592e+03	4.880000e-01	-6.480000e-01	1.168400e+01	2.880000e+00
2.800150e+03	4.880000e-01	-6.360000e-01	1.209200e+01	2.502000e+00
6.864440e+04	4.880000e-01	-3.060000e-01	9.692000e+00	1.158000e+00
3.176691e+04	4.880000e-01	-2.220000e-01	1.310000e+01	3.762000e+00
7.637044e+03	5.000000e-01	-1.284000e+00	1.187600e+01	7.240000e-01
2.624475e+03	5.000000e-01	-1.200000e+00	1.528400e+01	3.328000e+00
1.663496e+02	5.000000e-01	-8.700000e-01	1.288400e+01	1.984000e+00
1.239230e+02	5.000000e-01	-8.580000e-01	1.329200e+01	1.606000e+00
3.500215e+04	5.000000e-01	-1.740000e-01	1.365200e+01	3.454000e+00
1.791711e+03	5.120000e-01	-1.140000e+00	1.226000e+01	2.236000e+00
5.834657e+03	5.120000e-01	-8.340000e-01	1.077200e+01	2.460000e+00
4.950978e+03	5.120000e-01	-7.980000e-01	1.115600e+01	3.860000e+00
5.506188e+03	5.120000e-01	-7.740000e-01	1.103600e+01	1.900000e+00
2.333954e+04	5.120000e-01	-2.040000e-01	1.478000e+01	1.480000e+00
9.911286e+02	5.240000e-01	-8.040000e-01	1.211600e+01	2.656000e+00
1.111895e+03	5.240000e-01	-6.300000e-01	1.523600e+01	2.362000e+00
1.936806e+03	5.240000e-01	-5.700000e-01	1.334000e+01	6.960000e-01
4.544303e+04	5.240000e-01	-7.800000e-02	1.391600e+01	9.760000e-01
4.585843e+04	5.240000e-01	-7.800000e-02	1.490000e+01	1.998000e+00
1.519049e+04	5.360000e-01	-1.434000e+00	1.134800e+01	7.380000e-01
4.019479e+03	5.360000e-01	-4.980000e-01	1.322000e+01	2.068000e+00
6.900797e+04	5.360000e-01	-1.860000e-01	1.094000e+01	3.580000e+00
3.479262e+04	5.360000e-01	-1.380000e-01	1.425200e+01	2.208000e+00
1.035886e+05	5.360000e-01	-6.600000e-02	1.014800e+01	1.312000e+00
4.347532e+03	5.480000e-01	-1.362000e+00	1.005200e+01	3.944000e+00
6.118823e+03	5.480000e-01	-1.338000e+00	1.070000e+01	2.544000e+00
3.950248e+03	5.480000e-01	-1.326000e+00	1.310000e+01	3.706000e+00
1.552380e+04	5.480000e-01	-4.800000e-01	1.118000e+01	9.200000e-01
5.858759e+04	5.480000e-01	-3.120000e-01	1.041200e+01	3.650000e+00
3.744005e+03	5.600000e-01	-1.404000e+00	1.144400e+01	3.930000e+00
6.492444e+03	5.600000e-01	-9.060000e-01	1.096400e+01	1.718000e+00
1.287491e+04	5.600000e-01	-8.520000e-01	1.022000e+01	2.894000e+00
1.040441e+02	5.600000e-01	-8.520000e-01	1.427600e+01	2.922000e+00
2.004329e+02	5.600000e-01	-7.980000e-01	1.473200e+01	1.060000e+00
2.065782e+03	5.720000e-01	-1.176000e+00	1.386800e+01	3.216000e+00
1.996237e+03	5.720000e-01	-1.170000e+00	1.127600e+01	3.258000e+00
4.426721e+03	5.720000e-01	-4.740000e-01	1.516400e+01	2.922000e+00
2.865100e+04	5.720000e-01	-1.680000e-01	1.497200e+01	1.886000e+00
6.249930e+04	5.720000e-01	-1.200000e-02	1.398800e+01	9.060000e-01
5.178371e+03	5.840000e-01	-1.338000e+00	1.509200e+01	2.838000e+00
1.464015e+04	5.840000e-01	-1.146000e+00	9.668000e+00	2.992000e+00
3.920087e+02	5.840000e-01	-9.840000e-01	1.230800e+01	3.384000e+00
8.752848e+02	5.840000e-01	-7.860000e-01	1.259600e+01	3.230000e+00
1.069807e+04	5.840000e-01	-3.360000e-01	1.355600e+01	7.660000e-01
2.175306e+02	5.960000e-01	-9.420000e-01	1.427600e+01	6.820000e-01
7.938170e+03	5.960000e-01	-7.440000e-01	1.115600e+01	3.846000e+00
2.025311e+03	5.960000e-01	-6.360000e-01	1.302800e+01	3.048000e+00
1.468837e+04	5.960000e-01	-6.000000e-01	1.098800e+01	1.368000e+00
3.444991e+04	5.960000e-01	-4.620000e-01	1.041200e+01	2.278000e+00
1.642310e+04	6.080000e-01	-1.200000e+00	1.065200e+01	1.186000e+00
8.703981e+02	6.080000e-01	-7.620000e-01	1.269200e+01	1.158000e+00
3.213021e+04	6.080000e-01	-6.360000e-01	1.002800e+01	2.740000e+00
8.477388e+03	6.080000e-01	-3.780000e-01	1.322000e+01	8.360000e-01
1.163523e+04	6.080000e-01	-3.780000e-01	1.430000e+01	3.972000e+00
4.122940e+03	6.200000e-01	-1.278000e+00	1.365200e+01	1.340000e+00
2.832065e+03	6.200000e-01	-1.212000e+00	1.156400e+01	2.810000e+00
3.914258e+03	6.200000e-01	-4.920000e-01	1.314800e+01	7.380000e-01
2.493844e+04	6.200000e-01	-1.920000e-01	1.442000e+01	1.214000e+00
3.213165e+04	6.200000e-01	-1.740000e-01	1.312400e+01	2.180000e+00
2.556159e+03	6.320000e-01	-1.194000e+00	1.367600e+01	2.390000e+00
1.186800e+02	6.320000e-01	-8.880000e-01	1.487600e+01	2.572000e+00
8.423220e+03	6.320000e-01	-7.860000e-01	1.108400e+01	1.914000e+00
5.210416e+04	6.320000e-01	-6.420000e-01	9.524000e+00	3.020000e+00
3.198754e+04	6.320000e-01	-1.560000e-01	1.538000e+01	2.950000e+00
3.670507e+03	6.440000e-01	-1.404000e+00	1.110800e+01	3.930000e+00
3.615646e+03	6.440000e-01	-1.290000e+00	1.326800e+01	3.370000e+00
1.895509e+03	6.440000e-01	-1.044000e+00	1.276400e+01	5.560000e-01
1.083203e+03	6.440000e-01	-6.540000e-01	1.509200e+01	3.622000e+00
7.094184e+03	6.440000e-01	-5.640000e-01	1.192400e+01	1.494000e+00
6.638636e+04	6.560000e-01	-5.520000e-01	9.716000e+00	1.676000e+00
9.092448e+03	6.560000e-01	-5.460000e-01	1.180400e+01	2.698000e+00
1.114338e+05	6.560000e-01	-3.060000e-01	9.524000e+00	1.662000e+00
2.178637e+04	6.560000e-01	-2.160000e-01	1.398800e+01	8.220000e-01
1.460122e+05	6.560000e-01	-3.600000e-02	1.012400e+01	2.306000e+00
7.656517e+03	6.680000e-01	-1.458000e+00	1.497200e+01	2.264000e+00
6.643261e+03	6.680000e-01	-1.260000e+00	1.058000e+01	2.908000e+00
1.005551e+03	6.680000e-01	-1.080000e+00	1.367600e+01	2.586000e+00
1.839164e+04	6.680000e-01	-2.520000e-01	1.432400e+01	2.026000e+00
4.465361e+04	6.680000e-01	-1.500000e-01	1.310000e+01	3.258000e+00
1.690909e+02	6.800000e-01	-9.480000e-01	1.324400e+01	2.530000e+00
1.045078e+04	6.800000e-01	-5.400000e-01	1.166000e+01	2.264000e+00
6.391851e+04	6.800000e-01	-2.580000e-01	1.062800e+01	2.166000e+00
5.951698e+04	6.800000e-01	-2.100000e-01	1.158800e+01	3.608000e+00
6.314602e+04	6.800000e-01	-1.200000e-01	1.259600e+01	3.720000e+00
3.047345e+04	6.920000e-01	-1.398000e+00	9.932000e+00	1.746000e+00
4.352029e+04	6.920000e-01	-1.338000e+00	9.788000e+00	1.466000e+00
1.996568e+03	6.920000e-01	-1.182000e+00	1.156400e+01	3.468000e+00
9.112953e+03	6.920000e-01	-3.600000e-01	1.521200e+01	1.634000e+00
5.753454e+04	6.920000e-01	-3.060000e-01	1.077200e+01	5.000000e-01
3.184721e+03	7.040000e-01	-1.284000e+00	1.151600e+01	3.370000e+00
1.463037e+02	7.040000e-01	-9.720000e-01	1.334000e+01	3.552000e+00
2.979338e+04	7.040000e-01	-8.220000e-01	1.084400e+01	6.400000e-01
6.402128e+04	7.040000e-01	-3.600000e-01	1.031600e+01	2.432000e+00
3.663985e+04	7.040000e-01	-1.620000e-01	1.250000e+01	1.410000e+00
2.412234e+03	7.160000e-01	-1.176000e+00	1.504400e+01	1.046000e+00
1.772236e+02	7.160000e-01	-9.780000e-01	1.319600e+01	3.496000e+00
8.495031e+03	7.160000e-01	-5.820000e-01	1.204400e+01	3.370000e+00
5.981900e+03	7.160000e-01	-4.860000e-01	1.341200e+01	3.118000e+00
5.599259e+04	7.160000e-01	-3.840000e-01	1.043600e+01	2.124000e+00
1.158869e+05	7.280000e-01	-1.248000e+00	9.548000e+00	5.980000e-01
2.029007e+03	7.280000e-01	-1.062000e+00	1.223600e+01	1.718000e+00
2.822617e+03	7.280000e-01	-1.050000e+00	1.139600e+01	3.132000e+00
7.522331e+03	7.280000e-01	-8.160000e-01	1.194800e+01	1.074000e+00
1.117849e+04	7.280000e-01	-5.100000e-01	1.250000e+01	3.902000e+00
5.973057e+03	7.400000e-01	-1.464000e+00	1.197200e+01	3.426000e+00
5.164348e+04	7.400000e-01	-1.152000e+00	1.046000e+01	6.820000e-01
6.932677e+02	7.400000e-01	-1.092000e+00	1.355600e+01	3.860000e+00
7.922949e+03	7.400000e-01	-8.460000e-01	1.113200e+01	3.664000e+00
1.551278e+05	7.400000e-01	-1.380000e-01	9.932000e+00	3.916000e+00
3.662020e+04	7.520000e-01	-6.300000e-01	1.053200e+01	1.676000e+00
1.136868e+04	7.520000e-01	-4.920000e-01	1.197200e+01	1.816000e+00
2.306891e+04	7.520000e-01	-2.640000e-01	1.432400e+01	3.874000e+00
2.441401e+04	7.520000e-01	-2.520000e-01	1.437200e+01	3.874000e+00
1.057063e+05	7.520000e-01	-3.000000e-02	1.192400e+01	3.356000e+00
4.258920e+03	7.640000e-01	-1.290000e+00	1.238000e+01	2.278000e+00
2.706789e+02	7.640000e-01	-9.600000e-01	1.372400e+01	5.000000e-01
1.109711e+05	7.640000e-01	-4.800000e-01	9.692000e+00	1.270000e+00
5.909806e+04	7.640000e-01	-2.820000e-01	1.089200e+01	2.138000e+00
1.596156e+05	7.640000e-01	-3.000000e-02	1.029200e+01	2.040000e+00
2.481621e+04	7.760000e-01	-1.086000e+00	1.005200e+01	2.614000e+00
6.696077e+03	7.760000e-01	-6.480000e-01	1.190000e+01	2.572000e+00
1.182100e+04	7.760000e-01	-5.280000e-01	1.194800e+01	2.908000e+00
1.814382e+04	7.760000e-01	-2.760000e-01	1.298000e+01	1.368000e+00
7.654231e+04	7.760000e-01	-6.000000e-02	1.178000e+01	9.060000e-01
4.820940e+03	7.880000e-01	-1.350000e+00	1.437200e+01	3.776000e+00
4.840652e+03	7.880000e-01	-1.326000e+00	1.307600e+01	2.222000e+00
4.449246e+02	7.880000e-01	-9.960000e-01	1.542800e+01	1.284000e+00
2.412609e+02	7.880000e-01	-9.540000e-01	1.358000e+01	7.800000e-01
6.853175e+04	7.880000e-01	-2.040000e-01	1.178000e+01	3.958000e+00
8.022518e+04	8.000000e-01	-1.260000e+00	9.500000e+00	1.550000e+00
2.525167e+03	8.000000e-01	-1.170000e+00	1.290800e+01	9.900000e-01
8.094217e+03	8.000000e-01	-8.820000e-01	1.175600e+01	1.508000e+00
1.353727e+05	8.000000e-01	-4.860000e-01	9.860000e+00	5.560000e-01
9.160302e+03	8.000000e-01	-4.200000e-01	1.430000e+01	3.790000e+00
8.575844e+03	8.120000e-01	-1.482000e+00	1.175600e+01	2.348000e+00
9.699091e+02	8.120000e-01	-1.140000e+00	1.286000e+01	3.902000e+00
1.807876e+03	8.120000e-01	-1.134000e+00	1.494800e+01	1.186000e+00
9.699283e+02	8.120000e-01	-1.104000e+00	1.382000e+01	3.552000e+00
1.489635e+05	8.120000e-01	-6.600000e-02	1.046000e+01	2.250000e+00
5.294625e+03	8.240000e-01	-1.350000e+00	1.458800e+01	2.964000e+00
1.962395e+03	8.240000e-01	-1.146000e+00	1.516400e+01	1.928000e+00
3.832946e+04	8.240000e-01	-5.400000e-01	1.082000e+01	3.636000e+00
8.877624e+04	8.240000e-01	-6.000000e-02	1.254800e+01	3.636000e+00
6.860974e+04	8.240000e-01	-1.200000e-02	1.391600e+01	2.292000e+00
1.356824e+03	8.360000e-01	-1.170000e+00	1.228400e+01	3.846000e+00
4.318388e+04	8.360000e-01	-7.260000e-01	1.019600e+01	3.006000e+00
1.172767e+05	8.360000e-01	-4.800000e-01	1.019600e+01	6.680000e-01
5.512256e+04	8.360000e-01	-2.220000e-01	1.190000e+01	3.216000e+00
1.688674e+05	8.360000e-01	-7.800000e-02	1.038800e+01	3.412000e+00
1.026535e+04	8.480000e-01	-1.488000e+00	1.106000e+01	2.740000e+00
8.828038e+03	8.480000e-01	-1.134000e+00	1.118000e+01	2.418000e+00
1.009472e+03	8.480000e-01	-1.068000e+00	1.521200e+01	2.166000e+00
1.638837e+04	8.480000e-01	-5.940000e-01	1.149200e+01	2.712000e+00
1.639145e+03	8.480000e-01	-5.880000e-01	1.514000e+01	2.152000e+00
6.297283e+03	8.600000e-01	-1.410000e+00	1.482800e+01	3.482000e+00
3.837782e+04	8.600000e-01	-1.164000e+00	1.038800e+01	1.760000e+00
1.177418e+04	8.600000e-01	-1.110000e+00	1.154000e+01	1.606000e+00
4.149200e+04	8.600000e-01	-1.062000e+00	9.860000e+00	2.726000e+00
2.109242e+04	8.600000e-01	-8.940000e-01	1.050800e+01	3.748000e+00
9.725201e+03	8.720000e-01	-9.900000e-01	1.108400e+01	2.936000e+00
2.856400e+04	8.720000e-01	-8.100000e-01	1.046000e+01	3.776000e+00
7.796362e+03	8.720000e-01	-3.840000e-01	1.430000e+01	1.242000e+00
5.175349e+04	8.720000e-01	-7.800000e-02	1.406000e+01	2.614000e+00
1.756762e+05	8.720000e-01	-6.600000e-02	1.050800e+01	3.454000e+00
2.226267e+03	8.840000e-01	-1.044000e+00	1.216400e+01	2.418000e+00
2.937878e+04	8.840000e-01	-1.008000e+00	1.074800e+01	1.844000e+00
1.652723e+03	8.840000e-01	-8.220000e-01	1.254800e+01	2.110000e+00
3.054010e+04	8.840000e-01	-1.920000e-01	1.326800e+01	2.082000e+00
4.645631e+04	8.840000e-01	-7.200000e-02	1.449200e+01	7.380000e-01
6.225286e+03	8.960000e-01	-1.386000e+00	1.413200e+01	1.340000e+00
7.953599e+02	8.960000e-01	-9.720000e-01	1.259600e+01	3.384000e+00
3.350407e+04	8.960000e-01	-8.100000e-01	1.053200e+01	2.656000e+00
8.590793e+04	8.960000e-01	-5.400000e-02	1.295600e+01	3.636000e+00
9.133963e+04	8.960000e-01	-6.000000e-03	1.274000e+01	2.600000e+00
6.255175e+03	9.080000e-01	-1.422000e+00	1.245200e+01	2.810000e+00
7.049629e+04	9.080000e-01	-1.110000e+00	9.692000e+00	2.236000e+00
3.775294e+03	9.080000e-01	-1.062000e+00	1.170800e+01	2.964000e+00
3.197398e+04	9.080000e-01	-4.680000e-01	1.166000e+01	1.326000e+00
1.960758e+05	9.080000e-01	-2.460000e-01	9.548000e+00	2.334000e+00
5.138362e+02	9.200000e-01	-1.002000e+00	1.324400e+01	1.368000e+00
7.974254e+03	9.200000e-01	-8.400000e-01	1.158800e+01	3.608000e+00
4.735792e+02	9.200000e-01	-7.140000e-01	1.365200e+01	1.172000e+00
6.187461e+04	9.200000e-01	-6.900000e-01	1.154000e+01	5.000000e-01
1.990102e+05	9.200000e-01	-1.560000e-01	9.956000e+00	1.088000e+00
6.845012e+03	9.320000e-01	-1.458000e+00	1.461200e+01	3.958000e+00
4.664212e+03	9.320000e-01	-1.314000e+00	1.403600e+01	2.460000e+00
2.058461e+02	9.320000e-01	-9.420000e-01	1.350800e+01	1.032000e+00
6.898856e+04	9.320000e-01	-3.840000e-01	1.086800e+01	2.950000e+00
6.950998e+04	9.320000e-01	-2.700000e-01	1.127600e+01	2.642000e+00
2.611219e+04	9.440000e-01	-8.640000e-01	1.180400e+01	1.004000e+00
1.896294e+03	9.440000e-01	-5.700000e-01	1.499600e+01	9.760000e-01
9.115172e+03	9.440000e-01	-3.600000e-01	1.446800e+01	1.242000e+00
1.421584e+05	9.440000e-01	-2.460000e-01	1.036400e+01	3.832000e+00
2.655030e+05	9.440000e-01	-1.800000e-02	9.764000e+00	2.264000e+00
3.156671e+03	9.560000e-01	-1.224000e+00	1.425200e+01	1.788000e+00
1.415961e+04	9.560000e-01	-9.300000e-01	1.101200e+01	3.972000e+00
9.009051e+04	9.560000e-01	-9.060000e-01	1.079600e+01	5.280000e-01
4.294573e+04	9.560000e-01	-8.520000e-01	1.127600e+01	1.200000e+00
8.412447e+04	9.560000e-01	-8.160000e-01	1.024400e+01	1.648000e+00
5.795101e+03	9.680000e-01	-1.380000e+00	1.430000e+01	2.992000e+00
5.843337e+03	9.680000e-01	-1.374000e+00	1.307600e+01	2.012000e+00
4.945849e+02	9.680000e-01	-7.080000e-01	1.410800e+01	8.220000e-01
1.027596e+04	9.680000e-01	-5.040000e-01	1.254800e+01	1.312000e+00
1.061052e+04	9.680000e-01	-3.360000e-01	1.547600e+01	1.564000e+00
9.945421e+03	9.800000e-01	-1.392000e+00	1.199600e+01	1.732000e+00
3.974159e+04	9.800000e-01	-1.212000e+00	1.137200e+01	1.172000e+00
1.329488e+03	9.800000e-01	-1.110000e+00	1.468400e+01	3.020000e+00
1.330211e+04	9.800000e-01	-1.086000e+00	1.103600e+01	2.950000e+00
4.638608e+02	9.800000e-01	-7.140000e-01	1.499600e+01	1.382000e+00
4.019847e+03	9.920000e-01	-1.272000e+00	1.420400e+01	1.382000e+00
6.903707e+03	9.920000e-01	-1.206000e+00	1.240400e+01	1.144000e+00
2.120815e+03	9.920000e-01	-1.188000e+00	1.302800e+01	3.020000e+00
8.021509e+03	9.920000e-01	-6.420000e-01	1.226000e+01	2.306000e+00
2.550121e+04	9.920000e-01	-1.980000e-01	1.415600e+01	1.886000e+00
6.844505e+03	1.004000e+00	-1.416000e+00	1.533200e+01	5.980000e-01
1.875093e+02	1.004000e+00	-9.360000e-01	1.434800e+01	1.606000e+00
9.004100e+04	1.004000e+00	-7.440000e-01	9.812000e+00	3.440000e+00
8.940435e+03	1.004000e+00	-5.100000e-01	1.293200e+01	3.132000e+00
1.228290e+04	1.004000e+00	-3.180000e-01	1.518800e+01	2.292000e+00
3.433976e+04	1.016000e+00	-1.488000e+00	9.836000e+00	3.342000e+00
9.131935e+04	1.016000e+00	-1.194000e+00	1.017200e+01	1.634000e+00
4.218835e+04	1.016000e+00	-1.176000e+00	1.012400e+01	2.964000e+00
1.815051e+04	1.016000e+00	-8.760000e-01	1.137200e+01	2.376000e+00
2.010008e+03	1.016000e+00	-6.360000e-01	1.418000e+01	3.650000e+00
1.493269e+04	1.028000e+00	-1.452000e+00	1.137200e+01	2.320000e+00
6.881782e+03	1.028000e+00	-1.446000e+00	1.509200e+01	3.776000e+00
6.596705e+03	1.028000e+00	-1.404000e+00	1.538000e+01	1.704000e+00
3.357914e+04	1.028000e+00	-7.980000e-01	1.144400e+01	1.592000e+00
3.923787e+04	1.028000e+00	-6.360000e-01	1.149200e+01	1.550000e+00
3.365521e+03	1.040000e+00	-1.236000e+00	1.329200e+01	1.214000e+00
4.477053e+04	1.040000e+00	-1.206000e+00	1.034000e+01	2.544000e+00
4.946462e+02	1.040000e+00	-1.020000e+00	1.319600e+01	3.258000e+00
1.281942e+02	1.040000e+00	-8.760000e-01	1.372400e+01	1.592000e+00
1.329336e+05	1.040000e+00	-6.600000e-02	1.175600e+01	6.820000e-01
5.928124e+03	1.052000e+00	-1.326000e+00	1.295600e+01	6.260000e-01
8.866813e+04	1.052000e+00	-9.540000e-01	1.060400e+01	1.452000e+00
8.896504e+01	1.052000e+00	-8.880000e-01	1.454000e+01	3.062000e+00
9.621129e+04	1.052000e+00	-5.400000e-01	1.058000e+01	2.040000e+00
6.944801e+04	1.052000e+00	-3.480000e-01	1.151600e+01	3.902000e+00
2.043969e+03	1.064000e+00	-1.152000e+00	1.456400e+01	1.648000e+00
1.696836e+03	1.064000e+00	-8.340000e-01	1.298000e+01	8.220000e-01
1.043501e+05	1.064000e+00	-8.040000e-01	1.082000e+01	1.088000e+00
5.166534e+04	1.064000e+00	-2.460000e-01	1.252400e+01	3.510000e+00
3.049182e+04	1.064000e+00	-1.620000e-01	1.413200e+01	1.620000e+00
4.599310e+03	1.076000e+00	-1.320000e+00	1.482800e+01	3.272000e+00
8.355236e+04	1.076000e+00	-1.152000e+00	9.788000e+00	2.768000e+00
1.155841e+03	1.076000e+00	-8.040000e-01	1.300400e+01	1.550000e+00
1.367940e+05	1.076000e+00	-3.780000e-01	1.036400e+01	3.482000e+00
2.283538e+04	1.076000e+00	-3.540000e-01	1.262000e+01	1.088000e+00
5.943647e+04	1.088000e+00	-1.050000e+00	1.043600e+01	2.418000e+00
1.438592e+05	1.088000e+00	-6.660000e-01	9.572000e+00	3.692000e+00
5.616485e+04	1.088000e+00	-6.420000e-01	1.082000e+01	3.370000e+00
2.228339e+03	1.088000e+00	-5.520000e-01	1.382000e+01	9.480000e-01
4.140411e+04	1.088000e+00	-1.080000e-01	1.533200e+01	2.698000e+00
1.958028e+02	1.100000e+00	-7.920000e-01	1.545200e+01	2.516000e+00
1.077954e+05	1.100000e+00	-4.020000e-01	1.132400e+01	1.018000e+00
5.546583e+04	1.100000e+00	-3.780000e-01	1.161200e+01	2.194000e+00
3.085467e+05	1.100000e+00	-2.220000e-01	9.524000e+00	5.420000e-01
4.924682e+04	1.100000e+00	-6.000000e-02	1.442000e+01	6.540000e-01
3.036528e+03	1.112000e+00	-1.254000e+00	1.310000e+01	3.146000e+00
2.536205e+05	1.112000e+00	-1.098000e+00	9.668000e+00	7.660000e-01
1.279346e+03	1.112000e+00	-1.086000e+00	1.264400e+01	3.888000e+00
3.847067e+02	1.112000e+00	-7.800000e-01	1.425200e+01	3.356000e+00
8.517063e+04	1.112000e+00	-7.440000e-01	1.024400e+01	3.314000e+00
1.754383e+04	1.124000e+00	-1.422000e+00	1.086800e+01	3.230000e+00
2.364750e+04	1.124000e+00	-1.308000e+00	1.050800e+01	3.636000e+00
2.099099e+05	1.124000e+00	-1.200000e+00	9.740000e+00	1.298000e+00
8.151929e+02	1.124000e+00	-6.600000e-01	1.463600e+01	1.074000e+00
1.594847e+05	1.124000e+00	-4.080000e-01	1.026800e+01	2.726000e+00
1.627153e+04	1.136000e+00	-1.320000e+00	1.070000e+01	3.972000e+00
1.565102e+03	1.136000e+00	-1.116000e+00	1.494800e+01	1.690000e+00
1.419278e+02	1.136000e+00	-9.120000e-01	1.475600e+01	2.096000e+00
5.671409e+02	1.136000e+00	-6.960000e-01	1.475600e+01	5.140000e-01
6.229788e+04	1.136000e+00	-6.180000e-01	1.089200e+01	3.622000e+00
9.254998e+04	1.148000e+00	-8.880000e-01	1.017200e+01	2.866000e+00
3.211620e+04	1.148000e+00	-8.340000e-01	1.125200e+01	2.670000e+00
5.382951e+03	1.148000e+00	-4.380000e-01	1.542800e+01	1.872000e+00
1.995881e+04	1.148000e+00	-2.640000e-01	1.406000e+01	2.474000e+00
6.318492e+04	1.148000e+00	-2.400000e-02	1.346000e+01	1.004000e+00
8.917171e+04	1.160000e+00	-1.218000e+00	1.173200e+01	7.380000e-01
1.835882e+05	1.160000e+00	-4.380000e-01	9.956000e+00	3.888000e+00
6.962062e+04	1.160000e+00	-2.280000e-01	1.218800e+01	3.132000e+00
2.567789e+04	1.160000e+00	-2.280000e-01	1.449200e+01	3.076000e+00
7.129348e+04	1.160000e+00	-2.400000e-02	1.355600e+01	2.068000e+00
1.697988e+04	1.172000e+00	-1.434000e+00	1.240400e+01	9.620000e-01
2.763934e+03	1.172000e+00	-8.520000e-01	1.283600e+01	1.298000e+00
1.378867e+05	1.172000e+00	-6.840000e-01	9.932000e+00	3.468000e+00
4.351281e+04	1.172000e+00	-5.160000e-01	1.173200e+01	3.972000e+00
2.689140e+05	1.172000e+00	-3.720000e-01	9.500000e+00	3.216000e+00
1.409306e+04	1.184000e+00	-1.374000e+00	1.223600e+01	1.368000e+00
2.206990e+05	1.184000e+00	-1.074000e+00	1.031600e+01	8.920000e-01
2.362736e+05	1.184000e+00	-4.080000e-01	1.012400e+01	1.732000e+00
2.504588e+04	1.184000e+00	-4.020000e-01	1.262000e+01	2.978000e+00
2.693872e+05	1.184000e+00	-1.440000e-01	1.024400e+01	3.062000e+00
1.482117e+04	1.196000e+00	-9.300000e-01	1.168400e+01	2.978000e+00
1.821488e+04	1.196000e+00	-6.300000e-01	1.211600e+01	2.642000e+00
2.251095e+04	1.196000e+00	-2.400000e-01	1.401200e+01	2.292000e+00
2.703472e+04	1.196000e+00	-2.160000e-01	1.456400e+01	3.034000e+00
1.312215e+05	1.196000e+00	-4.800000e-02	1.245200e+01	3.580000e+00
2.472601e+03	1.208000e+00	-1.182000e+00	1.422800e+01	1.718000e+00
6.142107e+03	1.208000e+00	-1.164000e+00	1.254800e+01	1.424000e+00
1.256972e+05	1.208000e+00	-8.640000e-01	1.108400e+01	1.214000e+00
2.068469e+05	1.208000e+00	-4.080000e-01	1.000400e+01	3.790000e+00
2.676752e+05	1.208000e+00	-6.000000e-03	1.089200e+01	2.586000e+00
2.970842e+03	1.220000e+00	-1.110000e+00	1.245200e+01	3.090000e+00
2.861853e+04	1.220000e+00	-4.860000e-01	1.221200e+01	3.006000e+00
1.000624e+05	1.220000e+00	-3.840000e-01	1.122800e+01	3.440000e+00
1.972426e+05	1.220000e+00	-1.200000e-01	1.122800e+01	1.382000e+00
5.307777e+04	1.220000e+00	-1.140000e-01	1.418000e+01	3.314000e+00
3.683078e+02	1.232000e+00	-9.240000e-01	1.331600e+01	1.228000e+00
7.983172e+04	1.232000e+00	-4.260000e-01	1.144400e+01	2.362000e+00
3.217956e+05	1.232000e+00	-2.400000e-01	9.620000e+00	3.762000e+00
2.300925e+05	1.232000e+00	-1.080000e-01	1.098800e+01	3.902000e+00
9.174131e+04	1.232000e+00	-1.200000e-02	1.374800e+01	3.202000e+00
5.458687e+03	1.244000e+00	-1.356000e+00	1.502000e+01	2.880000e+00
5.851496e+02	1.244000e+00	-1.026000e+00	1.350800e+01	2.796000e+00
5.947342e+04	1.244000e+00	-8.040000e-01	1.101200e+01	2.782000e+00
2.642362e+02	1.244000e+00	-7.680000e-01	1.418000e+01	7.940000e-01
4.432462e+04	1.244000e+00	-8.400000e-02	1.494800e+01	1.592000e+00
6.083207e+02	1.256000e+00	-1.038000e+00	1.336400e+01	3.930000e+00
1.646955e+02	1.256000e+00	-8.280000e-01	1.458800e+01	5.700000e-01
3.609964e+04	1.256000e+00	-5.580000e-01	1.192400e+01	3.678000e+00
2.299767e+05	1.256000e+00	-5.040000e-01	9.740000e+00	3.762000e+00
2.652367e+05	1.256000e+00	-2.640000e-01	1.017200e+01	3.076000e+00
5.922283e+03	1.268000e+00	-1.272000e+00	1.211600e+01	3.188000e+00
1.694279e+05	1.268000e+00	-6.960000e-01	1.002800e+01	3.160000e+00
2.312184e+03	1.268000e+00	-6.600000e-01	1.374800e+01	3.244000e+00
8.185914e+03	1.268000e+00	-4.500000e-01	1.422800e+01	3.356000e+00
2.686843e+05	1.268000e+00	-1.800000e-02	1.110800e+01	1.508000e+00
8.459245e+03	1.280000e+00	-1.500000e+00	1.408400e+01	1.970000e+00
6.900027e+03	1.280000e+00	-1.422000e+00	1.504400e+01	2.348000e+00
7.610584e+03	1.280000e+00	-1.206000e+00	1.182800e+01	3.552000e+00
6.847355e+04	1.280000e+00	-1.122000e+00	1.070000e+01	2.656000e+00
7.326120e+03	1.280000e+00	-4.920000e-01	1.312400e+01	1.382000e+00
5.402234e+02	1.292000e+00	-1.014000e+00	1.463600e+01	1.844000e+00
1.086086e+04	1.292000e+00	-9.960000e-01	1.288400e+01	5.280000e-01
2.454170e+03	1.292000e+00	-9.180000e-01	1.281200e+01	2.866000e+00
2.624303e+02	1.292000e+00	-7.680000e-01	1.403600e+01	7.940000e-01
6.528335e+02	1.292000e+00	-7.140000e-01	1.487600e+01	3.384000e+00
5.678667e+03	1.304000e+00	-1.296000e+00	1.221200e+01	3.272000e+00
3.693564e+05	1.304000e+00	-6.240000e-01	9.572000e+00	6.680000e-01
1.715613e+04	1.304000e+00	-3.900000e-01	1.379600e+01	3.678000e+00
3.085944e+05	1.304000e+00	-8.400000e-02	1.072400e+01	1.732000e+00
4.657270e+04	1.304000e+00	-7.200000e-02	1.523600e+01	1.326000e+00
4.998594e+03	1.316000e+00	-7.380000e-01	1.283600e+01	2.572000e+00
1.832558e+03	1.316000e+00	-5.820000e-01	1.487600e+01	2.432000e+00
4.453074e+03	1.316000e+00	-5.580000e-01	1.418000e+01	3.552000e+00
4.469534e+05	1.316000e+00	-4.200000e-02	9.740000e+00	1.256000e+00
1.624845e+05	1.316000e+00	-4.200000e-02	1.199600e+01	2.516000e+00
2.894203e+04	1.328000e+00	-1.230000e+00	1.206800e+01	1.396000e+00
9.466223e+04	1.328000e+00	-9.780000e-01	1.218800e+01	5.700000e-01
1.392070e+05	1.328000e+00	-8.340000e-01	1.005200e+01	3.874000e+00
7.753154e+04	1.328000e+00	-7.380000e-01	1.214000e+01	8.360000e-01
4.272312e+05	1.328000e+00	-2.400000e-02	1.014800e+01	1.312000e+00
1.345350e+05	1.340000e+00	-1.008000e+00	1.185200e+01	7.520000e-01
6.710806e+04	1.340000e+00	-9.360000e-01	1.118000e+01	2.376000e+00
1.825350e+05	1.340000e+00	-5.340000e-01	1.091600e+01	1.760000e+00
3.795463e+05	1.340000e+00	-1.920000e-01	1.024400e+01	1.144000e+00
6.441833e+04	1.340000e+00	-4.800000e-02	1.502000e+01	3.342000e+00
3.852239e+02	1.352000e+00	-9.900000e-01	1.470800e+01	1.956000e+00
1.922998e+03	1.352000e+00	-5.820000e-01	1.454000e+01	2.390000e+00
5.052673e+04	1.352000e+00	-3.900000e-01	1.221200e+01	2.334000e+00
1.438196e+05	1.352000e+00	-3.180000e-01	1.216400e+01	6.400000e-01
4.173056e+04	1.352000e+00	-1.380000e-01	1.341200e+01	1.522000e+00
1.047476e+04	1.364000e+00	-1.236000e+00	1.187600e+01	3.216000e+00
8.632398e+02	1.364000e+00	-6.840000e-01	1.538000e+01	3.594000e+00
9.564001e+03	1.364000e+00	-4.380000e-01	1.317200e+01	1.018000e+00
7.487871e+04	1.364000e+00	-2.880000e-01	1.250000e+01	8.080000e-01
1.105897e+05	1.364000e+00	-1.320000e-01	1.238000e+01	2.978000e+00
1.167261e+05	1.376000e+00	-9.120000e-01	1.130000e+01	1.620000e+00
2.091232e+05	1.376000e+00	-5.220000e-01	1.134800e+01	1.088000e+00
5.107919e+03	1.376000e+00	-4.440000e-01	1.415600e+01	5.700000e-01
4.132373e+04	1.376000e+00	-4.320000e-01	1.233200e+01	2.838000e+00
3.757893e+04	1.376000e+00	-1.740000e-01	1.334000e+01	1.648000e+00
3.756993e+05	1.388000e+00	-1.266000e+00	9.716000e+00	8.080000e-01
1.803463e+05	1.388000e+00	-9.660000e-01	1.103600e+01	1.424000e+00
4.487142e+03	1.388000e+00	-4.620000e-01	1.535600e+01	7.800000e-01
1.588897e+05	1.388000e+00	-4.500000e-01	1.125200e+01	1.886000e+00
4.763602e+04	1.388000e+00	-4.320000e-01	1.257200e+01	8.920000e-01
1.663810e+04	1.400000e+00	-1.248000e+00	1.151600e+01	3.608000e+00
3.268780e+03	1.400000e+00	-9.600000e-01	1.290800e+01	1.382000e+00
7.002078e+03	1.400000e+00	-6.060000e-01	1.350800e+01	3.734000e+00
3.346640e+05	1.400000e+00	-4.680000e-01	9.908000e+00	2.628000e+00
7.222917e+04	1.400000e+00	-2.340000e-01	1.250000e+01	2.768000e+00
5.023267e+02	1.412000e+00	-1.014000e+00	1.490000e+01	2.488000e+00
1.830340e+02	1.412000e+00	-9.540000e-01	1.442000e+01	2.544000e+00
1.885924e+03	1.412000e+00	-7.740000e-01	1.329200e+01	2.460000e+00
2.850629e+05	1.412000e+00	-5.580000e-01	1.014800e+01	2.530000e+00
3.395758e+04	1.412000e+00	-1.680000e-01	1.454000e+01	2.670000e+00
4.523781e+04	1.424000e+00	-1.182000e+00	1.094000e+01	3.608000e+00
2.295562e+05	1.424000e+00	-1.110000e+00	1.055600e+01	1.676000e+00
3.919786e+05	1.424000e+00	-8.580000e-01	9.884000e+00	9.480000e-01
1.924269e+03	1.424000e+00	-6.240000e-01	1.516400e+01	3.832000e+00
1.229698e+04	1.424000e+00	-3.120000e-01	1.497200e+01	9.620000e-01
3.125979e+05	1.436000e+00	-1.020000e+00	1.055600e+01	1.200000e+00
1.081630e+02	1.436000e+00	-9.060000e-01	1.456400e+01	2.600000e+00
4.904551e+02	1.436000e+00	-7.800000e-01	1.439600e+01	3.384000e+00
1.864425e+05	1.436000e+00	-6.480000e-01	1.062800e+01	2.712000e+00
2.953689e+04	1.436000e+00	-1.860000e-01	1.334000e+01	6.820000e-01
4.270461e+03	1.448000e+00	-1.164000e+00	1.269200e+01	2.656000e+00
2.726927e+02	1.448000e+00	-9.600000e-01	1.439600e+01	5.700000e-01
1.052862e+05	1.448000e+00	-9.000000e-01	1.086800e+01	2.922000e+00
1.982284e+04	1.448000e+00	-8.160000e-01	1.226000e+01	2.376000e+00
2.951359e+05	1.448000e+00	-1.200000e-02	1.161200e+01	1.284000e+00
5.615160e+03	1.460000e+00	-1.380000e+00	1.355600e+01	2.796000e+00
2.632928e+03	1.460000e+00	-1.194000e+00	1.317200e+01	2.894000e+00
3.901576e+05	1.460000e+00	-1.098000e+00	9.668000e+00	1.662000e+00
4.315490e+05	1.460000e+00	-5.940000e-01	9.572000e+00	1.928000e+00
2.736983e+04	1.460000e+00	-1.740000e-01	1.406000e+01	6.820000e-01
1.572669e+04	1.472000e+00	-1.464000e+00	1.230800e+01	1.830000e+00
8.455678e+03	1.472000e+00	-1.464000e+00	1.281200e+01	1.998000e+00
1.643874e+05	1.472000e+00	-1.224000e+00	1.005200e+01	3.146000e+00
7.202650e+04	1.472000e+00	-1.440000e-01	1.293200e+01	2.320000e+00
2.498307e+05	1.472000e+00	-1.800000e-02	1.180400e+01	3.034000e+00
2.334186e+03	1.484000e+00	-5.460000e-01	1.480400e+01	1.578000e+00
2.332940e+05	1.484000e+00	-4.740000e-01	1.178000e+01	8.360000e-01
1.408645e+05	1.484000e+00	-4.500000e-01	1.130000e+01	3.440000e+00
4.395530e+05	1.484000e+00	-1.620000e-01	1.034000e+01	1.928000e+00
4.017381e+05	1.484000e+00	-1.500000e-01	1.048400e+01	2.474000e+00
9.191859e+03	1.496000e+00	-1.386000e+00	1.257200e+01	2.054000e+00
9.818116e+03	1.496000e+00	-9.180000e-01	1.250000e+01	2.684000e+00
2.287421e+05	1.496000e+00	-4.500000e-01	1.065200e+01	3.874000e+00
1.501420e+04	1.496000e+00	-2.820000e-01	1.401200e+01	1.018000e+00
1.110446e+05	1.496000e+00	-2.220000e-01	1.228400e+01	3.188000e+00
6.669830e+03	1.508000e+00	-1.416000e+00	1.506800e+01	2.782000e+00
3.437134e+05	1.508000e+00	-8.280000e-01	1.053200e+01	1.410000e+00
4.258611e+05	1.508000e+00	-5.700000e-01	1.034000e+01	9.200000e-01
7.795259e+03	1.508000e+00	-4.140000e-01	1.506800e+01	3.048000e+00
3.269956e+05	1.508000e+00	-1.860000e-01	1.194800e+01	5.000000e-01
2.151623e+05	1.520000e+00	-1.182000e+00	9.644000e+00	3.734000e+00
2.859142e+04	1.520000e+00	-6.720000e-01	1.230800e+01	3.356000e+00
1.755491e+04	1.520000e+00	-5.220000e-01	1.312400e+01	3.412000e+00
5.098473e+04	1.520000e+00	-4.980000e-01	1.235600e+01	3.860000e+00
3.057028e+05	1.520000e+00	-3.240000e-01	1.077200e+01	2.390000e+00
4.041854e+05	1.532000e+00	-1.230000e+00	9.692000e+00	1.816000e+00
4.583014e+04	1.532000e+00	-9.900000e-01	1.209200e+01	1.634000e+00
1.720131e+03	1.532000e+00	-5.820000e-01	1.384400e+01	8.500000e-01
1.798584e+03	1.532000e+00	-5.760000e-01	1.478000e+01	1.452000e+00
2.530663e+05	1.532000e+00	-1.560000e-01	1.149200e+01	3.944000e+00
3.449053e+03	1.544000e+00	-1.314000e+00	1.329200e+01	3.860000e+00
4.090032e+03	1.544000e+00	-1.278000e+00	1.377200e+01	1.340000e+00
2.502955e+04	1.544000e+00	-1.092000e+00	1.245200e+01	1.284000e+00
3.860601e+05	1.544000e+00	-7.920000e-01	9.788000e+00	2.432000e+00
2.581630e+05	1.544000e+00	-7.860000e-01	9.980000e+00	3.762000e+00
1.406684e+03	1.556000e+00	-1.104000e+00	1.466000e+01	1.704000e+00
3.626674e+04	1.556000e+00	-6.660000e-01	1.223600e+01	2.740000e+00
3.451411e+05	1.556000e+00	-4.800000e-01	1.022000e+01	3.076000e+00
4.069334e+04	1.556000e+00	-2.340000e-01	1.391600e+01	3.482000e+00
8.313311e+04	1.556000e+00	-9.000000e-02	1.350800e+01	3.048000e+00
3.603310e+05	1.568000e+00	-1.476000e+00	9.692000e+00	2.180000e+00
7.221673e+03	1.568000e+00	-1.476000e+00	1.360400e+01	3.132000e+00
4.053287e+05	1.568000e+00	-1.254000e+00	1.005200e+01	1.536000e+00
4.014516e+04	1.568000e+00	-1.158000e+00	1.185200e+01	2.250000e+00
9.007224e+03	1.568000e+00	-4.680000e-01	1.396400e+01	3.048000e+00
1.536721e+02	1.580000e+00	-8.280000e-01	1.468400e+01	2.852000e+00
1.026366e+03	1.580000e+00	-7.860000e-01	1.389200e+01	3.090000e+00
2.110991e+04	1.580000e+00	-7.740000e-01	1.242800e+01	3.818000e+00
3.171153e+05	1.580000e+00	-6.840000e-01	1.038800e+01	2.404000e+00
2.871054e+05	1.580000e+00	-6.120000e-01	1.029200e+01	3.426000e+00
3.667103e+05	1.592000e+00	-6.480000e-01	9.836000e+00	3.426000e+00
2.734275e+05	1.592000e+00	-2.100000e-01	1.134800e+01	2.348000e+00
3.195880e+05	1.592000e+00	-1.620000e-01	1.115600e+01	3.300000e+00
1.836110e+05	1.592000e+00	-1.440000e-01	1.211600e+01	1.550000e+00
4.281298e+05	1.592000e+00	-3.600000e-02	1.120400e+01	1.326000e+00
2.016874e+04	1.604000e+00	-1.308000e+00	1.202000e+01	2.726000e+00
4.052433e+05	1.604000e+00	-1.176000e+00	1.127600e+01	5.420000e-01
2.980684e+04	1.604000e+00	-8.460000e-01	1.223600e+01	2.446000e+00
2.829803e+03	1.604000e+00	-5.220000e-01	1.545200e+01	1.074000e+00
7.699663e+03	1.604000e+00	-4.260000e-01	1.389200e+01	1.956000e+00
2.033839e+05	1.616000e+00	-1.080000e+00	1.113200e+01	1.774000e+00
8.699887e+02	1.616000e+00	-7.980000e-01	1.362800e+01	2.152000e+00
3.807021e+05	1.616000e+00	-6.060000e-01	1.053200e+01	1.802000e+00
2.968472e+03	1.616000e+00	-5.160000e-01	1.521200e+01	9.480000e-01
3.326286e+03	1.616000e+00	-5.040000e-01	1.514000e+01	1.970000e+00
5.064456e+03	1.628000e+00	-1.212000e+00	1.266800e+01	3.706000e+00
2.778590e+02	1.628000e+00	-9.660000e-01	1.490000e+01	1.844000e+00
7.580221e+03	1.628000e+00	-8.040000e-01	1.295600e+01	3.006000e+00
9.334475e+04	1.628000e+00	-4.020000e-01	1.240400e+01	1.228000e+00
2.417858e+04	1.628000e+00	-2.340000e-01	1.540400e+01	3.286000e+00
7.762658e+03	1.640000e+00	-1.470000e+00	1.497200e+01	2.698000e+00
9.557034e+02	1.640000e+00	-1.062000e+00	1.394000e+01	7.940000e-01
6.646195e+03	1.640000e+00	-7.380000e-01	1.305200e+01	2.054000e+00
4.184918e+05	1.640000e+00	-6.660000e-01	1.086800e+01	9.760000e-01
3.832865e+05	1.640000e+00	-2.880000e-01	1.065200e+01	2.964000e+00
1.958359e+04	1.652000e+00	-8.940000e-01	1.235600e+01	3.594000e+00
1.501334e+02	1.652000e+00	-8.400000e-01	1.490000e+01	1.326000e+00
3.613931e+05	1.652000e+00	-7.440000e-01	9.788000e+00	3.790000e+00
4.052911e+02	1.652000e+00	-7.260000e-01	1.535600e+01	2.404000e+00
4.107892e+04	1.652000e+00	-9.600000e-02	1.430000e+01	7.100000e-01
3.857218e+03	1.664000e+00	-1.266000e+00	1.346000e+01	8.220000e-01
1.272696e+03	1.664000e+00	-1.092000e+00	1.413200e+01	9.900000e-01
2.910679e+05	1.664000e+00	-6.240000e-01	1.120400e+01	1.578000e+00
5.003796e+04	1.664000e+00	-2.580000e-01	1.314800e+01	2.586000e+00
4.219773e+04	1.664000e+00	-9.600000e-02	1.396400e+01	9.900000e-01
7.801970e+04	1.676000e+00	-9.420000e-01	1.190000e+01	1.956000e+00
3.878810e+05	1.676000e+00	-9.180000e-01	9.860000e+00	2.824000e+00
2.905722e+05	1.676000e+00	-7.560000e-01	1.170800e+01	9.060000e-01
6.789790e+04	1.676000e+00	-2.520000e-01	1.288400e+01	2.586000e+00
5.032481e+05	1.676000e+00	-1.320000e-01	1.053200e+01	2.544000e+00
6.609548e+04	1.688000e+00	-1.440000e+00	1.216400e+01	1.256000e+00
5.296578e+03	1.688000e+00	-1.404000e+00	1.434800e+01	3.958000e+00
4.902760e+04	1.688000e+00	-1.134000e+00	1.144400e+01	3.874000e+00
4.240126e+03	1.688000e+00	-7.500000e-01	1.338800e+01	2.922000e+00
8.639231e+04	1.688000e+00	-1.320000e-01	1.290800e+01	1.704000e+00
1.534247e+05	1.700000e+00	-1.458000e+00	1.139600e+01	1.746000e+00
3.611477e+05	1.700000e+00	-1.326000e+00	1.036400e+01	1.858000e+00
4.465203e+05	1.700000e+00	-6.180000e-01	9.980000e+00	2.754000e+00
8.510543e+04	1.700000e+00	-6.060000e-01	1.199600e+01	2.628000e+00
2.511697e+05	1.700000e+00	-3.660000e-01	1.149200e+01	2.012000e+00
6.783738e+04	1.712000e+00	-1.470000e+00	1.094000e+01	3.734000e+00
5.060092e+05	1.712000e+00	-5.580000e-01	1.010000e+01	1.032000e+00
1.847892e+05	1.712000e+00	-4.500000e-01	1.166000e+01	2.250000e+00
1.762156e+04	1.712000e+00	-2.580000e-01	1.466000e+01	1.690000e+00
4.571596e+05	1.712000e+00	-1.620000e-01	1.084400e+01	2.180000e+00
7.187766e+04	1.724000e+00	-1.398000e+00	1.106000e+01	3.538000e+00
4.578479e+03	1.724000e+00	-1.302000e+00	1.490000e+01	6.540000e-01
4.582969e+05	1.724000e+00	-1.278000e+00	9.908000e+00	1.662000e+00
1.271179e+04	1.724000e+00	-4.560000e-01	1.401200e+01	3.370000e+00
8.580154e+04	1.724000e+00	-6.000000e-03	1.353200e+01	1.620000e+00
3.592799e+03	1.736000e+00	-1.290000e+00	1.334000e+01	3.608000e+00
1.144023e+02	1.736000e+00	-9.420000e-01	1.499600e+01	3.734000e+00
2.995581e+05	1.736000e+00	-6.600000e-01	1.060400e+01	3.230000e+00
3.891183e+05	1.736000e+00	-4.740000e-01	1.125200e+01	1.088000e+00
3.673397e+05	1.736000e+00	-1.140000e-01	1.139600e+01	3.328000e+00
2.102839e+05	1.748000e+00	-1.302000e+00	1.026800e+01	3.454000e+00
6.164582e+03	1.748000e+00	-1.266000e+00	1.278800e+01	3.244000e+00
3.384186e+03	1.748000e+00	-1.236000e+00	1.511600e+01	1.130000e+00
3.115812e+05	1.748000e+00	-3.660000e-01	1.137200e+01	1.802000e+00
6.337200e+04	1.748000e+00	-3.420000e-01	1.305200e+01	3.706000e+00
3.055202e+05	1.760000e+00	-1.476000e+00	1.118000e+01	1.312000e+00
8.495490e+02	1.760000e+00	-1.032000e+00	1.367600e+01	2.208000e+00
1.962981e+05	1.760000e+00	-5.340000e-01	1.158800e+01	2.222000e+00
7.875609e+03	1.760000e+00	-3.900000e-01	1.530800e+01	2.334000e+00
6.234720e+04	1.760000e+00	-3.300000e-01	1.276400e+01	1.396000e+00
6.443167e+03	1.772000e+00	-1.410000e+00	1.470800e+01	2.824000e+00
5.401548e+04	1.772000e+00	-8.100000e-01	1.228400e+01	1.998000e+00
1.314139e+04	1.772000e+00	-6.120000e-01	1.343600e+01	3.622000e+00
3.523424e+04	1.772000e+00	-1.260000e-01	1.538000e+01	8.640000e-01
3.188255e+05	1.772000e+00	-7.200000e-02	1.182800e+01	1.872000e+00
4.575980e+05	1.784000e+00	-1.158000e+00	9.956000e+00	1.774000e+00
3.028930e+02	1.784000e+00	-9.720000e-01	1.509200e+01	1.928000e+00
2.387137e+04	1.784000e+00	-9.300000e-01	1.262000e+01	1.634000e+00
1.420508e+02	1.784000e+00	-9.000000e-01	1.542800e+01	2.026000e+00
6.140229e+05	1.784000e+00	-2.940000e-01	9.716000e+00	2.628000e+00
7.621074e+03	1.796000e+00	-1.392000e+00	1.283600e+01	2.992000e+00
2.718352e+03	1.796000e+00	-5.280000e-01	1.521200e+01	1.802000e+00
1.989516e+04	1.796000e+00	-4.680000e-01	1.365200e+01	3.510000e+00
5.338197e+05	1.796000e+00	-2.760000e-01	1.026800e+01	2.502000e+00
1.845587e+05	1.796000e+00	-1.440000e-01	1.233200e+01	2.320000e+00
3.572013e+03	1.808000e+00	-1.206000e+00	1.314800e+01	3.720000e+00
1.249893e+03	1.808000e+00	-1.086000e+00	1.374800e+01	2.474000e+00
1.098944e+03	1.808000e+00	-7.200000e-01	1.386800e+01	2.110000e+00
2.903572e+05	1.808000e+00	-4.560000e-01	1.154000e+01	1.606000e+00
2.591125e+05	1.808000e+00	-1.380000e-01	1.204400e+01	3.314000e+00
4.469223e+05	1.820000e+00	-1.218000e+00	9.908000e+00	2.082000e+00
2.205036e+03	1.820000e+00	-1.164000e+00	1.401200e+01	5.980000e-01
1.636291e+03	1.820000e+00	-9.840000e-01	1.343600e+01	2.502000e+00
1.620875e+03	1.820000e+00	-5.880000e-01	1.533200e+01	8.080000e-01
8.334059e+03	1.820000e+00	-4.140000e-01	1.547600e+01	3.384000e+00
5.470784e+04	1.832000e+00	-1.242000e+00	1.149200e+01	3.944000e+00
4.164261e+05	1.832000e+00	-1.800000e-01	1.146800e+01	9.620000e-01
2.730548e+04	1.832000e+00	-1.740000e-01	1.533200e+01	6.680000e-01
3.505534e+04	1.832000e+00	-1.260000e-01	1.386800e+01	5.000000e-01
4.180327e+04	1.832000e+00	-1.140000e-01	1.449200e+01	1.984000e+00
6.016516e+03	1.844000e+00	-1.380000e+00	1.355600e+01	1.424000e+00
4.795951e+04	1.844000e+00	-8.280000e-01	1.264400e+01	1.060000e+00
4.690022e+03	1.844000e+00	-7.560000e-01	1.331600e+01	2.124000e+00
4.863990e+04	1.844000e+00	-2.700000e-01	1.394000e+01	3.818000e+00
6.735000e+05	1.844000e+00	-5.400000e-02	1.029200e+01	3.342000e+00
3.713083e+05	1.856000e+00	-1.188000e+00	1.158800e+01	6.540000e-01
1.504231e+04	1.856000e+00	-8.940000e-01	1.293200e+01	9.480000e-01
4.251304e+05	1.856000e+00	-7.560000e-01	1.058000e+01	9.620000e-01
6.783089e+02	1.856000e+00	-6.780000e-01	1.422800e+01	1.186000e+00
4.282808e+05	1.856000e+00	-2.760000e-01	1.091600e+01	3.776000e+00
1.900721e+05	1.868000e+00	-1.356000e+00	1.046000e+01	3.762000e+00
4.601519e+03	1.868000e+00	-1.308000e+00	1.358000e+01	2.138000e+00
3.793309e+05	1.868000e+00	-1.158000e+00	1.113200e+01	9.200000e-01
2.863387e+05	1.868000e+00	-9.120000e-01	1.077200e+01	2.796000e+00
4.710177e+04	1.868000e+00	-9.600000e-02	1.514000e+01	2.628000e+00
4.525702e+05	1.880000e+00	-9.960000e-01	9.716000e+00	3.286000e+00
3.220212e+02	1.880000e+00	-7.500000e-01	1.511600e+01	9.900000e-01
1.116870e+05	1.880000e+00	-5.040000e-01	1.230800e+01	1.788000e+00
1.809081e+05	1.880000e+00	-1.080000e-01	1.290800e+01	3.692000e+00
6.315604e+05	1.880000e+00	-6.000000e-03	1.048400e+01	2.516000e+00
1.335908e+04	1.892000e+00	-1.416000e+00	1.271600e+01	1.928000e+00
3.467935e+03	1.892000e+00	-1.242000e+00	1.434800e+01	9.340000e-01
6.252737e+05	1.892000e+00	-7.800000e-01	9.620000e+00	6.400000e-01
4.032620e+04	1.892000e+00	-5.760000e-01	1.278800e+01	2.908000e+00
1.959610e+05	1.892000e+00	-1.380000e-01	1.264400e+01	3.566000e+00
4.806763e+05	1.904000e+00	-1.446000e+00	9.620000e+00	1.312000e+00
6.179084e+03	1.904000e+00	-1.386000e+00	1.422800e+01	7.660000e-01
4.517633e+05	1.904000e+00	-1.128000e+00	1.012400e+01	8.920000e-01
3.573761e+04	1.904000e+00	-6.240000e-01	1.288400e+01	3.622000e+00
7.382353e+04	1.904000e+00	-3.900000e-01	1.283600e+01	3.244000e+00
1.055721e+04	1.916000e+00	-1.404000e+00	1.295600e+01	1.158000e+00
5.063398e+03	1.916000e+00	-1.296000e+00	1.324400e+01	1.438000e+00
2.927353e+03	1.916000e+00	-1.212000e+00	1.398800e+01	1.466000e+00
4.033925e+05	1.916000e+00	-7.740000e-01	1.050800e+01	9.620000e-01
3.057883e+05	1.916000e+00	-3.000000e-01	1.161200e+01	2.208000e+00
3.079877e+03	1.928000e+00	-1.224000e+00	1.485200e+01	2.404000e+00
4.134014e+05	1.928000e+00	-7.320000e-01	1.036400e+01	3.188000e+00
6.867038e+03	1.928000e+00	-6.900000e-01	1.341200e+01	2.446000e+00
5.683453e+05	1.928000e+00	-6.000000e-01	9.500000e+00	1.802000e+00
4.757063e+05	1.928000e+00	-3.540000e-01	1.017200e+01	9.200000e-01
6.477572e+03	1.940000e+00	-1.416000e+00	1.384400e+01	2.544000e+00
1.122812e+03	1.940000e+00	-1.080000e+00	1.478000e+01	1.872000e+00
3.980786e+05	1.940000e+00	-1.074000e+00	1.046000e+01	1.914000e+00
5.663761e+05	1.940000e+00	-3.480000e-01	9.716000e+00	1.536000e+00
4.190401e+05	1.940000e+00	-5.400000e-02	1.161200e+01	2.194000e+00
7.100830e+03	1.952000e+00	-1.452000e+00	1.466000e+01	3.090000e+00
3.283843e+04	1.952000e+00	-1.356000e+00	1.218800e+01	2.712000e+00
2.359669e+04	1.952000e+00	-1.218000e+00	1.226000e+01	3.790000e+00
1.754610e+03	1.952000e+00	-1.134000e+00	1.538000e+01	2.390000e+00
4.942017e+05	1.952000e+00	-2.400000e-02	1.060400e+01	1.494000e+00
4.348595e+05	1.964000e+00	-1.044000e+00	9.812000e+00	2.124000e+00
2.591562e+04	1.964000e+00	-5.280000e-01	1.326800e+01	3.034000e+00
2.024093e+04	1.964000e+00	-4.380000e-01	1.377200e+01	3.132000e+00
6.758013e+05	1.964000e+00	-3.660000e-01	9.572000e+00	5.840000e-01
5.432176e+05	1.964000e+00	-3.180000e-01	1.010000e+01	2.502000e+00
7.978409e+03	1.976000e+00	-1.494000e+00	1.396400e+01	2.670000e+00
6.907879e+02	1.976000e+00	-1.008000e+00	1.370000e+01	1.732000e+00
7.861707e+03	1.976000e+00	-4.560000e-01	1.362800e+01	1.480000e+00
4.580886e+05	1.976000e+00	-4.320000e-01	1.022000e+01	1.998000e+00
5.775663e+04	1.976000e+00	-7.800000e-02	1.530800e+01	3.202000e+00
1.818692e+05	1.988000e+00	-1.308000e+00	1.089200e+01	3.440000e+00
3.792928e+03	1.988000e+00	-1.296000e+00	1.425200e+01	3.300000e+00
1.397003e+03	1.988000e+00	-1.032000e+00	1.377200e+01	3.328000e+00
2.927046e+05	1.988000e+00	-2.040000e-01	1.197200e+01	3.286000e+00
1.690784e+05	1.988000e+00	-3.600000e-02	1.300400e+01	2.446000e+00
2.450966e+02	-5.712516e-01	-9.533032e-01	1.409515e+01	1.611419e+00
1.423095e+02	-4.653815e-01	-8.474332e-01	1.398928e+01	1.717289e+00
1.366839e+02	-3.676022e-01	-8.521142e-01	1.389032e+01	1.805648e+00
1.269472e+02	-2.584408e-01	-8.638905e-01	1.377612e+01	1.910660e+00
1.199801e+02	-1.617214e-01	-8.703735e-01	1.367633e+01	1.997781e+00
1.143681e+02	-9.372567e-02	-8.798404e-01	1.359406e+01	2.103208e+00
1.015587e+02	4.986949e-02	-8.714154e-01	1.345279e+01	2.213478e+00
9.181751e+01	1.576724e-01	-8.729839e-01	1.333832e+01	2.340757e+00
8.709969e+01	2.682006e-01	-8.836467e-01	1.323762e+01	2.403667e+00
8.624288e+01	2.818392e-01	-8.922003e-01	1.319630e+01	2.473672e+00
8.952012e+01	3.411448e-01	-8.765776e-01	1.310780e+01	2.577840e+00
8.521831e+01	2.460204e-01	-9.030782e-01	1.314590e+01	2.568023e+00
8.431845e+01	2.462383e-01	-8.737064e-01	1.310724e+01	2.656804e+00
9.080640e+01	1.611696e-01	-9.172894e-01	1.311899e+01	2.670651e+00
8.305842e+01	2.444367e-01	-8.787069e-01	1.302153e+01	2.767376e+00
8.387303e+01	3.026896e-01	-9.027099e-01	1.297976e+01	2.737022e+00
7.815528e+01	1.069141e-01	-8.843904e-01	1.309836e+01	2.786491e+00
7.728898e+01	1.886927e-01	-9.051988e-01	1.300912e+01	2.823136e+00
8.382873e+01	1.485230e-01	-8.718501e-01	1.301854e+01	2.875999e+00
1.283235e+02	8.388649e-02	-9.482783e-01	1.306350e+01	2.797078e+00
1.473108e+02	2.114839e-01	-8.353226e-01	1.290103e+01	2.980786e+00
8.064311e+01	3.665041e-02	-8.977145e-01	1.308435e+01	2.776392e+00
9.562545e+01	6.125577e-02	-9.248767e-01	1.305285e+01	2.773106e+00
7.649665e+01	1.272786e-01	-8.854400e-01	1.298193e+01	2.846622e+00
7.632407e+01	1.814061e-01	-9.052441e-01	1.292321e+01	2.847748e+00
8.946055e+01	1.979500e-01	-9.283355e-01	1.289646e+01	2.818581e+00
1.497434e+02	1.956683e-01	-8.333179e-01	1.285372e+01	2.942418e+00
2.518350e+02	-4.514158e-03	-9.805035e-01	1.308801e+01	2.687214e+00
1.463952e+02	9.932628e-02	-8.205287e-01	1.298349e+01	2.811825e+00
8.267075e+02	8.440516e-01	-8.594710e-01	1.270330e+01	2.824723e+00
3.183756e+02	7.381815e-01	-9.653410e-01	1.280917e+01	2.930593e+00
2.884733e+02	7.023804e-01	-9.762588e-01	1.284813e+01	2.926735e+00
2.131505e+02	6.624212e-01	-9.505012e-01	1.288526e+01	3.050549e+00
1.976460e+02	6.407229e-01	-9.574501e-01	1.290850e+01	3.036230e+00
1.828656e+02	6.300767e-01	-9.305365e-01	1.291831e+01	3.086634e+00
1.567129e+02	5.890720e-01	-9.462107e-01	1.295520e+01	3.056919e+00
1.677288e+02	5.532350e-01	-9.693048e-01	1.298561e+01	3.083725e+00
1.350912e+02	5.447959e-01	-9.133364e-01	1.299230e+01	3.156223e+00
1.244979e+02	5.258670e-01	-9.147483e-01	1.300844e+01	3.157845e+00
1.267739e+02	5.035650e-01	-9.514002e-01	1.302866e+01	3.073590e+00
1.138047e+02	4.979255e-01	-9.087200e-01	1.303294e+01	3.104263e+00
1.069420e+02	4.711097e-01	-9.366452e-01	1.305616e+01	3.081349e+00
1.008462e+02	4.592349e-01	-9.309099e-01	1.306608e+01	3.097008e+00
9.998148e+01	4.450553e-01	-9.013344e-01	1.307734e+01	3.123951e+00
9.507866e+01	4.357315e-01	-9.058150e-01	1.308643e+01	3.094254e+00
1.161821e+02	4.171051e-01	-9.524061e-01	1.310257e+01	3.054250e+00
1.521568e+02	4.095959e-01	-8.510232e-01	1.310569e+01	3.156046e+00
8.799812e+01	3.894325e-01	-8.966977e-01	1.312611e+01	3.062816e+00
8.393697e+01	3.747777e-01	-9.045922e-01	1.313687e+01	3.064757e+00
1.113515e+02	3.669718e-01	-9.489366e-01	1.314435e+01	3.014112e+00
1.035514e+02	3.637816e-01	-8.717718e-01	1.314518e+01	3.085562e+00
8.249682e+01	3.511510e-01	-9.178498e-01	1.315593e+01	3.028003e+00
8.135209e+01	3.403920e-01	-8.966654e-01	1.316316e+01	3.052303e+00
8.158090e+01	3.366128e-01	-9.178708e-01	1.316607e+01	3.034118e+00
8.332776e+01	3.273469e-01	-9.223796e-01	1.317240e+01	3.034802e+00
8.734855e+01	3.265308e-01	-8.823761e-01	1.317052e+01	3.081498e+00
7.903232e+01	3.213268e-01	-9.021342e-01	1.317556e+01	3.041259e+00
7.866531e+01	3.122428e-01	-9.112225e-01	1.318162e+01	3.037444e+00
8.622766e+01	3.090085e-01	-9.273588e-01	1.318306e+01	3.039230e+00
8.487675e+01	3.042381e-01	-8.827088e-01	1.318442e+01	3.086679e+00
2.575858e+02	9.926194e-01	-9.572129e-01	1.346960e+01	1.374232e+00
1.386065e+02	8.867493e-01	-8.513428e-01	1.357547e+01	1.268362e+00
1.738860e+02	8.217644e-01	-8.076135e-01	1.363740e+01	1.265983e+00
1.294473e+02	7.577264e-01	-8.565141e-01	1.369874e+01	1.222121e+00
1.290162e+02	7.226404e-01	-8.825968e-01	1.373085e+01	1.240929e+00
1.393202e+02	6.969802e-01	-9.017486e-01	1.375373e+01	1.263564e+00
1.282798e+02	6.890468e-01	-8.851181e-01	1.375620e+01	1.329934e+00
1.235670e+02	6.897746e-01	-8.617093e-01	1.374868e+01	1.418033e+00
1.212724e+02	6.824631e-01	-8.700639e-01	1.374856e+01	1.467472e+00
1.234055e+02	6.823580e-01	-8.868832e-01	1.374227e+01	1.527156e+00
1.213180e+02	6.773938e-01	-8.863726e-01	1.373920e+01	1.590164e+00
1.247643e+02	6.833947e-01	-8.985034e-01	1.372634e+01	1.667191e+00
1.141133e+02	6.739016e-01	-8.742726e-01	1.372584e+01	1.730278e+00
1.122579e+02	6.556704e-01	-8.677886e-01	1.372832e+01	1.801774e+00
1.106422e+02	6.465020e-01	-8.682436e-01	1.372754e+01	1.857171e+00
1.088576e+02	6.471777e-01	-8.755562e-01	1.372209e+01	1.912616e+00
1.082569e+02	6.262698e-01	-8.830034e-01	1.372675e+01	1.970166e+00
1.123028e+02	5.922188e-01	-8.965433e-01	1.373955e+01	2.010499e+00
1.035625e+02	5.846237e-01	-8.758373e-01	1.373475e+01	2.084498e+00
1.091362e+02	5.870347e-01	-8.524580e-01	1.372501e+01	2.151236e+00
1.000795e+02	5.585711e-01	-8.784733e-01	1.372874e+01	2.203008e+00
1.101805e+02	5.174233e-01	-9.064736e-01	1.373770e+01	2.256149e+00
9.728963e+01	5.107007e-01	-8.845988e-01	1.373008e+01	2.326386e+00
1.032593e+02	5.202561e-01	-8.535820e-01	1.371405e+01	2.405719e+00
9.420603e+01	4.900019e-01	-8.863216e-01	1.371747e+01	2.434004e+00
1.053152e+02	4.565579e-01	-9.115084e-01	1.371949e+01	2.487903e+00
9.092398e+01	4.543144e-01	-8.867567e-01	1.371014e+01	2.550718e+00
9.302792e+01	4.527451e-01	-8.650580e-01	1.369785e+01	2.621243e+00
8.886774e+01	4.375520e-01	-8.901376e-01	1.369676e+01	2.643365e+00
9.725379e+01	4.120949e-01	-9.106856e-01	1.369854e+01	2.672753e+00
9.167631e+01	4.155761e-01	-9.058345e-01	1.368862e+01	2.727345e+00
8.940562e+01	4.012239e-01	-9.031802e-01	1.368643e+01	2.762634e+00
8.426890e+01	4.176003e-01	-8.813037e-01	1.367086e+01	2.832608e+00
8.376941e+01	3.983350e-01	-8.803577e-01	1.366777e+01	2.883895e+00
8.296861e+01	3.948649e-01	-8.944115e-01	1.366283e+01	2.902016e+00
8.231927e+01	4.276698e-01	-8.838419e-01	1.363989e+01	2.954917e+00
8.709020e+01	3.818268e-01	-9.113788e-01	1.365053e+01	2.943182e+00
9.398307e+01	3.683607e-01	-9.211673e-01	1.364737e+01	2.961015e+00
8.064587e+01	3.629893e-01	-8.908075e-01	1.363976e+01	3.009075e+00
9.285521e+01	3.575585e-01	-8.638416e-01	1.363400e+01	3.050542e+00
8.135559e+01	3.300265e-01	-8.984548e-01	1.363928e+01	3.032779e+00
1.018473e+02	3.251857e-01	-9.303848e-01	1.363666e+01	3.031011e+00
7.968530e+01	3.347741e-01	-8.957270e-01	1.362464e+01	3.086420e+00
7.935597e+01	3.406947e-01	-8.923023e-01	1.361874e+01	3.099534e+00
8.102087e+01	3.336028e-01	-8.832529e-01	1.361355e+01	3.128914e+00
8.125647e+01	3.417597e-01	-8.828021e-01	1.360390e+01	3.152190e+00
8.565733e+01	3.029987e-01	-9.170626e-01	1.361494e+01	3.124966e+00
9.735497e+01	2.955866e-01	-9.301529e-01	1.361206e+01	3.127799e+00
7.961757e+01	3.095754e-01	-8.872612e-01	1.359861e+01	3.181262e+00
8.414308e+01	3.101601e-01	-8.770284e-01	1.359591e+01	3.184830e+00
7.861549e+01	2.914326e-01	-8.961212e-01	1.359783e+01	3.179584e+00
8.918296e+01	2.673592e-01	-9.216774e-01	1.360590e+01	3.148474e+00
7.905971e+01	2.829310e-01	-8.899230e-01	1.359117e+01	3.187870e+00
8.814923e+01	2.896855e-01	-8.716841e-01	1.358037e+01	3.213448e+00
8.046042e+01	2.717718e-01	-9.086213e-01	1.358683e+01	3.180161e+00
8.790748e+01	2.788189e-01	-9.226468e-01	1.358272e+01	3.173000e+00
7.802119e+01	2.924501e-01	-8.958667e-01	1.357101e+01	3.203693e+00
8.133343e+01	2.902304e-01	-8.824290e-01	1.356546e+01	3.214158e+00
7.951811e+01	2.801346e-01	-9.089680e-01	1.356605e+01	3.199912e+00
7.785934e+01	2.754331e-01	-8.952343e-01	1.355810e+01	3.232532e+00
8.070525e+01	2.739409e-01	-9.138934e-01	1.355655e+01	3.216888e+00
4.929125e+02	1.235019e+00	-1.011948e+00	1.436101e+01	2.195265e+00
1.177745e+02	1.340889e+00	-9.060783e-01	1.425514e+01	2.301135e+00
1.658990e+02	1.402856e+00	-8.315915e-01	1.416730e+01	2.394067e+00
1.223763e+02	1.298013e+00	-8.462967e-01	1.426927e+01	2.309950e+00
1.130186e+02	1.252136e+00	-8.556827e-01	1.431172e+01	2.283011e+00
1.058209e+02	1.214982e+00	-8.736430e-01	1.434885e+01	2.268888e+00
1.056697e+02	1.199710e+00	-8.786991e-01	1.436161e+01	2.276531e+00
1.051211e+02	1.198651e+00	-8.712709e-01	1.435616e+01	2.307120e+00
1.046946e+02	1.182399e+00	-8.728764e-01	1.436732e+01	2.313814e+00
1.046619e+02	1.163570e+00	-8.789767e-01	1.438364e+01	2.318451e+00
1.054739e+02	1.160014e+00	-8.653410e-01	1.438105e+01	2.346816e+00
1.041468e+02	1.144463e+00	-8.689156e-01	1.439034e+01	2.362221e+00
1.035300e+02	1.142331e+00	-8.689208e-01	1.438665e+01	2.389500e+00
1.027350e+02	1.124983e+00	-8.726271e-01	1.440101e+01	2.398022e+00
1.023476e+02	1.125834e+00	-8.698098e-01	1.439268e+01	2.433746e+00
1.095166e+02	1.133519e+00	-8.530332e-01	1.437578e+01	2.481468e+00
1.004842e+02	1.108506e+00	-8.820445e-01	1.439593e+01	2.485602e+00
1.002973e+02	1.099544e+00	-8.842046e-01	1.439947e+01	2.505155e+00
9.962823e+01	1.087867e+00	-8.721592e-01	1.440393e+01	2.536068e+00
9.942635e+01	1.093029e+00	-8.698665e-01	1.438854e+01	2.580653e+00
9.840977e+01	1.067197e+00	-8.722449e-01	1.440755e+01	2.592983e+00
9.750745e+01	1.043550e+00	-8.738451e-01	1.441972e+01	2.621590e+00
9.674090e+01	1.034258e+00	-8.762612e-01	1.442187e+01	2.641604e+00
9.591203e+01	1.038147e+00	-8.763457e-01	1.440962e+01	2.678001e+00
9.591534e+01	1.020617e+00	-8.737495e-01	1.441529e+01	2.700419e+00
9.453359e+01	1.024061e+00	-8.779523e-01	1.440455e+01	2.734699e+00
9.461203e+01	9.988862e-01	-8.749152e-01	1.441576e+01	2.755290e+00
9.717101e+01	9.992533e-01	-8.665921e-01	1.440519e+01	2.802298e+00
9.310448e+01	9.658689e-01	-8.870428e-01	1.442409e+01	2.803225e+00
9.787675e+01	9.586940e-01	-8.640752e-01	1.442114e+01	2.837445e+00
9.309379e+01	9.341046e-01	-8.918909e-01	1.443191e+01	2.847804e+00
9.165075e+01	9.143645e-01	-8.862157e-01	1.443787e+01	2.873658e+00
9.502232e+01	9.174179e-01	-8.675832e-01	1.442434e+01	2.916761e+00
9.071200e+01	8.896495e-01	-8.801990e-01	1.443542e+01	2.926596e+00
9.136335e+01	8.934297e-01	-8.745175e-01	1.442049e+01	2.966913e+00
1.029256e+02	9.102417e-01	-8.561582e-01	1.439446e+01	3.019199e+00
9.140796e+01	8.655315e-01	-9.018363e-01	1.441612e+01	3.010120e+00
9.839469e+01	8.361119e-01	-9.139430e-01	1.442803e+01	3.016178e+00
1.104034e+02	8.486982e-01	-8.473781e-01	1.440280e+01	3.086352e+00
1.046727e+02	8.412462e-01	-8.533869e-01	1.440004e+01	3.103837e+00
8.700110e+01	8.110525e-01	-8.898131e-01	1.441219e+01	3.101988e+00
1.485277e+02	-5.321548e-01	-8.125548e-01	1.234361e+01	1.675277e+00
1.213769e+02	-4.262848e-01	-9.184249e-01	1.223774e+01	1.781147e+00
8.429232e+01	-3.573452e-01	-8.719221e-01	1.214021e+01	1.887090e+00
7.859653e+01	-2.730109e-01	-8.638381e-01	1.205266e+01	1.945370e+00
7.339613e+01	-2.361998e-01	-8.977235e-01	1.198245e+01	2.008952e+00
6.790424e+01	-1.931791e-01	-8.838652e-01	1.190763e+01	2.089543e+00
7.799585e+01	-2.287141e-01	-9.168162e-01	1.186842e+01	2.134838e+00
7.012749e+01	-2.420290e-01	-8.723535e-01	1.182603e+01	2.193217e+00
6.661906e+01	-1.989242e-01	-9.068246e-01	1.174242e+01	2.252264e+00
7.875962e+01	-9.398416e-02	-9.095932e-01	1.165132e+01	2.289953e+00
1.080112e+02	-3.011716e-01	-9.429612e-01	1.181596e+01	2.320080e+00
9.550718e+01	-2.816761e-01	-8.510252e-01	1.176389e+01	2.405641e+00
7.855511e+01	-2.895108e-01	-9.209301e-01	1.179400e+01	2.286922e+00
8.962238e+01	-2.830445e-01	-8.543320e-01	1.175480e+01	2.352735e+00
6.959825e+01	-2.712593e-01	-9.109407e-01	1.176311e+01	2.257422e+00
6.720785e+01	-2.391986e-01	-8.846219e-01	1.169662e+01	2.316261e+00
8.424792e+01	-2.759691e-01	-9.275120e-01	1.173631e+01	2.222197e+00
6.475100e+01	-2.367006e-01	-8.923835e-01	1.168364e+01	2.236912e+00
7.879902e+01	-2.727402e-01	-8.673246e-01	1.164614e+01	2.342128e+00
2.601078e+02	-2.820218e-01	-9.869697e-01	1.172400e+01	2.154669e+00
3.498116e+02	-2.298804e-01	-7.632049e-01	1.160091e+01	2.332859e+00
3.024923e+02	-4.473926e-01	-9.877212e-01	1.184126e+01	2.075424e+00
3.777128e+02	-3.809272e-01	-7.402372e-01	1.177102e+01	2.165034e+00
1.064239e+02	-4.736027e-01	-8.364964e-01	1.192397e+01	1.969203e+00
8.208662e+01	-4.489798e-01	-8.794205e-01	1.191498e+01	1.948664e+00
1.511250e+02	5.156387e-01	-8.985677e-01	1.476761e+01	1.401600e+00
2.033020e+02	6.215088e-01	-7.926977e-01	1.466174e+01	1.507470e+00
1.440807e+02	7.136861e-01	-8.976079e-01	1.457106e+01	1.597681e+00
1.295411e+02	8.216287e-01	-8.612292e-01	1.446498e+01	1.699257e+00
1.456746e+02	9.416014e-01	-9.130342e-01	1.434954e+01	1.805716e+00
1.521701e+02	1.046532e+00	-8.141554e-01	1.424590e+01	1.915450e+00
1.398683e+02	1.115855e+00	-9.184915e-01	1.418068e+01	1.969637e+00
1.171615e+02	1.248879e+00	-8.697986e-01	1.406329e+01	2.100130e+00
1.125754e+02	1.057090e+00	-8.683606e-01	1.425014e+01	1.990328e+00
1.156725e+02	1.013378e+00	-8.586195e-01	1.428209e+01	1.990984e+00
1.310503e+02	1.040950e+00	-9.132865e-01	1.424953e+01	2.080422e+00
1.410302e+02	1.031324e+00	-8.207975e-01	1.425024e+01	2.145522e+00
1.208798e+02	1.051526e+00	-9.085134e-01	1.422727e+01	2.193458e+00
1.042586e+02	1.077517e+00	-8.793602e-01	1.419421e+01	2.290330e+00
1.056070e+02	9.962392e-01	-8.873674e-01	1.425262e+01	2.302304e+00
1.019951e+02	1.009310e+00	-8.764472e-01	1.423203e+01	2.356877e+00
1.041235e+02	9.466240e-01	-8.622542e-01	1.426634e+01	2.399503e+00
1.367925e+02	8.700683e-01	-9.238530e-01	1.432158e+01	2.361105e+00
1.096862e+02	9.174068e-01	-8.491685e-01	1.427332e+01	2.481976e+00
1.420430e+02	8.599438e-01	-9.324183e-01	1.429619e+01	2.492221e+00
1.265940e+02	8.951080e-01	-8.305272e-01	1.425319e+01	2.590810e+00
1.466744e+02	7.557037e-01	-9.323321e-01	1.435572e+01	2.489974e+00
1.145572e+02	8.063519e-01	-8.406365e-01	1.429769e+01	2.602335e+00
9.838427e+01	8.396180e-01	-8.951478e-01	1.426701e+01	2.639220e+00
9.630345e+01	8.067637e-01	-8.899796e-01	1.427745e+01	2.665861e+00
3.042483e+03	4.139871e-01	-5.154194e-01	1.412643e+01	1.848606e+00
1.191945e+03	3.081170e-01	-6.212894e-01	1.423230e+01	1.742736e+00
3.971543e+02	2.242107e-01	-7.270338e-01	1.431466e+01	1.651392e+00
1.827180e+02	1.785227e-01	-8.036384e-01	1.435795e+01	1.597782e+00
1.366863e+02	1.449726e-01	-8.730151e-01	1.438613e+01	1.558567e+00
1.784774e+02	1.249418e-01	-9.248428e-01	1.440040e+01	1.534744e+00
2.800274e+02	1.109048e-01	-9.635655e-01	1.440769e+01	1.520554e+00
3.635782e+02	1.030417e-01	-9.821603e-01	1.440784e+01	1.513866e+00
4.331916e+02	9.899612e-02	-9.948647e-01	1.440254e+01	1.513164e+00
4.818584e+02	9.778262e-02	-1.002826e+00	1.439492e+01	1.516146e+00
4.039740e+02	1.003541e-01	-9.898205e-01	1.438254e+01	1.524127e+00
3.149637e+02	1.060864e-01	-9.721073e-01	1.436574e+01	1.535948e+00
2.289510e+02	1.131612e-01	-9.488988e-01	1.434830e+01	1.549886e+00
1.810851e+02	1.229439e-01	-9.276308e-01	1.432657e+01	1.566885e+00
1.526184e+02	1.339979e-01	-9.066647e-01	1.430417e+01	1.585609e+00
1.385965e+02	1.454416e-01	-8.866987e-01	1.428198e+01	1.605004e+00
1.332277e+02	1.615918e-01	-8.694034e-01	1.425294e+01	1.628785e+00
1.353992e+02	1.787146e-01	-8.540308e-01	1.422281e+01	1.652910e+00
1.382619e+02	2.002607e-01	-8.433780e-01	1.418824e+01	1.681241e+00
1.410033e+02	2.230000e-01	-8.361787e-01	1.415177e+01	1.710079e+00
1.435472e+02	2.500168e-01	-8.303645e-01	1.410965e+01	1.742456e+00
1.433199e+02	2.786154e-01	-8.282514e-01	1.406682e+01	1.776086e+00
1.423142e+02	3.114238e-01	-8.268126e-01	1.402064e+01	1.811869e+00
1.406607e+02	3.480513e-01	-8.258427e-01	1.397081e+01	1.850723e+00
1.355891e+02	3.851336e-01	-8.284030e-01	1.391987e+01	1.888908e+00
1.297163e+02	4.254031e-01	-8.318730e-01	1.386400e+01	1.931172e+00
1.233109e+02	4.605621e-01	-8.369420e-01	1.381194e+01	1.969962e+00
1.172963e+02	5.014989e-01	-8.425713e-01	1.375463e+01	2.011854e+00
1.123401e+02	5.226470e-01	-8.488736e-01	1.371483e+01	2.050444e+00
1.084008e+02	5.255028e-01	-8.550712e-01	1.368969e+01	2.087255e+00
1.038825e+02	5.335394e-01	-8.623567e-01	1.365973e+01	2.125663e+00
1.008585e+02	5.485377e-01	-8.698709e-01	1.362329e+01	2.166962e+00
9.882035e+01	5.312482e-01	-8.764217e-01	1.361374e+01	2.205739e+00
9.762690e+01	4.973831e-01	-8.818437e-01	1.361545e+01	2.245791e+00
9.711554e+01	4.719452e-01	-8.866864e-01	1.360873e+01	2.287670e+00
9.725875e+01	4.345160e-01	-8.908334e-01	1.361091e+01	2.327693e+00
9.629181e+01	4.148187e-01	-8.931148e-01	1.359587e+01	2.375046e+00
9.488010e+01	3.943666e-01	-8.948272e-01	1.357836e+01	2.425721e+00
9.281234e+01	3.825681e-01	-8.947804e-01	1.355594e+01	2.477368e+00
9.081241e+01	3.645349e-01	-8.942226e-01	1.353621e+01	2.529451e+00
8.808449e+01	3.595927e-01	-8.926429e-01	1.350596e+01	2.583764e+00
8.575342e+01	3.444925e-01	-8.908342e-01	1.347923e+01	2.637476e+00
8.369383e+01	3.407209e-01	-8.889042e-01	1.344578e+01	2.691430e+00
8.241650e+01	3.190665e-01	-8.881087e-01	1.342527e+01	2.736324e+00
8.120850e+01	3.108644e-01	-8.863846e-01	1.339310e+01	2.787535e+00
8.036529e+01	2.833533e-01	-8.855210e-01	1.337370e+01	2.832710e+00
7.975834e+01	2.697968e-01	-8.846714e-01	1.334543e+01	2.878285e+00
7.921644e+01	2.362404e-01	-8.847306e-01	1.333128e+01	2.915957e+00
7.872869e+01	2.199304e-01	-8.850237e-01	1.330818e+01	2.954400e+00
7.844665e+01	1.852858e-01	-8.853887e-01	1.329493e+01	2.990413e+00
7.788127e+01	1.727129e-01	-8.867331e-01	1.327223e+01	3.021663e+00
7.744091e+01	1.599901e-01	-8.877228e-01	1.324774e+01	3.054229e+00
7.681697e+01	1.519361e-01	-8.897882e-01	1.322586e+01	3.079012e+00
7.642360e+01	1.298069e-01	-8.921810e-01	1.321234e+01	3.100259e+00
7.586276e+01	1.294750e-01	-8.943259e-01	1.318898e+01	3.121479e+00
7.530947e+01	1.335731e-01	-8.966638e-01	1.316284e+01	3.143421e+00
7.492904e+01	1.363299e-01	-8.985199e-01	1.313804e+01	3.161938e+00
7.461873e+01	1.359661e-01	-9.013079e-01	1.311512e+01	3.176607e+00
7.443002e+01	1.386734e-01	-9.025038e-01	1.309144e+01	3.194126e+00
7.441583e+01	1.538116e-01	-9.035196e-01	1.306319e+01	3.208091e+00
7.431882e+01	1.453488e-01	-9.043980e-01	1.304482e+01	3.223766e+00
2.903176e+02	-6.299355e-02	-7.539097e-01	1.332885e+01	1.210026e+00
1.211967e+02	4.287652e-02	-8.597797e-01	1.322298e+01	1.315896e+00
2.920952e+02	1.852349e-01	-9.733030e-01	1.308205e+01	1.455625e+00
1.692642e+02	1.724979e-01	-9.383777e-01	1.300578e+01	1.574755e+00
1.084009e+02	2.017497e-01	-8.867141e-01	1.290126e+01	1.707138e+00
1.101417e+02	1.423542e-01	-8.455286e-01	1.291651e+01	1.829797e+00
1.280474e+02	8.354576e-02	-8.223688e-01	1.292295e+01	1.955302e+00
1.180972e+02	2.780135e-02	-8.289437e-01	1.293530e+01	2.051683e+00
1.017978e+02	-3.167643e-02	-8.462276e-01	1.293720e+01	2.151831e+00
9.011644e+01	-9.036391e-02	-8.721390e-01	1.293727e+01	2.246087e+00
9.233522e+01	-1.207632e-01	-8.961528e-01	1.291339e+01	2.339641e+00
9.547093e+01	-1.253909e-01	-9.085896e-01	1.287210e+01	2.431646e+00
9.675210e+01	-1.212242e-01	-9.163428e-01	1.282090e+01	2.528218e+00
8.723243e+01	-9.724204e-02	-9.137687e-01	1.275695e+01	2.626643e+00
7.665413e+01	-7.138025e-02	-9.053115e-01	1.269183e+01	2.723862e+00
7.249147e+01	-4.028985e-02	-8.919196e-01	1.262211e+01	2.819962e+00
7.507384e+01	-1.578035e-02	-8.858614e-01	1.256421e+01	2.893100e+00
7.443392e+01	-7.132549e-03	-8.903397e-01	1.252989e+01	2.931992e+00
7.429205e+01	-8.313071e-03	-8.935212e-01	1.249939e+01	2.970004e+00
7.243242e+01	-1.211514e-02	-9.021991e-01	1.247859e+01	2.989256e+00
7.124368e+01	-3.423533e-02	-9.099649e-01	1.247096e+01	3.003859e+00
7.215562e+01	-6.663218e-02	-9.168483e-01	1.246639e+01	3.021474e+00
7.624651e+01	-9.011471e-02	-9.249590e-01	1.246385e+01	3.026225e+00
7.943112e+01	-1.131427e-01	-9.286737e-01	1.245639e+01	3.037905e+00
7.725272e+01	-1.213475e-01	-9.257443e-01	1.244215e+01	3.049274e+00
7.449277e+01	-1.261841e-01	-9.209949e-01	1.242672e+01	3.059607e+00
7.201112e+01	-1.227551e-01	-9.127789e-01	1.240536e+01	3.072033e+00
7.259807e+01	-1.162024e-01	-9.051688e-01	1.238433e+01	3.080106e+00
7.316222e+01	-1.159389e-01	-9.014848e-01	1.237193e+01	3.077882e+00
7.474885e+01	-1.123085e-01	-8.963477e-01	1.235925e+01	3.073530e+00
7.307830e+01	-1.211865e-01	-9.000616e-01	1.236170e+01	3.053208e+00
7.157906e+01	-1.290243e-01	-9.079789e-01	1.237541e+01	3.016895e+00
7.315632e+01	-1.398446e-01	-9.167960e-01	1.238460e+01	2.988468e+00
7.491673e+01	-1.420743e-01	-9.204149e-01	1.238310e+01	2.969061e+00
7.698737e+01	-1.420540e-01	-9.235116e-01	1.238239e+01	2.946708e+00
7.316649e+01	-1.303594e-01	-9.176565e-01	1.236681e+01	2.939213e+00
7.210606e+01	-1.220134e-01	-9.154519e-01	1.236023e+01	2.922480e+00
7.018225e+02	-4.070452e-01	-6.718065e-01	1.157732e+01	9.089806e-01
2.078836e+02	-3.011751e-01	-7.776765e-01	1.147145e+01	8.031106e-01
1.004077e+02	-4.051404e-01	-8.310918e-01	1.136919e+01	8.987905e-01
7.250561e+01	-3.745207e-01	-8.648917e-01	1.124814e+01	9.822243e-01
7.365550e+01	-3.724220e-01	-8.499724e-01	1.113095e+01	1.042562e+00
6.381471e+01	-3.424425e-01	-8.697453e-01	1.105411e+01	1.109179e+00
5.949749e+01	-4.146086e-01	-8.707938e-01	1.105783e+01	1.091731e+00
5.908590e+01	-3.826060e-01	-8.758606e-01	1.100030e+01	1.052632e+00
5.978245e+01	-3.962411e-01	-8.644240e-01	1.098047e+01	1.141993e+00
5.726284e+01	-4.021520e-01	-8.855938e-01	1.098010e+01	1.112169e+00
5.925251e+01	-3.747973e-01	-8.696429e-01	1.092962e+01	1.156559e+00
5.731294e+01	-4.503528e-01	-8.716021e-01	1.100596e+01	1.181906e+00
5.777741e+01	-3.766174e-01	-8.759347e-01	1.096029e+01	1.132118e+00
5.764614e+01	-4.644837e-01	-8.738092e-01	1.099669e+01	1.123551e+00
6.352125e+01	-3.627175e-01	-8.640063e-01	1.091809e+01	1.139436e+00
6.020881e+01	-4.744328e-01	-8.877023e-01	1.098284e+01	1.039769e+00
5.656746e+01	-4.326006e-01	-8.688367e-01	1.092857e+01	1.092549e+00
5.627112e+01	-4.494125e-01	-8.693945e-01	1.093444e+01	1.148344e+00
5.927826e+01	-3.696649e-01	-8.783907e-01	1.089214e+01	1.071792e+00
7.385861e+01	-4.239036e-01	-8.423853e-01	1.093506e+01	1.119507e+00
6.618280e+01	-4.560302e-01	-9.009424e-01	1.101103e+01	1.025537e+00
9.502964e+01	-4.013140e-01	-8.243563e-01	1.094968e+01	1.051483e+00
7.378982e+01	-4.045689e-01	-9.130914e-01	1.095422e+01	1.005685e+00
2.045958e+02	-3.710712e-01	-7.770834e-01	1.090176e+01	1.098654e+00
9.638691e+01	-4.928599e-01	-9.193002e-01	1.107104e+01	8.133876e-01
3.247830e+02	1.715871e-01	-7.460903e-01	1.453303e+01	1.730013e+00
1.346377e+02	2.774572e-01	-8.519604e-01	1.442716e+01	1.835883e+00
1.994097e+02	4.028426e-01	-9.433973e-01	1.430137e+01	1.961350e+00
1.189928e+02	5.142562e-01	-8.876659e-01	1.418851e+01	2.075906e+00
1.161457e+02	6.293834e-01	-8.445647e-01	1.407208e+01	2.192928e+00
1.377827e+02	7.309174e-01	-8.212711e-01	1.396830e+01	2.296542e+00
1.409243e+02	7.691626e-01	-8.215980e-01	1.390848e+01	2.369306e+00
1.208395e+02	7.593978e-01	-8.381350e-01	1.388485e+01	2.418057e+00
1.017001e+02	7.288258e-01	-8.617353e-01	1.387432e+01	2.454375e+00
9.768786e+01	7.410058e-01	-8.717254e-01	1.383062e+01	2.516333e+00
9.405536e+01	6.973252e-01	-8.901055e-01	1.382482e+01	2.563760e+00
9.142153e+01	6.615396e-01	-8.888054e-01	1.380334e+01	2.635352e+00
9.087832e+01	6.694583e-01	-8.853452e-01	1.375412e+01	2.712141e+00
9.352939e+01	6.628693e-01	-8.770203e-01	1.371236e+01	2.784780e+00
8.842757e+01	6.117221e-01	-8.832178e-01	1.370243e+01	2.836932e+00
8.627774e+01	5.590494e-01	-8.821244e-01	1.369386e+01	2.888773e+00
8.308318e+01	5.101965e-01	-8.900083e-01	1.367975e+01	2.931196e+00
8.337061e+01	5.303371e-01	-8.968415e-01	1.361913e+01	2.981682e+00
8.145788e+01	4.866926e-01	-8.969906e-01	1.360408e+01	3.033762e+00
8.077507e+01	4.580289e-01	-9.055326e-01	1.358036e+01	3.079133e+00
8.109999e+01	4.500298e-01	-8.922927e-01	1.353877e+01	3.142443e+00
8.684848e+01	4.150783e-01	-8.801958e-01	1.350965e+01	3.204959e+00
7.768259e+01	3.546303e-01	-8.983137e-01	1.352977e+01	3.190149e+00
7.804353e+01	3.065908e-01	-9.064868e-01	1.353105e+01	3.203093e+00
7.747340e+01	3.279694e-01	-9.084498e-01	1.349680e+01	3.222097e+00
8.317534e+01	3.703998e-01	-8.866408e-01	1.344216e+01	3.265295e+00
8.096347e+01	3.598326e-01	-8.902720e-01	1.343046e+01	3.265664e+00
7.814543e+01	3.186564e-01	-8.937053e-01	1.343352e+01	3.267429e+00
7.689889e+01	2.894975e-01	-9.099695e-01	1.344217e+01	3.244032e+00
7.653380e+01	3.137270e-01	-9.107205e-01	1.339861e+01	3.262432e+00
7.676096e+01	3.230624e-01	-9.131957e-01	1.337420e+01	3.265173e+00
7.981754e+01	3.427947e-01	-8.982145e-01	1.332222e+01	3.307880e+00
7.664904e+01	3.071842e-01	-9.038550e-01	1.333505e+01	3.286204e+00
7.670407e+01	2.984052e-01	-9.164153e-01	1.332607e+01	3.276019e+00
7.633167e+01	2.924713e-01	-9.053749e-01	1.330738e+01	3.287574e+00
7.573727e+01	2.517611e-01	-9.063807e-01	1.332170e+01	3.273172e+00
7.587726e+01	2.689960e-01	-9.053954e-01	1.329379e+01	3.292446e+00
7.554650e+01	2.564967e-01	-9.112884e-01	1.329567e+01	3.280583e+00
7.726048e+01	2.827075e-01	-9.009511e-01	1.325670e+01	3.299996e+00
8.267804e+01	2.653089e-01	-8.885865e-01	1.324199e+01	3.319900e+00
7.552256e+01	2.294017e-01	-9.022812e-01	1.325985e+01	3.285207e+00
7.564120e+01	1.898064e-01	-9.077998e-01	1.328549e+01	3.247727e+00
7.546496e+01	2.096305e-01	-9.104833e-01	1.326343e+01	3.237793e+00
7.906760e+01	2.728323e-01	-8.953540e-01	1.320242e+01	3.260816e+00
7.721976e+01	2.418933e-01	-8.956007e-01	1.321213e+01	3.240386e+00
7.982683e+01	2.134000e-01	-8.880968e-01	1.320460e+01	3.252261e+00
7.563332e+01	1.715023e-01	-9.093906e-01	1.323393e+01	3.204142e+00
9.390886e+01	1.547872e-01	-9.342217e-01	1.325478e+01	3.148507e+00
8.019149e+01	2.243769e-01	-8.864427e-01	1.319058e+01	3.192367e+00
1.133744e+03	4.374452e-01	-1.078413e+00	1.489272e+01	1.501948e+00
3.173613e+02	5.433152e-01	-9.725428e-01	1.478685e+01	1.607818e+00
2.255134e+02	6.102715e-01	-9.484048e-01	1.469821e+01	1.696441e+00
1.706145e+02	6.974951e-01	-9.247300e-01	1.458540e+01	1.800406e+00
1.405638e+02	8.115120e-01	-9.072605e-01	1.446330e+01	1.900349e+00
1.204789e+02	9.382236e-01	-8.930691e-01	1.434313e+01	2.028224e+00
1.116953e+02	1.048299e+00	-8.881720e-01	1.423814e+01	2.115861e+00
1.102498e+02	1.171431e+00	-8.861532e-01	1.410009e+01	2.238911e+00
1.088462e+02	9.848708e-01	-8.833016e-01	1.427490e+01	2.180323e+00
1.044502e+02	1.012847e+00	-8.791647e-01	1.423834e+01	2.272100e+00
1.037837e+02	9.607731e-01	-8.763814e-01	1.427107e+01	2.305900e+00
1.031778e+02	9.230749e-01	-8.751118e-01	1.428758e+01	2.341655e+00
1.001380e+02	9.651800e-01	-8.730715e-01	1.423795e+01	2.437854e+00
9.905703e+01	1.009076e+00	-8.759267e-01	1.417889e+01	2.518222e+00
9.788966e+01	8.862056e-01	-8.754258e-01	1.425208e+01	2.520755e+00
9.640878e+01	8.526703e-01	-8.729610e-01	1.424882e+01	2.598699e+00
9.504141e+01	8.688465e-01	-8.772357e-01	1.422786e+01	2.625147e+00
9.382207e+01	9.100312e-01	-8.817123e-01	1.418513e+01	2.681551e+00
9.286391e+01	8.171817e-01	-8.778723e-01	1.423214e+01	2.722526e+00
9.229740e+01	7.557122e-01	-8.757302e-01	1.424860e+01	2.783461e+00
9.048017e+01	7.939484e-01	-8.804645e-01	1.420510e+01	2.815349e+00
9.011792e+01	7.423454e-01	-8.772020e-01	1.421204e+01	2.867150e+00
8.850070e+01	7.670916e-01	-8.833499e-01	1.418512e+01	2.897688e+00
8.928887e+01	8.418691e-01	-8.846426e-01	1.410388e+01	2.987196e+00
8.906301e+01	6.506992e-01	-8.871539e-01	1.422510e+01	2.929312e+00
8.809154e+01	6.332213e-01	-8.814234e-01	1.421641e+01	2.982306e+00
8.614979e+01	6.752474e-01	-8.829063e-01	1.416738e+01	3.035602e+00
8.747164e+01	7.415561e-01	-8.806319e-01	1.409362e+01	3.125373e+00
8.756258e+01	5.824143e-01	-8.912001e-01	1.420548e+01	3.037943e+00
8.679238e+01	5.690538e-01	-8.906249e-01	1.419770e+01	3.070505e+00
8.450867e+01	6.267624e-01	-8.834192e-01	1.413087e+01	3.153475e+00
8.404608e+01	5.980027e-01	-8.849610e-01	1.413285e+01	3.168897e+00
8.298365e+01	6.157064e-01	-8.883861e-01	1.410857e+01	3.194666e+00
8.267666e+01	6.343410e-01	-8.907814e-01	1.409069e+01	3.189444e+00
8.218035e+01	5.919782e-01	-8.900524e-01	1.408942e+01	3.239957e+00
8.246383e+01	5.242219e-01	-8.902726e-01	1.410934e+01	3.264735e+00
8.148151e+01	5.726707e-01	-8.914214e-01	1.407129e+01	3.287050e+00
8.207429e+01	5.632548e-01	-8.876941e-01	1.405186e+01	3.329202e+00
8.114563e+01	5.460170e-01	-8.989872e-01	1.405838e+01	3.296050e+00
8.251560e+01	4.682103e-01	-8.972331e-01	1.409396e+01	3.305759e+00
8.102271e+01	5.599316e-01	-8.913947e-01	1.400987e+01	3.379181e+00
8.216489e+01	4.563752e-01	-9.010458e-01	1.406545e+01	3.337422e+00
8.208266e+01	5.231732e-01	-8.876589e-01	1.400608e+01	3.420757e+00
8.394758e+01	4.013147e-01	-8.996197e-01	1.408651e+01	3.325064e+00
8.252424e+01	4.938501e-01	-8.862185e-01	1.400369e+01	3.435673e+00
8.117982e+01	4.328406e-01	-8.994345e-01	1.403919e+01	3.380436e+00
7.945840e+01	4.815717e-01	-8.988789e-01	1.399568e+01	3.417497e+00
8.039370e+01	5.131183e-01	-8.930350e-01	1.396180e+01	3.462125e+00
7.964141e+01	4.536560e-01	-9.015689e-01	1.399062e+01	3.424314e+00
8.264928e+01	4.998591e-01	-8.880586e-01	1.394527e+01	3.490737e+00
8.029895e+01	4.196451e-01	-9.024563e-01	1.399269e+01	3.423553e+00
8.085227e+01	4.045394e-01	-9.092935e-01	1.398280e+01	3.455221e+00
8.064339e+01	4.824894e-01	-8.931760e-01	1.392127e+01	3.527013e+00
8.004723e+01	5.376884e-01	-8.990569e-01	1.388664e+01	3.509465e+00
8.127925e+01	3.715054e-01	-9.048355e-01	1.399100e+01	3.452148e+00
8.211432e+01	3.907625e-01	-9.162267e-01	1.396068e+01	3.478898e+00
8.245906e+01	4.539032e-01	-8.906186e-01	1.389149e+01	3.586611e+00
8.157145e+01	4.399435e-01	-9.165704e-01	1.393258e+01	3.426929e+00
7.817827e+01	4.380710e-01	-9.072862e-01	1.389740e+01	3.517324e+00
7.790783e+01	4.676528e-01	-9.079127e-01	1.386860e+01	3.528689e+00
7.860025e+01	4.184103e-01	-8.987496e-01	1.387991e+01	3.556190e+00
8.083332e+01	-2.741161e-01	-9.298452e-01	1.156168e+01	2.240877e+00
1.881542e+02	-1.682461e-01	-8.239751e-01	1.145581e+01	2.346747e+00
6.519525e+01	-2.711719e-01	-9.088665e-01	1.155365e+01	2.246144e+00
6.658440e+01	-3.159263e-01	-9.080209e-01	1.159388e+01	2.204741e+00
6.454991e+01	-3.251779e-01	-8.945682e-01	1.159712e+01	2.188148e+00
7.469801e+01	-3.084569e-01	-8.660345e-01	1.157730e+01	2.187761e+00
6.623324e+01	-3.192674e-01	-8.781602e-01	1.159805e+01	2.137198e+00
6.466689e+01	-3.199134e-01	-8.976588e-01	1.161291e+01	2.075947e+00
6.364615e+01	-3.098540e-01	-8.892520e-01	1.160031e+01	2.066356e+00
6.695118e+01	-2.780804e-01	-8.739100e-01	1.157073e+01	2.055734e+00
6.612409e+01	-2.995302e-01	-8.747720e-01	1.157386e+01	2.048213e+00
6.581479e+01	-3.125914e-01	-9.030806e-01	1.158710e+01	2.002871e+00
6.296071e+01	-3.077696e-01	-8.873843e-01	1.156205e+01	2.014258e+00
6.880575e+01	-3.017334e-01	-8.692818e-01	1.153679e+01	2.033229e+00
6.296158e+01	-3.107265e-01	-8.955111e-01	1.154158e+01	1.992731e+00
6.287839e+01	-2.929582e-01	-8.994973e-01	1.151354e+01	1.976466e+00
8.051876e+01	-3.000213e-01	-8.543503e-01	1.150259e+01	1.981785e+00
6.966599e+01	-3.058547e-01	-9.118992e-01	1.151548e+01	1.928343e+00
6.459612e+01	-3.153366e-01	-9.036927e-01	1.149836e+01	1.934967e+00
6.165766e+01	-3.071097e-01	-8.874366e-01	1.145365e+01	1.965668e+00
7.281534e+01	-3.138743e-01	-8.619912e-01	1.144319e+01	1.953110e+00
6.610507e+01	-3.267605e-01	-9.079075e-01	1.144897e+01	1.905393e+00
6.855595e+01	-3.257111e-01	-9.125904e-01	1.142535e+01	1.903340e+00
8.507891e+01	-3.441459e-01	-8.480765e-01	1.140013e+01	1.925455e+00
6.859580e+01	-3.278261e-01	-8.657344e-01	1.138905e+01	1.894790e+00
1.483215e+02	9.691613e-01	-9.063871e-01	1.439228e+01	1.520194e+00
1.780676e+02	1.075031e+00	-8.005170e-01	1.428641e+01	1.626064e+00
1.193769e+02	1.167156e+00	-8.736062e-01	1.419553e+01	1.718152e+00
1.180069e+02	1.268047e+00	-8.789007e-01	1.408440e+01	1.815983e+00
1.553736e+02	1.273344e+00	-8.212854e-01	1.404645e+01	1.891330e+00
1.306517e+02	1.133464e+00	-8.347263e-01	1.414351e+01	1.914342e+00
1.363604e+02	1.161559e+00	-9.168857e-01	1.408346e+01	1.978425e+00
1.356893e+02	1.251972e+00	-8.539801e-01	1.397530e+01	2.105281e+00
1.105125e+02	1.101793e+00	-8.699004e-01	1.410398e+01	2.056135e+00
1.092834e+02	1.089274e+00	-8.759283e-01	1.409524e+01	2.093366e+00
1.333231e+02	1.104578e+00	-8.347163e-01	1.405950e+01	2.177712e+00
1.082841e+02	1.008860e+00	-8.846120e-01	1.414948e+01	2.149688e+00
1.393323e+02	1.039427e+00	-8.257524e-01	1.409348e+01	2.244276e+00
2.164304e+02	9.978655e-01	-9.592955e-01	1.412624e+01	2.221834e+00
3.020088e+02	1.063382e+00	-7.635771e-01	1.403584e+01	2.346288e+00
1.039462e+02	9.881204e-01	-8.726274e-01	1.408870e+01	2.286482e+00
1.032283e+02	9.902338e-01	-8.816567e-01	1.406486e+01	2.327345e+00
1.030210e+02	9.809802e-01	-8.730953e-01	1.404763e+01	2.384291e+00
1.138740e+02	1.004709e+00	-8.571299e-01	1.401399e+01	2.438241e+00
1.230945e+02	1.047949e+00	-8.600072e-01	1.394804e+01	2.517367e+00
9.788008e+01	8.683517e-01	-8.802192e-01	1.409386e+01	2.463523e+00
9.789581e+01	8.551980e-01	-8.713061e-01	1.409176e+01	2.505789e+00
9.769966e+01	8.806022e-01	-8.722674e-01	1.405865e+01	2.560590e+00
9.713177e+01	8.585413e-01	-8.939267e-01	1.405974e+01	2.585683e+00
9.702355e+01	9.030133e-01	-8.792886e-01	1.400912e+01	2.666161e+00
1.132456e+02	9.249188e-01	-8.603955e-01	1.396581e+01	2.748062e+00
9.254207e+01	8.022007e-01	-8.914130e-01	1.404785e+01	2.707642e+00
9.203117e+01	7.715358e-01	-8.755775e-01	1.405506e+01	2.741204e+00
9.415360e+01	8.172170e-01	-8.745041e-01	1.400749e+01	2.797636e+00
9.025251e+01	7.870089e-01	-8.919330e-01	1.401249e+01	2.809563e+00
9.539467e+01	8.136701e-01	-8.746756e-01	1.396853e+01	2.873879e+00
1.201746e+02	1.872258e-01	-8.751097e-01	1.323502e+01	1.283006e+00
3.402832e+02	8.135574e-02	-9.809797e-01	1.334089e+01	1.388877e+00
1.154134e+02	1.335699e-01	-8.751784e-01	1.324810e+01	1.472635e+00
1.171924e+02	2.064368e-01	-8.499737e-01	1.314704e+01	1.562686e+00
1.157353e+02	1.041851e-01	-8.928719e-01	1.319992e+01	1.636182e+00
1.274573e+02	1.398919e-01	-8.285531e-01	1.314177e+01	1.717711e+00
1.585071e+02	7.061098e-02	-9.346357e-01	1.315607e+01	1.785105e+00
9.874433e+01	1.070094e-01	-8.775824e-01	1.306395e+01	1.890538e+00
1.187687e+02	1.343263e-01	-8.314698e-01	1.301313e+01	1.966810e+00
1.292288e+02	3.223398e-02	-9.252296e-01	1.302768e+01	2.038521e+00
9.028931e+01	7.023216e-02	-8.705676e-01	1.295921e+01	2.111448e+00
8.622928e+01	1.234933e-01	-8.801823e-01	1.286906e+01	2.192161e+00
8.662126e+01	-3.440321e-03	-8.781202e-01	1.291989e+01	2.235392e+00
8.590105e+01	1.356769e-02	-8.688875e-01	1.287689e+01	2.269609e+00
8.554469e+01	3.134508e-03	-8.979779e-01	1.283922e+01	2.333018e+00
7.971400e+01	6.028793e-02	-8.774686e-01	1.276262e+01	2.390629e+00
8.039299e+01	-5.680135e-02	-8.818709e-01	1.279632e+01	2.436036e+00
8.202277e+01	-7.054781e-02	-9.011186e-01	1.274997e+01	2.490725e+00
1.452326e+02	-3.430951e-03	-8.163700e-01	1.267749e+01	2.555230e+00
3.572953e+02	-5.705847e-02	-9.983571e-01	1.277721e+01	2.362904e+00
1.698082e+02	2.692716e-02	-8.041130e-01	1.268225e+01	2.479081e+00
8.483087e+01	-1.290637e-01	-8.827932e-01	1.279948e+01	2.362090e+00
8.242655e+01	-1.059654e-01	-8.852733e-01	1.276404e+01	2.388026e+00
8.137451e+01	-8.140533e-02	-8.708841e-01	1.271448e+01	2.418401e+00
8.314191e+01	-3.675888e-02	-9.075376e-01	1.266718e+01	2.423619e+00
2.834820e+02	-6.650839e-01	-9.924000e-01	1.007600e+01	1.866852e+00
1.725224e+02	-5.592138e-01	-8.865299e-01	9.970130e+00	1.972722e+00
1.216006e+02	-6.434203e-01	-8.824711e-01	1.007196e+01	1.905138e+00
9.591564e+01	-7.057763e-01	-8.938955e-01	1.015183e+01	1.831450e+00
9.193633e+01	-7.145632e-01	-8.989200e-01	1.017964e+01	1.801405e+00
9.211751e+01	-7.120627e-01	-8.928719e-01	1.019374e+01	1.796883e+00
8.799852e+01	-7.106288e-01	-9.042208e-01	1.022775e+01	1.745000e+00
8.497833e+01	-7.137928e-01	-9.020288e-01	1.026331e+01	1.694631e+00
8.224634e+01	-6.875084e-01	-8.981932e-01	1.027328e+01	1.674830e+00
7.908043e+01	-6.769600e-01	-8.953225e-01	1.030376e+01	1.628415e+00
7.691030e+01	-6.564343e-01	-8.971613e-01	1.031477e+01	1.605274e+00
7.595054e+01	-6.329242e-01	-8.899206e-01	1.033248e+01	1.583700e+00
7.163757e+01	-6.303149e-01	-9.001782e-01	1.036663e+01	1.530594e+00
7.236418e+01	-6.301608e-01	-9.093941e-01	1.040676e+01	1.467083e+00
6.641096e+01	-5.994796e-01	-8.897676e-01	1.041853e+01	1.447004e+00
6.382060e+01	-5.928139e-01	-8.886440e-01	1.045344e+01	1.400666e+00
6.128744e+01	-5.703805e-01	-8.955955e-01	1.046839e+01	1.367098e+00
6.034305e+01	-5.510474e-01	-9.005281e-01	1.048934e+01	1.331183e+00
5.802236e+01	-5.445768e-01	-8.928315e-01	1.051262e+01	1.298798e+00
6.499451e+01	-5.284681e-01	-8.667150e-01	1.052231e+01	1.279946e+00
5.586942e+01	-5.412526e-01	-8.936973e-01	1.056493e+01	1.219830e+00
5.584908e+01	-5.212336e-01	-8.801637e-01	1.056963e+01	1.207184e+00
5.442157e+01	-5.294776e-01	-8.892912e-01	1.060704e+01	1.154934e+00
5.511006e+01	-5.207708e-01	-8.737743e-01	1.062214e+01	1.127365e+00
5.403090e+01	-5.162609e-01	-8.918782e-01	1.064010e+01	1.099635e+00
5.407033e+01	-5.129670e-01	-8.926061e-01	1.063854e+01	1.099921e+00
5.338018e+01	-4.952414e-01	-8.844627e-01	1.064739e+01	1.078036e+00
5.328214e+01	-4.991926e-01	-8.843022e-01	1.066450e+01	1.045126e+00
5.377227e+01	-4.900812e-01	-8.880810e-01	1.066504e+01	1.050255e+00
5.439701e+01	-5.138281e-01	-8.921295e-01	1.068808e+01	1.055787e+00
5.337093e+01	-4.846730e-01	-8.840415e-01	1.066889e+01	1.055206e+00
5.483277e+01	-4.711765e-01	-8.936787e-01	1.067524e+01	1.036852e+00
5.345142e+01	-4.922299e-01	-8.864951e-01	1.067859e+01	1.051721e+00
5.401767e+01	-5.019361e-01	-8.913754e-01	1.068331e+01	1.046791e+00
5.396914e+01	-4.900685e-01	-8.744812e-01	1.067545e+01	1.050726e+00
1.009180e+02	6.211613e-02	-8.868387e-01	1.400132e+01	2.906826e+00
2.307715e+02	1.679862e-01	-7.809686e-01	1.389545e+01	3.012696e+00
9.818861e+01	1.040207e-01	-8.868373e-01	1.396933e+01	2.913884e+00
9.506448e+01	2.020988e-01	-8.659392e-01	1.388125e+01	2.972546e+00
8.963348e+01	2.718416e-01	-9.016447e-01	1.382143e+01	2.982304e+00
8.253798e+01	3.539680e-01	-8.952943e-01	1.374256e+01	3.029455e+00
8.319418e+01	4.438539e-01	-8.819168e-01	1.363975e+01	3.104642e+00
9.059517e+01	4.983245e-01	-8.783843e-01	1.357259e+01	3.157660e+00
9.631860e+01	3.873962e-01	-9.288007e-01	1.366004e+01	3.082504e+00
9.785198e+01	4.735523e-01	-8.702657e-01	1.355773e+01	3.190768e+00
1.066390e+02	3.730312e-01	-9.381613e-01	1.364124e+01	3.101734e+00
8.128201e+01	4.594526e-01	-8.954754e-01	1.352562e+01	3.203281e+00
8.454497e+01	4.733657e-01	-8.901424e-01	1.351254e+01	3.206869e+00
9.512451e+01	5.252744e-01	-8.867037e-01	1.345504e+01	3.224699e+00
1.201376e+02	3.430651e-01	-9.495367e-01	1.359414e+01	3.148216e+00
1.666372e+02	4.426594e-01	-8.310739e-01	1.347690e+01	3.273421e+00
1.729690e+02	2.460835e-01	-9.648762e-01	1.366907e+01	3.090207e+00
1.892697e+02	3.275438e-01	-8.098798e-01	1.357399e+01	3.228259e+00
8.301538e+01	2.483632e-01	-9.025411e-01	1.365844e+01	3.104876e+00
8.499827e+01	3.250524e-01	-8.756799e-01	1.358372e+01	3.164684e+00
8.080375e+01	2.966880e-01	-9.063225e-01	1.361029e+01	3.132487e+00
7.890009e+01	3.613302e-01	-8.908152e-01	1.354253e+01	3.171196e+00
7.852811e+01	3.352893e-01	-9.050448e-01	1.355526e+01	3.166647e+00
8.063547e+01	3.819735e-01	-8.884922e-01	1.350430e+01	3.203195e+00
7.976882e+01	3.510515e-01	-9.137314e-01	1.353029e+01	3.174084e+00
3.014194e+02	-3.053935e-01	-9.689419e-01	1.426717e+01	1.684400e+00
1.340843e+02	-1.995235e-01	-8.630719e-01	1.416130e+01	1.790270e+00
1.332987e+02	-1.070651e-01	-8.521371e-01	1.406606e+01	1.881793e+00
1.268181e+02	-5.255672e-02	-8.588470e-01	1.399501e+01	1.958234e+00
1.188871e+02	7.166156e-02	-8.594505e-01	1.388000e+01	2.060920e+00
1.096555e+02	1.602605e-01	-8.676972e-01	1.378489e+01	2.159397e+00
1.009940e+02	2.625933e-01	-8.693799e-01	1.367148e+01	2.254514e+00
9.497433e+01	3.461024e-01	-8.687409e-01	1.357704e+01	2.352699e+00
9.211200e+01	2.994747e-01	-8.791763e-01	1.356108e+01	2.429276e+00
9.067966e+01	2.700704e-01	-8.839695e-01	1.353567e+01	2.493276e+00
8.699893e+01	3.695382e-01	-8.745242e-01	1.342328e+01	2.610912e+00
8.685449e+01	2.035825e-01	-8.836428e-01	1.349317e+01	2.657228e+00
8.232411e+01	2.835713e-01	-8.821028e-01	1.339970e+01	2.740213e+00
8.652419e+01	1.819742e-01	-8.983601e-01	1.344319e+01	2.757819e+00
8.078040e+01	2.808241e-01	-8.811892e-01	1.331265e+01	2.872541e+00
8.536583e+01	2.396178e-01	-9.109113e-01	1.334027e+01	2.824258e+00
7.761681e+01	2.605147e-01	-8.925646e-01	1.326160e+01	2.944286e+00
8.288178e+01	1.606835e-01	-8.753708e-01	1.324083e+01	3.057359e+00
8.580518e+01	1.435988e-01	-9.169452e-01	1.327984e+01	2.967381e+00
8.111451e+01	2.249131e-01	-8.816382e-01	1.316787e+01	3.065262e+00
7.660636e+01	1.565452e-01	-9.030503e-01	1.320273e+01	3.038909e+00
7.859226e+01	1.203527e-01	-8.836712e-01	1.318749e+01	3.087752e+00
7.513620e+01	1.813588e-01	-9.034470e-01	1.313207e+01	3.097991e+00
7.719271e+01	1.193475e-01	-8.881439e-01	1.311654e+01	3.155046e+00
7.534786e+01	1.355025e-01	-9.100948e-01	1.310977e+01	3.115802e+00
7.482722e+01	1.621589e-01	-8.991859e-01	1.305623e+01	3.160794e+00
7.689834e+01	9.202011e-02	-9.150777e-01	1.308034e+01	3.132178e+00
7.407863e+01	1.223500e-01	-9.029972e-01	1.301421e+01	3.185077e+00
7.581318e+01	1.273040e-01	-8.945891e-01	1.299986e+01	3.189042e+00
8.492986e+01	-5.721190e-02	-9.169755e-01	1.310241e+01	3.151164e+00
7.522657e+01	9.262454e-02	-8.969689e-01	1.296151e+01	3.229770e+00
7.472755e+01	1.476172e-01	-9.082814e-01	1.291863e+01	3.226196e+00
7.655996e+01	-1.808456e-02	-9.082166e-01	1.301134e+01	3.204570e+00
7.455323e+01	1.704903e-02	-9.081285e-01	1.296045e+01	3.226991e+00
7.553757e+01	8.413708e-02	-8.978225e-01	1.290465e+01	3.249870e+00
7.555755e+01	5.640713e-02	-9.194693e-01	1.293242e+01	3.200639e+00
7.366163e+01	7.425323e-02	-9.071810e-01	1.288526e+01	3.234143e+00
7.333014e+01	8.613350e-02	-9.133314e-01	1.289863e+01	3.193532e+00
7.807839e+01	5.186360e-02	-8.910738e-01	1.287468e+01	3.251043e+00
8.051758e+01	-6.676952e-02	-9.171225e-01	1.295916e+01	3.186322e+00
7.367023e+01	3.099297e-02	-9.073238e-01	1.286848e+01	3.235084e+00
7.832000e+01	-1.342503e-02	-9.244494e-01	1.287411e+01	3.253264e+00
9.822322e+01	1.012055e-01	-8.795079e-01	1.277372e+01	3.332469e+00
7.755802e+01	-7.234265e-02	-9.151070e-01	1.289531e+01	3.243985e+00
7.909547e+01	-2.822050e-03	-8.895381e-01	1.283732e+01	3.280563e+00
1.667988e+02	1.352310e+00	-8.203742e-01	1.418898e+01	9.181032e-01
1.793215e+02	1.458180e+00	-9.262443e-01	1.408311e+01	1.023973e+00
1.474687e+02	1.565695e+00	-8.333420e-01	1.397853e+01	1.124683e+00
1.360247e+02	1.466911e+00	-8.562758e-01	1.407416e+01	1.120643e+00
1.329711e+02	1.467033e+00	-8.592752e-01	1.404870e+01	1.183071e+00
1.306503e+02	1.499563e+00	-8.620252e-01	1.398658e+01	1.269204e+00
1.349296e+02	1.384803e+00	-8.872562e-01	1.408552e+01	1.238329e+00
1.392828e+02	1.379772e+00	-8.389883e-01	1.408489e+01	1.308280e+00
1.274657e+02	1.401986e+00	-8.781017e-01	1.405921e+01	1.384005e+00
1.321450e+02	1.436040e+00	-8.942159e-01	1.402353e+01	1.469071e+00
1.263900e+02	1.307303e+00	-8.606471e-01	1.410265e+01	1.455211e+00
1.304448e+02	1.228913e+00	-8.509710e-01	1.415720e+01	1.464782e+00
1.230304e+02	1.244897e+00	-8.734743e-01	1.412190e+01	1.547871e+00
1.212473e+02	1.285913e+00	-8.717000e-01	1.407094e+01	1.619230e+00
1.203540e+02	1.181629e+00	-8.747119e-01	1.413893e+01	1.659682e+00
1.182034e+02	1.196828e+00	-8.658712e-01	1.410574e+01	1.751488e+00
1.198014e+02	1.081240e+00	-8.830786e-01	1.416391e+01	1.766358e+00
1.173772e+02	1.111785e+00	-8.574072e-01	1.412323e+01	1.886760e+00
1.462026e+02	9.967298e-01	-9.195077e-01	1.418539e+01	1.876725e+00
1.117406e+02	9.990423e-01	-8.718485e-01	1.415489e+01	1.971836e+00
1.149010e+02	1.028337e+00	-8.943592e-01	1.412100e+01	2.046998e+00
1.093426e+02	1.088490e+00	-8.729191e-01	1.405564e+01	2.152713e+00
1.082414e+02	8.862817e-01	-8.761569e-01	1.420639e+01	2.139290e+00
1.184694e+02	8.801839e-01	-8.409100e-01	1.419020e+01	2.234415e+00
1.280276e+02	8.123448e-01	-9.145967e-01	1.422074e+01	2.240615e+00
1.019452e+02	8.483912e-01	-8.717424e-01	1.417022e+01	2.339217e+00
1.046160e+02	8.035421e-01	-8.918284e-01	1.418350e+01	2.384884e+00
9.963917e+01	8.146631e-01	-8.840121e-01	1.416185e+01	2.439264e+00
1.076269e+02	8.047249e-01	-8.498798e-01	1.414277e+01	2.536270e+00
9.419422e+01	7.521066e-01	-8.802713e-01	1.414148e+01	2.615596e+00
9.391845e+01	7.315220e-01	-8.850420e-01	1.414225e+01	2.644006e+00
9.638436e+01	6.744918e-01	-8.944256e-01	1.415618e+01	2.679911e+00
9.978584e+01	7.324045e-01	-8.585013e-01	1.409740e+01	2.775593e+00
9.723795e+01	7.420468e-01	-9.103278e-01	1.408174e+01	2.796622e+00
9.299614e+01	7.061369e-01	-8.681333e-01	1.407334e+01	2.870747e+00
1.075383e+02	6.869060e-01	-9.242556e-01	1.407464e+01	2.867659e+00
9.306995e+01	6.793571e-01	-8.675665e-01	1.404376e+01	2.966022e+00
1.062704e+02	7.200699e-01	-9.300646e-01	1.400579e+01	2.987358e+00
9.123400e+01	6.133771e-01	-9.152546e-01	1.402679e+01	3.051958e+00
1.297372e+02	5.638055e-01	-8.332967e-01	1.402192e+01	3.135025e+00
1.323161e+02	4.615196e-01	-9.442433e-01	1.406707e+01	3.065274e+00
2.172922e+02	5.389131e-01	-7.951882e-01	1.400744e+01	3.192604e+00
1.107990e+02	4.398176e-01	-9.275983e-01	1.408596e+01	3.046607e+00
1.191935e+03	-7.120000e-01	-1.086232e+00	1.207775e+01	1.647910e+00
3.093386e+02	-6.061299e-01	-9.803622e-01	1.197188e+01	1.753780e+00
2.138059e+02	-5.275944e-01	-9.623641e-01	1.186885e+01	1.847424e+00
1.023368e+02	-4.435087e-01	-9.229626e-01	1.176824e+01	1.949870e+00
8.002393e+01	-3.661406e-01	-9.142269e-01	1.168715e+01	2.002895e+00
6.561199e+01	-3.003819e-01	-9.038143e-01	1.160744e+01	2.059549e+00
6.321809e+01	-2.916261e-01	-9.000864e-01	1.155647e+01	2.098175e+00
6.291926e+01	-3.021615e-01	-8.972395e-01	1.154565e+01	2.096258e+00
6.260008e+01	-2.807631e-01	-8.955881e-01	1.151203e+01	2.093342e+00
6.450557e+01	-3.405747e-01	-8.998864e-01	1.154047e+01	2.034478e+00
6.241418e+01	-2.904095e-01	-8.933145e-01	1.147988e+01	2.064957e+00
6.577700e+01	-2.511844e-01	-8.871252e-01	1.142159e+01	2.085853e+00
6.399129e+01	-3.603633e-01	-8.915432e-01	1.151260e+01	2.004868e+00
6.192230e+01	-3.178647e-01	-8.910798e-01	1.145749e+01	2.016342e+00
6.288147e+01	-3.474474e-01	-8.922571e-01	1.148612e+01	1.964384e+00
6.171600e+01	-3.244165e-01	-8.882608e-01	1.146608e+01	1.926525e+00
6.131703e+01	-3.210527e-01	-8.893018e-01	1.142865e+01	1.948732e+00
6.171960e+01	-3.419436e-01	-8.872682e-01	1.144827e+01	1.904127e+00
6.093851e+01	-3.094620e-01	-8.883429e-01	1.138184e+01	1.914862e+00
6.112884e+01	-3.535703e-01	-8.874085e-01	1.137713e+01	1.930665e+00
6.038693e+01	-3.274815e-01	-8.888462e-01	1.136021e+01	1.872220e+00
6.028981e+01	-3.263165e-01	-8.909728e-01	1.134845e+01	1.807618e+00
5.982821e+01	-3.433792e-01	-8.892045e-01	1.131726e+01	1.829537e+00
5.977839e+01	-3.541516e-01	-8.851268e-01	1.130019e+01	1.825880e+00
5.940348e+01	-3.442444e-01	-8.844844e-01	1.127548e+01	1.787042e+00
5.918151e+01	-3.540149e-01	-8.833199e-01	1.127509e+01	1.741135e+00
5.877504e+01	-3.611300e-01	-8.836805e-01	1.124453e+01	1.725053e+00
1.424532e+02	-7.041806e-01	-8.438323e-01	1.281277e+01	1.054942e+00
2.229363e+02	-5.983106e-01	-9.497023e-01	1.270690e+01	1.160812e+00
1.211736e+02	-5.085518e-01	-8.724261e-01	1.260955e+01	1.256106e+00
1.488717e+02	-4.046739e-01	-8.128118e-01	1.251038e+01	1.354757e+00
1.615484e+02	-3.118739e-01	-9.367393e-01	1.240526e+01	1.436120e+00
9.312423e+01	-2.368552e-01	-8.683167e-01	1.231528e+01	1.554677e+00
8.613265e+01	-2.391301e-01	-8.757933e-01	1.222496e+01	1.681945e+00
7.981571e+01	-2.344752e-01	-8.784892e-01	1.213433e+01	1.797100e+00
7.555552e+01	-1.734418e-01	-8.828674e-01	1.205755e+01	1.865457e+00
7.285004e+01	-2.672429e-01	-8.810009e-01	1.199554e+01	1.957958e+00
6.903889e+01	-1.999506e-01	-8.879664e-01	1.191474e+01	2.015166e+00
7.304423e+01	-1.842194e-01	-8.693995e-01	1.180007e+01	2.114701e+00
1.597486e+02	-3.594264e-01	-9.536669e-01	1.190593e+01	2.010621e+00
3.162916e+02	-2.209008e-01	-7.585717e-01	1.178870e+01	2.147954e+00
1.132856e+02	-4.337275e-01	-9.257470e-01	1.195190e+01	1.973643e+00
1.469377e+02	-3.956204e-01	-9.480942e-01	1.188878e+01	2.014602e+00
8.237855e+01	-3.126616e-01	-8.538286e-01	1.180383e+01	2.087726e+00
6.760599e+01	-2.701134e-01	-8.979629e-01	1.178152e+01	2.042244e+00
6.613267e+01	-2.864651e-01	-8.917038e-01	1.175126e+01	2.082022e+00
6.693780e+01	-2.887286e-01	-8.949481e-01	1.176036e+01	2.052381e+00
6.504566e+01	-2.555526e-01	-8.821388e-01	1.168769e+01	2.106070e+00
6.529951e+01	-2.373874e-01	-9.017539e-01	1.166897e+01	2.073146e+00
6.461194e+01	-2.982605e-01	-8.914607e-01	1.166810e+01	2.103466e+00
6.669138e+01	-3.255260e-01	-8.928847e-01	1.170044e+01	2.053069e+00
6.408614e+01	-2.633429e-01	-8.847805e-01	1.160493e+01	2.105368e+00
6.641926e+01	-2.186181e-01	-8.851586e-01	1.155625e+01	2.096210e+00
7.581690e+01	-3.709577e-01	-9.115314e-01	1.165556e+01	2.056152e+00
6.509412e+01	-3.410050e-01	-8.925172e-01	1.160615e+01	2.091720e+00
6.314533e+01	-2.930493e-01	-8.867643e-01	1.157213e+01	2.064533e+00
7.769138e+01	-2.471675e-01	-8.647944e-01	1.150938e+01	2.105370e+00
1.051646e+02	-3.925479e-01	-9.329374e-01	1.165352e+01	1.941249e+00
6.676526e+01	-3.529230e-01	-9.002833e-01	1.158729e+01	2.000243e+00
6.503627e+01	-3.020013e-01	-8.759391e-01	1.153513e+01	2.010037e+00
6.342760e+01	-3.360347e-01	-8.925036e-01	1.153431e+01	1.992946e+00
6.244605e+01	-3.042431e-01	-8.962694e-01	1.151051e+01	1.969568e+00
6.574058e+01	-3.314921e-01	-9.072065e-01	1.148279e+01	1.999049e+00
7.900160e+01	-2.958312e-01	-8.578166e-01	1.145176e+01	2.002357e+00
1.092693e+02	-4.059854e-01	-9.363419e-01	1.154839e+01	1.864094e+00
6.345434e+01	-3.361552e-01	-9.007867e-01	1.146050e+01	1.905959e+00
1.123849e+02	5.312774e-01	-9.337548e-01	1.450175e+01	3.426813e+00
1.505438e+02	6.371475e-01	-8.278848e-01	1.439588e+01	3.532683e+00
9.615045e+01	5.443228e-01	-9.203354e-01	1.448191e+01	3.442845e+00
8.304958e+01	6.025733e-01	-8.929630e-01	1.441152e+01	3.493791e+00
8.435360e+01	5.919346e-01	-9.049613e-01	1.441302e+01	3.492095e+00
8.206033e+01	6.067415e-01	-8.980545e-01	1.438525e+01	3.520953e+00
8.095055e+01	6.431618e-01	-9.016582e-01	1.434439e+01	3.538558e+00
8.095833e+01	6.338371e-01	-8.961752e-01	1.432810e+01	3.567665e+00
8.352671e+01	6.345843e-01	-9.176221e-01	1.432734e+01	3.553000e+00
9.105941e+01	6.998097e-01	-8.816049e-01	1.424573e+01	3.625116e+00
8.729134e+01	5.632561e-01	-9.197950e-01	1.435895e+01	3.550584e+00
8.260150e+01	5.810651e-01	-8.899586e-01	1.432275e+01	3.589630e+00
1.140663e+02	6.170653e-01	-9.511251e-01	1.429093e+01	3.584850e+00
1.838047e+02	7.164261e-01	-8.318701e-01	1.416907e+01	3.716845e+00
2.912848e+02	4.896701e-01	-9.986899e-01	1.438119e+01	3.534018e+00
1.574967e+02	5.833775e-01	-8.311567e-01	1.426935e+01	3.676945e+00
2.032962e+02	4.268777e-01	-9.756881e-01	1.442310e+01	3.521235e+00
2.551798e+02	5.154476e-01	-7.909221e-01	1.432540e+01	3.655338e+00
8.493637e+01	4.684451e-01	-9.025765e-01	1.438373e+01	3.559069e+00
8.369867e+01	4.917098e-01	-9.037632e-01	1.435920e+01	3.572968e+00
8.226049e+01	5.118550e-01	-8.941563e-01	1.433038e+01	3.594349e+00
8.190661e+01	5.167159e-01	-9.039440e-01	1.432116e+01	3.598525e+00
8.099547e+01	5.393218e-01	-8.969923e-01	1.429734e+01	3.615161e+00
8.278649e+01	5.663630e-01	-9.185830e-01	1.427558e+01	3.611078e+00
8.518400e+01	5.649592e-01	-8.853602e-01	1.426142e+01	3.648419e+00
1.550876e+02	8.127742e-01	-9.181161e-01	1.390748e+01	1.428968e+00
1.624600e+02	9.186443e-01	-8.122461e-01	1.380161e+01	1.534838e+00
1.326018e+02	8.630095e-01	-9.039871e-01	1.376491e+01	1.576657e+00
1.327553e+02	9.858451e-01	-8.716190e-01	1.364624e+01	1.668085e+00
1.207561e+02	8.461320e-01	-8.798443e-01	1.378502e+01	1.564910e+00
1.244568e+02	8.373146e-01	-8.942932e-01	1.378688e+01	1.631176e+00
1.266199e+02	8.113764e-01	-8.438820e-01	1.380836e+01	1.659554e+00
1.179957e+02	7.551703e-01	-8.706753e-01	1.384939e+01	1.630616e+00
1.235811e+02	7.636176e-01	-8.968297e-01	1.383719e+01	1.715089e+00
1.201116e+02	7.441466e-01	-8.504396e-01	1.384661e+01	1.771071e+00
1.539938e+02	7.532111e-01	-9.282262e-01	1.383074e+01	1.847016e+00
1.424229e+02	7.680478e-01	-8.218300e-01	1.380872e+01	1.938217e+00
1.109299e+02	6.718549e-01	-8.820252e-01	1.386705e+01	1.936382e+00
1.182800e+02	6.434452e-01	-9.009055e-01	1.388097e+01	1.991407e+00
1.115842e+02	6.648906e-01	-8.521385e-01	1.385340e+01	2.091955e+00
1.577348e+02	6.233243e-01	-9.364242e-01	1.387088e+01	2.136837e+00
1.538603e+02	6.500457e-01	-8.103830e-01	1.384386e+01	2.256290e+00
1.041622e+02	5.489716e-01	-8.823773e-01	1.390669e+01	2.204362e+00
1.041849e+02	5.723216e-01	-8.941543e-01	1.388322e+01	2.297039e+00
1.095774e+02	5.590009e-01	-9.055378e-01	1.388478e+01	2.335195e+00
1.026295e+02	5.900761e-01	-8.554195e-01	1.385342e+01	2.458919e+00
9.773648e+01	5.355117e-01	-8.631398e-01	1.387607e+01	2.494896e+00
1.237157e+02	5.478658e-01	-9.267151e-01	1.386290e+01	2.532859e+00
9.763668e+01	5.546382e-01	-8.598221e-01	1.384443e+01	2.639654e+00
1.040856e+02	5.602434e-01	-9.158331e-01	1.383704e+01	2.647028e+00
9.947835e+01	5.424378e-01	-8.558108e-01	1.383204e+01	2.742869e+00
1.028443e+02	5.469093e-01	-8.516582e-01	1.382367e+01	2.764845e+00
9.392876e+01	5.401386e-01	-9.081518e-01	1.382561e+01	2.747316e+00
9.099726e+01	5.180965e-01	-8.677364e-01	1.382078e+01	2.831566e+00
9.386070e+01	5.273244e-01	-8.639574e-01	1.380348e+01	2.883797e+00
1.935924e+02	4.365533e-01	-9.651251e-01	1.384154e+01	2.838563e+00
7.909314e+02	5.206002e-01	-6.915202e-01	1.377584e+01	3.068522e+00
5.570261e+02	1.739640e-01	-1.024368e+00	1.403629e+01	2.731787e+00
7.865658e+02	3.592516e-01	-1.051045e+00	1.278150e+01	1.930710e+00
1.632216e+02	2.533815e-01	-9.451751e-01	1.267563e+01	2.036580e+00
9.148266e+01	1.458369e-01	-8.954135e-01	1.277828e+01	2.117146e+00
8.626169e+01	6.261681e-02	-8.799351e-01	1.285790e+01	2.159518e+00
8.677764e+01	6.490929e-02	-8.678213e-01	1.283258e+01	2.199933e+00
8.788041e+01	2.663771e-02	-8.919264e-01	1.286069e+01	2.203212e+00
8.426525e+01	3.894586e-02	-8.890124e-01	1.281584e+01	2.246568e+00
8.207742e+01	2.191399e-02	-8.757662e-01	1.280043e+01	2.298277e+00
8.176757e+01	3.020482e-02	-8.904789e-01	1.277249e+01	2.313210e+00
8.017967e+01	2.661875e-02	-8.751600e-01	1.274087e+01	2.354593e+00
7.916353e+01	1.417130e-02	-8.880764e-01	1.273512e+01	2.368751e+00
7.902812e+01	-4.960182e-03	-8.884330e-01	1.273284e+01	2.384301e+00
7.736794e+01	4.000888e-03	-8.795062e-01	1.268937e+01	2.428585e+00
7.873871e+01	-1.836188e-02	-8.963057e-01	1.269807e+01	2.436733e+00
7.818514e+01	-8.226685e-03	-9.030731e-01	1.264616e+01	2.474289e+00
8.079715e+01	1.796478e-02	-8.695985e-01	1.258091e+01	2.547120e+00
7.519811e+01	-4.699569e-02	-8.910356e-01	1.263207e+01	2.516569e+00
8.779229e+01	-8.224107e-02	-9.160898e-01	1.264707e+01	2.514302e+00
9.021430e+01	-4.503208e-02	-8.561187e-01	1.257588e+01	2.580424e+00
8.104770e+01	-9.218327e-02	-9.091285e-01	1.260915e+01	2.535807e+00
7.368043e+01	-6.968608e-02	-8.860339e-01	1.257064e+01	2.569201e+00
7.315158e+01	-6.929846e-02	-8.889359e-01	1.255113e+01	2.573158e+00
7.268312e+01	-6.157147e-02	-8.868471e-01	1.252764e+01	2.593711e+00
7.284755e+01	-5.863981e-02	-8.845552e-01	1.251365e+01	2.603061e+00
7.345695e+01	-7.462563e-02	-9.030919e-01	1.250428e+01	2.599544e+00
7.661130e+01	-9.584249e-02	-8.742984e-01	1.250620e+01	2.612456e+00
7.158235e+01	-7.542419e-02	-8.903812e-01	1.246711e+01	2.619628e+00
7.178557e+01	-1.001740e-01	-8.944690e-01	1.245757e+01	2.628948e+00
7.094686e+01	-7.837226e-02	-8.932258e-01	1.242594e+01	2.634329e+00
7.052527e+01	-7.042724e-02	-8.961897e-01	1.239002e+01	2.649299e+00
7.089851e+01	-9.340841e-02	-9.006866e-01	1.239691e+01	2.643901e+00
7.135449e+01	-1.186997e-01	-8.945040e-01	1.240597e+01	2.620684e+00
7.041380e+01	-9.795719e-02	-8.930114e-01	1.236725e+01	2.647212e+00
7.264810e+01	-1.408954e-01	-9.003674e-01	1.241017e+01	2.609546e+00
7.620593e+01	-8.852419e-02	-8.763700e-01	1.232725e+01	2.659758e+00
7.314990e+01	-1.666806e-01	-9.013401e-01	1.238409e+01	2.613411e+00
7.796135e+01	-1.263078e-01	-8.719100e-01	1.233112e+01	2.636377e+00
7.195756e+01	-1.481174e-01	-9.009025e-01	1.235652e+01	2.589022e+00
7.212686e+01	-1.312710e-01	-9.075982e-01	1.231880e+01	2.594872e+00
7.314019e+01	-1.437803e-01	-8.804759e-01	1.228745e+01	2.642453e+00
6.985128e+01	-1.219382e-01	-8.976721e-01	1.228045e+01	2.602889e+00
8.882260e+01	-1.145516e-01	-8.610071e-01	1.224677e+01	2.624164e+00
1.017257e+02	-1.685024e-01	-9.363298e-01	1.231013e+01	2.523959e+00
1.566548e+02	1.086452e+00	-9.024774e-01	1.437665e+01	8.724903e-01
1.994838e+02	1.192322e+00	-7.966074e-01	1.427078e+01	9.783604e-01
1.447743e+02	1.299418e+00	-8.418426e-01	1.416237e+01	1.086690e+00
1.326165e+02	1.361428e+00	-8.622780e-01	1.407654e+01	1.184422e+00
1.487565e+02	1.464208e+00	-9.103711e-01	1.396263e+01	1.283130e+00
1.876383e+02	1.594368e+00	-8.224238e-01	1.384553e+01	1.401383e+00
1.416518e+02	1.454897e+00	-9.026192e-01	1.398457e+01	1.271014e+00
1.316252e+02	1.422389e+00	-8.833892e-01	1.401638e+01	1.260342e+00
1.373712e+02	1.409682e+00	-8.435467e-01	1.402767e+01	1.262091e+00
1.537954e+02	1.411321e+00	-8.227266e-01	1.402455e+01	1.286241e+00
1.589507e+02	1.397290e+00	-9.181031e-01	1.403866e+01	1.283246e+00
1.283362e+02	1.401165e+00	-8.668550e-01	1.403506e+01	1.307412e+00
1.475425e+02	1.393244e+00	-8.282410e-01	1.404149e+01	1.318914e+00
1.405017e+02	1.376553e+00	-9.019237e-01	1.405637e+01	1.322359e+00
1.279501e+02	1.378326e+00	-8.639775e-01	1.405100e+01	1.344372e+00
1.327093e+02	1.369168e+00	-8.906529e-01	1.405410e+01	1.357788e+00
1.269420e+02	1.374420e+00	-8.644520e-01	1.404390e+01	1.387986e+00
1.263607e+02	1.382655e+00	-8.775593e-01	1.403386e+01	1.426787e+00
1.263512e+02	1.364763e+00	-8.631421e-01	1.404263e+01	1.432114e+00
1.287561e+02	1.364786e+00	-8.551544e-01	1.403733e+01	1.463814e+00
1.378880e+02	1.337632e+00	-9.033074e-01	1.405702e+01	1.460472e+00
1.298643e+02	1.340915e+00	-8.504011e-01	1.405244e+01	1.497234e+00
1.241173e+02	1.312388e+00	-8.742472e-01	1.406751e+01	1.494247e+00
1.259163e+02	1.310164e+00	-8.840877e-01	1.406636e+01	1.516516e+00
1.250707e+02	1.297586e+00	-8.588210e-01	1.406976e+01	1.541794e+00
1.228924e+02	1.266882e+00	-8.698087e-01	1.409049e+01	1.538017e+00
1.235078e+02	1.268847e+00	-8.814971e-01	1.408323e+01	1.577981e+00
1.213946e+02	1.253882e+00	-8.701555e-01	1.408959e+01	1.600403e+00
1.236435e+02	1.258060e+00	-8.862205e-01	1.408365e+01	1.639193e+00
1.205750e+02	1.231278e+00	-8.661110e-01	1.410053e+01	1.649065e+00
1.191765e+02	1.240622e+00	-8.730655e-01	1.409151e+01	1.699362e+00
1.196657e+02	1.253922e+00	-8.816765e-01	1.408005e+01	1.747188e+00
1.176837e+02	1.210577e+00	-8.731393e-01	1.410510e+01	1.755944e+00
1.179575e+02	1.152891e+00	-8.752219e-01	1.413262e+01	1.746372e+00
1.163882e+02	1.161786e+00	-8.717222e-01	1.412305e+01	1.798239e+00
1.227451e+02	1.174657e+00	-8.970977e-01	1.411196e+01	1.846515e+00
1.269940e+02	1.151364e+00	-8.407675e-01	1.411765e+01	1.875900e+00
1.147079e+02	1.168031e+00	-8.827421e-01	1.410357e+01	1.933722e+00
1.134884e+02	1.103012e+00	-8.791640e-01	1.412946e+01	1.928223e+00
1.141833e+02	1.104266e+00	-8.607357e-01	1.411961e+01	1.980194e+00
1.132756e+02	1.047882e+00	-8.842957e-01	1.414415e+01	1.981284e+00
1.144007e+02	1.009915e+00	-8.879926e-01	1.415791e+01	1.998579e+00
1.131180e+02	1.025154e+00	-8.577758e-01	1.414594e+01	2.053630e+00
1.176082e+02	9.845797e-01	-8.469493e-01	1.415584e+01	2.081701e+00
1.602791e+02	9.872749e-01	-9.355277e-01	1.414849e+01	2.108651e+00
1.799998e+02	9.855101e-01	-7.974907e-01	1.414187e+01	2.162394e+00
1.637360e+02	9.694162e-01	-9.387719e-01	1.414409e+01	2.171268e+00
7.549676e+01	-5.086968e-01	-8.946581e-01	1.032622e+01	1.410723e+00
3.492705e+02	-6.145668e-01	-1.000528e+00	1.043209e+01	1.304853e+00
6.035080e+01	-5.964283e-01	-8.974703e-01	1.047527e+01	1.246291e+00
9.320758e+01	-5.718662e-01	-8.341948e-01	1.051399e+01	1.182726e+00
1.389985e+02	-5.752324e-01	-8.043468e-01	1.055613e+01	1.125523e+00
8.786662e+01	-6.128787e-01	-8.331147e-01	1.062423e+01	1.040387e+00
5.951354e+01	-6.090177e-01	-8.776453e-01	1.066515e+01	9.765017e-01
6.805329e+01	-5.757810e-01	-9.078547e-01	1.068471e+01	9.232127e-01
7.106116e+01	-5.394411e-01	-9.140020e-01	1.067833e+01	9.095478e-01
7.118655e+01	-5.182619e-01	-9.154505e-01	1.066905e+01	9.181962e-01
5.555403e+01	-4.753890e-01	-8.788745e-01	1.064185e+01	9.295728e-01
6.679153e+01	-4.603810e-01	-8.558266e-01	1.064175e+01	9.382166e-01
6.503539e+01	-4.889029e-01	-8.540681e-01	1.065360e+01	9.543851e-01
6.052947e+01	-5.133448e-01	-8.586535e-01	1.066843e+01	9.703923e-01
5.589140e+01	-5.456619e-01	-8.872856e-01	1.069228e+01	9.697519e-01
5.664167e+01	-5.275999e-01	-8.952944e-01	1.069021e+01	9.647418e-01
6.147030e+01	-5.316256e-01	-9.045457e-01	1.068991e+01	9.782612e-01
5.964265e+01	-5.156847e-01	-9.039425e-01	1.066665e+01	9.984596e-01
5.337846e+01	-5.033541e-01	-8.835581e-01	1.065695e+01	1.018974e+00
5.717245e+01	-4.960447e-01	-8.657221e-01	1.065657e+01	1.032870e+00
5.580175e+01	-4.992039e-01	-8.685703e-01	1.066008e+01	1.038770e+00
5.338120e+01	-5.054237e-01	-8.850468e-01	1.065971e+01	1.043220e+00
5.468424e+01	-5.091421e-01	-8.942019e-01	1.066986e+01	1.040260e+00
5.672101e+01	-5.025987e-01	-9.005691e-01	1.066573e+01	1.057748e+00
5.383340e+01	-4.974788e-01	-8.910023e-01	1.066662e+01	1.058203e+00
5.464775e+01	-4.990246e-01	-8.717183e-01	1.067370e+01	1.075020e+00
5.354947e+01	-4.977343e-01	-8.759377e-01	1.068044e+01	1.061016e+00
5.311331e+01	-5.001327e-01	-8.802896e-01	1.067922e+01	1.052923e+00
5.377657e+01	-4.998032e-01	-8.879396e-01	1.068991e+01	1.041076e+00
5.461505e+01	-4.962976e-01	-8.935972e-01	1.070539e+01	1.033828e+00
5.392909e+01	-4.889787e-01	-8.905392e-01	1.069612e+01	1.038143e+00
5.366907e+01	-4.930107e-01	-8.870680e-01	1.069929e+01	1.029362e+00
5.353053e+01	-4.855717e-01	-8.866298e-01	1.069005e+01	1.043367e+00
5.594768e+01	-4.736028e-01	-8.700008e-01	1.067244e+01	1.053418e+00
5.326045e+01	-4.941320e-01	-8.853302e-01	1.068973e+01	1.055380e+00
6.011591e+01	-5.139593e-01	-9.053202e-01	1.069903e+01	1.072733e+00
5.362162e+01	-5.098409e-01	-8.866953e-01	1.069757e+01	1.082296e+00
5.574052e+01	-4.758044e-01	-8.709629e-01	1.066800e+01	1.094997e+00
5.312964e+01	-4.978865e-01	-8.788056e-01	1.069499e+01	1.088053e+00
5.758937e+01	-5.211486e-01	-8.993673e-01	1.072175e+01	1.064162e+00
5.362518e+01	-5.097090e-01	-8.847341e-01	1.072262e+01	1.059198e+00
1.945281e+03	1.500877e+00	-6.092516e-01	1.465814e+01	3.080155e+00
5.722512e+02	1.395007e+00	-7.151217e-01	1.476401e+01	2.974285e+00
1.256414e+02	1.300759e+00	-8.328263e-01	1.485846e+01	2.872919e+00
1.096634e+02	1.243775e+00	-9.082645e-01	1.491520e+01	2.812247e+00
2.141562e+02	1.201536e+00	-9.614071e-01	1.495650e+01	2.769432e+00
3.127385e+02	1.174826e+00	-9.841286e-01	1.498183e+01	2.746099e+00
2.319733e+02	1.157021e+00	-9.648041e-01	1.499804e+01	2.735941e+00
1.472135e+02	1.145940e+00	-9.316442e-01	1.500711e+01	2.733848e+00
1.137542e+02	1.139349e+00	-9.025204e-01	1.501120e+01	2.736204e+00
1.049777e+02	1.135873e+00	-8.795254e-01	1.501215e+01	2.740643e+00
1.083075e+02	1.134481e+00	-8.601538e-01	1.501091e+01	2.747059e+00
1.151895e+02	1.135077e+00	-8.463059e-01	1.500801e+01	2.754569e+00
1.231359e+02	1.135994e+00	-8.360736e-01	1.500508e+01	2.761809e+00
1.296424e+02	1.137950e+00	-8.295963e-01	1.500115e+01	2.768761e+00
1.306685e+02	1.139696e+00	-8.285981e-01	1.499746e+01	2.775364e+00
1.268869e+02	1.141050e+00	-8.319196e-01	1.499431e+01	2.780823e+00
1.222663e+02	1.143511e+00	-8.363813e-01	1.499029e+01	2.787019e+00
1.167920e+02	1.145427e+00	-8.425624e-01	1.498692e+01	2.792283e+00
1.122186e+02	1.148588e+00	-8.487536e-01	1.498238e+01	2.798945e+00
1.086847e+02	1.152056e+00	-8.546420e-01	1.497752e+01	2.806230e+00
1.058901e+02	1.155801e+00	-8.599289e-01	1.497242e+01	2.813819e+00
1.030911e+02	1.159420e+00	-8.653802e-01	1.496727e+01	2.820957e+00
1.015932e+02	1.163775e+00	-8.687482e-01	1.496098e+01	2.829740e+00
1.001982e+02	1.168975e+00	-8.729086e-01	1.495385e+01	2.839831e+00
9.949397e+01	1.173692e+00	-8.745849e-01	1.494730e+01	2.849635e+00
1.383805e+02	1.008258e+00	-8.555613e-01	1.414206e+01	3.253484e+00
1.564933e+02	9.023880e-01	-9.614314e-01	1.424793e+01	3.147614e+00
9.728979e+01	8.594115e-01	-8.691792e-01	1.424880e+01	3.205229e+00
9.590119e+01	7.578108e-01	-8.645866e-01	1.433259e+01	3.182381e+00
8.799296e+01	7.278807e-01	-8.769534e-01	1.434988e+01	3.179665e+00
8.623623e+01	7.291528e-01	-8.994280e-01	1.434107e+01	3.182962e+00
8.680165e+01	7.177272e-01	-9.025466e-01	1.433985e+01	3.193812e+00
8.825713e+01	7.190033e-01	-9.102448e-01	1.431929e+01	3.212422e+00
8.362560e+01	7.298089e-01	-8.930409e-01	1.429550e+01	3.240611e+00
8.318733e+01	7.552489e-01	-8.940893e-01	1.425945e+01	3.260488e+00
8.321933e+01	7.208455e-01	-8.975650e-01	1.427617e+01	3.268011e+00
8.529384e+01	7.236956e-01	-9.111159e-01	1.426046e+01	3.285609e+00
8.314212e+01	7.049641e-01	-9.026043e-01	1.426066e+01	3.307463e+00
8.234409e+01	7.043754e-01	-8.921365e-01	1.424009e+01	3.341075e+00
8.291541e+01	6.742659e-01	-9.035259e-01	1.425845e+01	3.338162e+00
8.186551e+01	6.618606e-01	-8.929897e-01	1.424495e+01	3.373034e+00
8.478123e+01	6.478274e-01	-9.129800e-01	1.425297e+01	3.362276e+00
8.172543e+01	6.439245e-01	-9.034251e-01	1.423492e+01	3.397215e+00
8.185093e+01	6.508878e-01	-9.062366e-01	1.421922e+01	3.402484e+00
8.364378e+01	6.248975e-01	-9.133085e-01	1.422115e+01	3.400037e+00
8.116225e+01	6.459022e-01	-8.941010e-01	1.418117e+01	3.430300e+00
8.368848e+01	5.951465e-01	-9.134140e-01	1.421044e+01	3.411065e+00
8.088841e+01	6.171571e-01	-8.943201e-01	1.417492e+01	3.445569e+00
8.251886e+01	6.585397e-01	-8.917929e-01	1.412514e+01	3.471929e+00
8.716360e+01	5.716760e-01	-9.219759e-01	1.418446e+01	3.438164e+00
8.260704e+01	5.624151e-01	-9.145225e-01	1.417027e+01	3.462058e+00
7.992941e+01	5.656404e-01	-9.025268e-01	1.414971e+01	3.486485e+00
7.952355e+01	5.832404e-01	-9.042934e-01	1.412264e+01	3.505437e+00
8.018668e+01	5.576573e-01	-9.094973e-01	1.413077e+01	3.506844e+00
7.978322e+01	5.864588e-01	-9.139420e-01	1.408897e+01	3.525868e+00
8.581161e+01	5.411185e-01	-9.258259e-01	1.410964e+01	3.520526e+00
8.236923e+01	5.543360e-01	-8.901382e-01	1.408061e+01	3.556185e+00
7.944036e+01	5.089200e-01	-9.045465e-01	1.410593e+01	3.541632e+00
8.048188e+01	4.870138e-01	-9.074310e-01	1.411987e+01	3.529812e+00
8.125571e+01	4.962590e-01	-9.165348e-01	1.409544e+01	3.542801e+00
8.720669e+01	4.956367e-01	-9.289662e-01	1.407735e+01	3.557657e+00
8.513480e+01	5.422695e-01	-8.876615e-01	1.402470e+01	3.608696e+00
7.994212e+02	7.380645e-03	-1.047135e+00	1.260947e+01	1.073187e+00
1.799206e+02	-9.848942e-02	-9.412654e-01	1.250360e+01	1.179057e+00
1.067427e+02	-2.095202e-01	-8.738522e-01	1.252039e+01	1.285143e+00
1.139223e+02	-2.396625e-01	-8.389093e-01	1.242909e+01	1.381898e+00
1.166996e+02	-2.440165e-01	-8.312523e-01	1.235864e+01	1.447373e+00
9.919384e+01	-2.397683e-01	-8.494960e-01	1.226050e+01	1.530649e+00
9.332294e+01	-2.161203e-01	-8.541269e-01	1.219286e+01	1.588538e+00
8.315553e+01	-2.200274e-01	-8.723402e-01	1.212273e+01	1.660006e+00
7.901735e+01	-2.199227e-01	-8.709752e-01	1.205018e+01	1.735468e+00
7.642376e+01	-1.624699e-01	-8.727659e-01	1.196452e+01	1.804014e+00
7.279110e+01	-2.593943e-01	-8.706645e-01	1.191925e+01	1.889613e+00
7.152022e+01	-3.120838e-01	-8.820293e-01	1.188385e+01	1.941036e+00
6.866368e+01	-2.753646e-01	-8.728551e-01	1.178713e+01	2.002354e+00
6.625785e+01	-2.173628e-01	-8.808336e-01	1.170908e+01	2.022960e+00
6.656182e+01	-2.808534e-01	-8.755687e-01	1.166286e+01	2.079125e+00
6.661989e+01	-3.109145e-01	-8.760360e-01	1.162093e+01	2.106776e+00
6.454294e+01	-3.162604e-01	-8.826025e-01	1.158038e+01	2.118999e+00
6.716376e+01	-2.776280e-01	-8.774389e-01	1.150972e+01	2.126144e+00
6.313116e+01	-3.217497e-01	-8.916530e-01	1.151896e+01	2.110955e+00
6.402522e+01	-2.921330e-01	-8.830087e-01	1.148751e+01	2.091030e+00
6.357498e+01	-3.316353e-01	-8.850468e-01	1.147308e+01	2.104677e+00
6.887002e+01	-3.420099e-01	-8.739500e-01	1.143638e+01	2.135534e+00
6.259504e+01	-3.459142e-01	-8.970101e-01	1.143830e+01	2.088118e+00
6.262597e+01	-3.038590e-01	-9.043392e-01	1.136975e+01	2.087874e+00
6.811559e+01	-3.119691e-01	-8.766483e-01	1.135409e+01	2.089696e+00
8.248030e+01	-3.208478e-01	-8.607039e-01	1.132264e+01	2.093022e+00
6.410371e+01	-3.979190e-01	-8.975575e-01	1.140515e+01	2.004324e+00
1.469573e+02	-4.461419e-01	-8.281935e-01	1.415770e+01	2.915948e+00
1.656284e+02	-3.402719e-01	-9.340636e-01	1.405183e+01	2.810078e+00
1.115151e+02	-2.391371e-01	-8.684703e-01	1.394651e+01	2.915328e+00
1.215033e+02	-1.391305e-01	-8.413912e-01	1.385610e+01	2.979614e+00
1.416229e+02	-1.076569e-01	-9.338368e-01	1.382726e+01	2.953752e+00
1.482012e+02	2.131588e-02	-8.184054e-01	1.369204e+01	3.088116e+00
1.221302e+02	-2.316611e-02	-9.260703e-01	1.376026e+01	2.984551e+00
8.895755e+01	5.912667e-02	-8.816582e-01	1.367035e+01	3.061713e+00
8.497070e+01	1.110251e-01	-8.847341e-01	1.361248e+01	3.092421e+00
9.194617e+01	1.758520e-01	-8.655072e-01	1.352219e+01	3.161178e+00
1.017146e+02	1.607153e-01	-9.283646e-01	1.356061e+01	3.085605e+00
7.978055e+01	2.031922e-01	-8.863211e-01	1.349445e+01	3.141037e+00
8.582465e+01	2.550604e-01	-8.745177e-01	1.343184e+01	3.181596e+00
1.203830e+02	1.664730e-01	-9.436148e-01	1.351961e+01	3.079757e+00
9.213783e+01	2.633799e-01	-8.687146e-01	1.338857e+01	3.194706e+00
8.776980e+01	1.225730e-01	-9.138719e-01	1.350004e+01	3.103713e+00
8.267604e+01	2.057397e-01	-8.782878e-01	1.341009e+01	3.176688e+00
7.944294e+01	1.358878e-01	-8.953163e-01	1.344473e+01	3.159184e+00
8.025237e+01	1.872628e-01	-8.830381e-01	1.339660e+01	3.185951e+00
8.800680e+01	2.580161e-01	-8.752688e-01	1.331967e+01	3.224540e+00
1.593233e+02	7.953679e-02	-9.602136e-01	1.347236e+01	3.108932e+00
2.157733e+02	1.794879e-01	-8.011082e-01	1.335817e+01	3.255427e+00
1.711081e+02	5.361815e-02	-9.609650e-01	1.352729e+01	3.054330e+00
1.017870e+02	1.547305e-01	-8.539712e-01	1.342582e+01	3.143477e+00
8.337935e+01	9.880469e-02	-9.040868e-01	1.346301e+01	3.108738e+00
8.096733e+01	1.109425e-01	-8.985138e-01	1.343893e+01	3.125762e+00
8.666784e+01	1.694037e-01	-8.719249e-01	1.338014e+01	3.161512e+00
8.059023e+01	1.429300e-01	-9.099728e-01	1.338709e+01	3.144132e+00
7.726510e+01	1.734682e-01	-9.009833e-01	1.335481e+01	3.157640e+00
2.967267e+02	1.520000e-02	-1.008039e+00	1.317246e+01	3.463303e+00
7.964053e+01	1.210701e-01	-9.021686e-01	1.306659e+01	3.569173e+00
1.365377e+02	1.341527e-01	-8.576512e-01	1.304326e+01	3.601210e+00
9.434191e+01	7.408976e-02	-8.794139e-01	1.310246e+01	3.551186e+00
8.011390e+01	7.789515e-03	-9.236414e-01	1.316875e+01	3.486749e+00
8.645078e+01	-6.301378e-03	-9.306507e-01	1.318936e+01	3.461941e+00
8.597763e+01	-5.538526e-03	-9.294863e-01	1.319489e+01	3.450184e+00
7.757060e+01	1.164954e-02	-9.016441e-01	1.318519e+01	3.457288e+00
8.045085e+01	3.539714e-02	-8.906507e-01	1.317108e+01	3.458832e+00
7.819410e+01	3.685543e-02	-8.954824e-01	1.317671e+01	3.439527e+00
7.651616e+01	4.389167e-02	-9.083133e-01	1.317872e+01	3.420489e+00
7.611759e+01	5.418905e-02	-9.121481e-01	1.317286e+01	3.411589e+00
7.831887e+01	6.512703e-02	-9.219569e-01	1.317115e+01	3.395778e+00
8.469152e+01	9.441199e-02	-9.338902e-01	1.315609e+01	3.383227e+00
7.691277e+01	1.181305e-01	-8.975823e-01	1.313421e+01	3.404501e+00
9.093475e+01	1.182403e-01	-8.785571e-01	1.312007e+01	3.425832e+00
7.595645e+01	8.732035e-02	-8.997013e-01	1.315769e+01	3.380702e+00
8.074425e+01	6.861479e-02	-9.242600e-01	1.318428e+01	3.341077e+00
9.007043e+01	6.293105e-02	-9.341650e-01	1.319584e+01	3.318180e+00
7.582723e+01	8.116551e-02	-9.110247e-01	1.318065e+01	3.327796e+00
7.783027e+01	9.929789e-02	-8.917115e-01	1.316533e+01	3.333528e+00
7.580691e+01	1.175979e-01	-8.974437e-01	1.316107e+01	3.315821e+00
7.533507e+01	1.011962e-01	-9.094872e-01	1.317367e+01	3.297569e+00
8.327166e+01	8.779152e-02	-9.270842e-01	1.318211e+01	3.278906e+00
7.590513e+01	1.004455e-01	-9.136439e-01	1.316947e+01	3.282674e+00
1.132429e+02	3.123355e-01	-9.142065e-01	1.370418e+01	2.441574e+00
1.585220e+02	4.182056e-01	-8.083364e-01	1.359831e+01	2.547444e+00
9.345888e+01	3.308571e-01	-8.875137e-01	1.366594e+01	2.498192e+00
9.334908e+01	3.655981e-01	-8.636601e-01	1.360701e+01	2.564441e+00
1.016860e+02	3.355207e-01	-9.117454e-01	1.361521e+01	2.566691e+00
9.286756e+01	3.516688e-01	-8.624056e-01	1.356092e+01	2.637134e+00
8.473822e+01	3.826324e-01	-8.844405e-01	1.350529e+01	2.677993e+00
8.439022e+01	3.829070e-01	-8.862869e-01	1.348878e+01	2.687097e+00
8.344447e+01	3.476585e-01	-8.945070e-01	1.346219e+01	2.749481e+00
8.251303e+01	2.671265e-01	-8.848449e-01	1.348403e+01	2.799495e+00
8.112410e+01	3.108805e-01	-8.958076e-01	1.341666e+01	2.836508e+00
9.800031e+01	2.618755e-01	-8.548536e-01	1.340073e+01	2.906492e+00
1.430920e+02	2.644758e-01	-9.530973e-01	1.340267e+01	2.845872e+00
1.140853e+02	3.397523e-01	-8.489378e-01	1.328414e+01	2.967016e+00
8.809702e+01	2.760814e-01	-8.690545e-01	1.331244e+01	2.951315e+00
8.076284e+01	2.152268e-01	-9.013989e-01	1.335634e+01	2.895095e+00
7.969058e+01	2.107781e-01	-9.003002e-01	1.332944e+01	2.917016e+00
7.827091e+01	2.113216e-01	-8.859042e-01	1.328104e+01	2.961724e+00
7.830333e+01	2.308031e-01	-8.857690e-01	1.325272e+01	2.968956e+00
7.762346e+01	2.319241e-01	-9.021681e-01	1.324346e+01	2.956510e+00
7.659390e+01	1.960844e-01	-8.972746e-01	1.322624e+01	2.989267e+00
7.757485e+01	2.138747e-01	-9.095842e-01	1.319232e+01	2.995010e+00
8.207651e+01	1.876429e-01	-8.777533e-01	1.315892e+01	3.044460e+00
8.000178e+01	2.572128e-01	-8.904496e-01	1.307869e+01	3.069160e+00
1.493198e+02	4.494914e-02	-9.569349e-01	1.323485e+01	2.973742e+00
1.762280e+02	1.145001e-01	-8.134873e-01	1.313628e+01	3.106482e+00
8.561281e+01	2.151541e-02	-9.093771e-01	1.324359e+01	2.962636e+00
1.980806e+02	-2.584774e-01	-9.728516e-01	1.348524e+01	3.609265e+00
1.054579e+02	-1.526074e-01	-8.669815e-01	1.337937e+01	3.715135e+00
9.919988e+01	-1.348556e-01	-8.730441e-01	1.338729e+01	3.688601e+00
9.776239e+01	-1.508922e-01	-9.271388e-01	1.343945e+01	3.614506e+00
8.524226e+01	-9.546158e-02	-9.127194e-01	1.339615e+01	3.630789e+00
8.134676e+01	-3.555235e-02	-9.124172e-01	1.334812e+01	3.635544e+00
7.992822e+01	-4.235846e-03	-9.145495e-01	1.332993e+01	3.627571e+00
7.779432e+01	4.940134e-02	-9.071888e-01	1.329569e+01	3.617854e+00
7.975666e+01	5.299501e-02	-9.248443e-01	1.329456e+01	3.598013e+00
8.642317e+01	1.015423e-01	-9.395068e-01	1.325706e+01	3.582316e+00
7.861098e+01	1.269963e-01	-9.024062e-01	1.321575e+01	3.619291e+00
9.214945e+01	9.807973e-02	-9.421087e-01	1.329173e+01	3.529504e+00
7.521672e+01	1.423181e-01	-9.187037e-01	1.323456e+01	3.569133e+00
7.658494e+01	1.311762e-01	-9.073895e-01	1.321636e+01	3.591809e+00
8.131251e+01	1.214486e-01	-9.323743e-01	1.325667e+01	3.529012e+00
7.584761e+01	1.396842e-01	-9.212556e-01	1.325078e+01	3.518908e+00
7.708687e+01	1.447269e-01	-9.260326e-01	1.323598e+01	3.509859e+00
8.155897e+01	1.852696e-01	-8.984557e-01	1.316339e+01	3.553246e+00
1.305211e+02	8.859985e-02	-9.635823e-01	1.327938e+01	3.437693e+00
9.674313e+01	1.692165e-01	-8.766623e-01	1.320166e+01	3.500615e+00
9.588131e+01	5.973082e-02	-9.379552e-01	1.331852e+01	3.402801e+00
7.599035e+01	1.087904e-01	-9.118259e-01	1.327156e+01	3.439639e+00
8.401667e+01	9.362379e-02	-9.286177e-01	1.329610e+01	3.409456e+00
7.852869e+01	8.910052e-02	-9.177430e-01	1.330090e+01	3.403419e+00
7.531379e+01	1.410439e-01	-9.134609e-01	1.325554e+01	3.418992e+00
8.174547e+01	1.731795e-01	-9.310323e-01	1.324657e+01	3.384767e+00
7.507542e+01	1.701018e-01	-9.088138e-01	1.322904e+01	3.409953e+00
7.678034e+01	1.370160e-01	-8.977989e-01	1.323860e+01	3.419634e+00
9.382680e+01	1.262268e-01	-9.404760e-01	1.326216e+01	3.368528e+00
1.615395e+02	1.459419e-01	-9.757145e-01	1.324091e+01	3.364745e+00
1.722204e+02	2.381670e-01	-8.389996e-01	1.312827e+01	3.483517e+00
2.577767e+03	-8.258065e-03	-1.199613e+00	1.373546e+01	3.052787e+00
1.095635e+03	9.761200e-02	-1.093743e+00	1.362959e+01	3.158657e+00
3.769220e+02	1.943504e-01	-1.014896e+00	1.352432e+01	3.250553e+00
8.922481e+01	2.914665e-01	-9.369140e-01	1.342080e+01	3.343777e+00
8.620335e+01	3.390501e-01	-8.884929e-01	1.336217e+01	3.402130e+00
1.190089e+02	3.572639e-01	-8.631411e-01	1.334218e+01	3.422580e+00
1.192152e+02	3.103112e-01	-8.573616e-01	1.337657e+01	3.415512e+00
1.075568e+02	2.732236e-01	-8.614359e-01	1.340930e+01	3.396785e+00
8.984946e+01	2.133243e-01	-8.733799e-01	1.346361e+01	3.361554e+00
7.964540e+01	1.635628e-01	-8.894605e-01	1.351217e+01	3.321851e+00
8.009273e+01	1.357009e-01	-8.995459e-01	1.353859e+01	3.297896e+00
8.259275e+01	1.234388e-01	-9.088719e-01	1.355062e+01	3.282780e+00
8.355655e+01	1.264254e-01	-9.119947e-01	1.354757e+01	3.277780e+00
8.400742e+01	1.407113e-01	-9.149210e-01	1.353648e+01	3.274071e+00
8.105113e+01	1.574401e-01	-9.110594e-01	1.351787e+01	3.281908e+00
7.914484e+01	1.761093e-01	-9.089527e-01	1.349456e+01	3.292078e+00
7.783179e+01	1.957946e-01	-9.050208e-01	1.347559e+01	3.298616e+00
7.644069e+01	2.291304e-01	-9.005224e-01	1.344424e+01	3.308857e+00
7.641727e+01	2.303331e-01	-9.000716e-01	1.344053e+01	3.308297e+00
7.628641e+01	2.352150e-01	-9.012273e-01	1.343420e+01	3.307659e+00
7.634556e+01	2.323117e-01	-9.030318e-01	1.343415e+01	3.303048e+00
7.694708e+01	2.180120e-01	-9.071536e-01	1.344277e+01	3.295739e+00
7.678633e+01	2.237361e-01	-9.083287e-01	1.343443e+01	3.295718e+00
7.660264e+01	2.365139e-01	-9.108587e-01	1.341978e+01	3.298353e+00
7.656272e+01	2.382183e-01	-9.112060e-01	1.341473e+01	3.297604e+00
7.763583e+01	2.253595e-01	-9.143074e-01	1.342143e+01	3.291106e+00
7.642103e+01	2.356010e-01	-9.105127e-01	1.340699e+01	3.296015e+00
2.653826e+02	1.313213e+00	-7.617290e-01	1.457995e+01	2.003690e+00
1.175560e+02	1.419083e+00	-8.675991e-01	1.447408e+01	1.897820e+00
1.380984e+02	1.523708e+00	-9.165615e-01	1.436797e+01	1.999231e+00
1.299661e+02	1.658623e+00	-8.683098e-01	1.423937e+01	2.117611e+00
1.337206e+02	1.519193e+00	-9.124175e-01	1.437800e+01	1.988671e+00
1.809245e+02	1.493650e+00	-7.988668e-01	1.439723e+01	2.000618e+00
1.178998e+02	1.494683e+00	-8.565885e-01	1.439305e+01	2.007066e+00
1.386963e+02	1.502386e+00	-9.181360e-01	1.438269e+01	2.041028e+00
1.150362e+02	1.486446e+00	-8.609311e-01	1.439477e+01	2.064121e+00
1.122934e+02	1.484144e+00	-8.806785e-01	1.439179e+01	2.094912e+00
1.134672e+02	1.451461e+00	-8.865561e-01	1.441221e+01	2.098879e+00
1.134319e+02	1.413328e+00	-8.607542e-01	1.444325e+01	2.105289e+00
1.108543e+02	1.429209e+00	-8.665882e-01	1.442727e+01	2.154246e+00
1.180005e+02	1.439225e+00	-8.505616e-01	1.441188e+01	2.206419e+00
2.095034e+02	1.367346e+00	-9.545062e-01	1.445861e+01	2.166393e+00
4.277003e+02	1.373327e+00	-7.259993e-01	1.444599e+01	2.238258e+00
1.113883e+02	1.325253e+00	-8.806375e-01	1.449080e+01	2.140937e+00
1.100006e+02	1.312931e+00	-8.707928e-01	1.449652e+01	2.164898e+00
1.087436e+02	1.333038e+00	-8.811522e-01	1.447601e+01	2.220875e+00
1.071336e+02	1.357865e+00	-8.690541e-01	1.444531e+01	2.287516e+00
1.114684e+02	1.298963e+00	-8.932308e-01	1.449005e+01	2.272305e+00
1.053718e+02	1.319225e+00	-8.713301e-01	1.446937e+01	2.338169e+00
1.066050e+02	1.268024e+00	-8.847232e-01	1.450476e+01	2.334275e+00
1.051959e+02	1.236315e+00	-8.725773e-01	1.452336e+01	2.351075e+00
1.047298e+02	1.266039e+00	-8.872968e-01	1.449688e+01	2.414905e+00
1.066876e+02	1.309460e+00	-8.617095e-01	1.445664e+01	2.518245e+00
1.205029e+02	1.177031e+00	-9.119129e-01	1.454032e+01	2.426792e+00
1.023265e+02	1.171146e+00	-8.723459e-01	1.453636e+01	2.472696e+00
1.022223e+02	1.199257e+00	-8.665908e-01	1.450523e+01	2.528644e+00
1.011579e+02	1.149139e+00	-8.819840e-01	1.453549e+01	2.522157e+00
9.928392e+01	1.183470e+00	-8.851035e-01	1.450609e+01	2.587657e+00
1.002170e+02	1.137522e+00	-8.872596e-01	1.453452e+01	2.589150e+00
9.975614e+01	1.174008e+00	-8.673827e-01	1.450185e+01	2.667589e+00
9.862999e+01	1.192715e+00	-8.948565e-01	1.448095e+01	2.702879e+00
1.038702e+02	1.131326e+00	-8.581956e-01	1.450632e+01	2.722623e+00
1.049797e+02	1.117122e+00	-9.077893e-01	1.451349e+01	2.703718e+00
1.229794e+02	1.108784e+00	-8.357887e-01	1.450477e+01	2.777455e+00
9.458015e+01	1.108097e+00	-8.875351e-01	1.450117e+01	2.779078e+00
9.972937e+01	1.051538e+00	-9.025398e-01	1.452837e+01	2.782097e+00
1.004931e+02	1.095499e+00	-8.625220e-01	1.448802e+01	2.851957e+00
9.440473e+01	9.751810e-01	-8.850252e-01	1.455593e+01	2.823626e+00
9.294804e+01	1.003606e+00	-8.766227e-01	1.453209e+01	2.880730e+00
9.271675e+01	9.706685e-01	-8.873685e-01	1.454222e+01	2.888089e+00
9.684696e+01	9.482645e-01	-8.653214e-01	1.454490e+01	2.919191e+00
1.002478e+02	9.750122e-01	-9.121056e-01	1.452512e+01	2.944555e+00
8.973479e+01	1.014840e+00	-8.836802e-01	1.449162e+01	3.003227e+00
8.927389e+01	9.523215e-01	-8.890778e-01	1.451076e+01	3.021858e+00
8.957571e+01	1.005007e+00	-8.807201e-01	1.446661e+01	3.090305e+00
1.079231e+02	8.669209e-01	-9.220819e-01	1.453147e+01	3.030044e+00
9.294801e+01	9.138945e-01	-8.701188e-01	1.448714e+01	3.118331e+00
9.801221e+01	8.363387e-01	-9.126527e-01	1.452631e+01	3.071931e+00
8.861210e+01	8.845221e-01	-8.788344e-01	1.448729e+01	3.138136e+00
1.056821e+02	8.309154e-01	-9.239429e-01	1.450903e+01	3.119754e+00
8.777492e+01	8.365351e-01	-8.810514e-01	1.449639e+01	3.165145e+00
8.985297e+01	8.820398e-01	-8.754096e-01	1.446016e+01	3.215418e+00
9.528718e+01	7.942018e-01	-9.161971e-01	1.449541e+01	3.203668e+00
1.264429e+02	8.514257e-01	-8.385254e-01	1.445326e+01	3.279590e+00
9.727478e+01	8.426352e-01	-9.213825e-01	1.446347e+01	3.209009e+00
9.944603e+01	8.378138e-01	-8.616037e-01	1.445213e+01	3.274474e+00
1.188471e+02	8.288877e-01	-9.405252e-01	1.445782e+01	3.232144e+00
1.571474e+02	8.630965e-01	-8.248718e-01	1.441827e+01	3.351071e+00
2.119604e+02	-8.645161e-02	-9.650323e-01	1.171806e+01	1.657032e+00
8.068875e+01	-1.923217e-01	-8.591622e-01	1.161219e+01	1.762902e+00
6.699179e+01	-3.005103e-01	-8.907029e-01	1.164774e+01	1.802069e+00
6.662213e+01	-3.408048e-01	-8.917140e-01	1.160995e+01	1.844381e+00
6.520745e+01	-3.563158e-01	-8.848037e-01	1.157913e+01	1.875958e+00
6.402890e+01	-3.528282e-01	-8.887263e-01	1.153454e+01	1.906293e+00
6.322345e+01	-3.438220e-01	-8.799118e-01	1.149831e+01	1.920991e+00
7.486891e+01	-3.642041e-01	-9.147424e-01	1.149842e+01	1.899151e+00
6.444072e+01	-3.370349e-01	-8.737187e-01	1.144277e+01	1.923215e+00
6.550932e+01	-3.387078e-01	-9.066482e-01	1.143335e+01	1.894282e+00
6.099908e+01	-3.264668e-01	-8.857672e-01	1.138734e+01	1.920192e+00
6.689533e+01	-3.244373e-01	-8.709825e-01	1.134314e+01	1.943382e+00
6.509390e+01	-3.548903e-01	-9.082558e-01	1.136339e+01	1.904209e+00
6.821454e+01	-3.334805e-01	-9.149037e-01	1.133133e+01	1.894659e+00
6.149144e+01	-3.542703e-01	-8.811731e-01	1.130965e+01	1.911616e+00
6.856260e+01	-3.978755e-01	-8.669780e-01	1.130946e+01	1.916477e+00
6.722881e+01	-4.004855e-01	-9.094842e-01	1.131483e+01	1.875668e+00
5.972462e+01	-3.566297e-01	-8.967561e-01	1.125965e+01	1.881821e+00
5.978394e+01	-3.672312e-01	-8.896895e-01	1.125001e+01	1.868787e+00
6.350783e+01	-3.635137e-01	-8.741797e-01	1.123233e+01	1.864520e+00
6.480871e+01	-3.959909e-01	-9.081534e-01	1.125319e+01	1.818672e+00
6.061774e+01	-4.071248e-01	-8.907093e-01	1.125523e+01	1.807269e+00
5.918415e+01	-3.868757e-01	-8.936913e-01	1.121745e+01	1.796362e+00
6.197127e+01	-3.827543e-01	-8.750656e-01	1.117161e+01	1.802548e+00
6.548973e+01	-3.866290e-01	-9.118517e-01	1.118225e+01	1.750977e+00
6.000417e+01	-3.462988e-01	-9.038910e-01	1.112709e+01	1.741355e+00
6.008726e+01	-3.796202e-01	-8.780786e-01	1.111861e+01	1.747215e+00
5.846519e+01	-4.152942e-01	-8.886201e-01	1.113963e+01	1.708210e+00
5.839681e+01	-4.223608e-01	-8.878104e-01	1.112783e+01	1.690363e+00
5.764031e+01	-4.065257e-01	-8.912642e-01	1.111996e+01	1.657341e+00
5.720224e+01	-4.065532e-01	-8.866567e-01	1.108328e+01	1.656436e+00
6.481354e+01	-3.824517e-01	-8.672171e-01	1.103396e+01	1.660343e+00
9.589979e+01	-4.444211e-01	-9.355417e-01	1.108309e+01	1.587346e+00
5.735125e+01	-4.240826e-01	-8.788236e-01	1.104416e+01	1.589503e+00
5.990542e+01	-4.320282e-01	-8.711999e-01	1.101536e+01	1.584636e+00
7.204352e+01	-4.483803e-01	-9.174081e-01	1.103769e+01	1.519063e+00
5.574690e+01	-4.235798e-01	-8.848153e-01	1.097661e+01	1.539873e+00
1.958358e+03	-5.868903e-01	-1.160516e+00	1.309427e+01	3.554529e+00
6.870910e+02	-4.810203e-01	-1.054646e+00	1.298840e+01	3.660399e+00
1.033909e+02	-3.618283e-01	-9.376338e-01	1.286693e+01	3.781052e+00
1.173444e+02	-2.845921e-01	-8.694082e-01	1.278361e+01	3.856429e+00
1.877319e+02	-2.400040e-01	-8.344307e-01	1.275002e+01	3.884931e+00
2.147850e+02	-2.256373e-01	-8.245446e-01	1.275228e+01	3.881130e+00
1.843563e+02	-2.415393e-01	-8.328150e-01	1.279387e+01	3.844570e+00
1.512216e+02	-2.542881e-01	-8.454546e-01	1.283080e+01	3.807457e+00
1.142186e+02	-2.789744e-01	-8.662989e-01	1.288095e+01	3.760161e+00
9.503833e+01	-2.841362e-01	-8.846047e-01	1.290599e+01	3.726383e+00
8.779482e+01	-2.910670e-01	-9.007186e-01	1.293120e+01	3.694478e+00
8.756543e+01	-2.904696e-01	-9.126988e-01	1.294577e+01	3.671658e+00
8.700925e+01	-2.721259e-01	-9.167974e-01	1.293734e+01	3.663018e+00
8.463062e+01	-2.411670e-01	-9.160286e-01	1.291289e+01	3.665423e+00
8.303765e+01	-2.163431e-01	-9.157082e-01	1.289470e+01	3.665384e+00
8.190808e+01	-1.885507e-01	-9.115474e-01	1.287035e+01	3.672246e+00
8.068451e+01	-1.600342e-01	-9.127332e-01	1.284744e+01	3.674000e+00
7.927660e+01	-1.255344e-01	-9.153941e-01	1.281633e+01	3.675063e+00
7.858682e+01	-1.066803e-01	-9.168932e-01	1.280127e+01	3.671958e+00
7.894308e+01	-7.771932e-02	-9.147854e-01	1.277100e+01	3.678732e+00
7.787299e+01	-6.695580e-02	-9.189111e-01	1.276709e+01	3.669574e+00
7.701651e+01	-6.494440e-02	-9.247914e-01	1.277163e+01	3.656672e+00
7.682105e+01	-4.922363e-02	-9.241406e-01	1.275867e+01	3.653449e+00
7.665455e+01	-4.408006e-02	-9.245315e-01	1.275901e+01	3.644762e+00
7.684464e+01	-2.803084e-02	-9.230413e-01	1.274343e+01	3.643660e+00
7.655443e+01	-2.100629e-02	-9.246095e-01	1.274000e+01	3.633482e+00
7.705912e+01	-1.111264e-02	-9.222154e-01	1.273074e+01	3.631017e+00
7.639970e+01	-1.012754e-02	-9.250920e-01	1.273310e+01	3.618612e+00
7.657117e+01	-5.515436e-03	-9.235395e-01	1.273001e+01	3.614091e+00
7.820801e+01	6.867250e-03	-9.190711e-01	1.271825e+01	3.614626e+00
7.689691e+01	-3.016451e-03	-9.203119e-01	1.273228e+01	3.598266e+00
1.621401e+02	-2.819355e-01	-8.164645e-01	1.434537e+01	2.322981e+00
1.570873e+02	-1.760654e-01	-9.223346e-01	1.423950e+01	2.428851e+00
1.161829e+02	-6.729154e-02	-8.666642e-01	1.413082e+01	2.537527e+00
1.125158e+02	1.583274e-02	-8.599470e-01	1.404923e+01	2.615078e+00
1.027903e+02	1.076117e-01	-8.835262e-01	1.395627e+01	2.687413e+00
1.034038e+02	1.887587e-01	-9.053138e-01	1.386781e+01	2.760931e+00
1.004741e+02	2.948234e-01	-8.524968e-01	1.375996e+01	2.878060e+00
9.059994e+01	2.588435e-01	-8.702875e-01	1.377873e+01	2.871554e+00
9.793124e+01	2.997450e-01	-9.166678e-01	1.372977e+01	2.890817e+00
8.151609e+01	3.614770e-01	-8.949664e-01	1.364883e+01	2.980881e+00
8.548158e+01	3.785003e-01	-8.743982e-01	1.360623e+01	3.041116e+00
9.167173e+01	4.546097e-01	-8.748005e-01	1.351286e+01	3.124713e+00
1.603772e+02	2.828629e-01	-9.590767e-01	1.366511e+01	3.000756e+00
1.467127e+02	3.124119e-01	-8.240807e-01	1.360880e+01	3.127286e+00
9.278332e+01	2.233304e-01	-9.145938e-01	1.369303e+01	3.028510e+00
8.216811e+01	2.454747e-01	-8.923141e-01	1.365975e+01	3.065058e+00
8.369630e+01	2.391503e-01	-9.000580e-01	1.365817e+01	3.066499e+00
8.145128e+01	2.480619e-01	-8.869248e-01	1.363688e+01	3.087331e+00
8.023773e+01	2.635227e-01	-8.898832e-01	1.361425e+01	3.109832e+00
7.991275e+01	2.607882e-01	-8.910256e-01	1.360389e+01	3.121518e+00
7.939997e+01	2.715870e-01	-8.985304e-01	1.358181e+01	3.137943e+00
7.980622e+01	2.752601e-01	-9.038386e-01	1.357018e+01	3.142284e+00
7.873715e+01	2.837589e-01	-8.892672e-01	1.353783e+01	3.180806e+00
7.796174e+01	2.965291e-01	-8.919107e-01	1.350641e+01	3.216412e+00
7.995157e+01	2.492395e-01	-9.094067e-01	1.353928e+01	3.190547e+00
7.906423e+01	2.607711e-01	-8.878114e-01	1.352229e+01	3.210982e+00
7.890593e+01	2.309465e-01	-8.893495e-01	1.352760e+01	3.219651e+00
8.693267e+01	1.987407e-01	-9.200709e-01	1.354392e+01	3.200389e+00
9.282836e+01	2.431368e-01	-8.676372e-01	1.348812e+01	3.266732e+00
8.087071e+01	2.220664e-01	-9.148675e-01	1.350310e+01	3.234559e+00
7.979438e+01	2.444732e-01	-8.863632e-01	1.346542e+01	3.281753e+00
7.852755e+01	2.037752e-01	-9.082774e-01	1.348712e+01	3.261705e+00
7.949452e+01	2.207666e-01	-8.870897e-01	1.345556e+01	3.294349e+00
7.721332e+01	2.298604e-01	-8.941979e-01	1.343554e+01	3.306816e+00
8.062632e+01	1.863479e-01	-9.163388e-01	1.346230e+01	3.280020e+00
7.827030e+01	2.219428e-01	-9.168937e-01	1.341987e+01	3.306335e+00
9.199063e+01	2.120498e-01	-8.716269e-01	1.340695e+01	3.347935e+00
8.817553e+01	1.066293e-01	-9.224940e-01	1.348067e+01	3.291420e+00
7.835263e+01	1.340368e-01	-9.012561e-01	1.345100e+01	3.318848e+00
7.886541e+01	1.835082e-01	-8.900276e-01	1.339748e+01	3.363586e+00
7.756661e+01	1.483085e-01	-9.024679e-01	1.342703e+01	3.326610e+00
7.755241e+01	1.576638e-01	-8.956278e-01	1.342466e+01	3.313863e+00
7.711135e+01	1.561844e-01	-9.034651e-01	1.340721e+01	3.328854e+00
5.397533e+02	-6.025290e-01	-7.109032e-01	1.354779e+01	3.472426e+00
1.680467e+02	-7.083991e-01	-8.167733e-01	1.365366e+01	3.366556e+00
1.299908e+02	-7.284763e-01	-9.018672e-01	1.369628e+01	3.302823e+00
1.501188e+02	-6.899278e-01	-9.246915e-01	1.367432e+01	3.304006e+00
1.172744e+02	-6.242202e-01	-8.843158e-01	1.362146e+01	3.344824e+00
1.210814e+02	-5.552044e-01	-8.581455e-01	1.355679e+01	3.391900e+00
1.098647e+02	-5.124557e-01	-8.863316e-01	1.352697e+01	3.386185e+00
1.093611e+02	-4.628573e-01	-9.000856e-01	1.349266e+01	3.381212e+00
1.023824e+02	-3.938359e-01	-8.967565e-01	1.341449e+01	3.427420e+00
9.462013e+01	-3.100208e-01	-8.896602e-01	1.331532e+01	3.485475e+00
9.170690e+01	-2.546768e-01	-8.864268e-01	1.326461e+01	3.498344e+00
9.449255e+01	-1.811657e-01	-8.759841e-01	1.317613e+01	3.544173e+00
9.170310e+01	-1.607659e-01	-9.236290e-01	1.319153e+01	3.465028e+00
8.686481e+01	-1.196288e-01	-9.216908e-01	1.316099e+01	3.455790e+00
8.608958e+01	-2.437937e-02	-8.853835e-01	1.305263e+01	3.523289e+00
7.620862e+01	7.806064e-03	-9.087305e-01	1.306828e+01	3.449098e+00
7.869012e+01	4.728029e-02	-8.959608e-01	1.303505e+01	3.459997e+00
7.432957e+01	7.827491e-02	-9.141607e-01	1.302475e+01	3.422640e+00
7.524672e+01	8.391480e-02	-9.216740e-01	1.303067e+01	3.383528e+00
7.484426e+01	1.267543e-01	-9.233930e-01	1.298220e+01	3.377521e+00
8.144832e+01	1.464251e-01	-8.957962e-01	1.295949e+01	3.390456e+00
7.951848e+01	1.365022e-01	-8.967596e-01	1.296672e+01	3.370571e+00
8.260865e+01	9.476259e-02	-9.309891e-01	1.305294e+01	3.266568e+00
8.950040e+01	1.487860e-01	-8.802526e-01	1.298882e+01	3.296904e+00
7.451008e+01	1.281408e-01	-9.009970e-01	1.303650e+01	3.228595e+00
7.419894e+01	1.384493e-01	-9.056192e-01	1.301305e+01	3.223240e+00
7.435952e+01	1.483436e-01	-9.142982e-01	1.302218e+01	3.181214e+00
7.573856e+01	1.873669e-01	-9.012310e-01	1.299449e+01	3.170408e+00
7.487110e+01	1.742731e-01	-9.028563e-01	1.300160e+01	3.154387e+00
7.442832e+01	1.318102e-01	-9.091056e-01	1.305059e+01	3.121025e+00
7.542533e+01	1.736877e-01	-8.992018e-01	1.298831e+01	3.138777e+00
8.974589e+01	1.250599e-01	-9.334043e-01	1.304251e+01	3.074194e+00
1.582932e+02	2.090684e-01	-8.371526e-01	1.292530e+01	3.171779e+00
1.120460e+02	-6.729032e-01	-8.829290e-01	1.307863e+01	3.591019e+00
2.924749e+02	-5.670332e-01	-9.887991e-01	1.297276e+01	3.485149e+00
9.813856e+01	-4.547226e-01	-8.847672e-01	1.286237e+01	3.590974e+00
1.195874e+02	-3.884576e-01	-8.568398e-01	1.281689e+01	3.608731e+00
9.805240e+01	-3.672121e-01	-8.781111e-01	1.282150e+01	3.566060e+00
8.956102e+01	-3.497116e-01	-9.042045e-01	1.285167e+01	3.501552e+00
8.635954e+01	-3.023735e-01	-8.984767e-01	1.281453e+01	3.501449e+00
8.278474e+01	-2.407001e-01	-9.003320e-01	1.277307e+01	3.485924e+00
8.153741e+01	-2.094592e-01	-8.993344e-01	1.275117e+01	3.473227e+00
7.909154e+01	-1.766120e-01	-9.049193e-01	1.274187e+01	3.437642e+00
7.770984e+01	-1.514985e-01	-9.087271e-01	1.272723e+01	3.410419e+00
7.746196e+01	-1.123342e-01	-9.037469e-01	1.266631e+01	3.424685e+00
7.628380e+01	-1.160809e-01	-9.175246e-01	1.272294e+01	3.344203e+00
8.156357e+01	-7.331156e-02	-8.897928e-01	1.269122e+01	3.339494e+00
7.485952e+01	-8.804526e-02	-9.122769e-01	1.274300e+01	3.264899e+00
8.305920e+01	-9.206666e-02	-9.268994e-01	1.278793e+01	3.190274e+00
1.057299e+02	-2.799497e-02	-8.630881e-01	1.270585e+01	3.250607e+00
7.414877e+01	-5.534116e-02	-9.011055e-01	1.273088e+01	3.199343e+00
7.956886e+01	-8.397946e-02	-9.211049e-01	1.278006e+01	3.136117e+00
8.690875e+01	-3.422825e-02	-8.757966e-01	1.271806e+01	3.162513e+00
7.435523e+01	-6.349717e-02	-8.971306e-01	1.275793e+01	3.108701e+00
7.372191e+01	-5.410225e-02	-9.014868e-01	1.274603e+01	3.085011e+00
7.381898e+01	-4.827822e-02	-8.962765e-01	1.273582e+01	3.074922e+00
7.374897e+01	-5.507491e-02	-8.976778e-01	1.273904e+01	3.060853e+00
7.317238e+01	-3.627465e-02	-8.977417e-01	1.271434e+01	3.049149e+00
7.363129e+01	-5.355819e-02	-9.067925e-01	1.272642e+01	3.015025e+00
7.543183e+01	-1.997343e-02	-8.885942e-01	1.267320e+01	3.034218e+00
8.459992e+01	2.383635e-03	-8.780987e-01	1.261374e+01	3.054091e+00
1.391705e+02	-9.768973e-02	-9.582130e-01	1.273631e+01	2.931823e+00
8.564620e+01	-5.200850e-02	-9.293219e-01	1.268062e+01	2.953813e+00
1.519324e+02	-1.581091e-02	-8.305983e-01	1.260839e+01	3.040191e+00
9.438075e+01	-1.298234e-01	-9.290990e-01	1.274098e+01	2.907222e+00
1.024510e+02	-1.371190e-01	-9.344406e-01	1.274586e+01	2.889139e+00
1.123761e+02	-7.672739e-02	-8.443266e-01	1.268969e+01	2.933162e+00
9.754481e+01	-7.911830e-02	-8.565020e-01	1.267706e+01	2.934117e+00
2.180673e+02	-3.757677e-01	-7.890968e-01	1.464250e+01	9.454710e-01
1.520958e+02	-2.698977e-01	-8.949668e-01	1.453663e+01	1.051341e+00
1.569284e+02	-1.963480e-01	-9.028070e-01	1.445699e+01	1.133624e+00
1.719166e+02	-8.550628e-02	-8.166450e-01	1.435053e+01	1.237473e+00
1.384506e+02	4.196687e-02	-8.704597e-01	1.422437e+01	1.359584e+00
1.411566e+02	1.843564e-01	-8.420835e-01	1.408445e+01	1.493409e+00
1.460208e+02	3.176578e-01	-9.092605e-01	1.395359e+01	1.613151e+00
1.165613e+02	4.640015e-01	-8.634510e-01	1.381877e+01	1.759624e+00
1.169841e+02	6.081501e-01	-8.986684e-01	1.368592e+01	1.888251e+00
1.171463e+02	7.258988e-01	-8.625772e-01	1.356020e+01	2.032752e+00
1.063786e+02	5.786264e-01	-8.942350e-01	1.362563e+01	2.111868e+00
1.105871e+02	6.528358e-01	-8.631624e-01	1.352289e+01	2.225796e+00
1.019982e+02	4.639016e-01	-8.577875e-01	1.366183e+01	2.288716e+00
1.235697e+02	4.368869e-01	-9.235023e-01	1.364720e+01	2.348396e+00
1.538085e+02	5.251402e-01	-8.165322e-01	1.351446e+01	2.501414e+00
9.166069e+01	3.979389e-01	-8.730151e-01	1.360556e+01	2.465442e+00
9.462021e+01	4.181442e-01	-9.025904e-01	1.356740e+01	2.512184e+00
1.344219e+02	5.019894e-01	-8.317343e-01	1.344950e+01	2.637533e+00
1.219202e+02	2.986064e-01	-9.268114e-01	1.361483e+01	2.533435e+00
1.223409e+02	3.489053e-01	-8.309086e-01	1.352791e+01	2.660579e+00
8.775620e+01	3.312287e-01	-8.739445e-01	1.354388e+01	2.615906e+00
8.826497e+01	3.368640e-01	-8.715911e-01	1.353505e+01	2.619844e+00
9.496915e+01	3.733977e-01	-9.152403e-01	1.347615e+01	2.684337e+00
1.195069e+02	4.053250e-01	-8.401472e-01	1.341009e+01	2.793641e+00
9.054941e+01	3.878525e-01	-8.676811e-01	1.341211e+01	2.772543e+00
1.053819e+02	3.235093e-01	-9.290851e-01	1.343967e+01	2.776540e+00
8.195570e+01	3.893837e-01	-8.904705e-01	1.335067e+01	2.856239e+00
1.038847e+02	4.310802e-01	-8.662769e-01	1.327646e+01	2.934101e+00
1.236236e+02	2.264643e-01	-9.405562e-01	1.344903e+01	2.811628e+00
1.649833e+02	2.767518e-01	-8.129173e-01	1.338654e+01	2.928520e+00
8.260787e+01	1.752281e-01	-8.853451e-01	1.345433e+01	2.861302e+00
8.395269e+01	2.206097e-01	-8.732041e-01	1.339284e+01	2.919026e+00
1.163485e+02	2.034555e-01	-9.387124e-01	1.340578e+01	2.876404e+00
1.489336e+02	2.741997e-01	-8.239785e-01	1.332049e+01	2.990960e+00
9.296247e+01	1.971656e-01	-8.604915e-01	1.336628e+01	2.949932e+00
2.376653e+03	1.324903e-01	-1.207432e+00	1.304735e+01	3.399445e+00
9.088042e+02	2.383604e-01	-1.101562e+00	1.294148e+01	3.505315e+00
1.413254e+02	3.557335e-01	-9.885332e-01	1.282325e+01	3.621505e+00
1.629920e+02	4.202276e-01	-9.203202e-01	1.275726e+01	3.690031e+00
2.095151e+02	3.745411e-01	-8.857295e-01	1.277056e+01	3.724392e+00
1.703480e+02	2.960549e-01	-8.809343e-01	1.283006e+01	3.716267e+00
1.371260e+02	2.323954e-01	-8.830783e-01	1.288175e+01	3.702002e+00
9.811498e+01	1.651493e-01	-8.962118e-01	1.294014e+01	3.675060e+00
8.296970e+01	1.238389e-01	-9.062161e-01	1.297677e+01	3.655472e+00
7.699391e+01	9.225930e-02	-9.158798e-01	1.300330e+01	3.640147e+00
7.542484e+01	7.239888e-02	-9.230912e-01	1.302158e+01	3.627046e+00
7.603840e+01	6.420867e-02	-9.276510e-01	1.302955e+01	3.619264e+00
7.746928e+01	5.699566e-02	-9.314122e-01	1.303601e+01	3.612611e+00
7.903087e+01	5.111206e-02	-9.340978e-01	1.304099e+01	3.607250e+00
7.794718e+01	5.453220e-02	-9.322288e-01	1.303739e+01	3.607959e+00
7.704634e+01	5.946270e-02	-9.305059e-01	1.303268e+01	3.608855e+00
7.593597e+01	6.528279e-02	-9.273226e-01	1.302642e+01	3.611320e+00
7.562735e+01	7.140696e-02	-9.262822e-01	1.302214e+01	3.609470e+00
7.535370e+01	7.603032e-02	-9.243252e-01	1.301637e+01	3.611657e+00
7.529891e+01	8.215171e-02	-9.230549e-01	1.301077e+01	3.611607e+00
7.529930e+01	8.390453e-02	-9.236039e-01	1.300783e+01	3.610654e+00
7.530047e+01	8.475426e-02	-9.242445e-01	1.300609e+01	3.608188e+00
7.542313e+01	8.625701e-02	-9.260912e-01	1.300358e+01	3.605941e+00
7.585705e+01	8.365940e-02	-9.285823e-01	1.300605e+01	3.599727e+00
7.581159e+01	8.757765e-02	-9.286492e-01	1.300052e+01	3.599862e+00
7.542562e+01	9.617830e-02	-9.261965e-01	1.298972e+01	3.604378e+00
7.553233e+01	9.621964e-02	-9.273351e-01	1.298903e+01	3.601422e+00
7.581950e+01	9.201442e-02	-9.289453e-01	1.299361e+01	3.594129e+00
7.574449e+01	9.490341e-02	-9.287229e-01	1.298842e+01	3.594193e+00
7.612549e+01	9.419423e-02	-9.303999e-01	1.298542e+01	3.593304e+00
7.574224e+01	9.799447e-02	-9.288263e-01	1.298024e+01	3.593471e+00
8.141379e+02	1.586890e+00	-9.767613e-01	1.339141e+01	1.775626e+00
4.436787e+02	1.481020e+00	-8.708912e-01	1.349728e+01	1.669756e+00
3.446091e+02	1.378964e+00	-7.971853e-01	1.360851e+01	1.533353e+00
2.165683e+02	1.299273e+00	-8.094643e-01	1.369435e+01	1.425251e+00
1.387169e+02	1.232377e+00	-8.543037e-01	1.376651e+01	1.333509e+00
1.464568e+02	1.183912e+00	-9.090958e-01	1.381695e+01	1.279592e+00
1.763547e+02	1.145266e+00	-9.307516e-01	1.385534e+01	1.254808e+00
1.742121e+02	1.115993e+00	-9.290417e-01	1.388350e+01	1.248182e+00
1.387943e+02	1.093045e+00	-8.996756e-01	1.390397e+01	1.256273e+00
1.275730e+02	1.075587e+00	-8.700780e-01	1.391803e+01	1.276222e+00
1.364243e+02	1.061972e+00	-8.412711e-01	1.392732e+01	1.302505e+00
1.426077e+02	1.051218e+00	-8.317302e-01	1.393396e+01	1.331866e+00
1.430347e+02	1.043664e+00	-8.303747e-01	1.393635e+01	1.369984e+00
1.320095e+02	1.038306e+00	-8.452518e-01	1.393666e+01	1.411788e+00
1.244667e+02	1.034683e+00	-8.619675e-01	1.393513e+01	1.456545e+00
1.236825e+02	1.032442e+00	-8.805862e-01	1.393180e+01	1.503902e+00
1.270025e+02	1.031784e+00	-8.923692e-01	1.392726e+01	1.554440e+00
1.274235e+02	1.032648e+00	-8.960226e-01	1.392073e+01	1.607576e+00
1.216500e+02	1.034286e+00	-8.858342e-01	1.391322e+01	1.663920e+00
1.185268e+02	1.036807e+00	-8.683613e-01	1.390525e+01	1.721496e+00
1.191614e+02	1.039894e+00	-8.636330e-01	1.389708e+01	1.779435e+00
1.208425e+02	1.044233e+00	-8.596066e-01	1.388736e+01	1.839517e+00
1.185080e+02	1.047311e+00	-8.665588e-01	1.387908e+01	1.895578e+00
1.173286e+02	1.049835e+00	-8.745403e-01	1.387152e+01	1.947120e+00
1.178598e+02	1.052750e+00	-8.829598e-01	1.386335e+01	2.002248e+00
1.187210e+02	1.055369e+00	-8.860168e-01	1.385504e+01	2.060140e+00
1.192171e+02	1.057515e+00	-8.855849e-01	1.384779e+01	2.114059e+00
1.637266e+02	4.061677e-01	-8.633806e-01	1.293788e+01	1.246516e+00
2.804681e+02	3.002977e-01	-9.692507e-01	1.304375e+01	1.352386e+00
1.264476e+02	3.196228e-01	-8.636110e-01	1.299515e+01	1.458918e+00
1.183352e+02	2.115344e-01	-8.503675e-01	1.306209e+01	1.533287e+00
1.124040e+02	2.509588e-01	-8.674309e-01	1.299555e+01	1.613779e+00
1.213609e+02	3.232573e-01	-8.728817e-01	1.289506e+01	1.721384e+00
1.039150e+02	1.888149e-01	-8.818938e-01	1.300949e+01	1.761656e+00
1.008722e+02	1.847101e-01	-8.827498e-01	1.297596e+01	1.842067e+00
9.935388e+01	2.128350e-01	-8.709209e-01	1.291599e+01	1.928397e+00
1.050213e+02	2.716046e-01	-8.891036e-01	1.282617e+01	2.009886e+00
9.176666e+01	1.647887e-01	-8.714219e-01	1.287795e+01	2.086464e+00
8.816815e+01	1.462272e-01	-8.732803e-01	1.285664e+01	2.173690e+00
8.759392e+01	1.570926e-01	-8.881131e-01	1.282797e+01	2.199554e+00
8.697819e+01	1.819793e-01	-8.853876e-01	1.277882e+01	2.268007e+00
8.304102e+01	1.398962e-01	-8.806457e-01	1.276926e+01	2.329461e+00
8.467515e+01	1.244012e-01	-8.705608e-01	1.274754e+01	2.377323e+00
8.475830e+01	1.046659e-01	-9.073027e-01	1.273438e+01	2.388597e+00
8.628639e+01	1.202642e-01	-8.687796e-01	1.266806e+01	2.492045e+00
8.044809e+01	8.513712e-02	-9.042337e-01	1.268830e+01	2.444015e+00
7.929058e+01	1.250043e-01	-8.942171e-01	1.263365e+01	2.493419e+00
7.507343e+01	4.459975e-02	-8.862931e-01	1.264046e+01	2.540082e+00
7.541141e+01	2.318747e-02	-8.985249e-01	1.263911e+01	2.533312e+00
8.094866e+01	7.743938e-02	-8.762366e-01	1.256243e+01	2.604682e+00
8.070987e+01	-2.050904e-02	-9.146054e-01	1.261058e+01	2.583818e+00
7.397682e+01	5.313392e-02	-8.985875e-01	1.252193e+01	2.642665e+00
1.072356e+02	1.426499e-01	-8.725298e-01	1.240355e+01	2.748012e+00
1.924545e+02	-1.103175e-01	-9.677488e-01	1.262945e+01	2.537250e+00
2.745553e+02	-3.251789e-02	-7.762469e-01	1.253336e+01	2.693720e+00
1.082898e+02	-1.613073e-01	-9.274298e-01	1.268006e+01	2.479951e+00
8.032532e+01	-9.508042e-02	-9.045133e-01	1.263304e+01	2.504351e+00
7.420637e+01	-6.140723e-02	-8.882362e-01	1.259331e+01	2.535619e+00
7.458312e+01	-2.079892e-02	-8.982469e-01	1.257481e+01	2.518216e+00
7.375198e+01	-2.056067e-03	-8.839699e-01	1.252438e+01	2.566818e+00
7.256282e+01	-2.502640e-02	-8.919857e-01	1.252709e+01	2.566044e+00
7.293785e+01	9.211520e-03	-8.974988e-01	1.248821e+01	2.577811e+00
7.329966e+01	-1.161883e-02	-9.043754e-01	1.248938e+01	2.571808e+00
7.524933e+01	2.820938e-02	-8.851114e-01	1.244753e+01	2.605599e+00
7.463513e+01	3.490967e-02	-8.899011e-01	1.242759e+01	2.614801e+00
7.368037e+01	-2.249630e-02	-9.078958e-01	1.246345e+01	2.584057e+00
7.152604e+01	-4.022399e-02	-8.982981e-01	1.244436e+01	2.607844e+00
7.284750e+01	8.054097e-03	-8.916384e-01	1.241152e+01	2.615425e+00
7.265929e+01	1.038212e-02	-9.033366e-01	1.240970e+01	2.593778e+00
7.180118e+01	-9.480025e-03	-8.949158e-01	1.240333e+01	2.612924e+00
7.219714e+01	-2.750581e-02	-8.878023e-01	1.239983e+01	2.623344e+00
7.229367e+01	-2.869241e-02	-9.075913e-01	1.239667e+01	2.601300e+00
9.464827e+01	2.669008e-02	-8.651669e-01	1.233976e+01	2.651793e+00
1.040604e+02	-1.144553e-01	-9.360090e-01	1.245781e+01	2.532231e+00
7.897469e+01	-3.208457e-02	-8.721208e-01	1.239544e+01	2.574973e+00
7.135476e+01	-6.423054e-02	-9.012976e-01	1.240031e+01	2.573168e+00
7.182990e+01	-6.976863e-02	-9.047693e-01	1.239286e+01	2.577118e+00
7.666280e+01	-1.621829e-02	-8.797236e-01	1.233492e+01	2.608423e+00
1.078955e+03	-5.008774e-01	-1.074503e+00	1.257819e+01	9.272258e-01
2.788034e+02	-3.950074e-01	-9.686332e-01	1.247232e+01	1.033096e+00
1.070952e+02	-2.745639e-01	-8.752743e-01	1.235136e+01	1.149541e+00
1.254631e+02	-1.740420e-01	-8.271809e-01	1.224479e+01	1.260754e+00
1.571082e+02	-1.055092e-01	-8.068300e-01	1.213682e+01	1.374876e+00
1.634975e+02	-1.217424e-01	-8.007808e-01	1.204070e+01	1.481743e+00
1.295428e+02	-1.756657e-01	-8.155923e-01	1.195774e+01	1.574925e+00
9.520582e+01	-2.520467e-01	-8.383060e-01	1.188585e+01	1.653818e+00
8.137647e+01	-2.296464e-01	-8.543604e-01	1.178858e+01	1.723606e+00
7.530174e+01	-1.906648e-01	-8.658966e-01	1.168926e+01	1.796462e+00
7.873436e+01	-1.420509e-01	-8.768091e-01	1.160449e+01	1.839975e+00
7.448992e+01	-1.573055e-01	-8.863160e-01	1.153855e+01	1.884118e+00
6.952193e+01	-1.892156e-01	-8.905031e-01	1.148825e+01	1.914708e+00
6.494438e+01	-2.312180e-01	-8.917262e-01	1.144946e+01	1.939492e+00
6.562740e+01	-2.321875e-01	-8.922247e-01	1.139899e+01	1.959138e+00
6.974186e+01	-2.149045e-01	-8.897687e-01	1.135460e+01	1.977126e+00
6.360358e+01	-2.596837e-01	-8.919278e-01	1.135884e+01	1.948150e+00
6.092378e+01	-3.080595e-01	-8.919667e-01	1.138202e+01	1.903621e+00
6.405579e+01	-2.560661e-01	-8.911570e-01	1.133076e+01	1.897166e+00
8.564028e+01	-1.740490e-01	-8.863139e-01	1.125764e+01	1.915771e+00
6.398088e+01	-2.589961e-01	-8.910287e-01	1.130738e+01	1.865965e+00
6.056763e+01	-3.033714e-01	-8.934521e-01	1.131303e+01	1.867189e+00
6.022046e+01	-3.132297e-01	-8.965830e-01	1.131378e+01	1.832943e+00
6.101337e+01	-2.902811e-01	-8.943229e-01	1.129935e+01	1.807802e+00
6.516272e+01	-2.560338e-01	-8.919237e-01	1.125190e+01	1.812321e+00
7.184835e+01	-2.276239e-01	-8.875886e-01	1.121830e+01	1.801351e+00
6.374523e+01	-2.713145e-01	-8.883161e-01	1.123344e+01	1.786143e+00
5.942197e+01	-3.307898e-01	-8.902963e-01	1.127447e+01	1.737554e+00
6.006570e+01	-3.095347e-01	-8.881456e-01	1.123590e+01	1.744812e+00
6.125947e+01	-2.949524e-01	-8.871867e-01	1.121610e+01	1.722278e+00
6.603940e+01	-2.662213e-01	-8.855138e-01	1.117638e+01	1.731418e+00
6.311065e+01	-2.812138e-01	-8.900070e-01	1.118191e+01	1.716310e+00
6.307835e+01	-2.834935e-01	-8.901839e-01	1.116697e+01	1.704162e+00
6.220799e+01	-2.920260e-01	-8.874407e-01	1.116135e+01	1.687094e+00
6.155297e+01	-2.972984e-01	-8.908478e-01	1.115295e+01	1.671420e+00
6.333269e+01	-2.869512e-01	-8.896297e-01	1.112822e+01	1.660011e+00
6.087082e+01	-3.058877e-01	-8.901458e-01	1.113255e+01	1.636021e+00
5.991815e+01	-3.151504e-01	-8.900535e-01	1.113789e+01	1.622347e+00
6.065580e+01	-3.078665e-01	-8.924686e-01	1.111396e+01	1.614193e+00
6.097000e+01	-3.079003e-01	-8.970498e-01	1.110964e+01	1.586199e+00
6.277230e+01	-2.962702e-01	-8.948125e-01	1.107212e+01	1.599600e+00
6.494073e+01	-2.887074e-01	-8.979389e-01	1.104141e+01	1.590560e+00
5.981868e+01	-3.260382e-01	-8.898602e-01	1.105446e+01	1.597226e+00
9.250989e+01	5.429677e-02	-8.712000e-01	1.287533e+01	1.967200e+00
2.625948e+02	1.601668e-01	-9.770701e-01	1.276946e+01	2.073070e+00
1.104303e+02	2.643778e-01	-8.722372e-01	1.266652e+01	2.176601e+00
9.755700e+01	2.178228e-01	-8.895847e-01	1.264793e+01	2.193890e+00
8.247402e+01	8.917774e-02	-8.811140e-01	1.271078e+01	2.245853e+00
8.283065e+01	3.265983e-02	-8.891090e-01	1.274297e+01	2.239550e+00
8.130828e+01	1.019506e-01	-8.824212e-01	1.263855e+01	2.321995e+00
8.267904e+01	1.080380e-01	-9.044074e-01	1.258488e+01	2.378565e+00
1.004831e+02	9.587477e-02	-8.522294e-01	1.257210e+01	2.418934e+00
8.140750e+01	8.726848e-03	-9.026242e-01	1.264784e+01	2.347577e+00
7.812662e+01	5.931348e-02	-8.995150e-01	1.256544e+01	2.404012e+00
7.914908e+01	2.591991e-02	-9.057292e-01	1.256301e+01	2.407502e+00
1.204382e+02	9.403627e-02	-8.413033e-01	1.247897e+01	2.493873e+00
1.221453e+02	-1.173332e-02	-9.403861e-01	1.259409e+01	2.333754e+00
1.541566e+02	6.628042e-02	-8.175028e-01	1.249062e+01	2.433477e+00
7.788021e+01	-2.625830e-02	-9.038561e-01	1.253400e+01	2.399224e+00
7.914903e+01	5.533092e-03	-8.714632e-01	1.249916e+01	2.417629e+00
7.797981e+01	2.718717e-02	-9.067076e-01	1.247045e+01	2.415393e+00
8.565928e+01	2.281495e-02	-8.649319e-01	1.244337e+01	2.450744e+00
7.360450e+01	-2.246855e-02	-8.837270e-01	1.244700e+01	2.444528e+00
8.076506e+01	-1.155723e-02	-9.136507e-01	1.244620e+01	2.416200e+00
1.129569e+02	2.807062e-02	-8.443808e-01	1.236166e+01	2.505527e+00
1.218325e+02	-6.323426e-02	-9.426989e-01	1.247814e+01	2.362419e+00
7.677040e+01	3.352882e-02	-8.849505e-01	1.238262e+01	2.429984e+00
7.450031e+01	-3.296920e-02	-8.790890e-01	1.241195e+01	2.412230e+00
7.633086e+01	2.429430e-03	-9.095806e-01	1.234884e+01	2.445654e+00
7.347478e+01	-1.112280e-02	-8.868977e-01	1.234716e+01	2.445346e+00
1.295316e+02	-2.506581e-01	-8.516516e-01	1.459559e+01	2.861213e+00
3.384523e+02	-1.447880e-01	-7.457815e-01	1.448972e+01	2.967083e+00
1.232808e+02	-8.421609e-02	-8.515683e-01	1.446969e+01	2.888293e+00
1.184587e+02	2.112167e-02	-9.024970e-01	1.437239e+01	2.919168e+00
1.178010e+02	1.048421e-01	-9.121165e-01	1.428098e+01	2.992375e+00
9.982938e+01	2.037824e-01	-9.010469e-01	1.416858e+01	3.086885e+00
8.896859e+01	3.088407e-01	-8.982218e-01	1.405348e+01	3.183023e+00
8.263256e+01	4.228766e-01	-8.840134e-01	1.393983e+01	3.281586e+00
7.913953e+01	4.924649e-01	-8.987892e-01	1.386149e+01	3.326412e+00
8.047513e+01	5.551854e-01	-9.023659e-01	1.378522e+01	3.387780e+00
8.253058e+01	5.980707e-01	-9.153576e-01	1.373225e+01	3.407074e+00
8.337163e+01	5.870796e-01	-9.238070e-01	1.371974e+01	3.418071e+00
8.873191e+01	6.309077e-01	-9.170471e-01	1.365201e+01	3.486280e+00
8.819870e+01	5.145304e-01	-9.356654e-01	1.372771e+01	3.441122e+00
8.342946e+01	5.722489e-01	-9.232752e-01	1.365204e+01	3.520181e+00
9.310771e+01	5.878960e-01	-9.096998e-01	1.359331e+01	3.606880e+00
8.281416e+01	5.217336e-01	-9.309849e-01	1.365099e+01	3.529041e+00
8.119475e+01	5.223794e-01	-9.247765e-01	1.363125e+01	3.547826e+00
8.285591e+01	5.380890e-01	-9.224274e-01	1.360360e+01	3.568880e+00
8.514118e+01	5.550037e-01	-9.298563e-01	1.358207e+01	3.568160e+00
8.404409e+01	5.155082e-01	-9.344560e-01	1.358730e+01	3.575960e+00
8.004421e+01	4.620994e-01	-9.292351e-01	1.360980e+01	3.581673e+00
8.922453e+01	5.279879e-01	-9.150005e-01	1.352311e+01	3.647362e+00
7.893029e+01	4.163278e-01	-9.289110e-01	1.359754e+01	3.599169e+00
8.055760e+01	4.633796e-01	-9.263771e-01	1.353112e+01	3.639176e+00
1.266406e+02	-6.181677e-01	-9.220258e-01	1.273458e+01	3.016297e+00
1.658094e+02	-5.122977e-01	-8.161557e-01	1.262871e+01	3.122167e+00
9.184054e+01	-4.309691e-01	-8.920115e-01	1.264164e+01	3.047345e+00
1.117491e+02	-3.301883e-01	-9.380822e-01	1.257056e+01	3.035944e+00
9.298813e+01	-2.298587e-01	-9.340245e-01	1.248128e+01	3.061703e+00
7.357117e+01	-1.347494e-01	-9.036230e-01	1.238227e+01	3.126459e+00
7.232429e+01	-9.179498e-02	-9.090005e-01	1.236910e+01	3.097060e+00
7.518713e+01	-1.144040e-01	-9.224971e-01	1.243275e+01	3.025508e+00
7.153372e+01	-8.738866e-02	-9.144833e-01	1.241774e+01	3.014624e+00
7.518267e+01	-1.132485e-01	-9.209824e-01	1.244472e+01	2.976204e+00
7.259927e+01	-7.684631e-02	-8.973159e-01	1.241084e+01	2.986644e+00
9.691173e+01	-1.418070e-02	-8.743931e-01	1.234496e+01	3.015405e+00
9.307398e+01	-1.046506e-01	-9.404422e-01	1.243344e+01	2.920185e+00
1.209976e+02	-1.338167e-01	-9.545831e-01	1.245505e+01	2.884897e+00
7.382483e+01	-1.162001e-01	-8.886554e-01	1.242754e+01	2.915055e+00
1.184372e+02	-9.869881e-02	-8.465604e-01	1.239835e+01	2.938397e+00
7.308466e+01	-1.412046e-01	-9.091708e-01	1.245485e+01	2.860374e+00
9.992550e+01	-1.712550e-01	-9.366349e-01	1.249640e+01	2.806444e+00
7.418297e+01	-1.405614e-01	-9.102910e-01	1.246993e+01	2.815053e+00
7.423757e+01	-9.772336e-02	-8.842578e-01	1.243366e+01	2.829475e+00
7.269067e+01	-1.003448e-01	-8.878128e-01	1.243251e+01	2.817569e+00
7.139933e+01	-9.734223e-02	-8.924300e-01	1.242741e+01	2.804762e+00
7.171966e+01	-1.048445e-01	-9.080126e-01	1.243294e+01	2.784134e+00
7.120631e+01	-9.403879e-02	-9.089957e-01	1.240830e+01	2.790852e+00
7.159144e+01	-9.225926e-02	-9.106316e-01	1.240341e+01	2.780830e+00
7.037258e+01	-8.976060e-02	-9.025553e-01	1.239119e+01	2.780771e+00
7.026717e+01	-8.564964e-02	-9.050388e-01	1.238212e+01	2.776473e+00
7.272023e+01	-6.654317e-02	-9.159648e-01	1.236658e+01	2.763454e+00
7.016943e+01	-7.893363e-02	-9.071402e-01	1.235786e+01	2.771651e+00
7.022696e+01	-7.075663e-02	-9.084007e-01	1.234580e+01	2.765265e+00
7.000113e+01	-9.361234e-02	-9.027332e-01	1.234420e+01	2.769269e+00
7.018333e+01	-8.597288e-02	-8.997511e-01	1.231991e+01	2.783868e+00
7.503406e+01	-1.193161e-01	-9.186257e-01	1.234126e+01	2.757172e+00
7.733247e+01	-1.209161e-01	-9.218489e-01	1.233581e+01	2.746735e+00
7.081838e+01	-1.103545e-01	-8.922668e-01	1.230904e+01	2.765362e+00
7.088771e+01	-1.118208e-01	-8.925996e-01	1.228772e+01	2.776328e+00
7.002573e+01	-1.243673e-01	-8.986507e-01	1.229956e+01	2.748864e+00
1.057863e+02	-1.727811e-01	-9.430578e-01	1.233748e+01	2.705032e+00
7.917369e+01	-1.378984e-01	-9.239289e-01	1.229620e+01	2.721032e+00
2.460842e+02	3.201548e-01	-7.812774e-01	1.292225e+01	2.122284e+00
9.680338e+01	2.142848e-01	-8.871475e-01	1.302812e+01	2.016414e+00
9.468592e+01	1.488365e-01	-8.662830e-01	1.307264e+01	2.063512e+00
9.494021e+01	9.253150e-02	-8.659536e-01	1.311010e+01	2.093316e+00
9.429418e+01	1.226752e-01	-8.925870e-01	1.306069e+01	2.136732e+00
9.324545e+01	1.047404e-01	-8.605695e-01	1.304347e+01	2.202273e+00
9.598989e+01	1.152819e-01	-9.044357e-01	1.302015e+01	2.220160e+00
8.666569e+01	8.314724e-02	-8.845703e-01	1.301577e+01	2.285515e+00
1.017603e+02	1.223122e-01	-8.450246e-01	1.294818e+01	2.335046e+00
9.535336e+01	1.081061e-01	-8.522179e-01	1.293265e+01	2.374444e+00
1.767353e+02	3.070965e-02	-9.556139e-01	1.298285e+01	2.335127e+00
3.624747e+02	8.752570e-02	-7.454509e-01	1.288063e+01	2.469541e+00
9.117532e+01	-4.441319e-02	-8.647988e-01	1.301238e+01	2.318073e+00
8.519271e+01	2.199872e-03	-8.772814e-01	1.295695e+01	2.334870e+00
8.456996e+01	-1.010013e-02	-8.784940e-01	1.294477e+01	2.361336e+00
8.299326e+01	1.138340e-02	-8.808926e-01	1.291772e+01	2.373085e+00
8.332158e+01	2.591525e-02	-8.687486e-01	1.286499e+01	2.423527e+00
8.326447e+01	-3.533435e-02	-8.914842e-01	1.288483e+01	2.448921e+00
7.875616e+01	2.708137e-02	-8.793506e-01	1.281780e+01	2.475945e+00
8.054974e+01	-2.477581e-02	-8.896823e-01	1.284070e+01	2.474512e+00
8.355999e+01	3.363932e-02	-8.655914e-01	1.276802e+01	2.529221e+00
7.727630e+01	-8.799247e-03	-8.835268e-01	1.277170e+01	2.515535e+00
7.705281e+01	-5.247520e-03	-8.800256e-01	1.275446e+01	2.539951e+00
7.653816e+01	-1.069424e-02	-8.955968e-01	1.272199e+01	2.561634e+00
8.312845e+01	7.016310e-04	-8.656078e-01	1.269576e+01	2.587569e+00
7.841240e+01	-7.536431e-02	-8.950165e-01	1.272930e+01	2.569047e+00
7.454489e+01	-2.641348e-02	-8.882715e-01	1.267405e+01	2.588955e+00
7.737950e+01	1.503244e-02	-8.757549e-01	1.261542e+01	2.620988e+00
7.873256e+01	-7.190841e-02	-9.051270e-01	1.266593e+01	2.584615e+00
7.331839e+01	-3.971227e-02	-8.855395e-01	1.259252e+01	2.648704e+00
7.394096e+01	-4.906895e-02	-8.954349e-01	1.260815e+01	2.609926e+00
7.740062e+01	-6.401438e-02	-8.740975e-01	1.256555e+01	2.664634e+00
7.308100e+01	-5.356110e-02	-8.884410e-01	1.257724e+01	2.609214e+00
7.353811e+01	-6.144613e-02	-8.969268e-01	1.256385e+01	2.608077e+00
8.154220e+01	-4.352611e-02	-8.679357e-01	1.252117e+01	2.640736e+00
7.765227e+01	-1.299011e-01	-8.989322e-01	1.259712e+01	2.560390e+00
8.628431e+01	-5.152272e-02	-8.619859e-01	1.251038e+01	2.621556e+00
7.163264e+01	-3.216804e-02	-9.016595e-01	1.246620e+01	2.635444e+00
1.271768e+02	-1.321829e-01	-9.475384e-01	1.252638e+01	2.573718e+00
5.303790e+02	-6.877437e-02	-7.273032e-01	1.242017e+01	2.745097e+00
4.689083e+02	-2.923113e-01	-1.014181e+00	1.266722e+01	2.427900e+00
1.276267e+02	-2.037419e-01	-8.477419e-01	1.120199e+01	1.994568e+00
1.271422e+02	-3.096120e-01	-9.536120e-01	1.130786e+01	1.888698e+00
6.367767e+01	-3.478922e-01	-8.737443e-01	1.134057e+01	1.885507e+00
7.388028e+01	-3.800221e-01	-8.575721e-01	1.137449e+01	1.851279e+00
6.347223e+01	-3.918905e-01	-8.757878e-01	1.139124e+01	1.822448e+00
6.454867e+01	-3.955645e-01	-8.972980e-01	1.140283e+01	1.791619e+00
6.700314e+01	-3.922490e-01	-9.035175e-01	1.140113e+01	1.778023e+00
7.192242e+01	-3.921418e-01	-9.111212e-01	1.139328e+01	1.773066e+00
6.228611e+01	-3.761296e-01	-8.763523e-01	1.137963e+01	1.775591e+00
6.325808e+01	-3.649726e-01	-8.716642e-01	1.137014e+01	1.762772e+00
6.111867e+01	-3.677578e-01	-8.858556e-01	1.137516e+01	1.738892e+00
6.432179e+01	-3.566614e-01	-9.023343e-01	1.136812e+01	1.715833e+00
6.139292e+01	-3.658748e-01	-8.890610e-01	1.136787e+01	1.712560e+00
6.068409e+01	-3.616761e-01	-8.840051e-01	1.136041e+01	1.699287e+00
6.126349e+01	-3.734282e-01	-8.864474e-01	1.136210e+01	1.692339e+00
6.132654e+01	-3.628596e-01	-8.759628e-01	1.135147e+01	1.690322e+00
6.339988e+01	-3.815975e-01	-8.965741e-01	1.135909e+01	1.668821e+00
6.203879e+01	-3.870689e-01	-8.883009e-01	1.135379e+01	1.665415e+00
6.470936e+01	-3.858280e-01	-9.002393e-01	1.134505e+01	1.653891e+00
6.034753e+01	-3.704971e-01	-8.814065e-01	1.132722e+01	1.647100e+00
6.228738e+01	-3.789068e-01	-8.961838e-01	1.132205e+01	1.639929e+00
6.293170e+01	-4.023671e-01	-8.934749e-01	1.132675e+01	1.636668e+00
6.095454e+01	-3.864065e-01	-8.892276e-01	1.130395e+01	1.634383e+00
5.998585e+01	-3.882566e-01	-8.870193e-01	1.128149e+01	1.646200e+00
5.957562e+01	-3.790524e-01	-8.865207e-01	1.127441e+01	1.623747e+00
1.886280e+02	-5.517419e-02	-9.454839e-01	1.276586e+01	1.392477e+00
1.152507e+02	-1.610443e-01	-8.396138e-01	1.265999e+01	1.498347e+00
1.829977e+02	-8.172776e-02	-7.889356e-01	1.254754e+01	1.623987e+00
1.108636e+02	-1.203962e-01	-8.355918e-01	1.252335e+01	1.673666e+00
9.168828e+01	-1.660791e-01	-8.638110e-01	1.246936e+01	1.754455e+00
8.616510e+01	-1.918648e-01	-8.794225e-01	1.239593e+01	1.846548e+00
8.267912e+01	-1.737769e-01	-8.879005e-01	1.232232e+01	1.925992e+00
7.647450e+01	-1.403404e-01	-8.851351e-01	1.223501e+01	2.013050e+00
7.545172e+01	-1.328558e-01	-8.705284e-01	1.216671e+01	2.095793e+00
7.260287e+01	-1.247878e-01	-8.767245e-01	1.211412e+01	2.143953e+00
7.236328e+01	-1.927030e-01	-8.723096e-01	1.207406e+01	2.208773e+00
7.196964e+01	-2.392921e-01	-8.738851e-01	1.204462e+01	2.243951e+00
7.016338e+01	-2.477048e-01	-8.777744e-01	1.199430e+01	2.276517e+00
6.907429e+01	-2.513258e-01	-8.800277e-01	1.194627e+01	2.307383e+00
6.717243e+01	-2.256072e-01	-8.846795e-01	1.189909e+01	2.312826e+00
6.712769e+01	-1.831538e-01	-8.868226e-01	1.185880e+01	2.302429e+00
6.607160e+01	-2.228772e-01	-8.890695e-01	1.184280e+01	2.304195e+00
6.799351e+01	-2.964346e-01	-8.904421e-01	1.186288e+01	2.286773e+00
6.794009e+01	-2.858623e-01	-8.819094e-01	1.182629e+01	2.293646e+00
7.484080e+01	-2.520819e-01	-8.693105e-01	1.176410e+01	2.323512e+00
6.554348e+01	-2.589824e-01	-8.893036e-01	1.177197e+01	2.276133e+00
6.666315e+01	-2.534708e-01	-8.826953e-01	1.175016e+01	2.272933e+00
6.536340e+01	-2.647288e-01	-8.986967e-01	1.175423e+01	2.227245e+00
6.550406e+01	-2.729797e-01	-8.962815e-01	1.175529e+01	2.190462e+00
6.624332e+01	-2.548925e-01	-8.806692e-01	1.171740e+01	2.189890e+00
6.554922e+01	-2.504019e-01	-8.821333e-01	1.169905e+01	2.161499e+00
6.772711e+01	-2.616393e-01	-8.755578e-01	1.167503e+01	2.155218e+00
6.566352e+01	-2.419477e-01	-8.818728e-01	1.164439e+01	2.139921e+00
6.418167e+01	-2.968617e-01	-8.898855e-01	1.165009e+01	2.116293e+00
6.519945e+01	-3.045279e-01	-8.805681e-01	1.161209e+01	2.127184e+00
6.521092e+01	-3.263188e-01	-8.808781e-01	1.160990e+01	2.098032e+00
6.678000e+01	-3.367093e-01	-8.758390e-01	1.158881e+01	2.093283e+00
6.413450e+01	-3.216829e-01	-8.818301e-01	1.157213e+01	2.055581e+00
6.340707e+01	-3.252218e-01	-8.874785e-01	1.156585e+01	2.019864e+00
6.407659e+01	-2.930066e-01	-8.785709e-01	1.152596e+01	2.001929e+00
6.966928e+01	-2.843429e-01	-8.686654e-01	1.148424e+01	2.008195e+00
6.209711e+01	-3.110971e-01	-8.851623e-01	1.149069e+01	1.959726e+00
2.171340e+02	6.642065e-01	-7.851871e-01	1.393876e+01	1.000206e+00
1.378594e+02	7.700765e-01	-8.910572e-01	1.383289e+01	1.106077e+00
1.539088e+02	8.895746e-01	-9.157615e-01	1.371347e+01	1.223848e+00
1.354787e+02	9.990738e-01	-8.693585e-01	1.361285e+01	1.334093e+00
1.271580e+02	9.061856e-01	-8.655187e-01	1.370227e+01	1.292201e+00
1.263501e+02	8.527445e-01	-8.759805e-01	1.375099e+01	1.287038e+00
1.260584e+02	8.137540e-01	-8.758128e-01	1.378211e+01	1.307183e+00
1.258592e+02	8.031280e-01	-8.810644e-01	1.378691e+01	1.368078e+00
1.234428e+02	7.844389e-01	-8.689412e-01	1.379763e+01	1.401946e+00
1.229012e+02	7.619516e-01	-8.699542e-01	1.381025e+01	1.429662e+00
1.213772e+02	7.606680e-01	-8.678502e-01	1.380179e+01	1.487590e+00
1.204886e+02	7.706097e-01	-8.621549e-01	1.378650e+01	1.557813e+00
1.201345e+02	7.499313e-01	-8.825209e-01	1.379519e+01	1.602066e+00
1.222340e+02	7.487628e-01	-8.929726e-01	1.378572e+01	1.672962e+00
1.148924e+02	7.292071e-01	-8.733848e-01	1.378873e+01	1.723839e+00
1.136181e+02	6.988936e-01	-8.762748e-01	1.379781e+01	1.777434e+00
1.126637e+02	6.884167e-01	-8.635991e-01	1.379557e+01	1.838277e+00
1.141440e+02	6.580646e-01	-8.555681e-01	1.380194e+01	1.896742e+00
1.110076e+02	6.471961e-01	-8.870722e-01	1.379864e+01	1.955018e+00
1.071128e+02	6.602500e-01	-8.841028e-01	1.377758e+01	2.036710e+00
1.056737e+02	6.279326e-01	-8.856008e-01	1.378275e+01	2.094768e+00
1.018043e+02	6.284451e-01	-8.725919e-01	1.376787e+01	2.170924e+00
1.001500e+02	5.822990e-01	-8.801946e-01	1.377728e+01	2.228590e+00
1.008037e+02	5.191123e-01	-8.638050e-01	1.379470e+01	2.285694e+00
1.074232e+02	5.099020e-01	-9.056160e-01	1.378857e+01	2.343417e+00
1.087555e+02	4.950025e-01	-9.104427e-01	1.378164e+01	2.410682e+00
9.872794e+01	5.207590e-01	-8.593197e-01	1.375651e+01	2.503278e+00
1.047828e+02	5.379072e-01	-8.497970e-01	1.373616e+01	2.565048e+00
9.097298e+01	4.868722e-01	-8.912023e-01	1.374413e+01	2.598637e+00
9.651124e+01	4.763372e-01	-9.091654e-01	1.373415e+01	2.658800e+00
8.671507e+01	4.623167e-01	-8.884950e-01	1.372385e+01	2.727524e+00
8.967541e+01	4.833274e-01	-8.695590e-01	1.370030e+01	2.799717e+00
8.424578e+01	4.225871e-01	-8.860113e-01	1.371169e+01	2.836015e+00
8.604071e+01	3.703594e-01	-8.990790e-01	1.371638e+01	2.879501e+00
8.272617e+01	3.700794e-01	-8.867894e-01	1.370074e+01	2.935069e+00
8.643002e+01	3.813163e-01	-9.093892e-01	1.368665e+01	2.960025e+00
8.469408e+01	3.945766e-01	-8.759507e-01	1.366135e+01	3.032284e+00
8.025707e+01	3.959078e-01	-8.895506e-01	1.364928e+01	3.056596e+00
8.224890e+01	3.693738e-01	-9.097026e-01	1.364379e+01	3.085305e+00
8.671969e+01	3.432374e-01	-9.194051e-01	1.363555e+01	3.124063e+00
8.618627e+01	3.666625e-01	-8.754792e-01	1.361021e+01	3.193979e+00
8.355905e+01	4.054505e-01	-8.829081e-01	1.358290e+01	3.235350e+00
9.282985e+01	3.172671e-01	-9.301186e-01	1.360903e+01	3.209201e+00
9.992223e+01	2.661230e-01	-9.346893e-01	1.361699e+01	3.221859e+00
1.126482e+02	3.080619e-01	-8.510637e-01	1.358020e+01	3.308415e+00
1.175253e+02	2.644830e-01	-8.462065e-01	1.358403e+01	3.312713e+00
9.441849e+01	2.144062e-01	-9.289851e-01	1.360612e+01	3.249769e+00
5.482396e+02	7.580387e-01	-6.991742e-01	1.364163e+01	1.264761e+00
1.711840e+02	6.521686e-01	-8.050443e-01	1.374750e+01	1.370631e+00
1.299794e+02	5.407406e-01	-8.892240e-01	1.385582e+01	1.465389e+00
1.557378e+02	5.222190e-01	-9.206498e-01	1.384018e+01	1.573784e+00
1.458413e+02	5.479331e-01	-9.177378e-01	1.378429e+01	1.687019e+00
1.151611e+02	5.979176e-01	-8.876402e-01	1.370599e+01	1.795910e+00
1.097093e+02	5.763734e-01	-8.639827e-01	1.367725e+01	1.892708e+00
1.137528e+02	5.880206e-01	-8.510816e-01	1.362240e+01	1.984703e+00
1.046867e+02	4.976403e-01	-8.644285e-01	1.366549e+01	2.056502e+00
1.019889e+02	4.596592e-01	-8.807114e-01	1.366658e+01	2.125372e+00
9.916912e+01	4.272309e-01	-8.815521e-01	1.364872e+01	2.214743e+00
9.613642e+01	3.772528e-01	-8.796683e-01	1.363809e+01	2.313825e+00
9.258599e+01	3.945523e-01	-8.762703e-01	1.358139e+01	2.393730e+00
9.006495e+01	4.219626e-01	-8.831831e-01	1.352052e+01	2.464080e+00
8.758412e+01	3.831178e-01	-8.812973e-01	1.349494e+01	2.542114e+00
8.705443e+01	3.981331e-01	-8.926896e-01	1.344294e+01	2.594659e+00
8.386935e+01	3.243171e-01	-8.870434e-01	1.344341e+01	2.674855e+00
8.322874e+01	2.880309e-01	-8.786104e-01	1.342514e+01	2.744773e+00
8.129551e+01	2.476407e-01	-8.868675e-01	1.340550e+01	2.798711e+00
7.998828e+01	2.207996e-01	-8.907387e-01	1.336702e+01	2.859142e+00
7.863572e+01	2.221909e-01	-8.929225e-01	1.332613e+01	2.907009e+00
7.736571e+01	2.549205e-01	-8.944118e-01	1.326839e+01	2.959633e+00
7.675642e+01	2.161861e-01	-8.934876e-01	1.325379e+01	2.998341e+00
7.663434e+01	1.856185e-01	-8.996121e-01	1.323900e+01	3.025008e+00
7.582907e+01	1.705457e-01	-8.965220e-01	1.320674e+01	3.063020e+00
7.553525e+01	1.603871e-01	-8.972610e-01	1.318516e+01	3.081847e+00
7.534329e+01	1.536742e-01	-8.952804e-01	1.315154e+01	3.115194e+00
7.488321e+01	1.526411e-01	-9.060913e-01	1.312249e+01	3.127992e+00
7.549670e+01	1.420079e-01	-8.942753e-01	1.309017e+01	3.163650e+00
7.547608e+01	8.190189e-02	-9.070617e-01	1.310241e+01	3.152017e+00
7.536125e+01	1.029827e-01	-8.944214e-01	1.305450e+01	3.186632e+00
7.658953e+01	9.642547e-02	-8.916308e-01	1.301943e+01	3.213632e+00
7.449860e+01	7.047359e-02	-9.056792e-01	1.302827e+01	3.185290e+00
7.372963e+01	1.057695e-01	-9.114912e-01	1.298327e+01	3.192495e+00
7.409329e+01	8.901452e-02	-9.009556e-01	1.297931e+01	3.200228e+00
7.495740e+01	4.926324e-02	-9.106880e-01	1.300769e+01	3.169879e+00
7.455127e+01	6.923622e-02	-8.975768e-01	1.296624e+01	3.197270e+00
7.436238e+01	3.150768e-02	-9.022358e-01	1.296509e+01	3.195259e+00
7.454005e+01	6.126917e-02	-8.977053e-01	1.293206e+01	3.202940e+00
7.530054e+01	2.813922e-02	-9.137233e-01	1.295235e+01	3.160415e+00
7.338893e+01	6.073762e-02	-9.087385e-01	1.290965e+01	3.177248e+00
7.356839e+01	5.204813e-02	-9.111540e-01	1.290619e+01	3.160884e+00
7.827612e+01	8.827474e-02	-8.911918e-01	1.285051e+01	3.199472e+00
1.142559e+02	1.775072e-01	-8.725165e-01	1.275650e+01	3.260651e+00
1.137349e+02	-9.200555e-03	-9.506065e-01	1.292553e+01	3.114134e+00
4.305417e+02	5.234581e-01	-7.304516e-01	1.468942e+01	3.180503e+00
1.264127e+02	4.175880e-01	-8.363217e-01	1.479529e+01	3.074633e+00
1.164471e+02	4.529162e-01	-8.469707e-01	1.477605e+01	3.063220e+00
1.086524e+02	5.339523e-01	-8.544624e-01	1.470373e+01	3.067397e+00
9.571393e+01	6.063420e-01	-8.781211e-01	1.462677e+01	3.086694e+00
9.168367e+01	6.945124e-01	-8.751103e-01	1.452762e+01	3.129168e+00
8.821509e+01	7.587272e-01	-8.950118e-01	1.445853e+01	3.141235e+00
8.766272e+01	7.298791e-01	-8.929699e-01	1.444826e+01	3.157940e+00
8.486705e+01	8.444043e-01	-8.895770e-01	1.433138e+01	3.235550e+00
8.566769e+01	8.786493e-01	-8.918864e-01	1.427822e+01	3.263797e+00
9.056675e+01	6.884179e-01	-9.070577e-01	1.444181e+01	3.214455e+00
8.454346e+01	7.206197e-01	-8.863632e-01	1.438516e+01	3.299858e+00
8.359320e+01	7.568384e-01	-8.889441e-01	1.433967e+01	3.326409e+00
8.372513e+01	6.556947e-01	-8.903334e-01	1.438260e+01	3.360746e+00
8.501070e+01	6.872228e-01	-9.067393e-01	1.435459e+01	3.335047e+00
8.357812e+01	6.768091e-01	-9.041921e-01	1.433188e+01	3.371043e+00
8.152028e+01	7.408449e-01	-9.038235e-01	1.424518e+01	3.425615e+00
8.421626e+01	6.221091e-01	-9.074753e-01	1.432248e+01	3.396343e+00
8.150183e+01	6.821390e-01	-8.939642e-01	1.424553e+01	3.480102e+00
8.094111e+01	7.233412e-01	-9.035823e-01	1.420743e+01	3.476680e+00
8.645858e+01	5.698451e-01	-9.158713e-01	1.431104e+01	3.459580e+00
8.137304e+01	6.116746e-01	-9.060231e-01	1.426547e+01	3.491426e+00
7.996204e+01	6.219442e-01	-8.994966e-01	1.421648e+01	3.568278e+00
8.463623e+01	5.445470e-01	-9.203660e-01	1.425214e+01	3.570545e+00
9.513034e+01	6.255005e-01	-8.777037e-01	1.415722e+01	3.655846e+00
8.589321e+01	5.026382e-01	-9.201615e-01	1.425234e+01	3.566276e+00
9.735319e+01	5.807589e-01	-8.739870e-01	1.415122e+01	3.670120e+00
9.481435e+01	5.751478e-01	-9.387463e-01	1.416364e+01	3.596032e+00
7.878849e+01	5.798736e-01	-9.069150e-01	1.411706e+01	3.689518e+00
9.622636e+02	-6.416258e-01	-1.070594e+00	1.356343e+01	3.353832e+00
2.143754e+02	-5.357557e-01	-9.647235e-01	1.345756e+01	3.459702e+00
1.026924e+02	-4.389376e-01	-8.825107e-01	1.335057e+01	3.553269e+00
1.456819e+02	-3.725481e-01	-8.333054e-01	1.327791e+01	3.610619e+00
1.991357e+02	-3.268015e-01	-8.076572e-01	1.324498e+01	3.628341e+00
2.103429e+02	-3.095179e-01	-8.027963e-01	1.326182e+01	3.607672e+00
1.877230e+02	-3.137164e-01	-8.104143e-01	1.330456e+01	3.566150e+00
1.603682e+02	-3.167609e-01	-8.223338e-01	1.334330e+01	3.522960e+00
1.271297e+02	-3.327925e-01	-8.429069e-01	1.339746e+01	3.467530e+00
1.071939e+02	-3.417626e-01	-8.651640e-01	1.343956e+01	3.417767e+00
1.000730e+02	-3.429557e-01	-8.832063e-01	1.346803e+01	3.378110e+00
1.024598e+02	-3.412754e-01	-8.993280e-01	1.349024e+01	3.343876e+00
1.055311e+02	-3.245544e-01	-9.093896e-01	1.348390e+01	3.326896e+00
1.066993e+02	-2.963665e-01	-9.150002e-01	1.345624e+01	3.323708e+00
1.050297e+02	-2.664556e-01	-9.168276e-01	1.342563e+01	3.326873e+00
1.010901e+02	-2.350804e-01	-9.162537e-01	1.338978e+01	3.334674e+00
9.457413e+01	-1.950864e-01	-9.131934e-01	1.334163e+01	3.351414e+00
8.784691e+01	-1.516398e-01	-9.081879e-01	1.328491e+01	3.374335e+00
8.386661e+01	-1.120218e-01	-9.054701e-01	1.323571e+01	3.389963e+00
8.084955e+01	-7.117051e-02	-9.052665e-01	1.318548e+01	3.400614e+00
7.852426e+01	-3.759077e-02	-9.047955e-01	1.314248e+01	3.410340e+00
7.740766e+01	-1.338685e-02	-9.068959e-01	1.311765e+01	3.406755e+00
7.608068e+01	1.642086e-02	-9.086723e-01	1.308206e+01	3.412122e+00
7.482818e+01	4.943978e-02	-9.118366e-01	1.303698e+01	3.420734e+00
7.442652e+01	6.354380e-02	-9.153181e-01	1.302512e+01	3.412914e+00
7.478616e+01	5.989088e-02	-9.179376e-01	1.303019e+01	3.402137e+00
7.496864e+01	7.113892e-02	-9.204890e-01	1.301867e+01	3.393338e+00
7.530282e+01	6.953544e-02	-9.214639e-01	1.301855e+01	3.386916e+00
7.520858e+01	8.097318e-02	-9.225090e-01	1.300304e+01	3.382240e+00
7.621092e+01	7.416699e-02	-9.242835e-01	1.301052e+01	3.370535e+00
7.527805e+01	8.657836e-02	-9.232775e-01	1.299059e+01	3.372106e+00
7.409938e+01	1.020022e-01	-9.198191e-01	1.296114e+01	3.383128e+00
7.410894e+01	1.020961e-01	-9.200600e-01	1.295523e+01	3.377523e+00
7.530355e+01	8.244899e-02	-9.232289e-01	1.297722e+01	3.356548e+00
7.502689e+01	8.153360e-02	-9.225435e-01	1.296965e+01	3.354031e+00
7.539974e+01	8.062304e-02	-9.234579e-01	1.296716e+01	3.344363e+00
7.459466e+01	8.052029e-02	-9.213606e-01	1.295471e+01	3.346736e+00
7.444029e+01	7.542095e-02	-9.203489e-01	1.295372e+01	3.340146e+00
7.400737e+01	7.499684e-02	-9.187306e-01	1.294056e+01	3.342068e+00
7.378822e+01	7.354581e-02	-9.175864e-01	1.292722e+01	3.343726e+00
7.380607e+01	6.814428e-02	-9.176101e-01	1.292359e+01	3.337837e+00
7.370908e+01	6.702069e-02	-9.170056e-01	1.291559e+01	3.335769e+00
7.406101e+01	5.750733e-02	-9.186286e-01	1.291912e+01	3.324033e+00
7.408000e+01	5.471987e-02	-9.194221e-01	1.290141e+01	3.326253e+00
7.465087e+01	4.646198e-02	-9.207077e-01	1.290633e+01	3.312883e+00
7.351859e+01	5.740885e-02	-9.161860e-01	1.287985e+01	3.321728e+00
7.426139e+01	4.319256e-02	-9.194275e-01	1.289179e+01	3.303630e+00
7.439963e+01	4.552648e-02	-9.203793e-01	1.288186e+01	3.294925e+00
7.529873e+01	3.490087e-02	-9.219301e-01	1.288689e+01	3.282819e+00
7.874461e+01	1.188209e-02	-9.257179e-01	1.290982e+01	3.258095e+00
7.661528e+01	1.779514e-02	-9.229543e-01	1.289377e+01	3.262337e+00
7.086419e+02	4.921806e-01	-6.952645e-01	1.325066e+01	2.377716e+00
1.730463e+02	3.863106e-01	-8.011346e-01	1.335653e+01	2.271846e+00
1.010948e+02	2.793748e-01	-8.960889e-01	1.344972e+01	2.211809e+00
1.383891e+02	2.399383e-01	-9.295420e-01	1.347861e+01	2.201665e+00
1.266157e+02	2.265462e-01	-9.216753e-01	1.347955e+01	2.221406e+00
1.025877e+02	2.238668e-01	-8.981164e-01	1.346969e+01	2.248383e+00
9.431532e+01	2.386971e-01	-8.719588e-01	1.343963e+01	2.287743e+00
9.525074e+01	2.597574e-01	-8.626942e-01	1.340443e+01	2.325599e+00
9.618532e+01	2.596355e-01	-8.593543e-01	1.338750e+01	2.356648e+00
9.815412e+01	2.621510e-01	-8.551427e-01	1.337293e+01	2.380614e+00
8.978781e+01	2.567854e-01	-8.710797e-01	1.335720e+01	2.410819e+00
8.788165e+01	2.384229e-01	-8.781884e-01	1.334857e+01	2.443514e+00
8.694578e+01	2.452320e-01	-8.864818e-01	1.332594e+01	2.476406e+00
8.527096e+01	2.643686e-01	-8.869705e-01	1.329358e+01	2.516828e+00
8.406822e+01	2.559943e-01	-8.810388e-01	1.327772e+01	2.554536e+00
8.383019e+01	2.191047e-01	-8.882932e-01	1.328369e+01	2.583293e+00
8.351208e+01	2.295770e-01	-8.757626e-01	1.325543e+01	2.626248e+00
8.128344e+01	2.197943e-01	-8.859821e-01	1.324038e+01	2.658643e+00
8.094380e+01	2.252095e-01	-8.810053e-01	1.321351e+01	2.696617e+00
8.057218e+01	2.021773e-01	-8.798235e-01	1.320106e+01	2.732447e+00
7.916935e+01	2.063691e-01	-8.841547e-01	1.317640e+01	2.762614e+00
7.899375e+01	2.303830e-01	-8.851467e-01	1.314013e+01	2.787808e+00
7.744318e+01	1.961666e-01	-8.913636e-01	1.313634e+01	2.819394e+00
7.943051e+01	1.389067e-01	-9.045758e-01	1.314974e+01	2.843521e+00
7.856221e+01	1.473668e-01	-8.812292e-01	1.312030e+01	2.889668e+00
7.725015e+01	1.531609e-01	-8.851166e-01	1.310075e+01	2.908552e+00
7.820809e+01	1.493931e-01	-8.822886e-01	1.307935e+01	2.942358e+00
1.711117e+02	-4.383226e-01	-8.242839e-01	1.077974e+01	2.021935e+00
8.841933e+01	-5.441926e-01	-9.301539e-01	1.088561e+01	1.916065e+00
7.696870e+01	-5.087826e-01	-9.223230e-01	1.088972e+01	1.897200e+00
6.814213e+01	-4.898616e-01	-8.824458e-01	1.088140e+01	1.911422e+00
6.565101e+01	-4.637559e-01	-9.117407e-01	1.091575e+01	1.841528e+00
6.249902e+01	-4.254463e-01	-8.930592e-01	1.090076e+01	1.842331e+00
6.046055e+01	-4.686668e-01	-8.975066e-01	1.096878e+01	1.778256e+00
6.447287e+01	-4.207285e-01	-8.752722e-01	1.094580e+01	1.765707e+00
6.119679e+01	-4.513932e-01	-9.053149e-01	1.099824e+01	1.700867e+00
8.538682e+01	-4.091516e-01	-8.488398e-01	1.096806e+01	1.704445e+00
6.420561e+01	-4.750794e-01	-9.060151e-01	1.104577e+01	1.620238e+00
5.938342e+01	-4.669810e-01	-8.957087e-01	1.104309e+01	1.605240e+00
7.331401e+01	-3.855113e-01	-8.578589e-01	1.097574e+01	1.625482e+00
1.266560e+02	-4.585101e-01	-9.497439e-01	1.102762e+01	1.563592e+00
5.734333e+01	-3.900344e-01	-8.996013e-01	1.095137e+01	1.613690e+00
8.446994e+01	-3.895235e-01	-8.464741e-01	1.096993e+01	1.604567e+00
1.445244e+02	-4.743098e-01	-9.548488e-01	1.103614e+01	1.536795e+00
6.071488e+01	-4.096647e-01	-8.737188e-01	1.093662e+01	1.610313e+00
7.922174e+01	-4.254462e-01	-9.281780e-01	1.094494e+01	1.568954e+00
1.275768e+02	-3.618281e-01	-8.253156e-01	1.088774e+01	1.602748e+00
9.660713e+01	-5.331192e-01	-9.287481e-01	1.105705e+01	1.451005e+00
1.180095e+02	-4.900512e-01	-8.152747e-01	1.103085e+01	1.463650e+00
6.046618e+01	-4.693319e-01	-8.933833e-01	1.106655e+01	1.359541e+00
6.127024e+01	-4.403593e-01	-8.625670e-01	1.102549e+01	1.373793e+00
7.143576e+01	-4.047626e-01	-9.175733e-01	1.100135e+01	1.359780e+00
1.703116e+02	-4.774194e-01	-8.008258e-01	1.110815e+01	1.857729e+00
8.172016e+01	-5.832894e-01	-9.066959e-01	1.121402e+01	1.751859e+00
6.906778e+01	-4.879147e-01	-9.059538e-01	1.118020e+01	1.734724e+00
5.802417e+01	-3.855437e-01	-8.915587e-01	1.110904e+01	1.746153e+00
5.894872e+01	-3.508995e-01	-8.917194e-01	1.107940e+01	1.741061e+00
6.411106e+01	-3.427439e-01	-8.770181e-01	1.104721e+01	1.744181e+00
5.791148e+01	-3.960934e-01	-8.889105e-01	1.107262e+01	1.725644e+00
5.852945e+01	-4.282665e-01	-8.962334e-01	1.108689e+01	1.700806e+00
5.751941e+01	-4.048285e-01	-8.947865e-01	1.104487e+01	1.712519e+00
6.938343e+01	-3.829416e-01	-8.673128e-01	1.098295e+01	1.739243e+00
5.799229e+01	-3.944857e-01	-8.872291e-01	1.100241e+01	1.693474e+00
5.860044e+01	-3.758795e-01	-8.840181e-01	1.100257e+01	1.666991e+00
5.821152e+01	-4.227919e-01	-9.011011e-01	1.100870e+01	1.652523e+00
6.091856e+01	-4.155275e-01	-9.085411e-01	1.096914e+01	1.656863e+00
7.180422e+01	-4.015612e-01	-8.621815e-01	1.093526e+01	1.675734e+00
9.474811e+01	-4.397971e-01	-8.406826e-01	1.092624e+01	1.686538e+00
6.447842e+01	-4.651555e-01	-9.104468e-01	1.097263e+01	1.606166e+00
5.636942e+01	-4.381096e-01	-8.909089e-01	1.095338e+01	1.586276e+00
5.752449e+01	-3.917702e-01	-8.882762e-01	1.091138e+01	1.585889e+00
6.164237e+01	-4.131217e-01	-8.722577e-01	1.089888e+01	1.586232e+00
5.605535e+01	-4.246414e-01	-8.927475e-01	1.089893e+01	1.568722e+00
7.072469e+01	-3.913583e-01	-9.212588e-01	1.089684e+01	1.529234e+00
6.048030e+01	-4.253952e-01	-8.749354e-01	1.085621e+01	1.568140e+00
6.037046e+01	-4.807984e-01	-8.749176e-01	1.084781e+01	1.577491e+00
5.849526e+01	-4.626064e-01	-8.782784e-01	1.083726e+01	1.554559e+00
5.680036e+01	-4.188691e-01	-8.970967e-01	1.081516e+01	1.526558e+00
5.616952e+01	-4.380014e-01	-8.907197e-01	1.081809e+01	1.517001e+00
5.608938e+01	-4.643034e-01	-8.972860e-01	1.082414e+01	1.494601e+00
5.779189e+01	-4.336036e-01	-8.810386e-01	1.079299e+01	1.495877e+00
5.882021e+01	-4.432944e-01	-8.800482e-01	1.076593e+01	1.506463e+00
5.568172e+01	-4.502544e-01	-8.869122e-01	1.079300e+01	1.462747e+00
5.609241e+01	-4.758880e-01	-8.842992e-01	1.078135e+01	1.465910e+00
5.520721e+01	-4.451097e-01	-8.872934e-01	1.078689e+01	1.424824e+00
5.903516e+01	-3.941562e-01	-8.931293e-01	1.074532e+01	1.400165e+00
5.753452e+01	-4.629549e-01	-8.722025e-01	1.079008e+01	1.390429e+00
5.525977e+01	-4.708442e-01	-8.968435e-01	1.083268e+01	1.331721e+00
5.607402e+01	-4.644177e-01	-8.747858e-01	1.077862e+01	1.359439e+00
6.455427e+01	-4.837181e-01	-8.611563e-01	1.075145e+01	1.379583e+00
6.595009e+01	-4.564566e-01	-9.163482e-01	1.074873e+01	1.338564e+00
2.279328e+02	3.670710e-01	-9.376645e-01	1.218723e+01	3.216994e+00
4.383409e+02	2.612009e-01	-1.043535e+00	1.229310e+01	3.111123e+00
1.120969e+02	2.135535e-01	-9.485996e-01	1.232839e+01	3.211227e+00
1.131037e+02	1.711375e-01	-9.038825e-01	1.237286e+01	3.229399e+00
8.818663e+01	1.216375e-01	-9.131637e-01	1.242461e+01	3.191692e+00
7.779053e+01	7.656619e-02	-9.200116e-01	1.246455e+01	3.179957e+00
8.469823e+01	5.018100e-02	-9.412206e-01	1.249980e+01	3.127358e+00
7.725292e+01	3.534231e-02	-9.305788e-01	1.251531e+01	3.111308e+00
7.356216e+01	2.444223e-02	-9.216812e-01	1.252675e+01	3.101462e+00
7.449502e+01	1.535844e-02	-9.242213e-01	1.253987e+01	3.072063e+00
7.209243e+01	7.819134e-03	-9.113872e-01	1.254420e+01	3.073824e+00
7.184940e+01	3.458261e-03	-9.111497e-01	1.255050e+01	3.054264e+00
7.310097e+01	-7.559035e-03	-9.193399e-01	1.256016e+01	3.035780e+00
7.165278e+01	-1.422789e-02	-9.081680e-01	1.256258e+01	3.032611e+00
8.359268e+01	-2.185990e-02	-9.336287e-01	1.257285e+01	3.002487e+00
8.066455e+01	-1.611162e-02	-9.315756e-01	1.255876e+01	3.022856e+00
7.206022e+01	-1.909205e-02	-9.033330e-01	1.256201e+01	3.024094e+00
7.638909e+01	-2.007038e-02	-8.891064e-01	1.255811e+01	3.033572e+00
7.234131e+01	-3.390555e-02	-9.135989e-01	1.258145e+01	2.979969e+00
9.634462e+01	-3.528711e-02	-9.420412e-01	1.259073e+01	2.930957e+00
7.167552e+01	-3.474853e-02	-9.090056e-01	1.258174e+01	2.955689e+00
7.245242e+01	-3.508739e-02	-8.956707e-01	1.257453e+01	2.967589e+00
7.191592e+01	-4.071625e-02	-9.099090e-01	1.258132e+01	2.943514e+00
7.744755e+01	-4.666711e-02	-9.223453e-01	1.258510e+01	2.929678e+00
7.233445e+01	-4.143282e-02	-8.948619e-01	1.257539e+01	2.940052e+00
2.202025e+02	3.045161e-01	-9.493935e-01	1.214031e+01	3.654877e+00
3.930171e+02	1.986461e-01	-1.055264e+00	1.224618e+01	3.549007e+00
1.421326e+02	2.055455e-01	-9.534693e-01	1.219361e+01	3.645506e+00
1.292295e+02	1.313504e-01	-9.288733e-01	1.224240e+01	3.657144e+00
1.016238e+02	5.994350e-02	-9.294790e-01	1.229944e+01	3.640715e+00
8.523008e+01	8.852620e-03	-9.401383e-01	1.234736e+01	3.613551e+00
8.198257e+01	-2.724008e-02	-9.417944e-01	1.237572e+01	3.600851e+00
8.217249e+01	-5.137354e-02	-9.452622e-01	1.239042e+01	3.594139e+00
7.956577e+01	-5.868434e-02	-9.353492e-01	1.240039e+01	3.589287e+00
8.055350e+01	-5.989796e-02	-9.272557e-01	1.239770e+01	3.592913e+00
7.854933e+01	-7.862243e-02	-9.346219e-01	1.242386e+01	3.570300e+00
7.835956e+01	-8.353169e-02	-9.352790e-01	1.243875e+01	3.552485e+00
7.773773e+01	-8.856785e-02	-9.323476e-01	1.244466e+01	3.547560e+00
7.785938e+01	-7.950863e-02	-9.270912e-01	1.243725e+01	3.550541e+00
7.733990e+01	-9.316612e-02	-9.310931e-01	1.245465e+01	3.532505e+00
7.686473e+01	-9.384407e-02	-9.282668e-01	1.246191e+01	3.520198e+00
7.670392e+01	-9.664677e-02	-9.279815e-01	1.246791e+01	3.511960e+00
8.548831e+01	-1.246576e-01	-9.444502e-01	1.249630e+01	3.484372e+00
7.636635e+01	-9.769285e-02	-9.249528e-01	1.247484e+01	3.497454e+00
8.354454e+01	-5.693032e-02	-9.091510e-01	1.244460e+01	3.511020e+00
7.604971e+01	-9.348583e-02	-9.238442e-01	1.248375e+01	3.479910e+00
7.800495e+01	-1.042334e-01	-9.336925e-01	1.249401e+01	3.466537e+00
7.586685e+01	-1.010246e-01	-9.259710e-01	1.249868e+01	3.458207e+00
8.050835e+01	-7.932392e-02	-9.070216e-01	1.248274e+01	3.465973e+00
7.540100e+01	-1.004627e-01	-9.236363e-01	1.251071e+01	3.434671e+00
7.677753e+01	-1.147210e-01	-9.285892e-01	1.252901e+01	3.416115e+00
7.579609e+01	-1.012085e-01	-9.267473e-01	1.252300e+01	3.410562e+00
7.564569e+01	-7.869726e-02	-9.282289e-01	1.250892e+01	3.404910e+00
7.595681e+01	-7.544653e-02	-9.145327e-01	1.250833e+01	3.404320e+00
7.453348e+01	-7.059171e-02	-9.196721e-01	1.251838e+01	3.381809e+00
7.458162e+01	-7.881719e-02	-9.232302e-01	1.252263e+01	3.374713e+00
7.756301e+01	-8.448012e-02	-9.320465e-01	1.253452e+01	3.354588e+00
7.576459e+01	-6.918838e-02	-9.115304e-01	1.251778e+01	3.364428e+00
7.976402e+01	-7.633761e-02	-9.358721e-01	1.253735e+01	3.335539e+00
7.738323e+01	-5.569621e-02	-9.060226e-01	1.251326e+01	3.354626e+00
8.081314e+01	-5.270110e-02	-8.998614e-01	1.250432e+01	3.358961e+00
7.430648e+01	-7.579824e-02	-9.233355e-01	1.253529e+01	3.322052e+00
7.725576e+01	-7.953926e-02	-9.310658e-01	1.253723e+01	3.313569e+00
7.520512e+01	-6.488977e-02	-9.084540e-01	1.253060e+01	3.313261e+00
7.480343e+01	-4.885627e-02	-9.107854e-01	1.252504e+01	3.299574e+00
7.446450e+01	-6.515216e-02	-9.247835e-01	1.254100e+01	3.284883e+00
7.342082e+01	-5.581138e-02	-9.206912e-01	1.254224e+01	3.272746e+00
7.340881e+01	-5.683119e-02	-9.142724e-01	1.253793e+01	3.275152e+00
7.515858e+01	-5.364363e-02	-9.057481e-01	1.253255e+01	3.274748e+00
7.316932e+01	-6.543117e-02	-9.185169e-01	1.254560e+01	3.252196e+00
7.509159e+01	-5.578174e-02	-9.265960e-01	1.254328e+01	3.237891e+00
7.302647e+01	-5.314216e-02	-9.134483e-01	1.253668e+01	3.238844e+00
7.316981e+01	-5.906429e-02	-9.111692e-01	1.254143e+01	3.228322e+00
7.271911e+01	-5.756260e-02	-9.139153e-01	1.254054e+01	3.216812e+00
7.334485e+01	-6.019571e-02	-9.207870e-01	1.254066e+01	3.204089e+00
7.359758e+01	-4.939454e-02	-9.073598e-01	1.253215e+01	3.204459e+00
7.587104e+01	-1.692495e-02	-9.035622e-01	1.250114e+01	3.210307e+00
7.401553e+01	-5.957293e-02	-9.228722e-01	1.253837e+01	3.175895e+00
9.028378e+01	-8.354368e-02	-9.409013e-01	1.257066e+01	3.137306e+00
8.221425e+01	-4.807250e-02	-8.862597e-01	1.253180e+01	3.173171e+00
5.468460e+02	8.557419e-02	-7.069935e-01	1.422026e+01	3.034542e+00
1.588055e+02	-2.029587e-02	-8.128636e-01	1.432613e+01	2.928672e+00
1.468051e+02	-1.122257e-02	-9.260319e-01	1.435144e+01	2.843688e+00
3.081048e+02	4.923411e-02	-9.814316e-01	1.430097e+01	2.830649e+00
1.606111e+02	1.459608e-01	-9.423180e-01	1.420762e+01	2.891896e+00
1.022836e+02	2.418356e-01	-9.045628e-01	1.411278e+01	2.957969e+00
9.170138e+01	3.434513e-01	-8.698485e-01	1.401041e+01	3.033484e+00
1.066842e+02	4.432821e-01	-8.487951e-01	1.391083e+01	3.105374e+00
1.205477e+02	5.172032e-01	-8.423184e-01	1.383657e+01	3.149959e+00
1.162081e+02	5.525537e-01	-8.487795e-01	1.379762e+01	3.164817e+00
1.004247e+02	5.868825e-01	-8.669340e-01	1.375739e+01	3.169870e+00
8.856544e+01	6.032072e-01	-8.841901e-01	1.373226e+01	3.168690e+00
8.518411e+01	6.202610e-01	-9.032408e-01	1.370080e+01	3.173725e+00
8.874397e+01	6.500525e-01	-9.142914e-01	1.365206e+01	3.196752e+00
9.254477e+01	6.608494e-01	-9.218321e-01	1.361195e+01	3.224028e+00
1.004636e+02	6.942256e-01	-9.248197e-01	1.355317e+01	3.265535e+00
9.795699e+01	6.691909e-01	-9.234323e-01	1.353685e+01	3.305830e+00
9.695155e+01	6.464035e-01	-9.208691e-01	1.351116e+01	3.351704e+00
9.136692e+01	5.984984e-01	-9.173613e-01	1.351133e+01	3.387444e+00
8.514321e+01	5.392795e-01	-9.154591e-01	1.352296e+01	3.416478e+00
8.366710e+01	5.052005e-01	-9.123705e-01	1.351388e+01	3.448444e+00
8.125777e+01	4.689033e-01	-9.135671e-01	1.351005e+01	3.471723e+00
8.198956e+01	4.587286e-01	-9.111114e-01	1.348824e+01	3.501005e+00
8.749760e+01	4.735993e-01	-9.066130e-01	1.344838e+01	3.535880e+00
8.423664e+01	4.506566e-01	-9.105266e-01	1.344138e+01	3.546307e+00
8.168342e+01	4.282143e-01	-9.144172e-01	1.343629e+01	3.552173e+00
8.023186e+01	4.157640e-01	-9.191206e-01	1.342509e+01	3.559498e+00
1.460821e+02	1.407045e+00	-9.102968e-01	1.392312e+01	1.556684e+00
1.755599e+02	1.301175e+00	-8.044267e-01	1.402899e+01	1.450814e+00
1.289745e+02	1.306785e+00	-8.912826e-01	1.402091e+01	1.512579e+00
1.230393e+02	1.262265e+00	-8.701352e-01	1.405770e+01	1.525577e+00
1.249375e+02	1.273213e+00	-8.572199e-01	1.404458e+01	1.592607e+00
1.420783e+02	1.209184e+00	-8.278859e-01	1.409242e+01	1.608318e+00
1.616241e+02	1.211749e+00	-9.268950e-01	1.408522e+01	1.654267e+00
1.183362e+02	1.197842e+00	-8.751548e-01	1.408323e+01	1.730222e+00
1.226152e+02	1.210563e+00	-8.540046e-01	1.406794e+01	1.806544e+00
1.303059e+02	1.216621e+00	-9.078763e-01	1.404802e+01	1.884529e+00
1.138270e+02	1.127515e+00	-8.685411e-01	1.410749e+01	1.911124e+00
1.139016e+02	1.030528e+00	-8.692938e-01	1.416083e+01	1.900516e+00
1.108718e+02	1.054881e+00	-8.766084e-01	1.412632e+01	2.004210e+00
1.329058e+02	1.085597e+00	-8.322360e-01	1.408531e+01	2.112863e+00
2.144199e+02	9.137716e-01	-9.539986e-01	1.419302e+01	2.017348e+00
2.332789e+02	9.367993e-01	-7.739873e-01	1.415698e+01	2.132819e+00
1.205523e+02	8.035899e-01	-8.968770e-01	1.423945e+01	2.055251e+00
1.114713e+02	8.268899e-01	-8.859909e-01	1.421078e+01	2.136221e+00
1.065530e+02	8.270205e-01	-8.727920e-01	1.419942e+01	2.200536e+00
1.043507e+02	8.172737e-01	-8.736848e-01	1.419128e+01	2.269585e+00
1.021693e+02	8.515845e-01	-8.694398e-01	1.415959e+01	2.338751e+00
1.020353e+02	8.962921e-01	-8.646017e-01	1.410960e+01	2.427829e+00
1.042650e+02	7.955806e-01	-8.963408e-01	1.415835e+01	2.426568e+00
1.068550e+02	8.434142e-01	-8.525984e-01	1.410464e+01	2.518867e+00
1.072284e+02	7.169827e-01	-9.039315e-01	1.416918e+01	2.496189e+00
1.021305e+02	7.075377e-01	-8.582444e-01	1.416083e+01	2.570022e+00
1.129934e+02	7.517378e-01	-8.419705e-01	1.411289e+01	2.648738e+00
1.112304e+02	6.642146e-01	-9.136963e-01	1.415630e+01	2.611456e+00
9.640466e+01	7.149880e-01	-8.637567e-01	1.409904e+01	2.735026e+00
9.276429e+01	7.265835e-01	-8.984286e-01	1.407865e+01	2.762006e+00
9.158282e+01	6.986816e-01	-8.712680e-01	1.407408e+01	2.825573e+00
9.081596e+01	5.852010e-01	-8.752169e-01	1.412457e+01	2.834909e+00
9.023268e+01	6.424441e-01	-9.003768e-01	1.407651e+01	2.884702e+00
8.684453e+01	6.170652e-01	-8.846863e-01	1.407350e+01	2.922627e+00
1.066200e+02	6.711732e-01	-8.516959e-01	1.402749e+01	3.019521e+00
8.522151e+01	6.885057e-01	-8.871248e-01	1.401217e+01	3.023581e+00
8.897431e+01	5.751288e-01	-9.069776e-01	1.405566e+01	3.020662e+00
8.695291e+01	5.908483e-01	-8.760132e-01	1.402096e+01	3.122807e+00
1.049883e+02	5.769121e-01	-9.309453e-01	1.402428e+01	3.098908e+00
1.983862e+02	6.259724e-01	-8.076925e-01	1.397480e+01	3.236754e+00
9.113711e+01	4.448443e-01	-8.689221e-01	1.407330e+01	3.108964e+00
1.730462e+02	1.180284e+00	-8.360129e-01	1.403259e+01	2.697006e+00
1.470472e+02	1.074414e+00	-9.418830e-01	1.413846e+01	2.591136e+00
1.063083e+02	1.087421e+00	-8.718353e-01	1.411765e+01	2.649564e+00
9.744001e+01	1.017718e+00	-8.885307e-01	1.418041e+01	2.624507e+00
9.820407e+01	1.041628e+00	-8.861343e-01	1.415110e+01	2.669609e+00
1.027572e+02	1.075358e+00	-9.003610e-01	1.410700e+01	2.714205e+00
1.090580e+02	1.018515e+00	-8.598999e-01	1.414895e+01	2.738595e+00
1.097084e+02	9.785358e-01	-9.189826e-01	1.418315e+01	2.706326e+00
1.007223e+02	1.011537e+00	-8.736857e-01	1.413163e+01	2.791749e+00
9.436881e+01	9.729646e-01	-8.936907e-01	1.414655e+01	2.811567e+00
1.005666e+02	9.790559e-01	-9.130950e-01	1.413473e+01	2.830860e+00
9.407031e+01	9.621617e-01	-8.975553e-01	1.413521e+01	2.866579e+00
1.242781e+02	9.894288e-01	-8.522955e-01	1.409689e+01	2.942686e+00
1.398820e+02	9.316106e-01	-9.473446e-01	1.413926e+01	2.879511e+00
1.457180e+02	9.584595e-01	-8.366127e-01	1.409590e+01	2.987416e+00
1.400987e+02	8.642268e-01	-9.470585e-01	1.417216e+01	2.892558e+00
2.164343e+02	9.246103e-01	-8.036805e-01	1.409596e+01	3.017453e+00
9.136601e+01	7.091401e-01	-8.758816e-01	1.428726e+01	2.877219e+00
9.437484e+01	7.385066e-01	-9.048238e-01	1.425320e+01	2.893916e+00
9.103200e+01	7.908369e-01	-8.729374e-01	1.419729e+01	2.967173e+00
8.785322e+01	7.897320e-01	-8.944550e-01	1.419559e+01	2.966764e+00
1.006029e+02	8.353997e-01	-8.633928e-01	1.414173e+01	3.022169e+00
1.161945e+02	7.796687e-01	-9.340719e-01	1.418215e+01	2.975836e+00
8.735125e+01	8.202919e-01	-8.872362e-01	1.412766e+01	3.052174e+00
9.202131e+01	8.251926e-01	-8.763394e-01	1.411677e+01	3.068624e+00
9.208462e+01	8.211079e-01	-9.162758e-01	1.410983e+01	3.073439e+00
9.043963e+01	8.308149e-01	-8.825896e-01	1.408969e+01	3.120191e+00
8.890736e+01	8.217776e-01	-9.122154e-01	1.409041e+01	3.120453e+00
1.177353e+02	8.325297e-01	-8.552709e-01	1.406552e+01	3.181138e+00
2.097435e+02	7.035944e-01	-9.739112e-01	1.417956e+01	3.058572e+00
2.743609e+02	7.892860e-01	-7.868655e-01	1.408717e+01	3.222734e+00
1.171575e+02	7.229320e-01	-9.392588e-01	1.415871e+01	3.088860e+00
9.786149e+01	7.467026e-01	-8.652110e-01	1.412623e+01	3.151128e+00
8.979475e+01	7.285068e-01	-9.144152e-01	1.414278e+01	3.113948e+00
1.046749e+02	7.666912e-01	-8.604234e-01	1.409907e+01	3.179604e+00
8.494572e+01	7.542785e-01	-8.890757e-01	1.411614e+01	3.136305e+00
8.601913e+01	7.475075e-01	-9.087742e-01	1.410765e+01	3.147419e+00
8.506698e+01	7.534643e-01	-9.073873e-01	1.408360e+01	3.181617e+00
8.932993e+01	7.893395e-01	-8.852942e-01	1.405062e+01	3.214745e+00
8.759383e+01	7.855879e-01	-8.904531e-01	1.403939e+01	3.236903e+00
9.345698e+01	7.314777e-01	-9.249304e-01	1.408201e+01	3.193029e+00
1.092778e+02	7.571236e-01	-8.608250e-01	1.404592e+01	3.262649e+00
9.620261e+01	7.232784e-01	-9.278192e-01	1.408195e+01	3.190366e+00
9.171155e+01	8.001610e-01	-8.889335e-01	1.399569e+01	3.273549e+00
8.715002e+01	6.638263e-01	-9.161635e-01	1.409876e+01	3.217627e+00
