# loss | a0 ... a8
1.083988e+03	-1.000000e+00	-1.224000e+00	1.134800e+01	2.810000e+00	2.520000e-01	3.400000e-02	-8.140000e-01	-4.740000e-01	9.044000e+00
2.608184e+02	-1.000000e+00	-1.077000e+00	1.442000e+01	2.712000e+00	1.960000e+00	3.540000e-01	-7.110000e-01	-3.810000e-01	9.860000e+00
1.141087e+03	-1.000000e+00	-1.002000e+00	1.172000e+01	3.223000e+00	4.032000e+00	1.270000e-01	-9.830000e-01	1.020000e-01	9.380000e+00
4.976687e+03	-1.000000e+00	-3.990000e-01	1.156400e+01	3.573000e+00	6.300000e-01	2.140000e-01	-8.300000e-01	-1.680000e-01	1.000400e+01
3.808041e+04	-1.000000e+00	-1.710000e-01	1.347200e+01	3.685000e+00	1.358000e+00	3.530000e-01	-9.360000e-01	6.180000e-01	1.000400e+01
1.661320e+03	-9.940000e-01	-1.338000e+00	9.956000e+00	3.566000e+00	4.256000e+00	3.170000e-01	-8.210000e-01	5.190000e-01	8.912000e+00
8.334832e+02	-9.940000e-01	-1.272000e+00	1.409600e+01	3.503000e+00	6.958000e+00	9.200000e-02	-5.820000e-01	4.500000e-01	8.132000e+00
3.448093e+02	-9.940000e-01	-1.239000e+00	1.180400e+01	1.249000e+00	2.170000e+00	4.420000e-01	-6.040000e-01	5.160000e-01	8.852000e+00
1.296398e+03	-9.940000e-01	-1.188000e+00	1.367600e+01	1.606000e+00	4.872000e+00	2.190000e-01	-7.780000e-01	-2.160000e-01	9.680000e+00
9.108018e+03	-9.940000e-01	-5.580000e-01	1.462400e+01	1.340000e+00	1.400000e-02	4.940000e-01	-8.550000e-01	-5.430000e-01	8.888000e+00
8.187837e+02	-9.880000e-01	-1.203000e+00	1.186400e+01	3.937000e+00	1.932000e+00	2.280000e-01	-8.680000e-01	-3.990000e-01	8.996000e+00
3.321706e+02	-9.880000e-01	-1.176000e+00	1.032800e+01	1.998000e+00	3.038000e+00	3.890000e-01	-5.430000e-01	-5.040000e-01	8.624000e+00
6.663340e+03	-9.880000e-01	-5.220000e-01	1.110800e+01	2.383000e+00	3.948000e+00	2.220000e-01	-6.240000e-01	-4.710000e-01	9.368000e+00
3.347727e+04	-9.880000e-01	-3.720000e-01	1.313600e+01	3.790000e+00	4.522000e+00	4.770000e-01	-7.330000e-01	-5.100000e-01	8.534000e+00
2.043563e+04	-9.880000e-01	-2.580000e-01	1.504400e+01	8.430000e-01	2.954000e+00	4.240000e-01	-5.500000e-01	5.040000e-01	1.028000e+01
3.134095e+03	-9.820000e-01	-1.392000e+00	1.504400e+01	2.544000e+00	2.702000e+00	4.850000e-01	-6.320000e-01	-5.700000e-02	1.074800e+01
8.594123e+02	-9.820000e-01	-7.590000e-01	1.127600e+01	1.921000e+00	3.738000e+00	2.720000e-01	-7.650000e-01	6.870000e-01	9.278000e+00
1.502427e+03	-9.820000e-01	-6.300000e-01	1.474400e+01	2.565000e+00	4.032000e+00	2.910000e-01	-9.710000e-01	1.980000e-01	9.998000e+00
1.837381e+04	-9.820000e-01	-3.870000e-01	1.409600e+01	3.034000e+00	1.792000e+00	3.580000e-01	-9.450000e-01	3.270000e-01	8.888000e+00
4.476469e+03	-9.820000e-01	-3.210000e-01	1.020800e+01	1.550000e+00	5.754000e+00	9.000000e-02	-6.270000e-01	-1.680000e-01	1.049600e+01
6.295384e+02	-9.760000e-01	-1.299000e+00	1.458800e+01	1.109000e+00	4.858000e+00	3.640000e-01	-5.680000e-01	4.500000e-01	9.638000e+00
3.429562e+02	-9.760000e-01	-9.510000e-01	1.384400e+01	3.468000e+00	5.866000e+00	9.400000e-02	-8.040000e-01	-8.400000e-02	1.007000e+01
2.653134e+02	-9.760000e-01	-8.250000e-01	1.478000e+01	1.137000e+00	9.380000e-01	3.860000e-01	-8.210000e-01	-4.830000e-01	1.049600e+01
3.244877e+02	-9.760000e-01	-6.420000e-01	1.461200e+01	1.438000e+00	5.740000e-01	2.950000e-01	-9.390000e-01	-7.050000e-01	1.098800e+01
1.963329e+04	-9.760000e-01	-2.250000e-01	1.176800e+01	3.853000e+00	1.400000e+00	3.630000e-01	-5.690000e-01	6.750000e-01	1.019000e+01
3.582295e+03	-9.700000e-01	-1.185000e+00	1.065200e+01	3.524000e+00	5.530000e+00	3.300000e-02	-7.940000e-01	-2.550000e-01	1.059200e+01
1.634988e+03	-9.700000e-01	-7.590000e-01	1.440800e+01	3.713000e+00	3.066000e+00	4.320000e-01	-7.160000e-01	-4.500000e-01	9.614000e+00
1.232346e+03	-9.700000e-01	-7.560000e-01	9.620000e+00	2.096000e+00	5.600000e-01	4.430000e-01	-5.120000e-01	-2.850000e-01	9.842000e+00
3.512685e+03	-9.700000e-01	-6.660000e-01	1.482800e+01	3.321000e+00	1.540000e+00	4.310000e-01	-8.260000e-01	-3.270000e-01	8.294000e+00
8.449106e+04	-9.700000e-01	-1.500000e-01	1.004000e+01	1.088000e+00	3.808000e+00	4.170000e-01	-9.130000e-01	-3.450000e-01	8.042000e+00
1.187998e+03	-9.640000e-01	-1.473000e+00	1.386800e+01	2.677000e+00	3.906000e+00	8.100000e-02	-5.280000e-01	-3.150000e-01	9.296000e+00
1.311705e+03	-9.640000e-01	-1.251000e+00	1.227200e+01	6.330000e-01	6.398000e+00	9.800000e-02	-7.550000e-01	2.490000e-01	8.576000e+00
2.398316e+02	-9.640000e-01	-6.960000e-01	1.287200e+01	9.340000e-01	3.920000e+00	2.210000e-01	-8.770000e-01	-5.610000e-01	1.085600e+01
2.362650e+03	-9.640000e-01	-5.910000e-01	1.106000e+01	1.907000e+00	5.096000e+00	7.000000e-03	-8.610000e-01	3.000000e-02	8.564000e+00
8.915739e+04	-9.640000e-01	-1.620000e-01	1.305200e+01	2.040000e+00	6.076000e+00	4.550000e-01	-9.470000e-01	-5.430000e-01	8.156000e+00
2.262662e+03	-9.580000e-01	-1.491000e+00	1.528400e+01	2.033000e+00	6.832000e+00	2.300000e-01	-8.300000e-01	-7.290000e-01	1.017800e+01
5.238860e+03	-9.580000e-01	-1.371000e+00	1.134800e+01	1.788000e+00	2.268000e+00	3.510000e-01	-7.350000e-01	-1.800000e-01	1.092200e+01
1.845185e+04	-9.580000e-01	-4.140000e-01	1.340000e+01	2.292000e+00	1.820000e-01	4.230000e-01	-9.990000e-01	2.070000e-01	8.444000e+00
4.494508e+03	-9.580000e-01	-3.810000e-01	1.349600e+01	2.376000e+00	2.674000e+00	2.870000e-01	-9.760000e-01	-5.100000e-01	1.049000e+01
5.114768e+04	-9.580000e-01	-1.770000e-01	9.692000e+00	2.145000e+00	3.570000e+00	1.610000e-01	-5.700000e-01	4.140000e-01	8.618000e+00
1.584042e+03	-9.520000e-01	-1.161000e+00	1.312400e+01	3.027000e+00	3.332000e+00	3.170000e-01	-9.810000e-01	-6.120000e-01	9.860000e+00
1.073162e+03	-9.520000e-01	-7.350000e-01	1.107200e+01	3.188000e+00	8.960000e-01	4.080000e-01	-6.990000e-01	4.200000e-01	1.013000e+01
4.656264e+04	-9.520000e-01	-1.860000e-01	1.412000e+01	2.992000e+00	2.240000e+00	2.060000e-01	-8.980000e-01	7.080000e-01	9.134000e+00
2.563454e+04	-9.520000e-01	-1.800000e-01	1.096400e+01	2.929000e+00	5.124000e+00	1.030000e-01	-6.020000e-01	-4.770000e-01	1.026800e+01
1.265538e+04	-9.520000e-01	-9.300000e-02	1.006400e+01	3.153000e+00	5.446000e+00	9.900000e-02	-6.950000e-01	4.770000e-01	1.064600e+01
3.347430e+03	-9.460000e-01	-5.220000e-01	1.064000e+01	1.599000e+00	3.724000e+00	2.400000e-02	-8.280000e-01	-2.370000e-01	8.456000e+00
1.871630e+03	-9.460000e-01	-3.060000e-01	1.211600e+01	1.452000e+00	8.820000e-01	1.200000e-02	-6.200000e-01	-5.550000e-01	1.038800e+01
2.977881e+04	-9.460000e-01	-2.340000e-01	1.422800e+01	2.593000e+00	4.508000e+00	1.550000e-01	-7.860000e-01	-1.350000e-01	9.242000e+00
8.478239e+04	-9.460000e-01	-1.500000e-01	1.116800e+01	2.978000e+00	6.314000e+00	3.200000e-01	-7.370000e-01	4.830000e-01	9.050000e+00
9.863522e+04	-9.460000e-01	-9.900000e-02	1.163600e+01	3.909000e+00	4.116000e+00	3.150000e-01	-7.540000e-01	6.270000e-01	8.048000e+00
6.386941e+02	-9.400000e-01	-9.420000e-01	1.000400e+01	2.145000e+00	2.226000e+00	3.860000e-01	-8.040000e-01	-3.300000e-02	9.506000e+00
2.313860e+02	-9.400000e-01	-6.960000e-01	1.277600e+01	1.809000e+00	1.470000e+00	2.730000e-01	-7.040000e-01	-4.710000e-01	1.066400e+01
1.237970e+04	-9.400000e-01	-3.420000e-01	1.148000e+01	3.958000e+00	1.246000e+00	1.410000e-01	-5.750000e-01	-2.760000e-01	8.372000e+00
1.002944e+05	-9.400000e-01	-1.260000e-01	1.370000e+01	5.560000e-01	5.726000e+00	3.900000e-01	-8.830000e-01	-4.920000e-01	8.360000e+00
6.550477e+04	-9.400000e-01	-9.300000e-02	1.305200e+01	2.852000e+00	3.052000e+00	9.100000e-02	-7.910000e-01	-3.210000e-01	9.170000e+00
6.441366e+02	-9.340000e-01	-1.182000e+00	1.239200e+01	2.824000e+00	1.932000e+00	2.260000e-01	-5.520000e-01	-6.540000e-01	8.072000e+00
4.747360e+02	-9.340000e-01	-8.850000e-01	1.539200e+01	1.662000e+00	1.484000e+00	4.600000e-01	-7.060000e-01	8.400000e-02	9.788000e+00
9.026793e+03	-9.340000e-01	-5.190000e-01	1.414400e+01	7.660000e-01	4.914000e+00	4.020000e-01	-7.210000e-01	-2.070000e-01	8.204000e+00
2.979371e+04	-9.340000e-01	-4.950000e-01	9.608000e+00	3.167000e+00	6.594000e+00	2.970000e-01	-5.520000e-01	6.240000e-01	9.698000e+00
3.015241e+03	-9.340000e-01	-3.330000e-01	1.498400e+01	2.495000e+00	5.978000e+00	3.110000e-01	-5.740000e-01	-3.510000e-01	1.074200e+01
7.002944e+03	-9.280000e-01	-1.488000e+00	1.238000e+01	3.580000e+00	4.144000e+00	3.010000e-01	-8.670000e-01	1.860000e-01	1.044200e+01
1.134143e+03	-9.280000e-01	-1.263000e+00	1.112000e+01	3.811000e+00	3.640000e-01	3.300000e-02	-7.690000e-01	-7.200000e-01	9.728000e+00
4.795216e+02	-9.280000e-01	-1.164000e+00	1.056800e+01	3.972000e+00	2.996000e+00	2.010000e-01	-6.080000e-01	-7.050000e-01	9.056000e+00
6.575324e+02	-9.280000e-01	-6.690000e-01	1.173200e+01	1.417000e+00	7.280000e-01	3.430000e-01	-6.030000e-01	2.640000e-01	1.053200e+01
1.163061e+04	-9.280000e-01	-9.600000e-02	1.227200e+01	3.692000e+00	1.778000e+00	1.000000e-03	-9.400000e-01	-3.330000e-01	1.043600e+01
4.028507e+03	-9.220000e-01	-1.341000e+00	1.145600e+01	1.781000e+00	2.674000e+00	4.700000e-01	-7.250000e-01	-2.490000e-01	1.055000e+01
2.554481e+03	-9.220000e-01	-1.254000e+00	1.068800e+01	1.816000e+00	4.004000e+00	1.980000e-01	-7.780000e-01	4.200000e-02	9.722000e+00
6.945837e+02	-9.220000e-01	-1.224000e+00	1.270400e+01	9.690000e-01	4.858000e+00	2.450000e-01	-8.610000e-01	5.310000e-01	9.224000e+00
6.111259e+02	-9.220000e-01	-1.035000e+00	1.089200e+01	2.362000e+00	4.466000e+00	1.600000e-01	-6.620000e-01	-5.070000e-01	8.918000e+00
2.778431e+04	-9.220000e-01	-2.070000e-01	9.908000e+00	8.640000e-01	6.216000e+00	2.530000e-01	-6.580000e-01	-7.170000e-01	9.992000e+00
3.928537e+02	-9.160000e-01	-1.350000e+00	9.824000e+00	3.244000e+00	1.092000e+00	3.830000e-01	-9.090000e-01	7.410000e-01	8.852000e+00
1.361791e+03	-9.160000e-01	-1.173000e+00	1.382000e+01	1.753000e+00	6.650000e+00	5.500000e-02	-8.600000e-01	-3.750000e-01	9.974000e+00
1.639589e+02	-9.160000e-01	-1.149000e+00	1.380800e+01	3.531000e+00	5.908000e+00	4.050000e-01	-6.290000e-01	6.210000e-01	9.218000e+00
8.103460e+02	-9.160000e-01	-1.065000e+00	1.235600e+01	3.993000e+00	6.594000e+00	6.500000e-02	-7.650000e-01	2.310000e-01	1.090400e+01
5.589452e+02	-9.160000e-01	-9.720000e-01	1.502000e+01	3.671000e+00	3.318000e+00	5.200000e-02	-6.820000e-01	2.430000e-01	8.222000e+00
1.205729e+03	-9.100000e-01	-1.431000e+00	1.041200e+01	8.710000e-01	6.104000e+00	3.810000e-01	-8.130000e-01	-4.200000e-02	8.684000e+00
4.746552e+02	-9.100000e-01	-1.287000e+00	1.050800e+01	1.480000e+00	4.760000e-01	4.490000e-01	-5.150000e-01	3.030000e-01	1.028600e+01
1.018229e+04	-9.100000e-01	-4.020000e-01	1.548800e+01	3.069000e+00	5.110000e+00	3.450000e-01	-9.670000e-01	-5.850000e-01	1.001000e+01
3.747174e+04	-9.100000e-01	-2.370000e-01	1.526000e+01	3.916000e+00	5.236000e+00	1.610000e-01	-7.140000e-01	-9.000000e-02	8.036000e+00
6.371094e+04	-9.100000e-01	-1.170000e-01	1.266800e+01	3.755000e+00	4.634000e+00	7.000000e-03	-7.670000e-01	-5.370000e-01	8.570000e+00
6.487469e+03	-9.040000e-01	-1.497000e+00	1.263200e+01	6.540000e-01	5.740000e-01	2.810000e-01	-8.140000e-01	-2.970000e-01	9.668000e+00
7.071943e+02	-9.040000e-01	-7.920000e-01	1.221200e+01	2.327000e+00	6.006000e+00	2.790000e-01	-9.560000e-01	-4.410000e-01	9.668000e+00
1.239913e+03	-9.040000e-01	-5.520000e-01	1.470800e+01	2.341000e+00	2.380000e-01	1.760000e-01	-7.420000e-01	-7.410000e-01	1.006400e+01
8.524658e+04	-9.040000e-01	-2.700000e-02	1.482800e+01	5.420000e-01	2.030000e+00	2.180000e-01	-6.920000e-01	-2.700000e-02	9.758000e+00
1.208597e+05	-9.040000e-01	-9.000000e-03	1.505600e+01	3.041000e+00	3.794000e+00	3.570000e-01	-9.920000e-01	5.100000e-01	9.818000e+00
6.977157e+03	-8.980000e-01	-9.750000e-01	1.019600e+01	2.985000e+00	6.972000e+00	3.360000e-01	-7.720000e-01	-4.350000e-01	9.662000e+00
5.685604e+02	-8.980000e-01	-7.830000e-01	1.451600e+01	7.310000e-01	1.036000e+00	3.060000e-01	-5.310000e-01	-2.550000e-01	9.224000e+00
1.663864e+03	-8.980000e-01	-6.660000e-01	1.059200e+01	2.236000e+00	3.458000e+00	1.000000e-02	-5.760000e-01	5.130000e-01	8.828000e+00
4.170068e+03	-8.980000e-01	-4.590000e-01	1.046000e+01	3.139000e+00	2.758000e+00	4.180000e-01	-5.020000e-01	-7.140000e-01	1.097000e+01
2.563172e+04	-8.980000e-01	-3.600000e-01	1.049600e+01	3.860000e+00	4.298000e+00	2.490000e-01	-6.740000e-01	6.960000e-01	9.812000e+00
6.282189e+02	-8.920000e-01	-1.290000e+00	1.204400e+01	3.580000e+00	2.926000e+00	1.750000e-01	-8.940000e-01	-6.720000e-01	8.162000e+00
5.894278e+03	-8.920000e-01	-1.212000e+00	1.094000e+01	2.397000e+00	1.232000e+00	1.340000e-01	-9.800000e-01	-5.700000e-02	1.040600e+01
4.462721e+02	-8.920000e-01	-1.155000e+00	1.083200e+01	3.125000e+00	3.430000e+00	3.300000e-01	-5.470000e-01	-4.770000e-01	9.572000e+00
9.217710e+03	-8.920000e-01	-3.990000e-01	1.269200e+01	1.627000e+00	2.338000e+00	1.660000e-01	-5.030000e-01	4.290000e-01	9.122000e+00
2.155674e+04	-8.920000e-01	-6.900000e-02	1.062800e+01	2.992000e+00	5.712000e+00	9.700000e-02	-6.120000e-01	-2.610000e-01	1.046000e+01
1.491719e+03	-8.860000e-01	-1.416000e+00	9.932000e+00	2.012000e+00	4.284000e+00	3.870000e-01	-7.080000e-01	-4.890000e-01	8.078000e+00
2.621418e+03	-8.860000e-01	-1.197000e+00	1.160000e+01	1.606000e+00	2.688000e+00	1.760000e-01	-8.190000e-01	-2.550000e-01	1.065200e+01
3.285317e+02	-8.860000e-01	-9.690000e-01	1.389200e+01	1.487000e+00	6.090000e+00	2.920000e-01	-7.920000e-01	3.990000e-01	1.078400e+01
2.941839e+04	-8.860000e-01	-3.510000e-01	1.288400e+01	3.461000e+00	6.706000e+00	2.600000e-01	-6.950000e-01	3.780000e-01	8.648000e+00
5.526506e+04	-8.860000e-01	-6.600000e-02	1.032800e+01	2.656000e+00	8.400000e-01	3.030000e-01	-5.540000e-01	-2.520000e-01	9.710000e+00
1.284561e+03	-8.800000e-01	-1.497000e+00	1.341200e+01	2.215000e+00	4.228000e+00	3.460000e-01	-6.340000e-01	-5.490000e-01	9.092000e+00
3.500547e+02	-8.800000e-01	-1.197000e+00	1.410800e+01	2.439000e+00	2.408000e+00	4.180000e-01	-8.340000e-01	3.720000e-01	9.680000e+00
7.614134e+02	-8.800000e-01	-8.970000e-01	1.464800e+01	6.680000e-01	4.802000e+00	3.000000e-02	-8.830000e-01	-6.390000e-01	1.027400e+01
6.550966e+02	-8.800000e-01	-8.880000e-01	1.542800e+01	2.089000e+00	1.078000e+00	4.820000e-01	-9.560000e-01	-4.050000e-01	9.866000e+00
5.705169e+04	-8.800000e-01	-1.350000e-01	1.190000e+01	2.047000e+00	6.720000e+00	1.270000e-01	-9.780000e-01	7.380000e-01	9.284000e+00
1.993937e+03	-8.740000e-01	-1.317000e+00	1.287200e+01	5.910000e-01	5.572000e+00	1.270000e-01	-6.630000e-01	-3.600000e-01	1.089800e+01
4.961415e+02	-8.740000e-01	-8.940000e-01	1.523600e+01	3.944000e+00	3.136000e+00	1.700000e-02	-6.040000e-01	3.810000e-01	8.534000e+00
3.498520e+02	-8.740000e-01	-5.940000e-01	1.000400e+01	2.642000e+00	1.190000e+00	4.000000e-03	-5.460000e-01	5.520000e-01	1.074800e+01
2.434946e+04	-8.740000e-01	-2.700000e-01	1.526000e+01	1.641000e+00	1.820000e+00	3.480000e-01	-5.080000e-01	-7.470000e-01	9.806000e+00
3.450750e+04	-8.740000e-01	-2.670000e-01	1.416800e+01	1.067000e+00	1.008000e+00	4.530000e-01	-7.600000e-01	5.940000e-01	9.836000e+00
2.744026e+02	-8.680000e-01	-8.820000e-01	1.457600e+01	2.859000e+00	3.654000e+00	3.880000e-01	-8.570000e-01	2.130000e-01	9.836000e+00
3.085810e+02	-8.680000e-01	-7.140000e-01	1.472000e+01	2.810000e+00	1.582000e+00	3.330000e-01	-7.500000e-01	-2.700000e-01	1.062800e+01
7.252676e+02	-8.680000e-01	-7.020000e-01	1.520000e+01	2.852000e+00	4.480000e-01	2.200000e-02	-9.070000e-01	-5.850000e-01	8.570000e+00
8.765597e+02	-8.680000e-01	-4.230000e-01	1.373600e+01	3.111000e+00	4.354000e+00	2.200000e-01	-6.370000e-01	-6.570000e-01	1.087400e+01
8.752194e+03	-8.680000e-01	-4.110000e-01	1.365200e+01	1.298000e+00	4.060000e-01	3.240000e-01	-6.510000e-01	-2.040000e-01	9.956000e+00
4.524132e+02	-8.620000e-01	-8.070000e-01	1.353200e+01	1.116000e+00	4.746000e+00	1.850000e-01	-9.650000e-01	-3.600000e-02	1.047800e+01
2.079209e+03	-8.620000e-01	-6.630000e-01	1.078400e+01	1.074000e+00	7.420000e-01	3.760000e-01	-5.320000e-01	1.410000e-01	9.728000e+00
3.747030e+02	-8.620000e-01	-5.220000e-01	1.438400e+01	2.418000e+00	2.968000e+00	4.200000e-02	-8.100000e-01	1.500000e-01	1.082000e+01
9.855293e+03	-8.620000e-01	-4.470000e-01	1.191200e+01	1.571000e+00	4.900000e+00	3.040000e-01	-9.190000e-01	5.340000e-01	9.524000e+00
9.380908e+04	-8.620000e-01	-1.140000e-01	1.040000e+01	1.627000e+00	6.020000e+00	2.450000e-01	-5.250000e-01	3.000000e-01	8.042000e+00
6.183935e+03	-8.560000e-01	-1.209000e+00	1.509200e+01	2.439000e+00	2.436000e+00	1.030000e-01	-9.930000e-01	-3.900000e-02	1.064600e+01
8.119838e+02	-8.560000e-01	-1.146000e+00	1.089200e+01	8.430000e-01	5.138000e+00	2.480000e-01	-7.000000e-01	1.800000e-02	8.420000e+00
8.758552e+02	-8.560000e-01	-6.810000e-01	1.082000e+01	5.770000e-01	6.608000e+00	1.770000e-01	-8.320000e-01	9.600000e-02	9.866000e+00
1.069216e+05	-8.560000e-01	-9.600000e-02	1.097600e+01	2.523000e+00	5.712000e+00	3.370000e-01	-8.990000e-01	7.110000e-01	8.942000e+00
1.031145e+05	-8.560000e-01	-7.800000e-02	1.204400e+01	1.053000e+00	2.926000e+00	3.150000e-01	-7.440000e-01	6.480000e-01	9.296000e+00
7.647193e+03	-8.500000e-01	-1.386000e+00	1.464800e+01	2.124000e+00	3.514000e+00	4.010000e-01	-9.220000e-01	-2.520000e-01	9.866000e+00
1.532171e+03	-8.500000e-01	-1.152000e+00	1.404800e+01	3.706000e+00	5.558000e+00	1.960000e-01	-8.530000e-01	2.370000e-01	1.029200e+01
3.983208e+02	-8.500000e-01	-7.080000e-01	1.245200e+01	1.802000e+00	2.660000e+00	5.300000e-02	-6.110000e-01	-6.090000e-01	9.470000e+00
3.203830e+04	-8.500000e-01	-2.280000e-01	1.256000e+01	2.740000e+00	6.202000e+00	3.700000e-02	-9.700000e-01	-1.530000e-01	9.008000e+00
1.433635e+05	-8.500000e-01	-6.300000e-02	1.534400e+01	2.796000e+00	4.186000e+00	3.950000e-01	-5.550000e-01	5.250000e-01	8.030000e+00
1.558040e+03	-8.440000e-01	-1.488000e+00	1.444400e+01	1.564000e+00	1.848000e+00	1.140000e-01	-7.030000e-01	-3.870000e-01	9.080000e+00
8.196255e+02	-8.440000e-01	-1.326000e+00	1.158800e+01	1.900000e+00	6.468000e+00	3.820000e-01	-6.990000e-01	6.540000e-01	8.936000e+00
4.033249e+02	-8.440000e-01	-1.059000e+00	9.620000e+00	1.886000e+00	8.260000e-01	1.600000e-01	-7.440000e-01	2.670000e-01	9.356000e+00
3.861148e+04	-8.440000e-01	-4.410000e-01	9.596000e+00	2.950000e+00	5.628000e+00	3.050000e-01	-8.660000e-01	0.000000e+00	8.522000e+00
6.400600e+04	-8.440000e-01	-1.650000e-01	1.391600e+01	3.762000e+00	5.054000e+00	2.630000e-01	-8.150000e-01	-2.880000e-01	9.194000e+00
8.862454e+02	-8.380000e-01	-1.377000e+00	1.074800e+01	2.586000e+00	2.016000e+00	1.040000e-01	-9.580000e-01	-6.810000e-01	8.774000e+00
4.907465e+02	-8.380000e-01	-1.317000e+00	1.440800e+01	1.277000e+00	8.540000e-01	4.680000e-01	-6.440000e-01	5.280000e-01	9.746000e+00
1.190224e+03	-8.380000e-01	-6.420000e-01	1.509200e+01	2.411000e+00	2.996000e+00	2.810000e-01	-7.280000e-01	-3.900000e-02	9.962000e+00
5.251929e+03	-8.380000e-01	-5.130000e-01	1.149200e+01	3.328000e+00	1.834000e+00	3.420000e-01	-9.280000e-01	8.400000e-02	1.023800e+01
1.841042e+04	-8.380000e-01	-4.200000e-01	1.370000e+01	3.097000e+00	3.570000e+00	3.990000e-01	-8.560000e-01	-3.270000e-01	8.774000e+00
5.256668e+03	-8.320000e-01	-1.320000e+00	1.418000e+01	3.426000e+00	0.000000e+00	4.530000e-01	-9.590000e-01	-4.590000e-01	9.686000e+00
3.381438e+03	-8.320000e-01	-7.200000e-01	1.212800e+01	3.377000e+00	2.212000e+00	4.490000e-01	-5.070000e-01	2.820000e-01	8.624000e+00
3.600076e+02	-8.320000e-01	-6.360000e-01	1.385600e+01	8.150000e-01	4.270000e+00	1.200000e-01	-5.290000e-01	-4.200000e-01	1.020200e+01
9.423003e+03	-8.320000e-01	-4.800000e-01	1.126400e+01	3.580000e+00	9.940000e-01	3.480000e-01	-9.850000e-01	-1.260000e-01	8.048000e+00
1.068524e+05	-8.320000e-01	-7.800000e-02	1.043600e+01	3.965000e+00	5.208000e+00	1.560000e-01	-6.940000e-01	-2.820000e-01	8.738000e+00
5.363015e+03	-8.260000e-01	-1.449000e+00	1.378400e+01	2.033000e+00	5.194000e+00	2.410000e-01	-9.580000e-01	-5.190000e-01	9.974000e+00
2.849777e+03	-8.260000e-01	-1.308000e+00	1.443200e+01	2.628000e+00	2.450000e+00	1.160000e-01	-8.340000e-01	-3.510000e-01	1.035800e+01
3.051969e+02	-8.260000e-01	-1.131000e+00	1.217600e+01	2.838000e+00	8.260000e-01	4.050000e-01	-7.950000e-01	8.700000e-02	9.824000e+00
6.447587e+03	-8.260000e-01	-5.940000e-01	1.358000e+01	3.881000e+00	6.300000e+00	2.770000e-01	-5.320000e-01	2.880000e-01	9.326000e+00
1.542945e+04	-8.260000e-01	-3.210000e-01	1.384400e+01	3.958000e+00	1.680000e-01	1.260000e-01	-9.720000e-01	6.000000e-03	8.018000e+00
3.499665e+02	-8.200000e-01	-1.050000e+00	1.540400e+01	1.935000e+00	5.600000e-01	2.750000e-01	-9.030000e-01	5.700000e-01	8.390000e+00
2.083127e+03	-8.200000e-01	-8.160000e-01	9.932000e+00	1.172000e+00	2.282000e+00	4.900000e-01	-8.380000e-01	-1.950000e-01	9.188000e+00
1.748408e+03	-8.200000e-01	-3.270000e-01	1.036400e+01	1.508000e+00	2.170000e+00	1.210000e-01	-7.420000e-01	-5.250000e-01	1.098200e+01
1.410322e+04	-8.200000e-01	-2.070000e-01	1.128800e+01	6.960000e-01	5.124000e+00	4.590000e-01	-9.240000e-01	5.460000e-01	1.047800e+01
1.535900e+05	-8.200000e-01	-1.200000e-02	1.504400e+01	2.103000e+00	5.642000e+00	1.180000e-01	-6.160000e-01	-6.420000e-01	8.666000e+00
8.944248e+02	-8.140000e-01	-1.284000e+00	1.490000e+01	2.684000e+00	6.776000e+00	1.750000e-01	-5.130000e-01	5.550000e-01	9.644000e+00
8.913137e+02	-8.140000e-01	-1.128000e+00	1.530800e+01	1.536000e+00	6.286000e+00	7.100000e-02	-5.710000e-01	-3.900000e-02	9.692000e+00
2.259574e+02	-8.140000e-01	-9.840000e-01	1.329200e+01	1.942000e+00	2.912000e+00	2.700000e-01	-5.240000e-01	2.310000e-01	8.126000e+00
1.120217e+03	-8.140000e-01	-9.630000e-01	1.080800e+01	1.858000e+00	4.382000e+00	4.930000e-01	-8.950000e-01	5.160000e-01	9.764000e+00
6.091725e+03	-8.140000e-01	-4.980000e-01	1.152800e+01	1.564000e+00	4.676000e+00	2.380000e-01	-9.450000e-01	7.440000e-01	9.260000e+00
5.853504e+02	-8.080000e-01	-1.413000e+00	1.176800e+01	2.621000e+00	1.428000e+00	4.750000e-01	-8.120000e-01	6.450000e-01	1.038800e+01
1.731454e+02	-8.080000e-01	-8.550000e-01	1.372400e+01	7.590000e-01	1.568000e+00	3.100000e-01	-9.650000e-01	7.350000e-01	1.018400e+01
2.603422e+02	-8.080000e-01	-8.340000e-01	1.282400e+01	2.859000e+00	4.578000e+00	2.280000e-01	-7.720000e-01	-6.810000e-01	9.632000e+00
2.387626e+03	-8.080000e-01	-3.660000e-01	1.040000e+01	1.683000e+00	4.494000e+00	2.750000e-01	-8.340000e-01	-1.800000e-02	1.076000e+01
2.711118e+04	-8.080000e-01	-9.600000e-02	1.131200e+01	3.265000e+00	1.358000e+00	3.960000e-01	-1.000000e+00	2.340000e-01	1.058600e+01
1.972054e+02	-8.020000e-01	-1.053000e+00	1.547600e+01	1.893000e+00	4.564000e+00	4.390000e-01	-6.880000e-01	6.150000e-01	8.738000e+00
2.518158e+02	-8.020000e-01	-9.720000e-01	1.199600e+01	1.564000e+00	3.416000e+00	2.530000e-01	-6.530000e-01	-6.570000e-01	8.102000e+00
7.352786e+02	-8.020000e-01	-6.210000e-01	1.154000e+01	6.330000e-01	2.702000e+00	2.080000e-01	-9.900000e-01	2.850000e-01	1.017200e+01
1.741743e+04	-8.020000e-01	-5.040000e-01	1.020800e+01	2.264000e+00	6.650000e+00	3.230000e-01	-8.700000e-01	-1.890000e-01	9.866000e+00
6.893627e+04	-8.020000e-01	-1.650000e-01	9.680000e+00	8.010000e-01	2.310000e+00	3.500000e-01	-5.180000e-01	7.200000e-02	8.048000e+00
7.753348e+02	-7.960000e-01	-1.185000e+00	1.362800e+01	1.823000e+00	2.030000e+00	2.240000e-01	-5.770000e-01	-6.330000e-01	8.432000e+00
6.351063e+02	-7.960000e-01	-9.960000e-01	1.059200e+01	2.012000e+00	3.542000e+00	7.200000e-02	-8.250000e-01	5.880000e-01	8.936000e+00
1.105475e+03	-7.960000e-01	-6.780000e-01	1.209200e+01	3.825000e+00	1.582000e+00	1.620000e-01	-8.330000e-01	-7.440000e-01	8.204000e+00
6.236267e+04	-7.960000e-01	-1.740000e-01	1.506800e+01	2.544000e+00	6.496000e+00	2.510000e-01	-8.340000e-01	-3.660000e-01	8.468000e+00
6.462561e+04	-7.960000e-01	-1.020000e-01	1.544000e+01	3.342000e+00	6.468000e+00	3.700000e-02	-8.610000e-01	-4.140000e-01	9.110000e+00
7.070280e+03	-7.900000e-01	-1.368000e+00	1.312400e+01	1.095000e+00	3.836000e+00	2.610000e-01	-9.410000e-01	2.460000e-01	9.812000e+00
8.860790e+02	-7.900000e-01	-1.365000e+00	1.466000e+01	1.340000e+00	6.370000e+00	3.070000e-01	-7.320000e-01	6.030000e-01	1.054400e+01
9.682367e+03	-7.900000e-01	-3.960000e-01	1.437200e+01	1.263000e+00	2.786000e+00	4.110000e-01	-8.390000e-01	-3.420000e-01	1.022600e+01
2.484587e+04	-7.900000e-01	-2.190000e-01	1.400000e+01	2.747000e+00	4.172000e+00	2.730000e-01	-5.220000e-01	5.100000e-02	1.004000e+01
1.111064e+05	-7.900000e-01	-2.700000e-02	1.410800e+01	3.846000e+00	3.626000e+00	4.780000e-01	-6.280000e-01	-4.620000e-01	9.770000e+00
2.279925e+02	-7.840000e-01	-9.600000e-01	1.379600e+01	3.440000e+00	5.768000e+00	1.390000e-01	-9.420000e-01	5.130000e-01	9.902000e+00
5.872499e+02	-7.840000e-01	-8.310000e-01	1.418000e+01	1.949000e+00	5.446000e+00	7.200000e-02	-7.800000e-01	1.020000e-01	1.093400e+01
4.109935e+02	-7.840000e-01	-8.220000e-01	1.497200e+01	8.780000e-01	1.246000e+00	4.100000e-02	-8.740000e-01	3.000000e-03	9.776000e+00
6.373348e+03	-7.840000e-01	-5.970000e-01	1.331600e+01	2.180000e+00	2.394000e+00	4.660000e-01	-9.560000e-01	-3.600000e-01	9.098000e+00
7.814049e+04	-7.840000e-01	-8.700000e-02	1.301600e+01	1.494000e+00	1.526000e+00	2.340000e-01	-7.050000e-01	-2.820000e-01	9.410000e+00
9.702914e+02	-7.780000e-01	-1.422000e+00	1.286000e+01	1.228000e+00	6.776000e+00	4.460000e-01	-8.370000e-01	-3.000000e-03	8.078000e+00
1.952877e+03	-7.780000e-01	-1.287000e+00	1.202000e+01	6.470000e-01	3.024000e+00	2.600000e-01	-9.250000e-01	4.230000e-01	8.624000e+00
1.538923e+03	-7.780000e-01	-9.900000e-01	9.848000e+00	2.768000e+00	3.150000e+00	1.170000e-01	-5.130000e-01	-4.770000e-01	1.037600e+01
3.232696e+02	-7.780000e-01	-8.190000e-01	1.116800e+01	2.621000e+00	2.660000e+00	1.640000e-01	-8.540000e-01	2.610000e-01	9.968000e+00
2.243781e+03	-7.780000e-01	-5.070000e-01	1.419200e+01	3.468000e+00	6.538000e+00	1.690000e-01	-6.810000e-01	-2.250000e-01	1.048400e+01
1.008567e+03	-7.720000e-01	-9.960000e-01	1.226000e+01	2.341000e+00	1.960000e-01	1.400000e-02	-7.270000e-01	-4.500000e-02	1.055600e+01
9.738715e+02	-7.720000e-01	-8.340000e-01	1.008800e+01	5.840000e-01	1.092000e+00	4.820000e-01	-9.340000e-01	-7.020000e-01	9.518000e+00
4.057177e+03	-7.720000e-01	-6.450000e-01	9.980000e+00	1.445000e+00	2.576000e+00	3.120000e-01	-6.410000e-01	-3.990000e-01	9.116000e+00
2.545250e+03	-7.720000e-01	-4.800000e-01	1.053200e+01	2.390000e+00	6.538000e+00	3.550000e-01	-8.150000e-01	7.800000e-02	1.083200e+01
4.088040e+04	-7.720000e-01	-2.040000e-01	1.385600e+01	6.540000e-01	5.334000e+00	5.600000e-02	-6.380000e-01	-7.800000e-02	8.288000e+00
4.591695e+02	-7.660000e-01	-1.182000e+00	1.469600e+01	2.600000e+00	3.542000e+00	3.240000e-01	-5.370000e-01	6.300000e-02	9.578000e+00
8.168002e+02	-7.660000e-01	-8.250000e-01	1.139600e+01	2.572000e+00	2.828000e+00	3.220000e-01	-8.930000e-01	-8.700000e-02	8.606000e+00
9.664048e+03	-7.660000e-01	-4.380000e-01	1.352000e+01	1.697000e+00	5.810000e+00	2.340000e-01	-7.190000e-01	-6.360000e-01	8.168000e+00
5.716007e+03	-7.660000e-01	-2.880000e-01	1.301600e+01	1.767000e+00	6.832000e+00	1.230000e-01	-8.310000e-01	-6.510000e-01	1.029800e+01
8.958251e+04	-7.660000e-01	-1.350000e-01	1.412000e+01	2.726000e+00	3.304000e+00	4.090000e-01	-7.030000e-01	7.230000e-01	9.014000e+00
2.548137e+03	-7.600000e-01	-1.269000e+00	1.214000e+01	6.120000e-01	2.086000e+00	2.720000e-01	-9.410000e-01	3.540000e-01	8.420000e+00
1.688687e+02	-7.600000e-01	-1.122000e+00	1.106000e+01	3.202000e+00	1.736000e+00	3.440000e-01	-6.350000e-01	4.650000e-01	9.590000e+00
1.309806e+03	-7.600000e-01	-1.119000e+00	9.512000e+00	7.870000e-01	4.816000e+00	4.440000e-01	-5.880000e-01	3.330000e-01	1.040000e+01
2.450222e+03	-7.600000e-01	-1.083000e+00	1.245200e+01	3.272000e+00	6.188000e+00	2.000000e-03	-9.710000e-01	1.950000e-01	9.458000e+00
1.169638e+05	-7.600000e-01	-8.100000e-02	1.240400e+01	3.223000e+00	6.188000e+00	2.610000e-01	-7.950000e-01	-9.300000e-02	8.612000e+00
3.207208e+03	-7.540000e-01	-1.461000e+00	1.216400e+01	3.608000e+00	5.040000e+00	3.370000e-01	-9.280000e-01	2.670000e-01	8.306000e+00
5.252230e+03	-7.540000e-01	-1.419000e+00	1.430000e+01	2.908000e+00	6.692000e+00	3.460000e-01	-7.710000e-01	-1.500000e-02	9.584000e+00
1.994492e+02	-7.540000e-01	-7.290000e-01	1.392800e+01	6.050000e-01	3.150000e+00	1.940000e-01	-8.050000e-01	-4.050000e-01	1.039400e+01
2.829724e+03	-7.540000e-01	-6.180000e-01	1.481600e+01	3.510000e+00	9.800000e-02	3.210000e-01	-5.350000e-01	2.250000e-01	8.966000e+00
2.810531e+04	-7.540000e-01	-5.940000e-01	9.596000e+00	3.272000e+00	5.964000e+00	1.920000e-01	-6.580000e-01	1.020000e-01	8.264000e+00
7.366051e+02	-7.480000e-01	-1.275000e+00	1.354400e+01	1.053000e+00	2.968000e+00	3.100000e-01	-6.730000e-01	-6.540000e-01	8.168000e+00
1.074914e+03	-7.480000e-01	-5.490000e-01	1.468400e+01	9.340000e-01	2.128000e+00	4.250000e-01	-7.850000e-01	-6.120000e-01	1.079000e+01
3.644904e+04	-7.480000e-01	-3.780000e-01	1.097600e+01	2.376000e+00	4.270000e+00	4.960000e-01	-8.540000e-01	4.860000e-01	8.558000e+00
4.694319e+04	-7.480000e-01	-3.540000e-01	9.752000e+00	3.720000e+00	4.284000e+00	4.450000e-01	-7.130000e-01	-7.380000e-01	9.644000e+00
9.530830e+03	-7.480000e-01	-5.100000e-02	1.196000e+01	1.711000e+00	1.554000e+00	1.150000e-01	-7.610000e-01	6.300000e-02	1.097600e+01
4.120206e+02	-7.420000e-01	-8.880000e-01	1.157600e+01	2.523000e+00	2.450000e+00	4.340000e-01	-7.840000e-01	2.700000e-01	1.039400e+01
2.259724e+03	-7.420000e-01	-6.840000e-01	1.395200e+01	2.894000e+00	5.740000e-01	3.760000e-01	-6.650000e-01	3.780000e-01	8.486000e+00
1.621510e+04	-7.420000e-01	-4.140000e-01	1.485200e+01	3.699000e+00	4.340000e-01	4.490000e-01	-8.000000e-01	4.470000e-01	9.620000e+00
2.439402e+04	-7.420000e-01	-3.330000e-01	1.464800e+01	1.711000e+00	4.340000e-01	3.210000e-01	-7.310000e-01	-4.170000e-01	8.714000e+00
1.398614e+05	-7.420000e-01	-3.900000e-02	1.198400e+01	7.660000e-01	3.220000e+00	4.590000e-01	-5.690000e-01	-2.040000e-01	9.338000e+00
1.395926e+03	-7.360000e-01	-1.383000e+00	1.056800e+01	1.641000e+00	5.950000e+00	1.210000e-01	-5.150000e-01	5.970000e-01	1.012400e+01
1.362176e+04	-7.360000e-01	-7.320000e-01	1.122800e+01	3.727000e+00	6.062000e+00	4.070000e-01	-5.620000e-01	1.620000e-01	8.540000e+00
7.587428e+03	-7.360000e-01	-6.240000e-01	1.084400e+01	1.158000e+00	6.090000e+00	4.650000e-01	-8.290000e-01	-3.090000e-01	8.372000e+00
5.844373e+03	-7.360000e-01	-5.160000e-01	9.812000e+00	1.529000e+00	2.226000e+00	3.280000e-01	-9.590000e-01	9.000000e-03	1.038200e+01
3.633718e+03	-7.360000e-01	-3.600000e-01	1.421600e+01	2.565000e+00	4.452000e+00	1.620000e-01	-7.490000e-01	4.890000e-01	1.069400e+01
1.360593e+03	-7.300000e-01	-1.284000e+00	1.180400e+01	7.730000e-01	5.362000e+00	1.900000e-02	-9.910000e-01	-2.580000e-01	9.206000e+00
6.737776e+02	-7.300000e-01	-1.161000e+00	1.164800e+01	3.020000e+00	1.694000e+00	1.340000e-01	-5.100000e-01	-5.940000e-01	9.422000e+00
7.525927e+03	-7.300000e-01	-6.960000e-01	9.884000e+00	1.431000e+00	4.368000e+00	3.730000e-01	-9.270000e-01	-3.900000e-01	8.336000e+00
1.408914e+04	-7.300000e-01	-3.000000e-01	9.716000e+00	2.950000e+00	8.400000e-02	1.700000e-01	-6.060000e-01	-4.800000e-01	8.330000e+00
2.797769e+04	-7.300000e-01	-2.460000e-01	1.034000e+01	3.132000e+00	1.694000e+00	4.190000e-01	-6.710000e-01	6.240000e-01	1.002200e+01
7.476778e+02	-7.240000e-01	-1.293000e+00	1.518800e+01	2.796000e+00	6.020000e+00	4.260000e-01	-7.490000e-01	3.270000e-01	1.091000e+01
1.416213e+02	-7.240000e-01	-9.480000e-01	1.233200e+01	3.272000e+00	1.148000e+00	3.440000e-01	-6.310000e-01	2.160000e-01	9.554000e+00
4.483458e+02	-7.240000e-01	-6.840000e-01	9.764000e+00	2.747000e+00	6.860000e-01	1.800000e-02	-9.790000e-01	5.490000e-01	9.194000e+00
3.764669e+03	-7.240000e-01	-5.910000e-01	1.149200e+01	2.166000e+00	4.158000e+00	2.390000e-01	-9.230000e-01	4.830000e-01	9.518000e+00
1.884249e+04	-7.240000e-01	-1.080000e-01	1.380800e+01	1.347000e+00	2.030000e+00	1.800000e-02	-7.670000e-01	7.200000e-01	1.073600e+01
2.332110e+02	-7.180000e-01	-1.305000e+00	1.187600e+01	3.216000e+00	3.458000e+00	4.540000e-01	-7.680000e-01	2.220000e-01	8.078000e+00
1.254552e+03	-7.180000e-01	-1.287000e+00	1.198400e+01	1.676000e+00	5.754000e+00	1.500000e-01	-6.490000e-01	1.830000e-01	1.049000e+01
1.227102e+03	-7.180000e-01	-1.218000e+00	1.317200e+01	2.803000e+00	6.860000e+00	3.390000e-01	-8.910000e-01	-7.350000e-01	1.023200e+01
1.207588e+02	-7.180000e-01	-1.014000e+00	1.168400e+01	2.656000e+00	1.442000e+00	4.120000e-01	-5.950000e-01	-9.600000e-02	9.794000e+00
2.448880e+03	-7.180000e-01	-5.100000e-01	1.023200e+01	3.356000e+00	4.620000e-01	1.730000e-01	-6.520000e-01	-1.080000e-01	9.716000e+00
7.260671e+02	-7.120000e-01	-1.011000e+00	1.341200e+01	2.138000e+00	4.214000e+00	9.000000e-02	-6.600000e-01	4.350000e-01	1.085000e+01
1.419926e+03	-7.120000e-01	-7.590000e-01	1.299200e+01	8.570000e-01	2.660000e-01	4.110000e-01	-6.760000e-01	-4.110000e-01	8.960000e+00
2.058161e+04	-7.120000e-01	-3.600000e-01	1.148000e+01	3.139000e+00	6.538000e+00	2.560000e-01	-8.030000e-01	1.200000e-01	1.003400e+01
2.003944e+03	-7.120000e-01	-1.890000e-01	1.012400e+01	5.490000e-01	5.306000e+00	3.160000e-01	-7.710000e-01	6.600000e-01	1.098200e+01
1.038891e+04	-7.120000e-01	-1.530000e-01	1.089200e+01	3.867000e+00	4.648000e+00	3.880000e-01	-7.870000e-01	1.440000e-01	1.076000e+01
1.916291e+03	-7.060000e-01	-1.347000e+00	1.044800e+01	2.047000e+00	6.874000e+00	3.940000e-01	-5.900000e-01	3.870000e-01	9.572000e+00
5.270527e+03	-7.060000e-01	-8.730000e-01	1.026800e+01	2.691000e+00	5.250000e+00	4.570000e-01	-6.100000e-01	-5.370000e-01	1.008200e+01
1.717947e+03	-7.060000e-01	-8.010000e-01	1.031600e+01	1.998000e+00	6.664000e+00	2.630000e-01	-9.510000e-01	3.510000e-01	1.058600e+01
4.677536e+03	-7.060000e-01	-6.480000e-01	1.055600e+01	1.998000e+00	3.500000e+00	3.280000e-01	-7.800000e-01	-2.370000e-01	9.800000e+00
3.951155e+04	-7.060000e-01	-6.600000e-02	1.262000e+01	3.979000e+00	9.940000e-01	6.000000e-02	-8.110000e-01	2.910000e-01	9.920000e+00
1.013863e+04	-7.000000e-01	-7.620000e-01	9.584000e+00	1.844000e+00	5.292000e+00	4.880000e-01	-8.230000e-01	-7.050000e-01	9.848000e+00
1.735241e+04	-7.000000e-01	-3.360000e-01	1.546400e+01	1.326000e+00	7.560000e-01	1.670000e-01	-8.480000e-01	1.830000e-01	8.348000e+00
3.669928e+04	-7.000000e-01	-3.090000e-01	1.281200e+01	9.830000e-01	6.734000e+00	4.310000e-01	-5.740000e-01	7.110000e-01	8.570000e+00
2.689960e+03	-7.000000e-01	-2.220000e-01	1.133600e+01	1.634000e+00	5.222000e+00	1.520000e-01	-9.350000e-01	5.490000e-01	1.076000e+01
2.905502e+04	-7.000000e-01	-1.890000e-01	1.426400e+01	2.271000e+00	7.420000e-01	4.080000e-01	-9.790000e-01	3.510000e-01	1.041800e+01
7.195232e+03	-6.940000e-01	-1.479000e+00	1.450400e+01	3.818000e+00	3.920000e-01	4.700000e-02	-9.750000e-01	-9.600000e-02	8.150000e+00
2.944332e+03	-6.940000e-01	-1.395000e+00	9.524000e+00	3.720000e+00	5.460000e+00	4.420000e-01	-9.550000e-01	3.840000e-01	1.038800e+01
1.137599e+03	-6.940000e-01	-7.200000e-01	1.188800e+01	5.070000e-01	6.440000e+00	3.200000e-01	-5.490000e-01	-3.660000e-01	9.656000e+00
6.902059e+03	-6.940000e-01	-2.940000e-01	1.427600e+01	2.229000e+00	4.536000e+00	2.160000e-01	-6.940000e-01	-6.210000e-01	1.032800e+01
9.636523e+03	-6.940000e-01	-1.590000e-01	1.364000e+01	1.900000e+00	4.886000e+00	4.400000e-02	-6.940000e-01	6.810000e-01	1.088600e+01
1.467110e+03	-6.880000e-01	-1.017000e+00	9.728000e+00	1.389000e+00	3.248000e+00	4.700000e-02	-5.430000e-01	-4.440000e-01	1.071800e+01
7.299858e+02	-6.880000e-01	-8.490000e-01	1.218800e+01	2.068000e+00	5.908000e+00	4.390000e-01	-8.660000e-01	-3.630000e-01	1.051400e+01
9.494190e+03	-6.880000e-01	-6.540000e-01	1.102400e+01	3.279000e+00	4.984000e+00	2.220000e-01	-7.310000e-01	9.000000e-02	8.564000e+00
2.174215e+04	-6.880000e-01	-3.690000e-01	1.467200e+01	3.314000e+00	5.474000e+00	3.090000e-01	-5.800000e-01	2.940000e-01	8.336000e+00
9.086197e+04	-6.880000e-01	-1.260000e-01	1.445600e+01	2.523000e+00	2.282000e+00	3.500000e-01	-6.490000e-01	-4.230000e-01	8.726000e+00
2.084787e+03	-6.820000e-01	-1.380000e+00	1.120400e+01	1.375000e+00	2.856000e+00	4.430000e-01	-7.520000e-01	4.800000e-02	8.384000e+00
1.430354e+03	-6.820000e-01	-1.266000e+00	1.344800e+01	1.753000e+00	6.580000e-01	2.170000e-01	-8.030000e-01	3.060000e-01	8.876000e+00
3.007829e+02	-6.820000e-01	-7.710000e-01	1.289600e+01	1.620000e+00	5.880000e-01	1.540000e-01	-7.280000e-01	1.530000e-01	8.942000e+00
7.876320e+02	-6.820000e-01	-7.410000e-01	1.548800e+01	2.369000e+00	1.764000e+00	2.900000e-01	-5.170000e-01	-6.600000e-02	8.960000e+00
9.432345e+03	-6.820000e-01	-6.210000e-01	1.115600e+01	3.139000e+00	5.852000e+00	2.330000e-01	-8.660000e-01	-3.210000e-01	9.968000e+00
1.608416e+03	-6.760000e-01	-1.326000e+00	1.322000e+01	2.257000e+00	2.226000e+00	6.800000e-02	-7.070000e-01	2.460000e-01	8.222000e+00
2.041973e+02	-6.760000e-01	-9.870000e-01	1.397600e+01	3.055000e+00	2.800000e-02	4.220000e-01	-5.440000e-01	5.430000e-01	9.842000e+00
4.754358e+02	-6.760000e-01	-7.860000e-01	1.361600e+01	7.450000e-01	3.668000e+00	2.600000e-02	-8.840000e-01	-8.100000e-02	8.774000e+00
1.382294e+03	-6.760000e-01	-5.670000e-01	1.336400e+01	3.125000e+00	8.400000e-02	2.600000e-02	-8.580000e-01	-2.850000e-01	9.002000e+00
2.878263e+04	-6.760000e-01	-2.910000e-01	1.458800e+01	3.678000e+00	7.700000e-01	3.910000e-01	-9.020000e-01	-6.690000e-01	9.524000e+00
1.638124e+03	-6.700000e-01	-1.089000e+00	1.395200e+01	2.502000e+00	2.352000e+00	3.120000e-01	-8.170000e-01	-1.080000e-01	1.046600e+01
5.196641e+02	-6.700000e-01	-1.047000e+00	1.049600e+01	1.893000e+00	3.234000e+00	3.340000e-01	-9.800000e-01	6.900000e-01	8.300000e+00
1.514328e+03	-6.700000e-01	-9.390000e-01	1.142000e+01	3.762000e+00	5.572000e+00	1.320000e-01	-6.740000e-01	2.370000e-01	1.044800e+01
2.373843e+02	-6.700000e-01	-7.620000e-01	1.427600e+01	2.733000e+00	1.372000e+00	1.000000e-01	-7.430000e-01	8.100000e-02	9.734000e+00
1.614105e+04	-6.700000e-01	-3.090000e-01	1.353200e+01	9.690000e-01	1.722000e+00	1.640000e-01	-9.980000e-01	-1.080000e-01	9.464000e+00
2.635877e+03	-6.640000e-01	-1.407000e+00	1.115600e+01	3.811000e+00	2.310000e+00	3.660000e-01	-6.830000e-01	-5.100000e-02	1.039400e+01
1.693721e+03	-6.640000e-01	-1.287000e+00	1.374800e+01	1.424000e+00	1.652000e+00	4.220000e-01	-7.790000e-01	-5.940000e-01	1.002800e+01
1.316783e+03	-6.640000e-01	-1.197000e+00	1.035200e+01	1.165000e+00	1.512000e+00	4.900000e-02	-7.810000e-01	-2.310000e-01	9.884000e+00
6.595811e+02	-6.640000e-01	-1.101000e+00	1.223600e+01	1.452000e+00	4.466000e+00	1.480000e-01	-5.630000e-01	-1.200000e-01	1.034000e+01
2.671750e+04	-6.640000e-01	-3.300000e-02	1.524800e+01	2.362000e+00	4.914000e+00	7.100000e-02	-7.350000e-01	5.760000e-01	1.069400e+01
5.212954e+02	-6.580000e-01	-1.149000e+00	1.376000e+01	3.538000e+00	7.840000e-01	2.840000e-01	-6.620000e-01	8.100000e-02	1.018400e+01
4.844673e+02	-6.580000e-01	-1.059000e+00	1.499600e+01	1.837000e+00	3.780000e+00	2.070000e-01	-9.260000e-01	6.060000e-01	8.774000e+00
6.731734e+03	-6.580000e-01	-5.160000e-01	1.542800e+01	9.620000e-01	6.062000e+00	3.130000e-01	-6.310000e-01	6.660000e-01	8.180000e+00
8.365346e+03	-6.580000e-01	-3.900000e-01	1.403600e+01	1.781000e+00	4.928000e+00	2.560000e-01	-8.580000e-01	2.130000e-01	1.005200e+01
9.873075e+04	-6.580000e-01	-1.710000e-01	1.064000e+01	2.222000e+00	6.566000e+00	4.330000e-01	-9.290000e-01	-3.600000e-02	8.240000e+00
1.259286e+03	-6.520000e-01	-1.497000e+00	9.692000e+00	2.565000e+00	1.400000e-02	9.300000e-02	-5.420000e-01	5.970000e-01	1.075400e+01
2.327490e+03	-6.520000e-01	-1.479000e+00	1.372400e+01	1.697000e+00	1.652000e+00	4.680000e-01	-6.470000e-01	4.500000e-02	8.996000e+00
9.726058e+02	-6.520000e-01	-1.461000e+00	1.523600e+01	2.089000e+00	6.230000e+00	3.080000e-01	-5.850000e-01	7.050000e-01	1.024400e+01
2.187826e+03	-6.520000e-01	-1.023000e+00	1.113200e+01	3.755000e+00	4.018000e+00	4.480000e-01	-6.310000e-01	-5.640000e-01	1.015400e+01
5.218434e+04	-6.520000e-01	-1.740000e-01	1.293200e+01	6.470000e-01	2.072000e+00	1.400000e-02	-8.410000e-01	-1.470000e-01	8.030000e+00
8.574781e+03	-6.460000e-01	-1.371000e+00	1.174400e+01	2.159000e+00	4.130000e+00	1.610000e-01	-9.170000e-01	1.800000e-01	1.089800e+01
8.031029e+02	-6.460000e-01	-1.203000e+00	1.268000e+01	3.027000e+00	3.682000e+00	7.600000e-02	-8.050000e-01	-6.180000e-01	8.540000e+00
2.974419e+03	-6.460000e-01	-4.920000e-01	1.044800e+01	2.320000e+00	1.680000e-01	8.400000e-02	-9.220000e-01	-7.350000e-01	9.050000e+00
6.235840e+03	-6.460000e-01	-2.010000e-01	1.047200e+01	3.615000e+00	6.160000e-01	2.730000e-01	-5.210000e-01	3.720000e-01	1.072400e+01
9.470059e+03	-6.460000e-01	-1.800000e-01	1.043600e+01	2.250000e+00	2.002000e+00	2.010000e-01	-5.650000e-01	-2.730000e-01	1.071200e+01
9.805607e+03	-6.400000e-01	-1.470000e+00	1.023200e+01	2.033000e+00	2.674000e+00	1.020000e-01	-9.020000e-01	2.280000e-01	1.092200e+01
1.863325e+02	-6.400000e-01	-7.530000e-01	1.479200e+01	1.018000e+00	1.050000e+00	1.760000e-01	-6.570000e-01	4.980000e-01	1.055000e+01
4.199858e+02	-6.400000e-01	-6.180000e-01	1.312400e+01	2.509000e+00	3.794000e+00	1.390000e-01	-9.000000e-01	6.600000e-01	1.096400e+01
2.263697e+03	-6.400000e-01	-5.040000e-01	1.338800e+01	1.823000e+00	4.872000e+00	2.100000e-02	-8.110000e-01	-5.700000e-01	9.134000e+00
6.022475e+04	-6.400000e-01	-1.140000e-01	1.260800e+01	1.298000e+00	3.402000e+00	3.900000e-02	-7.890000e-01	3.900000e-01	9.248000e+00
1.553120e+03	-6.340000e-01	-1.443000e+00	1.112000e+01	3.874000e+00	5.922000e+00	2.130000e-01	-6.160000e-01	3.930000e-01	8.528000e+00
6.555096e+03	-6.340000e-01	-1.278000e+00	1.313600e+01	6.960000e-01	8.120000e-01	2.110000e-01	-9.910000e-01	2.910000e-01	1.016000e+01
1.714150e+03	-6.340000e-01	-1.047000e+00	1.035200e+01	2.978000e+00	3.892000e+00	1.590000e-01	-8.370000e-01	6.210000e-01	9.650000e+00
8.764971e+03	-6.340000e-01	-5.520000e-01	1.475600e+01	2.698000e+00	4.606000e+00	4.450000e-01	-8.260000e-01	-5.910000e-01	8.360000e+00
6.129293e+02	-6.340000e-01	-2.490000e-01	1.234400e+01	3.965000e+00	9.800000e-01	3.200000e-02	-5.070000e-01	-4.740000e-01	1.092800e+01
8.812482e+02	-6.280000e-01	-1.191000e+00	1.470800e+01	2.999000e+00	6.566000e+00	8.400000e-02	-8.900000e-01	-6.390000e-01	9.572000e+00
1.918810e+03	-6.280000e-01	-8.040000e-01	1.222400e+01	3.286000e+00	6.706000e+00	4.420000e-01	-5.160000e-01	-2.760000e-01	1.098800e+01
9.844362e+02	-6.280000e-01	-6.720000e-01	1.000400e+01	1.312000e+00	4.592000e+00	4.980000e-01	-9.880000e-01	-1.500000e-02	1.089200e+01
1.026499e+03	-6.280000e-01	-6.240000e-01	1.317200e+01	1.466000e+00	3.374000e+00	4.910000e-01	-8.890000e-01	-4.710000e-01	1.086800e+01
1.340377e+04	-6.280000e-01	-3.810000e-01	1.146800e+01	2.838000e+00	2.912000e+00	2.500000e-01	-8.240000e-01	2.700000e-02	1.002200e+01
2.504069e+02	-6.220000e-01	-8.370000e-01	1.424000e+01	1.536000e+00	5.740000e-01	2.530000e-01	-9.890000e-01	4.260000e-01	8.582000e+00
2.556370e+03	-6.220000e-01	-7.890000e-01	1.014800e+01	3.237000e+00	3.108000e+00	3.190000e-01	-8.130000e-01	3.630000e-01	1.084400e+01
2.841843e+02	-6.220000e-01	-7.320000e-01	1.494800e+01	5.140000e-01	2.268000e+00	3.350000e-01	-9.380000e-01	4.680000e-01	1.075400e+01
1.429705e+03	-6.220000e-01	-4.830000e-01	1.472000e+01	2.131000e+00	2.296000e+00	6.200000e-02	-5.370000e-01	-4.080000e-01	9.896000e+00
4.425282e+04	-6.220000e-01	-1.290000e-01	1.271600e+01	2.740000e+00	5.040000e-01	4.830000e-01	-8.590000e-01	7.350000e-01	1.024400e+01
1.051690e+03	-6.160000e-01	-1.269000e+00	1.271600e+01	3.293000e+00	1.344000e+00	3.600000e-02	-7.530000e-01	6.390000e-01	9.920000e+00
2.263097e+03	-6.160000e-01	-1.053000e+00	1.020800e+01	3.300000e+00	3.472000e+00	3.020000e-01	-8.750000e-01	6.420000e-01	9.536000e+00
3.064794e+02	-6.160000e-01	-8.130000e-01	1.433600e+01	3.930000e+00	6.566000e+00	3.400000e-02	-8.080000e-01	5.790000e-01	8.036000e+00
5.607698e+03	-6.160000e-01	-6.900000e-01	1.250000e+01	3.496000e+00	5.516000e+00	3.260000e-01	-9.300000e-01	3.810000e-01	8.348000e+00
1.758845e+03	-6.160000e-01	-5.880000e-01	1.054400e+01	8.570000e-01	2.380000e+00	1.560000e-01	-8.720000e-01	-6.540000e-01	9.404000e+00
8.016658e+02	-6.100000e-01	-1.488000e+00	1.001600e+01	3.881000e+00	2.436000e+00	2.510000e-01	-6.480000e-01	-4.500000e-01	8.474000e+00
1.715042e+03	-6.100000e-01	-1.308000e+00	1.450400e+01	2.880000e+00	3.220000e-01	2.400000e-01	-5.340000e-01	-1.590000e-01	1.064600e+01
4.122912e+02	-6.100000e-01	-1.134000e+00	1.343600e+01	3.685000e+00	6.664000e+00	2.760000e-01	-8.200000e-01	-7.500000e-01	1.000400e+01
5.507927e+02	-6.100000e-01	-1.032000e+00	1.540400e+01	3.461000e+00	1.372000e+00	1.440000e-01	-7.970000e-01	4.110000e-01	9.914000e+00
3.594320e+03	-6.100000e-01	-3.810000e-01	1.190000e+01	1.102000e+00	3.486000e+00	3.310000e-01	-5.260000e-01	4.050000e-01	1.076600e+01
5.407571e+03	-6.040000e-01	-1.443000e+00	1.197200e+01	1.403000e+00	2.898000e+00	4.890000e-01	-7.760000e-01	-2.730000e-01	9.314000e+00
5.285022e+03	-6.040000e-01	-1.428000e+00	9.716000e+00	2.068000e+00	2.674000e+00	4.980000e-01	-8.120000e-01	-5.910000e-01	9.890000e+00
1.235676e+03	-6.040000e-01	-1.425000e+00	1.119200e+01	8.850000e-01	4.606000e+00	1.990000e-01	-7.590000e-01	5.040000e-01	8.354000e+00
2.108875e+03	-6.040000e-01	-7.020000e-01	1.154000e+01	1.571000e+00	3.220000e-01	4.200000e-01	-8.780000e-01	3.960000e-01	9.494000e+00
6.150190e+04	-6.040000e-01	-9.000000e-02	1.548800e+01	1.536000e+00	1.022000e+00	1.220000e-01	-7.210000e-01	-6.000000e-02	9.512000e+00
9.556067e+02	-5.980000e-01	-1.146000e+00	1.156400e+01	1.865000e+00	5.600000e-02	3.000000e-01	-9.920000e-01	-4.320000e-01	9.026000e+00
3.909631e+02	-5.980000e-01	-9.270000e-01	1.494800e+01	2.642000e+00	2.478000e+00	1.850000e-01	-8.230000e-01	3.360000e-01	1.072400e+01
4.311113e+03	-5.980000e-01	-5.970000e-01	1.248800e+01	2.901000e+00	4.172000e+00	2.920000e-01	-7.300000e-01	4.260000e-01	9.674000e+00
7.119416e+03	-5.980000e-01	-1.560000e-01	1.358000e+01	1.459000e+00	2.842000e+00	1.220000e-01	-7.470000e-01	-9.300000e-02	1.062800e+01
1.168681e+05	-5.980000e-01	-3.900000e-02	1.276400e+01	3.013000e+00	0.000000e+00	2.680000e-01	-7.910000e-01	-3.120000e-01	8.924000e+00
8.852932e+02	-5.920000e-01	-1.038000e+00	9.656000e+00	1.907000e+00	2.002000e+00	1.240000e-01	-7.680000e-01	-1.440000e-01	9.560000e+00
3.072338e+02	-5.920000e-01	-1.008000e+00	1.253600e+01	2.068000e+00	6.062000e+00	4.910000e-01	-7.030000e-01	3.270000e-01	8.852000e+00
7.650540e+02	-5.920000e-01	-1.005000e+00	1.524800e+01	1.788000e+00	2.940000e+00	2.800000e-02	-7.820000e-01	7.050000e-01	8.102000e+00
1.769992e+02	-5.920000e-01	-9.390000e-01	1.406000e+01	1.816000e+00	2.366000e+00	3.500000e-01	-8.690000e-01	6.150000e-01	1.044800e+01
1.043034e+05	-5.920000e-01	-1.920000e-01	1.049600e+01	3.650000e+00	6.944000e+00	3.020000e-01	-9.560000e-01	-1.410000e-01	8.414000e+00
8.967413e+03	-5.860000e-01	-8.160000e-01	9.956000e+00	1.977000e+00	6.314000e+00	1.390000e-01	-5.400000e-01	-1.380000e-01	8.396000e+00
5.315698e+02	-5.860000e-01	-7.800000e-01	1.192400e+01	1.375000e+00	5.124000e+00	6.300000e-02	-6.550000e-01	4.530000e-01	9.374000e+00
6.533562e+03	-5.860000e-01	-5.970000e-01	1.524800e+01	3.580000e+00	4.186000e+00	4.280000e-01	-6.140000e-01	3.510000e-01	8.510000e+00
4.160452e+04	-5.860000e-01	-3.000000e-01	1.041200e+01	2.047000e+00	6.370000e+00	1.650000e-01	-7.460000e-01	4.410000e-01	8.858000e+00
5.322767e+04	-5.860000e-01	-7.500000e-02	1.445600e+01	9.060000e-01	3.640000e+00	2.440000e-01	-7.670000e-01	-2.250000e-01	9.950000e+00
5.206907e+03	-5.800000e-01	-1.287000e+00	1.468400e+01	1.718000e+00	6.076000e+00	2.300000e-01	-9.810000e-01	3.210000e-01	9.272000e+00
2.120592e+02	-5.800000e-01	-1.110000e+00	1.467200e+01	1.424000e+00	2.058000e+00	4.820000e-01	-5.650000e-01	-2.910000e-01	8.618000e+00
5.577438e+02	-5.800000e-01	-1.083000e+00	1.035200e+01	2.747000e+00	1.330000e+00	2.300000e-01	-8.550000e-01	-4.260000e-01	9.920000e+00
3.888188e+02	-5.800000e-01	-1.074000e+00	1.150400e+01	1.109000e+00	4.802000e+00	4.640000e-01	-6.580000e-01	9.900000e-02	8.414000e+00
2.845243e+02	-5.800000e-01	-4.770000e-01	1.538000e+01	2.915000e+00	6.552000e+00	5.000000e-03	-5.420000e-01	-2.100000e-02	1.068800e+01
7.407705e+02	-5.740000e-01	-1.398000e+00	1.088000e+01	1.515000e+00	2.016000e+00	2.860000e-01	-6.620000e-01	-6.750000e-01	9.380000e+00
9.272811e+02	-5.740000e-01	-1.386000e+00	1.366400e+01	6.890000e-01	2.632000e+00	2.620000e-01	-7.770000e-01	6.870000e-01	8.696000e+00
1.539668e+03	-5.740000e-01	-1.164000e+00	1.187600e+01	3.657000e+00	6.286000e+00	4.560000e-01	-7.660000e-01	3.000000e-03	9.674000e+00
8.834711e+03	-5.740000e-01	-7.350000e-01	1.077200e+01	3.552000e+00	6.958000e+00	1.830000e-01	-8.240000e-01	-2.010000e-01	1.011200e+01
9.334117e+03	-5.740000e-01	-3.300000e-01	1.010000e+01	3.762000e+00	5.446000e+00	1.600000e-01	-6.810000e-01	2.910000e-01	1.066400e+01
3.046111e+03	-5.680000e-01	-1.458000e+00	1.208000e+01	9.200000e-01	3.080000e-01	2.760000e-01	-9.660000e-01	-7.500000e-01	1.005800e+01
9.960833e+02	-5.680000e-01	-1.374000e+00	1.164800e+01	3.293000e+00	3.500000e-01	1.990000e-01	-8.180000e-01	5.730000e-01	8.822000e+00
8.723278e+02	-5.680000e-01	-7.920000e-01	1.539200e+01	3.867000e+00	3.192000e+00	3.630000e-01	-6.390000e-01	-2.400000e-02	9.062000e+00
3.843959e+04	-5.680000e-01	-3.390000e-01	1.059200e+01	1.179000e+00	5.824000e+00	4.410000e-01	-7.830000e-01	2.910000e-01	8.114000e+00
1.634741e+05	-5.680000e-01	-1.800000e-02	1.074800e+01	3.132000e+00	4.732000e+00	4.170000e-01	-5.700000e-01	-2.010000e-01	8.966000e+00
3.362491e+03	-5.620000e-01	-1.389000e+00	1.287200e+01	2.432000e+00	5.320000e-01	2.820000e-01	-8.510000e-01	-2.340000e-01	8.030000e+00
3.927140e+02	-5.620000e-01	-1.137000e+00	1.012400e+01	2.229000e+00	1.386000e+00	1.900000e-01	-8.420000e-01	-1.680000e-01	8.594000e+00
5.740987e+03	-5.620000e-01	-4.680000e-01	1.504400e+01	1.998000e+00	3.584000e+00	2.920000e-01	-7.530000e-01	3.270000e-01	9.956000e+00
2.391390e+04	-5.620000e-01	-1.770000e-01	1.007600e+01	2.523000e+00	3.500000e+00	1.470000e-01	-8.230000e-01	1.560000e-01	1.033400e+01
1.039568e+04	-5.620000e-01	-1.590000e-01	1.065200e+01	1.305000e+00	1.708000e+00	5.700000e-02	-6.430000e-01	-2.790000e-01	1.036400e+01
1.177238e+03	-5.560000e-01	-1.068000e+00	1.259600e+01	1.921000e+00	6.552000e+00	1.310000e-01	-5.580000e-01	4.560000e-01	1.076600e+01
1.274078e+04	-5.560000e-01	-6.420000e-01	1.070000e+01	3.363000e+00	4.844000e+00	2.210000e-01	-5.350000e-01	5.220000e-01	9.254000e+00
4.046139e+03	-5.560000e-01	-4.050000e-01	1.348400e+01	2.257000e+00	6.580000e-01	6.000000e-02	-8.330000e-01	-7.410000e-01	9.644000e+00
2.654406e+04	-5.560000e-01	-2.460000e-01	1.029200e+01	1.186000e+00	9.800000e-02	4.250000e-01	-5.010000e-01	-6.930000e-01	9.956000e+00
1.584281e+05	-5.560000e-01	-3.000000e-03	9.716000e+00	3.167000e+00	3.724000e+00	3.860000e-01	-7.920000e-01	7.170000e-01	8.876000e+00
6.459674e+03	-5.500000e-01	-1.482000e+00	1.162400e+01	3.181000e+00	1.302000e+00	4.600000e-02	-8.670000e-01	-1.710000e-01	9.914000e+00
1.229706e+03	-5.500000e-01	-1.155000e+00	1.151600e+01	3.370000e+00	6.118000e+00	1.000000e-02	-9.120000e-01	3.060000e-01	9.482000e+00
6.567548e+02	-5.500000e-01	-1.110000e+00	1.323200e+01	3.818000e+00	3.696000e+00	1.200000e-02	-8.580000e-01	7.200000e-01	8.132000e+00
2.593624e+02	-5.500000e-01	-1.098000e+00	1.470800e+01	8.640000e-01	2.492000e+00	4.070000e-01	-7.350000e-01	9.600000e-02	1.009400e+01
1.374556e+05	-5.500000e-01	-4.800000e-02	1.073600e+01	1.529000e+00	4.914000e+00	3.530000e-01	-5.120000e-01	1.800000e-02	8.924000e+00
2.087489e+02	-5.440000e-01	-1.221000e+00	1.290800e+01	3.748000e+00	2.548000e+00	3.950000e-01	-8.440000e-01	-7.230000e-01	9.140000e+00
4.606354e+02	-5.440000e-01	-9.540000e-01	1.335200e+01	1.690000e+00	6.356000e+00	1.080000e-01	-8.230000e-01	-1.950000e-01	8.192000e+00
7.336172e+02	-5.440000e-01	-6.300000e-01	1.395200e+01	2.719000e+00	3.304000e+00	3.590000e-01	-8.020000e-01	3.000000e-01	1.097600e+01
3.256564e+04	-5.440000e-01	-2.340000e-01	1.350800e+01	2.908000e+00	5.292000e+00	3.940000e-01	-7.430000e-01	-4.620000e-01	1.007000e+01
1.347366e+05	-5.440000e-01	-3.000000e-02	1.187600e+01	3.944000e+00	1.162000e+00	3.840000e-01	-7.430000e-01	4.710000e-01	8.288000e+00
7.642197e+03	-5.380000e-01	-1.440000e+00	9.992000e+00	1.018000e+00	2.520000e+00	2.890000e-01	-8.900000e-01	-2.460000e-01	9.722000e+00
5.951636e+03	-5.380000e-01	-1.341000e+00	1.234400e+01	1.620000e+00	1.568000e+00	3.950000e-01	-9.870000e-01	-4.110000e-01	9.290000e+00
2.765721e+02	-5.380000e-01	-9.150000e-01	1.258400e+01	1.018000e+00	2.212000e+00	1.990000e-01	-7.830000e-01	3.870000e-01	1.038200e+01
6.405315e+02	-5.380000e-01	-7.530000e-01	1.142000e+01	3.510000e+00	2.548000e+00	7.400000e-02	-5.910000e-01	6.000000e-03	1.075400e+01
1.942439e+04	-5.380000e-01	-1.920000e-01	1.325600e+01	2.831000e+00	1.596000e+00	1.540000e-01	-7.590000e-01	4.950000e-01	1.023800e+01
1.384949e+03	-5.320000e-01	-1.341000e+00	1.133600e+01	2.768000e+00	6.132000e+00	1.310000e-01	-9.640000e-01	-6.750000e-01	8.936000e+00
9.110610e+02	-5.320000e-01	-1.206000e+00	1.260800e+01	1.039000e+00	4.676000e+00	1.100000e-01	-8.430000e-01	-4.890000e-01	8.942000e+00
9.683083e+02	-5.320000e-01	-1.146000e+00	1.029200e+01	5.280000e-01	3.780000e+00	2.970000e-01	-9.320000e-01	-3.150000e-01	8.450000e+00
2.250035e+04	-5.320000e-01	-3.330000e-01	1.347200e+01	3.923000e+00	4.074000e+00	3.610000e-01	-9.530000e-01	-4.980000e-01	1.008800e+01
5.599584e+04	-5.320000e-01	-2.070000e-01	1.258400e+01	1.718000e+00	4.396000e+00	3.570000e-01	-8.640000e-01	5.610000e-01	9.140000e+00
1.214321e+03	-5.260000e-01	-1.443000e+00	1.456400e+01	2.509000e+00	4.788000e+00	6.900000e-02	-5.900000e-01	6.600000e-01	1.004600e+01
2.432164e+03	-5.260000e-01	-1.416000e+00	1.365200e+01	3.895000e+00	6.916000e+00	2.000000e-03	-8.810000e-01	-3.240000e-01	8.300000e+00
5.163466e+03	-5.260000e-01	-7.500000e-01	1.025600e+01	1.116000e+00	6.398000e+00	3.710000e-01	-7.420000e-01	-2.040000e-01	8.054000e+00
7.289059e+02	-5.260000e-01	-7.470000e-01	1.296800e+01	3.342000e+00	3.556000e+00	1.750000e-01	-5.270000e-01	-2.280000e-01	8.576000e+00
1.102677e+04	-5.260000e-01	-2.970000e-01	1.481600e+01	3.307000e+00	1.064000e+00	1.900000e-01	-6.220000e-01	4.170000e-01	1.013600e+01
4.292295e+03	-5.200000e-01	-1.203000e+00	9.860000e+00	2.439000e+00	5.138000e+00	2.900000e-02	-6.640000e-01	2.190000e-01	8.720000e+00
2.234029e+03	-5.200000e-01	-5.070000e-01	1.314800e+01	7.170000e-01	9.800000e-01	2.470000e-01	-9.400000e-01	6.660000e-01	1.039400e+01
6.915913e+04	-5.200000e-01	-1.470000e-01	1.508000e+01	3.146000e+00	2.856000e+00	4.950000e-01	-5.150000e-01	3.300000e-02	9.746000e+00
1.493322e+04	-5.200000e-01	-1.410000e-01	1.425200e+01	3.979000e+00	4.662000e+00	3.100000e-01	-6.120000e-01	-1.380000e-01	1.079600e+01
1.014212e+05	-5.200000e-01	-9.600000e-02	1.222400e+01	9.270000e-01	6.468000e+00	2.100000e-01	-8.860000e-01	-3.120000e-01	8.000000e+00
1.589329e+03	-5.140000e-01	-1.314000e+00	9.860000e+00	9.760000e-01	6.188000e+00	3.600000e-02	-9.320000e-01	3.990000e-01	1.067600e+01
5.314822e+02	-5.140000e-01	-9.180000e-01	1.134800e+01	5.070000e-01	3.682000e+00	2.620000e-01	-9.650000e-01	-7.230000e-01	1.092200e+01
3.526195e+02	-5.140000e-01	-8.700000e-01	1.533200e+01	2.586000e+00	1.540000e-01	4.230000e-01	-7.620000e-01	-5.160000e-01	1.093400e+01
4.810439e+03	-5.140000e-01	-6.180000e-01	1.066400e+01	8.710000e-01	3.514000e+00	3.970000e-01	-9.780000e-01	-6.570000e-01	9.314000e+00
1.269310e+04	-5.140000e-01	-4.050000e-01	1.320800e+01	2.040000e+00	5.558000e+00	2.250000e-01	-9.400000e-01	6.780000e-01	8.156000e+00
2.307688e+03	-5.080000e-01	-1.404000e+00	9.632000e+00	1.893000e+00	1.918000e+00	1.350000e-01	-9.700000e-01	-6.450000e-01	9.494000e+00
7.753910e+02	-5.080000e-01	-1.242000e+00	1.424000e+01	1.158000e+00	1.792000e+00	2.260000e-01	-7.570000e-01	5.490000e-01	8.540000e+00
3.433803e+02	-5.080000e-01	-9.630000e-01	1.200800e+01	1.228000e+00	2.800000e-02	1.970000e-01	-5.110000e-01	7.320000e-01	9.080000e+00
3.885950e+03	-5.080000e-01	-5.190000e-01	1.274000e+01	1.284000e+00	2.282000e+00	2.790000e-01	-6.690000e-01	-4.890000e-01	9.752000e+00
3.584237e+04	-5.080000e-01	-2.670000e-01	1.277600e+01	1.158000e+00	4.606000e+00	2.750000e-01	-8.350000e-01	-2.010000e-01	8.150000e+00
3.363416e+02	-5.020000e-01	-1.248000e+00	1.371200e+01	3.790000e+00	6.720000e+00	2.980000e-01	-7.580000e-01	-3.570000e-01	8.372000e+00
3.836793e+02	-5.020000e-01	-7.380000e-01	1.239200e+01	1.508000e+00	4.928000e+00	2.400000e-02	-9.450000e-01	2.730000e-01	8.276000e+00
6.867398e+02	-5.020000e-01	-5.640000e-01	1.190000e+01	2.656000e+00	3.486000e+00	7.400000e-02	-6.390000e-01	-6.060000e-01	1.065800e+01
2.558924e+03	-5.020000e-01	-5.160000e-01	1.254800e+01	5.420000e-01	8.400000e-01	2.160000e-01	-6.630000e-01	2.700000e-01	9.986000e+00
5.310181e+04	-5.020000e-01	-1.260000e-01	1.408400e+01	6.120000e-01	6.244000e+00	2.890000e-01	-7.350000e-01	-1.110000e-01	9.794000e+00
2.186748e+03	-4.960000e-01	-1.155000e+00	1.002800e+01	2.145000e+00	5.712000e+00	1.770000e-01	-6.250000e-01	-5.970000e-01	1.030400e+01
2.916200e+02	-4.960000e-01	-1.068000e+00	1.311200e+01	2.558000e+00	3.164000e+00	3.260000e-01	-5.150000e-01	2.250000e-01	1.052000e+01
5.149605e+02	-4.960000e-01	-8.220000e-01	1.293200e+01	1.291000e+00	5.362000e+00	3.460000e-01	-9.420000e-01	-6.390000e-01	8.480000e+00
1.657417e+03	-4.960000e-01	-6.240000e-01	1.548800e+01	3.377000e+00	6.650000e+00	4.130000e-01	-9.220000e-01	-2.610000e-01	1.071200e+01
9.335405e+03	-4.960000e-01	-4.740000e-01	1.514000e+01	3.412000e+00	1.988000e+00	3.040000e-01	-8.140000e-01	-7.500000e-02	8.402000e+00
3.122239e+02	-4.900000e-01	-8.820000e-01	1.325600e+01	1.844000e+00	6.034000e+00	9.500000e-02	-7.930000e-01	3.870000e-01	9.584000e+00
9.644494e+03	-4.900000e-01	-6.060000e-01	1.178000e+01	2.243000e+00	4.942000e+00	4.890000e-01	-9.070000e-01	5.700000e-02	9.242000e+00
6.021914e+02	-4.900000e-01	-5.400000e-01	1.234400e+01	3.734000e+00	2.380000e-01	1.100000e-01	-8.840000e-01	4.140000e-01	1.066400e+01
3.910104e+04	-4.900000e-01	-2.400000e-01	1.137200e+01	2.971000e+00	3.780000e+00	4.300000e-02	-6.100000e-01	3.840000e-01	8.186000e+00
1.195759e+04	-4.900000e-01	-1.980000e-01	1.067600e+01	2.817000e+00	2.716000e+00	8.400000e-02	-8.190000e-01	1.830000e-01	1.098200e+01
1.480169e+03	-4.840000e-01	-1.488000e+00	1.150400e+01	2.635000e+00	9.520000e-01	4.100000e-02	-6.560000e-01	-6.300000e-02	8.120000e+00
2.857683e+03	-4.840000e-01	-1.335000e+00	1.275200e+01	1.557000e+00	1.820000e+00	3.530000e-01	-8.150000e-01	-3.420000e-01	9.218000e+00
4.661379e+02	-4.840000e-01	-8.280000e-01	1.354400e+01	8.920000e-01	3.444000e+00	3.800000e-02	-6.120000e-01	2.700000e-02	1.019000e+01
7.150959e+03	-4.840000e-01	-5.250000e-01	1.398800e+01	1.935000e+00	4.228000e+00	3.520000e-01	-7.240000e-01	1.590000e-01	8.828000e+00
1.781745e+04	-4.840000e-01	-2.610000e-01	1.456400e+01	2.901000e+00	6.972000e+00	1.910000e-01	-7.260000e-01	-6.060000e-01	9.914000e+00
2.418829e+02	-4.780000e-01	-9.540000e-01	1.047200e+01	1.900000e+00	1.456000e+00	3.410000e-01	-5.500000e-01	5.370000e-01	8.954000e+00
8.160343e+02	-4.780000e-01	-7.290000e-01	1.304000e+01	3.839000e+00	3.598000e+00	1.490000e-01	-8.730000e-01	-3.480000e-01	9.782000e+00
1.021972e+04	-4.780000e-01	-4.860000e-01	9.884000e+00	2.663000e+00	1.708000e+00	1.590000e-01	-6.190000e-01	-2.970000e-01	8.654000e+00
3.484893e+04	-4.780000e-01	-4.080000e-01	1.246400e+01	3.601000e+00	4.886000e+00	4.560000e-01	-9.580000e-01	-6.030000e-01	8.438000e+00
2.310442e+04	-4.780000e-01	-2.880000e-01	1.428800e+01	3.531000e+00	4.732000e+00	1.580000e-01	-1.000000e+00	-5.280000e-01	9.374000e+00
1.169643e+03	-4.720000e-01	-1.338000e+00	1.118000e+01	2.026000e+00	1.148000e+00	1.450000e-01	-6.380000e-01	-6.480000e-01	1.052600e+01
9.600660e+02	-4.720000e-01	-9.480000e-01	1.078400e+01	2.838000e+00	2.506000e+00	3.630000e-01	-7.440000e-01	-1.800000e-02	9.776000e+00
5.232665e+03	-4.720000e-01	-5.670000e-01	1.263200e+01	2.866000e+00	3.976000e+00	2.470000e-01	-6.780000e-01	1.260000e-01	8.270000e+00
2.790689e+03	-4.720000e-01	-4.320000e-01	1.340000e+01	1.473000e+00	4.564000e+00	2.430000e-01	-5.060000e-01	-6.030000e-01	1.035200e+01
2.836699e+04	-4.720000e-01	-2.490000e-01	1.288400e+01	2.537000e+00	1.946000e+00	7.200000e-02	-8.170000e-01	7.500000e-02	8.234000e+00
2.362196e+02	-4.660000e-01	-1.098000e+00	1.438400e+01	2.964000e+00	6.202000e+00	3.560000e-01	-8.200000e-01	-6.600000e-02	9.116000e+00
6.292330e+03	-4.660000e-01	-1.077000e+00	9.572000e+00	2.299000e+00	4.396000e+00	1.210000e-01	-7.860000e-01	4.800000e-01	8.030000e+00
2.824701e+02	-4.660000e-01	-8.490000e-01	1.498400e+01	3.048000e+00	2.478000e+00	1.080000e-01	-7.620000e-01	-2.100000e-02	1.021400e+01
1.450787e+02	-4.660000e-01	-8.340000e-01	1.194800e+01	1.788000e+00	3.514000e+00	2.340000e-01	-6.170000e-01	4.830000e-01	1.059800e+01
3.191697e+02	-4.660000e-01	-4.650000e-01	1.374800e+01	3.657000e+00	3.654000e+00	9.000000e-03	-6.400000e-01	-5.100000e-01	1.095800e+01
2.620016e+03	-4.600000e-01	-1.479000e+00	1.272800e+01	2.572000e+00	6.440000e+00	3.000000e-03	-5.030000e-01	2.280000e-01	1.003400e+01
5.126956e+02	-4.600000e-01	-1.230000e+00	1.499600e+01	2.166000e+00	2.982000e+00	3.670000e-01	-8.530000e-01	6.990000e-01	9.836000e+00
4.966678e+02	-4.600000e-01	-1.131000e+00	1.455200e+01	1.431000e+00	4.718000e+00	3.180000e-01	-6.480000e-01	-6.750000e-01	1.010000e+01
1.917790e+02	-4.600000e-01	-9.150000e-01	1.432400e+01	2.656000e+00	3.976000e+00	3.380000e-01	-5.260000e-01	-4.080000e-01	9.560000e+00
7.679537e+04	-4.600000e-01	-1.860000e-01	1.228400e+01	1.585000e+00	6.020000e+00	4.370000e-01	-6.660000e-01	1.230000e-01	8.570000e+00
2.160563e+02	-4.540000e-01	-1.083000e+00	1.352000e+01	2.467000e+00	2.352000e+00	4.020000e-01	-8.940000e-01	-3.720000e-01	8.954000e+00
4.598941e+02	-4.540000e-01	-9.990000e-01	1.366400e+01	1.830000e+00	2.156000e+00	1.530000e-01	-7.290000e-01	1.440000e-01	8.918000e+00
8.708816e+02	-4.540000e-01	-8.670000e-01	1.296800e+01	1.277000e+00	1.820000e-01	2.100000e-02	-6.500000e-01	-6.960000e-01	8.084000e+00
1.068554e+03	-4.540000e-01	-6.900000e-01	1.162400e+01	7.100000e-01	1.442000e+00	2.960000e-01	-5.240000e-01	-4.680000e-01	9.596000e+00
1.758080e+04	-4.540000e-01	-3.060000e-01	1.097600e+01	3.251000e+00	5.390000e+00	4.470000e-01	-7.790000e-01	-7.440000e-01	1.094000e+01
1.151698e+03	-4.480000e-01	-1.401000e+00	1.197200e+01	1.109000e+00	1.722000e+00	6.200000e-02	-6.050000e-01	7.320000e-01	8.258000e+00
3.763981e+03	-4.480000e-01	-1.368000e+00	1.194800e+01	3.454000e+00	4.186000e+00	1.420000e-01	-8.740000e-01	-2.490000e-01	8.648000e+00
1.059795e+03	-4.480000e-01	-1.062000e+00	1.056800e+01	3.734000e+00	2.548000e+00	3.060000e-01	-9.600000e-01	4.980000e-01	1.031000e+01
1.647432e+03	-4.480000e-01	-6.870000e-01	1.430000e+01	1.529000e+00	2.730000e+00	3.290000e-01	-9.500000e-01	1.830000e-01	8.648000e+00
1.733960e+04	-4.480000e-01	-1.530000e-01	9.884000e+00	3.062000e+00	8.820000e-01	1.800000e-01	-6.930000e-01	2.910000e-01	1.041800e+01
5.306031e+02	-4.420000e-01	-1.416000e+00	1.362800e+01	2.796000e+00	4.984000e+00	4.640000e-01	-7.460000e-01	6.720000e-01	9.686000e+00
7.594275e+03	-4.420000e-01	-1.329000e+00	1.005200e+01	3.363000e+00	6.930000e+00	3.070000e-01	-9.220000e-01	-4.560000e-01	8.354000e+00
1.097186e+03	-4.420000e-01	-1.158000e+00	1.188800e+01	1.536000e+00	5.040000e+00	5.800000e-02	-7.110000e-01	3.900000e-01	8.282000e+00
1.626602e+04	-4.420000e-01	-5.760000e-01	1.007600e+01	1.571000e+00	5.908000e+00	3.700000e-01	-9.460000e-01	5.100000e-01	9.356000e+00
3.299806e+04	-4.420000e-01	-3.360000e-01	1.174400e+01	3.097000e+00	5.950000e+00	1.370000e-01	-9.230000e-01	-4.140000e-01	8.936000e+00
3.183081e+03	-4.360000e-01	-1.212000e+00	9.536000e+00	7.520000e-01	3.556000e+00	2.960000e-01	-6.260000e-01	-5.760000e-01	8.816000e+00
5.022434e+02	-4.360000e-01	-8.940000e-01	1.359200e+01	2.663000e+00	3.262000e+00	5.100000e-02	-8.620000e-01	-5.310000e-01	8.096000e+00
1.220021e+03	-4.360000e-01	-6.120000e-01	1.185200e+01	2.852000e+00	7.700000e-01	6.700000e-02	-9.610000e-01	-6.150000e-01	8.762000e+00
4.104521e+04	-4.360000e-01	-2.790000e-01	1.044800e+01	9.620000e-01	5.054000e+00	4.270000e-01	-9.000000e-01	-6.900000e-02	9.416000e+00
1.113497e+04	-4.360000e-01	-1.800000e-02	1.432400e+01	2.621000e+00	6.440000e-01	7.000000e-03	-8.120000e-01	-2.670000e-01	1.053800e+01
1.265609e+03	-4.300000e-01	-1.455000e+00	1.364000e+01	1.935000e+00	2.072000e+00	2.200000e-02	-8.290000e-01	-5.130000e-01	8.306000e+00
1.684012e+03	-4.300000e-01	-1.137000e+00	1.024400e+01	2.600000e+00	1.288000e+00	2.600000e-01	-9.790000e-01	-5.430000e-01	1.037000e+01
6.587025e+03	-4.300000e-01	-1.041000e+00	1.025600e+01	2.131000e+00	6.678000e+00	4.990000e-01	-5.980000e-01	-2.010000e-01	9.020000e+00
4.730404e+02	-4.300000e-01	-6.300000e-01	1.379600e+01	5.210000e-01	4.718000e+00	1.450000e-01	-5.670000e-01	-6.090000e-01	1.016600e+01
3.002986e+04	-4.300000e-01	-2.430000e-01	1.480400e+01	1.732000e+00	1.918000e+00	8.000000e-03	-7.770000e-01	4.200000e-01	8.078000e+00
7.386845e+02	-4.240000e-01	-1.440000e+00	1.426400e+01	3.594000e+00	6.888000e+00	4.800000e-01	-5.160000e-01	-5.970000e-01	9.542000e+00
7.036959e+02	-4.240000e-01	-1.134000e+00	1.014800e+01	1.130000e+00	2.450000e+00	2.930000e-01	-6.240000e-01	6.930000e-01	1.007000e+01
1.077217e+04	-4.240000e-01	-1.104000e+00	1.001600e+01	3.363000e+00	5.642000e+00	4.950000e-01	-7.910000e-01	4.200000e-02	8.492000e+00
3.090753e+02	-4.240000e-01	-8.550000e-01	1.510400e+01	8.710000e-01	2.044000e+00	1.330000e-01	-8.540000e-01	1.830000e-01	8.522000e+00
5.837260e+03	-4.240000e-01	-2.850000e-01	1.486400e+01	3.300000e+00	2.296000e+00	1.070000e-01	-9.090000e-01	4.980000e-01	1.081400e+01
2.160273e+03	-4.180000e-01	-7.050000e-01	1.487600e+01	9.690000e-01	7.700000e-01	4.030000e-01	-9.480000e-01	3.570000e-01	8.144000e+00
1.170481e+04	-4.180000e-01	-5.340000e-01	1.130000e+01	3.433000e+00	4.116000e+00	1.670000e-01	-8.450000e-01	6.810000e-01	9.464000e+00
3.464396e+04	-4.180000e-01	-2.850000e-01	1.208000e+01	3.006000e+00	4.046000e+00	1.630000e-01	-5.980000e-01	3.420000e-01	8.108000e+00
7.841150e+04	-4.180000e-01	-2.130000e-01	1.086800e+01	3.776000e+00	5.012000e+00	1.150000e-01	-6.170000e-01	-2.790000e-01	8.234000e+00
9.549897e+04	-4.180000e-01	-1.110000e-01	1.502000e+01	2.565000e+00	1.918000e+00	2.950000e-01	-5.010000e-01	-2.700000e-02	8.636000e+00
2.567651e+02	-4.120000e-01	-1.269000e+00	1.330400e+01	3.958000e+00	6.132000e+00	3.960000e-01	-8.910000e-01	3.930000e-01	8.780000e+00
5.290431e+02	-4.120000e-01	-1.167000e+00	1.511600e+01	3.552000e+00	5.026000e+00	2.950000e-01	-6.750000e-01	3.390000e-01	1.074800e+01
1.227523e+03	-4.120000e-01	-1.116000e+00	1.080800e+01	3.384000e+00	2.884000e+00	2.700000e-02	-7.560000e-01	-1.230000e-01	1.018400e+01
3.335427e+02	-4.120000e-01	-8.340000e-01	9.956000e+00	2.418000e+00	4.620000e-01	3.600000e-02	-6.980000e-01	3.750000e-01	9.800000e+00
5.078838e+02	-4.120000e-01	-7.170000e-01	1.317200e+01	1.088000e+00	1.554000e+00	2.110000e-01	-7.160000e-01	-1.470000e-01	9.404000e+00
5.045597e+02	-4.060000e-01	-1.413000e+00	1.241600e+01	2.579000e+00	2.534000e+00	4.960000e-01	-5.060000e-01	4.170000e-01	1.032200e+01
7.598901e+02	-4.060000e-01	-1.251000e+00	1.283600e+01	3.202000e+00	1.876000e+00	1.740000e-01	-5.650000e-01	6.930000e-01	9.788000e+00
3.040004e+03	-4.060000e-01	-5.610000e-01	1.546400e+01	3.888000e+00	6.174000e+00	1.840000e-01	-6.870000e-01	6.090000e-01	9.602000e+00
5.028038e+03	-4.060000e-01	-4.950000e-01	1.289600e+01	8.500000e-01	1.302000e+00	1.850000e-01	-8.140000e-01	-5.760000e-01	8.450000e+00
6.010027e+04	-4.060000e-01	-1.800000e-01	1.122800e+01	3.083000e+00	3.738000e+00	4.960000e-01	-9.050000e-01	-2.910000e-01	1.012400e+01
3.274701e+03	-4.000000e-01	-1.227000e+00	9.908000e+00	8.570000e-01	6.874000e+00	2.300000e-02	-9.390000e-01	1.890000e-01	8.846000e+00
4.940242e+03	-4.000000e-01	-1.215000e+00	1.030400e+01	2.698000e+00	6.972000e+00	1.870000e-01	-6.320000e-01	6.900000e-02	9.482000e+00
4.416103e+02	-4.000000e-01	-1.185000e+00	1.403600e+01	2.901000e+00	4.074000e+00	4.000000e-01	-8.060000e-01	2.070000e-01	1.025000e+01
8.524537e+02	-4.000000e-01	-7.020000e-01	1.542800e+01	8.710000e-01	3.780000e+00	2.450000e-01	-9.760000e-01	-1.200000e-02	8.756000e+00
2.818658e+04	-4.000000e-01	-1.500000e-01	1.384400e+01	1.025000e+00	4.354000e+00	1.400000e-01	-7.710000e-01	3.540000e-01	1.010600e+01
8.404045e+02	-3.940000e-01	-1.305000e+00	1.127600e+01	3.790000e+00	5.502000e+00	4.290000e-01	-5.930000e-01	2.340000e-01	1.060400e+01
3.453452e+03	-3.940000e-01	-1.107000e+00	1.548800e+01	1.263000e+00	9.520000e-01	1.200000e-02	-9.370000e-01	8.100000e-02	1.023200e+01
1.383124e+03	-3.940000e-01	-5.940000e-01	1.404800e+01	1.879000e+00	3.850000e+00	3.450000e-01	-6.900000e-01	6.000000e-01	1.052600e+01
5.262622e+04	-3.940000e-01	-3.630000e-01	1.184000e+01	3.832000e+00	5.558000e+00	4.610000e-01	-5.690000e-01	4.830000e-01	9.092000e+00
2.478586e+04	-3.940000e-01	-3.000000e-02	1.214000e+01	3.167000e+00	4.466000e+00	1.420000e-01	-9.370000e-01	7.290000e-01	1.061000e+01
3.395930e+02	-3.880000e-01	-8.280000e-01	1.450400e+01	1.984000e+00	6.482000e+00	1.810000e-01	-5.740000e-01	-5.400000e-01	8.672000e+00
2.761986e+03	-3.880000e-01	-7.140000e-01	1.146800e+01	3.188000e+00	3.346000e+00	1.720000e-01	-8.110000e-01	-1.920000e-01	9.254000e+00
1.914361e+03	-3.880000e-01	-6.750000e-01	1.425200e+01	1.228000e+00	9.240000e-01	3.220000e-01	-7.280000e-01	-3.480000e-01	8.042000e+00
1.527715e+04	-3.880000e-01	-3.270000e-01	9.860000e+00	2.628000e+00	9.660000e-01	1.310000e-01	-7.460000e-01	-4.410000e-01	9.518000e+00
4.852417e+04	-3.880000e-01	-1.830000e-01	9.716000e+00	3.132000e+00	5.180000e+00	3.560000e-01	-7.680000e-01	1.530000e-01	1.020200e+01
6.631225e+03	-3.820000e-01	-1.125000e+00	1.026800e+01	2.845000e+00	6.482000e+00	3.500000e-01	-9.010000e-01	1.200000e-01	9.428000e+00
2.714160e+02	-3.820000e-01	-6.390000e-01	1.198400e+01	1.095000e+00	2.996000e+00	4.200000e-02	-9.950000e-01	1.080000e-01	1.073600e+01
7.031885e+02	-3.820000e-01	-4.470000e-01	1.002800e+01	1.123000e+00	4.956000e+00	8.000000e-02	-5.390000e-01	5.100000e-02	1.095200e+01
1.908959e+04	-3.820000e-01	-2.460000e-01	1.114400e+01	1.977000e+00	3.752000e+00	1.310000e-01	-9.710000e-01	-3.780000e-01	1.022600e+01
7.458080e+04	-3.820000e-01	-1.590000e-01	1.463600e+01	2.544000e+00	4.340000e+00	2.900000e-01	-9.160000e-01	-4.890000e-01	8.090000e+00
2.838679e+02	-3.760000e-01	-1.230000e+00	1.246400e+01	1.739000e+00	1.274000e+00	4.860000e-01	-9.530000e-01	5.220000e-01	9.356000e+00
8.322299e+02	-3.760000e-01	-7.380000e-01	1.535600e+01	3.552000e+00	5.236000e+00	3.920000e-01	-7.410000e-01	-1.080000e-01	1.043600e+01
2.622521e+03	-3.760000e-01	-6.000000e-01	1.512800e+01	1.242000e+00	4.228000e+00	2.550000e-01	-5.360000e-01	-3.090000e-01	8.630000e+00
2.251840e+03	-3.760000e-01	-3.900000e-01	1.469600e+01	3.643000e+00	1.190000e+00	2.680000e-01	-5.290000e-01	5.910000e-01	1.091600e+01
1.175782e+05	-3.760000e-01	-9.900000e-02	1.113200e+01	2.908000e+00	2.198000e+00	4.840000e-01	-5.910000e-01	3.060000e-01	9.020000e+00
1.174955e+03	-3.700000e-01	-1.242000e+00	1.517600e+01	1.095000e+00	2.198000e+00	6.900000e-02	-5.550000e-01	-2.160000e-01	1.022000e+01
9.097243e+02	-3.700000e-01	-1.026000e+00	1.128800e+01	2.971000e+00	6.076000e+00	4.060000e-01	-5.030000e-01	4.410000e-01	1.070000e+01
2.161135e+04	-3.700000e-01	-4.680000e-01	9.692000e+00	1.102000e+00	2.324000e+00	4.440000e-01	-9.020000e-01	7.290000e-01	8.684000e+00
6.547930e+04	-3.700000e-01	-1.410000e-01	1.046000e+01	2.824000e+00	6.496000e+00	4.760000e-01	-8.860000e-01	5.550000e-01	1.009400e+01
1.047287e+05	-3.700000e-01	-3.900000e-02	1.341200e+01	2.530000e+00	5.026000e+00	3.310000e-01	-6.700000e-01	4.170000e-01	9.722000e+00
8.491959e+02	-3.640000e-01	-1.452000e+00	1.029200e+01	3.489000e+00	1.302000e+00	1.330000e-01	-5.870000e-01	7.380000e-01	1.090400e+01
1.007299e+03	-3.640000e-01	-1.290000e+00	1.096400e+01	6.820000e-01	2.940000e+00	1.050000e-01	-9.030000e-01	7.140000e-01	8.084000e+00
2.302637e+04	-3.640000e-01	-3.660000e-01	1.382000e+01	9.130000e-01	2.170000e+00	4.040000e-01	-8.720000e-01	4.350000e-01	9.164000e+00
2.014714e+04	-3.640000e-01	-3.450000e-01	1.373600e+01	2.285000e+00	3.710000e+00	2.420000e-01	-9.480000e-01	1.260000e-01	8.198000e+00
8.485825e+04	-3.640000e-01	-1.620000e-01	1.542800e+01	3.090000e+00	5.600000e+00	4.550000e-01	-5.260000e-01	1.770000e-01	9.032000e+00
8.093328e+02	-3.580000e-01	-1.419000e+00	1.257200e+01	2.565000e+00	2.884000e+00	2.850000e-01	-5.060000e-01	6.570000e-01	9.098000e+00
2.724910e+03	-3.580000e-01	-1.209000e+00	1.182800e+01	9.410000e-01	1.260000e+00	3.290000e-01	-8.850000e-01	-2.040000e-01	9.440000e+00
2.807101e+02	-3.580000e-01	-9.390000e-01	1.335200e+01	2.005000e+00	1.078000e+00	4.050000e-01	-5.190000e-01	-7.080000e-01	1.035800e+01
4.086247e+03	-3.580000e-01	-6.780000e-01	1.005200e+01	1.060000e+00	2.044000e+00	3.900000e-01	-8.680000e-01	8.100000e-02	9.698000e+00
1.168015e+05	-3.580000e-01	-9.000000e-02	1.468400e+01	2.236000e+00	3.892000e+00	3.300000e-01	-7.890000e-01	-6.090000e-01	8.246000e+00
1.087836e+03	-3.520000e-01	-1.125000e+00	1.203200e+01	3.342000e+00	3.444000e+00	2.800000e-02	-8.920000e-01	-5.550000e-01	1.086800e+01
2.175550e+03	-3.520000e-01	-8.130000e-01	1.191200e+01	2.936000e+00	4.046000e+00	3.620000e-01	-6.190000e-01	-5.850000e-01	9.092000e+00
2.992265e+02	-3.520000e-01	-8.100000e-01	1.125200e+01	2.341000e+00	4.200000e-02	1.820000e-01	-6.800000e-01	6.000000e-03	8.714000e+00
2.657642e+03	-3.520000e-01	-5.760000e-01	1.538000e+01	1.179000e+00	2.380000e+00	2.080000e-01	-8.940000e-01	-3.720000e-01	8.426000e+00
5.515312e+03	-3.520000e-01	-4.170000e-01	1.286000e+01	3.139000e+00	3.626000e+00	6.000000e-03	-8.950000e-01	-5.550000e-01	9.560000e+00
1.321195e+03	-3.460000e-01	-1.359000e+00	1.518800e+01	8.640000e-01	1.190000e+00	3.050000e-01	-8.760000e-01	4.740000e-01	9.104000e+00
3.111707e+03	-3.460000e-01	-1.107000e+00	1.085600e+01	3.923000e+00	5.208000e+00	7.800000e-02	-9.350000e-01	1.170000e-01	9.926000e+00
5.479017e+02	-3.460000e-01	-8.790000e-01	1.400000e+01	3.069000e+00	1.148000e+00	5.900000e-02	-7.450000e-01	3.630000e-01	1.079000e+01
4.111038e+04	-3.460000e-01	-3.450000e-01	1.061600e+01	3.699000e+00	3.332000e+00	2.780000e-01	-6.790000e-01	-4.860000e-01	9.584000e+00
1.546313e+05	-3.460000e-01	-4.200000e-02	1.053200e+01	8.850000e-01	4.620000e-01	3.940000e-01	-7.360000e-01	7.230000e-01	8.216000e+00
7.526421e+02	-3.400000e-01	-1.200000e+00	1.479200e+01	2.803000e+00	3.080000e+00	1.820000e-01	-6.650000e-01	7.440000e-01	8.252000e+00
7.143310e+02	-3.400000e-01	-1.059000e+00	1.336400e+01	7.240000e-01	5.754000e+00	2.580000e-01	-7.830000e-01	6.270000e-01	8.006000e+00
2.799811e+02	-3.400000e-01	-9.030000e-01	1.440800e+01	1.417000e+00	2.576000e+00	3.820000e-01	-9.450000e-01	-6.300000e-02	8.426000e+00
3.521005e+02	-3.400000e-01	-8.520000e-01	1.185200e+01	2.691000e+00	7.000000e-02	1.980000e-01	-7.500000e-01	-4.080000e-01	1.059800e+01
3.888778e+03	-3.400000e-01	-4.320000e-01	1.474400e+01	2.887000e+00	5.418000e+00	2.340000e-01	-5.840000e-01	-1.140000e-01	1.033400e+01
1.356088e+03	-3.340000e-01	-1.335000e+00	1.228400e+01	2.334000e+00	3.906000e+00	2.120000e-01	-6.970000e-01	-3.180000e-01	9.416000e+00
7.176679e+03	-3.340000e-01	-1.317000e+00	9.512000e+00	3.104000e+00	3.080000e+00	4.740000e-01	-8.920000e-01	-5.400000e-01	9.926000e+00
3.475352e+03	-3.340000e-01	-7.740000e-01	1.172000e+01	2.439000e+00	5.222000e+00	3.960000e-01	-8.260000e-01	6.300000e-01	9.050000e+00
6.067322e+02	-3.340000e-01	-7.380000e-01	1.238000e+01	1.683000e+00	6.482000e+00	5.500000e-02	-7.810000e-01	6.480000e-01	9.566000e+00
8.501434e+03	-3.340000e-01	-7.080000e-01	1.176800e+01	3.538000e+00	5.096000e+00	3.110000e-01	-6.300000e-01	4.620000e-01	8.828000e+00
1.075455e+03	-3.280000e-01	-1.359000e+00	1.356800e+01	7.170000e-01	2.324000e+00	1.260000e-01	-5.020000e-01	-1.140000e-01	8.912000e+00
1.224138e+03	-3.280000e-01	-1.116000e+00	1.228400e+01	1.473000e+00	5.768000e+00	7.000000e-03	-9.790000e-01	5.250000e-01	9.578000e+00
4.092788e+03	-3.280000e-01	-1.026000e+00	1.138400e+01	3.538000e+00	6.622000e+00	2.800000e-01	-8.730000e-01	-2.250000e-01	9.524000e+00
3.023801e+03	-3.280000e-01	-6.540000e-01	9.920000e+00	2.789000e+00	1.204000e+00	2.890000e-01	-8.420000e-01	-4.200000e-02	1.050800e+01
8.282448e+04	-3.280000e-01	-4.200000e-02	1.403600e+01	3.601000e+00	3.920000e-01	4.050000e-01	-6.500000e-01	1.680000e-01	9.944000e+00
1.465902e+03	-3.220000e-01	-1.314000e+00	1.028000e+01	2.012000e+00	6.888000e+00	7.900000e-02	-6.600000e-01	2.610000e-01	1.085000e+01
2.649679e+02	-3.220000e-01	-1.221000e+00	1.060400e+01	3.846000e+00	1.358000e+00	4.240000e-01	-5.490000e-01	6.660000e-01	9.716000e+00
2.163344e+03	-3.220000e-01	-1.122000e+00	1.408400e+01	1.571000e+00	1.176000e+00	1.410000e-01	-8.680000e-01	-1.170000e-01	1.010000e+01
5.358909e+02	-3.220000e-01	-6.870000e-01	1.296800e+01	1.179000e+00	4.200000e-02	4.110000e-01	-9.370000e-01	5.580000e-01	1.089200e+01
7.396333e+02	-3.220000e-01	-6.570000e-01	1.260800e+01	2.369000e+00	6.846000e+00	2.040000e-01	-7.630000e-01	7.500000e-02	1.044800e+01
5.873524e+02	-3.160000e-01	-1.218000e+00	1.372400e+01	2.089000e+00	1.820000e+00	3.040000e-01	-5.930000e-01	-5.130000e-01	9.320000e+00
2.537490e+02	-3.160000e-01	-1.062000e+00	1.506800e+01	1.074000e+00	4.760000e-01	3.790000e-01	-8.000000e-01	1.200000e-02	9.740000e+00
2.569699e+02	-3.160000e-01	-1.035000e+00	1.254800e+01	3.111000e+00	1.778000e+00	3.630000e-01	-5.280000e-01	9.000000e-02	1.086200e+01
4.957907e+03	-3.160000e-01	-3.870000e-01	1.436000e+01	7.800000e-01	2.590000e+00	2.980000e-01	-5.570000e-01	5.190000e-01	1.050200e+01
1.124721e+04	-3.160000e-01	-2.970000e-01	1.190000e+01	2.194000e+00	6.174000e+00	3.520000e-01	-9.660000e-01	-1.200000e-01	1.040600e+01
8.889897e+03	-3.100000e-01	-1.497000e+00	1.005200e+01	3.090000e+00	2.296000e+00	1.110000e-01	-9.180000e-01	3.000000e-03	1.031600e+01
8.536996e+02	-3.100000e-01	-1.296000e+00	1.106000e+01	2.488000e+00	1.750000e+00	7.900000e-02	-6.720000e-01	-4.830000e-01	9.704000e+00
8.518866e+02	-3.100000e-01	-9.750000e-01	9.956000e+00	1.991000e+00	1.022000e+00	4.910000e-01	-8.380000e-01	-4.980000e-01	9.380000e+00
2.754479e+03	-3.100000e-01	-6.780000e-01	1.070000e+01	2.775000e+00	2.156000e+00	2.640000e-01	-6.050000e-01	-3.720000e-01	1.032800e+01
5.049935e+03	-3.100000e-01	-4.860000e-01	1.128800e+01	1.067000e+00	1.890000e+00	4.810000e-01	-9.170000e-01	3.000000e-01	1.067000e+01
2.382227e+03	-3.040000e-01	-1.401000e+00	1.179200e+01	9.270000e-01	1.582000e+00	2.000000e-02	-5.970000e-01	4.440000e-01	1.025600e+01
3.741956e+02	-3.040000e-01	-1.230000e+00	1.046000e+01	3.272000e+00	7.420000e-01	2.510000e-01	-6.580000e-01	2.970000e-01	9.542000e+00
1.181971e+02	-3.040000e-01	-1.023000e+00	1.353200e+01	3.034000e+00	5.376000e+00	3.050000e-01	-9.620000e-01	-6.150000e-01	8.588000e+00
2.193886e+03	-3.040000e-01	-7.260000e-01	1.509200e+01	3.258000e+00	5.222000e+00	4.160000e-01	-6.060000e-01	-3.030000e-01	9.230000e+00
6.505739e+02	-3.040000e-01	-5.850000e-01	1.190000e+01	7.870000e-01	1.022000e+00	1.630000e-01	-7.070000e-01	2.700000e-02	1.021400e+01
1.013939e+03	-2.980000e-01	-1.482000e+00	9.692000e+00	2.887000e+00	1.050000e+00	3.520000e-01	-5.930000e-01	-5.880000e-01	9.950000e+00
1.419953e+03	-2.980000e-01	-9.900000e-01	9.644000e+00	1.760000e+00	4.424000e+00	3.920000e-01	-5.130000e-01	3.900000e-01	1.070600e+01
1.194739e+03	-2.980000e-01	-5.610000e-01	1.046000e+01	6.260000e-01	5.782000e+00	3.190000e-01	-6.300000e-01	-5.340000e-01	1.065200e+01
1.890315e+03	-2.980000e-01	-3.120000e-01	1.233200e+01	1.403000e+00	3.780000e-01	4.800000e-02	-6.500000e-01	-7.410000e-01	1.046600e+01
1.301178e+05	-2.980000e-01	-7.200000e-02	1.515200e+01	2.278000e+00	7.700000e-01	4.170000e-01	-7.520000e-01	4.140000e-01	9.014000e+00
1.085296e+03	-2.920000e-01	-1.434000e+00	1.091600e+01	2.369000e+00	6.300000e-01	1.610000e-01	-8.000000e-01	-6.810000e-01	8.318000e+00
8.346049e+02	-2.920000e-01	-1.332000e+00	1.092800e+01	3.678000e+00	3.388000e+00	1.060000e-01	-5.440000e-01	5.100000e-01	9.830000e+00
1.966926e+03	-2.920000e-01	-1.077000e+00	1.127600e+01	2.999000e+00	6.328000e+00	6.500000e-02	-7.050000e-01	-1.800000e-01	9.686000e+00
1.028084e+04	-2.920000e-01	-6.930000e-01	1.085600e+01	3.916000e+00	3.360000e+00	2.170000e-01	-7.740000e-01	-3.180000e-01	8.678000e+00
5.350286e+04	-2.920000e-01	-2.010000e-01	1.413200e+01	8.780000e-01	2.940000e-01	2.840000e-01	-6.450000e-01	-4.500000e-01	8.702000e+00
1.196041e+03	-2.860000e-01	-1.239000e+00	1.236800e+01	2.005000e+00	4.298000e+00	0.000000e+00	-8.490000e-01	6.570000e-01	9.536000e+00
4.824881e+02	-2.860000e-01	-9.720000e-01	1.319600e+01	1.074000e+00	3.766000e+00	1.200000e-01	-8.120000e-01	5.550000e-01	8.534000e+00
5.571932e+02	-2.860000e-01	-6.900000e-01	1.518800e+01	3.202000e+00	5.460000e+00	1.070000e-01	-9.970000e-01	3.030000e-01	8.192000e+00
4.871955e+03	-2.860000e-01	-6.570000e-01	1.224800e+01	1.984000e+00	2.408000e+00	4.950000e-01	-5.790000e-01	7.350000e-01	9.362000e+00
4.610270e+02	-2.860000e-01	-6.120000e-01	1.360400e+01	6.050000e-01	3.542000e+00	1.900000e-01	-8.460000e-01	-5.160000e-01	1.034000e+01
1.034588e+03	-2.800000e-01	-1.032000e+00	1.377200e+01	1.011000e+00	3.808000e+00	3.510000e-01	-8.810000e-01	-3.330000e-01	1.019000e+01
7.332879e+02	-2.800000e-01	-9.900000e-01	1.326800e+01	8.920000e-01	6.202000e+00	2.180000e-01	-7.630000e-01	-3.780000e-01	1.073000e+01
7.743961e+02	-2.800000e-01	-9.780000e-01	1.460000e+01	1.046000e+00	2.576000e+00	5.000000e-03	-7.380000e-01	7.230000e-01	9.542000e+00
4.599733e+02	-2.800000e-01	-9.240000e-01	1.174400e+01	1.270000e+00	5.362000e+00	3.270000e-01	-6.550000e-01	4.590000e-01	9.452000e+00
5.612956e+03	-2.800000e-01	-7.650000e-01	9.800000e+00	3.461000e+00	1.652000e+00	2.560000e-01	-8.050000e-01	-3.390000e-01	8.444000e+00
1.956307e+03	-2.740000e-01	-1.476000e+00	1.263200e+01	7.170000e-01	4.368000e+00	2.490000e-01	-6.720000e-01	-2.430000e-01	8.486000e+00
8.353960e+03	-2.740000e-01	-1.446000e+00	1.298000e+01	2.110000e+00	3.122000e+00	1.300000e-02	-9.100000e-01	2.190000e-01	8.342000e+00
5.064483e+02	-2.740000e-01	-1.221000e+00	1.332800e+01	3.174000e+00	2.618000e+00	2.830000e-01	-9.180000e-01	7.140000e-01	9.830000e+00
1.956996e+03	-2.740000e-01	-1.179000e+00	1.082000e+01	2.432000e+00	6.104000e+00	2.960000e-01	-5.870000e-01	2.970000e-01	9.812000e+00
9.389827e+03	-2.740000e-01	-4.890000e-01	1.284800e+01	3.804000e+00	5.852000e+00	1.100000e-01	-6.420000e-01	-2.190000e-01	9.998000e+00
1.794073e+02	-2.680000e-01	-9.570000e-01	1.378400e+01	1.340000e+00	5.292000e+00	4.900000e-01	-6.380000e-01	-3.330000e-01	1.071800e+01
3.664549e+03	-2.680000e-01	-8.580000e-01	1.076000e+01	2.166000e+00	5.698000e+00	7.600000e-02	-6.080000e-01	-1.200000e-02	8.408000e+00
1.912916e+04	-2.680000e-01	-6.630000e-01	9.620000e+00	1.851000e+00	3.850000e+00	3.840000e-01	-6.950000e-01	-6.420000e-01	8.066000e+00
3.469364e+02	-2.680000e-01	-6.390000e-01	1.239200e+01	5.560000e-01	3.290000e+00	4.000000e-02	-8.270000e-01	-4.140000e-01	9.962000e+00
6.134852e+04	-2.680000e-01	-2.250000e-01	1.421600e+01	1.830000e+00	2.380000e-01	4.450000e-01	-9.760000e-01	-5.700000e-01	8.372000e+00
2.740536e+03	-2.620000e-01	-1.476000e+00	1.206800e+01	3.237000e+00	4.788000e+00	1.580000e-01	-7.110000e-01	-4.620000e-01	9.668000e+00
3.093516e+02	-2.620000e-01	-1.071000e+00	1.344800e+01	7.100000e-01	9.800000e-02	3.930000e-01	-6.970000e-01	-6.000000e-01	9.506000e+00
4.598444e+02	-2.620000e-01	-1.059000e+00	1.419200e+01	2.138000e+00	1.960000e-01	3.770000e-01	-8.800000e-01	7.440000e-01	1.097000e+01
1.398043e+02	-2.620000e-01	-1.032000e+00	1.278800e+01	3.391000e+00	1.960000e+00	4.220000e-01	-7.370000e-01	-4.320000e-01	8.732000e+00
3.978673e+03	-2.620000e-01	-8.880000e-01	1.131200e+01	3.384000e+00	6.790000e+00	1.680000e-01	-6.330000e-01	-4.230000e-01	1.006400e+01
1.629076e+02	-2.560000e-01	-9.330000e-01	1.431200e+01	3.545000e+00	4.522000e+00	2.920000e-01	-9.300000e-01	-6.750000e-01	8.786000e+00
2.617550e+03	-2.560000e-01	-6.750000e-01	1.148000e+01	3.566000e+00	2.576000e+00	1.700000e-01	-9.080000e-01	4.440000e-01	1.032800e+01
5.243728e+03	-2.560000e-01	-4.080000e-01	1.434800e+01	2.754000e+00	1.036000e+00	2.680000e-01	-7.270000e-01	2.340000e-01	1.035800e+01
1.006598e+04	-2.560000e-01	-3.030000e-01	1.086800e+01	7.100000e-01	2.184000e+00	9.600000e-02	-5.330000e-01	1.290000e-01	9.896000e+00
4.288145e+04	-2.560000e-01	-2.280000e-01	1.450400e+01	9.200000e-01	2.044000e+00	2.270000e-01	-9.870000e-01	-7.110000e-01	8.186000e+00
8.289048e+02	-2.500000e-01	-1.356000e+00	1.254800e+01	3.293000e+00	5.278000e+00	6.700000e-02	-5.380000e-01	-5.700000e-01	9.596000e+00
1.385644e+03	-2.500000e-01	-1.137000e+00	1.191200e+01	3.895000e+00	5.796000e+00	4.170000e-01	-5.390000e-01	-1.590000e-01	1.083800e+01
3.354591e+04	-2.500000e-01	-2.820000e-01	1.354400e+01	1.487000e+00	3.556000e+00	2.950000e-01	-7.150000e-01	-1.620000e-01	8.324000e+00
2.188798e+04	-2.500000e-01	-2.280000e-01	1.402400e+01	2.614000e+00	4.480000e+00	2.420000e-01	-6.490000e-01	-5.220000e-01	9.986000e+00
1.342391e+05	-2.500000e-01	-2.400000e-02	1.414400e+01	3.426000e+00	1.036000e+00	1.780000e-01	-9.000000e-01	-4.800000e-02	8.978000e+00
1.341107e+02	-2.440000e-01	-1.119000e+00	1.223600e+01	2.180000e+00	5.446000e+00	4.190000e-01	-8.870000e-01	-5.520000e-01	8.480000e+00
9.926887e+02	-2.440000e-01	-4.980000e-01	1.161200e+01	2.467000e+00	2.212000e+00	9.700000e-02	-8.010000e-01	-6.930000e-01	1.055000e+01
5.834198e+04	-2.440000e-01	-2.550000e-01	1.137200e+01	3.160000e+00	3.262000e+00	4.520000e-01	-9.840000e-01	4.950000e-01	9.614000e+00
3.155711e+04	-2.440000e-01	-2.520000e-01	1.532000e+01	1.347000e+00	6.412000e+00	1.500000e-01	-7.430000e-01	-5.490000e-01	8.336000e+00
3.558378e+04	-2.440000e-01	-2.190000e-01	9.788000e+00	2.859000e+00	3.108000e+00	5.400000e-02	-6.420000e-01	-6.000000e-02	1.006400e+01
5.571227e+03	-2.380000e-01	-1.419000e+00	1.169600e+01	1.396000e+00	4.186000e+00	3.490000e-01	-9.060000e-01	3.000000e-01	1.034600e+01
6.710088e+02	-2.380000e-01	-8.400000e-01	1.511600e+01	3.048000e+00	1.904000e+00	2.100000e-02	-5.580000e-01	7.470000e-01	1.092800e+01
7.188595e+02	-2.380000e-01	-7.380000e-01	1.515200e+01	3.377000e+00	6.048000e+00	4.010000e-01	-5.940000e-01	-6.150000e-01	1.048400e+01
7.937353e+03	-2.380000e-01	-4.080000e-01	1.331600e+01	3.118000e+00	2.660000e+00	1.960000e-01	-9.330000e-01	2.970000e-01	1.004000e+01
4.113576e+04	-2.380000e-01	-3.930000e-01	1.143200e+01	3.909000e+00	5.348000e+00	2.670000e-01	-5.340000e-01	-3.000000e-03	9.440000e+00
5.786448e+02	-2.320000e-01	-1.236000e+00	1.398800e+01	2.831000e+00	1.764000e+00	3.060000e-01	-7.670000e-01	2.820000e-01	8.672000e+00
3.149288e+02	-2.320000e-01	-9.450000e-01	1.535600e+01	2.733000e+00	3.766000e+00	1.720000e-01	-7.400000e-01	4.500000e-02	9.176000e+00
3.367085e+02	-2.320000e-01	-9.300000e-01	1.535600e+01	3.440000e+00	6.636000e+00	4.370000e-01	-7.400000e-01	-6.210000e-01	9.740000e+00
5.460367e+02	-2.320000e-01	-8.490000e-01	1.329200e+01	1.060000e+00	2.954000e+00	1.000000e-02	-5.460000e-01	1.020000e-01	9.608000e+00
1.872982e+04	-2.320000e-01	-4.470000e-01	1.042400e+01	2.278000e+00	5.586000e+00	8.900000e-02	-5.940000e-01	-6.000000e-02	9.722000e+00
1.090777e+03	-2.260000e-01	-1.410000e+00	1.266800e+01	1.795000e+00	1.666000e+00	1.420000e-01	-6.440000e-01	5.880000e-01	9.092000e+00
7.170106e+02	-2.260000e-01	-1.347000e+00	1.306400e+01	2.971000e+00	2.254000e+00	2.820000e-01	-6.330000e-01	-4.260000e-01	8.054000e+00
7.950717e+02	-2.260000e-01	-1.014000e+00	1.058000e+01	3.307000e+00	4.312000e+00	3.650000e-01	-5.930000e-01	4.800000e-01	1.085600e+01
1.291490e+03	-2.260000e-01	-9.030000e-01	1.323200e+01	3.503000e+00	6.370000e+00	3.700000e-01	-8.980000e-01	4.680000e-01	8.642000e+00
1.770136e+04	-2.260000e-01	-3.450000e-01	1.316000e+01	6.330000e-01	1.582000e+00	2.000000e-01	-7.460000e-01	1.800000e-02	8.000000e+00
2.714003e+03	-2.200000e-01	-1.347000e+00	1.413200e+01	1.382000e+00	8.400000e-02	4.110000e-01	-6.960000e-01	-5.160000e-01	1.088000e+01
6.935336e+02	-2.200000e-01	-1.299000e+00	1.156400e+01	2.845000e+00	4.480000e+00	1.690000e-01	-9.190000e-01	6.210000e-01	9.992000e+00
4.011427e+02	-2.200000e-01	-8.070000e-01	1.512800e+01	1.074000e+00	1.302000e+00	6.100000e-02	-8.520000e-01	3.540000e-01	8.006000e+00
2.776869e+03	-2.200000e-01	-6.120000e-01	1.458800e+01	2.103000e+00	2.884000e+00	3.550000e-01	-6.900000e-01	7.200000e-02	9.782000e+00
6.590690e+03	-2.200000e-01	-4.470000e-01	1.108400e+01	9.480000e-01	5.264000e+00	4.210000e-01	-7.510000e-01	-3.870000e-01	1.028000e+01
6.066472e+02	-2.140000e-01	-7.980000e-01	1.256000e+01	5.980000e-01	5.180000e-01	3.870000e-01	-8.800000e-01	-1.560000e-01	9.782000e+00
4.528835e+02	-2.140000e-01	-7.320000e-01	1.408400e+01	2.187000e+00	1.890000e+00	1.800000e-02	-8.160000e-01	-5.850000e-01	9.692000e+00
1.372043e+03	-2.140000e-01	-7.230000e-01	9.848000e+00	1.319000e+00	2.240000e-01	1.300000e-02	-6.090000e-01	-4.110000e-01	8.630000e+00
8.762730e+04	-2.140000e-01	-2.400000e-01	1.054400e+01	2.537000e+00	4.746000e+00	4.360000e-01	-6.410000e-01	1.500000e-01	8.378000e+00
2.601525e+04	-2.140000e-01	-2.310000e-01	9.548000e+00	6.120000e-01	7.420000e-01	4.100000e-02	-8.490000e-01	-1.830000e-01	9.290000e+00
3.664584e+02	-2.080000e-01	-1.206000e+00	1.294400e+01	1.256000e+00	3.220000e+00	4.010000e-01	-7.320000e-01	-6.210000e-01	9.176000e+00
9.196919e+03	-2.080000e-01	-7.440000e-01	1.110800e+01	3.531000e+00	4.242000e+00	2.410000e-01	-6.030000e-01	5.970000e-01	8.024000e+00
8.286535e+03	-2.080000e-01	-5.910000e-01	1.286000e+01	3.286000e+00	1.512000e+00	4.620000e-01	-5.440000e-01	-3.540000e-01	8.384000e+00
4.426342e+03	-2.080000e-01	-5.160000e-01	1.263200e+01	2.285000e+00	3.010000e+00	1.650000e-01	-9.280000e-01	4.920000e-01	8.672000e+00
3.412820e+04	-2.080000e-01	-5.130000e-01	1.166000e+01	3.986000e+00	6.580000e+00	2.450000e-01	-9.720000e-01	3.930000e-01	8.198000e+00
2.192484e+03	-2.020000e-01	-1.260000e+00	1.172000e+01	6.680000e-01	3.024000e+00	1.200000e-02	-6.740000e-01	2.160000e-01	1.010000e+01
4.845534e+02	-2.020000e-01	-8.430000e-01	1.392800e+01	5.700000e-01	2.394000e+00	4.800000e-02	-5.750000e-01	2.850000e-01	8.708000e+00
4.198328e+02	-2.020000e-01	-8.430000e-01	1.534400e+01	3.874000e+00	2.394000e+00	4.160000e-01	-7.650000e-01	5.880000e-01	1.026200e+01
2.835240e+03	-2.020000e-01	-4.110000e-01	1.466000e+01	5.000000e-01	1.596000e+00	1.240000e-01	-5.100000e-01	6.900000e-02	1.014800e+01
2.026151e+04	-2.020000e-01	-2.610000e-01	1.079600e+01	1.760000e+00	1.316000e+00	2.100000e-02	-8.880000e-01	-6.300000e-01	9.230000e+00
8.659285e+03	-1.960000e-01	-7.680000e-01	1.078400e+01	3.034000e+00	6.258000e+00	1.160000e-01	-8.350000e-01	-4.650000e-01	9.764000e+00
6.183514e+03	-1.960000e-01	-3.720000e-01	1.150400e+01	3.083000e+00	5.978000e+00	4.830000e-01	-6.270000e-01	2.040000e-01	1.074200e+01
2.025719e+04	-1.960000e-01	-3.540000e-01	1.206800e+01	2.341000e+00	6.874000e+00	2.630000e-01	-9.990000e-01	3.510000e-01	9.728000e+00
5.175265e+04	-1.960000e-01	-2.100000e-01	1.442000e+01	2.579000e+00	1.344000e+00	2.760000e-01	-9.250000e-01	2.970000e-01	8.582000e+00
2.064890e+04	-1.960000e-01	-5.700000e-02	9.848000e+00	8.080000e-01	7.140000e-01	4.650000e-01	-9.660000e-01	-2.610000e-01	1.094600e+01
6.626080e+03	-1.900000e-01	-1.443000e+00	1.278800e+01	3.258000e+00	6.608000e+00	8.500000e-02	-8.610000e-01	-6.900000e-02	8.978000e+00
3.454795e+03	-1.900000e-01	-1.362000e+00	1.374800e+01	2.726000e+00	6.860000e+00	2.530000e-01	-8.790000e-01	3.810000e-01	9.938000e+00
4.226675e+02	-1.900000e-01	-1.236000e+00	1.346000e+01	1.410000e+00	4.172000e+00	4.040000e-01	-7.900000e-01	5.700000e-01	8.384000e+00
7.837120e+02	-1.900000e-01	-8.550000e-01	1.182800e+01	1.375000e+00	5.726000e+00	2.800000e-02	-8.650000e-01	6.030000e-01	8.318000e+00
2.468050e+02	-1.900000e-01	-8.430000e-01	1.437200e+01	3.818000e+00	3.304000e+00	5.200000e-02	-7.930000e-01	3.090000e-01	9.392000e+00
1.470233e+03	-1.840000e-01	-1.140000e+00	1.247600e+01	9.200000e-01	3.332000e+00	4.900000e-02	-7.750000e-01	2.670000e-01	9.962000e+00
7.208645e+02	-1.840000e-01	-1.026000e+00	1.250000e+01	1.151000e+00	6.258000e+00	2.090000e-01	-5.080000e-01	9.900000e-02	8.180000e+00
3.733259e+03	-1.840000e-01	-6.570000e-01	1.042400e+01	2.278000e+00	2.086000e+00	3.160000e-01	-9.300000e-01	-4.980000e-01	1.073600e+01
6.745904e+03	-1.840000e-01	-3.780000e-01	1.269200e+01	1.886000e+00	1.022000e+00	1.920000e-01	-7.410000e-01	-5.550000e-01	9.920000e+00
8.676456e+04	-1.840000e-01	-1.770000e-01	1.522400e+01	2.824000e+00	6.160000e+00	4.980000e-01	-9.090000e-01	2.640000e-01	8.798000e+00
2.375006e+03	-1.780000e-01	-5.430000e-01	1.502000e+01	3.482000e+00	5.852000e+00	1.300000e-01	-6.590000e-01	-6.600000e-01	9.584000e+00
1.728903e+04	-1.780000e-01	-4.650000e-01	1.545200e+01	3.811000e+00	3.808000e+00	4.520000e-01	-6.170000e-01	-3.930000e-01	8.402000e+00
1.033122e+04	-1.780000e-01	-4.350000e-01	1.516400e+01	5.840000e-01	3.234000e+00	2.700000e-01	-6.840000e-01	1.530000e-01	8.822000e+00
3.116450e+04	-1.780000e-01	-1.470000e-01	1.275200e+01	2.173000e+00	6.076000e+00	4.160000e-01	-8.360000e-01	6.690000e-01	1.025000e+01
6.398312e+04	-1.780000e-01	-1.410000e-01	1.402400e+01	2.383000e+00	1.120000e+00	3.400000e-02	-8.290000e-01	6.000000e-03	8.396000e+00
1.181074e+03	-1.720000e-01	-1.272000e+00	9.752000e+00	1.263000e+00	1.400000e-01	2.640000e-01	-7.750000e-01	7.500000e-02	8.174000e+00
1.586016e+03	-1.720000e-01	-5.280000e-01	1.448000e+01	3.041000e+00	5.992000e+00	2.400000e-01	-7.790000e-01	7.260000e-01	1.077200e+01
1.229915e+04	-1.720000e-01	-2.610000e-01	1.139600e+01	2.404000e+00	5.572000e+00	4.000000e-01	-6.730000e-01	-2.820000e-01	1.053200e+01
3.640028e+04	-1.720000e-01	-2.430000e-01	1.194800e+01	8.990000e-01	5.670000e+00	3.020000e-01	-5.340000e-01	-5.730000e-01	9.314000e+00
4.992104e+04	-1.720000e-01	-1.710000e-01	1.008800e+01	2.180000e+00	1.946000e+00	1.910000e-01	-9.150000e-01	-1.020000e-01	9.926000e+00
2.858328e+03	-1.660000e-01	-1.386000e+00	1.007600e+01	7.030000e-01	3.388000e+00	2.200000e-02	-8.420000e-01	2.100000e-01	8.750000e+00
2.619296e+02	-1.660000e-01	-1.320000e+00	1.355600e+01	3.517000e+00	6.384000e+00	4.200000e-01	-7.830000e-01	-7.320000e-01	8.360000e+00
6.974167e+02	-1.660000e-01	-9.360000e-01	1.410800e+01	1.445000e+00	9.380000e-01	6.000000e-03	-8.330000e-01	4.500000e-02	8.594000e+00
1.886831e+04	-1.660000e-01	-3.300000e-01	1.200800e+01	1.123000e+00	5.866000e+00	2.570000e-01	-5.380000e-01	2.100000e-01	9.344000e+00
1.845309e+05	-1.660000e-01	-3.000000e-02	1.090400e+01	1.312000e+00	5.082000e+00	4.670000e-01	-8.300000e-01	-2.850000e-01	8.264000e+00
3.192312e+02	-1.600000e-01	-9.330000e-01	1.331600e+01	2.537000e+00	5.180000e+00	4.560000e-01	-5.880000e-01	4.290000e-01	1.002800e+01
9.155865e+02	-1.600000e-01	-7.920000e-01	1.455200e+01	3.286000e+00	5.600000e-02	4.290000e-01	-8.670000e-01	-2.580000e-01	9.758000e+00
5.909769e+04	-1.600000e-01	-1.710000e-01	1.121600e+01	1.816000e+00	6.076000e+00	2.370000e-01	-6.360000e-01	-9.000000e-02	9.506000e+00
6.725100e+04	-1.600000e-01	-1.200000e-01	1.120400e+01	2.159000e+00	5.040000e+00	1.100000e-02	-9.240000e-01	-5.880000e-01	9.368000e+00
3.539868e+04	-1.600000e-01	-4.500000e-02	1.276400e+01	2.943000e+00	1.862000e+00	4.360000e-01	-7.630000e-01	2.070000e-01	1.068800e+01
9.270820e+02	-1.540000e-01	-1.452000e+00	1.340000e+01	2.747000e+00	4.424000e+00	2.370000e-01	-5.190000e-01	-3.690000e-01	8.390000e+00
8.447588e+02	-1.540000e-01	-8.760000e-01	1.320800e+01	2.530000e+00	3.822000e+00	4.640000e-01	-5.530000e-01	-4.560000e-01	8.414000e+00
4.552804e+03	-1.540000e-01	-7.110000e-01	1.022000e+01	2.159000e+00	2.002000e+00	2.440000e-01	-6.800000e-01	-1.830000e-01	9.386000e+00
3.376609e+02	-1.540000e-01	-7.050000e-01	1.355600e+01	2.278000e+00	3.360000e-01	2.090000e-01	-6.000000e-01	1.380000e-01	1.001000e+01
7.415514e+03	-1.540000e-01	-3.480000e-01	1.486400e+01	3.902000e+00	3.962000e+00	2.740000e-01	-9.190000e-01	7.500000e-02	1.079600e+01
1.241567e+03	-1.480000e-01	-1.470000e+00	1.400000e+01	2.299000e+00	6.804000e+00	2.060000e-01	-7.990000e-01	6.330000e-01	8.384000e+00
4.001042e+03	-1.480000e-01	-1.104000e+00	9.524000e+00	3.727000e+00	2.184000e+00	1.590000e-01	-8.660000e-01	2.790000e-01	9.392000e+00
4.305265e+03	-1.480000e-01	-1.062000e+00	9.644000e+00	7.940000e-01	2.058000e+00	8.200000e-02	-6.290000e-01	-1.980000e-01	8.270000e+00
6.251121e+03	-1.480000e-01	-4.230000e-01	1.486400e+01	5.630000e-01	1.064000e+00	2.520000e-01	-6.360000e-01	-7.020000e-01	9.884000e+00
7.449814e+04	-1.480000e-01	-7.200000e-02	1.479200e+01	3.986000e+00	1.302000e+00	1.300000e-02	-9.110000e-01	-4.200000e-02	9.284000e+00
6.244831e+03	-1.420000e-01	-1.464000e+00	1.338800e+01	3.160000e+00	1.848000e+00	2.740000e-01	-8.480000e-01	-3.150000e-01	9.758000e+00
3.945038e+02	-1.420000e-01	-9.120000e-01	1.210400e+01	2.670000e+00	4.508000e+00	1.590000e-01	-8.780000e-01	-2.430000e-01	8.990000e+00
4.597095e+02	-1.420000e-01	-9.060000e-01	1.528400e+01	1.333000e+00	4.886000e+00	4.500000e-01	-9.850000e-01	2.400000e-01	8.654000e+00
4.866078e+02	-1.420000e-01	-7.050000e-01	1.434800e+01	2.411000e+00	2.800000e-01	9.300000e-02	-9.810000e-01	-5.580000e-01	9.344000e+00
7.036368e+04	-1.420000e-01	-1.380000e-01	1.247600e+01	2.082000e+00	3.262000e+00	1.740000e-01	-9.760000e-01	-4.680000e-01	8.810000e+00
8.449401e+02	-1.360000e-01	-1.149000e+00	1.310000e+01	3.391000e+00	1.708000e+00	1.370000e-01	-9.730000e-01	4.920000e-01	8.912000e+00
1.635008e+03	-1.360000e-01	-1.029000e+00	1.216400e+01	3.860000e+00	3.836000e+00	4.670000e-01	-5.280000e-01	-7.290000e-01	8.336000e+00
3.949375e+02	-1.360000e-01	-9.630000e-01	1.071200e+01	1.830000e+00	0.000000e+00	3.990000e-01	-6.020000e-01	-4.170000e-01	9.530000e+00
4.174748e+02	-1.360000e-01	-6.330000e-01	1.454000e+01	3.741000e+00	1.456000e+00	1.430000e-01	-9.420000e-01	-5.400000e-02	1.026800e+01
1.033638e+05	-1.360000e-01	-5.700000e-02	9.872000e+00	5.910000e-01	6.706000e+00	4.700000e-02	-9.040000e-01	-6.510000e-01	8.834000e+00
1.280719e+03	-1.300000e-01	-1.500000e+00	1.440800e+01	1.060000e+00	5.978000e+00	2.700000e-02	-5.270000e-01	6.000000e-01	8.312000e+00
5.140609e+02	-1.300000e-01	-1.239000e+00	1.136000e+01	1.851000e+00	1.890000e+00	3.230000e-01	-7.730000e-01	4.560000e-01	1.054400e+01
7.438572e+03	-1.300000e-01	-9.630000e-01	1.013600e+01	2.516000e+00	6.314000e+00	4.580000e-01	-6.930000e-01	6.090000e-01	1.014200e+01
6.102018e+02	-1.300000e-01	-9.510000e-01	1.540400e+01	3.748000e+00	1.820000e+00	1.080000e-01	-6.650000e-01	-6.270000e-01	1.031000e+01
2.118664e+04	-1.300000e-01	-3.330000e-01	1.330400e+01	1.284000e+00	6.300000e-01	4.640000e-01	-8.940000e-01	5.670000e-01	1.007600e+01
2.217391e+04	-1.240000e-01	-4.620000e-01	9.824000e+00	2.593000e+00	5.348000e+00	3.690000e-01	-6.370000e-01	1.410000e-01	1.025000e+01
6.382914e+03	-1.240000e-01	-4.560000e-01	1.482800e+01	1.725000e+00	6.720000e+00	2.400000e-01	-8.070000e-01	3.210000e-01	9.632000e+00
3.083262e+04	-1.240000e-01	-2.370000e-01	1.444400e+01	3.076000e+00	2.506000e+00	1.400000e-02	-6.080000e-01	-3.840000e-01	8.252000e+00
1.628528e+05	-1.240000e-01	-5.100000e-02	1.217600e+01	8.430000e-01	3.220000e+00	4.540000e-01	-7.930000e-01	3.660000e-01	8.144000e+00
5.508447e+04	-1.240000e-01	-3.900000e-02	1.464800e+01	5.770000e-01	5.068000e+00	2.120000e-01	-5.750000e-01	-2.730000e-01	9.986000e+00
5.344885e+02	-1.180000e-01	-1.410000e+00	1.052000e+01	3.104000e+00	1.820000e-01	3.980000e-01	-5.720000e-01	1.470000e-01	1.009400e+01
1.156852e+03	-1.180000e-01	-1.311000e+00	1.371200e+01	2.712000e+00	3.934000e+00	4.100000e-02	-5.810000e-01	-5.880000e-01	8.300000e+00
5.637373e+02	-1.180000e-01	-9.600000e-01	1.173200e+01	1.732000e+00	5.670000e+00	2.850000e-01	-7.530000e-01	5.850000e-01	9.746000e+00
7.552340e+02	-1.180000e-01	-5.220000e-01	1.316000e+01	1.193000e+00	6.874000e+00	3.900000e-02	-7.740000e-01	-1.830000e-01	1.013000e+01
3.876250e+04	-1.180000e-01	-1.440000e-01	1.022000e+01	8.430000e-01	5.348000e+00	1.250000e-01	-7.070000e-01	-2.490000e-01	9.806000e+00
4.004559e+02	-1.120000e-01	-1.281000e+00	1.439600e+01	3.412000e+00	3.710000e+00	4.320000e-01	-6.150000e-01	6.960000e-01	1.020200e+01
3.216826e+03	-1.120000e-01	-8.160000e-01	9.596000e+00	2.397000e+00	6.118000e+00	8.600000e-02	-6.860000e-01	-1.800000e-02	1.071800e+01
6.557239e+02	-1.120000e-01	-7.020000e-01	1.138400e+01	1.102000e+00	6.090000e+00	8.100000e-02	-9.830000e-01	-6.690000e-01	9.938000e+00
1.001357e+04	-1.120000e-01	-4.620000e-01	1.083200e+01	8.360000e-01	5.376000e+00	2.480000e-01	-7.870000e-01	4.410000e-01	8.990000e+00
5.035115e+03	-1.120000e-01	-4.200000e-01	1.398800e+01	1.935000e+00	5.012000e+00	4.340000e-01	-9.770000e-01	5.670000e-01	1.086200e+01
5.427492e+03	-1.060000e-01	-1.395000e+00	9.920000e+00	2.740000e+00	6.118000e+00	2.970000e-01	-7.020000e-01	-1.140000e-01	9.878000e+00
4.446839e+03	-1.060000e-01	-1.389000e+00	1.365200e+01	3.062000e+00	3.556000e+00	9.700000e-02	-9.640000e-01	-2.100000e-01	8.174000e+00
2.019964e+03	-1.060000e-01	-1.278000e+00	9.764000e+00	3.895000e+00	2.226000e+00	1.820000e-01	-5.780000e-01	-4.680000e-01	1.019600e+01
5.277919e+02	-1.060000e-01	-1.047000e+00	1.337600e+01	3.482000e+00	2.114000e+00	8.300000e-02	-7.970000e-01	6.600000e-01	8.804000e+00
3.892280e+03	-1.060000e-01	-9.570000e-01	1.074800e+01	3.979000e+00	2.926000e+00	2.370000e-01	-5.700000e-01	6.690000e-01	8.966000e+00
1.591524e+03	-1.000000e-01	-1.170000e+00	1.206800e+01	2.698000e+00	6.328000e+00	3.600000e-02	-9.210000e-01	-2.400000e-01	9.302000e+00
1.101690e+04	-1.000000e-01	-6.360000e-01	1.206800e+01	3.979000e+00	4.410000e+00	3.330000e-01	-8.340000e-01	2.520000e-01	9.926000e+00
4.208448e+03	-1.000000e-01	-4.740000e-01	1.490000e+01	5.630000e-01	3.150000e+00	3.450000e-01	-7.140000e-01	2.700000e-02	1.034000e+01
2.080461e+04	-1.000000e-01	-3.750000e-01	1.388000e+01	1.907000e+00	4.340000e+00	3.440000e-01	-7.230000e-01	3.000000e-02	8.072000e+00
2.882397e+04	-1.000000e-01	-3.420000e-01	1.490000e+01	5.910000e-01	3.962000e+00	4.460000e-01	-8.180000e-01	-6.840000e-01	9.098000e+00
7.719499e+02	-9.400000e-02	-1.176000e+00	1.347200e+01	2.985000e+00	3.822000e+00	8.400000e-02	-8.820000e-01	-3.870000e-01	8.402000e+00
6.460030e+02	-9.400000e-02	-7.500000e-01	1.488800e+01	2.782000e+00	2.142000e+00	3.110000e-01	-8.410000e-01	-5.700000e-02	9.608000e+00
5.749210e+03	-9.400000e-02	-4.290000e-01	1.394000e+01	2.971000e+00	1.134000e+00	2.330000e-01	-5.050000e-01	-5.640000e-01	9.908000e+00
4.183946e+04	-9.400000e-02	-3.090000e-01	1.176800e+01	2.075000e+00	4.200000e-01	4.690000e-01	-9.480000e-01	6.840000e-01	8.060000e+00
1.715583e+04	-9.400000e-02	-2.550000e-01	1.337600e+01	1.557000e+00	1.218000e+00	2.320000e-01	-9.840000e-01	-3.480000e-01	1.002200e+01
2.451480e+03	-8.800000e-02	-1.305000e+00	1.070000e+01	2.327000e+00	5.880000e+00	1.240000e-01	-6.110000e-01	6.870000e-01	8.168000e+00
1.391577e+03	-8.800000e-02	-7.890000e-01	1.156400e+01	2.943000e+00	2.604000e+00	2.360000e-01	-6.540000e-01	-1.200000e-01	9.638000e+00
7.239174e+03	-8.800000e-02	-6.030000e-01	9.836000e+00	5.280000e-01	2.660000e-01	3.150000e-01	-9.150000e-01	-6.390000e-01	8.564000e+00
6.057552e+02	-8.800000e-02	-5.100000e-01	1.422800e+01	3.237000e+00	6.608000e+00	1.180000e-01	-5.160000e-01	-7.020000e-01	1.068200e+01
8.595814e+04	-8.800000e-02	-1.650000e-01	1.306400e+01	1.690000e+00	4.186000e+00	4.250000e-01	-8.830000e-01	2.100000e-01	8.216000e+00
4.261181e+02	-8.200000e-02	-1.311000e+00	1.446800e+01	3.692000e+00	5.110000e+00	3.670000e-01	-7.960000e-01	6.390000e-01	8.246000e+00
2.514662e+03	-8.200000e-02	-1.281000e+00	1.167200e+01	2.649000e+00	4.018000e+00	3.350000e-01	-7.930000e-01	-6.900000e-02	9.644000e+00
9.846451e+02	-8.200000e-02	-1.191000e+00	1.335200e+01	1.018000e+00	1.246000e+00	6.900000e-02	-7.120000e-01	-3.750000e-01	9.656000e+00
8.204244e+02	-8.200000e-02	-1.143000e+00	1.484000e+01	2.509000e+00	2.632000e+00	1.260000e-01	-6.790000e-01	-3.630000e-01	8.732000e+00
2.103503e+02	-8.200000e-02	-8.580000e-01	1.492400e+01	1.473000e+00	4.550000e+00	1.870000e-01	-7.200000e-01	5.190000e-01	9.908000e+00
3.480861e+03	-7.600000e-02	-1.434000e+00	1.401200e+01	3.125000e+00	4.004000e+00	1.520000e-01	-8.040000e-01	-1.980000e-01	8.594000e+00
8.714294e+03	-7.600000e-02	-4.170000e-01	1.084400e+01	2.152000e+00	5.488000e+00	2.780000e-01	-6.010000e-01	-1.500000e-02	1.037600e+01
5.263072e+04	-7.600000e-02	-4.020000e-01	1.050800e+01	3.034000e+00	3.794000e+00	3.950000e-01	-6.260000e-01	-5.640000e-01	8.168000e+00
6.303276e+04	-7.600000e-02	-9.300000e-02	1.256000e+01	6.260000e-01	1.288000e+00	2.250000e-01	-5.610000e-01	1.200000e-02	9.662000e+00
7.969747e+03	-7.600000e-02	-7.500000e-02	1.418000e+01	9.830000e-01	6.734000e+00	4.060000e-01	-5.340000e-01	-3.480000e-01	1.083200e+01
9.884611e+02	-7.000000e-02	-1.266000e+00	1.500800e+01	1.193000e+00	6.006000e+00	1.210000e-01	-7.010000e-01	4.380000e-01	8.036000e+00
2.155562e+02	-7.000000e-02	-1.011000e+00	1.197200e+01	2.719000e+00	2.898000e+00	2.130000e-01	-6.790000e-01	3.810000e-01	8.360000e+00
3.639479e+02	-7.000000e-02	-9.930000e-01	1.416800e+01	2.026000e+00	5.306000e+00	2.100000e-01	-6.850000e-01	4.200000e-01	1.024400e+01
1.527123e+02	-7.000000e-02	-8.580000e-01	1.450400e+01	2.691000e+00	3.668000e+00	2.120000e-01	-6.510000e-01	1.320000e-01	9.446000e+00
1.063993e+05	-7.000000e-02	-1.260000e-01	1.256000e+01	2.376000e+00	6.398000e+00	4.620000e-01	-5.490000e-01	4.320000e-01	9.218000e+00
1.801750e+02	-6.400000e-02	-9.240000e-01	1.455200e+01	3.874000e+00	4.200000e-02	3.930000e-01	-5.470000e-01	3.150000e-01	1.011200e+01
9.801393e+02	-6.400000e-02	-7.290000e-01	1.144400e+01	1.270000e+00	3.290000e+00	4.420000e-01	-8.980000e-01	1.710000e-01	1.070000e+01
4.215464e+02	-6.400000e-02	-7.230000e-01	1.536800e+01	2.474000e+00	2.604000e+00	7.800000e-02	-5.230000e-01	5.640000e-01	8.948000e+00
7.681231e+03	-6.400000e-02	-5.310000e-01	1.524800e+01	3.202000e+00	1.540000e-01	3.780000e-01	-6.740000e-01	2.400000e-01	8.552000e+00
1.052445e+04	-6.400000e-02	-3.180000e-01	1.403600e+01	3.671000e+00	4.620000e+00	2.600000e-02	-9.600000e-01	2.610000e-01	1.019600e+01
2.062619e+03	-5.800000e-02	-7.830000e-01	1.349600e+01	7.940000e-01	6.384000e+00	4.870000e-01	-7.290000e-01	-4.500000e-01	8.492000e+00
2.623767e+03	-5.800000e-02	-7.080000e-01	1.304000e+01	2.411000e+00	6.006000e+00	4.270000e-01	-9.680000e-01	-5.070000e-01	9.872000e+00
5.599580e+02	-5.800000e-02	-6.930000e-01	1.463600e+01	2.579000e+00	5.040000e-01	1.170000e-01	-7.320000e-01	6.240000e-01	8.420000e+00
8.180661e+03	-5.800000e-02	-5.010000e-01	1.484000e+01	6.960000e-01	3.640000e+00	3.320000e-01	-9.180000e-01	-7.200000e-01	8.270000e+00
1.327479e+05	-5.800000e-02	-4.500000e-02	1.323200e+01	1.235000e+00	3.752000e+00	1.460000e-01	-7.960000e-01	9.300000e-02	8.462000e+00
1.059544e+03	-5.200000e-02	-1.446000e+00	1.366400e+01	1.186000e+00	4.172000e+00	2.230000e-01	-5.480000e-01	-4.800000e-01	8.378000e+00
1.021238e+03	-5.200000e-02	-1.209000e+00	1.362800e+01	1.844000e+00	1.050000e+00	2.200000e-01	-5.580000e-01	-7.440000e-01	1.080800e+01
1.885481e+03	-5.200000e-02	-1.188000e+00	1.121600e+01	2.068000e+00	2.380000e-01	2.770000e-01	-9.780000e-01	-3.180000e-01	9.110000e+00
1.822416e+03	-5.200000e-02	-1.131000e+00	1.380800e+01	3.993000e+00	8.680000e-01	2.030000e-01	-8.460000e-01	-1.110000e-01	1.016000e+01
5.155908e+04	-5.200000e-02	-5.400000e-02	1.164800e+01	3.517000e+00	4.746000e+00	3.590000e-01	-5.950000e-01	6.210000e-01	1.029800e+01
1.295023e+03	-4.600000e-02	-1.494000e+00	1.004000e+01	2.817000e+00	6.370000e+00	4.560000e-01	-8.880000e-01	3.360000e-01	1.088000e+01
7.632912e+03	-4.600000e-02	-1.392000e+00	9.944000e+00	2.418000e+00	4.116000e+00	4.900000e-01	-9.500000e-01	-2.310000e-01	9.854000e+00
5.172543e+02	-4.600000e-02	-8.730000e-01	1.460000e+01	1.578000e+00	2.114000e+00	4.800000e-01	-5.190000e-01	4.980000e-01	1.010000e+01
6.288012e+03	-4.600000e-02	-5.370000e-01	1.283600e+01	3.216000e+00	3.948000e+00	1.570000e-01	-5.520000e-01	-1.500000e-01	8.090000e+00
2.631282e+04	-4.600000e-02	-9.000000e-03	1.256000e+01	1.508000e+00	4.774000e+00	1.680000e-01	-7.170000e-01	5.310000e-01	1.068200e+01
1.312961e+03	-4.000000e-02	-1.080000e+00	1.328000e+01	8.500000e-01	2.506000e+00	0.000000e+00	-7.530000e-01	-3.270000e-01	1.092800e+01
1.992685e+03	-4.000000e-02	-7.470000e-01	1.010000e+01	8.220000e-01	5.432000e+00	2.300000e-02	-9.260000e-01	3.030000e-01	1.026200e+01
4.897870e+04	-4.000000e-02	-5.190000e-01	1.007600e+01	3.657000e+00	4.844000e+00	1.740000e-01	-9.440000e-01	-7.170000e-01	8.720000e+00
9.281206e+03	-4.000000e-02	-3.990000e-01	1.166000e+01	3.153000e+00	2.282000e+00	2.330000e-01	-9.920000e-01	-9.000000e-02	1.077800e+01
5.908173e+04	-4.000000e-02	-1.470000e-01	1.368800e+01	2.607000e+00	4.928000e+00	2.500000e-01	-6.200000e-01	6.930000e-01	9.566000e+00
6.633184e+03	-3.400000e-02	-1.293000e+00	9.572000e+00	2.138000e+00	3.808000e+00	9.800000e-02	-5.260000e-01	1.680000e-01	8.786000e+00
4.877554e+02	-3.400000e-02	-1.173000e+00	1.185200e+01	3.083000e+00	3.934000e+00	1.830000e-01	-7.320000e-01	9.300000e-02	8.066000e+00
4.182447e+02	-3.400000e-02	-9.930000e-01	1.210400e+01	1.249000e+00	5.418000e+00	3.480000e-01	-5.990000e-01	-3.210000e-01	8.018000e+00
4.244555e+02	-3.400000e-02	-6.990000e-01	1.432400e+01	7.800000e-01	6.146000e+00	3.320000e-01	-8.870000e-01	-5.220000e-01	1.051400e+01
4.850046e+04	-3.400000e-02	-1.320000e-01	1.492400e+01	1.263000e+00	6.146000e+00	2.110000e-01	-9.530000e-01	7.350000e-01	9.926000e+00
1.310807e+03	-2.800000e-02	-1.398000e+00	1.011200e+01	9.480000e-01	4.620000e+00	3.690000e-01	-8.460000e-01	-7.140000e-01	1.049000e+01
3.697220e+03	-2.800000e-02	-1.383000e+00	9.908000e+00	1.809000e+00	4.298000e+00	9.900000e-02	-5.330000e-01	-2.280000e-01	9.242000e+00
3.496526e+02	-2.800000e-02	-9.960000e-01	1.474400e+01	1.011000e+00	1.162000e+00	2.250000e-01	-8.510000e-01	4.320000e-01	9.752000e+00
6.779732e+03	-2.800000e-02	-4.260000e-01	1.170800e+01	2.257000e+00	5.306000e+00	3.280000e-01	-9.890000e-01	6.900000e-02	1.088000e+01
1.887625e+05	-2.800000e-02	-2.100000e-02	1.220000e+01	3.482000e+00	3.864000e+00	4.530000e-01	-5.630000e-01	4.500000e-01	9.104000e+00
5.903769e+02	-2.200000e-02	-1.212000e+00	1.496000e+01	1.858000e+00	6.510000e+00	3.130000e-01	-5.390000e-01	-5.340000e-01	1.001600e+01
3.084347e+04	-2.200000e-02	-5.820000e-01	1.037600e+01	3.496000e+00	5.474000e+00	3.100000e-02	-6.120000e-01	-5.700000e-02	9.152000e+00
6.796798e+03	-2.200000e-02	-5.730000e-01	1.413200e+01	1.851000e+00	6.342000e+00	4.240000e-01	-9.470000e-01	-6.000000e-03	8.174000e+00
2.640473e+03	-2.200000e-02	-4.260000e-01	1.025600e+01	2.131000e+00	4.900000e-01	6.200000e-02	-9.510000e-01	-3.480000e-01	1.047200e+01
5.343891e+03	-2.200000e-02	-2.640000e-01	1.534400e+01	2.761000e+00	1.876000e+00	6.300000e-02	-9.900000e-01	-1.260000e-01	1.044200e+01
8.180234e+03	-1.600000e-02	-1.428000e+00	9.668000e+00	2.628000e+00	5.432000e+00	3.100000e-02	-6.390000e-01	6.600000e-02	8.366000e+00
7.821433e+02	-1.600000e-02	-1.281000e+00	1.493600e+01	1.123000e+00	1.988000e+00	2.930000e-01	-5.820000e-01	-5.730000e-01	8.420000e+00
3.586411e+03	-1.600000e-02	-6.510000e-01	1.067600e+01	1.312000e+00	2.226000e+00	4.760000e-01	-9.870000e-01	2.940000e-01	1.073000e+01
4.371123e+03	-1.600000e-02	-6.450000e-01	1.042400e+01	5.700000e-01	3.570000e+00	3.350000e-01	-6.130000e-01	-6.990000e-01	9.536000e+00
4.632538e+04	-1.600000e-02	-2.010000e-01	1.224800e+01	3.664000e+00	4.116000e+00	3.000000e-02	-8.550000e-01	-1.770000e-01	9.734000e+00
9.550011e+03	-1.000000e-02	-1.488000e+00	1.448000e+01	2.670000e+00	6.272000e+00	4.200000e-02	-9.710000e-01	5.280000e-01	9.434000e+00
3.306741e+03	-1.000000e-02	-1.380000e+00	1.102400e+01	1.543000e+00	2.968000e+00	1.530000e-01	-8.120000e-01	-2.310000e-01	9.224000e+00
1.810515e+02	-1.000000e-02	-8.190000e-01	1.240400e+01	1.480000e+00	2.296000e+00	3.220000e-01	-8.380000e-01	-4.260000e-01	1.061600e+01
8.261698e+03	-1.000000e-02	-7.260000e-01	1.149200e+01	2.614000e+00	5.768000e+00	3.740000e-01	-5.330000e-01	-4.080000e-01	8.696000e+00
4.855130e+03	-1.000000e-02	-4.620000e-01	1.485200e+01	3.496000e+00	2.100000e-01	1.900000e-02	-7.700000e-01	-4.350000e-01	8.342000e+00
5.514075e+02	-4.000000e-03	-1.107000e+00	1.289600e+01	1.263000e+00	6.048000e+00	4.830000e-01	-5.480000e-01	6.780000e-01	9.500000e+00
1.219368e+03	-4.000000e-03	-1.053000e+00	1.457600e+01	2.551000e+00	2.758000e+00	1.440000e-01	-9.380000e-01	-5.040000e-01	1.076600e+01
8.732481e+03	-4.000000e-03	-3.150000e-01	1.046000e+01	9.900000e-01	6.440000e+00	3.870000e-01	-6.210000e-01	3.660000e-01	1.050800e+01
4.131309e+04	-4.000000e-03	-2.700000e-01	1.397600e+01	2.096000e+00	6.650000e+00	3.610000e-01	-7.410000e-01	-6.660000e-01	8.750000e+00
1.230426e+05	-4.000000e-03	-6.900000e-02	1.245200e+01	3.279000e+00	3.612000e+00	2.190000e-01	-5.050000e-01	2.070000e-01	9.110000e+00
9.463026e+02	2.000000e-03	-1.110000e+00	1.218800e+01	2.285000e+00	3.402000e+00	3.200000e-02	-9.880000e-01	-1.380000e-01	8.738000e+00
8.808171e+03	2.000000e-03	-5.610000e-01	1.247600e+01	2.978000e+00	1.456000e+00	4.070000e-01	-7.560000e-01	-7.320000e-01	8.648000e+00
3.417821e+02	2.000000e-03	-4.890000e-01	1.515200e+01	1.585000e+00	2.128000e+00	5.000000e-02	-5.840000e-01	-3.930000e-01	1.070600e+01
2.823216e+04	2.000000e-03	-2.520000e-01	1.514000e+01	2.670000e+00	2.590000e+00	1.850000e-01	-8.770000e-01	-6.090000e-01	9.200000e+00
6.226116e+04	2.000000e-03	-2.250000e-01	1.170800e+01	2.019000e+00	2.548000e+00	3.650000e-01	-5.860000e-01	4.770000e-01	8.210000e+00
3.323589e+02	8.000000e-03	-1.245000e+00	1.290800e+01	2.173000e+00	3.360000e+00	4.140000e-01	-6.140000e-01	3.300000e-01	8.510000e+00
1.092008e+02	8.000000e-03	-1.119000e+00	1.346000e+01	2.551000e+00	5.530000e+00	4.290000e-01	-7.890000e-01	-1.260000e-01	8.408000e+00
1.761127e+04	8.000000e-03	-3.210000e-01	1.023200e+01	3.706000e+00	6.832000e+00	2.970000e-01	-5.700000e-01	-3.360000e-01	1.062800e+01
6.938736e+04	8.000000e-03	-2.400000e-01	1.196000e+01	3.405000e+00	4.970000e+00	2.940000e-01	-9.650000e-01	3.600000e-02	9.404000e+00
2.938253e+04	8.000000e-03	-1.740000e-01	1.266800e+01	1.487000e+00	2.884000e+00	6.100000e-02	-5.720000e-01	-1.350000e-01	9.554000e+00
1.070654e+03	1.400000e-02	-1.494000e+00	1.425200e+01	2.754000e+00	4.452000e+00	4.450000e-01	-6.590000e-01	2.430000e-01	9.170000e+00
1.964718e+02	1.400000e-02	-1.065000e+00	1.406000e+01	1.613000e+00	3.080000e-01	4.460000e-01	-6.050000e-01	4.560000e-01	8.174000e+00
2.137469e+04	1.400000e-02	-8.910000e-01	1.036400e+01	3.825000e+00	6.790000e+00	6.000000e-03	-8.060000e-01	-5.370000e-01	8.414000e+00
2.180862e+03	1.400000e-02	-6.810000e-01	1.146800e+01	5.490000e-01	2.310000e+00	3.470000e-01	-5.770000e-01	1.950000e-01	8.168000e+00
2.207916e+03	1.400000e-02	-6.090000e-01	1.415600e+01	9.830000e-01	5.488000e+00	4.030000e-01	-9.160000e-01	3.090000e-01	1.035200e+01
5.439031e+03	2.000000e-02	-1.470000e+00	1.269200e+01	3.804000e+00	6.426000e+00	1.500000e-01	-6.790000e-01	-1.170000e-01	1.088600e+01
3.409192e+03	2.000000e-02	-1.359000e+00	1.378400e+01	5.910000e-01	2.394000e+00	1.480000e-01	-7.060000e-01	3.330000e-01	1.045400e+01
5.954157e+02	2.000000e-02	-1.215000e+00	1.323200e+01	3.678000e+00	2.254000e+00	2.110000e-01	-9.350000e-01	4.620000e-01	8.294000e+00
1.215297e+03	2.000000e-02	-1.017000e+00	1.031600e+01	8.780000e-01	5.110000e+00	4.970000e-01	-5.310000e-01	1.050000e-01	1.031600e+01
6.209921e+03	2.000000e-02	-4.830000e-01	1.047200e+01	6.750000e-01	3.374000e+00	2.700000e-02	-5.830000e-01	5.370000e-01	8.984000e+00
1.523114e+03	2.600000e-02	-1.248000e+00	1.070000e+01	7.380000e-01	1.610000e+00	1.010000e-01	-6.200000e-01	6.600000e-01	9.368000e+00
2.098969e+03	2.600000e-02	-5.580000e-01	1.202000e+01	6.890000e-01	5.558000e+00	3.830000e-01	-7.280000e-01	6.900000e-01	1.044800e+01
1.599572e+04	2.600000e-02	-3.180000e-01	1.412000e+01	1.081000e+00	2.086000e+00	4.300000e-01	-9.500000e-01	2.580000e-01	1.037000e+01
1.563059e+05	2.600000e-02	-1.380000e-01	1.060400e+01	3.461000e+00	6.776000e+00	2.810000e-01	-5.380000e-01	-5.790000e-01	8.660000e+00
1.056997e+05	2.600000e-02	-1.050000e-01	1.104800e+01	1.620000e+00	1.792000e+00	4.440000e-01	-5.860000e-01	5.760000e-01	9.362000e+00
4.093378e+03	3.200000e-02	-1.467000e+00	1.157600e+01	2.082000e+00	4.564000e+00	3.800000e-01	-8.130000e-01	1.590000e-01	8.390000e+00
2.384335e+02	3.200000e-02	-8.700000e-01	1.449200e+01	2.306000e+00	2.128000e+00	1.810000e-01	-9.810000e-01	-5.970000e-01	9.806000e+00
1.459134e+04	3.200000e-02	-4.350000e-01	9.788000e+00	1.452000e+00	1.148000e+00	7.500000e-02	-6.020000e-01	1.260000e-01	9.566000e+00
4.915399e+04	3.200000e-02	-2.460000e-01	1.136000e+01	8.640000e-01	0.000000e+00	3.030000e-01	-7.410000e-01	-3.000000e-03	8.156000e+00
3.898274e+04	3.200000e-02	-1.950000e-01	1.241600e+01	2.145000e+00	3.374000e+00	2.000000e-02	-8.330000e-01	3.930000e-01	9.062000e+00
1.244890e+03	3.800000e-02	-1.473000e+00	1.274000e+01	1.683000e+00	8.680000e-01	6.600000e-02	-8.750000e-01	-6.780000e-01	8.846000e+00
2.622821e+03	3.800000e-02	-9.000000e-01	9.896000e+00	3.251000e+00	3.668000e+00	1.320000e-01	-6.760000e-01	3.690000e-01	1.056200e+01
3.276385e+02	3.800000e-02	-7.140000e-01	1.510400e+01	1.648000e+00	3.122000e+00	3.820000e-01	-5.190000e-01	-1.500000e-01	1.077200e+01
6.083878e+03	3.800000e-02	-5.820000e-01	1.170800e+01	2.425000e+00	4.788000e+00	2.990000e-01	-6.360000e-01	1.440000e-01	1.007600e+01
2.946889e+04	3.800000e-02	-5.580000e-01	9.548000e+00	2.061000e+00	3.010000e+00	1.260000e-01	-9.640000e-01	-6.990000e-01	8.612000e+00
1.109818e+03	4.400000e-02	-9.180000e-01	1.389200e+01	3.657000e+00	5.404000e+00	3.800000e-02	-9.970000e-01	-2.970000e-01	1.074200e+01
4.022584e+02	4.400000e-02	-8.640000e-01	1.180400e+01	1.991000e+00	3.850000e+00	7.500000e-02	-7.720000e-01	3.750000e-01	9.482000e+00
2.482933e+04	4.400000e-02	-3.030000e-01	1.368800e+01	7.380000e-01	3.290000e+00	2.130000e-01	-7.170000e-01	5.640000e-01	8.042000e+00
4.097902e+04	4.400000e-02	-1.830000e-01	1.067600e+01	1.298000e+00	1.918000e+00	2.610000e-01	-8.900000e-01	4.620000e-01	1.003400e+01
1.012902e+05	4.400000e-02	-1.560000e-01	1.071200e+01	1.739000e+00	4.648000e+00	3.660000e-01	-8.050000e-01	2.640000e-01	8.882000e+00
1.135169e+04	5.000000e-02	-1.476000e+00	9.668000e+00	3.888000e+00	6.188000e+00	4.510000e-01	-5.680000e-01	1.920000e-01	9.734000e+00
6.576027e+02	5.000000e-02	-1.230000e+00	1.374800e+01	1.165000e+00	6.398000e+00	2.630000e-01	-9.630000e-01	-4.920000e-01	8.048000e+00
5.694037e+02	5.000000e-02	-9.000000e-01	1.346000e+01	1.319000e+00	3.976000e+00	4.920000e-01	-6.250000e-01	1.500000e-02	9.440000e+00
3.967149e+02	5.000000e-02	-8.850000e-01	1.541600e+01	2.292000e+00	1.988000e+00	8.700000e-02	-9.140000e-01	6.300000e-02	9.386000e+00
2.917100e+03	5.000000e-02	-7.770000e-01	1.061600e+01	2.383000e+00	5.460000e-01	4.690000e-01	-7.820000e-01	-2.790000e-01	9.758000e+00
3.936590e+02	5.600000e-02	-1.155000e+00	1.472000e+01	2.551000e+00	3.878000e+00	3.940000e-01	-7.500000e-01	4.380000e-01	1.056200e+01
7.961958e+02	5.600000e-02	-1.092000e+00	1.497200e+01	1.487000e+00	5.026000e+00	9.900000e-02	-6.320000e-01	3.030000e-01	1.021400e+01
3.273552e+02	5.600000e-02	-8.970000e-01	1.547600e+01	3.440000e+00	6.818000e+00	1.020000e-01	-6.010000e-01	-4.650000e-01	9.992000e+00
2.443333e+04	5.600000e-02	-5.670000e-01	9.764000e+00	2.950000e+00	3.878000e+00	1.150000e-01	-9.830000e-01	-5.970000e-01	1.043600e+01
1.163722e+04	5.600000e-02	-4.380000e-01	1.460000e+01	1.977000e+00	2.940000e+00	3.260000e-01	-6.920000e-01	-2.580000e-01	9.086000e+00
1.484816e+03	6.200000e-02	-1.458000e+00	1.307600e+01	1.718000e+00	2.604000e+00	9.300000e-02	-9.050000e-01	-6.210000e-01	9.200000e+00
7.086873e+03	6.200000e-02	-1.452000e+00	1.209200e+01	2.845000e+00	6.720000e-01	4.110000e-01	-9.200000e-01	-1.740000e-01	8.018000e+00
9.046030e+02	6.200000e-02	-9.330000e-01	1.318400e+01	9.760000e-01	5.180000e-01	2.400000e-02	-9.870000e-01	-4.950000e-01	1.046000e+01
9.369725e+03	6.200000e-02	-5.670000e-01	1.404800e+01	2.964000e+00	3.528000e+00	4.710000e-01	-5.880000e-01	-3.960000e-01	8.870000e+00
4.641210e+04	6.200000e-02	-4.530000e-01	9.992000e+00	2.250000e+00	3.640000e+00	4.700000e-01	-9.920000e-01	-7.290000e-01	9.548000e+00
2.338313e+03	6.800000e-02	-1.272000e+00	1.173200e+01	2.530000e+00	1.974000e+00	1.430000e-01	-6.760000e-01	2.190000e-01	1.077800e+01
5.029757e+02	6.800000e-02	-1.074000e+00	1.226000e+01	5.000000e-01	4.718000e+00	4.430000e-01	-5.460000e-01	-1.200000e-02	9.800000e+00
7.243491e+02	6.800000e-02	-7.680000e-01	1.180400e+01	1.599000e+00	6.020000e+00	2.870000e-01	-7.370000e-01	1.140000e-01	1.016600e+01
7.288198e+03	6.800000e-02	-5.460000e-01	1.024400e+01	2.992000e+00	4.200000e-01	2.000000e-02	-6.370000e-01	1.860000e-01	9.206000e+00
1.933241e+04	6.800000e-02	-3.960000e-01	1.101200e+01	3.685000e+00	3.486000e+00	1.090000e-01	-7.120000e-01	-1.890000e-01	1.049600e+01
2.067970e+02	7.400000e-02	-7.800000e-01	1.295600e+01	2.390000e+00	4.998000e+00	1.250000e-01	-5.050000e-01	-1.350000e-01	9.908000e+00
1.723459e+04	7.400000e-02	-5.850000e-01	1.091600e+01	2.614000e+00	4.942000e+00	3.930000e-01	-5.320000e-01	-5.730000e-01	9.824000e+00
1.914322e+04	7.400000e-02	-5.250000e-01	1.072400e+01	3.972000e+00	2.352000e+00	1.600000e-02	-5.170000e-01	7.140000e-01	8.330000e+00
2.660900e+04	7.400000e-02	-3.120000e-01	1.214000e+01	1.046000e+00	3.668000e+00	2.670000e-01	-8.860000e-01	-5.700000e-02	8.054000e+00
2.646633e+04	7.400000e-02	-1.800000e-02	9.572000e+00	8.010000e-01	3.276000e+00	4.320000e-01	-7.850000e-01	1.650000e-01	1.055600e+01
7.946870e+02	8.000000e-02	-1.239000e+00	1.396400e+01	2.019000e+00	4.704000e+00	2.400000e-01	-8.950000e-01	-6.870000e-01	9.476000e+00
2.314105e+02	8.000000e-02	-1.089000e+00	1.186400e+01	1.956000e+00	1.680000e-01	4.840000e-01	-8.570000e-01	1.650000e-01	8.144000e+00
1.777607e+02	8.000000e-02	-8.310000e-01	1.377200e+01	2.768000e+00	2.996000e+00	3.640000e-01	-9.120000e-01	2.040000e-01	1.067000e+01
1.439391e+03	8.000000e-02	-6.570000e-01	1.282400e+01	2.033000e+00	4.340000e+00	2.080000e-01	-9.020000e-01	-6.480000e-01	8.426000e+00
3.026431e+04	8.000000e-02	-4.950000e-01	1.140800e+01	3.776000e+00	3.906000e+00	2.440000e-01	-8.540000e-01	4.800000e-01	8.192000e+00
7.165888e+02	8.600000e-02	-1.374000e+00	1.347200e+01	3.307000e+00	3.780000e-01	3.850000e-01	-6.690000e-01	2.370000e-01	9.548000e+00
1.362024e+03	8.600000e-02	-9.330000e-01	1.082000e+01	7.940000e-01	2.324000e+00	4.570000e-01	-6.600000e-01	-5.190000e-01	9.224000e+00
3.862120e+02	8.600000e-02	-9.180000e-01	1.329200e+01	1.172000e+00	5.236000e+00	4.930000e-01	-9.210000e-01	1.890000e-01	9.950000e+00
2.707538e+03	8.600000e-02	-7.080000e-01	1.496000e+01	3.608000e+00	1.162000e+00	4.410000e-01	-9.050000e-01	-2.400000e-02	9.116000e+00
5.584619e+04	8.600000e-02	-3.240000e-01	1.101200e+01	3.839000e+00	1.470000e+00	3.850000e-01	-7.010000e-01	1.290000e-01	8.906000e+00
1.164949e+03	9.200000e-02	-1.500000e+00	1.544000e+01	1.732000e+00	1.176000e+00	2.320000e-01	-7.470000e-01	6.420000e-01	9.122000e+00
1.456984e+03	9.200000e-02	-1.380000e+00	1.300400e+01	1.396000e+00	2.492000e+00	1.290000e-01	-6.850000e-01	-1.200000e-02	8.228000e+00
4.070530e+02	9.200000e-02	-1.200000e+00	1.383200e+01	2.691000e+00	5.740000e+00	3.110000e-01	-7.020000e-01	-6.360000e-01	9.344000e+00
9.192588e+02	9.200000e-02	-9.570000e-01	1.280000e+01	3.496000e+00	6.790000e+00	9.200000e-02	-9.870000e-01	-4.020000e-01	8.438000e+00
2.778475e+03	9.200000e-02	-9.270000e-01	1.155200e+01	2.782000e+00	4.130000e+00	4.530000e-01	-9.570000e-01	-5.610000e-01	8.666000e+00
5.612624e+02	9.800000e-02	-1.086000e+00	1.353200e+01	2.635000e+00	2.702000e+00	1.790000e-01	-7.000000e-01	-6.060000e-01	8.708000e+00
2.019091e+03	9.800000e-02	-6.990000e-01	1.095200e+01	2.614000e+00	6.440000e-01	1.090000e-01	-6.460000e-01	2.100000e-01	8.642000e+00
4.305163e+03	9.800000e-02	-6.480000e-01	1.496000e+01	3.328000e+00	6.496000e+00	4.940000e-01	-6.710000e-01	1.530000e-01	1.014800e+01
1.482436e+04	9.800000e-02	-5.010000e-01	1.344800e+01	3.797000e+00	4.648000e+00	2.940000e-01	-5.890000e-01	-3.630000e-01	8.468000e+00
3.211913e+04	9.800000e-02	-3.150000e-01	9.932000e+00	7.450000e-01	5.082000e+00	1.430000e-01	-7.310000e-01	-1.830000e-01	8.726000e+00
1.123679e+03	1.040000e-01	-1.350000e+00	1.462400e+01	2.320000e+00	6.720000e-01	8.900000e-02	-5.550000e-01	-1.920000e-01	8.600000e+00
2.664210e+03	1.040000e-01	-1.335000e+00	1.517600e+01	1.004000e+00	3.136000e+00	5.900000e-02	-8.310000e-01	-2.220000e-01	9.494000e+00
6.861029e+03	1.040000e-01	-4.530000e-01	1.540400e+01	3.468000e+00	5.880000e+00	1.160000e-01	-9.990000e-01	1.740000e-01	8.708000e+00
3.437765e+04	1.040000e-01	-3.300000e-01	9.908000e+00	2.229000e+00	1.680000e-01	1.000000e-01	-5.640000e-01	-7.200000e-01	8.834000e+00
2.403096e+04	1.040000e-01	-6.300000e-02	9.512000e+00	2.005000e+00	3.094000e+00	4.120000e-01	-8.070000e-01	7.200000e-01	1.059800e+01
5.682340e+03	1.100000e-01	-1.434000e+00	1.215200e+01	2.880000e+00	3.584000e+00	1.230000e-01	-9.420000e-01	-3.330000e-01	9.482000e+00
2.081107e+03	1.100000e-01	-1.179000e+00	1.208000e+01	3.734000e+00	6.622000e+00	2.300000e-01	-8.600000e-01	4.590000e-01	8.570000e+00
4.528461e+02	1.100000e-01	-1.128000e+00	1.521200e+01	1.214000e+00	1.120000e+00	3.000000e-01	-7.200000e-01	4.200000e-02	9.662000e+00
7.970498e+03	1.100000e-01	-3.390000e-01	1.210400e+01	9.550000e-01	1.288000e+00	4.280000e-01	-9.770000e-01	6.240000e-01	1.088000e+01
8.459577e+04	1.100000e-01	-2.400000e-02	1.295600e+01	1.578000e+00	5.586000e+00	5.200000e-02	-5.650000e-01	3.180000e-01	9.494000e+00
1.024248e+04	1.160000e-01	-8.760000e-01	9.812000e+00	3.503000e+00	1.834000e+00	4.410000e-01	-8.970000e-01	2.100000e-02	1.031600e+01
2.215037e+03	1.160000e-01	-8.520000e-01	1.196000e+01	3.237000e+00	4.116000e+00	2.330000e-01	-6.620000e-01	6.840000e-01	8.378000e+00
2.471919e+03	1.160000e-01	-8.460000e-01	1.250000e+01	3.468000e+00	6.384000e+00	1.270000e-01	-9.150000e-01	5.160000e-01	8.582000e+00
4.314357e+03	1.160000e-01	-5.730000e-01	1.384400e+01	2.978000e+00	2.100000e+00	2.930000e-01	-7.540000e-01	-6.450000e-01	9.074000e+00
6.156771e+03	1.160000e-01	-3.630000e-01	1.343600e+01	1.704000e+00	1.862000e+00	2.000000e-02	-5.640000e-01	-1.290000e-01	9.506000e+00
6.414961e+02	1.220000e-01	-1.275000e+00	1.286000e+01	3.349000e+00	6.384000e+00	4.660000e-01	-5.830000e-01	5.790000e-01	8.756000e+00
3.612699e+02	1.220000e-01	-1.080000e+00	1.461200e+01	2.404000e+00	1.106000e+00	2.830000e-01	-9.970000e-01	-4.920000e-01	8.456000e+00
2.725470e+03	1.220000e-01	-8.610000e-01	1.054400e+01	6.610000e-01	4.662000e+00	6.600000e-02	-9.540000e-01	-4.200000e-02	8.582000e+00
2.020769e+03	1.220000e-01	-5.820000e-01	1.220000e+01	1.592000e+00	2.212000e+00	1.380000e-01	-6.530000e-01	6.210000e-01	8.720000e+00
3.185209e+04	1.220000e-01	-2.430000e-01	1.079600e+01	5.840000e-01	7.560000e-01	6.600000e-02	-8.490000e-01	-4.530000e-01	8.816000e+00
7.133606e+03	1.280000e-01	-1.485000e+00	1.233200e+01	3.398000e+00	5.572000e+00	1.790000e-01	-8.220000e-01	1.560000e-01	1.071200e+01
8.485123e+02	1.280000e-01	-1.119000e+00	1.538000e+01	3.125000e+00	3.472000e+00	1.070000e-01	-5.490000e-01	6.750000e-01	1.062200e+01
8.863417e+02	1.280000e-01	-1.068000e+00	1.164800e+01	2.096000e+00	5.488000e+00	1.700000e-01	-7.700000e-01	-6.960000e-01	1.099400e+01
1.601132e+03	1.280000e-01	-9.030000e-01	1.168400e+01	3.279000e+00	3.416000e+00	5.900000e-02	-9.450000e-01	1.200000e-01	1.047800e+01
3.065252e+02	1.280000e-01	-7.260000e-01	1.516400e+01	3.349000e+00	5.474000e+00	2.500000e-02	-6.380000e-01	4.110000e-01	9.470000e+00
1.107843e+04	1.340000e-01	-1.500000e+00	1.390400e+01	5.210000e-01	5.628000e+00	3.190000e-01	-9.690000e-01	-9.900000e-02	9.788000e+00
3.598897e+03	1.340000e-01	-1.491000e+00	1.521200e+01	1.648000e+00	4.144000e+00	2.880000e-01	-6.610000e-01	-2.880000e-01	9.506000e+00
2.013518e+04	1.340000e-01	-1.227000e+00	9.548000e+00	3.258000e+00	6.692000e+00	1.470000e-01	-9.410000e-01	-6.660000e-01	8.954000e+00
2.209890e+04	1.340000e-01	-5.190000e-01	1.001600e+01	2.222000e+00	2.800000e-02	1.550000e-01	-6.610000e-01	5.550000e-01	8.786000e+00
1.917487e+04	1.340000e-01	-4.770000e-01	1.132400e+01	1.676000e+00	4.844000e+00	4.120000e-01	-7.390000e-01	2.850000e-01	8.288000e+00
8.811818e+02	1.400000e-01	-1.335000e+00	1.530800e+01	1.571000e+00	4.382000e+00	2.530000e-01	-8.480000e-01	7.020000e-01	9.596000e+00
9.595885e+02	1.400000e-01	-1.290000e+00	1.188800e+01	3.545000e+00	6.944000e+00	2.610000e-01	-5.760000e-01	-8.700000e-02	1.086200e+01
5.708684e+02	1.400000e-01	-1.221000e+00	1.305200e+01	3.951000e+00	7.980000e-01	3.330000e-01	-7.270000e-01	-2.040000e-01	9.602000e+00
4.124228e+03	1.400000e-01	-8.190000e-01	1.098800e+01	2.201000e+00	6.034000e+00	2.410000e-01	-9.890000e-01	-5.490000e-01	9.818000e+00
4.339514e+02	1.400000e-01	-7.200000e-01	1.373600e+01	3.454000e+00	1.386000e+00	2.600000e-02	-5.840000e-01	7.080000e-01	9.236000e+00
2.174601e+02	1.460000e-01	-1.047000e+00	1.162400e+01	1.564000e+00	2.464000e+00	4.600000e-01	-8.880000e-01	5.700000e-02	8.972000e+00
2.648274e+02	1.460000e-01	-7.860000e-01	1.430000e+01	2.523000e+00	2.716000e+00	1.180000e-01	-6.420000e-01	-1.740000e-01	9.398000e+00
1.262164e+04	1.460000e-01	-2.790000e-01	1.443200e+01	2.180000e+00	5.544000e+00	3.130000e-01	-9.310000e-01	-1.530000e-01	1.044800e+01
5.583293e+04	1.460000e-01	-8.100000e-02	1.394000e+01	3.538000e+00	1.050000e+00	1.280000e-01	-8.790000e-01	-5.070000e-01	9.746000e+00
1.756203e+05	1.460000e-01	-2.100000e-02	1.533200e+01	3.160000e+00	2.534000e+00	2.900000e-01	-5.380000e-01	-7.500000e-02	8.120000e+00
2.211595e+03	1.520000e-01	-1.437000e+00	1.112000e+01	3.146000e+00	5.796000e+00	4.350000e-01	-9.280000e-01	2.490000e-01	9.158000e+00
1.532865e+03	1.520000e-01	-1.413000e+00	1.053200e+01	1.480000e+00	4.214000e+00	1.910000e-01	-8.800000e-01	-1.800000e-01	1.014200e+01
6.994335e+02	1.520000e-01	-9.690000e-01	1.478000e+01	1.620000e+00	3.990000e+00	8.600000e-02	-8.710000e-01	-5.640000e-01	8.138000e+00
2.345883e+03	1.520000e-01	-6.030000e-01	1.330400e+01	1.914000e+00	4.620000e-01	2.350000e-01	-8.440000e-01	1.620000e-01	8.420000e+00
6.191411e+03	1.520000e-01	-3.030000e-01	1.102400e+01	2.019000e+00	4.872000e+00	2.390000e-01	-8.710000e-01	2.730000e-01	1.058600e+01
4.684477e+03	1.580000e-01	-1.245000e+00	1.359200e+01	1.704000e+00	3.220000e-01	4.130000e-01	-8.740000e-01	-1.650000e-01	1.043600e+01
1.772294e+03	1.580000e-01	-1.167000e+00	1.055600e+01	1.557000e+00	2.926000e+00	6.300000e-02	-5.950000e-01	-4.500000e-02	1.007600e+01
3.005613e+02	1.580000e-01	-6.000000e-01	1.396400e+01	3.853000e+00	1.106000e+00	6.100000e-02	-5.090000e-01	6.900000e-02	1.091000e+01
5.442029e+04	1.580000e-01	-1.440000e-01	1.421600e+01	2.306000e+00	2.688000e+00	4.640000e-01	-8.710000e-01	4.710000e-01	1.012400e+01
2.299833e+04	1.580000e-01	-1.320000e-01	1.174400e+01	7.240000e-01	8.260000e-01	0.000000e+00	-5.410000e-01	2.430000e-01	9.974000e+00
6.599774e+03	1.640000e-01	-1.368000e+00	9.536000e+00	2.992000e+00	3.164000e+00	2.000000e-03	-6.920000e-01	-9.300000e-02	9.764000e+00
5.711281e+03	1.640000e-01	-9.120000e-01	1.010000e+01	2.187000e+00	2.380000e-01	4.350000e-01	-8.850000e-01	-1.320000e-01	8.126000e+00
3.084389e+02	1.640000e-01	-8.310000e-01	1.367600e+01	3.741000e+00	3.374000e+00	1.140000e-01	-5.050000e-01	7.470000e-01	8.582000e+00
5.124447e+03	1.640000e-01	-4.410000e-01	9.800000e+00	2.159000e+00	8.400000e-01	4.940000e-01	-6.140000e-01	-4.470000e-01	1.099400e+01
4.167120e+04	1.640000e-01	-1.020000e-01	1.179200e+01	1.389000e+00	7.000000e-01	2.010000e-01	-5.980000e-01	6.330000e-01	1.013000e+01
3.190414e+02	1.700000e-01	-9.090000e-01	1.295600e+01	2.054000e+00	1.176000e+00	3.390000e-01	-9.160000e-01	-3.630000e-01	1.015400e+01
1.763664e+02	1.700000e-01	-8.520000e-01	1.317200e+01	3.062000e+00	1.442000e+00	1.880000e-01	-5.680000e-01	-3.000000e-02	9.290000e+00
8.968636e+03	1.700000e-01	-5.820000e-01	1.121600e+01	3.076000e+00	7.000000e-01	3.130000e-01	-6.860000e-01	7.800000e-02	8.120000e+00
3.377464e+04	1.700000e-01	-5.430000e-01	9.536000e+00	3.335000e+00	1.470000e+00	1.190000e-01	-7.610000e-01	6.300000e-01	8.084000e+00
4.765237e+04	1.700000e-01	-2.010000e-01	1.356800e+01	3.454000e+00	1.414000e+00	9.500000e-02	-7.880000e-01	-7.110000e-01	8.594000e+00
2.330050e+02	1.760000e-01	-1.095000e+00	1.300400e+01	7.380000e-01	3.346000e+00	3.900000e-01	-7.850000e-01	7.470000e-01	9.146000e+00
7.083230e+03	1.760000e-01	-8.760000e-01	9.932000e+00	6.260000e-01	5.376000e+00	2.700000e-02	-8.570000e-01	-6.660000e-01	8.192000e+00
6.418737e+03	1.760000e-01	-5.340000e-01	1.007600e+01	1.550000e+00	1.652000e+00	6.400000e-02	-5.110000e-01	-5.460000e-01	1.029200e+01
1.175145e+04	1.760000e-01	-4.830000e-01	1.530800e+01	1.655000e+00	8.400000e-02	4.130000e-01	-5.040000e-01	6.990000e-01	8.630000e+00
2.055288e+04	1.760000e-01	-4.590000e-01	1.338800e+01	3.958000e+00	6.930000e+00	3.700000e-01	-9.160000e-01	-6.870000e-01	1.022600e+01
4.554118e+03	1.820000e-01	-1.344000e+00	1.006400e+01	1.403000e+00	5.138000e+00	1.400000e-01	-5.050000e-01	3.690000e-01	8.660000e+00
4.711678e+03	1.820000e-01	-7.500000e-01	1.062800e+01	1.319000e+00	6.846000e+00	7.300000e-02	-8.940000e-01	-3.510000e-01	8.708000e+00
3.766210e+04	1.820000e-01	-4.530000e-01	1.025600e+01	2.747000e+00	6.552000e+00	2.170000e-01	-6.480000e-01	3.150000e-01	9.890000e+00
9.499415e+02	1.820000e-01	-4.140000e-01	1.466000e+01	2.201000e+00	1.610000e+00	1.860000e-01	-7.980000e-01	-5.340000e-01	1.071200e+01
2.219022e+04	1.820000e-01	-3.510000e-01	9.524000e+00	2.271000e+00	1.316000e+00	3.680000e-01	-9.970000e-01	7.230000e-01	1.079000e+01
1.085760e+03	1.880000e-01	-1.425000e+00	1.091600e+01	1.760000e+00	2.170000e+00	3.990000e-01	-5.680000e-01	1.620000e-01	1.020200e+01
1.114932e+04	1.880000e-01	-1.323000e+00	9.776000e+00	2.201000e+00	5.922000e+00	4.190000e-01	-7.880000e-01	-5.790000e-01	8.462000e+00
3.761422e+02	1.880000e-01	-1.029000e+00	1.355600e+01	3.083000e+00	4.900000e-01	2.940000e-01	-6.320000e-01	-6.720000e-01	9.650000e+00
4.616699e+02	1.880000e-01	-8.700000e-01	1.350800e+01	1.438000e+00	5.166000e+00	5.100000e-02	-5.590000e-01	4.440000e-01	8.672000e+00
6.070706e+04	1.880000e-01	-3.000000e-03	1.383200e+01	2.831000e+00	4.396000e+00	2.960000e-01	-8.370000e-01	6.900000e-01	1.038800e+01
4.779811e+02	1.940000e-01	-1.281000e+00	1.236800e+01	2.768000e+00	5.250000e+00	3.720000e-01	-5.400000e-01	5.760000e-01	1.049000e+01
4.524328e+02	1.940000e-01	-1.017000e+00	1.251200e+01	2.621000e+00	5.782000e+00	4.140000e-01	-7.230000e-01	-2.340000e-01	8.900000e+00
2.006593e+03	1.940000e-01	-9.240000e-01	1.166000e+01	3.013000e+00	5.656000e+00	3.200000e-02	-7.480000e-01	-5.460000e-01	1.067600e+01
4.290787e+02	1.940000e-01	-8.040000e-01	1.506800e+01	2.474000e+00	2.240000e+00	3.430000e-01	-5.060000e-01	6.300000e-01	9.842000e+00
8.631011e+03	1.940000e-01	-6.600000e-01	1.220000e+01	3.258000e+00	5.348000e+00	4.380000e-01	-8.560000e-01	-2.250000e-01	1.043000e+01
8.030500e+02	2.000000e-01	-1.299000e+00	1.166000e+01	3.713000e+00	3.598000e+00	6.800000e-02	-6.370000e-01	7.800000e-02	8.528000e+00
7.277745e+02	2.000000e-01	-1.233000e+00	1.482800e+01	2.453000e+00	4.256000e+00	2.280000e-01	-6.690000e-01	5.220000e-01	9.032000e+00
6.172335e+02	2.000000e-01	-1.071000e+00	1.395200e+01	9.060000e-01	5.180000e+00	1.710000e-01	-9.250000e-01	-3.600000e-02	8.456000e+00
2.469508e+03	2.000000e-01	-7.620000e-01	1.276400e+01	3.769000e+00	6.132000e+00	5.800000e-02	-7.650000e-01	-2.070000e-01	1.050800e+01
1.029650e+04	2.000000e-01	-3.510000e-01	1.158800e+01	2.271000e+00	6.342000e+00	1.570000e-01	-8.920000e-01	3.780000e-01	1.023200e+01
3.214842e+02	2.060000e-01	-9.660000e-01	1.358000e+01	7.520000e-01	1.498000e+00	4.630000e-01	-8.720000e-01	3.000000e-03	1.059200e+01
2.149279e+03	2.060000e-01	-6.360000e-01	1.305200e+01	1.872000e+00	3.080000e-01	2.770000e-01	-5.740000e-01	1.080000e-01	8.768000e+00
1.216164e+05	2.060000e-01	-1.200000e-01	1.017200e+01	1.494000e+00	4.522000e+00	3.740000e-01	-9.940000e-01	-6.480000e-01	9.266000e+00
4.473171e+04	2.060000e-01	-8.100000e-02	1.532000e+01	1.214000e+00	4.060000e+00	2.800000e-01	-6.180000e-01	-1.800000e-02	1.011200e+01
1.799967e+05	2.060000e-01	-6.300000e-02	9.992000e+00	3.244000e+00	3.710000e+00	4.500000e-02	-7.990000e-01	2.310000e-01	9.152000e+00
4.582864e+03	2.120000e-01	-1.374000e+00	1.215200e+01	3.244000e+00	4.424000e+00	8.900000e-02	-9.240000e-01	-2.580000e-01	9.146000e+00
4.846676e+03	2.120000e-01	-9.810000e-01	1.091600e+01	3.146000e+00	4.424000e+00	1.100000e-02	-9.550000e-01	6.540000e-01	8.108000e+00
1.446867e+03	2.120000e-01	-7.710000e-01	1.311200e+01	2.915000e+00	4.102000e+00	3.330000e-01	-8.920000e-01	5.790000e-01	8.510000e+00
1.293848e+05	2.120000e-01	-1.950000e-01	9.728000e+00	2.250000e+00	5.642000e+00	1.850000e-01	-6.510000e-01	6.000000e-01	8.138000e+00
7.545990e+04	2.120000e-01	-1.950000e-01	1.221200e+01	3.496000e+00	5.614000e+00	3.770000e-01	-5.170000e-01	-5.490000e-01	9.818000e+00
1.068115e+03	2.180000e-01	-1.113000e+00	1.196000e+01	1.767000e+00	4.354000e+00	8.700000e-02	-9.610000e-01	-6.480000e-01	1.065200e+01
1.593029e+04	2.180000e-01	-8.910000e-01	1.011200e+01	3.265000e+00	4.368000e+00	1.600000e-02	-6.910000e-01	6.870000e-01	9.116000e+00
5.524596e+02	2.180000e-01	-5.760000e-01	1.438400e+01	7.730000e-01	1.260000e+00	2.000000e-01	-7.670000e-01	-4.920000e-01	1.046600e+01
5.612356e+04	2.180000e-01	-4.320000e-01	1.052000e+01	3.930000e+00	3.094000e+00	1.510000e-01	-6.540000e-01	-6.300000e-02	8.126000e+00
2.499984e+04	2.180000e-01	-2.040000e-01	1.140800e+01	1.732000e+00	7.000000e-02	1.190000e-01	-5.920000e-01	7.170000e-01	1.050200e+01
3.617241e+02	2.240000e-01	-1.110000e+00	1.284800e+01	3.783000e+00	4.088000e+00	3.710000e-01	-9.050000e-01	7.200000e-02	8.354000e+00
3.089562e+02	2.240000e-01	-1.008000e+00	1.509200e+01	2.194000e+00	5.852000e+00	2.440000e-01	-7.610000e-01	-3.810000e-01	9.806000e+00
5.468615e+02	2.240000e-01	-5.370000e-01	1.480400e+01	8.570000e-01	5.460000e+00	1.830000e-01	-7.920000e-01	-2.400000e-01	1.056800e+01
2.676997e+04	2.240000e-01	-2.400000e-01	9.572000e+00	1.060000e+00	4.494000e+00	4.700000e-01	-6.510000e-01	6.870000e-01	1.038200e+01
2.262284e+05	2.240000e-01	-6.000000e-03	1.163600e+01	2.383000e+00	4.830000e+00	3.980000e-01	-6.690000e-01	5.340000e-01	8.150000e+00
3.668084e+03	2.300000e-01	-1.209000e+00	1.044800e+01	2.894000e+00	2.898000e+00	4.960000e-01	-8.170000e-01	6.360000e-01	8.276000e+00
5.091069e+02	2.300000e-01	-9.780000e-01	1.306400e+01	2.033000e+00	6.202000e+00	4.090000e-01	-6.730000e-01	5.490000e-01	9.062000e+00
2.126614e+03	2.300000e-01	-5.280000e-01	1.485200e+01	3.587000e+00	3.500000e-01	7.700000e-02	-9.930000e-01	2.100000e-01	9.530000e+00
1.099747e+05	2.300000e-01	-1.050000e-01	1.391600e+01	3.132000e+00	3.640000e-01	4.160000e-01	-9.560000e-01	6.480000e-01	9.266000e+00
1.888114e+05	2.300000e-01	-6.600000e-02	9.728000e+00	2.418000e+00	5.320000e+00	3.710000e-01	-5.320000e-01	-1.950000e-01	9.254000e+00
5.772898e+02	2.360000e-01	-1.398000e+00	1.368800e+01	8.290000e-01	4.830000e+00	4.860000e-01	-8.820000e-01	4.920000e-01	8.948000e+00
8.361245e+03	2.360000e-01	-1.206000e+00	9.872000e+00	2.432000e+00	4.004000e+00	4.900000e-02	-7.520000e-01	-3.150000e-01	8.690000e+00
4.997060e+02	2.360000e-01	-1.002000e+00	1.307600e+01	1.284000e+00	5.992000e+00	3.340000e-01	-6.280000e-01	-2.700000e-02	8.324000e+00
3.982947e+02	2.360000e-01	-7.950000e-01	1.320800e+01	3.664000e+00	1.330000e+00	1.110000e-01	-6.250000e-01	-3.210000e-01	1.098800e+01
7.119380e+04	2.360000e-01	-2.070000e-01	1.293200e+01	3.209000e+00	1.568000e+00	3.610000e-01	-5.660000e-01	-1.530000e-01	8.564000e+00
8.726162e+02	2.420000e-01	-1.467000e+00	1.310000e+01	2.719000e+00	3.402000e+00	2.790000e-01	-5.270000e-01	6.270000e-01	8.858000e+00
1.829182e+02	2.420000e-01	-1.260000e+00	1.398800e+01	3.342000e+00	5.320000e+00	4.730000e-01	-6.920000e-01	1.740000e-01	8.798000e+00
1.594389e+04	2.420000e-01	-7.050000e-01	1.094000e+01	3.545000e+00	2.786000e+00	4.080000e-01	-9.520000e-01	1.470000e-01	9.560000e+00
8.387003e+03	2.420000e-01	-6.090000e-01	1.062800e+01	2.684000e+00	1.624000e+00	8.500000e-02	-7.180000e-01	-2.910000e-01	9.326000e+00
3.060462e+04	2.420000e-01	-4.590000e-01	1.124000e+01	2.936000e+00	3.920000e+00	4.550000e-01	-9.390000e-01	-2.400000e-02	9.992000e+00
7.653633e+02	2.480000e-01	-1.095000e+00	1.269200e+01	1.137000e+00	4.326000e+00	8.500000e-02	-9.200000e-01	7.440000e-01	8.978000e+00
1.094014e+04	2.480000e-01	-7.920000e-01	1.022000e+01	1.662000e+00	5.152000e+00	2.210000e-01	-6.830000e-01	-1.020000e-01	8.876000e+00
3.515882e+04	2.480000e-01	-4.590000e-01	1.023200e+01	3.664000e+00	1.974000e+00	8.000000e-03	-7.640000e-01	4.350000e-01	9.182000e+00
1.737155e+04	2.480000e-01	-3.240000e-01	1.343600e+01	1.165000e+00	5.656000e+00	2.520000e-01	-9.060000e-01	6.000000e-03	9.620000e+00
1.018949e+04	2.480000e-01	-1.920000e-01	9.704000e+00	2.355000e+00	6.706000e+00	2.850000e-01	-6.830000e-01	3.420000e-01	1.081400e+01
8.366195e+02	2.540000e-01	-1.485000e+00	1.152800e+01	3.741000e+00	3.710000e+00	1.720000e-01	-7.780000e-01	6.330000e-01	9.782000e+00
3.712588e+03	2.540000e-01	-1.455000e+00	9.680000e+00	3.608000e+00	1.806000e+00	4.620000e-01	-6.280000e-01	3.660000e-01	8.492000e+00
2.600178e+03	2.540000e-01	-1.395000e+00	1.502000e+01	3.027000e+00	5.824000e+00	6.400000e-02	-7.640000e-01	-2.280000e-01	9.392000e+00
7.960045e+02	2.540000e-01	-1.392000e+00	1.457600e+01	1.144000e+00	4.886000e+00	4.190000e-01	-6.910000e-01	-6.720000e-01	9.284000e+00
6.223296e+02	2.540000e-01	-6.510000e-01	1.280000e+01	1.067000e+00	5.502000e+00	2.490000e-01	-8.970000e-01	2.130000e-01	1.058000e+01
3.520092e+03	2.600000e-01	-1.020000e+00	1.016000e+01	7.240000e-01	6.902000e+00	1.570000e-01	-5.070000e-01	1.320000e-01	9.830000e+00
6.148235e+03	2.600000e-01	-6.150000e-01	1.096400e+01	1.074000e+00	2.422000e+00	3.580000e-01	-8.960000e-01	2.400000e-02	8.984000e+00
7.756643e+04	2.600000e-01	-5.490000e-01	1.022000e+01	3.965000e+00	6.426000e+00	3.600000e-01	-9.830000e-01	1.350000e-01	8.312000e+00
7.214558e+03	2.600000e-01	-4.650000e-01	1.386800e+01	2.285000e+00	6.762000e+00	2.280000e-01	-5.900000e-01	1.290000e-01	9.368000e+00
7.374730e+04	2.600000e-01	-3.270000e-01	9.872000e+00	2.285000e+00	2.492000e+00	2.160000e-01	-9.430000e-01	-1.140000e-01	8.690000e+00
1.134972e+03	2.660000e-01	-1.257000e+00	1.494800e+01	3.132000e+00	5.600000e-02	2.650000e-01	-8.020000e-01	-1.710000e-01	8.690000e+00
1.265313e+03	2.660000e-01	-1.233000e+00	1.088000e+01	1.634000e+00	4.158000e+00	1.710000e-01	-7.770000e-01	6.150000e-01	1.010000e+01
8.086401e+02	2.660000e-01	-6.600000e-01	1.451600e+01	3.923000e+00	4.760000e-01	9.000000e-03	-5.300000e-01	5.970000e-01	8.888000e+00
3.766470e+03	2.660000e-01	-5.040000e-01	1.448000e+01	3.748000e+00	5.460000e-01	4.880000e-01	-7.130000e-01	3.540000e-01	1.078400e+01
2.338687e+04	2.660000e-01	-4.530000e-01	1.299200e+01	3.783000e+00	6.426000e+00	1.780000e-01	-6.610000e-01	-5.610000e-01	9.014000e+00
5.178022e+03	2.720000e-01	-1.422000e+00	1.006400e+01	2.453000e+00	1.246000e+00	2.500000e-02	-9.290000e-01	-1.410000e-01	8.930000e+00
1.196916e+03	2.720000e-01	-1.350000e+00	1.314800e+01	7.800000e-01	5.712000e+00	2.710000e-01	-7.190000e-01	5.850000e-01	8.438000e+00
3.482959e+04	2.720000e-01	-6.660000e-01	1.062800e+01	3.594000e+00	5.194000e+00	2.290000e-01	-7.050000e-01	-4.680000e-01	8.198000e+00
1.564371e+03	2.720000e-01	-6.660000e-01	1.433600e+01	1.963000e+00	2.478000e+00	4.610000e-01	-6.770000e-01	2.760000e-01	1.047200e+01
1.918154e+03	2.720000e-01	-6.210000e-01	1.521200e+01	1.578000e+00	3.164000e+00	4.760000e-01	-6.000000e-01	-5.430000e-01	1.047200e+01
4.469874e+02	2.780000e-01	-6.630000e-01	1.426400e+01	1.333000e+00	4.144000e+00	1.130000e-01	-6.540000e-01	-4.770000e-01	9.782000e+00
1.199313e+04	2.780000e-01	-4.710000e-01	1.262000e+01	6.470000e-01	5.306000e+00	4.710000e-01	-8.160000e-01	-5.820000e-01	9.656000e+00
1.737223e+04	2.780000e-01	-4.500000e-01	1.257200e+01	5.560000e-01	3.864000e+00	4.820000e-01	-6.680000e-01	7.320000e-01	8.882000e+00
3.907159e+03	2.780000e-01	-3.390000e-01	1.234400e+01	2.012000e+00	2.240000e-01	0.000000e+00	-8.500000e-01	4.800000e-02	1.073000e+01
4.035129e+04	2.780000e-01	-1.890000e-01	1.521200e+01	1.284000e+00	4.620000e+00	7.600000e-02	-7.090000e-01	-5.400000e-01	8.900000e+00
8.785217e+02	2.840000e-01	-1.245000e+00	1.224800e+01	2.446000e+00	3.934000e+00	4.400000e-02	-5.110000e-01	3.480000e-01	1.004600e+01
2.754636e+02	2.840000e-01	-9.480000e-01	1.268000e+01	3.216000e+00	9.940000e-01	1.350000e-01	-6.910000e-01	3.630000e-01	9.824000e+00
1.357856e+04	2.840000e-01	-5.280000e-01	1.184000e+01	3.286000e+00	3.052000e+00	1.810000e-01	-9.500000e-01	-1.170000e-01	8.840000e+00
5.890312e+04	2.840000e-01	-2.670000e-01	1.200800e+01	3.615000e+00	1.260000e-01	3.250000e-01	-5.410000e-01	-4.410000e-01	8.150000e+00
7.357158e+04	2.840000e-01	-1.410000e-01	1.415600e+01	6.400000e-01	5.306000e+00	4.390000e-01	-1.000000e+00	1.380000e-01	9.716000e+00
1.209405e+03	2.900000e-01	-1.128000e+00	1.098800e+01	2.117000e+00	1.778000e+00	5.100000e-02	-8.010000e-01	2.640000e-01	9.122000e+00
5.360914e+02	2.900000e-01	-1.098000e+00	1.485200e+01	2.817000e+00	5.782000e+00	1.730000e-01	-6.190000e-01	3.240000e-01	8.780000e+00
2.893526e+02	2.900000e-01	-1.080000e+00	1.535600e+01	9.200000e-01	4.438000e+00	3.470000e-01	-6.340000e-01	7.020000e-01	8.222000e+00
6.774441e+03	2.900000e-01	-4.500000e-01	1.215200e+01	9.060000e-01	8.820000e-01	3.030000e-01	-8.440000e-01	-1.740000e-01	1.010600e+01
1.350422e+04	2.900000e-01	-4.440000e-01	1.103600e+01	1.494000e+00	4.060000e-01	2.150000e-01	-7.040000e-01	6.960000e-01	1.018400e+01
7.324257e+02	2.960000e-01	-1.383000e+00	1.356800e+01	2.250000e+00	6.258000e+00	4.080000e-01	-8.250000e-01	3.720000e-01	8.480000e+00
9.022856e+03	2.960000e-01	-1.227000e+00	1.037600e+01	3.951000e+00	3.794000e+00	4.290000e-01	-6.520000e-01	2.670000e-01	8.450000e+00
3.472877e+03	2.960000e-01	-4.740000e-01	1.439600e+01	1.655000e+00	1.232000e+00	5.100000e-02	-5.870000e-01	-4.740000e-01	9.056000e+00
2.973729e+04	2.960000e-01	-1.500000e-01	9.788000e+00	3.944000e+00	1.372000e+00	3.550000e-01	-9.120000e-01	-5.310000e-01	1.095800e+01
9.217471e+04	2.960000e-01	-4.800000e-02	1.038800e+01	2.187000e+00	3.878000e+00	3.750000e-01	-6.040000e-01	-6.780000e-01	1.008800e+01
2.713480e+03	3.020000e-01	-1.245000e+00	1.206800e+01	3.104000e+00	6.048000e+00	3.530000e-01	-9.290000e-01	-1.200000e-01	8.012000e+00
8.502446e+02	3.020000e-01	-9.990000e-01	1.230800e+01	1.158000e+00	5.544000e+00	1.300000e-01	-8.080000e-01	5.250000e-01	8.690000e+00
4.395359e+04	3.020000e-01	-4.920000e-01	1.022000e+01	3.447000e+00	2.828000e+00	5.900000e-02	-9.380000e-01	4.290000e-01	8.816000e+00
1.739987e+04	3.020000e-01	-3.510000e-01	1.131200e+01	2.551000e+00	2.786000e+00	1.920000e-01	-6.980000e-01	-3.150000e-01	1.027400e+01
1.143074e+05	3.020000e-01	-7.200000e-02	1.266800e+01	5.770000e-01	7.000000e-02	5.600000e-02	-7.910000e-01	6.420000e-01	8.942000e+00
6.752550e+02	3.080000e-01	-9.570000e-01	1.484000e+01	2.789000e+00	6.300000e+00	3.900000e-02	-9.910000e-01	1.860000e-01	8.984000e+00
6.492411e+03	3.080000e-01	-7.590000e-01	9.560000e+00	2.579000e+00	2.940000e-01	1.450000e-01	-5.510000e-01	-3.000000e-03	1.083200e+01
8.016173e+03	3.080000e-01	-7.170000e-01	1.137200e+01	3.804000e+00	3.094000e+00	3.970000e-01	-7.240000e-01	-3.390000e-01	1.081400e+01
4.437056e+04	3.080000e-01	-2.760000e-01	1.196000e+01	1.613000e+00	1.722000e+00	3.630000e-01	-9.010000e-01	3.030000e-01	8.012000e+00
1.233286e+04	3.080000e-01	-1.740000e-01	1.244000e+01	2.901000e+00	2.744000e+00	1.010000e-01	-6.930000e-01	6.000000e-02	1.089800e+01
5.972651e+02	3.140000e-01	-1.356000e+00	1.143200e+01	3.181000e+00	2.352000e+00	2.590000e-01	-6.080000e-01	-1.020000e-01	8.186000e+00
1.214786e+03	3.140000e-01	-1.188000e+00	1.259600e+01	2.145000e+00	6.090000e+00	1.180000e-01	-5.780000e-01	3.210000e-01	1.049000e+01
1.055777e+04	3.140000e-01	-8.310000e-01	1.005200e+01	1.319000e+00	1.400000e+00	3.020000e-01	-9.470000e-01	-3.300000e-02	8.294000e+00
5.821588e+02	3.140000e-01	-8.280000e-01	1.205600e+01	2.789000e+00	2.660000e+00	1.140000e-01	-7.980000e-01	5.010000e-01	9.662000e+00
8.104704e+03	3.140000e-01	-6.060000e-01	1.108400e+01	8.500000e-01	1.484000e+00	4.310000e-01	-6.730000e-01	-5.040000e-01	8.000000e+00
1.730437e+03	3.200000e-01	-1.023000e+00	1.211600e+01	3.188000e+00	5.768000e+00	3.050000e-01	-9.410000e-01	-6.870000e-01	9.608000e+00
3.594820e+02	3.200000e-01	-8.970000e-01	1.398800e+01	2.117000e+00	7.140000e-01	2.640000e-01	-5.730000e-01	-5.940000e-01	8.804000e+00
8.798137e+03	3.200000e-01	-7.170000e-01	1.138400e+01	3.727000e+00	1.498000e+00	3.970000e-01	-7.510000e-01	-3.450000e-01	8.840000e+00
7.310109e+03	3.200000e-01	-3.090000e-01	1.517600e+01	1.123000e+00	6.846000e+00	2.000000e-03	-7.790000e-01	4.260000e-01	9.956000e+00
6.641432e+04	3.200000e-01	-3.600000e-02	1.481600e+01	1.949000e+00	6.692000e+00	2.760000e-01	-7.790000e-01	-1.770000e-01	1.002200e+01
1.191319e+03	3.260000e-01	-1.302000e+00	1.481600e+01	8.500000e-01	2.030000e+00	8.900000e-02	-6.820000e-01	-6.840000e-01	9.008000e+00
1.338176e+03	3.260000e-01	-1.191000e+00	1.432400e+01	1.172000e+00	2.156000e+00	1.840000e-01	-8.550000e-01	2.190000e-01	8.186000e+00
2.276592e+03	3.260000e-01	-6.270000e-01	1.205600e+01	3.706000e+00	6.860000e-01	1.200000e-01	-7.150000e-01	3.960000e-01	1.015400e+01
1.593808e+03	3.260000e-01	-5.730000e-01	1.241600e+01	1.130000e+00	2.296000e+00	1.720000e-01	-8.990000e-01	4.230000e-01	9.854000e+00
5.845442e+04	3.260000e-01	-3.690000e-01	1.068800e+01	2.824000e+00	3.458000e+00	2.800000e-01	-9.480000e-01	2.490000e-01	8.978000e+00
1.039618e+03	3.320000e-01	-1.425000e+00	1.170800e+01	1.004000e+00	6.342000e+00	4.330000e-01	-6.750000e-01	6.900000e-02	8.834000e+00
5.708269e+04	3.320000e-01	-4.380000e-01	9.788000e+00	2.782000e+00	3.528000e+00	2.750000e-01	-5.210000e-01	5.910000e-01	9.626000e+00
2.530601e+04	3.320000e-01	-3.570000e-01	1.184000e+01	9.340000e-01	3.500000e-01	3.370000e-01	-8.780000e-01	3.210000e-01	9.812000e+00
8.509295e+04	3.320000e-01	-1.680000e-01	1.348400e+01	1.088000e+00	4.424000e+00	4.680000e-01	-7.880000e-01	-3.120000e-01	8.678000e+00
1.875768e+05	3.320000e-01	-6.600000e-02	1.030400e+01	2.390000e+00	2.618000e+00	4.690000e-01	-7.380000e-01	7.800000e-02	9.302000e+00
1.883439e+03	3.380000e-01	-1.194000e+00	1.391600e+01	9.690000e-01	4.760000e-01	4.260000e-01	-9.210000e-01	-7.260000e-01	1.093400e+01
1.089907e+03	3.380000e-01	-1.002000e+00	1.421600e+01	2.194000e+00	1.400000e-01	4.540000e-01	-8.650000e-01	-9.000000e-02	1.078400e+01
7.323692e+02	3.380000e-01	-8.610000e-01	1.132400e+01	6.610000e-01	3.248000e+00	1.580000e-01	-6.660000e-01	6.570000e-01	9.548000e+00
7.824949e+03	3.380000e-01	-5.790000e-01	1.097600e+01	6.750000e-01	6.454000e+00	4.260000e-01	-8.100000e-01	-3.780000e-01	9.374000e+00
5.847136e+03	3.380000e-01	-4.020000e-01	1.390400e+01	2.712000e+00	5.320000e-01	3.480000e-01	-6.820000e-01	-6.600000e-01	1.033400e+01
7.127420e+03	3.440000e-01	-1.470000e+00	1.431200e+01	2.866000e+00	1.288000e+00	1.010000e-01	-8.630000e-01	-1.710000e-01	1.049600e+01
2.152613e+03	3.440000e-01	-7.620000e-01	1.422800e+01	3.447000e+00	5.180000e+00	3.870000e-01	-9.570000e-01	3.270000e-01	8.618000e+00
3.195720e+04	3.440000e-01	-6.360000e-01	9.668000e+00	1.956000e+00	1.372000e+00	3.310000e-01	-5.920000e-01	2.580000e-01	8.762000e+00
2.035602e+04	3.440000e-01	-5.520000e-01	1.156400e+01	3.167000e+00	3.780000e+00	3.670000e-01	-8.600000e-01	3.600000e-01	9.590000e+00
5.647051e+04	3.440000e-01	-2.700000e-01	1.199600e+01	2.264000e+00	6.384000e+00	3.590000e-01	-5.150000e-01	5.070000e-01	9.014000e+00
8.584829e+03	3.500000e-01	-1.491000e+00	9.740000e+00	3.111000e+00	2.772000e+00	1.080000e-01	-9.810000e-01	2.550000e-01	1.073600e+01
9.260824e+01	3.500000e-01	-1.011000e+00	1.329200e+01	3.629000e+00	9.240000e-01	3.120000e-01	-9.700000e-01	-3.990000e-01	9.014000e+00
2.232117e+02	3.500000e-01	-9.660000e-01	1.246400e+01	1.018000e+00	3.066000e+00	4.150000e-01	-7.950000e-01	5.250000e-01	9.398000e+00
3.841101e+02	3.500000e-01	-8.040000e-01	1.305200e+01	2.943000e+00	3.752000e+00	1.110000e-01	-9.540000e-01	-3.900000e-01	8.540000e+00
1.403607e+05	3.500000e-01	-7.200000e-02	1.204400e+01	2.026000e+00	2.534000e+00	3.360000e-01	-9.940000e-01	1.200000e-01	8.822000e+00
1.444130e+03	3.560000e-01	-1.449000e+00	1.319600e+01	1.242000e+00	6.174000e+00	2.970000e-01	-7.810000e-01	5.010000e-01	1.089800e+01
1.953043e+04	3.560000e-01	-1.392000e+00	9.656000e+00	3.839000e+00	6.580000e+00	3.090000e-01	-6.180000e-01	-5.310000e-01	9.422000e+00
2.662633e+03	3.560000e-01	-1.266000e+00	1.252400e+01	3.076000e+00	4.732000e+00	2.700000e-02	-9.490000e-01	5.070000e-01	9.200000e+00
5.371234e+02	3.560000e-01	-9.600000e-01	1.281200e+01	1.788000e+00	2.912000e+00	5.900000e-02	-7.750000e-01	-4.200000e-02	9.848000e+00
5.076273e+04	3.560000e-01	-2.100000e-01	1.078400e+01	1.298000e+00	5.516000e+00	2.200000e-02	-9.430000e-01	-7.080000e-01	8.576000e+00
1.230985e+03	3.620000e-01	-1.218000e+00	1.116800e+01	8.990000e-01	6.300000e+00	2.680000e-01	-7.450000e-01	-6.300000e-02	9.866000e+00
2.498107e+02	3.620000e-01	-1.140000e+00	1.500800e+01	8.710000e-01	4.242000e+00	4.500000e-01	-5.570000e-01	-2.640000e-01	8.756000e+00
3.210446e+04	3.620000e-01	-5.970000e-01	1.010000e+01	3.125000e+00	5.320000e-01	4.840000e-01	-6.560000e-01	5.430000e-01	9.044000e+00
8.499055e+03	3.620000e-01	-3.900000e-01	1.271600e+01	1.774000e+00	1.596000e+00	2.520000e-01	-8.860000e-01	-5.820000e-01	9.932000e+00
2.082478e+04	3.620000e-01	-2.490000e-01	1.420400e+01	9.340000e-01	4.802000e+00	1.230000e-01	-8.780000e-01	-4.440000e-01	9.464000e+00
7.988951e+03	3.680000e-01	-1.074000e+00	1.092800e+01	3.972000e+00	5.236000e+00	3.430000e-01	-7.760000e-01	-3.690000e-01	1.020200e+01
2.534439e+02	3.680000e-01	-9.660000e-01	1.500800e+01	2.481000e+00	4.256000e+00	2.670000e-01	-7.300000e-01	-3.600000e-01	1.029200e+01
1.144758e+04	3.680000e-01	-4.650000e-01	1.234400e+01	1.739000e+00	4.648000e+00	2.990000e-01	-9.440000e-01	1.770000e-01	8.210000e+00
2.460078e+04	3.680000e-01	-4.170000e-01	1.018400e+01	3.286000e+00	1.638000e+00	4.980000e-01	-6.230000e-01	-4.560000e-01	1.056800e+01
7.073804e+04	3.680000e-01	-1.230000e-01	1.480400e+01	2.950000e+00	3.500000e-01	1.910000e-01	-5.400000e-01	-7.290000e-01	9.158000e+00
4.713038e+03	3.740000e-01	-1.458000e+00	9.764000e+00	1.144000e+00	2.786000e+00	7.300000e-02	-6.130000e-01	9.600000e-02	1.006400e+01
5.181335e+03	3.740000e-01	-1.143000e+00	1.394000e+01	3.300000e+00	3.290000e+00	4.000000e-02	-9.740000e-01	1.140000e-01	1.075400e+01
8.368763e+03	3.740000e-01	-6.630000e-01	1.204400e+01	2.684000e+00	4.340000e+00	4.040000e-01	-7.940000e-01	-2.400000e-02	8.744000e+00
1.351803e+04	3.740000e-01	-6.330000e-01	9.956000e+00	1.242000e+00	6.860000e+00	1.100000e-01	-6.980000e-01	-3.000000e-01	9.830000e+00
6.709176e+04	3.740000e-01	-1.380000e-01	1.250000e+01	3.895000e+00	1.666000e+00	1.740000e-01	-8.910000e-01	4.260000e-01	9.968000e+00
5.164568e+02	3.800000e-01	-1.032000e+00	1.277600e+01	3.552000e+00	1.484000e+00	5.000000e-02	-5.190000e-01	6.120000e-01	9.062000e+00
3.602810e+02	3.800000e-01	-6.150000e-01	1.446800e+01	2.061000e+00	2.842000e+00	3.300000e-02	-9.510000e-01	5.730000e-01	1.017200e+01
4.468429e+04	3.800000e-01	-5.550000e-01	9.536000e+00	2.005000e+00	2.786000e+00	4.810000e-01	-7.820000e-01	1.080000e-01	9.674000e+00
2.067744e+04	3.800000e-01	-1.830000e-01	1.226000e+01	5.560000e-01	3.178000e+00	3.620000e-01	-5.890000e-01	5.640000e-01	1.040600e+01
9.224590e+04	3.800000e-01	-1.500000e-01	1.461200e+01	1.963000e+00	6.230000e+00	4.350000e-01	-6.850000e-01	-6.300000e-01	8.552000e+00
2.397317e+03	3.860000e-01	-1.446000e+00	1.282400e+01	1.844000e+00	5.152000e+00	2.290000e-01	-8.170000e-01	-6.840000e-01	1.097000e+01
4.717882e+03	3.860000e-01	-8.100000e-01	1.240400e+01	3.832000e+00	6.258000e+00	1.290000e-01	-9.930000e-01	1.560000e-01	1.012400e+01
3.484647e+03	3.860000e-01	-4.290000e-01	1.317200e+01	1.767000e+00	6.804000e+00	2.350000e-01	-6.560000e-01	4.560000e-01	1.029200e+01
1.534891e+04	3.860000e-01	-1.980000e-01	1.419200e+01	1.921000e+00	1.932000e+00	1.630000e-01	-9.590000e-01	3.330000e-01	1.056200e+01
4.760912e+04	3.860000e-01	-1.170000e-01	1.406000e+01	2.313000e+00	2.856000e+00	3.860000e-01	-5.540000e-01	9.600000e-02	1.013000e+01
1.981823e+03	3.920000e-01	-1.248000e+00	1.515200e+01	3.489000e+00	6.734000e+00	4.290000e-01	-8.240000e-01	-4.800000e-01	9.710000e+00
2.276621e+03	3.920000e-01	-1.161000e+00	1.072400e+01	1.690000e+00	2.716000e+00	1.060000e-01	-8.580000e-01	-4.290000e-01	8.102000e+00
6.256435e+03	3.920000e-01	-5.550000e-01	1.160000e+01	1.172000e+00	4.214000e+00	3.190000e-01	-9.070000e-01	-3.360000e-01	8.876000e+00
5.631883e+04	3.920000e-01	-8.400000e-02	9.968000e+00	2.040000e+00	3.080000e-01	1.240000e-01	-6.540000e-01	-1.410000e-01	1.014800e+01
1.989155e+05	3.920000e-01	-3.600000e-02	1.174400e+01	3.685000e+00	1.120000e+00	3.800000e-02	-7.920000e-01	-2.790000e-01	8.474000e+00
6.683020e+03	3.980000e-01	-1.374000e+00	1.479200e+01	1.788000e+00	6.916000e+00	1.340000e-01	-9.210000e-01	3.000000e-02	8.744000e+00
2.699875e+03	3.980000e-01	-1.365000e+00	1.011200e+01	2.124000e+00	1.974000e+00	3.710000e-01	-5.280000e-01	4.020000e-01	1.087400e+01
6.035282e+02	3.980000e-01	-8.790000e-01	1.390400e+01	1.382000e+00	4.998000e+00	5.300000e-02	-9.130000e-01	-2.910000e-01	1.031000e+01
5.933555e+03	3.980000e-01	-4.830000e-01	1.528400e+01	1.039000e+00	5.600000e+00	2.080000e-01	-5.470000e-01	2.790000e-01	8.468000e+00
5.424445e+04	3.980000e-01	-2.520000e-01	1.538000e+01	3.503000e+00	6.860000e+00	3.510000e-01	-8.020000e-01	2.520000e-01	8.024000e+00
1.402360e+03	4.040000e-01	-1.467000e+00	1.299200e+01	3.671000e+00	1.708000e+00	7.900000e-02	-5.660000e-01	-3.510000e-01	9.848000e+00
4.822690e+04	4.040000e-01	-4.170000e-01	1.110800e+01	3.027000e+00	6.734000e+00	5.200000e-02	-8.770000e-01	3.570000e-01	8.906000e+00
1.520590e+03	4.040000e-01	-3.570000e-01	1.236800e+01	7.730000e-01	6.538000e+00	2.580000e-01	-5.620000e-01	1.710000e-01	1.083200e+01
2.283423e+04	4.040000e-01	-2.790000e-01	1.414400e+01	8.570000e-01	3.920000e+00	2.290000e-01	-6.650000e-01	-2.760000e-01	9.428000e+00
5.612500e+04	4.040000e-01	-1.800000e-01	1.217600e+01	1.438000e+00	2.772000e+00	1.450000e-01	-5.410000e-01	7.080000e-01	8.360000e+00
3.161796e+03	4.100000e-01	-1.380000e+00	1.343600e+01	3.293000e+00	2.366000e+00	4.740000e-01	-8.210000e-01	-6.150000e-01	9.968000e+00
1.607576e+03	4.100000e-01	-9.450000e-01	1.119200e+01	1.032000e+00	4.536000e+00	6.100000e-02	-5.910000e-01	5.730000e-01	8.108000e+00
5.117209e+03	4.100000e-01	-5.340000e-01	1.487600e+01	3.594000e+00	4.088000e+00	2.130000e-01	-9.340000e-01	-4.020000e-01	9.086000e+00
1.783976e+04	4.100000e-01	-3.870000e-01	1.109600e+01	1.004000e+00	4.256000e+00	3.580000e-01	-8.200000e-01	6.390000e-01	9.632000e+00
1.114544e+04	4.100000e-01	-8.400000e-02	1.109600e+01	1.816000e+00	5.810000e+00	2.570000e-01	-9.620000e-01	-1.260000e-01	1.068200e+01
2.227176e+03	4.160000e-01	-6.930000e-01	1.182800e+01	1.137000e+00	1.106000e+00	3.800000e-01	-5.780000e-01	6.630000e-01	1.060400e+01
2.560219e+03	4.160000e-01	-5.310000e-01	1.470800e+01	3.671000e+00	2.814000e+00	6.900000e-02	-8.620000e-01	-4.350000e-01	9.338000e+00
1.222593e+04	4.160000e-01	-3.690000e-01	1.467200e+01	3.930000e+00	4.032000e+00	2.850000e-01	-7.020000e-01	-1.440000e-01	1.028000e+01
3.516601e+03	4.160000e-01	-2.310000e-01	1.394000e+01	9.270000e-01	5.894000e+00	1.890000e-01	-7.250000e-01	-4.200000e-01	1.068800e+01
6.208460e+04	4.160000e-01	-1.590000e-01	1.523600e+01	2.502000e+00	2.982000e+00	1.250000e-01	-5.570000e-01	-6.330000e-01	8.228000e+00
1.887600e+03	4.220000e-01	-1.158000e+00	1.018400e+01	3.097000e+00	8.260000e-01	4.950000e-01	-7.110000e-01	-6.660000e-01	1.035200e+01
6.139593e+02	4.220000e-01	-7.740000e-01	1.275200e+01	1.144000e+00	1.050000e+00	4.500000e-02	-7.170000e-01	1.410000e-01	8.786000e+00
7.973578e+02	4.220000e-01	-7.560000e-01	1.433600e+01	6.400000e-01	5.390000e+00	3.040000e-01	-6.610000e-01	6.510000e-01	8.216000e+00
2.564287e+04	4.220000e-01	-5.610000e-01	1.076000e+01	3.678000e+00	1.904000e+00	1.220000e-01	-7.750000e-01	-5.400000e-02	8.474000e+00
1.648124e+04	4.220000e-01	-4.110000e-01	1.175600e+01	1.375000e+00	3.920000e-01	1.790000e-01	-7.100000e-01	-8.700000e-02	9.458000e+00
2.982991e+03	4.280000e-01	-1.491000e+00	1.126400e+01	3.762000e+00	4.466000e+00	2.900000e-02	-7.470000e-01	-4.800000e-02	8.060000e+00
7.065798e+02	4.280000e-01	-1.443000e+00	1.109600e+01	3.825000e+00	1.092000e+00	2.660000e-01	-5.520000e-01	3.420000e-01	9.134000e+00
6.869416e+02	4.280000e-01	-1.230000e+00	1.354400e+01	5.420000e-01	6.356000e+00	4.790000e-01	-9.740000e-01	-4.110000e-01	9.716000e+00
7.512138e+02	4.280000e-01	-6.810000e-01	1.473200e+01	7.030000e-01	2.240000e-01	1.570000e-01	-6.880000e-01	-5.100000e-02	8.630000e+00
9.833745e+04	4.280000e-01	-2.100000e-02	1.139600e+01	6.050000e-01	2.086000e+00	3.640000e-01	-5.230000e-01	4.800000e-02	9.854000e+00
9.479744e+02	4.340000e-01	-1.416000e+00	1.252400e+01	1.095000e+00	1.260000e+00	3.800000e-01	-8.560000e-01	7.110000e-01	1.094000e+01
1.093674e+03	4.340000e-01	-1.284000e+00	1.337600e+01	9.340000e-01	1.092000e+00	7.800000e-02	-6.770000e-01	-3.270000e-01	8.432000e+00
7.931620e+02	4.340000e-01	-1.167000e+00	1.226000e+01	3.587000e+00	3.962000e+00	4.340000e-01	-6.540000e-01	1.470000e-01	8.726000e+00
1.346761e+03	4.340000e-01	-1.092000e+00	1.119200e+01	9.760000e-01	3.038000e+00	1.200000e-01	-7.870000e-01	-1.140000e-01	8.858000e+00
1.941087e+02	4.340000e-01	-9.930000e-01	1.388000e+01	1.886000e+00	2.016000e+00	3.610000e-01	-5.610000e-01	-2.070000e-01	8.138000e+00
7.873763e+03	4.400000e-01	-1.428000e+00	1.164800e+01	3.405000e+00	2.828000e+00	4.220000e-01	-9.300000e-01	-1.620000e-01	1.062800e+01
7.724664e+03	4.400000e-01	-1.140000e+00	9.704000e+00	2.873000e+00	7.560000e-01	4.030000e-01	-5.960000e-01	2.400000e-01	1.067600e+01
1.012455e+04	4.400000e-01	-1.005000e+00	9.656000e+00	6.190000e-01	5.250000e+00	1.500000e-02	-7.620000e-01	-6.780000e-01	9.578000e+00
2.305725e+02	4.400000e-01	-5.730000e-01	1.376000e+01	8.290000e-01	9.520000e-01	1.650000e-01	-8.850000e-01	-1.650000e-01	1.080200e+01
6.929373e+04	4.400000e-01	-9.900000e-02	1.266800e+01	2.887000e+00	1.666000e+00	4.800000e-02	-5.670000e-01	5.640000e-01	9.548000e+00
1.609593e+03	4.460000e-01	-1.494000e+00	1.228400e+01	1.221000e+00	6.986000e+00	2.400000e-02	-7.860000e-01	-6.540000e-01	8.354000e+00
3.148713e+04	4.460000e-01	-8.640000e-01	9.716000e+00	2.502000e+00	6.132000e+00	3.060000e-01	-6.000000e-01	5.100000e-02	9.476000e+00
3.106114e+03	4.460000e-01	-7.470000e-01	1.230800e+01	2.516000e+00	3.738000e+00	4.030000e-01	-7.450000e-01	3.390000e-01	9.308000e+00
2.596107e+04	4.460000e-01	-2.880000e-01	1.437200e+01	3.958000e+00	2.744000e+00	2.840000e-01	-9.040000e-01	6.090000e-01	1.008800e+01
3.941060e+04	4.460000e-01	-2.130000e-01	1.269200e+01	5.000000e-01	5.782000e+00	1.520000e-01	-6.450000e-01	-1.770000e-01	8.768000e+00
4.239320e+02	4.520000e-01	-1.125000e+00	1.462400e+01	2.607000e+00	1.722000e+00	3.010000e-01	-8.590000e-01	5.820000e-01	9.998000e+00
1.013504e+05	4.520000e-01	-3.750000e-01	9.824000e+00	2.320000e+00	3.598000e+00	4.510000e-01	-9.200000e-01	2.430000e-01	8.456000e+00
2.775814e+04	4.520000e-01	-2.760000e-01	1.130000e+01	2.138000e+00	2.436000e+00	8.100000e-02	-8.450000e-01	2.160000e-01	9.938000e+00
1.283075e+05	4.520000e-01	-1.080000e-01	1.179200e+01	3.412000e+00	6.776000e+00	2.500000e-02	-8.790000e-01	3.600000e-02	9.320000e+00
1.350069e+05	4.520000e-01	-9.900000e-02	1.073600e+01	8.010000e-01	1.904000e+00	4.280000e-01	-8.960000e-01	1.260000e-01	8.798000e+00
5.061626e+02	4.580000e-01	-1.119000e+00	1.361600e+01	2.971000e+00	3.864000e+00	2.720000e-01	-6.570000e-01	-2.700000e-02	1.044200e+01
2.891303e+02	4.580000e-01	-8.640000e-01	1.360400e+01	3.195000e+00	3.360000e+00	1.930000e-01	-8.350000e-01	-1.620000e-01	1.061600e+01
2.721618e+04	4.580000e-01	-5.820000e-01	1.052000e+01	3.188000e+00	1.386000e+00	2.840000e-01	-8.370000e-01	-2.190000e-01	8.912000e+00
6.492482e+02	4.580000e-01	-4.980000e-01	1.167200e+01	6.400000e-01	5.656000e+00	1.330000e-01	-7.800000e-01	-5.460000e-01	1.064000e+01
2.635044e+04	4.580000e-01	-4.470000e-01	1.385600e+01	3.356000e+00	5.978000e+00	4.840000e-01	-6.220000e-01	-4.950000e-01	9.122000e+00
1.361788e+02	4.640000e-01	-1.035000e+00	1.434800e+01	3.293000e+00	5.670000e+00	2.990000e-01	-6.700000e-01	-4.110000e-01	8.516000e+00
3.468229e+02	4.640000e-01	-1.014000e+00	1.337600e+01	1.865000e+00	4.620000e-01	2.450000e-01	-8.010000e-01	-3.390000e-01	8.324000e+00
7.545134e+03	4.640000e-01	-9.330000e-01	1.049600e+01	1.774000e+00	6.272000e+00	2.690000e-01	-5.670000e-01	-3.420000e-01	9.308000e+00
8.413219e+04	4.640000e-01	-7.680000e-01	9.620000e+00	1.438000e+00	1.120000e-01	2.310000e-01	-5.870000e-01	-1.950000e-01	9.260000e+00
9.523701e+03	4.640000e-01	-2.490000e-01	1.295600e+01	1.081000e+00	8.120000e-01	9.000000e-02	-9.200000e-01	-4.020000e-01	1.013600e+01
1.625811e+03	4.700000e-01	-1.101000e+00	1.118000e+01	3.874000e+00	1.148000e+00	3.040000e-01	-8.700000e-01	1.290000e-01	1.090400e+01
4.555564e+03	4.700000e-01	-1.041000e+00	1.192400e+01	1.536000e+00	3.640000e-01	2.420000e-01	-9.100000e-01	3.300000e-02	1.040600e+01
2.713928e+02	4.700000e-01	-9.150000e-01	1.265600e+01	2.880000e+00	1.400000e+00	1.390000e-01	-9.460000e-01	-1.980000e-01	9.332000e+00
2.168686e+03	4.700000e-01	-5.880000e-01	1.254800e+01	2.775000e+00	4.564000e+00	1.370000e-01	-5.600000e-01	-5.010000e-01	1.035800e+01
1.472539e+05	4.700000e-01	-5.400000e-02	1.055600e+01	3.069000e+00	4.578000e+00	7.800000e-02	-9.040000e-01	4.440000e-01	9.704000e+00
1.020586e+03	4.760000e-01	-1.389000e+00	1.245200e+01	1.501000e+00	3.038000e+00	1.590000e-01	-5.290000e-01	-6.900000e-02	8.516000e+00
1.199700e+03	4.760000e-01	-9.240000e-01	1.268000e+01	3.986000e+00	1.624000e+00	4.100000e-01	-8.760000e-01	-7.320000e-01	8.498000e+00
1.799432e+02	4.760000e-01	-8.760000e-01	1.376000e+01	3.769000e+00	7.140000e-01	2.430000e-01	-7.970000e-01	4.020000e-01	8.732000e+00
6.566526e+03	4.760000e-01	-7.770000e-01	1.090400e+01	2.894000e+00	1.834000e+00	1.690000e-01	-8.400000e-01	4.020000e-01	8.738000e+00
1.603750e+03	4.760000e-01	-5.490000e-01	1.218800e+01	1.795000e+00	5.922000e+00	3.690000e-01	-7.760000e-01	-5.670000e-01	1.083800e+01
4.668820e+02	4.820000e-01	-7.230000e-01	1.529600e+01	8.920000e-01	5.250000e+00	4.000000e-02	-6.490000e-01	-2.640000e-01	9.452000e+00
1.232644e+04	4.820000e-01	-2.910000e-01	1.415600e+01	1.627000e+00	4.550000e+00	3.320000e-01	-8.750000e-01	5.580000e-01	1.052000e+01
2.106517e+04	4.820000e-01	-2.100000e-01	1.298000e+01	3.314000e+00	5.460000e+00	1.100000e-02	-7.620000e-01	7.410000e-01	1.020800e+01
1.746528e+05	4.820000e-01	-1.020000e-01	1.107200e+01	2.824000e+00	2.240000e-01	1.890000e-01	-5.240000e-01	-4.380000e-01	8.864000e+00
1.492006e+05	4.820000e-01	-5.400000e-02	1.320800e+01	3.223000e+00	4.522000e+00	3.210000e-01	-8.310000e-01	-1.920000e-01	9.350000e+00
5.119463e+02	4.880000e-01	-9.390000e-01	1.397600e+01	2.635000e+00	4.242000e+00	1.120000e-01	-5.030000e-01	-7.080000e-01	1.011800e+01
8.284419e+02	4.880000e-01	-8.940000e-01	1.373600e+01	3.139000e+00	1.554000e+00	4.850000e-01	-8.800000e-01	-6.180000e-01	8.462000e+00
1.039304e+04	4.880000e-01	-6.030000e-01	1.172000e+01	3.020000e+00	2.142000e+00	2.940000e-01	-7.440000e-01	1.350000e-01	9.038000e+00
1.064880e+04	4.880000e-01	-3.240000e-01	1.247600e+01	7.590000e-01	4.060000e-01	3.490000e-01	-7.680000e-01	-5.250000e-01	1.029800e+01
1.219411e+05	4.880000e-01	-4.800000e-02	1.427600e+01	2.047000e+00	4.970000e+00	1.980000e-01	-8.090000e-01	9.300000e-02	9.050000e+00
3.118845e+03	4.940000e-01	-1.371000e+00	1.265600e+01	3.048000e+00	6.286000e+00	1.580000e-01	-9.110000e-01	-4.560000e-01	9.296000e+00
2.875761e+03	4.940000e-01	-1.044000e+00	1.091600e+01	3.811000e+00	5.320000e-01	3.180000e-01	-9.680000e-01	1.020000e-01	8.816000e+00
2.576189e+03	4.940000e-01	-5.250000e-01	1.383200e+01	1.046000e+00	4.340000e+00	2.050000e-01	-9.040000e-01	4.350000e-01	9.890000e+00
3.072296e+04	4.940000e-01	-3.900000e-01	1.460000e+01	3.797000e+00	2.408000e+00	4.800000e-01	-7.170000e-01	4.500000e-01	8.948000e+00
2.080416e+05	4.940000e-01	-4.200000e-02	9.980000e+00	3.832000e+00	6.328000e+00	2.720000e-01	-9.800000e-01	-5.430000e-01	9.692000e+00
1.058583e+03	5.000000e-01	-1.461000e+00	1.500800e+01	6.610000e-01	6.580000e-01	2.270000e-01	-5.210000e-01	5.400000e-01	9.302000e+00
3.089912e+03	5.000000e-01	-1.113000e+00	1.038800e+01	6.960000e-01	4.578000e+00	1.900000e-02	-7.840000e-01	-4.530000e-01	1.004600e+01
4.349499e+03	5.000000e-01	-9.780000e-01	1.115600e+01	3.447000e+00	2.646000e+00	2.940000e-01	-5.970000e-01	-4.380000e-01	9.104000e+00
2.436490e+03	5.000000e-01	-4.590000e-01	1.407200e+01	6.820000e-01	6.454000e+00	1.810000e-01	-5.330000e-01	-1.050000e-01	1.017800e+01
7.074883e+04	5.000000e-01	-1.320000e-01	1.233200e+01	1.445000e+00	7.000000e-01	3.410000e-01	-5.900000e-01	4.530000e-01	9.698000e+00
4.718185e+03	5.060000e-01	-1.455000e+00	1.071200e+01	2.446000e+00	2.016000e+00	3.010000e-01	-6.920000e-01	-9.600000e-02	9.944000e+00
1.553652e+03	5.060000e-01	-1.179000e+00	1.251200e+01	3.734000e+00	6.580000e+00	1.500000e-01	-7.330000e-01	5.220000e-01	8.696000e+00
1.811264e+02	5.060000e-01	-9.000000e-01	1.326800e+01	1.473000e+00	4.844000e+00	2.050000e-01	-7.570000e-01	-1.380000e-01	9.956000e+00
7.048650e+02	5.060000e-01	-6.090000e-01	1.125200e+01	1.354000e+00	5.432000e+00	1.400000e-02	-6.210000e-01	6.150000e-01	1.053200e+01
1.581678e+04	5.060000e-01	-5.640000e-01	1.101200e+01	1.858000e+00	2.744000e+00	3.870000e-01	-9.980000e-01	7.050000e-01	8.876000e+00
4.300982e+03	5.120000e-01	-1.449000e+00	1.178000e+01	1.270000e+00	2.464000e+00	1.780000e-01	-6.700000e-01	1.890000e-01	9.644000e+00
1.276458e+03	5.120000e-01	-1.401000e+00	1.391600e+01	1.669000e+00	6.762000e+00	3.100000e-01	-9.770000e-01	4.350000e-01	1.013000e+01
8.489274e+02	5.120000e-01	-1.293000e+00	1.200800e+01	1.179000e+00	1.526000e+00	4.880000e-01	-7.390000e-01	-7.440000e-01	8.786000e+00
2.241836e+03	5.120000e-01	-1.212000e+00	1.083200e+01	2.866000e+00	2.436000e+00	1.670000e-01	-6.260000e-01	-5.610000e-01	8.474000e+00
3.929731e+04	5.120000e-01	-7.800000e-01	9.692000e+00	3.601000e+00	1.736000e+00	4.590000e-01	-8.520000e-01	2.610000e-01	9.542000e+00
3.842470e+02	5.180000e-01	-9.540000e-01	1.280000e+01	2.698000e+00	1.064000e+00	1.300000e-01	-7.250000e-01	5.640000e-01	8.156000e+00
4.900646e+02	5.180000e-01	-7.260000e-01	1.408400e+01	1.599000e+00	5.152000e+00	3.300000e-01	-6.610000e-01	-4.050000e-01	1.025600e+01
1.314635e+03	5.180000e-01	-6.270000e-01	1.122800e+01	7.240000e-01	6.272000e+00	2.560000e-01	-7.040000e-01	-4.050000e-01	1.026200e+01
5.751127e+02	5.180000e-01	-5.790000e-01	1.230800e+01	5.070000e-01	5.362000e+00	8.900000e-02	-6.250000e-01	7.290000e-01	1.049600e+01
5.640827e+04	5.180000e-01	-1.140000e-01	1.253600e+01	2.992000e+00	3.948000e+00	3.400000e-01	-9.720000e-01	6.600000e-02	1.047800e+01
1.435526e+03	5.240000e-01	-1.449000e+00	1.443200e+01	1.424000e+00	2.408000e+00	4.210000e-01	-5.970000e-01	-4.470000e-01	9.290000e+00
2.900489e+02	5.240000e-01	-9.150000e-01	1.244000e+01	1.718000e+00	2.422000e+00	3.620000e-01	-9.410000e-01	4.980000e-01	8.636000e+00
4.437761e+03	5.240000e-01	-5.880000e-01	1.233200e+01	1.613000e+00	5.586000e+00	3.600000e-01	-5.550000e-01	1.950000e-01	9.662000e+00
1.743627e+04	5.240000e-01	-4.620000e-01	1.306400e+01	2.957000e+00	6.622000e+00	2.570000e-01	-5.910000e-01	-3.600000e-02	8.588000e+00
1.144848e+04	5.240000e-01	-4.020000e-01	1.380800e+01	6.190000e-01	5.838000e+00	1.950000e-01	-6.310000e-01	-1.320000e-01	8.090000e+00
1.987466e+03	5.300000e-01	-1.254000e+00	1.203200e+01	3.412000e+00	6.174000e+00	4.090000e-01	-5.810000e-01	3.990000e-01	8.858000e+00
6.144348e+02	5.300000e-01	-7.350000e-01	1.536800e+01	3.055000e+00	6.874000e+00	2.680000e-01	-9.140000e-01	1.920000e-01	9.734000e+00
2.438373e+03	5.300000e-01	-5.700000e-01	1.449200e+01	2.719000e+00	7.140000e-01	2.300000e-01	-9.340000e-01	3.390000e-01	9.686000e+00
3.186287e+03	5.300000e-01	-4.890000e-01	1.161200e+01	2.628000e+00	6.524000e+00	2.540000e-01	-7.000000e-01	3.360000e-01	1.067000e+01
1.663886e+04	5.300000e-01	-4.680000e-01	1.064000e+01	1.200000e+00	1.316000e+00	2.000000e-01	-8.310000e-01	4.080000e-01	1.047800e+01
7.781651e+03	5.360000e-01	-1.056000e+00	1.113200e+01	1.137000e+00	1.008000e+00	1.500000e-02	-8.790000e-01	4.920000e-01	9.872000e+00
1.493643e+02	5.360000e-01	-1.005000e+00	1.331600e+01	3.853000e+00	1.330000e+00	3.660000e-01	-7.210000e-01	5.430000e-01	8.354000e+00
2.534998e+02	5.360000e-01	-9.210000e-01	1.446800e+01	1.305000e+00	5.600000e+00	2.150000e-01	-6.640000e-01	2.160000e-01	1.008200e+01
4.672472e+03	5.360000e-01	-6.390000e-01	1.138400e+01	1.298000e+00	3.626000e+00	3.060000e-01	-6.660000e-01	1.590000e-01	8.378000e+00
2.157701e+04	5.360000e-01	-3.840000e-01	1.137200e+01	1.522000e+00	3.122000e+00	2.270000e-01	-8.440000e-01	2.400000e-02	8.552000e+00
2.565005e+03	5.420000e-01	-1.404000e+00	1.425200e+01	3.692000e+00	5.082000e+00	7.100000e-02	-6.050000e-01	-1.290000e-01	1.019600e+01
1.474453e+03	5.420000e-01	-1.395000e+00	1.319600e+01	1.081000e+00	2.100000e-01	4.740000e-01	-6.220000e-01	-3.900000e-02	9.674000e+00
2.916976e+02	5.420000e-01	-1.227000e+00	1.368800e+01	2.355000e+00	4.550000e+00	4.180000e-01	-6.560000e-01	-2.190000e-01	9.056000e+00
1.077072e+03	5.420000e-01	-1.128000e+00	1.516400e+01	2.173000e+00	3.388000e+00	4.800000e-02	-5.810000e-01	-2.460000e-01	1.053800e+01
5.457941e+04	5.420000e-01	-3.780000e-01	1.036400e+01	1.886000e+00	5.264000e+00	1.980000e-01	-6.420000e-01	-5.850000e-01	8.996000e+00
1.523467e+03	5.480000e-01	-1.290000e+00	1.229600e+01	3.993000e+00	1.204000e+00	3.470000e-01	-8.560000e-01	1.740000e-01	1.022600e+01
5.183299e+03	5.480000e-01	-1.215000e+00	1.061600e+01	5.350000e-01	4.242000e+00	2.150000e-01	-5.970000e-01	-6.120000e-01	8.906000e+00
3.329274e+02	5.480000e-01	-7.560000e-01	1.268000e+01	1.977000e+00	3.248000e+00	9.600000e-02	-7.560000e-01	-3.420000e-01	9.686000e+00
9.693417e+02	5.480000e-01	-6.390000e-01	1.527200e+01	1.991000e+00	8.540000e-01	1.930000e-01	-9.010000e-01	-5.400000e-02	9.518000e+00
6.586304e+04	5.480000e-01	-9.000000e-03	1.270400e+01	3.272000e+00	0.000000e+00	4.750000e-01	-7.150000e-01	6.510000e-01	1.064000e+01
5.187457e+03	5.540000e-01	-1.404000e+00	1.232000e+01	1.606000e+00	5.320000e+00	4.510000e-01	-9.340000e-01	-5.670000e-01	9.446000e+00
1.654206e+04	5.540000e-01	-9.300000e-01	1.122800e+01	3.664000e+00	6.034000e+00	3.340000e-01	-6.160000e-01	1.620000e-01	8.192000e+00
1.402521e+04	5.540000e-01	-4.980000e-01	1.533200e+01	3.874000e+00	1.736000e+00	4.840000e-01	-7.390000e-01	6.750000e-01	9.416000e+00
1.204479e+04	5.540000e-01	-3.630000e-01	1.528400e+01	1.620000e+00	6.230000e+00	9.600000e-02	-9.050000e-01	-2.430000e-01	8.318000e+00
1.071937e+05	5.540000e-01	-7.500000e-02	1.334000e+01	1.088000e+00	4.158000e+00	7.700000e-02	-5.710000e-01	1.590000e-01	8.366000e+00
1.265088e+03	5.600000e-01	-5.100000e-01	1.110800e+01	2.607000e+00	4.970000e+00	1.380000e-01	-9.400000e-01	2.040000e-01	1.085600e+01
1.665232e+04	5.600000e-01	-4.110000e-01	1.379600e+01	3.517000e+00	3.948000e+00	3.790000e-01	-7.140000e-01	1.110000e-01	1.013600e+01
3.768596e+03	5.600000e-01	-3.360000e-01	1.272800e+01	9.060000e-01	3.024000e+00	6.500000e-02	-8.470000e-01	-1.500000e-01	1.026800e+01
2.174358e+04	5.600000e-01	-2.190000e-01	1.161200e+01	3.559000e+00	5.894000e+00	4.210000e-01	-8.240000e-01	3.240000e-01	1.056200e+01
1.612249e+05	5.600000e-01	-8.700000e-02	1.246400e+01	3.398000e+00	5.726000e+00	1.190000e-01	-6.450000e-01	-7.140000e-01	8.054000e+00
9.765644e+03	5.660000e-01	-1.482000e+00	1.359200e+01	3.888000e+00	4.900000e+00	1.350000e-01	-9.780000e-01	-5.100000e-02	9.140000e+00
1.734861e+04	5.660000e-01	-8.220000e-01	1.025600e+01	3.790000e+00	6.762000e+00	3.420000e-01	-8.130000e-01	4.800000e-02	1.036400e+01
6.558514e+04	5.660000e-01	-2.730000e-01	1.144400e+01	3.951000e+00	6.300000e-01	2.000000e-02	-5.270000e-01	4.080000e-01	9.278000e+00
6.396291e+04	5.660000e-01	-6.000000e-02	1.389200e+01	6.680000e-01	5.894000e+00	2.330000e-01	-9.490000e-01	-3.450000e-01	9.860000e+00
2.346082e+04	5.660000e-01	-1.200000e-02	1.372400e+01	7.310000e-01	2.520000e+00	4.700000e-01	-7.540000e-01	4.500000e-02	1.093400e+01
2.567401e+02	5.720000e-01	-1.092000e+00	1.323200e+01	3.118000e+00	6.594000e+00	3.200000e-01	-7.910000e-01	8.400000e-02	9.536000e+00
1.678848e+02	5.720000e-01	-9.420000e-01	1.422800e+01	8.150000e-01	5.082000e+00	3.770000e-01	-7.260000e-01	5.100000e-02	1.052000e+01
6.039740e+03	5.720000e-01	-7.470000e-01	1.065200e+01	3.853000e+00	1.596000e+00	1.950000e-01	-8.400000e-01	-6.540000e-01	1.077800e+01
9.081097e+03	5.720000e-01	-7.290000e-01	1.223600e+01	3.349000e+00	5.936000e+00	4.540000e-01	-7.840000e-01	-1.440000e-01	1.020800e+01
1.193935e+04	5.720000e-01	-3.450000e-01	1.480400e+01	1.396000e+00	6.160000e+00	4.000000e-03	-7.900000e-01	6.630000e-01	8.642000e+00
1.611100e+03	5.780000e-01	-1.344000e+00	9.752000e+00	1.991000e+00	4.004000e+00	3.740000e-01	-9.440000e-01	6.300000e-01	1.076600e+01
1.349373e+03	5.780000e-01	-1.272000e+00	1.104800e+01	3.566000e+00	1.092000e+00	3.100000e-01	-7.760000e-01	4.170000e-01	8.306000e+00
1.154105e+04	5.780000e-01	-1.134000e+00	1.031600e+01	5.630000e-01	2.954000e+00	2.140000e-01	-7.990000e-01	1.410000e-01	8.714000e+00
5.829968e+03	5.780000e-01	-9.720000e-01	1.028000e+01	8.220000e-01	4.172000e+00	4.300000e-01	-6.390000e-01	4.320000e-01	9.656000e+00
1.283613e+03	5.780000e-01	-8.100000e-01	1.316000e+01	3.356000e+00	5.880000e+00	1.190000e-01	-9.230000e-01	-6.660000e-01	8.390000e+00
9.632830e+02	5.840000e-01	-1.419000e+00	1.389200e+01	2.677000e+00	1.176000e+00	2.420000e-01	-5.390000e-01	1.230000e-01	8.312000e+00
5.786683e+02	5.840000e-01	-1.116000e+00	1.389200e+01	3.489000e+00	2.730000e+00	1.410000e-01	-6.810000e-01	-6.420000e-01	9.362000e+00
6.792326e+03	5.840000e-01	-9.690000e-01	1.011200e+01	8.990000e-01	2.898000e+00	2.860000e-01	-5.670000e-01	3.990000e-01	9.908000e+00
2.232758e+03	5.840000e-01	-5.580000e-01	1.379600e+01	3.461000e+00	2.450000e+00	4.380000e-01	-9.100000e-01	-5.760000e-01	1.088600e+01
6.506705e+04	5.840000e-01	-1.230000e-01	1.155200e+01	1.200000e+00	4.620000e+00	2.500000e-02	-6.800000e-01	6.120000e-01	9.026000e+00
3.069281e+03	5.900000e-01	-1.323000e+00	1.281200e+01	3.055000e+00	4.214000e+00	3.540000e-01	-9.600000e-01	-7.110000e-01	1.063400e+01
4.182026e+03	5.900000e-01	-1.224000e+00	1.084400e+01	3.636000e+00	3.066000e+00	2.700000e-01	-8.360000e-01	2.730000e-01	9.566000e+00
4.204977e+02	5.900000e-01	-1.146000e+00	1.262000e+01	3.720000e+00	4.480000e-01	2.410000e-01	-9.390000e-01	-1.740000e-01	8.162000e+00
2.308165e+02	5.900000e-01	-1.086000e+00	1.388000e+01	1.466000e+00	2.520000e-01	4.470000e-01	-6.240000e-01	-3.600000e-01	1.008800e+01
1.494662e+05	5.900000e-01	-3.600000e-02	1.199600e+01	8.220000e-01	5.278000e+00	4.200000e-01	-9.350000e-01	3.480000e-01	9.146000e+00
1.461365e+04	5.960000e-01	-1.251000e+00	9.608000e+00	9.900000e-01	1.260000e-01	1.480000e-01	-6.990000e-01	-2.550000e-01	1.097000e+01
1.677537e+04	5.960000e-01	-1.020000e+00	9.704000e+00	3.454000e+00	1.386000e+00	2.910000e-01	-9.540000e-01	-2.820000e-01	1.052600e+01
2.421745e+04	5.960000e-01	-6.240000e-01	1.108400e+01	3.111000e+00	1.988000e+00	4.460000e-01	-5.880000e-01	2.880000e-01	8.684000e+00
7.316544e+04	5.960000e-01	-1.380000e-01	1.487600e+01	2.369000e+00	5.012000e+00	1.280000e-01	-9.730000e-01	-4.050000e-01	8.120000e+00
7.526667e+04	5.960000e-01	-1.290000e-01	1.019600e+01	2.705000e+00	7.000000e-02	3.650000e-01	-5.800000e-01	-3.300000e-02	1.025000e+01
1.169332e+03	6.020000e-01	-1.467000e+00	1.324400e+01	8.080000e-01	5.866000e+00	4.610000e-01	-7.090000e-01	2.760000e-01	1.052000e+01
5.192940e+03	6.020000e-01	-1.419000e+00	1.502000e+01	2.453000e+00	6.678000e+00	3.750000e-01	-8.470000e-01	1.380000e-01	8.846000e+00
1.870655e+02	6.020000e-01	-9.480000e-01	1.338800e+01	3.321000e+00	2.772000e+00	1.800000e-01	-5.940000e-01	3.330000e-01	1.011800e+01
6.613211e+03	6.020000e-01	-3.420000e-01	1.426400e+01	2.803000e+00	4.270000e+00	3.930000e-01	-6.430000e-01	4.260000e-01	1.089200e+01
4.429501e+05	6.020000e-01	-2.550000e-01	9.836000e+00	1.004000e+00	2.520000e-01	7.000000e-02	-6.770000e-01	4.770000e-01	9.284000e+00
6.831522e+03	6.080000e-01	-1.386000e+00	1.092800e+01	2.180000e+00	4.130000e+00	1.130000e-01	-9.470000e-01	-9.900000e-02	8.864000e+00
4.317814e+03	6.080000e-01	-1.305000e+00	1.079600e+01	2.572000e+00	5.054000e+00	3.360000e-01	-5.420000e-01	-3.360000e-01	8.432000e+00
3.302913e+03	6.080000e-01	-1.074000e+00	1.181600e+01	2.726000e+00	1.820000e-01	2.640000e-01	-8.450000e-01	-4.590000e-01	8.702000e+00
5.271084e+03	6.080000e-01	-6.930000e-01	1.258400e+01	6.610000e-01	7.280000e-01	3.700000e-01	-5.080000e-01	-1.590000e-01	8.870000e+00
1.798436e+05	6.080000e-01	-5.700000e-02	1.216400e+01	2.649000e+00	1.834000e+00	2.700000e-01	-6.840000e-01	6.810000e-01	8.024000e+00
9.882186e+03	6.140000e-01	-1.353000e+00	1.037600e+01	2.530000e+00	7.560000e-01	6.400000e-02	-8.160000e-01	6.270000e-01	1.044200e+01
5.867854e+02	6.140000e-01	-1.320000e+00	1.272800e+01	3.937000e+00	3.808000e+00	1.370000e-01	-9.120000e-01	-5.670000e-01	8.588000e+00
6.818419e+02	6.140000e-01	-9.480000e-01	1.545200e+01	2.488000e+00	4.200000e+00	1.800000e-02	-7.190000e-01	-1.110000e-01	9.320000e+00
1.597045e+04	6.140000e-01	-8.880000e-01	1.052000e+01	2.432000e+00	4.144000e+00	4.660000e-01	-5.500000e-01	-5.760000e-01	8.822000e+00
9.166176e+03	6.140000e-01	-4.710000e-01	1.221200e+01	9.410000e-01	5.502000e+00	4.490000e-01	-9.820000e-01	-6.150000e-01	9.932000e+00
1.098084e+03	6.200000e-01	-1.365000e+00	1.248800e+01	5.980000e-01	5.320000e+00	3.250000e-01	-6.100000e-01	-4.290000e-01	9.026000e+00
3.834884e+02	6.200000e-01	-8.700000e-01	1.503200e+01	3.251000e+00	1.260000e-01	3.890000e-01	-8.030000e-01	2.970000e-01	9.164000e+00
3.226621e+02	6.200000e-01	-8.400000e-01	1.294400e+01	1.809000e+00	2.646000e+00	9.500000e-02	-7.070000e-01	2.100000e-02	1.025000e+01
4.029381e+04	6.200000e-01	-3.600000e-01	1.104800e+01	1.193000e+00	3.696000e+00	4.590000e-01	-5.270000e-01	-1.170000e-01	8.240000e+00
1.671900e+05	6.200000e-01	-4.500000e-02	1.522400e+01	3.349000e+00	4.200000e+00	4.260000e-01	-8.880000e-01	-9.900000e-02	8.930000e+00
4.967028e+03	6.260000e-01	-1.380000e+00	1.018400e+01	1.543000e+00	6.636000e+00	3.080000e-01	-9.610000e-01	7.260000e-01	9.836000e+00
9.697704e+02	6.260000e-01	-1.086000e+00	1.480400e+01	1.207000e+00	5.348000e+00	1.000000e-03	-8.780000e-01	4.530000e-01	8.426000e+00
5.202620e+02	6.260000e-01	-1.038000e+00	1.264400e+01	2.754000e+00	2.338000e+00	2.000000e-01	-5.570000e-01	-1.800000e-01	1.078400e+01
5.258846e+04	6.260000e-01	-5.370000e-01	9.980000e+00	2.012000e+00	2.730000e+00	2.320000e-01	-7.710000e-01	3.570000e-01	8.702000e+00
7.633043e+03	6.260000e-01	-4.290000e-01	1.406000e+01	5.210000e-01	1.750000e+00	1.560000e-01	-7.250000e-01	3.660000e-01	8.792000e+00
3.374625e+03	6.320000e-01	-1.254000e+00	1.078400e+01	3.559000e+00	2.184000e+00	3.760000e-01	-6.230000e-01	4.410000e-01	9.530000e+00
8.878696e+02	6.320000e-01	-1.113000e+00	1.227200e+01	2.719000e+00	5.390000e+00	2.470000e-01	-6.150000e-01	5.790000e-01	9.062000e+00
7.349614e+02	6.320000e-01	-9.060000e-01	1.488800e+01	1.368000e+00	6.454000e+00	1.500000e-02	-8.450000e-01	-5.460000e-01	9.950000e+00
5.130716e+04	6.320000e-01	-3.630000e-01	9.980000e+00	3.622000e+00	2.744000e+00	4.900000e-02	-9.440000e-01	2.610000e-01	1.023800e+01
3.534839e+04	6.320000e-01	-2.850000e-01	1.382000e+01	3.594000e+00	6.860000e-01	2.310000e-01	-7.560000e-01	6.000000e-02	9.128000e+00
4.226180e+02	6.380000e-01	-1.293000e+00	1.420400e+01	3.195000e+00	1.470000e+00	4.770000e-01	-5.580000e-01	7.050000e-01	1.041800e+01
1.794403e+04	6.380000e-01	-5.430000e-01	1.217600e+01	2.705000e+00	4.074000e+00	4.400000e-01	-7.260000e-01	3.900000e-02	9.146000e+00
4.146172e+04	6.380000e-01	-2.370000e-01	1.246400e+01	1.417000e+00	2.254000e+00	4.720000e-01	-5.520000e-01	-5.100000e-01	9.794000e+00
6.669021e+04	6.380000e-01	-1.110000e-01	1.533200e+01	6.540000e-01	4.060000e-01	1.900000e-01	-8.830000e-01	5.280000e-01	9.572000e+00
2.360603e+05	6.380000e-01	-5.400000e-02	1.179200e+01	3.251000e+00	8.120000e-01	2.020000e-01	-7.200000e-01	-5.040000e-01	8.096000e+00
2.042538e+03	6.440000e-01	-1.431000e+00	1.294400e+01	2.467000e+00	4.452000e+00	1.630000e-01	-5.070000e-01	-1.230000e-01	1.017200e+01
1.425225e+03	6.440000e-01	-6.990000e-01	1.193600e+01	1.550000e+00	3.234000e+00	3.880000e-01	-5.470000e-01	3.870000e-01	1.045400e+01
9.494280e+03	6.440000e-01	-5.370000e-01	1.252400e+01	3.475000e+00	3.920000e+00	8.400000e-02	-7.060000e-01	-5.280000e-01	9.596000e+00
2.883059e+03	6.440000e-01	-4.920000e-01	1.169600e+01	8.640000e-01	6.062000e+00	1.870000e-01	-5.310000e-01	3.960000e-01	9.980000e+00
1.924091e+05	6.440000e-01	-1.200000e-02	1.524800e+01	1.382000e+00	4.214000e+00	3.910000e-01	-5.200000e-01	-2.580000e-01	8.258000e+00
2.016702e+03	6.500000e-01	-1.233000e+00	1.299200e+01	2.229000e+00	6.020000e-01	1.400000e-01	-9.860000e-01	-5.100000e-01	9.980000e+00
4.742863e+02	6.500000e-01	-9.510000e-01	1.342400e+01	1.326000e+00	3.206000e+00	1.320000e-01	-6.410000e-01	-3.630000e-01	9.404000e+00
3.039278e+02	6.500000e-01	-8.670000e-01	1.532000e+01	2.537000e+00	5.614000e+00	1.680000e-01	-9.090000e-01	-2.610000e-01	1.023200e+01
7.528312e+03	6.500000e-01	-7.410000e-01	1.076000e+01	1.046000e+00	1.806000e+00	1.120000e-01	-5.440000e-01	-3.300000e-01	1.037600e+01
2.220959e+05	6.500000e-01	-3.300000e-02	1.067600e+01	1.627000e+00	5.698000e+00	3.980000e-01	-6.380000e-01	1.680000e-01	8.498000e+00
2.928528e+03	6.560000e-01	-1.101000e+00	1.108400e+01	1.781000e+00	6.454000e+00	1.510000e-01	-8.190000e-01	6.570000e-01	8.660000e+00
3.923494e+02	6.560000e-01	-9.240000e-01	1.401200e+01	3.818000e+00	5.320000e-01	7.300000e-02	-6.910000e-01	3.750000e-01	9.620000e+00
6.260983e+03	6.560000e-01	-6.420000e-01	1.366400e+01	3.832000e+00	3.738000e+00	3.410000e-01	-8.350000e-01	-6.600000e-01	9.446000e+00
3.708168e+04	6.560000e-01	-5.010000e-01	1.077200e+01	2.299000e+00	6.846000e+00	4.500000e-02	-6.360000e-01	8.700000e-02	8.210000e+00
1.106970e+05	6.560000e-01	-3.090000e-01	1.107200e+01	3.524000e+00	6.510000e+00	7.300000e-02	-5.800000e-01	7.230000e-01	8.060000e+00
4.495298e+03	6.620000e-01	-1.437000e+00	1.468400e+01	2.103000e+00	4.368000e+00	3.000000e-02	-7.630000e-01	-8.100000e-02	9.692000e+00
2.049126e+03	6.620000e-01	-1.335000e+00	1.150400e+01	3.405000e+00	2.562000e+00	3.100000e-02	-7.130000e-01	3.090000e-01	1.031600e+01
5.462036e+02	6.620000e-01	-1.146000e+00	1.314800e+01	3.559000e+00	6.636000e+00	1.620000e-01	-6.230000e-01	-3.240000e-01	9.182000e+00
4.658041e+02	6.620000e-01	-1.065000e+00	1.520000e+01	1.711000e+00	3.458000e+00	2.240000e-01	-9.800000e-01	-5.940000e-01	9.368000e+00
4.347009e+04	6.620000e-01	-7.800000e-02	1.328000e+01	3.489000e+00	6.440000e-01	6.600000e-02	-8.260000e-01	-7.200000e-02	1.016000e+01
6.145275e+02	6.680000e-01	-1.134000e+00	1.430000e+01	1.669000e+00	3.528000e+00	2.190000e-01	-5.530000e-01	-2.520000e-01	1.001600e+01
1.899456e+03	6.680000e-01	-9.300000e-01	1.257200e+01	3.363000e+00	4.690000e+00	3.270000e-01	-6.020000e-01	-4.260000e-01	9.140000e+00
6.896730e+02	6.680000e-01	-8.760000e-01	1.293200e+01	7.870000e-01	6.300000e+00	3.790000e-01	-7.860000e-01	-3.990000e-01	8.840000e+00
7.540789e+03	6.680000e-01	-3.120000e-01	1.066400e+01	3.321000e+00	4.830000e+00	3.150000e-01	-6.460000e-01	-2.220000e-01	1.080800e+01
1.166822e+05	6.680000e-01	-2.010000e-01	1.017200e+01	3.643000e+00	4.956000e+00	4.100000e-01	-8.190000e-01	6.810000e-01	9.986000e+00
5.130082e+04	6.740000e-01	-1.467000e+00	1.017200e+01	2.544000e+00	2.940000e-01	2.230000e-01	-7.220000e-01	1.740000e-01	8.972000e+00
3.872117e+04	6.740000e-01	-1.194000e+00	9.812000e+00	3.370000e+00	1.400000e-01	4.970000e-01	-7.220000e-01	-4.290000e-01	9.038000e+00
6.274686e+02	6.740000e-01	-7.860000e-01	1.360400e+01	7.660000e-01	5.488000e+00	1.020000e-01	-7.500000e-01	3.420000e-01	1.015400e+01
9.657604e+03	6.740000e-01	-6.060000e-01	1.100000e+01	2.376000e+00	6.272000e+00	2.350000e-01	-9.280000e-01	5.910000e-01	1.019000e+01
5.818186e+03	6.740000e-01	-4.800000e-01	1.287200e+01	1.305000e+00	1.218000e+00	1.940000e-01	-5.600000e-01	6.840000e-01	9.386000e+00
5.090655e+02	6.800000e-01	-8.970000e-01	1.390400e+01	3.643000e+00	5.502000e+00	6.800000e-02	-8.280000e-01	5.010000e-01	1.099400e+01
2.562539e+03	6.800000e-01	-6.750000e-01	1.293200e+01	1.704000e+00	4.326000e+00	3.850000e-01	-7.030000e-01	-5.040000e-01	9.332000e+00
2.788698e+02	6.800000e-01	-6.720000e-01	1.493600e+01	3.174000e+00	5.586000e+00	1.970000e-01	-5.540000e-01	3.000000e-02	1.070000e+01
4.400096e+04	6.800000e-01	-3.150000e-01	1.239200e+01	2.348000e+00	8.960000e-01	3.810000e-01	-9.230000e-01	-3.240000e-01	8.504000e+00
1.376969e+04	6.800000e-01	-1.470000e-01	1.355600e+01	1.312000e+00	4.634000e+00	2.400000e-01	-8.930000e-01	9.900000e-02	1.080800e+01
2.696456e+03	6.860000e-01	-1.329000e+00	1.254800e+01	1.592000e+00	4.242000e+00	3.980000e-01	-8.080000e-01	-6.300000e-02	8.096000e+00
1.333743e+03	6.860000e-01	-1.227000e+00	1.302800e+01	2.880000e+00	5.264000e+00	1.360000e-01	-6.000000e-01	-3.060000e-01	1.098200e+01
3.275276e+02	6.860000e-01	-7.860000e-01	1.361600e+01	6.890000e-01	3.892000e+00	1.020000e-01	-7.770000e-01	3.360000e-01	8.180000e+00
1.130274e+03	6.860000e-01	-7.440000e-01	1.542800e+01	1.914000e+00	6.692000e+00	3.540000e-01	-9.500000e-01	0.000000e+00	8.162000e+00
4.207588e+04	6.860000e-01	-5.460000e-01	1.014800e+01	1.704000e+00	6.860000e-01	4.600000e-01	-5.100000e-01	-1.890000e-01	1.001000e+01
3.901706e+03	6.920000e-01	-1.431000e+00	1.232000e+01	3.916000e+00	6.916000e+00	4.430000e-01	-7.100000e-01	-6.450000e-01	1.005200e+01
3.966419e+02	6.920000e-01	-1.152000e+00	1.367600e+01	1.942000e+00	4.200000e+00	3.070000e-01	-8.030000e-01	3.120000e-01	8.720000e+00
2.069392e+02	6.920000e-01	-1.011000e+00	1.476800e+01	1.046000e+00	4.158000e+00	4.400000e-01	-5.630000e-01	-4.320000e-01	1.017800e+01
6.959368e+03	6.920000e-01	-5.040000e-01	1.268000e+01	3.335000e+00	1.442000e+00	3.690000e-01	-6.930000e-01	-5.280000e-01	1.030400e+01
4.629706e+03	6.920000e-01	-2.580000e-01	1.292000e+01	1.389000e+00	9.380000e-01	1.460000e-01	-5.720000e-01	1.170000e-01	1.098200e+01
3.081503e+03	6.980000e-01	-1.455000e+00	1.460000e+01	2.306000e+00	3.108000e+00	1.240000e-01	-8.970000e-01	6.750000e-01	8.906000e+00
1.051793e+03	6.980000e-01	-1.353000e+00	1.520000e+01	5.490000e-01	5.614000e+00	1.440000e-01	-5.890000e-01	5.280000e-01	8.036000e+00
1.071653e+04	6.980000e-01	-1.029000e+00	1.059200e+01	2.838000e+00	5.754000e+00	4.480000e-01	-9.140000e-01	4.710000e-01	9.938000e+00
2.589424e+03	6.980000e-01	-2.760000e-01	1.461200e+01	5.420000e-01	3.192000e+00	7.000000e-02	-8.490000e-01	-2.700000e-01	1.054400e+01
1.918697e+04	6.980000e-01	-1.200000e-01	1.142000e+01	2.243000e+00	7.280000e-01	9.100000e-02	-6.760000e-01	-3.750000e-01	1.051400e+01
1.873111e+02	7.040000e-01	-1.059000e+00	1.395200e+01	2.999000e+00	6.580000e+00	2.840000e-01	-7.970000e-01	-6.990000e-01	8.810000e+00
1.039098e+03	7.040000e-01	-1.053000e+00	1.283600e+01	3.587000e+00	6.104000e+00	1.960000e-01	-6.570000e-01	1.710000e-01	8.888000e+00
4.846168e+04	7.040000e-01	-4.230000e-01	9.632000e+00	3.573000e+00	2.548000e+00	1.520000e-01	-8.670000e-01	-7.050000e-01	1.077200e+01
5.590397e+04	7.040000e-01	-4.050000e-01	1.013600e+01	1.676000e+00	1.204000e+00	3.260000e-01	-8.820000e-01	-3.270000e-01	1.021400e+01
1.997311e+04	7.040000e-01	-3.750000e-01	1.400000e+01	2.376000e+00	5.208000e+00	4.480000e-01	-7.000000e-01	-2.670000e-01	9.872000e+00
2.331155e+03	7.100000e-01	-1.362000e+00	1.083200e+01	3.853000e+00	1.680000e+00	6.000000e-02	-5.010000e-01	-1.410000e-01	9.278000e+00
1.442705e+03	7.100000e-01	-1.236000e+00	1.298000e+01	8.780000e-01	6.860000e+00	1.740000e-01	-9.600000e-01	4.380000e-01	1.084400e+01
1.837627e+02	7.100000e-01	-9.750000e-01	1.314800e+01	1.207000e+00	3.934000e+00	3.180000e-01	-5.510000e-01	1.140000e-01	1.015400e+01
6.361451e+03	7.100000e-01	-5.550000e-01	1.230800e+01	1.277000e+00	5.992000e+00	3.640000e-01	-8.100000e-01	-3.660000e-01	9.170000e+00
5.697862e+04	7.100000e-01	-2.580000e-01	1.274000e+01	2.047000e+00	3.052000e+00	4.550000e-01	-9.900000e-01	-3.510000e-01	8.948000e+00
9.863111e+03	7.160000e-01	-1.314000e+00	9.776000e+00	3.209000e+00	2.366000e+00	4.230000e-01	-7.920000e-01	5.370000e-01	1.009400e+01
6.926764e+02	7.160000e-01	-1.164000e+00	1.264400e+01	2.481000e+00	6.762000e+00	4.990000e-01	-6.510000e-01	-5.100000e-02	8.264000e+00
8.406013e+02	7.160000e-01	-1.053000e+00	1.241600e+01	3.937000e+00	3.122000e+00	1.700000e-02	-8.330000e-01	-7.350000e-01	1.011200e+01
7.449626e+02	7.160000e-01	-1.032000e+00	1.236800e+01	3.846000e+00	1.680000e+00	2.800000e-02	-6.850000e-01	5.790000e-01	9.338000e+00
1.807339e+04	7.160000e-01	-8.400000e-01	1.072400e+01	3.160000e+00	2.842000e+00	3.860000e-01	-8.470000e-01	4.740000e-01	9.212000e+00
4.238427e+04	7.220000e-01	-8.820000e-01	9.776000e+00	2.915000e+00	3.822000e+00	2.300000e-02	-9.010000e-01	5.400000e-01	8.522000e+00
1.474234e+04	7.220000e-01	-8.370000e-01	1.065200e+01	2.530000e+00	4.508000e+00	3.800000e-02	-8.240000e-01	-2.790000e-01	8.522000e+00
2.270412e+02	7.220000e-01	-8.370000e-01	1.436000e+01	8.990000e-01	1.792000e+00	2.700000e-01	-7.960000e-01	4.650000e-01	1.079600e+01
2.184169e+04	7.220000e-01	-1.530000e-01	1.184000e+01	3.713000e+00	1.274000e+00	2.280000e-01	-7.820000e-01	-5.880000e-01	1.055600e+01
6.836719e+04	7.220000e-01	-8.100000e-02	1.492400e+01	2.040000e+00	5.740000e+00	4.740000e-01	-5.720000e-01	1.380000e-01	1.006400e+01
3.533209e+04	7.280000e-01	-1.050000e+00	1.199600e+01	7.100000e-01	5.600000e-01	3.210000e-01	-8.400000e-01	5.580000e-01	9.980000e+00
5.144347e+03	7.280000e-01	-9.990000e-01	1.050800e+01	7.450000e-01	6.440000e+00	1.100000e-02	-7.880000e-01	-3.570000e-01	8.210000e+00
3.040729e+03	7.280000e-01	-8.430000e-01	1.047200e+01	5.700000e-01	6.510000e+00	4.900000e-01	-9.710000e-01	-6.000000e-01	1.010600e+01
4.225096e+04	7.280000e-01	-2.700000e-01	1.410800e+01	2.859000e+00	2.828000e+00	3.280000e-01	-7.240000e-01	-6.180000e-01	8.894000e+00
2.808308e+04	7.280000e-01	-2.460000e-01	1.004000e+01	1.361000e+00	6.930000e+00	2.340000e-01	-6.990000e-01	1.680000e-01	1.030400e+01
5.757226e+02	7.340000e-01	-1.176000e+00	1.511600e+01	2.208000e+00	4.494000e+00	2.830000e-01	-5.580000e-01	1.110000e-01	1.030400e+01
2.937837e+04	7.340000e-01	-1.038000e+00	1.112000e+01	2.208000e+00	2.240000e-01	2.710000e-01	-9.110000e-01	-1.320000e-01	9.626000e+00
6.223714e+02	7.340000e-01	-9.540000e-01	1.476800e+01	5.280000e-01	5.600000e-01	1.390000e-01	-5.180000e-01	-1.380000e-01	1.068200e+01
1.760176e+02	7.340000e-01	-8.880000e-01	1.402400e+01	3.419000e+00	4.564000e+00	1.410000e-01	-6.050000e-01	-2.700000e-02	1.001000e+01
1.061710e+04	7.340000e-01	-4.830000e-01	1.482800e+01	3.769000e+00	8.400000e-02	3.420000e-01	-9.940000e-01	-1.350000e-01	9.164000e+00
2.016665e+03	7.400000e-01	-8.520000e-01	1.218800e+01	3.426000e+00	1.484000e+00	2.500000e-01	-6.040000e-01	-2.160000e-01	8.414000e+00
1.675883e+05	7.400000e-01	-1.110000e-01	1.041200e+01	3.349000e+00	2.100000e+00	8.000000e-02	-8.100000e-01	6.690000e-01	9.710000e+00
2.242865e+05	7.400000e-01	-1.080000e-01	9.968000e+00	1.466000e+00	1.162000e+00	4.350000e-01	-7.370000e-01	2.250000e-01	9.602000e+00
1.130987e+04	7.400000e-01	-4.800000e-02	1.530800e+01	8.850000e-01	5.180000e+00	3.700000e-02	-8.730000e-01	-3.690000e-01	1.050200e+01
1.467360e+05	7.400000e-01	-1.800000e-02	1.346000e+01	7.520000e-01	3.276000e+00	3.270000e-01	-7.230000e-01	-6.360000e-01	9.212000e+00
8.805623e+02	7.460000e-01	-1.311000e+00	1.528400e+01	2.138000e+00	2.800000e-01	2.140000e-01	-8.180000e-01	-3.450000e-01	8.180000e+00
1.388705e+03	7.460000e-01	-1.179000e+00	1.155200e+01	3.328000e+00	1.330000e+00	2.470000e-01	-5.950000e-01	-9.000000e-03	9.374000e+00
1.949296e+02	7.460000e-01	-1.044000e+00	1.475600e+01	8.290000e-01	5.012000e+00	4.910000e-01	-7.370000e-01	-4.380000e-01	9.812000e+00
5.262964e+02	7.460000e-01	-7.110000e-01	1.476800e+01	2.831000e+00	1.834000e+00	2.780000e-01	-8.180000e-01	9.900000e-02	1.011800e+01
2.462774e+04	7.460000e-01	-4.080000e-01	1.229600e+01	3.356000e+00	2.660000e+00	4.140000e-01	-5.810000e-01	-7.470000e-01	1.001600e+01
7.894283e+02	7.520000e-01	-1.044000e+00	1.374800e+01	1.557000e+00	3.066000e+00	4.400000e-02	-5.620000e-01	2.100000e-02	9.002000e+00
2.954660e+02	7.520000e-01	-8.940000e-01	1.436000e+01	1.809000e+00	5.362000e+00	4.140000e-01	-7.830000e-01	2.880000e-01	9.668000e+00
3.761048e+02	7.520000e-01	-7.980000e-01	1.404800e+01	9.480000e-01	4.200000e+00	9.100000e-02	-5.490000e-01	-1.500000e-01	9.434000e+00
2.756094e+04	7.520000e-01	-2.430000e-01	1.100000e+01	1.151000e+00	1.666000e+00	2.600000e-02	-8.090000e-01	-1.770000e-01	1.019600e+01
6.403594e+04	7.520000e-01	-3.600000e-02	1.188800e+01	1.774000e+00	3.584000e+00	2.200000e-01	-9.740000e-01	-6.300000e-01	1.013600e+01
1.328491e+03	7.580000e-01	-1.296000e+00	1.205600e+01	1.284000e+00	5.418000e+00	1.380000e-01	-9.350000e-01	1.500000e-01	1.043000e+01
2.703050e+03	7.580000e-01	-7.080000e-01	1.178000e+01	8.290000e-01	5.656000e+00	3.880000e-01	-8.760000e-01	3.180000e-01	8.006000e+00
1.022436e+04	7.580000e-01	-5.010000e-01	1.191200e+01	3.209000e+00	9.940000e-01	1.650000e-01	-8.730000e-01	2.400000e-02	1.067000e+01
1.920792e+04	7.580000e-01	-2.970000e-01	1.511600e+01	2.061000e+00	2.982000e+00	4.500000e-01	-7.490000e-01	3.120000e-01	1.030400e+01
8.064980e+04	7.580000e-01	-1.050000e-01	1.130000e+01	3.664000e+00	2.156000e+00	1.300000e-02	-6.190000e-01	-4.950000e-01	1.004600e+01
1.027608e+04	7.640000e-01	-1.437000e+00	1.526000e+01	2.075000e+00	1.666000e+00	1.280000e-01	-9.690000e-01	1.920000e-01	9.740000e+00
2.119109e+03	7.640000e-01	-1.398000e+00	1.107200e+01	1.361000e+00	6.622000e+00	8.300000e-02	-5.450000e-01	-6.510000e-01	9.728000e+00
8.116476e+03	7.640000e-01	-9.750000e-01	1.013600e+01	9.060000e-01	6.636000e+00	4.220000e-01	-5.080000e-01	-2.130000e-01	9.464000e+00
5.828411e+03	7.640000e-01	-5.250000e-01	1.192400e+01	2.460000e+00	7.840000e-01	9.000000e-02	-8.280000e-01	-5.520000e-01	9.932000e+00
8.157831e+02	7.640000e-01	-2.940000e-01	1.454000e+01	1.599000e+00	4.088000e+00	3.000000e-03	-6.840000e-01	-6.390000e-01	1.071800e+01
3.111826e+03	7.700000e-01	-1.497000e+00	1.335200e+01	2.110000e+00	2.156000e+00	1.010000e-01	-8.320000e-01	-5.370000e-01	1.084400e+01
1.173930e+03	7.700000e-01	-1.263000e+00	1.541600e+01	3.433000e+00	2.492000e+00	2.900000e-02	-8.500000e-01	-6.900000e-01	8.612000e+00
2.475389e+04	7.700000e-01	-9.660000e-01	1.018400e+01	3.636000e+00	1.526000e+00	3.160000e-01	-7.090000e-01	2.370000e-01	8.426000e+00
1.145764e+05	7.700000e-01	-4.950000e-01	9.896000e+00	2.299000e+00	1.134000e+00	2.550000e-01	-7.400000e-01	3.780000e-01	9.188000e+00
2.245115e+03	7.700000e-01	-3.930000e-01	1.214000e+01	7.100000e-01	2.898000e+00	1.280000e-01	-5.960000e-01	-7.500000e-02	1.064000e+01
3.576461e+02	7.760000e-01	-1.299000e+00	1.358000e+01	2.761000e+00	6.916000e+00	3.800000e-01	-9.090000e-01	-7.200000e-01	8.492000e+00
1.787600e+03	7.760000e-01	-1.071000e+00	1.446800e+01	5.630000e-01	3.892000e+00	3.480000e-01	-8.470000e-01	6.000000e-02	1.086800e+01
3.320591e+04	7.760000e-01	-9.270000e-01	1.060400e+01	3.720000e+00	5.726000e+00	2.990000e-01	-7.340000e-01	4.890000e-01	8.528000e+00
4.459839e+03	7.760000e-01	-6.120000e-01	1.487600e+01	1.228000e+00	2.618000e+00	4.830000e-01	-8.100000e-01	-6.900000e-01	9.878000e+00
2.970710e+04	7.760000e-01	-3.900000e-01	1.302800e+01	2.726000e+00	2.632000e+00	4.120000e-01	-5.400000e-01	6.450000e-01	8.342000e+00
4.406607e+03	7.820000e-01	-1.308000e+00	1.277600e+01	9.970000e-01	1.372000e+00	1.220000e-01	-9.840000e-01	5.460000e-01	9.176000e+00
2.531135e+03	7.820000e-01	-1.308000e+00	1.526000e+01	2.243000e+00	1.344000e+00	3.140000e-01	-8.500000e-01	-6.030000e-01	1.085600e+01
1.223076e+03	7.820000e-01	-7.320000e-01	1.187600e+01	1.578000e+00	2.884000e+00	1.660000e-01	-6.090000e-01	-5.820000e-01	1.048400e+01
1.105708e+03	7.820000e-01	-5.220000e-01	1.407200e+01	1.347000e+00	2.562000e+00	4.880000e-01	-5.460000e-01	-6.570000e-01	1.088600e+01
6.457161e+04	7.820000e-01	-1.290000e-01	1.283600e+01	1.249000e+00	2.562000e+00	4.100000e-01	-5.770000e-01	2.550000e-01	9.848000e+00
4.602157e+03	7.880000e-01	-1.440000e+00	1.499600e+01	1.249000e+00	3.276000e+00	4.540000e-01	-7.020000e-01	-2.340000e-01	9.842000e+00
1.915896e+04	7.880000e-01	-1.422000e+00	9.668000e+00	3.279000e+00	2.926000e+00	2.190000e-01	-8.830000e-01	1.500000e-02	8.882000e+00
1.082294e+03	7.880000e-01	-1.383000e+00	1.481600e+01	2.999000e+00	2.464000e+00	1.250000e-01	-5.070000e-01	6.450000e-01	9.728000e+00
1.630100e+03	7.880000e-01	-8.670000e-01	1.193600e+01	2.621000e+00	6.678000e+00	2.220000e-01	-9.270000e-01	-1.110000e-01	1.022600e+01
4.668336e+04	7.880000e-01	-5.370000e-01	1.140800e+01	3.741000e+00	5.488000e+00	3.600000e-02	-6.290000e-01	-6.000000e-03	8.402000e+00
3.942840e+02	7.940000e-01	-1.152000e+00	1.340000e+01	2.222000e+00	6.440000e-01	3.420000e-01	-6.090000e-01	-3.810000e-01	8.762000e+00
1.623967e+04	7.940000e-01	-7.410000e-01	1.222400e+01	7.240000e-01	8.540000e-01	4.410000e-01	-7.360000e-01	2.040000e-01	8.486000e+00
2.707997e+04	7.940000e-01	-4.320000e-01	1.103600e+01	3.587000e+00	1.806000e+00	3.280000e-01	-5.760000e-01	3.300000e-02	1.053800e+01
8.646494e+04	7.940000e-01	-2.700000e-01	1.016000e+01	2.040000e+00	2.730000e+00	2.710000e-01	-8.320000e-01	-5.250000e-01	9.962000e+00
2.218217e+04	7.940000e-01	-2.040000e-01	1.332800e+01	7.800000e-01	3.388000e+00	4.310000e-01	-8.640000e-01	-8.100000e-02	1.046600e+01
8.181518e+02	8.000000e-01	-8.430000e-01	1.278800e+01	1.235000e+00	1.638000e+00	6.100000e-02	-6.450000e-01	2.220000e-01	8.564000e+00
4.278715e+04	8.000000e-01	-6.990000e-01	9.920000e+00	2.019000e+00	4.746000e+00	1.560000e-01	-9.950000e-01	-6.330000e-01	9.152000e+00
7.722899e+03	8.000000e-01	-5.790000e-01	1.332800e+01	1.480000e+00	1.330000e+00	4.670000e-01	-7.530000e-01	5.430000e-01	8.318000e+00
5.365365e+03	8.000000e-01	-4.860000e-01	1.247600e+01	1.872000e+00	1.204000e+00	8.500000e-02	-7.780000e-01	2.310000e-01	1.009400e+01
4.421768e+04	8.000000e-01	-2.220000e-01	1.262000e+01	1.725000e+00	1.736000e+00	1.270000e-01	-9.610000e-01	-5.790000e-01	8.504000e+00
2.568028e+03	8.060000e-01	-1.500000e+00	1.115600e+01	1.662000e+00	2.590000e+00	2.030000e-01	-6.640000e-01	-6.930000e-01	8.606000e+00
1.403659e+04	8.060000e-01	-6.330000e-01	1.148000e+01	3.055000e+00	1.820000e+00	4.480000e-01	-9.420000e-01	-4.470000e-01	1.032200e+01
1.087092e+04	8.060000e-01	-4.740000e-01	1.143200e+01	1.410000e+00	6.496000e+00	2.050000e-01	-8.690000e-01	6.690000e-01	9.344000e+00
1.370225e+04	8.060000e-01	-1.800000e-01	1.521200e+01	2.292000e+00	1.064000e+00	8.000000e-02	-7.130000e-01	5.760000e-01	1.053200e+01
1.083554e+05	8.060000e-01	-7.800000e-02	1.407200e+01	2.733000e+00	4.816000e+00	1.000000e-01	-9.330000e-01	-1.650000e-01	8.792000e+00
9.950102e+02	8.120000e-01	-1.152000e+00	1.546400e+01	2.222000e+00	5.670000e+00	1.310000e-01	-5.040000e-01	-7.260000e-01	8.204000e+00
1.548775e+04	8.120000e-01	-1.089000e+00	1.032800e+01	2.292000e+00	5.376000e+00	3.130000e-01	-7.030000e-01	5.310000e-01	8.282000e+00
3.206756e+02	8.120000e-01	-1.050000e+00	1.473200e+01	1.746000e+00	4.340000e-01	2.820000e-01	-8.530000e-01	-3.180000e-01	9.104000e+00
9.171681e+02	8.120000e-01	-7.530000e-01	1.436000e+01	3.174000e+00	1.400000e-01	4.260000e-01	-6.070000e-01	3.480000e-01	1.028600e+01
2.970090e+04	8.120000e-01	-1.590000e-01	1.492400e+01	3.090000e+00	1.848000e+00	3.590000e-01	-9.960000e-01	-3.720000e-01	1.033400e+01
2.996695e+06	8.180000e-01	-1.044000e+00	1.160000e+01	5.350000e-01	5.600000e-02	1.290000e-01	-5.850000e-01	6.840000e-01	8.768000e+00
1.445876e+04	8.180000e-01	-1.020000e+00	9.680000e+00	2.838000e+00	6.902000e+00	8.600000e-02	-9.970000e-01	-7.020000e-01	1.036400e+01
2.173536e+02	8.180000e-01	-9.690000e-01	1.491200e+01	2.943000e+00	5.334000e+00	4.350000e-01	-9.900000e-01	5.430000e-01	8.702000e+00
1.769479e+03	8.180000e-01	-6.270000e-01	1.505600e+01	3.867000e+00	1.610000e+00	4.720000e-01	-6.440000e-01	6.630000e-01	1.080200e+01
3.228074e+04	8.180000e-01	-4.080000e-01	1.198400e+01	3.755000e+00	3.640000e+00	1.090000e-01	-7.160000e-01	-7.500000e-01	9.848000e+00
9.937337e+02	8.240000e-01	-1.302000e+00	1.142000e+01	1.039000e+00	5.572000e+00	4.040000e-01	-7.130000e-01	7.080000e-01	1.040000e+01
4.815891e+02	8.240000e-01	-9.600000e-01	1.545200e+01	1.158000e+00	5.516000e+00	3.800000e-01	-7.400000e-01	-6.330000e-01	1.091000e+01
8.685659e+02	8.240000e-01	-9.210000e-01	1.377200e+01	1.417000e+00	6.286000e+00	1.860000e-01	-8.150000e-01	-8.100000e-02	1.087400e+01
2.856049e+03	8.240000e-01	-6.510000e-01	1.181600e+01	1.431000e+00	5.544000e+00	3.110000e-01	-9.330000e-01	2.700000e-02	9.704000e+00
8.713678e+03	8.240000e-01	-5.940000e-01	1.203200e+01	2.439000e+00	5.810000e+00	1.600000e-01	-5.850000e-01	3.600000e-01	8.840000e+00
1.667147e+03	8.300000e-01	-1.401000e+00	1.319600e+01	3.104000e+00	6.286000e+00	2.980000e-01	-9.030000e-01	-6.360000e-01	8.864000e+00
8.745023e+02	8.300000e-01	-1.062000e+00	1.518800e+01	2.334000e+00	6.146000e+00	5.000000e-03	-8.870000e-01	4.440000e-01	8.000000e+00
2.720648e+03	8.300000e-01	-6.720000e-01	1.131200e+01	7.520000e-01	3.612000e+00	3.850000e-01	-9.960000e-01	-7.500000e-01	1.041200e+01
2.569645e+02	8.300000e-01	-5.910000e-01	1.488800e+01	2.306000e+00	6.748000e+00	6.400000e-02	-6.160000e-01	1.290000e-01	1.086800e+01
9.679649e+04	8.300000e-01	-1.350000e-01	1.545200e+01	1.501000e+00	3.822000e+00	4.970000e-01	-8.090000e-01	9.000000e-02	9.230000e+00
6.213366e+03	8.360000e-01	-1.371000e+00	1.324400e+01	3.769000e+00	6.160000e+00	4.990000e-01	-9.600000e-01	-2.460000e-01	9.020000e+00
3.942691e+03	8.360000e-01	-1.359000e+00	1.077200e+01	2.187000e+00	4.298000e+00	3.500000e-02	-6.300000e-01	-4.740000e-01	8.870000e+00
3.331805e+03	8.360000e-01	-9.030000e-01	1.102400e+01	6.400000e-01	5.880000e+00	4.380000e-01	-9.920000e-01	-7.200000e-02	8.084000e+00
3.620402e+04	8.360000e-01	-3.360000e-01	1.443200e+01	2.936000e+00	4.060000e+00	4.360000e-01	-9.060000e-01	4.200000e-02	8.918000e+00
9.419512e+04	8.360000e-01	-2.580000e-01	1.139600e+01	2.789000e+00	6.664000e+00	8.600000e-02	-6.270000e-01	1.620000e-01	8.558000e+00
5.749495e+02	8.420000e-01	-1.200000e+00	1.396400e+01	2.474000e+00	2.114000e+00	2.600000e-01	-6.300000e-01	-2.760000e-01	8.408000e+00
1.117653e+03	8.420000e-01	-9.000000e-01	1.168400e+01	2.579000e+00	6.524000e+00	2.640000e-01	-6.570000e-01	-1.650000e-01	1.057400e+01
3.738978e+03	8.420000e-01	-5.340000e-01	1.020800e+01	2.873000e+00	2.996000e+00	4.130000e-01	-6.300000e-01	5.610000e-01	1.085600e+01
1.214933e+05	8.420000e-01	-9.000000e-02	1.445600e+01	3.013000e+00	2.772000e+00	3.080000e-01	-6.210000e-01	1.770000e-01	8.852000e+00
4.397195e+04	8.420000e-01	-6.600000e-02	1.386800e+01	1.347000e+00	1.190000e+00	6.400000e-02	-5.730000e-01	-2.520000e-01	9.836000e+00
1.734994e+03	8.480000e-01	-1.482000e+00	9.656000e+00	1.333000e+00	4.452000e+00	2.090000e-01	-9.630000e-01	7.200000e-02	1.087400e+01
2.206146e+03	8.480000e-01	-1.422000e+00	1.104800e+01	9.550000e-01	5.936000e+00	3.710000e-01	-6.220000e-01	5.040000e-01	9.248000e+00
1.212397e+04	8.480000e-01	-1.224000e+00	1.055600e+01	2.313000e+00	1.442000e+00	1.860000e-01	-5.700000e-01	1.500000e-01	8.546000e+00
1.513251e+04	8.480000e-01	-7.170000e-01	1.068800e+01	1.970000e+00	4.270000e+00	3.810000e-01	-8.590000e-01	1.710000e-01	9.596000e+00
4.409567e+03	8.480000e-01	-4.560000e-01	1.336400e+01	2.929000e+00	4.522000e+00	3.900000e-02	-6.130000e-01	-6.000000e-02	1.002200e+01
3.020524e+03	8.540000e-01	-7.830000e-01	1.125200e+01	1.039000e+00	5.600000e+00	4.730000e-01	-9.170000e-01	-7.110000e-01	9.758000e+00
1.159920e+03	8.540000e-01	-6.840000e-01	1.400000e+01	2.292000e+00	9.520000e-01	2.580000e-01	-5.120000e-01	5.460000e-01	9.176000e+00
1.953516e+04	8.540000e-01	-2.820000e-01	1.193600e+01	5.420000e-01	6.188000e+00	1.660000e-01	-7.740000e-01	2.010000e-01	9.392000e+00
7.453264e+04	8.540000e-01	-2.130000e-01	1.310000e+01	9.480000e-01	4.200000e-02	2.380000e-01	-9.250000e-01	8.400000e-02	8.132000e+00
2.701227e+05	8.540000e-01	-1.680000e-01	9.680000e+00	2.922000e+00	2.604000e+00	2.460000e-01	-6.530000e-01	-7.050000e-01	9.398000e+00
9.268447e+02	8.600000e-01	-1.026000e+00	1.366400e+01	2.817000e+00	2.142000e+00	8.700000e-02	-7.620000e-01	-2.880000e-01	1.070600e+01
2.781575e+02	8.600000e-01	-9.840000e-01	1.497200e+01	2.271000e+00	6.958000e+00	3.440000e-01	-8.400000e-01	-5.580000e-01	1.020800e+01
2.134183e+04	8.600000e-01	-2.760000e-01	1.544000e+01	1.235000e+00	2.940000e-01	3.520000e-01	-5.600000e-01	6.630000e-01	1.004000e+01
3.525993e+05	8.600000e-01	-1.200000e-02	9.776000e+00	2.845000e+00	2.842000e+00	2.110000e-01	-8.400000e-01	2.850000e-01	9.488000e+00
4.087483e+05	8.600000e-01	-3.000000e-03	1.108400e+01	3.972000e+00	1.358000e+00	1.800000e-01	-5.320000e-01	9.600000e-02	9.206000e+00
9.086440e+04	8.660000e-01	-7.770000e-01	9.824000e+00	1.144000e+00	1.512000e+00	4.740000e-01	-8.630000e-01	-4.140000e-01	9.524000e+00
5.881482e+03	8.660000e-01	-6.000000e-01	1.330400e+01	1.214000e+00	3.570000e+00	4.400000e-01	-5.560000e-01	-1.230000e-01	8.516000e+00
1.585350e+04	8.660000e-01	-4.350000e-01	1.334000e+01	2.397000e+00	1.498000e+00	3.290000e-01	-7.310000e-01	6.930000e-01	8.000000e+00
1.314552e+05	8.660000e-01	-3.840000e-01	9.608000e+00	1.368000e+00	3.514000e+00	3.920000e-01	-9.520000e-01	-6.780000e-01	8.372000e+00
1.870145e+05	8.660000e-01	-1.800000e-02	1.265600e+01	1.095000e+00	1.414000e+00	3.200000e-01	-6.790000e-01	-1.590000e-01	8.282000e+00
2.329599e+02	8.720000e-01	-1.260000e+00	1.419200e+01	3.909000e+00	6.230000e+00	4.330000e-01	-6.520000e-01	4.500000e-01	1.017800e+01
8.755470e+02	8.720000e-01	-9.210000e-01	1.278800e+01	2.901000e+00	4.774000e+00	3.610000e-01	-8.480000e-01	-6.240000e-01	1.027400e+01
3.007613e+03	8.720000e-01	-6.420000e-01	1.444400e+01	3.832000e+00	2.324000e+00	4.330000e-01	-5.470000e-01	3.900000e-02	1.041200e+01
1.062256e+04	8.720000e-01	-4.230000e-01	1.037600e+01	2.089000e+00	5.880000e+00	2.160000e-01	-5.040000e-01	4.890000e-01	1.053800e+01
1.325293e+04	8.720000e-01	-2.280000e-01	1.212800e+01	1.144000e+00	6.020000e-01	3.300000e-02	-9.180000e-01	-5.820000e-01	1.023800e+01
3.046494e+03	8.780000e-01	-1.140000e+00	1.155200e+01	2.789000e+00	5.124000e+00	4.790000e-01	-9.370000e-01	1.260000e-01	9.488000e+00
1.951428e+03	8.780000e-01	-9.300000e-01	1.114400e+01	1.515000e+00	4.886000e+00	2.060000e-01	-7.470000e-01	6.420000e-01	9.920000e+00
1.955907e+03	8.780000e-01	-6.570000e-01	1.248800e+01	1.025000e+00	6.020000e-01	3.720000e-01	-5.860000e-01	-5.190000e-01	1.041200e+01
4.947871e+02	8.780000e-01	-6.510000e-01	1.302800e+01	1.256000e+00	2.870000e+00	2.660000e-01	-8.390000e-01	-6.870000e-01	1.061600e+01
9.572897e+02	8.780000e-01	-6.270000e-01	1.517600e+01	9.900000e-01	5.152000e+00	5.800000e-02	-6.040000e-01	-2.400000e-02	8.678000e+00
8.245912e+03	8.840000e-01	-1.479000e+00	1.203200e+01	2.915000e+00	1.400000e+00	4.470000e-01	-9.360000e-01	-3.210000e-01	9.500000e+00
8.084247e+02	8.840000e-01	-1.164000e+00	1.288400e+01	3.538000e+00	5.698000e+00	7.100000e-02	-5.240000e-01	-6.270000e-01	8.114000e+00
1.487707e+05	8.840000e-01	-3.750000e-01	9.776000e+00	3.279000e+00	5.866000e+00	1.990000e-01	-7.810000e-01	-4.500000e-02	9.332000e+00
6.278840e+03	8.840000e-01	-3.240000e-01	1.290800e+01	7.590000e-01	3.640000e-01	2.690000e-01	-6.410000e-01	-4.620000e-01	1.042400e+01
1.090947e+05	8.840000e-01	-6.900000e-02	1.283600e+01	1.613000e+00	3.402000e+00	3.760000e-01	-5.590000e-01	3.300000e-01	9.512000e+00
1.289893e+03	8.900000e-01	-1.440000e+00	1.547600e+01	2.488000e+00	3.892000e+00	8.700000e-02	-6.940000e-01	-7.230000e-01	8.396000e+00
3.623950e+02	8.900000e-01	-1.173000e+00	1.508000e+01	2.264000e+00	6.818000e+00	3.990000e-01	-9.370000e-01	7.170000e-01	1.016000e+01
5.511328e+04	8.900000e-01	-1.050000e+00	9.584000e+00	1.025000e+00	1.106000e+00	3.830000e-01	-5.020000e-01	-1.770000e-01	1.028600e+01
2.545385e+05	8.900000e-01	-1.680000e-01	9.812000e+00	3.489000e+00	3.850000e+00	4.400000e-01	-6.700000e-01	2.190000e-01	9.500000e+00
4.429998e+04	8.900000e-01	-1.530000e-01	1.036400e+01	2.173000e+00	6.314000e+00	4.100000e-01	-9.460000e-01	1.890000e-01	1.039400e+01
5.230289e+02	8.960000e-01	-1.188000e+00	1.505600e+01	3.748000e+00	1.904000e+00	3.560000e-01	-7.700000e-01	1.800000e-01	1.026800e+01
4.099690e+03	8.960000e-01	-1.002000e+00	1.154000e+01	6.960000e-01	2.338000e+00	2.050000e-01	-9.120000e-01	3.600000e-01	1.052600e+01
5.327480e+05	8.960000e-01	-8.550000e-01	1.002800e+01	1.165000e+00	4.900000e-01	5.000000e-03	-8.300000e-01	-1.560000e-01	8.846000e+00
3.123952e+02	8.960000e-01	-8.040000e-01	1.403600e+01	1.879000e+00	6.342000e+00	3.900000e-01	-8.550000e-01	-2.130000e-01	1.035200e+01
8.543323e+03	8.960000e-01	-4.170000e-01	1.145600e+01	1.858000e+00	4.284000e+00	3.200000e-01	-8.010000e-01	6.030000e-01	1.028600e+01
5.093120e+02	9.020000e-01	-5.760000e-01	1.343600e+01	1.711000e+00	2.856000e+00	4.600000e-02	-5.440000e-01	5.580000e-01	1.032800e+01
1.241329e+05	9.020000e-01	-5.460000e-01	1.218800e+01	9.970000e-01	1.960000e-01	4.070000e-01	-5.140000e-01	3.990000e-01	1.055600e+01
6.542240e+04	9.020000e-01	-3.030000e-01	1.115600e+01	1.802000e+00	1.246000e+00	1.880000e-01	-7.990000e-01	6.330000e-01	9.650000e+00
3.322556e+04	9.020000e-01	-1.230000e-01	1.198400e+01	3.097000e+00	4.494000e+00	3.700000e-01	-8.160000e-01	9.000000e-03	1.076600e+01
2.218893e+05	9.020000e-01	-3.000000e-03	9.548000e+00	2.761000e+00	5.810000e+00	2.670000e-01	-7.540000e-01	-6.450000e-01	9.872000e+00
2.025550e+03	9.080000e-01	-1.179000e+00	1.397600e+01	6.540000e-01	5.516000e+00	1.140000e-01	-8.000000e-01	-1.320000e-01	1.008800e+01
1.009998e+04	9.080000e-01	-7.950000e-01	1.002800e+01	8.850000e-01	5.824000e+00	5.800000e-02	-5.960000e-01	2.100000e-02	9.878000e+00
1.551529e+04	9.080000e-01	-5.850000e-01	1.169600e+01	3.321000e+00	1.750000e+00	6.000000e-03	-5.800000e-01	-1.920000e-01	9.044000e+00
2.875939e+03	9.080000e-01	-5.700000e-01	1.416800e+01	3.699000e+00	4.662000e+00	4.200000e-02	-8.410000e-01	5.160000e-01	9.770000e+00
5.788351e+04	9.080000e-01	-1.290000e-01	1.151600e+01	1.186000e+00	6.608000e+00	1.140000e-01	-8.320000e-01	-2.400000e-01	9.446000e+00
6.188612e+02	9.140000e-01	-1.008000e+00	1.358000e+01	7.170000e-01	3.080000e+00	2.550000e-01	-6.470000e-01	-4.830000e-01	1.080200e+01
1.216879e+03	9.140000e-01	-8.460000e-01	1.216400e+01	2.460000e+00	2.646000e+00	2.910000e-01	-5.990000e-01	6.450000e-01	1.056800e+01
7.932711e+03	9.140000e-01	-6.720000e-01	1.121600e+01	1.725000e+00	3.990000e+00	1.350000e-01	-5.890000e-01	-2.070000e-01	8.324000e+00
6.435665e+02	9.140000e-01	-4.140000e-01	1.312400e+01	2.537000e+00	6.818000e+00	1.500000e-02	-6.440000e-01	-1.680000e-01	1.085000e+01
8.020365e+04	9.140000e-01	-2.640000e-01	1.102400e+01	2.474000e+00	2.282000e+00	2.590000e-01	-6.060000e-01	6.840000e-01	9.518000e+00
1.962293e+03	9.200000e-01	-1.485000e+00	1.541600e+01	3.692000e+00	3.710000e+00	6.700000e-02	-7.160000e-01	-1.680000e-01	8.438000e+00
1.000591e+03	9.200000e-01	-1.191000e+00	1.284800e+01	3.447000e+00	3.318000e+00	2.320000e-01	-6.150000e-01	5.400000e-02	1.094000e+01
9.280007e+02	9.200000e-01	-9.780000e-01	1.426400e+01	5.210000e-01	4.634000e+00	4.830000e-01	-9.840000e-01	-7.170000e-01	1.066400e+01
3.998992e+02	9.200000e-01	-9.180000e-01	1.407200e+01	1.879000e+00	2.044000e+00	1.060000e-01	-9.690000e-01	5.700000e-01	9.170000e+00
4.655575e+03	9.200000e-01	-7.230000e-01	1.203200e+01	2.103000e+00	1.988000e+00	3.740000e-01	-9.960000e-01	1.320000e-01	9.086000e+00
2.607806e+02	9.260000e-01	-1.107000e+00	1.397600e+01	8.080000e-01	3.500000e+00	3.900000e-01	-7.890000e-01	1.860000e-01	8.498000e+00
2.921412e+02	9.260000e-01	-9.570000e-01	1.474400e+01	1.501000e+00	6.566000e+00	4.790000e-01	-8.640000e-01	-1.890000e-01	9.788000e+00
1.465096e+03	9.260000e-01	-7.350000e-01	1.318400e+01	2.894000e+00	9.660000e-01	2.120000e-01	-7.640000e-01	-1.170000e-01	8.828000e+00
2.525084e+04	9.260000e-01	-4.290000e-01	1.272800e+01	3.993000e+00	2.268000e+00	5.600000e-02	-9.550000e-01	9.000000e-03	9.194000e+00
5.742275e+04	9.260000e-01	-2.310000e-01	1.325600e+01	1.963000e+00	5.012000e+00	3.560000e-01	-8.250000e-01	-2.220000e-01	8.216000e+00
8.252523e+02	9.320000e-01	-1.050000e+00	1.499600e+01	2.243000e+00	3.346000e+00	2.900000e-02	-5.090000e-01	7.260000e-01	9.446000e+00
2.220194e+03	9.320000e-01	-9.360000e-01	1.094000e+01	1.529000e+00	3.458000e+00	2.800000e-02	-9.130000e-01	3.930000e-01	1.012400e+01
4.973183e+04	9.320000e-01	-5.700000e-01	1.180400e+01	3.517000e+00	6.468000e+00	4.750000e-01	-5.140000e-01	4.920000e-01	8.534000e+00
1.984191e+03	9.320000e-01	-5.100000e-02	1.289600e+01	1.648000e+00	6.314000e+00	8.800000e-02	-5.810000e-01	1.710000e-01	1.097600e+01
1.387319e+05	9.320000e-01	-4.500000e-02	1.191200e+01	2.775000e+00	4.382000e+00	4.060000e-01	-5.960000e-01	6.180000e-01	9.794000e+00
9.314034e+03	9.380000e-01	-1.065000e+00	1.038800e+01	2.516000e+00	4.046000e+00	1.730000e-01	-8.090000e-01	2.550000e-01	9.908000e+00
2.607701e+02	9.380000e-01	-9.360000e-01	1.522400e+01	1.543000e+00	3.108000e+00	3.840000e-01	-5.180000e-01	5.940000e-01	8.558000e+00
5.567159e+06	9.380000e-01	-6.060000e-01	9.512000e+00	1.053000e+00	1.680000e-01	3.970000e-01	-9.000000e-01	4.620000e-01	9.002000e+00
1.818382e+05	9.380000e-01	-4.110000e-01	1.001600e+01	3.006000e+00	1.960000e+00	4.000000e-01	-8.690000e-01	-3.060000e-01	8.780000e+00
1.030492e+05	9.380000e-01	-3.480000e-01	1.026800e+01	1.942000e+00	3.108000e+00	1.050000e-01	-7.510000e-01	-4.410000e-01	8.432000e+00
3.643492e+02	9.440000e-01	-7.260000e-01	1.437200e+01	2.110000e+00	6.440000e+00	3.000000e-02	-7.190000e-01	2.760000e-01	9.236000e+00
7.639556e+04	9.440000e-01	-6.180000e-01	9.572000e+00	2.201000e+00	4.998000e+00	4.120000e-01	-5.870000e-01	-6.600000e-02	9.608000e+00
1.727790e+04	9.440000e-01	-6.030000e-01	1.152800e+01	3.174000e+00	3.010000e+00	7.000000e-03	-8.760000e-01	-1.800000e-02	9.554000e+00
7.726513e+04	9.440000e-01	-2.730000e-01	1.124000e+01	3.328000e+00	5.880000e-01	2.360000e-01	-5.380000e-01	4.890000e-01	1.094600e+01
1.041832e+05	9.440000e-01	-2.700000e-02	1.532000e+01	6.050000e-01	7.980000e-01	4.800000e-02	-9.330000e-01	-1.950000e-01	9.260000e+00
2.269117e+03	9.500000e-01	-1.347000e+00	1.427600e+01	2.754000e+00	2.338000e+00	1.330000e-01	-6.960000e-01	-2.670000e-01	1.011200e+01
7.027321e+02	9.500000e-01	-1.320000e+00	1.431200e+01	3.195000e+00	5.068000e+00	2.380000e-01	-6.110000e-01	-4.650000e-01	8.960000e+00
5.444962e+03	9.500000e-01	-1.200000e+00	1.130000e+01	3.755000e+00	3.696000e+00	2.860000e-01	-7.840000e-01	-5.670000e-01	1.095200e+01
4.990456e+03	9.500000e-01	-6.390000e-01	1.318400e+01	2.502000e+00	3.136000e+00	4.240000e-01	-7.290000e-01	-3.780000e-01	9.512000e+00
3.392212e+04	9.500000e-01	-5.850000e-01	1.109600e+01	8.360000e-01	1.582000e+00	4.610000e-01	-5.040000e-01	2.940000e-01	8.252000e+00
1.881871e+02	9.560000e-01	-9.450000e-01	1.544000e+01	2.432000e+00	3.976000e+00	3.730000e-01	-5.370000e-01	6.960000e-01	1.038200e+01
2.496300e+02	9.560000e-01	-9.210000e-01	1.328000e+01	2.068000e+00	2.198000e+00	2.000000e-01	-8.650000e-01	-1.470000e-01	8.918000e+00
6.649940e+04	9.560000e-01	-7.890000e-01	9.884000e+00	2.845000e+00	3.864000e+00	1.170000e-01	-9.820000e-01	1.470000e-01	8.222000e+00
4.233229e+03	9.560000e-01	-6.030000e-01	1.509200e+01	1.242000e+00	3.318000e+00	3.670000e-01	-8.250000e-01	-3.720000e-01	8.432000e+00
8.517910e+04	9.560000e-01	-3.000000e-02	1.224800e+01	2.810000e+00	6.118000e+00	4.330000e-01	-6.260000e-01	6.750000e-01	1.014800e+01
1.511400e+03	9.620000e-01	-1.308000e+00	1.257200e+01	2.348000e+00	3.612000e+00	4.790000e-01	-6.680000e-01	-3.960000e-01	9.932000e+00
3.202326e+03	9.620000e-01	-1.257000e+00	1.362800e+01	3.629000e+00	6.986000e+00	1.960000e-01	-7.600000e-01	0.000000e+00	1.083800e+01
6.388889e+02	9.620000e-01	-1.068000e+00	1.520000e+01	3.041000e+00	5.838000e+00	4.240000e-01	-8.990000e-01	-1.290000e-01	9.428000e+00
3.771445e+04	9.620000e-01	-6.330000e-01	1.049600e+01	2.187000e+00	4.858000e+00	3.180000e-01	-5.200000e-01	5.940000e-01	9.188000e+00
1.959999e+04	9.620000e-01	-3.600000e-02	1.341200e+01	2.411000e+00	2.422000e+00	1.190000e-01	-6.880000e-01	-1.620000e-01	1.060400e+01
1.798484e+03	9.680000e-01	-1.398000e+00	1.394000e+01	2.873000e+00	5.194000e+00	5.500000e-02	-9.150000e-01	-5.790000e-01	9.632000e+00
3.403955e+03	9.680000e-01	-1.365000e+00	1.438400e+01	1.032000e+00	2.100000e-01	2.180000e-01	-9.630000e-01	5.760000e-01	1.033400e+01
1.098664e+04	9.680000e-01	-1.185000e+00	1.086800e+01	3.412000e+00	4.900000e+00	6.900000e-02	-5.510000e-01	-2.610000e-01	8.624000e+00
9.015433e+02	9.680000e-01	-9.450000e-01	1.296800e+01	3.804000e+00	1.428000e+00	1.160000e-01	-7.730000e-01	-6.930000e-01	8.546000e+00
5.778243e+04	9.680000e-01	-2.550000e-01	1.428800e+01	3.755000e+00	5.376000e+00	3.980000e-01	-8.810000e-01	-6.630000e-01	9.626000e+00
8.066337e+02	9.740000e-01	-1.020000e+00	1.451600e+01	3.818000e+00	3.612000e+00	4.720000e-01	-9.180000e-01	-5.400000e-01	1.001000e+01
5.016212e+03	9.740000e-01	-4.860000e-01	1.467200e+01	3.615000e+00	1.876000e+00	2.000000e-03	-9.700000e-01	-1.080000e-01	8.678000e+00
3.310417e+03	9.740000e-01	-2.880000e-01	1.175600e+01	8.150000e-01	4.732000e+00	2.880000e-01	-5.660000e-01	-4.650000e-01	1.070000e+01
2.648342e+05	9.740000e-01	-1.440000e-01	1.120400e+01	3.902000e+00	4.592000e+00	3.510000e-01	-7.950000e-01	-3.360000e-01	8.540000e+00
3.456989e+05	9.740000e-01	-3.300000e-02	1.229600e+01	6.890000e-01	5.600000e-01	3.490000e-01	-8.220000e-01	1.140000e-01	8.108000e+00
2.061250e+04	9.800000e-01	-8.940000e-01	1.083200e+01	3.510000e+00	1.498000e+00	9.600000e-02	-5.850000e-01	-3.120000e-01	8.642000e+00
1.639346e+03	9.800000e-01	-8.220000e-01	1.352000e+01	3.944000e+00	4.676000e+00	1.520000e-01	-9.240000e-01	-1.980000e-01	1.082600e+01
2.211042e+03	9.800000e-01	-6.120000e-01	1.462400e+01	6.680000e-01	1.960000e-01	4.930000e-01	-6.950000e-01	5.340000e-01	1.058000e+01
3.525393e+03	9.800000e-01	-4.380000e-01	1.092800e+01	2.880000e+00	6.678000e+00	5.300000e-02	-8.960000e-01	-4.590000e-01	1.082000e+01
1.571503e+05	9.800000e-01	-9.000000e-03	1.073600e+01	1.739000e+00	2.534000e+00	5.400000e-02	-8.420000e-01	-2.460000e-01	9.824000e+00
2.728406e+03	9.860000e-01	-1.329000e+00	1.232000e+01	3.006000e+00	4.102000e+00	4.380000e-01	-9.290000e-01	1.320000e-01	9.440000e+00
8.639946e+02	9.860000e-01	-1.263000e+00	1.302800e+01	1.088000e+00	2.016000e+00	2.050000e-01	-5.360000e-01	-3.900000e-02	9.590000e+00
1.696868e+03	9.860000e-01	-1.182000e+00	1.475600e+01	7.870000e-01	1.540000e-01	2.020000e-01	-9.310000e-01	3.330000e-01	8.366000e+00
2.225179e+04	9.860000e-01	-3.840000e-01	1.152800e+01	1.942000e+00	1.456000e+00	7.000000e-02	-7.120000e-01	1.230000e-01	1.058600e+01
1.781868e+04	9.860000e-01	-2.580000e-01	1.208000e+01	2.320000e+00	3.626000e+00	8.500000e-02	-8.870000e-01	-3.330000e-01	1.048400e+01
2.586301e+03	9.920000e-01	-1.278000e+00	1.328000e+01	2.474000e+00	4.438000e+00	1.340000e-01	-9.150000e-01	-4.800000e-01	1.078400e+01
1.573538e+04	9.920000e-01	-1.251000e+00	9.848000e+00	1.823000e+00	4.396000e+00	3.140000e-01	-6.240000e-01	6.060000e-01	9.794000e+00
5.123913e+04	9.920000e-01	-1.014000e+00	9.836000e+00	2.908000e+00	4.858000e+00	4.490000e-01	-9.170000e-01	3.900000e-01	8.288000e+00
9.316790e+02	9.920000e-01	-9.420000e-01	1.251200e+01	1.515000e+00	5.530000e+00	9.200000e-02	-7.450000e-01	7.290000e-01	1.034600e+01
1.549877e+04	9.920000e-01	-3.930000e-01	1.280000e+01	2.208000e+00	3.584000e+00	4.670000e-01	-5.130000e-01	1.350000e-01	1.025600e+01
9.744190e+03	9.980000e-01	-1.434000e+00	1.253600e+01	1.214000e+00	3.374000e+00	2.800000e-01	-9.960000e-01	-2.100000e-01	9.884000e+00
1.443678e+05	9.980000e-01	-1.233000e+00	1.101200e+01	2.397000e+00	3.360000e-01	1.380000e-01	-7.600000e-01	6.630000e-01	1.024400e+01
8.544866e+02	9.980000e-01	-1.188000e+00	1.452800e+01	3.503000e+00	5.460000e-01	1.120000e-01	-8.800000e-01	-3.690000e-01	8.486000e+00
7.439291e+04	9.980000e-01	-4.500000e-01	1.041200e+01	1.942000e+00	4.228000e+00	3.550000e-01	-5.630000e-01	5.010000e-01	8.228000e+00
2.611571e+04	9.980000e-01	-3.960000e-01	1.209200e+01	3.230000e+00	9.380000e-01	1.600000e-02	-9.530000e-01	-6.810000e-01	9.494000e+00
1.862974e+03	1.004000e+00	-1.041000e+00	1.013600e+01	9.970000e-01	6.776000e+00	4.800000e-01	-7.310000e-01	4.320000e-01	1.065200e+01
3.144358e+02	1.004000e+00	-7.770000e-01	1.349600e+01	1.879000e+00	1.218000e+00	1.250000e-01	-9.680000e-01	4.050000e-01	1.029800e+01
5.372521e+03	1.004000e+00	-6.840000e-01	1.258400e+01	3.013000e+00	4.690000e+00	1.770000e-01	-6.630000e-01	4.230000e-01	8.378000e+00
8.012116e+04	1.004000e+00	-1.230000e-01	1.396400e+01	2.950000e+00	4.018000e+00	3.460000e-01	-6.890000e-01	2.280000e-01	9.770000e+00
3.271997e+05	1.004000e+00	-1.500000e-02	1.050800e+01	1.823000e+00	7.140000e-01	4.570000e-01	-5.300000e-01	-5.310000e-01	9.560000e+00
5.486618e+02	1.010000e+00	-1.302000e+00	1.274000e+01	8.290000e-01	2.870000e+00	4.690000e-01	-6.460000e-01	1.740000e-01	9.260000e+00
2.073379e+02	1.010000e+00	-8.580000e-01	1.456400e+01	3.923000e+00	3.416000e+00	1.640000e-01	-8.880000e-01	6.960000e-01	9.458000e+00
4.382928e+02	1.010000e+00	-8.520000e-01	1.431200e+01	3.181000e+00	4.760000e+00	2.300000e-02	-5.140000e-01	-2.970000e-01	8.264000e+00
3.176644e+04	1.010000e+00	-2.220000e-01	1.005200e+01	3.370000e+00	4.998000e+00	2.060000e-01	-9.190000e-01	5.700000e-01	1.057400e+01
3.208458e+04	1.010000e+00	-7.500000e-02	1.532000e+01	1.865000e+00	1.554000e+00	4.680000e-01	-8.620000e-01	-6.900000e-02	1.062800e+01
3.248202e+04	1.016000e+00	-1.239000e+00	9.644000e+00	1.732000e+00	5.110000e+00	4.360000e-01	-5.110000e-01	1.230000e-01	8.552000e+00
1.449325e+02	1.016000e+00	-1.077000e+00	1.473200e+01	2.362000e+00	6.496000e+00	4.370000e-01	-5.500000e-01	3.450000e-01	8.522000e+00
3.256570e+04	1.016000e+00	-9.300000e-01	1.085600e+01	2.642000e+00	6.440000e-01	7.500000e-02	-5.540000e-01	3.000000e-03	1.082000e+01
3.544486e+02	1.016000e+00	-9.210000e-01	1.461200e+01	9.970000e-01	1.512000e+00	4.680000e-01	-8.890000e-01	5.400000e-02	9.842000e+00
9.925182e+05	1.016000e+00	-2.910000e-01	1.002800e+01	2.635000e+00	4.760000e-01	1.860000e-01	-9.620000e-01	5.310000e-01	8.978000e+00
3.933618e+03	1.022000e+00	-1.482000e+00	1.278800e+01	1.011000e+00	3.122000e+00	4.600000e-02	-9.380000e-01	-4.530000e-01	9.890000e+00
5.967448e+02	1.022000e+00	-1.077000e+00	1.328000e+01	2.236000e+00	1.680000e+00	1.710000e-01	-5.120000e-01	-7.200000e-02	8.114000e+00
1.135214e+05	1.022000e+00	-5.070000e-01	1.024400e+01	3.482000e+00	5.824000e+00	2.740000e-01	-6.500000e-01	-4.350000e-01	9.242000e+00
8.161889e+04	1.022000e+00	-1.200000e-01	1.508000e+01	2.684000e+00	2.688000e+00	4.000000e-01	-9.680000e-01	2.250000e-01	9.752000e+00
1.086206e+05	1.022000e+00	-1.050000e-01	1.487600e+01	3.545000e+00	2.366000e+00	1.300000e-01	-6.550000e-01	7.110000e-01	8.504000e+00
3.414919e+04	1.028000e+00	-1.371000e+00	1.006400e+01	3.230000e+00	8.400000e-01	2.880000e-01	-5.480000e-01	-7.380000e-01	9.068000e+00
6.589263e+04	1.028000e+00	-8.040000e-01	1.066400e+01	3.713000e+00	8.400000e-01	1.670000e-01	-6.140000e-01	5.190000e-01	8.480000e+00
6.233507e+03	1.028000e+00	-5.100000e-01	1.288400e+01	3.244000e+00	1.568000e+00	1.510000e-01	-9.020000e-01	3.180000e-01	1.097600e+01
3.945565e+03	1.028000e+00	-3.300000e-01	1.313600e+01	1.410000e+00	3.052000e+00	3.160000e-01	-7.690000e-01	-9.600000e-02	1.092800e+01
3.078269e+04	1.028000e+00	-2.100000e-01	1.541600e+01	2.355000e+00	3.178000e+00	4.010000e-01	-9.750000e-01	-1.710000e-01	1.020800e+01
5.005292e+03	1.034000e+00	-1.356000e+00	1.130000e+01	1.886000e+00	2.058000e+00	2.490000e-01	-8.810000e-01	-6.960000e-01	9.428000e+00
4.196870e+02	1.034000e+00	-1.104000e+00	1.332800e+01	1.340000e+00	4.704000e+00	2.660000e-01	-5.090000e-01	8.700000e-02	8.216000e+00
2.587544e+02	1.034000e+00	-9.840000e-01	1.491200e+01	8.360000e-01	2.142000e+00	3.250000e-01	-5.570000e-01	7.140000e-01	1.027400e+01
2.733740e+03	1.034000e+00	-7.560000e-01	1.488800e+01	3.671000e+00	1.554000e+00	4.760000e-01	-5.750000e-01	-3.060000e-01	8.732000e+00
9.105122e+04	1.034000e+00	-4.230000e-01	1.170800e+01	3.643000e+00	4.480000e+00	4.990000e-01	-7.480000e-01	3.240000e-01	8.066000e+00
1.120794e+03	1.040000e+00	-1.494000e+00	1.242800e+01	2.985000e+00	2.212000e+00	3.310000e-01	-7.840000e-01	-5.340000e-01	8.312000e+00
1.974920e+03	1.040000e+00	-9.660000e-01	1.215200e+01	1.277000e+00	3.038000e+00	3.420000e-01	-9.490000e-01	1.470000e-01	1.090400e+01
6.265132e+04	1.040000e+00	-6.300000e-01	1.038800e+01	2.915000e+00	4.872000e+00	1.900000e-02	-9.820000e-01	-5.010000e-01	8.894000e+00
6.239666e+04	1.040000e+00	-1.110000e-01	1.504400e+01	2.075000e+00	2.870000e+00	9.000000e-03	-5.510000e-01	2.280000e-01	9.140000e+00
1.858022e+05	1.040000e+00	-9.000000e-03	1.494800e+01	1.676000e+00	6.160000e-01	4.300000e-02	-6.130000e-01	-3.390000e-01	8.114000e+00
1.124420e+03	1.046000e+00	-1.449000e+00	1.334000e+01	9.760000e-01	2.240000e+00	1.400000e-01	-9.060000e-01	-6.240000e-01	8.696000e+00
2.213448e+04	1.046000e+00	-3.720000e-01	1.118000e+01	5.000000e-01	6.118000e+00	2.960000e-01	-6.550000e-01	1.080000e-01	8.834000e+00
1.486434e+04	1.046000e+00	-3.150000e-01	1.377200e+01	2.425000e+00	6.748000e+00	2.220000e-01	-5.230000e-01	3.150000e-01	9.884000e+00
1.002495e+05	1.046000e+00	-2.940000e-01	1.136000e+01	2.649000e+00	5.936000e+00	2.790000e-01	-9.430000e-01	7.410000e-01	8.186000e+00
5.378648e+04	1.046000e+00	-5.700000e-02	1.132400e+01	3.307000e+00	2.814000e+00	2.760000e-01	-9.530000e-01	4.770000e-01	1.061600e+01
4.583750e+03	1.052000e+00	-1.458000e+00	1.175600e+01	3.258000e+00	3.234000e+00	3.530000e-01	-7.050000e-01	-9.600000e-02	1.053200e+01
3.029993e+03	1.052000e+00	-1.002000e+00	1.014800e+01	3.797000e+00	3.346000e+00	1.670000e-01	-5.830000e-01	7.170000e-01	1.072400e+01
4.595539e+03	1.052000e+00	-8.100000e-01	1.035200e+01	1.914000e+00	6.482000e+00	3.820000e-01	-7.690000e-01	-6.270000e-01	1.057400e+01
1.587176e+04	1.052000e+00	-7.950000e-01	1.194800e+01	2.082000e+00	9.800000e-01	7.200000e-02	-5.330000e-01	5.040000e-01	9.122000e+00
4.259383e+04	1.052000e+00	-7.200000e-01	1.149200e+01	3.699000e+00	6.020000e-01	1.200000e-02	-7.720000e-01	4.470000e-01	1.050200e+01
1.188245e+04	1.058000e+00	-1.185000e+00	1.095200e+01	8.220000e-01	2.366000e+00	4.730000e-01	-5.410000e-01	-2.640000e-01	8.798000e+00
7.552456e+03	1.058000e+00	-9.720000e-01	9.740000e+00	1.291000e+00	6.832000e+00	1.210000e-01	-8.270000e-01	-2.430000e-01	1.044200e+01
3.695985e+04	1.058000e+00	-7.800000e-01	9.620000e+00	2.019000e+00	4.382000e+00	4.210000e-01	-9.780000e-01	-5.670000e-01	1.004600e+01
7.383222e+02	1.058000e+00	-7.740000e-01	1.354400e+01	3.223000e+00	3.696000e+00	5.700000e-02	-6.030000e-01	-1.740000e-01	8.294000e+00
1.080043e+04	1.058000e+00	-5.790000e-01	1.043600e+01	6.190000e-01	6.944000e+00	1.060000e-01	-9.540000e-01	-3.180000e-01	8.882000e+00
4.023291e+03	1.064000e+00	-1.377000e+00	1.242800e+01	2.117000e+00	5.880000e-01	3.700000e-02	-9.520000e-01	-4.350000e-01	9.776000e+00
2.742636e+04	1.064000e+00	-6.450000e-01	1.048400e+01	1.802000e+00	3.318000e+00	2.870000e-01	-8.500000e-01	-1.350000e-01	9.548000e+00
7.072854e+04	1.064000e+00	-5.100000e-01	1.082000e+01	2.467000e+00	1.680000e+00	2.890000e-01	-8.160000e-01	-4.230000e-01	8.750000e+00
2.149183e+03	1.064000e+00	-4.920000e-01	1.301600e+01	1.774000e+00	4.088000e+00	2.860000e-01	-8.220000e-01	-3.840000e-01	1.063400e+01
4.841989e+04	1.064000e+00	-2.370000e-01	9.980000e+00	3.300000e+00	9.800000e-01	3.780000e-01	-8.000000e-01	-4.410000e-01	1.095800e+01
1.151815e+05	1.070000e+00	-1.428000e+00	1.080800e+01	3.510000e+00	2.520000e-01	9.300000e-02	-9.670000e-01	3.450000e-01	8.162000e+00
5.691058e+03	1.070000e+00	-1.410000e+00	1.242800e+01	3.867000e+00	5.698000e+00	2.740000e-01	-9.400000e-01	-1.500000e-02	9.332000e+00
1.091922e+03	1.070000e+00	-1.101000e+00	1.448000e+01	1.459000e+00	3.192000e+00	1.040000e-01	-8.750000e-01	5.610000e-01	1.082600e+01
5.876168e+02	1.070000e+00	-1.086000e+00	1.414400e+01	2.341000e+00	1.498000e+00	2.210000e-01	-9.000000e-01	1.200000e-02	8.618000e+00
3.196468e+04	1.070000e+00	-6.900000e-02	1.097600e+01	1.368000e+00	2.982000e+00	3.470000e-01	-6.970000e-01	1.950000e-01	1.040000e+01
1.041246e+05	1.076000e+00	-6.450000e-01	1.006400e+01	3.020000e+00	2.436000e+00	3.120000e-01	-7.810000e-01	-5.220000e-01	9.086000e+00
3.623617e+04	1.076000e+00	-3.600000e-01	1.014800e+01	1.984000e+00	4.354000e+00	3.730000e-01	-8.220000e-01	3.600000e-01	1.026200e+01
1.111048e+05	1.076000e+00	-3.120000e-01	1.163600e+01	3.475000e+00	5.740000e+00	4.300000e-01	-7.890000e-01	3.720000e-01	9.338000e+00
3.542151e+04	1.076000e+00	-2.220000e-01	1.331600e+01	1.844000e+00	2.968000e+00	1.640000e-01	-7.080000e-01	6.600000e-02	9.350000e+00
3.277366e+04	1.076000e+00	-1.920000e-01	1.052000e+01	8.010000e-01	1.876000e+00	1.320000e-01	-7.050000e-01	-6.420000e-01	1.074800e+01
2.508906e+03	1.082000e+00	-1.338000e+00	1.192400e+01	2.803000e+00	2.800000e+00	7.400000e-02	-6.180000e-01	-2.130000e-01	1.077800e+01
1.736109e+06	1.082000e+00	-9.930000e-01	1.076000e+01	1.256000e+00	3.780000e-01	3.810000e-01	-9.850000e-01	6.990000e-01	8.312000e+00
2.235725e+02	1.082000e+00	-9.000000e-01	1.515200e+01	3.965000e+00	6.720000e+00	1.840000e-01	-5.860000e-01	6.360000e-01	1.043000e+01
7.645627e+02	1.082000e+00	-7.140000e-01	1.342400e+01	1.550000e+00	4.382000e+00	2.630000e-01	-8.470000e-01	1.170000e-01	9.356000e+00
4.886093e+03	1.082000e+00	-1.980000e-01	1.428800e+01	2.166000e+00	1.106000e+00	3.750000e-01	-8.900000e-01	-6.900000e-01	1.082600e+01
3.258163e+03	1.088000e+00	-1.248000e+00	1.161200e+01	2.936000e+00	5.768000e+00	2.670000e-01	-5.170000e-01	3.450000e-01	8.972000e+00
1.085501e+03	1.088000e+00	-1.194000e+00	1.322000e+01	2.418000e+00	6.566000e+00	3.000000e-02	-5.530000e-01	-6.870000e-01	1.093400e+01
3.980282e+03	1.088000e+00	-1.074000e+00	1.104800e+01	1.522000e+00	5.852000e+00	2.660000e-01	-9.960000e-01	5.610000e-01	9.086000e+00
3.332479e+04	1.088000e+00	-7.530000e-01	1.010000e+01	1.711000e+00	4.844000e+00	1.880000e-01	-6.600000e-01	5.400000e-02	9.386000e+00
6.443565e+03	1.088000e+00	-3.270000e-01	1.151600e+01	1.508000e+00	3.164000e+00	4.150000e-01	-6.190000e-01	3.840000e-01	1.059200e+01
1.908803e+04	1.094000e+00	-1.161000e+00	1.008800e+01	3.902000e+00	3.024000e+00	5.300000e-02	-6.830000e-01	6.810000e-01	9.896000e+00
6.393668e+03	1.094000e+00	-1.128000e+00	1.110800e+01	2.586000e+00	2.646000e+00	1.550000e-01	-7.780000e-01	-3.300000e-02	1.092200e+01
5.149680e+04	1.094000e+00	-1.029000e+00	1.008800e+01	3.930000e+00	3.836000e+00	1.540000e-01	-7.870000e-01	-3.000000e-02	8.654000e+00
7.423867e+02	1.094000e+00	-8.670000e-01	1.292000e+01	5.140000e-01	2.576000e+00	1.660000e-01	-6.670000e-01	-2.550000e-01	9.068000e+00
3.642735e+04	1.094000e+00	-3.330000e-01	1.292000e+01	1.795000e+00	6.580000e-01	4.630000e-01	-5.800000e-01	2.370000e-01	9.692000e+00
2.189186e+03	1.100000e+00	-5.460000e-01	1.424000e+01	5.140000e-01	4.060000e+00	2.620000e-01	-9.310000e-01	-6.720000e-01	1.002800e+01
7.329518e+03	1.100000e+00	-4.560000e-01	1.161200e+01	1.011000e+00	4.872000e+00	4.160000e-01	-7.040000e-01	-6.630000e-01	1.019000e+01
4.898792e+04	1.100000e+00	-2.250000e-01	1.522400e+01	5.980000e-01	4.760000e+00	3.170000e-01	-9.230000e-01	4.650000e-01	8.798000e+00
6.314449e+03	1.100000e+00	-1.140000e-01	1.133600e+01	1.431000e+00	3.430000e+00	4.020000e-01	-5.370000e-01	2.070000e-01	1.082000e+01
8.140818e+04	1.100000e+00	-1.080000e-01	1.506800e+01	1.753000e+00	8.680000e-01	2.020000e-01	-7.990000e-01	1.110000e-01	9.116000e+00
1.163769e+04	1.106000e+00	-1.083000e+00	1.100000e+01	2.558000e+00	1.974000e+00	6.500000e-02	-5.240000e-01	-5.700000e-01	8.132000e+00
2.331917e+02	1.106000e+00	-1.041000e+00	1.415600e+01	3.657000e+00	1.610000e+00	2.510000e-01	-7.140000e-01	-4.440000e-01	1.000400e+01
1.918576e+03	1.106000e+00	-8.010000e-01	1.360400e+01	3.391000e+00	8.960000e-01	4.180000e-01	-5.180000e-01	6.660000e-01	9.056000e+00
2.659389e+03	1.106000e+00	-6.870000e-01	1.539200e+01	2.096000e+00	8.680000e-01	4.130000e-01	-8.150000e-01	1.500000e-02	8.276000e+00
8.551327e+04	1.106000e+00	-2.220000e-01	1.059200e+01	1.081000e+00	3.276000e+00	6.700000e-02	-8.860000e-01	-6.990000e-01	8.792000e+00
1.272024e+03	1.112000e+00	-1.359000e+00	1.476800e+01	3.650000e+00	1.638000e+00	3.740000e-01	-7.940000e-01	2.460000e-01	9.188000e+00
4.239220e+04	1.112000e+00	-9.810000e-01	1.182800e+01	3.300000e+00	1.120000e-01	4.600000e-01	-7.270000e-01	1.800000e-01	8.864000e+00
6.089106e+03	1.112000e+00	-5.430000e-01	1.325600e+01	2.761000e+00	1.316000e+00	2.140000e-01	-7.480000e-01	-5.880000e-01	9.248000e+00
1.430081e+04	1.112000e+00	-1.920000e-01	1.127600e+01	1.781000e+00	3.052000e+00	4.580000e-01	-9.200000e-01	5.850000e-01	1.069400e+01
8.418988e+04	1.112000e+00	-9.300000e-02	1.446800e+01	1.389000e+00	6.804000e+00	1.010000e-01	-9.290000e-01	-1.500000e-01	8.900000e+00
1.372859e+04	1.118000e+00	-1.464000e+00	1.034000e+01	3.916000e+00	1.918000e+00	2.870000e-01	-9.260000e-01	2.700000e-01	9.008000e+00
2.746710e+03	1.118000e+00	-1.452000e+00	1.281200e+01	3.650000e+00	3.766000e+00	4.500000e-02	-7.080000e-01	-3.690000e-01	1.085000e+01
1.012416e+03	1.118000e+00	-1.266000e+00	1.054400e+01	1.417000e+00	4.480000e+00	4.850000e-01	-8.930000e-01	3.810000e-01	1.074200e+01
1.828118e+05	1.118000e+00	-1.047000e+00	1.016000e+01	2.768000e+00	2.660000e-01	2.590000e-01	-6.940000e-01	-3.240000e-01	9.362000e+00
5.997104e+02	1.118000e+00	-1.041000e+00	1.516400e+01	1.900000e+00	1.638000e+00	1.300000e-01	-8.640000e-01	-1.440000e-01	8.744000e+00
4.508418e+03	1.124000e+00	-1.170000e+00	1.168400e+01	3.209000e+00	6.356000e+00	3.500000e-02	-6.070000e-01	-5.700000e-01	8.918000e+00
6.488533e+04	1.124000e+00	-5.520000e-01	9.584000e+00	7.450000e-01	5.166000e+00	3.910000e-01	-8.360000e-01	6.240000e-01	8.684000e+00
2.173138e+03	1.124000e+00	-5.400000e-01	1.485200e+01	1.977000e+00	6.720000e-01	4.100000e-02	-8.080000e-01	-6.120000e-01	8.852000e+00
3.990456e+04	1.124000e+00	-2.640000e-01	1.362800e+01	2.642000e+00	5.096000e+00	1.760000e-01	-7.280000e-01	-4.590000e-01	8.450000e+00
7.736090e+04	1.124000e+00	-3.000000e-03	1.058000e+01	3.433000e+00	1.008000e+00	4.720000e-01	-9.740000e-01	-6.030000e-01	1.068200e+01
6.701016e+02	1.130000e+00	-1.446000e+00	1.511600e+01	3.902000e+00	2.800000e-01	4.520000e-01	-5.970000e-01	6.480000e-01	1.016000e+01
1.148410e+04	1.130000e+00	-8.700000e-01	1.044800e+01	7.520000e-01	5.530000e+00	3.560000e-01	-5.590000e-01	5.100000e-02	8.726000e+00
2.645368e+03	1.130000e+00	-5.400000e-01	1.427600e+01	2.663000e+00	6.986000e+00	1.000000e-01	-8.990000e-01	4.140000e-01	9.464000e+00
1.267293e+03	1.130000e+00	-4.740000e-01	1.282400e+01	6.330000e-01	3.150000e+00	3.200000e-02	-9.730000e-01	7.260000e-01	1.065800e+01
1.255473e+04	1.130000e+00	-3.540000e-01	1.188800e+01	1.102000e+00	5.278000e+00	3.620000e-01	-5.280000e-01	-4.950000e-01	1.008200e+01
7.207507e+02	1.136000e+00	-1.365000e+00	1.251200e+01	2.411000e+00	3.724000e+00	3.250000e-01	-5.250000e-01	4.650000e-01	1.018400e+01
2.005211e+04	1.136000e+00	-7.980000e-01	1.064000e+01	2.082000e+00	6.706000e+00	4.060000e-01	-5.200000e-01	5.550000e-01	9.650000e+00
4.736754e+04	1.136000e+00	-5.970000e-01	9.704000e+00	3.160000e+00	2.100000e+00	4.900000e-02	-5.160000e-01	-2.430000e-01	1.034000e+01
3.789476e+03	1.136000e+00	-5.910000e-01	1.288400e+01	1.823000e+00	2.478000e+00	3.400000e-01	-6.230000e-01	2.400000e-01	1.000400e+01
1.375716e+05	1.136000e+00	-3.900000e-02	1.160000e+01	1.333000e+00	5.138000e+00	2.250000e-01	-6.530000e-01	3.120000e-01	9.236000e+00
8.202560e+03	1.142000e+00	-1.431000e+00	1.019600e+01	5.070000e-01	5.684000e+00	4.860000e-01	-5.900000e-01	3.900000e-02	9.710000e+00
5.029689e+04	1.142000e+00	-1.080000e+00	1.012400e+01	3.930000e+00	5.922000e+00	2.470000e-01	-8.650000e-01	6.990000e-01	9.110000e+00
7.854805e+03	1.142000e+00	-4.410000e-01	1.534400e+01	3.699000e+00	4.928000e+00	4.170000e-01	-8.720000e-01	1.950000e-01	1.072400e+01
1.290471e+04	1.142000e+00	-3.990000e-01	1.546400e+01	7.660000e-01	4.802000e+00	3.400000e-01	-6.350000e-01	-2.820000e-01	9.602000e+00
2.169816e+04	1.142000e+00	-3.300000e-02	1.098800e+01	2.194000e+00	1.820000e-01	2.930000e-01	-7.020000e-01	-6.360000e-01	1.061000e+01
5.145659e+04	1.148000e+00	-1.155000e+00	1.012400e+01	5.910000e-01	3.024000e+00	2.250000e-01	-5.820000e-01	-7.800000e-02	8.198000e+00
9.346713e+03	1.148000e+00	-7.980000e-01	1.143200e+01	2.215000e+00	6.650000e+00	2.900000e-01	-9.010000e-01	-1.410000e-01	8.984000e+00
2.396121e+02	1.148000e+00	-7.920000e-01	1.476800e+01	2.334000e+00	4.984000e+00	2.550000e-01	-8.210000e-01	1.800000e-01	9.608000e+00
4.207122e+03	1.148000e+00	-6.270000e-01	1.178000e+01	1.963000e+00	3.164000e+00	3.500000e-02	-9.480000e-01	4.530000e-01	1.058000e+01
6.837010e+04	1.148000e+00	-5.100000e-02	1.158800e+01	1.746000e+00	2.562000e+00	2.620000e-01	-9.820000e-01	3.660000e-01	1.060400e+01
1.659242e+03	1.154000e+00	-1.458000e+00	1.222400e+01	1.550000e+00	5.124000e+00	6.300000e-02	-7.380000e-01	-2.100000e-01	8.306000e+00
4.901773e+02	1.154000e+00	-1.383000e+00	1.378400e+01	2.334000e+00	1.946000e+00	4.880000e-01	-5.770000e-01	5.850000e-01	9.626000e+00
4.974857e+03	1.154000e+00	-1.332000e+00	1.377200e+01	2.677000e+00	9.100000e-01	2.620000e-01	-8.650000e-01	8.700000e-02	9.488000e+00
1.419026e+04	1.154000e+00	-7.110000e-01	1.043600e+01	1.207000e+00	6.930000e+00	7.000000e-02	-6.340000e-01	2.550000e-01	9.236000e+00
1.840858e+04	1.154000e+00	-5.700000e-01	1.167200e+01	1.956000e+00	1.806000e+00	4.300000e-02	-9.130000e-01	-4.320000e-01	8.966000e+00
5.792851e+03	1.160000e+00	-1.473000e+00	1.408400e+01	3.181000e+00	1.904000e+00	3.200000e-02	-6.710000e-01	2.820000e-01	1.073000e+01
2.729621e+03	1.160000e+00	-1.173000e+00	1.298000e+01	3.370000e+00	1.120000e+00	2.420000e-01	-9.630000e-01	-2.130000e-01	9.650000e+00
2.006051e+04	1.160000e+00	-5.670000e-01	1.088000e+01	3.048000e+00	6.048000e+00	4.930000e-01	-6.680000e-01	-4.800000e-02	1.040000e+01
6.619600e+05	1.160000e+00	-1.830000e-01	1.143200e+01	9.760000e-01	6.020000e-01	7.900000e-02	-7.180000e-01	7.290000e-01	1.063400e+01
5.728616e+04	1.160000e+00	-1.170000e-01	1.491200e+01	3.790000e+00	3.598000e+00	4.770000e-01	-6.590000e-01	-2.130000e-01	1.024400e+01
7.496619e+02	1.166000e+00	-1.332000e+00	1.490000e+01	2.313000e+00	5.040000e+00	3.080000e-01	-5.860000e-01	9.900000e-02	9.068000e+00
8.633172e+02	1.166000e+00	-1.260000e+00	1.304000e+01	3.594000e+00	1.316000e+00	1.970000e-01	-9.670000e-01	5.700000e-01	9.680000e+00
1.942768e+03	1.166000e+00	-1.242000e+00	1.359200e+01	2.089000e+00	1.414000e+00	9.900000e-02	-8.280000e-01	2.790000e-01	8.462000e+00
2.177363e+05	1.166000e+00	-9.750000e-01	1.050800e+01	1.452000e+00	9.940000e-01	2.590000e-01	-7.220000e-01	-7.290000e-01	8.222000e+00
9.209417e+03	1.166000e+00	-2.310000e-01	1.523600e+01	3.230000e+00	6.846000e+00	2.350000e-01	-7.260000e-01	-7.800000e-02	1.082000e+01
1.242555e+03	1.172000e+00	-1.362000e+00	1.096400e+01	2.110000e+00	5.866000e+00	4.650000e-01	-6.720000e-01	-9.000000e-03	1.059800e+01
4.490110e+03	1.172000e+00	-1.356000e+00	1.223600e+01	2.320000e+00	9.100000e-01	8.300000e-02	-6.650000e-01	-6.720000e-01	8.744000e+00
2.564367e+04	1.172000e+00	-1.068000e+00	9.824000e+00	3.909000e+00	3.752000e+00	2.290000e-01	-8.170000e-01	-1.560000e-01	1.017200e+01
5.999445e+03	1.172000e+00	-1.038000e+00	9.536000e+00	6.820000e-01	3.178000e+00	4.700000e-02	-8.840000e-01	3.900000e-01	1.059200e+01
3.173518e+05	1.172000e+00	-9.600000e-01	9.968000e+00	1.011000e+00	1.134000e+00	3.690000e-01	-8.420000e-01	6.570000e-01	9.410000e+00
8.050211e+04	1.178000e+00	-1.326000e+00	9.764000e+00	1.669000e+00	8.260000e-01	1.000000e-03	-5.920000e-01	-2.670000e-01	1.019600e+01
1.292062e+03	1.178000e+00	-1.125000e+00	1.229600e+01	2.607000e+00	5.964000e+00	3.070000e-01	-7.600000e-01	5.520000e-01	9.074000e+00
2.093979e+02	1.178000e+00	-8.460000e-01	1.456400e+01	2.215000e+00	4.900000e+00	1.830000e-01	-5.710000e-01	4.950000e-01	8.258000e+00
2.098932e+04	1.178000e+00	-4.770000e-01	1.248800e+01	3.342000e+00	7.280000e-01	2.900000e-01	-9.930000e-01	-1.020000e-01	1.081400e+01
7.317546e+04	1.178000e+00	-3.630000e-01	1.251200e+01	3.573000e+00	3.654000e+00	4.500000e-01	-7.260000e-01	-2.700000e-01	9.032000e+00
1.851957e+04	1.184000e+00	-6.600000e-01	1.061600e+01	6.750000e-01	3.682000e+00	4.470000e-01	-7.080000e-01	-3.120000e-01	9.602000e+00
2.108788e+03	1.184000e+00	-6.480000e-01	1.316000e+01	3.118000e+00	1.260000e+00	4.710000e-01	-6.360000e-01	-6.060000e-01	1.067600e+01
2.713732e+04	1.184000e+00	-2.670000e-01	1.152800e+01	3.083000e+00	2.814000e+00	9.500000e-02	-7.110000e-01	-5.730000e-01	1.061000e+01
1.271332e+06	1.184000e+00	-1.410000e-01	1.124000e+01	1.767000e+00	1.260000e-01	2.460000e-01	-6.220000e-01	-3.840000e-01	9.056000e+00
1.975130e+05	1.184000e+00	-6.000000e-02	1.220000e+01	1.235000e+00	3.780000e-01	4.140000e-01	-6.400000e-01	6.600000e-02	1.001600e+01
1.161144e+03	1.190000e+00	-1.446000e+00	1.514000e+01	3.685000e+00	6.272000e+00	3.400000e-02	-5.350000e-01	2.580000e-01	8.048000e+00
2.602391e+03	1.190000e+00	-1.293000e+00	1.056800e+01	1.914000e+00	5.642000e+00	2.230000e-01	-5.760000e-01	-3.000000e-01	1.041200e+01
2.084124e+03	1.190000e+00	-1.149000e+00	1.292000e+01	2.152000e+00	1.120000e-01	2.360000e-01	-5.020000e-01	-3.540000e-01	9.266000e+00
1.004426e+03	1.190000e+00	-1.131000e+00	1.348400e+01	1.410000e+00	1.008000e+00	1.600000e-02	-8.740000e-01	-2.070000e-01	8.252000e+00
1.368893e+03	1.190000e+00	-7.350000e-01	1.420400e+01	1.459000e+00	7.280000e-01	3.830000e-01	-6.660000e-01	4.620000e-01	9.230000e+00
2.283882e+02	1.196000e+00	-1.242000e+00	1.419200e+01	2.733000e+00	5.670000e+00	4.780000e-01	-6.130000e-01	6.270000e-01	9.764000e+00
4.744253e+04	1.196000e+00	-1.092000e+00	1.032800e+01	3.993000e+00	5.390000e+00	3.750000e-01	-9.910000e-01	-7.200000e-02	8.846000e+00
5.491162e+04	1.196000e+00	-6.600000e-01	9.644000e+00	6.190000e-01	4.592000e+00	8.300000e-02	-7.360000e-01	-5.910000e-01	8.732000e+00
3.112311e+04	1.196000e+00	-6.600000e-01	1.106000e+01	3.923000e+00	4.592000e+00	4.510000e-01	-9.260000e-01	-2.880000e-01	1.028600e+01
1.116457e+05	1.196000e+00	-2.430000e-01	1.326800e+01	3.825000e+00	3.962000e+00	4.870000e-01	-8.270000e-01	-2.190000e-01	8.894000e+00
6.888704e+02	1.202000e+00	-9.900000e-01	1.332800e+01	5.070000e-01	4.060000e-01	2.540000e-01	-5.290000e-01	-3.960000e-01	1.079600e+01
7.048883e+02	1.202000e+00	-9.870000e-01	1.235600e+01	2.208000e+00	3.976000e+00	3.340000e-01	-5.730000e-01	-4.950000e-01	1.032200e+01
1.069224e+03	1.202000e+00	-9.120000e-01	1.212800e+01	1.207000e+00	5.474000e+00	3.700000e-02	-9.570000e-01	3.510000e-01	1.061000e+01
3.517964e+02	1.202000e+00	-7.590000e-01	1.388000e+01	9.620000e-01	2.744000e+00	2.580000e-01	-8.980000e-01	-6.000000e-01	1.097000e+01
4.624190e+04	1.202000e+00	-2.970000e-01	1.204400e+01	3.237000e+00	3.766000e+00	9.800000e-02	-7.690000e-01	6.180000e-01	9.818000e+00
2.239825e+02	1.208000e+00	-1.272000e+00	1.544000e+01	3.881000e+00	6.244000e+00	4.580000e-01	-6.520000e-01	1.800000e-01	9.704000e+00
3.893526e+03	1.208000e+00	-1.263000e+00	1.444400e+01	1.956000e+00	2.240000e+00	6.300000e-02	-8.600000e-01	-1.530000e-01	1.061600e+01
1.340542e+03	1.208000e+00	-7.800000e-01	1.514000e+01	3.174000e+00	6.762000e+00	4.860000e-01	-8.920000e-01	4.080000e-01	1.036400e+01
2.370493e+04	1.208000e+00	-7.710000e-01	1.090400e+01	2.306000e+00	5.096000e+00	4.810000e-01	-6.850000e-01	5.820000e-01	9.302000e+00
1.759904e+04	1.208000e+00	-7.050000e-01	1.242800e+01	3.895000e+00	6.468000e+00	1.120000e-01	-6.210000e-01	1.530000e-01	9.212000e+00
5.656732e+02	1.214000e+00	-1.056000e+00	1.390400e+01	3.545000e+00	1.722000e+00	7.800000e-02	-7.500000e-01	3.840000e-01	8.714000e+00
3.015242e+04	1.214000e+00	-8.910000e-01	1.040000e+01	2.390000e+00	4.102000e+00	1.440000e-01	-8.110000e-01	-7.500000e-02	9.212000e+00
3.945134e+03	1.214000e+00	-6.960000e-01	9.860000e+00	3.419000e+00	5.684000e+00	4.380000e-01	-6.490000e-01	-3.570000e-01	1.098800e+01
5.679601e+04	1.214000e+00	-2.040000e-01	1.342400e+01	1.648000e+00	2.506000e+00	3.300000e-01	-5.820000e-01	-6.240000e-01	9.002000e+00
2.423475e+05	1.214000e+00	-1.560000e-01	1.085600e+01	3.111000e+00	6.902000e+00	8.800000e-02	-8.050000e-01	5.130000e-01	8.114000e+00
2.291764e+03	1.220000e+00	-1.158000e+00	1.182800e+01	3.860000e+00	5.404000e+00	2.990000e-01	-7.550000e-01	-2.100000e-02	1.099400e+01
9.940783e+03	1.220000e+00	-6.000000e-01	1.175600e+01	9.900000e-01	6.160000e-01	1.290000e-01	-6.030000e-01	-4.710000e-01	1.035200e+01
4.603052e+03	1.220000e+00	-4.890000e-01	1.440800e+01	1.186000e+00	2.674000e+00	1.340000e-01	-9.080000e-01	-4.830000e-01	8.138000e+00
2.129667e+03	1.220000e+00	-1.560000e-01	1.192400e+01	1.522000e+00	4.732000e+00	2.170000e-01	-8.680000e-01	4.230000e-01	1.094000e+01
1.119697e+05	1.220000e+00	-9.300000e-02	1.232000e+01	2.698000e+00	5.320000e+00	3.570000e-01	-8.570000e-01	-5.910000e-01	9.902000e+00
2.617086e+02	1.226000e+00	-1.056000e+00	1.456400e+01	2.215000e+00	1.400000e+00	4.100000e-01	-9.070000e-01	5.700000e-02	9.272000e+00
3.658373e+04	1.226000e+00	-6.540000e-01	1.169600e+01	3.433000e+00	4.032000e+00	4.890000e-01	-9.550000e-01	-1.050000e-01	9.386000e+00
7.418459e+06	1.226000e+00	-5.730000e-01	9.632000e+00	1.053000e+00	3.500000e-01	6.200000e-02	-7.610000e-01	6.180000e-01	9.254000e+00
8.872262e+04	1.226000e+00	-5.580000e-01	9.632000e+00	1.760000e+00	3.220000e+00	3.270000e-01	-7.610000e-01	-4.800000e-02	9.818000e+00
1.639522e+04	1.226000e+00	-2.670000e-01	1.100000e+01	1.662000e+00	5.222000e+00	1.930000e-01	-7.340000e-01	-2.850000e-01	1.032200e+01
2.873498e+03	1.232000e+00	-1.110000e+00	1.355600e+01	5.840000e-01	1.638000e+00	2.320000e-01	-9.670000e-01	0.000000e+00	9.554000e+00
1.817744e+03	1.232000e+00	-1.095000e+00	1.167200e+01	1.375000e+00	4.326000e+00	3.030000e-01	-5.680000e-01	-3.000000e-01	8.954000e+00
1.179296e+06	1.232000e+00	-7.650000e-01	9.836000e+00	1.116000e+00	9.380000e-01	9.800000e-02	-9.070000e-01	6.120000e-01	8.510000e+00
7.053574e+04	1.232000e+00	-6.630000e-01	9.872000e+00	1.445000e+00	5.082000e+00	4.780000e-01	-9.430000e-01	-7.500000e-01	8.066000e+00
1.514871e+05	1.232000e+00	-8.400000e-02	1.329200e+01	3.097000e+00	2.800000e+00	1.500000e-01	-5.950000e-01	-3.030000e-01	8.648000e+00
2.437150e+03	1.238000e+00	-1.284000e+00	1.520000e+01	1.634000e+00	3.878000e+00	4.450000e-01	-8.590000e-01	5.700000e-02	8.930000e+00
3.839159e+05	1.238000e+00	-1.251000e+00	9.668000e+00	3.146000e+00	5.740000e-01	3.490000e-01	-7.580000e-01	5.460000e-01	1.065800e+01
1.139560e+03	1.238000e+00	-1.248000e+00	1.361600e+01	1.333000e+00	3.724000e+00	4.700000e-02	-5.170000e-01	-4.980000e-01	9.380000e+00
1.611196e+02	1.238000e+00	-1.005000e+00	1.337600e+01	2.026000e+00	4.774000e+00	4.020000e-01	-7.000000e-01	6.900000e-01	8.444000e+00
1.252513e+04	1.238000e+00	-3.840000e-01	1.275200e+01	2.313000e+00	1.540000e+00	8.000000e-02	-6.140000e-01	5.490000e-01	1.051400e+01
2.833896e+03	1.244000e+00	-1.479000e+00	1.084400e+01	1.067000e+00	5.950000e+00	3.210000e-01	-6.010000e-01	4.500000e-02	1.001600e+01
1.029002e+04	1.244000e+00	-1.275000e+00	1.096400e+01	1.879000e+00	2.506000e+00	2.570000e-01	-8.520000e-01	5.190000e-01	9.008000e+00
3.996103e+03	1.244000e+00	-1.221000e+00	1.144400e+01	3.006000e+00	3.430000e+00	2.040000e-01	-7.860000e-01	1.590000e-01	1.067000e+01
1.958864e+04	1.244000e+00	-3.660000e-01	1.307600e+01	5.980000e-01	1.190000e+00	8.200000e-02	-9.620000e-01	1.560000e-01	8.156000e+00
9.841734e+04	1.244000e+00	-1.470000e-01	1.244000e+01	1.200000e+00	1.708000e+00	4.320000e-01	-9.630000e-01	5.670000e-01	9.398000e+00
1.971801e+03	1.250000e+00	-1.275000e+00	1.048400e+01	3.573000e+00	4.942000e+00	2.720000e-01	-5.140000e-01	7.080000e-01	1.080800e+01
2.973680e+03	1.250000e+00	-1.200000e+00	1.412000e+01	3.783000e+00	4.802000e+00	4.030000e-01	-9.680000e-01	-1.320000e-01	9.098000e+00
1.067287e+04	1.250000e+00	-1.095000e+00	1.064000e+01	1.739000e+00	5.950000e+00	2.310000e-01	-7.740000e-01	-2.370000e-01	8.636000e+00
4.909871e+02	1.250000e+00	-8.280000e-01	1.350800e+01	9.270000e-01	4.410000e+00	3.290000e-01	-5.930000e-01	-4.470000e-01	8.666000e+00
8.010250e+03	1.250000e+00	-5.700000e-01	1.067600e+01	9.480000e-01	2.464000e+00	2.070000e-01	-5.710000e-01	6.720000e-01	1.020800e+01
3.306730e+03	1.256000e+00	-6.150000e-01	1.367600e+01	1.109000e+00	1.960000e-01	3.310000e-01	-8.680000e-01	4.200000e-01	8.930000e+00
1.186163e+03	1.256000e+00	-4.710000e-01	1.220000e+01	1.102000e+00	5.026000e+00	7.700000e-02	-7.640000e-01	4.290000e-01	1.026200e+01
7.436278e+04	1.256000e+00	-4.440000e-01	1.079600e+01	2.355000e+00	6.790000e+00	1.220000e-01	-6.210000e-01	-7.470000e-01	8.024000e+00
8.015901e+04	1.256000e+00	-4.320000e-01	1.154000e+01	3.783000e+00	6.888000e+00	1.060000e-01	-8.040000e-01	5.970000e-01	9.488000e+00
1.517833e+05	1.256000e+00	-2.700000e-02	1.292000e+01	1.256000e+00	2.198000e+00	3.410000e-01	-7.900000e-01	4.590000e-01	9.326000e+00
2.449496e+03	1.262000e+00	-1.278000e+00	1.077200e+01	2.663000e+00	6.748000e+00	5.400000e-02	-5.250000e-01	5.670000e-01	1.062200e+01
9.261334e+03	1.262000e+00	-8.640000e-01	1.259600e+01	3.937000e+00	3.696000e+00	4.590000e-01	-6.740000e-01	4.110000e-01	9.032000e+00
4.555781e+02	1.262000e+00	-8.400000e-01	1.536800e+01	2.642000e+00	3.136000e+00	1.150000e-01	-8.060000e-01	6.390000e-01	1.092800e+01
1.483333e+03	1.262000e+00	-6.450000e-01	1.422800e+01	2.327000e+00	1.288000e+00	4.230000e-01	-8.930000e-01	9.000000e-03	1.058600e+01
7.519486e+04	1.262000e+00	-5.460000e-01	1.120400e+01	3.153000e+00	1.694000e+00	9.000000e-03	-8.630000e-01	3.300000e-01	8.276000e+00
6.114325e+04	1.268000e+00	-1.014000e+00	1.214000e+01	6.890000e-01	1.134000e+00	3.890000e-01	-8.590000e-01	2.160000e-01	8.996000e+00
1.970438e+04	1.268000e+00	-3.240000e-01	1.416800e+01	2.061000e+00	8.820000e-01	2.030000e-01	-9.140000e-01	-3.000000e-01	9.182000e+00
3.559504e+04	1.268000e+00	-2.820000e-01	1.166000e+01	1.319000e+00	4.368000e+00	2.160000e-01	-5.830000e-01	-7.170000e-01	9.164000e+00
3.674979e+04	1.268000e+00	-5.700000e-02	1.200800e+01	2.383000e+00	3.864000e+00	4.860000e-01	-5.910000e-01	-2.220000e-01	1.065200e+01
9.780480e+04	1.268000e+00	-2.700000e-02	1.235600e+01	3.776000e+00	2.618000e+00	2.500000e-01	-8.290000e-01	2.400000e-01	1.050800e+01
1.801217e+02	1.274000e+00	-7.380000e-01	1.518800e+01	1.032000e+00	5.334000e+00	2.430000e-01	-6.960000e-01	3.360000e-01	1.055000e+01
5.821634e+03	1.274000e+00	-5.790000e-01	1.324400e+01	3.223000e+00	1.624000e+00	1.720000e-01	-8.460000e-01	-4.620000e-01	9.542000e+00
1.232140e+05	1.274000e+00	-5.250000e-01	1.038800e+01	3.447000e+00	4.410000e+00	4.940000e-01	-7.630000e-01	-7.260000e-01	9.452000e+00
1.127679e+05	1.274000e+00	-5.130000e-01	1.172000e+01	3.601000e+00	7.840000e-01	2.810000e-01	-7.380000e-01	3.750000e-01	8.264000e+00
8.923659e+04	1.274000e+00	-4.710000e-01	1.121600e+01	3.482000e+00	3.178000e+00	1.480000e-01	-6.200000e-01	3.300000e-01	8.804000e+00
2.488557e+04	1.280000e+00	-8.910000e-01	1.138400e+01	3.888000e+00	3.444000e+00	3.090000e-01	-6.550000e-01	5.130000e-01	8.654000e+00
1.010140e+03	1.280000e+00	-8.460000e-01	1.274000e+01	2.509000e+00	4.578000e+00	4.000000e-03	-9.220000e-01	-7.380000e-01	9.632000e+00
3.878795e+04	1.280000e+00	-8.130000e-01	9.800000e+00	1.291000e+00	1.526000e+00	3.920000e-01	-5.040000e-01	-3.060000e-01	1.080200e+01
2.400049e+04	1.280000e+00	-5.310000e-01	1.179200e+01	3.419000e+00	3.220000e+00	3.790000e-01	-6.890000e-01	-5.580000e-01	1.046000e+01
6.510726e+04	1.280000e+00	-2.640000e-01	1.262000e+01	2.488000e+00	2.688000e+00	4.990000e-01	-6.520000e-01	-6.600000e-01	9.458000e+00
6.944787e+03	1.286000e+00	-1.302000e+00	1.085600e+01	3.615000e+00	6.692000e+00	2.150000e-01	-8.560000e-01	4.470000e-01	1.029200e+01
1.694295e+02	1.286000e+00	-8.100000e-01	1.413200e+01	5.770000e-01	3.626000e+00	2.820000e-01	-7.270000e-01	3.150000e-01	1.031600e+01
1.758218e+04	1.286000e+00	-4.260000e-01	1.371200e+01	1.494000e+00	6.580000e-01	4.340000e-01	-7.960000e-01	1.770000e-01	9.308000e+00
6.912648e+04	1.286000e+00	-1.710000e-01	1.406000e+01	8.150000e-01	3.598000e+00	3.930000e-01	-9.570000e-01	-5.130000e-01	9.164000e+00
1.110681e+04	1.286000e+00	-6.900000e-02	1.407200e+01	2.124000e+00	6.356000e+00	3.380000e-01	-7.010000e-01	6.780000e-01	1.067600e+01
1.634954e+04	1.292000e+00	-1.431000e+00	9.836000e+00	2.215000e+00	6.216000e+00	8.200000e-02	-7.490000e-01	-4.170000e-01	9.980000e+00
1.556516e+03	1.292000e+00	-1.191000e+00	1.265600e+01	3.090000e+00	6.608000e+00	4.510000e-01	-8.510000e-01	7.380000e-01	8.528000e+00
2.158317e+02	1.292000e+00	-9.420000e-01	1.452800e+01	3.867000e+00	1.204000e+00	1.800000e-01	-8.710000e-01	5.310000e-01	8.342000e+00
3.655659e+03	1.292000e+00	-5.130000e-01	1.534400e+01	2.733000e+00	2.562000e+00	1.070000e-01	-9.880000e-01	-3.930000e-01	8.288000e+00
1.445042e+05	1.292000e+00	-2.100000e-02	1.529600e+01	1.606000e+00	5.936000e+00	1.470000e-01	-9.080000e-01	5.850000e-01	9.044000e+00
3.881688e+03	1.298000e+00	-9.180000e-01	1.308800e+01	3.706000e+00	5.964000e+00	3.360000e-01	-7.940000e-01	-3.000000e-02	8.780000e+00
1.236084e+05	1.298000e+00	-7.770000e-01	9.896000e+00	1.235000e+00	1.764000e+00	8.300000e-02	-8.950000e-01	3.000000e-01	9.764000e+00
3.050011e+04	1.298000e+00	-4.800000e-01	1.145600e+01	1.459000e+00	1.610000e+00	1.940000e-01	-5.390000e-01	6.120000e-01	1.040600e+01
2.511041e+04	1.298000e+00	-2.730000e-01	1.452800e+01	1.221000e+00	6.244000e+00	2.480000e-01	-8.430000e-01	-3.000000e-01	9.452000e+00
2.041145e+05	1.298000e+00	-1.020000e-01	1.319600e+01	3.566000e+00	5.404000e+00	4.790000e-01	-9.040000e-01	-4.470000e-01	8.738000e+00
6.059580e+02	1.304000e+00	-1.017000e+00	1.370000e+01	3.426000e+00	5.096000e+00	1.800000e-02	-5.840000e-01	-3.030000e-01	8.324000e+00
2.137667e+02	1.304000e+00	-8.250000e-01	1.428800e+01	1.718000e+00	4.830000e+00	2.350000e-01	-8.960000e-01	3.690000e-01	8.666000e+00
1.468584e+03	1.304000e+00	-5.280000e-01	1.503200e+01	2.502000e+00	5.964000e+00	8.000000e-03	-6.630000e-01	4.950000e-01	9.614000e+00
6.266240e+04	1.304000e+00	-2.070000e-01	1.392800e+01	2.005000e+00	5.236000e+00	4.200000e-01	-8.290000e-01	4.800000e-01	9.290000e+00
1.914671e+05	1.304000e+00	-6.000000e-03	1.493600e+01	1.403000e+00	4.690000e+00	3.880000e-01	-5.830000e-01	-6.000000e-03	8.678000e+00
1.401916e+03	1.310000e+00	-1.206000e+00	1.308800e+01	2.299000e+00	8.120000e-01	1.470000e-01	-5.350000e-01	1.170000e-01	8.588000e+00
3.185074e+04	1.310000e+00	-1.116000e+00	1.062800e+01	3.713000e+00	4.396000e+00	2.010000e-01	-9.440000e-01	-5.220000e-01	8.492000e+00
7.371125e+03	1.310000e+00	-4.680000e-01	1.244000e+01	1.382000e+00	5.208000e+00	1.360000e-01	-9.730000e-01	-9.300000e-02	8.132000e+00
1.741896e+05	1.310000e+00	-4.410000e-01	9.920000e+00	3.419000e+00	6.510000e+00	1.200000e-01	-7.010000e-01	-1.500000e-02	9.254000e+00
6.702599e+04	1.310000e+00	-2.850000e-01	1.126400e+01	2.404000e+00	5.166000e+00	1.950000e-01	-9.080000e-01	5.100000e-01	9.674000e+00
1.093426e+05	1.316000e+00	-8.460000e-01	1.238000e+01	2.124000e+00	1.400000e-01	2.950000e-01	-7.380000e-01	-7.800000e-02	8.546000e+00
1.333151e+04	1.316000e+00	-8.160000e-01	1.202000e+01	3.314000e+00	6.944000e+00	8.800000e-02	-5.640000e-01	-5.610000e-01	8.102000e+00
1.256147e+05	1.316000e+00	-3.810000e-01	1.090400e+01	2.922000e+00	5.810000e+00	3.580000e-01	-6.330000e-01	1.140000e-01	8.894000e+00
1.624714e+04	1.316000e+00	-2.820000e-01	1.438400e+01	6.470000e-01	5.628000e+00	7.500000e-02	-9.520000e-01	-6.690000e-01	9.278000e+00
7.964801e+04	1.316000e+00	-1.890000e-01	1.470800e+01	2.481000e+00	9.800000e-02	4.200000e-01	-8.410000e-01	-2.640000e-01	8.144000e+00
4.283843e+03	1.322000e+00	-1.461000e+00	1.095200e+01	8.920000e-01	6.594000e+00	9.400000e-02	-8.510000e-01	-1.710000e-01	9.050000e+00
2.381364e+02	1.322000e+00	-8.490000e-01	1.506800e+01	1.704000e+00	5.782000e+00	2.100000e-01	-6.590000e-01	3.900000e-02	8.486000e+00
5.779682e+03	1.322000e+00	-4.770000e-01	1.360400e+01	9.550000e-01	3.640000e-01	2.190000e-01	-6.280000e-01	2.220000e-01	9.470000e+00
4.441889e+04	1.322000e+00	-3.870000e-01	1.270400e+01	3.020000e+00	1.218000e+00	4.920000e-01	-5.220000e-01	-5.280000e-01	9.416000e+00
1.160222e+05	1.322000e+00	-1.440000e-01	1.142000e+01	3.776000e+00	4.662000e+00	3.730000e-01	-9.990000e-01	1.110000e-01	1.008200e+01
5.332831e+02	1.328000e+00	-7.950000e-01	1.322000e+01	9.550000e-01	1.890000e+00	1.880000e-01	-8.710000e-01	-4.650000e-01	1.016600e+01
7.782443e+03	1.328000e+00	-7.650000e-01	1.260800e+01	2.810000e+00	5.040000e-01	4.440000e-01	-7.200000e-01	-6.510000e-01	9.428000e+00
9.017030e+02	1.328000e+00	-7.290000e-01	1.326800e+01	2.054000e+00	1.764000e+00	1.030000e-01	-6.750000e-01	-6.330000e-01	9.944000e+00
3.854270e+04	1.328000e+00	-1.860000e-01	1.547600e+01	1.389000e+00	3.906000e+00	2.500000e-02	-6.090000e-01	5.370000e-01	9.068000e+00
7.301946e+04	1.328000e+00	-1.680000e-01	1.270400e+01	2.159000e+00	3.080000e+00	2.870000e-01	-8.040000e-01	3.150000e-01	9.578000e+00
1.580618e+05	1.334000e+00	-1.071000e+00	1.024400e+01	1.606000e+00	1.568000e+00	2.650000e-01	-9.170000e-01	1.110000e-01	8.660000e+00
2.987753e+03	1.334000e+00	-6.510000e-01	1.313600e+01	1.802000e+00	6.916000e+00	3.010000e-01	-7.510000e-01	4.050000e-01	8.396000e+00
9.199814e+03	1.334000e+00	-6.000000e-01	1.058000e+01	3.076000e+00	4.410000e+00	1.170000e-01	-5.560000e-01	6.000000e-02	1.056800e+01
8.809964e+03	1.334000e+00	-4.440000e-01	1.162400e+01	3.769000e+00	1.232000e+00	2.410000e-01	-7.180000e-01	-6.300000e-01	1.098800e+01
7.711843e+03	1.334000e+00	-3.030000e-01	1.019600e+01	1.690000e+00	3.906000e+00	3.170000e-01	-8.360000e-01	-7.470000e-01	1.074200e+01
1.590102e+03	1.340000e+00	-1.461000e+00	1.445600e+01	3.608000e+00	6.524000e+00	1.050000e-01	-7.650000e-01	-7.260000e-01	1.077800e+01
6.472276e+02	1.340000e+00	-1.158000e+00	1.437200e+01	7.940000e-01	3.654000e+00	2.210000e-01	-8.220000e-01	4.830000e-01	9.410000e+00
2.074226e+04	1.340000e+00	-6.240000e-01	1.098800e+01	1.424000e+00	5.838000e+00	4.400000e-01	-7.560000e-01	-3.660000e-01	8.204000e+00
1.992495e+04	1.340000e+00	-3.960000e-01	1.413200e+01	5.700000e-01	1.778000e+00	4.210000e-01	-5.660000e-01	-1.200000e-01	9.068000e+00
2.330885e+05	1.340000e+00	-1.440000e-01	9.800000e+00	3.629000e+00	5.796000e+00	1.940000e-01	-6.250000e-01	-4.770000e-01	9.890000e+00
1.353807e+03	1.346000e+00	-1.086000e+00	1.212800e+01	1.354000e+00	3.360000e+00	4.930000e-01	-6.060000e-01	5.520000e-01	9.434000e+00
1.506422e+04	1.346000e+00	-9.270000e-01	9.608000e+00	3.314000e+00	4.606000e+00	2.910000e-01	-6.070000e-01	3.690000e-01	1.056800e+01
9.996969e+02	1.346000e+00	-6.930000e-01	1.373600e+01	2.152000e+00	6.944000e+00	3.170000e-01	-8.210000e-01	-9.000000e-03	1.028000e+01
8.242041e+02	1.346000e+00	-6.900000e-01	1.307600e+01	1.557000e+00	2.940000e+00	1.370000e-01	-8.820000e-01	5.820000e-01	9.902000e+00
2.816880e+04	1.346000e+00	-3.780000e-01	1.295600e+01	1.151000e+00	3.542000e+00	4.710000e-01	-6.090000e-01	5.520000e-01	8.126000e+00
1.541236e+03	1.352000e+00	-1.413000e+00	1.030400e+01	2.257000e+00	3.094000e+00	1.690000e-01	-7.120000e-01	6.060000e-01	1.074800e+01
2.268573e+02	1.352000e+00	-8.250000e-01	1.493600e+01	3.433000e+00	4.942000e+00	1.090000e-01	-6.330000e-01	-8.400000e-02	9.296000e+00
2.303102e+04	1.352000e+00	-5.640000e-01	1.163600e+01	2.488000e+00	5.908000e+00	9.400000e-02	-9.820000e-01	7.050000e-01	8.636000e+00
5.225410e+04	1.352000e+00	-2.940000e-01	1.316000e+01	3.552000e+00	5.726000e+00	1.700000e-01	-6.160000e-01	2.010000e-01	9.554000e+00
7.150708e+04	1.352000e+00	-8.400000e-02	1.241600e+01	1.928000e+00	4.102000e+00	2.140000e-01	-9.950000e-01	-6.600000e-01	9.896000e+00
2.718590e+05	1.358000e+00	-1.341000e+00	9.560000e+00	1.403000e+00	1.386000e+00	4.400000e-02	-9.750000e-01	-1.800000e-01	9.962000e+00
3.114202e+03	1.358000e+00	-1.158000e+00	1.125200e+01	2.208000e+00	3.276000e+00	2.570000e-01	-5.530000e-01	-1.290000e-01	1.079600e+01
1.071587e+04	1.358000e+00	-1.137000e+00	1.116800e+01	3.580000e+00	4.816000e+00	9.500000e-02	-6.290000e-01	-4.380000e-01	9.830000e+00
8.095988e+03	1.358000e+00	-2.130000e-01	1.402400e+01	3.811000e+00	4.046000e+00	3.940000e-01	-5.980000e-01	-7.170000e-01	1.091000e+01
1.531220e+05	1.358000e+00	-5.100000e-02	1.469600e+01	1.004000e+00	5.684000e+00	3.660000e-01	-9.140000e-01	-7.410000e-01	8.090000e+00
1.007918e+04	1.364000e+00	-1.464000e+00	1.157600e+01	1.963000e+00	1.960000e+00	1.680000e-01	-8.310000e-01	-4.200000e-01	9.272000e+00
1.454700e+03	1.364000e+00	-1.362000e+00	1.452800e+01	1.669000e+00	4.900000e-01	2.300000e-02	-6.150000e-01	-5.580000e-01	8.900000e+00
8.172787e+02	1.364000e+00	-1.035000e+00	1.529600e+01	3.391000e+00	4.662000e+00	5.500000e-02	-5.990000e-01	-7.320000e-01	1.031000e+01
6.015146e+03	1.364000e+00	-4.770000e-01	1.370000e+01	1.522000e+00	9.100000e-01	9.300000e-02	-9.980000e-01	-4.440000e-01	8.294000e+00
3.545335e+05	1.364000e+00	-2.610000e-01	9.812000e+00	3.398000e+00	4.788000e+00	4.300000e-01	-9.460000e-01	2.130000e-01	8.774000e+00
3.963425e+03	1.370000e+00	-1.404000e+00	1.385600e+01	1.585000e+00	4.788000e+00	1.500000e-02	-9.100000e-01	-3.090000e-01	9.974000e+00
1.604467e+04	1.370000e+00	-1.113000e+00	1.029200e+01	8.500000e-01	5.796000e+00	2.310000e-01	-9.720000e-01	-5.940000e-01	8.078000e+00
2.469409e+04	1.370000e+00	-9.030000e-01	9.860000e+00	3.251000e+00	2.758000e+00	2.440000e-01	-9.650000e-01	3.060000e-01	1.036400e+01
5.736494e+05	1.370000e+00	-7.650000e-01	9.632000e+00	9.410000e-01	1.750000e+00	1.070000e-01	-7.600000e-01	1.050000e-01	8.558000e+00
3.523486e+04	1.370000e+00	-2.730000e-01	1.252400e+01	2.754000e+00	5.712000e+00	1.300000e-02	-5.480000e-01	-5.250000e-01	9.638000e+00
1.685400e+03	1.376000e+00	-1.344000e+00	1.035200e+01	1.949000e+00	2.646000e+00	2.090000e-01	-5.850000e-01	4.860000e-01	1.090400e+01
4.255412e+02	1.376000e+00	-1.257000e+00	1.384400e+01	2.516000e+00	3.234000e+00	3.680000e-01	-5.300000e-01	3.750000e-01	8.768000e+00
2.724708e+02	1.376000e+00	-1.056000e+00	1.496000e+01	3.370000e+00	2.030000e+00	4.190000e-01	-9.620000e-01	-5.400000e-02	8.042000e+00
4.278959e+03	1.376000e+00	-8.640000e-01	1.300400e+01	3.398000e+00	3.990000e+00	4.570000e-01	-5.060000e-01	-1.110000e-01	8.258000e+00
8.144308e+03	1.376000e+00	-3.780000e-01	1.472000e+01	1.648000e+00	5.040000e-01	1.490000e-01	-6.000000e-01	-1.230000e-01	9.566000e+00
1.197565e+03	1.382000e+00	-1.320000e+00	1.527200e+01	1.361000e+00	1.806000e+00	1.430000e-01	-7.330000e-01	-1.560000e-01	8.792000e+00
3.957067e+02	1.382000e+00	-1.176000e+00	1.512800e+01	1.865000e+00	6.020000e+00	3.680000e-01	-7.550000e-01	4.380000e-01	9.476000e+00
1.829182e+03	1.382000e+00	-8.280000e-01	1.073600e+01	3.265000e+00	6.062000e+00	1.770000e-01	-7.730000e-01	3.450000e-01	1.095200e+01
4.488710e+02	1.382000e+00	-7.890000e-01	1.352000e+01	1.305000e+00	3.640000e+00	3.270000e-01	-6.900000e-01	1.890000e-01	9.740000e+00
1.312504e+06	1.382000e+00	-6.750000e-01	1.048400e+01	2.509000e+00	5.040000e-01	3.180000e-01	-9.270000e-01	5.370000e-01	1.032200e+01
1.083266e+03	1.388000e+00	-1.473000e+00	1.284800e+01	1.326000e+00	2.520000e+00	3.570000e-01	-5.640000e-01	-7.320000e-01	8.384000e+00
1.641331e+03	1.388000e+00	-1.140000e+00	1.314800e+01	6.610000e-01	1.428000e+00	3.800000e-02	-9.320000e-01	-4.860000e-01	9.902000e+00
2.442086e+04	1.388000e+00	-9.090000e-01	1.094000e+01	2.614000e+00	3.136000e+00	1.540000e-01	-8.110000e-01	-6.030000e-01	8.468000e+00
2.618514e+05	1.388000e+00	-3.960000e-01	9.500000e+00	3.230000e+00	6.034000e+00	4.870000e-01	-5.640000e-01	-8.400000e-02	8.762000e+00
4.375019e+04	1.388000e+00	-1.980000e-01	1.371200e+01	7.030000e-01	1.484000e+00	7.000000e-02	-9.080000e-01	-2.370000e-01	8.390000e+00
8.648164e+03	1.394000e+00	-1.353000e+00	1.114400e+01	3.468000e+00	2.632000e+00	3.590000e-01	-7.300000e-01	-3.570000e-01	8.888000e+00
5.042134e+04	1.394000e+00	-8.010000e-01	9.560000e+00	3.622000e+00	3.206000e+00	2.540000e-01	-5.250000e-01	9.000000e-03	1.023800e+01
8.560856e+04	1.394000e+00	-3.180000e-01	1.095200e+01	1.592000e+00	2.912000e+00	9.900000e-02	-6.950000e-01	-2.100000e-01	8.744000e+00
2.724989e+04	1.394000e+00	-2.880000e-01	1.468400e+01	1.795000e+00	1.400000e-02	3.120000e-01	-8.690000e-01	-7.200000e-02	9.512000e+00
2.653240e+04	1.394000e+00	-2.760000e-01	1.508000e+01	3.636000e+00	1.120000e-01	4.760000e-01	-5.620000e-01	-1.920000e-01	1.014800e+01
1.179118e+03	1.400000e+00	-1.323000e+00	1.376000e+01	1.410000e+00	3.248000e+00	3.000000e-03	-5.960000e-01	2.880000e-01	8.870000e+00
1.776452e+03	1.400000e+00	-1.008000e+00	1.209200e+01	3.643000e+00	5.684000e+00	3.140000e-01	-6.870000e-01	5.730000e-01	1.054400e+01
2.136551e+06	1.400000e+00	-9.420000e-01	9.524000e+00	6.050000e-01	8.120000e-01	3.150000e-01	-8.140000e-01	-6.120000e-01	9.392000e+00
4.310637e+04	1.400000e+00	-2.520000e-01	1.215200e+01	1.291000e+00	5.110000e+00	3.250000e-01	-9.360000e-01	-6.960000e-01	9.206000e+00
1.099677e+05	1.400000e+00	-9.000000e-02	1.257200e+01	1.914000e+00	4.452000e+00	3.000000e-03	-9.950000e-01	-4.200000e-01	8.672000e+00
1.690848e+04	1.406000e+00	-7.860000e-01	1.181600e+01	3.405000e+00	5.432000e+00	2.880000e-01	-7.850000e-01	1.440000e-01	9.590000e+00
3.702897e+03	1.406000e+00	-6.690000e-01	1.503200e+01	2.075000e+00	6.524000e+00	4.630000e-01	-8.030000e-01	-3.780000e-01	9.194000e+00
2.481429e+04	1.406000e+00	-3.870000e-01	1.418000e+01	1.109000e+00	4.102000e+00	4.720000e-01	-7.450000e-01	1.200000e-01	8.810000e+00
5.249411e+05	1.406000e+00	-3.360000e-01	9.872000e+00	9.410000e-01	1.960000e+00	2.040000e-01	-8.260000e-01	-3.420000e-01	8.246000e+00
4.980613e+04	1.406000e+00	-2.340000e-01	1.168400e+01	5.350000e-01	8.540000e-01	1.030000e-01	-6.100000e-01	-3.960000e-01	1.021400e+01
7.256802e+03	1.412000e+00	-1.392000e+00	9.968000e+00	1.928000e+00	5.068000e+00	2.040000e-01	-1.000000e+00	2.400000e-02	1.035800e+01
3.177567e+03	1.412000e+00	-1.290000e+00	1.412000e+01	7.170000e-01	1.974000e+00	3.840000e-01	-8.840000e-01	2.760000e-01	1.076000e+01
4.339704e+03	1.412000e+00	-1.218000e+00	1.290800e+01	1.487000e+00	2.940000e+00	3.360000e-01	-9.030000e-01	-3.450000e-01	1.088600e+01
2.678490e+02	1.412000e+00	-9.690000e-01	1.368800e+01	1.060000e+00	2.870000e+00	3.320000e-01	-6.560000e-01	-6.840000e-01	9.530000e+00
5.140360e+03	1.412000e+00	-7.980000e-01	1.011200e+01	3.524000e+00	6.216000e+00	9.600000e-02	-5.530000e-01	-3.600000e-01	1.085000e+01
2.814638e+04	1.418000e+00	-1.218000e+00	1.012400e+01	1.193000e+00	4.690000e+00	3.920000e-01	-5.920000e-01	-5.010000e-01	8.180000e+00
3.180422e+04	1.418000e+00	-6.480000e-01	9.884000e+00	3.622000e+00	4.942000e+00	3.660000e-01	-6.470000e-01	-1.860000e-01	1.047200e+01
7.308814e+02	1.418000e+00	-3.990000e-01	1.497200e+01	1.130000e+00	1.344000e+00	4.000000e-03	-7.100000e-01	-4.500000e-02	1.050200e+01
1.999498e+04	1.418000e+00	-3.690000e-01	1.484000e+01	3.363000e+00	4.536000e+00	2.060000e-01	-8.770000e-01	-6.960000e-01	8.924000e+00
8.162350e+07	1.418000e+00	-6.300000e-02	1.072400e+01	8.990000e-01	9.800000e-02	1.900000e-02	-9.850000e-01	5.940000e-01	9.452000e+00
1.644535e+03	1.424000e+00	-1.260000e+00	1.018400e+01	2.761000e+00	5.068000e+00	4.910000e-01	-7.240000e-01	-4.230000e-01	1.091600e+01
4.245473e+04	1.424000e+00	-8.730000e-01	1.119200e+01	3.972000e+00	2.268000e+00	3.540000e-01	-9.340000e-01	6.060000e-01	8.828000e+00
2.321855e+03	1.424000e+00	-4.620000e-01	1.473200e+01	2.362000e+00	3.080000e-01	0.000000e+00	-9.030000e-01	1.980000e-01	9.974000e+00
1.659916e+04	1.424000e+00	-3.660000e-01	1.474400e+01	1.893000e+00	5.698000e+00	2.390000e-01	-5.220000e-01	5.400000e-01	8.624000e+00
2.124063e+04	1.424000e+00	-4.800000e-02	1.134800e+01	2.558000e+00	4.914000e+00	4.770000e-01	-6.720000e-01	5.100000e-01	1.068800e+01
7.861830e+03	1.430000e+00	-1.485000e+00	1.066400e+01	1.872000e+00	6.342000e+00	4.920000e-01	-6.890000e-01	2.640000e-01	8.456000e+00
8.736678e+02	1.430000e+00	-1.224000e+00	1.454000e+01	3.531000e+00	1.932000e+00	7.200000e-02	-6.010000e-01	6.600000e-02	9.578000e+00
7.039060e+02	1.430000e+00	-8.910000e-01	1.313600e+01	1.641000e+00	6.216000e+00	4.320000e-01	-5.400000e-01	6.120000e-01	1.023200e+01
9.797542e+02	1.430000e+00	-6.090000e-01	1.139600e+01	1.830000e+00	3.724000e+00	4.480000e-01	-6.390000e-01	5.280000e-01	1.089800e+01
1.982600e+04	1.430000e+00	-2.910000e-01	1.545200e+01	3.741000e+00	3.430000e+00	2.030000e-01	-8.750000e-01	5.730000e-01	1.017800e+01
6.540036e+02	1.436000e+00	-1.167000e+00	1.324400e+01	1.396000e+00	1.036000e+00	3.620000e-01	-5.780000e-01	4.110000e-01	1.005800e+01
5.204496e+02	1.436000e+00	-9.270000e-01	1.491200e+01	2.922000e+00	1.078000e+00	1.290000e-01	-5.550000e-01	-5.130000e-01	9.638000e+00
1.434100e+04	1.436000e+00	-3.450000e-01	1.310000e+01	2.957000e+00	1.946000e+00	4.410000e-01	-7.900000e-01	-3.930000e-01	1.071200e+01
1.077637e+04	1.436000e+00	-1.740000e-01	1.493600e+01	1.130000e+00	5.600000e-02	1.920000e-01	-5.790000e-01	4.530000e-01	1.064000e+01
1.814790e+05	1.436000e+00	-8.700000e-02	1.136000e+01	1.697000e+00	2.002000e+00	3.500000e-02	-7.550000e-01	-6.750000e-01	9.308000e+00
2.148778e+03	1.442000e+00	-1.350000e+00	1.510400e+01	1.431000e+00	6.104000e+00	3.190000e-01	-8.080000e-01	-2.940000e-01	8.576000e+00
1.042689e+04	1.442000e+00	-8.160000e-01	1.068800e+01	2.964000e+00	4.256000e+00	1.700000e-01	-5.510000e-01	-1.860000e-01	1.034600e+01
7.874568e+03	1.442000e+00	-4.410000e-01	1.442000e+01	7.590000e-01	4.438000e+00	1.930000e-01	-5.410000e-01	-5.010000e-01	8.684000e+00
3.274593e+04	1.442000e+00	-1.350000e-01	1.304000e+01	1.039000e+00	2.800000e+00	3.570000e-01	-6.270000e-01	2.460000e-01	1.034600e+01
4.189993e+04	1.442000e+00	-1.020000e-01	1.301600e+01	3.384000e+00	5.264000e+00	4.370000e-01	-8.960000e-01	-7.350000e-01	1.073600e+01
1.004452e+03	1.448000e+00	-1.197000e+00	1.401200e+01	1.242000e+00	1.596000e+00	5.200000e-02	-7.220000e-01	7.410000e-01	8.054000e+00
3.920608e+03	1.448000e+00	-8.130000e-01	1.336400e+01	3.783000e+00	5.544000e+00	2.030000e-01	-9.770000e-01	4.650000e-01	9.398000e+00
2.088295e+03	1.448000e+00	-6.360000e-01	1.202000e+01	3.216000e+00	6.804000e+00	4.780000e-01	-8.510000e-01	6.930000e-01	1.091000e+01
2.500418e+04	1.448000e+00	-5.040000e-01	1.132400e+01	2.663000e+00	4.830000e+00	3.460000e-01	-7.720000e-01	-1.470000e-01	1.007600e+01
1.270659e+04	1.448000e+00	-4.200000e-01	1.146800e+01	2.026000e+00	4.634000e+00	9.700000e-02	-6.070000e-01	3.690000e-01	1.004000e+01
5.461263e+03	1.454000e+00	-1.317000e+00	1.270400e+01	2.908000e+00	9.660000e-01	6.200000e-02	-8.350000e-01	-1.260000e-01	1.042400e+01
4.809669e+04	1.454000e+00	-5.880000e-01	1.066400e+01	1.837000e+00	3.010000e+00	1.610000e-01	-9.750000e-01	4.050000e-01	9.434000e+00
2.949713e+05	1.454000e+00	-3.720000e-01	1.043600e+01	3.062000e+00	2.268000e+00	1.810000e-01	-8.530000e-01	6.720000e-01	8.894000e+00
2.696442e+05	1.454000e+00	-2.730000e-01	9.992000e+00	2.327000e+00	4.004000e+00	1.320000e-01	-6.480000e-01	-7.020000e-01	9.158000e+00
5.041015e+05	1.454000e+00	-2.400000e-02	1.226000e+01	1.921000e+00	5.460000e-01	4.960000e-01	-9.980000e-01	-2.310000e-01	8.960000e+00
9.895519e+03	1.460000e+00	-1.038000e+00	1.124000e+01	8.360000e-01	3.332000e+00	4.900000e-01	-8.610000e-01	5.070000e-01	8.036000e+00
4.324147e+03	1.460000e+00	-6.690000e-01	1.304000e+01	2.705000e+00	3.472000e+00	2.650000e-01	-8.840000e-01	-4.860000e-01	8.396000e+00
8.015465e+04	1.460000e+00	-6.540000e-01	1.000400e+01	1.445000e+00	4.508000e+00	3.910000e-01	-7.390000e-01	1.800000e-02	8.780000e+00
1.043335e+03	1.460000e+00	-4.260000e-01	1.541600e+01	2.194000e+00	2.590000e+00	3.780000e-01	-7.150000e-01	-4.830000e-01	1.096400e+01
4.977049e+05	1.460000e+00	-4.050000e-01	1.060400e+01	1.529000e+00	7.840000e-01	1.430000e-01	-6.810000e-01	6.300000e-02	9.878000e+00
8.696812e+02	1.466000e+00	-1.254000e+00	1.210400e+01	1.956000e+00	5.040000e+00	4.270000e-01	-6.840000e-01	-7.800000e-02	1.076000e+01
9.324030e+03	1.466000e+00	-1.071000e+00	1.158800e+01	3.020000e+00	2.422000e+00	2.560000e-01	-9.950000e-01	6.000000e-01	8.642000e+00
2.334371e+03	1.466000e+00	-9.360000e-01	1.235600e+01	1.627000e+00	3.010000e+00	2.520000e-01	-8.230000e-01	-1.290000e-01	1.072400e+01
2.070688e+03	1.466000e+00	-5.550000e-01	1.420400e+01	1.655000e+00	4.480000e+00	1.360000e-01	-7.570000e-01	1.500000e-02	9.218000e+00
9.161469e+04	1.466000e+00	-1.650000e-01	1.380800e+01	2.467000e+00	5.838000e+00	3.540000e-01	-8.630000e-01	6.450000e-01	8.468000e+00
2.980935e+04	1.472000e+00	-1.215000e+00	1.070000e+01	9.620000e-01	2.254000e+00	3.410000e-01	-5.010000e-01	5.250000e-01	9.620000e+00
3.651369e+03	1.472000e+00	-1.095000e+00	1.252400e+01	8.920000e-01	2.100000e+00	4.300000e-02	-5.430000e-01	6.000000e-01	1.055600e+01
2.342427e+02	1.472000e+00	-1.017000e+00	1.510400e+01	1.830000e+00	5.278000e+00	3.400000e-01	-8.820000e-01	2.940000e-01	1.034000e+01
5.529070e+03	1.472000e+00	-7.740000e-01	1.194800e+01	6.540000e-01	3.388000e+00	3.500000e-01	-6.280000e-01	3.450000e-01	9.212000e+00
1.525569e+03	1.472000e+00	-5.490000e-01	1.451600e+01	2.593000e+00	5.530000e+00	1.580000e-01	-9.510000e-01	-5.400000e-01	1.004000e+01
5.244040e+07	1.478000e+00	-1.242000e+00	1.042400e+01	1.592000e+00	1.400000e-02	3.080000e-01	-7.750000e-01	6.030000e-01	9.080000e+00
1.734830e+04	1.478000e+00	-9.780000e-01	1.100000e+01	2.558000e+00	2.758000e+00	1.470000e-01	-7.770000e-01	-1.620000e-01	1.016600e+01
5.870598e+04	1.478000e+00	-6.750000e-01	1.144400e+01	3.601000e+00	3.542000e+00	4.610000e-01	-8.890000e-01	-3.000000e-02	8.804000e+00
7.927678e+04	1.478000e+00	-1.680000e-01	1.223600e+01	2.936000e+00	5.166000e+00	1.460000e-01	-6.860000e-01	3.390000e-01	9.776000e+00
7.241305e+03	1.478000e+00	-1.500000e-02	1.348400e+01	1.858000e+00	6.034000e+00	4.580000e-01	-8.450000e-01	6.000000e-02	1.087400e+01
5.548476e+02	1.484000e+00	-1.305000e+00	1.431200e+01	1.676000e+00	4.270000e+00	4.150000e-01	-6.820000e-01	-1.860000e-01	8.012000e+00
5.010173e+03	1.484000e+00	-1.263000e+00	1.361600e+01	1.522000e+00	3.206000e+00	4.560000e-01	-8.910000e-01	-3.870000e-01	1.080800e+01
7.977403e+02	1.484000e+00	-9.630000e-01	1.264400e+01	7.590000e-01	6.748000e+00	3.890000e-01	-6.170000e-01	-4.170000e-01	8.330000e+00
1.284135e+03	1.484000e+00	-8.970000e-01	1.320800e+01	2.250000e+00	2.044000e+00	1.000000e-02	-5.940000e-01	-6.000000e-02	9.752000e+00
6.236040e+04	1.484000e+00	-6.210000e-01	1.173200e+01	2.649000e+00	9.520000e-01	4.040000e-01	-7.080000e-01	-3.900000e-01	9.410000e+00
4.679886e+03	1.490000e+00	-1.029000e+00	9.848000e+00	1.081000e+00	4.998000e+00	1.950000e-01	-6.870000e-01	7.200000e-02	1.059200e+01
5.242006e+07	1.490000e+00	-8.790000e-01	9.500000e+00	1.116000e+00	3.360000e-01	8.600000e-02	-5.790000e-01	2.580000e-01	8.282000e+00
1.873340e+04	1.490000e+00	-6.810000e-01	1.205600e+01	3.202000e+00	1.624000e+00	1.530000e-01	-5.590000e-01	6.360000e-01	1.051400e+01
2.515909e+04	1.490000e+00	-4.350000e-01	1.187600e+01	1.935000e+00	3.822000e+00	1.730000e-01	-9.860000e-01	-2.280000e-01	8.474000e+00
2.388260e+04	1.490000e+00	-3.480000e-01	1.496000e+01	2.348000e+00	1.274000e+00	3.220000e-01	-8.760000e-01	5.940000e-01	8.690000e+00
8.684701e+04	1.496000e+00	-1.377000e+00	1.090400e+01	3.881000e+00	7.420000e-01	2.100000e-01	-7.660000e-01	1.080000e-01	9.200000e+00
9.441579e+03	1.496000e+00	-9.870000e-01	1.244000e+01	3.951000e+00	6.146000e+00	2.830000e-01	-8.380000e-01	-2.730000e-01	9.008000e+00
4.913182e+02	1.496000e+00	-9.390000e-01	1.308800e+01	1.837000e+00	3.500000e+00	4.250000e-01	-8.620000e-01	6.030000e-01	8.336000e+00
4.568962e+03	1.496000e+00	-7.650000e-01	1.259600e+01	2.985000e+00	2.058000e+00	4.750000e-01	-5.560000e-01	-2.760000e-01	1.071800e+01
6.304089e+06	1.496000e+00	-2.550000e-01	1.127600e+01	7.030000e-01	2.660000e-01	2.010000e-01	-7.430000e-01	3.540000e-01	1.062200e+01
2.593847e+03	1.502000e+00	-1.236000e+00	1.221200e+01	3.335000e+00	2.380000e+00	2.240000e-01	-6.660000e-01	1.980000e-01	1.084400e+01
3.953266e+03	1.502000e+00	-9.840000e-01	1.224800e+01	3.209000e+00	4.704000e+00	2.200000e-01	-8.320000e-01	4.860000e-01	9.242000e+00
1.898081e+04	1.502000e+00	-5.400000e-01	1.298000e+01	3.265000e+00	6.958000e+00	3.020000e-01	-9.900000e-01	-7.350000e-01	9.914000e+00
4.167191e+04	1.502000e+00	-2.610000e-01	1.074800e+01	3.335000e+00	5.194000e+00	2.730000e-01	-7.440000e-01	-5.520000e-01	1.045400e+01
9.191634e+04	1.502000e+00	-9.900000e-02	1.535600e+01	2.600000e+00	5.068000e+00	3.640000e-01	-5.310000e-01	6.420000e-01	9.500000e+00
4.169209e+03	1.508000e+00	-1.098000e+00	1.178000e+01	2.453000e+00	1.428000e+00	2.740000e-01	-5.610000e-01	-6.810000e-01	1.083800e+01
3.187767e+02	1.508000e+00	-8.850000e-01	1.432400e+01	3.622000e+00	3.472000e+00	1.020000e-01	-5.230000e-01	6.540000e-01	9.680000e+00
1.181570e+05	1.508000e+00	-6.330000e-01	9.656000e+00	1.907000e+00	6.832000e+00	7.600000e-02	-7.390000e-01	5.130000e-01	8.060000e+00
1.350129e+04	1.508000e+00	-5.850000e-01	1.364000e+01	3.986000e+00	3.304000e+00	2.370000e-01	-5.360000e-01	7.200000e-01	8.072000e+00
9.505841e+04	1.508000e+00	-1.890000e-01	1.512800e+01	3.517000e+00	7.980000e-01	4.630000e-01	-5.690000e-01	-4.020000e-01	8.318000e+00
3.161185e+03	1.514000e+00	-1.407000e+00	1.276400e+01	3.566000e+00	5.180000e-01	2.890000e-01	-6.150000e-01	3.090000e-01	1.099400e+01
9.634219e+04	1.514000e+00	-1.362000e+00	1.073600e+01	5.140000e-01	2.324000e+00	1.890000e-01	-8.890000e-01	1.350000e-01	8.198000e+00
4.152799e+04	1.514000e+00	-1.356000e+00	9.908000e+00	1.347000e+00	4.130000e+00	4.000000e-03	-9.860000e-01	-3.600000e-02	9.248000e+00
1.617708e+04	1.514000e+00	-9.960000e-01	1.184000e+01	3.776000e+00	6.006000e+00	2.520000e-01	-5.610000e-01	-6.690000e-01	8.600000e+00
1.912914e+04	1.514000e+00	-3.000000e-01	1.512800e+01	2.054000e+00	1.848000e+00	4.700000e-01	-8.370000e-01	-2.220000e-01	1.027400e+01
2.047532e+04	1.520000e+00	-1.206000e+00	1.017200e+01	1.186000e+00	5.922000e+00	3.090000e-01	-8.790000e-01	-4.200000e-01	8.858000e+00
1.089283e+03	1.520000e+00	-7.560000e-01	1.202000e+01	1.151000e+00	3.430000e+00	3.240000e-01	-9.740000e-01	2.250000e-01	1.041800e+01
4.530132e+02	1.520000e+00	-7.530000e-01	1.473200e+01	3.377000e+00	5.880000e-01	1.280000e-01	-7.590000e-01	2.010000e-01	1.094000e+01
6.928007e+06	1.520000e+00	-8.700000e-02	1.133600e+01	5.980000e-01	7.000000e-02	4.970000e-01	-6.200000e-01	3.210000e-01	1.069400e+01
5.732226e+05	1.520000e+00	-6.000000e-02	1.042400e+01	1.984000e+00	2.198000e+00	4.300000e-01	-9.110000e-01	-6.630000e-01	8.948000e+00
1.826821e+03	1.526000e+00	-1.296000e+00	1.240400e+01	2.775000e+00	2.590000e+00	1.420000e-01	-6.370000e-01	-5.640000e-01	9.854000e+00
1.447388e+04	1.526000e+00	-1.170000e+00	1.151600e+01	5.700000e-01	2.912000e+00	1.380000e-01	-5.480000e-01	4.950000e-01	8.906000e+00
1.043266e+04	1.526000e+00	-3.570000e-01	1.469600e+01	3.965000e+00	3.206000e+00	2.020000e-01	-5.690000e-01	3.120000e-01	1.054400e+01
6.451190e+04	1.526000e+00	-2.970000e-01	1.238000e+01	3.454000e+00	2.310000e+00	3.890000e-01	-6.580000e-01	4.860000e-01	1.005200e+01
4.878862e+04	1.526000e+00	-1.620000e-01	1.365200e+01	1.725000e+00	8.540000e-01	3.680000e-01	-5.370000e-01	6.720000e-01	1.005800e+01
1.990518e+03	1.532000e+00	-1.311000e+00	1.173200e+01	1.662000e+00	5.390000e+00	3.450000e-01	-7.420000e-01	-4.980000e-01	8.756000e+00
1.652590e+03	1.532000e+00	-7.500000e-01	1.356800e+01	9.830000e-01	4.438000e+00	4.250000e-01	-9.100000e-01	-9.000000e-03	8.240000e+00
3.147502e+04	1.532000e+00	-5.880000e-01	1.240400e+01	3.475000e+00	4.774000e+00	3.000000e-01	-7.180000e-01	-3.900000e-01	8.612000e+00
6.857785e+04	1.532000e+00	-1.620000e-01	1.264400e+01	2.873000e+00	5.418000e+00	1.040000e-01	-5.140000e-01	4.080000e-01	9.704000e+00
1.301493e+05	1.532000e+00	-6.300000e-02	1.499600e+01	3.475000e+00	4.466000e+00	2.100000e-01	-6.110000e-01	2.430000e-01	9.272000e+00
1.581455e+03	1.538000e+00	-1.473000e+00	1.311200e+01	5.490000e-01	5.824000e+00	1.150000e-01	-7.580000e-01	-4.740000e-01	1.070600e+01
4.308939e+04	1.538000e+00	-1.269000e+00	1.148000e+01	1.585000e+00	1.694000e+00	1.050000e-01	-7.580000e-01	4.590000e-01	8.924000e+00
1.896543e+04	1.538000e+00	-8.730000e-01	1.103600e+01	1.774000e+00	3.682000e+00	1.400000e-01	-6.990000e-01	-3.030000e-01	8.018000e+00
1.624439e+05	1.538000e+00	-5.490000e-01	1.163600e+01	2.803000e+00	6.300000e-01	3.910000e-01	-6.780000e-01	1.920000e-01	1.080200e+01
1.149946e+04	1.538000e+00	-2.820000e-01	1.208000e+01	7.450000e-01	4.438000e+00	1.040000e-01	-6.570000e-01	7.200000e-01	9.854000e+00
1.034803e+04	1.544000e+00	-1.455000e+00	1.425200e+01	2.964000e+00	2.072000e+00	1.460000e-01	-9.890000e-01	-2.100000e-02	1.007000e+01
2.672399e+05	1.544000e+00	-4.050000e-01	1.028000e+01	3.629000e+00	4.494000e+00	9.200000e-02	-7.660000e-01	-9.900000e-02	8.900000e+00
3.694428e+03	1.544000e+00	-3.930000e-01	1.175600e+01	6.750000e-01	3.290000e+00	4.870000e-01	-6.430000e-01	-7.230000e-01	1.086200e+01
2.870609e+04	1.544000e+00	-3.480000e-01	1.347200e+01	1.123000e+00	8.680000e-01	4.890000e-01	-5.890000e-01	-3.090000e-01	9.512000e+00
1.709234e+05	1.544000e+00	-2.100000e-02	1.336400e+01	1.312000e+00	5.684000e+00	4.530000e-01	-6.340000e-01	1.680000e-01	9.080000e+00
1.536548e+03	1.550000e+00	-1.500000e+00	1.527200e+01	1.326000e+00	3.262000e+00	1.130000e-01	-7.090000e-01	-7.200000e-01	1.011800e+01
1.175088e+03	1.550000e+00	-1.257000e+00	1.469600e+01	3.307000e+00	6.888000e+00	7.400000e-02	-1.000000e+00	6.900000e-01	9.038000e+00
4.922849e+03	1.550000e+00	-1.098000e+00	1.150400e+01	2.236000e+00	6.328000e+00	4.390000e-01	-6.680000e-01	7.380000e-01	9.350000e+00
1.844205e+02	1.550000e+00	-8.610000e-01	1.428800e+01	1.130000e+00	2.142000e+00	2.780000e-01	-9.660000e-01	-5.250000e-01	9.740000e+00
2.494438e+05	1.550000e+00	-4.350000e-01	1.239200e+01	2.572000e+00	4.340000e-01	3.680000e-01	-9.430000e-01	-4.590000e-01	8.228000e+00
5.947629e+02	1.556000e+00	-1.344000e+00	1.433600e+01	3.188000e+00	5.278000e+00	4.420000e-01	-8.580000e-01	2.760000e-01	8.630000e+00
9.293022e+02	1.556000e+00	-1.326000e+00	1.491200e+01	1.970000e+00	3.486000e+00	3.520000e-01	-6.780000e-01	-1.590000e-01	8.660000e+00
8.622213e+04	1.556000e+00	-1.035000e+00	9.944000e+00	2.495000e+00	3.402000e+00	2.070000e-01	-7.480000e-01	-3.300000e-01	9.038000e+00
7.879651e+03	1.556000e+00	-3.660000e-01	1.486400e+01	2.264000e+00	5.600000e+00	3.090000e-01	-6.590000e-01	1.650000e-01	1.040000e+01
2.705998e+03	1.556000e+00	-1.140000e-01	1.211600e+01	2.061000e+00	6.454000e+00	2.170000e-01	-6.500000e-01	2.310000e-01	1.096400e+01
1.073428e+04	1.562000e+00	-1.485000e+00	1.424000e+01	1.361000e+00	2.254000e+00	8.200000e-02	-9.310000e-01	1.980000e-01	1.002800e+01
1.439703e+03	1.562000e+00	-1.164000e+00	1.439600e+01	3.314000e+00	1.162000e+00	5.800000e-02	-7.180000e-01	-2.940000e-01	1.088000e+01
6.139153e+04	1.562000e+00	-7.110000e-01	9.596000e+00	6.260000e-01	3.794000e+00	1.360000e-01	-8.620000e-01	2.100000e-02	9.932000e+00
2.899525e+04	1.562000e+00	-1.290000e-01	1.334000e+01	1.200000e+00	6.636000e+00	3.000000e-01	-6.830000e-01	-5.760000e-01	1.017200e+01
2.612340e+05	1.562000e+00	-4.500000e-02	1.290800e+01	3.573000e+00	6.678000e+00	2.230000e-01	-5.350000e-01	7.470000e-01	8.936000e+00
4.258922e+02	1.568000e+00	-1.173000e+00	1.488800e+01	7.310000e-01	1.540000e+00	3.390000e-01	-8.200000e-01	-2.940000e-01	8.330000e+00
7.287254e+02	1.568000e+00	-7.680000e-01	1.421600e+01	9.410000e-01	2.800000e-02	3.160000e-01	-6.770000e-01	1.980000e-01	8.882000e+00
4.525638e+04	1.568000e+00	-3.390000e-01	1.311200e+01	8.360000e-01	7.000000e-01	4.300000e-02	-7.350000e-01	-6.000000e-03	9.320000e+00
1.002498e+05	1.568000e+00	-1.170000e-01	1.132400e+01	3.804000e+00	4.354000e+00	2.370000e-01	-7.240000e-01	-6.900000e-01	1.029800e+01
9.238627e+04	1.568000e+00	-1.050000e-01	1.410800e+01	2.978000e+00	4.970000e+00	2.130000e-01	-8.390000e-01	6.720000e-01	9.614000e+00
2.322972e+07	1.574000e+00	-1.026000e+00	9.608000e+00	1.578000e+00	4.340000e-01	4.940000e-01	-9.590000e-01	1.800000e-02	8.306000e+00
8.665588e+03	1.574000e+00	-4.290000e-01	1.348400e+01	3.384000e+00	2.184000e+00	3.500000e-02	-8.430000e-01	-1.020000e-01	1.058000e+01
1.135423e+04	1.574000e+00	-4.200000e-01	1.463600e+01	1.746000e+00	5.656000e+00	2.690000e-01	-6.460000e-01	4.230000e-01	9.074000e+00
4.011300e+04	1.574000e+00	-3.930000e-01	1.031600e+01	3.069000e+00	4.928000e+00	1.700000e-02	-9.360000e-01	2.880000e-01	1.037600e+01
4.639648e+05	1.574000e+00	-2.160000e-01	1.030400e+01	2.775000e+00	9.100000e-01	2.690000e-01	-5.200000e-01	-3.240000e-01	9.722000e+00
2.406540e+04	1.580000e+00	-1.428000e+00	1.053200e+01	3.587000e+00	3.346000e+00	2.550000e-01	-7.340000e-01	2.220000e-01	9.044000e+00
1.226129e+03	1.580000e+00	-1.203000e+00	1.457600e+01	2.446000e+00	6.160000e-01	3.340000e-01	-7.550000e-01	-4.440000e-01	1.013600e+01
1.753490e+04	1.580000e+00	-9.060000e-01	9.740000e+00	9.130000e-01	2.800000e+00	7.100000e-02	-8.870000e-01	-3.540000e-01	1.048400e+01
6.793090e+03	1.580000e+00	-7.230000e-01	1.306400e+01	3.118000e+00	1.862000e+00	4.360000e-01	-8.460000e-01	-4.560000e-01	9.620000e+00
6.578732e+02	1.580000e+00	-6.870000e-01	1.503200e+01	2.516000e+00	6.720000e-01	3.600000e-01	-9.610000e-01	1.350000e-01	1.059800e+01
1.665109e+03	1.586000e+00	-1.311000e+00	1.449200e+01	8.430000e-01	4.200000e-02	1.970000e-01	-5.450000e-01	1.380000e-01	1.058000e+01
7.663647e+04	1.586000e+00	-5.640000e-01	1.092800e+01	2.677000e+00	4.620000e+00	1.490000e-01	-6.320000e-01	-6.180000e-01	8.546000e+00
7.135870e+03	1.586000e+00	-4.980000e-01	9.740000e+00	2.705000e+00	4.046000e+00	4.710000e-01	-7.190000e-01	-7.080000e-01	1.089200e+01
2.599171e+04	1.586000e+00	-4.950000e-01	1.245200e+01	2.425000e+00	9.240000e-01	8.000000e-03	-7.980000e-01	-3.300000e-01	1.014200e+01
1.132056e+04	1.586000e+00	-4.650000e-01	1.533200e+01	2.586000e+00	4.984000e+00	3.750000e-01	-7.330000e-01	1.410000e-01	9.434000e+00
1.539910e+03	1.592000e+00	-1.464000e+00	1.222400e+01	1.480000e+00	6.986000e+00	2.310000e-01	-7.100000e-01	3.090000e-01	1.007000e+01
6.371524e+03	1.592000e+00	-1.347000e+00	1.140800e+01	3.034000e+00	4.144000e+00	3.770000e-01	-7.540000e-01	9.000000e-02	8.366000e+00
2.737954e+03	1.592000e+00	-9.060000e-01	1.250000e+01	1.592000e+00	2.814000e+00	2.070000e-01	-7.710000e-01	-4.290000e-01	9.320000e+00
1.324741e+05	1.592000e+00	-5.760000e-01	1.004000e+01	1.851000e+00	4.508000e+00	3.140000e-01	-6.780000e-01	-3.390000e-01	8.270000e+00
1.272084e+04	1.592000e+00	-3.570000e-01	1.342400e+01	2.628000e+00	6.930000e+00	1.990000e-01	-5.090000e-01	4.290000e-01	9.968000e+00
5.906691e+04	1.598000e+00	-1.413000e+00	9.500000e+00	2.957000e+00	5.964000e+00	3.770000e-01	-7.800000e-01	5.700000e-02	9.482000e+00
9.853205e+02	1.598000e+00	-8.010000e-01	1.344800e+01	2.922000e+00	6.664000e+00	7.900000e-02	-6.230000e-01	-3.990000e-01	9.500000e+00
2.665123e+04	1.598000e+00	-7.800000e-02	1.379600e+01	3.608000e+00	2.380000e+00	3.000000e-01	-7.420000e-01	-5.070000e-01	1.064000e+01
9.184249e+04	1.598000e+00	-7.500000e-02	1.527200e+01	2.425000e+00	4.312000e+00	1.000000e-03	-6.890000e-01	5.880000e-01	9.104000e+00
1.260259e+05	1.598000e+00	-6.000000e-02	1.301600e+01	3.090000e+00	4.088000e+00	1.000000e-02	-7.250000e-01	2.700000e-01	9.680000e+00
8.029645e+02	1.604000e+00	-1.122000e+00	1.308800e+01	3.391000e+00	3.500000e+00	1.680000e-01	-9.750000e-01	-4.080000e-01	8.228000e+00
1.314977e+05	1.604000e+00	-4.710000e-01	9.584000e+00	1.032000e+00	5.614000e+00	3.550000e-01	-7.040000e-01	-4.140000e-01	9.080000e+00
1.906768e+07	1.604000e+00	-3.690000e-01	1.155200e+01	8.080000e-01	3.220000e-01	2.230000e-01	-6.810000e-01	7.470000e-01	8.990000e+00
1.741897e+05	1.604000e+00	-1.950000e-01	1.048400e+01	1.613000e+00	6.664000e+00	2.590000e-01	-9.670000e-01	1.560000e-01	8.348000e+00
4.745953e+04	1.604000e+00	-1.500000e-02	1.497200e+01	6.120000e-01	4.550000e+00	2.480000e-01	-8.530000e-01	4.470000e-01	1.052000e+01
5.189414e+02	1.610000e+00	-9.150000e-01	1.444400e+01	3.636000e+00	4.606000e+00	3.430000e-01	-6.290000e-01	6.510000e-01	9.590000e+00
1.087603e+04	1.610000e+00	-8.130000e-01	1.248800e+01	9.970000e-01	1.470000e+00	1.730000e-01	-5.710000e-01	-3.840000e-01	1.064600e+01
9.401862e+03	1.610000e+00	-6.900000e-01	1.065200e+01	5.630000e-01	4.200000e-01	4.650000e-01	-6.930000e-01	-5.820000e-01	1.095800e+01
5.708268e+03	1.610000e+00	-4.500000e-01	1.478000e+01	1.193000e+00	3.514000e+00	1.970000e-01	-6.260000e-01	-6.450000e-01	9.458000e+00
6.043618e+04	1.610000e+00	-2.340000e-01	1.227200e+01	1.200000e+00	5.642000e+00	4.630000e-01	-7.480000e-01	-6.420000e-01	9.074000e+00
1.785733e+03	1.616000e+00	-1.374000e+00	1.227200e+01	1.753000e+00	6.482000e+00	1.600000e-02	-6.420000e-01	-7.380000e-01	8.750000e+00
4.858838e+04	1.616000e+00	-1.020000e+00	1.026800e+01	2.362000e+00	4.690000e+00	4.370000e-01	-9.640000e-01	4.050000e-01	9.098000e+00
1.757327e+05	1.616000e+00	-7.710000e-01	1.004000e+01	3.979000e+00	4.718000e+00	1.640000e-01	-5.630000e-01	-4.710000e-01	8.240000e+00
6.837041e+02	1.616000e+00	-7.140000e-01	1.484000e+01	1.256000e+00	3.878000e+00	1.800000e-01	-6.880000e-01	-3.660000e-01	8.150000e+00
1.718031e+04	1.616000e+00	-6.660000e-01	1.074800e+01	2.957000e+00	6.412000e+00	2.460000e-01	-5.120000e-01	-4.290000e-01	1.041200e+01
4.712686e+02	1.622000e+00	-1.122000e+00	1.352000e+01	1.655000e+00	4.074000e+00	2.490000e-01	-6.770000e-01	-3.000000e-02	8.972000e+00
1.138985e+04	1.622000e+00	-8.790000e-01	1.181600e+01	3.027000e+00	3.612000e+00	8.000000e-03	-6.120000e-01	4.680000e-01	8.126000e+00
5.620881e+02	1.622000e+00	-8.310000e-01	1.498400e+01	3.181000e+00	2.394000e+00	1.000000e-03	-5.130000e-01	1.200000e-02	8.102000e+00
6.905586e+05	1.622000e+00	-6.990000e-01	1.276400e+01	1.207000e+00	2.800000e-01	5.700000e-02	-9.850000e-01	2.730000e-01	8.006000e+00
6.804015e+06	1.622000e+00	-3.120000e-01	1.028000e+01	1.494000e+00	4.200000e-01	4.150000e-01	-6.110000e-01	6.360000e-01	9.422000e+00
9.250463e+02	1.628000e+00	-1.254000e+00	1.264400e+01	5.280000e-01	6.006000e+00	4.670000e-01	-9.940000e-01	4.710000e-01	8.066000e+00
4.162614e+03	1.628000e+00	-9.510000e-01	1.023200e+01	1.795000e+00	2.380000e+00	5.400000e-02	-6.750000e-01	5.880000e-01	1.063400e+01
9.866120e+03	1.628000e+00	-4.560000e-01	1.463600e+01	1.515000e+00	3.094000e+00	3.400000e-01	-6.640000e-01	-6.240000e-01	9.344000e+00
2.202075e+05	1.628000e+00	-2.250000e-01	1.185200e+01	3.797000e+00	6.174000e+00	2.880000e-01	-5.100000e-01	-2.940000e-01	8.834000e+00
2.356278e+04	1.628000e+00	-6.000000e-02	1.386800e+01	6.190000e-01	1.064000e+00	2.860000e-01	-8.850000e-01	-3.960000e-01	1.046600e+01
2.984365e+03	1.634000e+00	-1.389000e+00	1.238000e+01	3.195000e+00	3.584000e+00	4.600000e-01	-7.120000e-01	-3.930000e-01	9.746000e+00
1.509768e+04	1.634000e+00	-9.990000e-01	1.160000e+01	2.670000e+00	2.114000e+00	4.780000e-01	-6.900000e-01	5.670000e-01	9.860000e+00
7.407260e+03	1.634000e+00	-8.850000e-01	1.186400e+01	1.984000e+00	3.192000e+00	3.600000e-01	-6.010000e-01	-6.630000e-01	8.030000e+00
1.322356e+05	1.634000e+00	-7.500000e-01	1.019600e+01	3.475000e+00	5.936000e+00	3.230000e-01	-8.440000e-01	-5.010000e-01	8.444000e+00
1.857607e+05	1.634000e+00	-3.300000e-02	1.475600e+01	2.460000e+00	4.312000e+00	3.970000e-01	-5.990000e-01	-2.310000e-01	8.072000e+00
4.222090e+03	1.640000e+00	-1.323000e+00	1.455200e+01	2.243000e+00	4.984000e+00	2.980000e-01	-9.360000e-01	2.700000e-01	8.282000e+00
1.247746e+03	1.640000e+00	-1.302000e+00	1.451600e+01	8.780000e-01	6.370000e+00	2.260000e-01	-9.800000e-01	-3.750000e-01	8.270000e+00
6.500908e+02	1.640000e+00	-1.011000e+00	1.454000e+01	2.173000e+00	6.818000e+00	4.150000e-01	-5.790000e-01	7.320000e-01	9.944000e+00
9.670865e+03	1.640000e+00	-3.000000e-01	1.230800e+01	1.466000e+00	3.304000e+00	4.230000e-01	-6.960000e-01	6.150000e-01	1.045400e+01
1.216805e+05	1.640000e+00	-1.320000e-01	1.324400e+01	2.334000e+00	2.856000e+00	3.380000e-01	-5.840000e-01	-1.830000e-01	8.096000e+00
1.493227e+03	1.646000e+00	-1.329000e+00	1.205600e+01	3.846000e+00	4.914000e+00	4.850000e-01	-6.600000e-01	1.440000e-01	1.096400e+01
3.624761e+03	1.646000e+00	-4.800000e-01	1.385600e+01	7.380000e-01	2.968000e+00	5.100000e-02	-8.700000e-01	5.610000e-01	8.840000e+00
7.830231e+06	1.646000e+00	-4.200000e-02	9.752000e+00	2.404000e+00	7.560000e-01	1.910000e-01	-9.160000e-01	-7.080000e-01	8.750000e+00
1.460613e+05	1.646000e+00	-2.400000e-02	1.126400e+01	2.796000e+00	5.334000e+00	3.100000e-02	-8.540000e-01	-4.800000e-02	9.998000e+00
2.029430e+05	1.646000e+00	-6.000000e-03	1.529600e+01	1.928000e+00	6.972000e+00	4.060000e-01	-9.590000e-01	-6.000000e-01	8.240000e+00
2.554319e+03	1.652000e+00	-1.332000e+00	1.434800e+01	2.271000e+00	4.200000e-01	6.600000e-02	-5.720000e-01	3.300000e-02	1.075400e+01
4.559120e+04	1.652000e+00	-1.113000e+00	1.095200e+01	2.712000e+00	2.058000e+00	2.430000e-01	-6.430000e-01	-2.160000e-01	8.942000e+00
2.361159e+04	1.652000e+00	-9.870000e-01	9.560000e+00	3.531000e+00	9.240000e-01	1.860000e-01	-8.700000e-01	-6.690000e-01	1.081400e+01
7.445140e+04	1.652000e+00	-4.440000e-01	9.992000e+00	2.656000e+00	3.206000e+00	2.920000e-01	-5.750000e-01	-6.090000e-01	1.022000e+01
3.052647e+04	1.652000e+00	-3.540000e-01	1.122800e+01	9.550000e-01	6.202000e+00	2.150000e-01	-8.390000e-01	-8.400000e-02	8.810000e+00
2.148379e+05	1.658000e+00	-1.470000e+00	9.740000e+00	2.131000e+00	2.072000e+00	4.280000e-01	-7.660000e-01	-5.790000e-01	8.300000e+00
4.965501e+04	1.658000e+00	-4.020000e-01	1.275200e+01	3.041000e+00	2.520000e+00	3.510000e-01	-9.380000e-01	1.170000e-01	8.654000e+00
5.187631e+04	1.658000e+00	-3.060000e-01	1.463600e+01	3.328000e+00	5.474000e+00	4.500000e-01	-7.200000e-01	2.280000e-01	9.110000e+00
2.187948e+05	1.658000e+00	-2.160000e-01	1.124000e+01	3.069000e+00	5.334000e+00	7.700000e-02	-7.220000e-01	5.910000e-01	8.966000e+00
9.191165e+04	1.658000e+00	-9.600000e-02	1.383200e+01	6.820000e-01	4.676000e+00	1.330000e-01	-8.180000e-01	4.800000e-02	8.600000e+00
1.113012e+04	1.664000e+00	-1.194000e+00	1.145600e+01	3.524000e+00	5.264000e+00	3.350000e-01	-5.030000e-01	1.050000e-01	9.530000e+00
3.044039e+04	1.664000e+00	-7.410000e-01	1.071200e+01	1.760000e+00	5.614000e+00	3.990000e-01	-7.580000e-01	-8.400000e-02	9.260000e+00
5.859114e+03	1.664000e+00	-5.640000e-01	1.356800e+01	7.310000e-01	1.414000e+00	3.670000e-01	-8.270000e-01	-2.400000e-01	8.546000e+00
9.520072e+02	1.664000e+00	-4.560000e-01	1.449200e+01	2.600000e+00	3.752000e+00	1.650000e-01	-5.210000e-01	-6.930000e-01	1.069400e+01
7.558502e+04	1.664000e+00	-4.140000e-01	1.103600e+01	1.991000e+00	4.634000e+00	1.870000e-01	-6.840000e-01	1.050000e-01	8.528000e+00
1.355865e+04	1.670000e+00	-1.212000e+00	1.040000e+01	8.150000e-01	6.216000e+00	1.080000e-01	-5.990000e-01	6.660000e-01	9.470000e+00
1.836251e+03	1.670000e+00	-9.360000e-01	1.162400e+01	1.368000e+00	6.902000e+00	4.730000e-01	-6.430000e-01	2.820000e-01	9.992000e+00
2.598323e+04	1.670000e+00	-7.170000e-01	1.137200e+01	3.748000e+00	3.318000e+00	4.730000e-01	-6.170000e-01	7.800000e-02	1.022000e+01
2.212566e+04	1.670000e+00	-5.160000e-01	1.101200e+01	1.438000e+00	6.958000e+00	7.700000e-02	-9.570000e-01	-5.460000e-01	9.152000e+00
8.071271e+03	1.670000e+00	-1.770000e-01	1.176800e+01	2.236000e+00	4.760000e+00	4.310000e-01	-7.940000e-01	-2.490000e-01	1.077200e+01
2.216873e+02	1.676000e+00	-8.820000e-01	1.383200e+01	1.354000e+00	1.134000e+00	2.660000e-01	-6.350000e-01	3.180000e-01	9.026000e+00
7.493747e+04	1.676000e+00	-7.620000e-01	9.500000e+00	2.124000e+00	5.222000e+00	2.090000e-01	-9.840000e-01	6.300000e-02	1.003400e+01
8.170888e+03	1.676000e+00	-7.320000e-01	1.209200e+01	2.873000e+00	6.398000e+00	3.450000e-01	-7.730000e-01	-1.560000e-01	1.005200e+01
5.846360e+04	1.676000e+00	-2.370000e-01	1.154000e+01	2.740000e+00	6.328000e+00	2.820000e-01	-6.980000e-01	-3.090000e-01	1.011800e+01
2.500992e+04	1.676000e+00	-1.230000e-01	1.378400e+01	3.118000e+00	4.130000e+00	5.600000e-02	-7.490000e-01	-5.100000e-02	1.061000e+01
5.061241e+03	1.682000e+00	-1.377000e+00	1.053200e+01	1.970000e+00	4.704000e+00	1.490000e-01	-8.520000e-01	4.200000e-01	1.026800e+01
1.768060e+05	1.682000e+00	-1.134000e+00	1.031600e+01	1.179000e+00	1.512000e+00	1.900000e-01	-9.210000e-01	-2.970000e-01	1.065800e+01
1.293616e+02	1.682000e+00	-8.490000e-01	1.396400e+01	1.214000e+00	2.002000e+00	2.770000e-01	-7.700000e-01	-9.300000e-02	1.043000e+01
3.361316e+04	1.682000e+00	-6.540000e-01	1.280000e+01	2.425000e+00	1.078000e+00	6.000000e-02	-6.350000e-01	3.600000e-01	8.480000e+00
1.567792e+04	1.682000e+00	-4.860000e-01	1.526000e+01	3.104000e+00	3.738000e+00	4.520000e-01	-9.580000e-01	4.410000e-01	8.276000e+00
1.851847e+04	1.688000e+00	-1.344000e+00	1.134800e+01	2.593000e+00	2.100000e+00	4.550000e-01	-8.070000e-01	-6.840000e-01	8.108000e+00
4.710176e+04	1.688000e+00	-1.209000e+00	1.071200e+01	2.264000e+00	2.450000e+00	2.830000e-01	-8.070000e-01	6.180000e-01	8.666000e+00
2.766825e+04	1.688000e+00	-7.830000e-01	1.310000e+01	3.986000e+00	5.460000e-01	1.790000e-01	-9.520000e-01	3.630000e-01	9.338000e+00
7.998245e+04	1.688000e+00	-1.080000e-01	1.546400e+01	7.730000e-01	1.526000e+00	5.700000e-02	-5.460000e-01	-3.870000e-01	8.606000e+00
8.767577e+03	1.688000e+00	-2.400000e-02	1.048400e+01	6.750000e-01	6.594000e+00	4.520000e-01	-5.260000e-01	9.300000e-02	1.084400e+01
1.388421e+04	1.694000e+00	-1.314000e+00	1.072400e+01	2.222000e+00	6.244000e+00	9.100000e-02	-5.220000e-01	-3.540000e-01	8.576000e+00
6.200488e+02	1.694000e+00	-1.281000e+00	1.365200e+01	2.859000e+00	1.764000e+00	3.470000e-01	-5.660000e-01	-5.520000e-01	8.234000e+00
2.092854e+03	1.694000e+00	-1.194000e+00	1.217600e+01	3.510000e+00	2.520000e-01	6.800000e-02	-9.270000e-01	-7.140000e-01	1.042400e+01
1.283120e+04	1.694000e+00	-1.167000e+00	9.524000e+00	3.167000e+00	6.230000e+00	3.320000e-01	-6.530000e-01	-1.860000e-01	1.064600e+01
4.352902e+02	1.694000e+00	-7.410000e-01	1.540400e+01	2.649000e+00	1.694000e+00	1.100000e-02	-6.780000e-01	7.020000e-01	9.146000e+00
1.589411e+03	1.700000e+00	-1.437000e+00	1.236800e+01	5.140000e-01	5.992000e+00	4.390000e-01	-6.900000e-01	-2.940000e-01	9.074000e+00
1.837696e+02	1.700000e+00	-8.550000e-01	1.443200e+01	2.495000e+00	3.486000e+00	1.710000e-01	-7.210000e-01	2.340000e-01	9.194000e+00
1.434962e+03	1.700000e+00	-7.020000e-01	1.467200e+01	2.495000e+00	3.220000e-01	2.360000e-01	-5.500000e-01	-3.540000e-01	8.408000e+00
8.075908e+02	1.700000e+00	-6.300000e-01	1.472000e+01	1.802000e+00	1.736000e+00	4.200000e-02	-8.910000e-01	5.340000e-01	8.912000e+00
5.013880e+04	1.700000e+00	-1.560000e-01	1.454000e+01	2.446000e+00	1.120000e-01	1.050000e-01	-9.110000e-01	-3.900000e-01	9.422000e+00
1.077167e+03	1.706000e+00	-1.350000e+00	1.409600e+01	6.260000e-01	2.338000e+00	1.110000e-01	-7.140000e-01	-1.470000e-01	8.234000e+00
9.317973e+02	1.706000e+00	-1.314000e+00	1.486400e+01	3.944000e+00	1.680000e+00	1.830000e-01	-7.300000e-01	-6.630000e-01	8.012000e+00
7.777286e+02	1.706000e+00	-1.143000e+00	1.350800e+01	1.354000e+00	4.480000e-01	2.430000e-01	-6.980000e-01	-1.230000e-01	8.960000e+00
1.451697e+04	1.706000e+00	-7.440000e-01	1.199600e+01	3.636000e+00	6.720000e+00	8.800000e-02	-8.250000e-01	4.080000e-01	1.003400e+01
6.682350e+04	1.706000e+00	-4.920000e-01	1.157600e+01	2.355000e+00	2.772000e+00	4.090000e-01	-8.410000e-01	-4.380000e-01	8.144000e+00
6.480225e+02	1.712000e+00	-9.930000e-01	1.475600e+01	1.137000e+00	6.524000e+00	3.260000e-01	-8.490000e-01	1.050000e-01	9.278000e+00
4.210982e+03	1.712000e+00	-4.890000e-01	1.330400e+01	1.837000e+00	5.544000e+00	8.700000e-02	-9.060000e-01	9.300000e-02	9.200000e+00
1.925044e+07	1.712000e+00	-2.850000e-01	1.181600e+01	1.690000e+00	1.260000e-01	1.600000e-01	-6.100000e-01	7.320000e-01	8.762000e+00
1.354909e+05	1.712000e+00	-2.160000e-01	1.300400e+01	2.817000e+00	1.232000e+00	3.490000e-01	-8.520000e-01	-1.860000e-01	8.504000e+00
4.314505e+03	1.712000e+00	-1.980000e-01	1.311200e+01	1.277000e+00	3.528000e+00	4.500000e-02	-7.330000e-01	-2.250000e-01	1.091600e+01
1.124713e+04	1.718000e+00	-1.395000e+00	1.118000e+01	3.146000e+00	4.956000e+00	4.810000e-01	-7.340000e-01	-7.230000e-01	8.258000e+00
4.822503e+02	1.718000e+00	-9.120000e-01	1.349600e+01	2.327000e+00	2.828000e+00	2.600000e-01	-5.780000e-01	-4.860000e-01	9.476000e+00
1.013852e+03	1.718000e+00	-8.190000e-01	1.522400e+01	1.746000e+00	6.300000e+00	4.810000e-01	-5.220000e-01	-5.520000e-01	9.800000e+00
2.816093e+03	1.718000e+00	-5.550000e-01	1.265600e+01	1.221000e+00	5.838000e+00	1.550000e-01	-8.700000e-01	-2.190000e-01	9.440000e+00
8.270891e+06	1.718000e+00	-2.100000e-01	9.800000e+00	1.697000e+00	9.660000e-01	7.300000e-02	-7.520000e-01	-3.300000e-01	8.084000e+00
1.099900e+03	1.724000e+00	-1.257000e+00	1.464800e+01	1.361000e+00	5.292000e+00	8.000000e-02	-8.300000e-01	-6.270000e-01	8.972000e+00
7.031218e+02	1.724000e+00	-1.203000e+00	1.527200e+01	1.543000e+00	6.902000e+00	3.290000e-01	-8.950000e-01	4.770000e-01	1.066400e+01
2.618242e+02	1.724000e+00	-8.070000e-01	1.510400e+01	3.062000e+00	2.618000e+00	1.260000e-01	-5.740000e-01	3.870000e-01	1.065800e+01
2.091285e+04	1.724000e+00	-3.420000e-01	1.334000e+01	1.473000e+00	5.292000e+00	3.650000e-01	-9.910000e-01	5.910000e-01	9.572000e+00
1.061213e+05	1.724000e+00	-2.190000e-01	1.318400e+01	3.720000e+00	1.624000e+00	4.800000e-01	-5.100000e-01	2.550000e-01	9.788000e+00
5.528042e+04	1.730000e+00	-1.143000e+00	1.077200e+01	1.928000e+00	2.534000e+00	3.370000e-01	-7.520000e-01	-4.920000e-01	8.300000e+00
3.330188e+02	1.730000e+00	-9.870000e-01	1.517600e+01	2.964000e+00	4.760000e+00	1.710000e-01	-5.420000e-01	-1.200000e-02	8.612000e+00
1.181790e+03	1.730000e+00	-8.790000e-01	1.414400e+01	3.335000e+00	8.960000e-01	3.400000e-02	-6.720000e-01	3.060000e-01	1.062200e+01
3.547225e+02	1.730000e+00	-7.710000e-01	1.376000e+01	7.660000e-01	9.240000e-01	9.200000e-02	-9.390000e-01	-1.650000e-01	1.045400e+01
1.210814e+05	1.730000e+00	-1.200000e-01	1.442000e+01	2.852000e+00	1.036000e+00	3.780000e-01	-9.860000e-01	-6.000000e-01	8.870000e+00
8.187323e+03	1.736000e+00	-1.464000e+00	1.300400e+01	3.727000e+00	3.766000e+00	4.000000e-02	-9.320000e-01	2.010000e-01	9.656000e+00
1.418972e+04	1.736000e+00	-1.170000e+00	1.034000e+01	2.782000e+00	6.552000e+00	1.780000e-01	-7.700000e-01	4.140000e-01	1.028000e+01
2.186239e+04	1.736000e+00	-1.089000e+00	1.013600e+01	7.940000e-01	6.552000e+00	5.000000e-02	-7.010000e-01	-4.500000e-01	9.374000e+00
1.992004e+03	1.736000e+00	-8.190000e-01	1.103600e+01	1.599000e+00	6.412000e+00	1.230000e-01	-8.360000e-01	-3.810000e-01	1.050800e+01
1.785250e+03	1.736000e+00	-6.150000e-01	1.341200e+01	1.970000e+00	4.536000e+00	6.500000e-02	-7.170000e-01	-2.730000e-01	8.600000e+00
3.247021e+03	1.742000e+00	-1.452000e+00	1.302800e+01	2.782000e+00	5.432000e+00	3.840000e-01	-7.400000e-01	-6.600000e-02	8.018000e+00
9.505151e+02	1.742000e+00	-1.149000e+00	1.523600e+01	7.730000e-01	2.702000e+00	5.400000e-02	-7.880000e-01	7.350000e-01	9.350000e+00
1.109927e+03	1.742000e+00	-1.125000e+00	1.401200e+01	2.117000e+00	2.716000e+00	3.000000e-03	-6.470000e-01	-4.890000e-01	1.043600e+01
1.008310e+05	1.742000e+00	-9.540000e-01	1.030400e+01	3.559000e+00	4.858000e+00	7.400000e-02	-7.160000e-01	6.090000e-01	8.204000e+00
7.258347e+03	1.742000e+00	-2.280000e-01	1.144400e+01	3.440000e+00	4.018000e+00	1.890000e-01	-8.280000e-01	6.510000e-01	1.082600e+01
5.882621e+02	1.748000e+00	-9.090000e-01	1.539200e+01	1.221000e+00	1.022000e+00	3.070000e-01	-8.430000e-01	-1.050000e-01	1.073000e+01
1.306088e+04	1.748000e+00	-8.850000e-01	1.017200e+01	9.830000e-01	6.888000e+00	1.780000e-01	-9.660000e-01	-2.280000e-01	1.002800e+01
9.029050e+04	1.748000e+00	-7.740000e-01	1.106000e+01	3.888000e+00	3.836000e+00	3.050000e-01	-6.960000e-01	4.020000e-01	8.600000e+00
3.501548e+06	1.748000e+00	-8.400000e-02	1.068800e+01	1.585000e+00	2.940000e-01	1.530000e-01	-7.300000e-01	1.200000e-02	9.410000e+00
2.444002e+04	1.748000e+00	-4.200000e-02	1.282400e+01	8.850000e-01	1.946000e+00	1.620000e-01	-5.730000e-01	-2.700000e-01	1.068800e+01
2.892790e+04	1.754000e+00	-1.422000e+00	1.258400e+01	1.270000e+00	7.980000e-01	2.380000e-01	-7.060000e-01	9.000000e-02	1.038200e+01
6.652433e+04	1.754000e+00	-4.200000e-01	1.253600e+01	1.221000e+00	7.980000e-01	4.970000e-01	-5.300000e-01	-1.980000e-01	9.536000e+00
1.418558e+04	1.754000e+00	-3.840000e-01	1.547600e+01	3.706000e+00	2.170000e+00	5.500000e-02	-9.130000e-01	-3.360000e-01	8.594000e+00
9.054284e+03	1.754000e+00	-3.810000e-01	1.392800e+01	1.291000e+00	5.250000e+00	1.550000e-01	-8.660000e-01	-4.680000e-01	9.404000e+00
3.306119e+04	1.754000e+00	-2.340000e-01	1.284800e+01	3.881000e+00	4.900000e+00	2.270000e-01	-5.600000e-01	-3.570000e-01	1.057400e+01
7.482966e+03	1.760000e+00	-1.368000e+00	1.086800e+01	1.767000e+00	3.682000e+00	9.000000e-02	-7.980000e-01	-7.260000e-01	9.980000e+00
7.972330e+05	1.760000e+00	-1.215000e+00	1.197200e+01	2.726000e+00	1.540000e-01	3.760000e-01	-6.700000e-01	6.480000e-01	8.696000e+00
9.545040e+04	1.760000e+00	-1.065000e+00	1.146800e+01	2.796000e+00	1.176000e+00	2.650000e-01	-7.820000e-01	6.330000e-01	1.082600e+01
4.658723e+02	1.760000e+00	-6.780000e-01	1.359200e+01	1.921000e+00	4.158000e+00	1.770000e-01	-6.080000e-01	8.400000e-02	1.038800e+01
2.093670e+05	1.760000e+00	-3.210000e-01	1.029200e+01	1.893000e+00	3.444000e+00	1.750000e-01	-9.640000e-01	-6.600000e-02	9.416000e+00
3.118450e+04	1.766000e+00	-1.299000e+00	1.113200e+01	3.839000e+00	1.652000e+00	4.430000e-01	-8.630000e-01	7.500000e-02	1.070600e+01
5.871762e+02	1.766000e+00	-1.023000e+00	1.445600e+01	2.103000e+00	4.480000e-01	1.440000e-01	-6.860000e-01	-8.100000e-02	8.162000e+00
1.185992e+02	1.766000e+00	-8.580000e-01	1.500800e+01	3.048000e+00	4.410000e+00	1.870000e-01	-8.600000e-01	3.960000e-01	9.878000e+00
1.567059e+03	1.766000e+00	-6.690000e-01	1.490000e+01	3.909000e+00	5.894000e+00	1.700000e-02	-5.670000e-01	6.990000e-01	9.476000e+00
2.113062e+04	1.766000e+00	-5.070000e-01	1.272800e+01	2.152000e+00	6.790000e+00	4.850000e-01	-7.740000e-01	4.200000e-02	8.438000e+00
2.758119e+07	1.772000e+00	-9.960000e-01	1.079600e+01	1.025000e+00	4.480000e-01	3.300000e-01	-8.200000e-01	2.220000e-01	8.510000e+00
1.945346e+03	1.772000e+00	-6.840000e-01	1.382000e+01	1.872000e+00	4.326000e+00	3.350000e-01	-6.470000e-01	-2.640000e-01	9.026000e+00
8.696609e+03	1.772000e+00	-5.130000e-01	1.514000e+01	1.725000e+00	3.836000e+00	3.820000e-01	-9.880000e-01	4.740000e-01	8.618000e+00
4.646707e+04	1.772000e+00	-2.160000e-01	1.296800e+01	3.846000e+00	3.962000e+00	2.390000e-01	-5.760000e-01	-4.260000e-01	1.037000e+01
2.221616e+05	1.772000e+00	-8.100000e-02	1.212800e+01	3.265000e+00	2.100000e-01	5.300000e-02	-6.640000e-01	0.000000e+00	1.091600e+01
2.320810e+03	1.778000e+00	-1.416000e+00	1.197200e+01	2.999000e+00	5.460000e+00	2.650000e-01	-7.960000e-01	2.790000e-01	9.584000e+00
4.087365e+03	1.778000e+00	-9.060000e-01	1.167200e+01	2.313000e+00	4.592000e+00	3.300000e-02	-5.450000e-01	3.570000e-01	9.896000e+00
1.798619e+05	1.778000e+00	-6.810000e-01	1.001600e+01	3.615000e+00	5.740000e+00	4.580000e-01	-6.270000e-01	-6.000000e-03	9.218000e+00
3.252170e+05	1.778000e+00	-6.720000e-01	1.080800e+01	2.544000e+00	1.540000e+00	4.270000e-01	-7.210000e-01	-1.050000e-01	8.060000e+00
5.001124e+05	1.778000e+00	-5.430000e-01	1.119200e+01	1.053000e+00	1.218000e+00	3.600000e-01	-5.590000e-01	-5.160000e-01	9.092000e+00
2.725273e+04	1.784000e+00	-1.476000e+00	1.088000e+01	6.470000e-01	3.360000e+00	2.100000e-02	-8.730000e-01	4.590000e-01	9.224000e+00
3.353229e+04	1.784000e+00	-1.284000e+00	1.098800e+01	1.746000e+00	2.814000e+00	2.260000e-01	-9.790000e-01	-5.400000e-02	8.954000e+00
4.877397e+04	1.784000e+00	-1.107000e+00	1.061600e+01	3.230000e+00	4.200000e+00	8.800000e-02	-6.620000e-01	3.390000e-01	8.768000e+00
9.517188e+06	1.784000e+00	-1.380000e-01	1.032800e+01	3.153000e+00	6.160000e-01	1.920000e-01	-7.690000e-01	-6.060000e-01	8.450000e+00
2.982618e+05	1.784000e+00	-1.350000e-01	1.186400e+01	3.398000e+00	3.150000e+00	2.380000e-01	-5.600000e-01	-2.490000e-01	9.182000e+00
2.505728e+06	1.790000e+00	-1.401000e+00	9.548000e+00	1.151000e+00	5.180000e-01	4.620000e-01	-6.400000e-01	4.110000e-01	9.884000e+00
2.499275e+06	1.790000e+00	-1.329000e+00	9.920000e+00	1.949000e+00	4.900000e-01	2.480000e-01	-6.670000e-01	3.630000e-01	1.052600e+01
7.456852e+02	1.790000e+00	-8.250000e-01	1.289600e+01	6.680000e-01	5.404000e+00	3.370000e-01	-6.680000e-01	7.410000e-01	1.079000e+01
6.975210e+03	1.790000e+00	-5.070000e-01	1.439600e+01	2.481000e+00	3.444000e+00	4.270000e-01	-6.760000e-01	-5.910000e-01	1.005800e+01
1.398497e+04	1.790000e+00	-3.180000e-01	1.136000e+01	2.670000e+00	4.956000e+00	2.750000e-01	-9.240000e-01	6.300000e-01	1.056200e+01
8.302859e+03	1.796000e+00	-1.338000e+00	1.530800e+01	3.692000e+00	4.676000e+00	1.490000e-01	-9.830000e-01	-7.500000e-02	1.094600e+01
4.166346e+02	1.796000e+00	-9.990000e-01	1.478000e+01	2.229000e+00	3.360000e-01	1.760000e-01	-6.310000e-01	1.860000e-01	9.128000e+00
3.551126e+03	1.796000e+00	-8.820000e-01	1.344800e+01	3.860000e+00	4.284000e+00	2.910000e-01	-5.110000e-01	-2.880000e-01	8.822000e+00
7.691048e+03	1.796000e+00	-5.310000e-01	1.299200e+01	2.929000e+00	3.570000e+00	2.460000e-01	-8.480000e-01	6.540000e-01	1.089200e+01
1.380542e+05	1.796000e+00	-4.500000e-01	9.512000e+00	2.600000e+00	2.422000e+00	6.000000e-02	-8.130000e-01	-6.180000e-01	1.025600e+01
1.514902e+03	1.802000e+00	-1.407000e+00	1.367600e+01	1.228000e+00	5.628000e+00	1.030000e-01	-5.010000e-01	-2.370000e-01	8.408000e+00
4.923408e+02	1.802000e+00	-1.137000e+00	1.458800e+01	2.810000e+00	2.492000e+00	2.240000e-01	-6.670000e-01	1.500000e-02	8.234000e+00
1.597162e+04	1.802000e+00	-6.690000e-01	1.216400e+01	1.634000e+00	2.408000e+00	2.710000e-01	-7.290000e-01	6.780000e-01	9.362000e+00
9.410548e+04	1.802000e+00	-6.480000e-01	1.126400e+01	3.734000e+00	5.418000e+00	1.890000e-01	-5.360000e-01	-7.380000e-01	8.810000e+00
1.024098e+05	1.802000e+00	-9.000000e-02	1.322000e+01	1.872000e+00	5.558000e+00	2.400000e-02	-6.890000e-01	-6.480000e-01	8.606000e+00
7.455839e+02	1.808000e+00	-1.005000e+00	1.346000e+01	2.929000e+00	2.310000e+00	2.610000e-01	-5.560000e-01	-7.470000e-01	9.734000e+00
2.802547e+03	1.808000e+00	-5.400000e-01	1.418000e+01	2.635000e+00	2.604000e+00	6.000000e-03	-6.060000e-01	-5.190000e-01	9.230000e+00
1.778908e+04	1.808000e+00	-5.190000e-01	1.169600e+01	2.551000e+00	4.074000e+00	2.290000e-01	-9.770000e-01	-2.340000e-01	1.086800e+01
4.137133e+06	1.808000e+00	-3.750000e-01	9.680000e+00	2.957000e+00	7.000000e-01	4.280000e-01	-9.300000e-01	3.600000e-02	9.302000e+00
9.397631e+06	1.808000e+00	-2.190000e-01	1.008800e+01	1.809000e+00	2.100000e-01	3.240000e-01	-9.880000e-01	-5.580000e-01	9.350000e+00
2.669939e+05	1.814000e+00	-1.491000e+00	9.944000e+00	2.390000e+00	1.344000e+00	3.810000e-01	-8.850000e-01	6.390000e-01	1.032800e+01
1.265668e+03	1.814000e+00	-1.296000e+00	1.370000e+01	3.797000e+00	1.862000e+00	4.000000e-02	-5.770000e-01	-5.490000e-01	8.516000e+00
2.321960e+02	1.814000e+00	-1.176000e+00	1.462400e+01	2.985000e+00	4.816000e+00	3.780000e-01	-7.590000e-01	5.220000e-01	8.012000e+00
4.554397e+02	1.814000e+00	-6.870000e-01	1.505600e+01	3.321000e+00	4.704000e+00	9.000000e-03	-6.630000e-01	1.920000e-01	9.806000e+00
2.952856e+04	1.814000e+00	-4.530000e-01	9.584000e+00	2.558000e+00	6.426000e+00	2.240000e-01	-5.980000e-01	-5.730000e-01	1.060400e+01
1.170376e+03	1.820000e+00	-1.182000e+00	1.114400e+01	5.350000e-01	6.818000e+00	3.730000e-01	-5.290000e-01	-9.000000e-03	1.097600e+01
5.447369e+05	1.820000e+00	-9.090000e-01	1.140800e+01	6.120000e-01	6.860000e-01	2.220000e-01	-9.690000e-01	-2.910000e-01	9.668000e+00
1.218923e+04	1.820000e+00	-3.720000e-01	1.281200e+01	1.655000e+00	6.160000e+00	9.400000e-02	-7.060000e-01	-9.000000e-02	9.170000e+00
2.688811e+05	1.820000e+00	-1.950000e-01	1.055600e+01	1.865000e+00	4.536000e+00	3.830000e-01	-6.670000e-01	3.480000e-01	8.636000e+00
6.672211e+05	1.820000e+00	-5.400000e-02	1.120400e+01	2.460000e+00	1.792000e+00	2.580000e-01	-5.430000e-01	5.160000e-01	9.020000e+00
4.353561e+03	1.826000e+00	-1.425000e+00	1.455200e+01	5.280000e-01	1.778000e+00	3.430000e-01	-8.070000e-01	2.790000e-01	1.025600e+01
1.291096e+03	1.826000e+00	-1.023000e+00	1.372400e+01	9.130000e-01	5.992000e+00	1.510000e-01	-5.160000e-01	1.230000e-01	1.094600e+01
7.597080e+04	1.826000e+00	-8.670000e-01	1.113200e+01	3.678000e+00	2.716000e+00	3.790000e-01	-9.720000e-01	4.170000e-01	8.792000e+00
7.127112e+02	1.826000e+00	-7.830000e-01	1.286000e+01	1.116000e+00	4.774000e+00	5.000000e-02	-9.940000e-01	-2.850000e-01	1.037000e+01
7.183937e+04	1.826000e+00	-1.830000e-01	1.080800e+01	1.067000e+00	6.986000e+00	4.600000e-02	-5.420000e-01	4.560000e-01	9.308000e+00
2.757804e+03	1.832000e+00	-1.083000e+00	1.128800e+01	1.396000e+00	3.416000e+00	1.000000e-01	-6.450000e-01	3.240000e-01	1.022000e+01
8.129513e+02	1.832000e+00	-9.900000e-01	1.349600e+01	1.165000e+00	5.152000e+00	1.570000e-01	-5.730000e-01	-8.700000e-02	8.756000e+00
1.430456e+05	1.832000e+00	-8.610000e-01	9.896000e+00	2.082000e+00	3.990000e+00	2.180000e-01	-7.730000e-01	3.600000e-02	9.032000e+00
3.368331e+05	1.832000e+00	-1.860000e-01	1.058000e+01	3.216000e+00	6.132000e+00	3.100000e-02	-8.570000e-01	-5.310000e-01	9.248000e+00
3.965635e+04	1.832000e+00	-1.260000e-01	1.424000e+01	1.907000e+00	4.970000e+00	3.950000e-01	-5.430000e-01	6.780000e-01	1.022000e+01
4.560627e+04	1.838000e+00	-1.338000e+00	1.107200e+01	7.310000e-01	1.932000e+00	2.360000e-01	-6.860000e-01	2.850000e-01	9.800000e+00
6.303879e+02	1.838000e+00	-1.062000e+00	1.539200e+01	1.543000e+00	1.358000e+00	1.940000e-01	-6.350000e-01	-3.000000e-03	1.047200e+01
1.065306e+04	1.838000e+00	-4.440000e-01	1.536800e+01	2.607000e+00	6.160000e+00	3.390000e-01	-7.570000e-01	-2.700000e-01	9.638000e+00
2.486886e+04	1.838000e+00	-1.770000e-01	1.340000e+01	2.593000e+00	5.180000e-01	1.170000e-01	-8.020000e-01	-6.570000e-01	1.005800e+01
2.903803e+05	1.838000e+00	-1.500000e-02	1.054400e+01	2.929000e+00	5.138000e+00	3.850000e-01	-7.980000e-01	3.840000e-01	9.914000e+00
1.230827e+04	1.844000e+00	-1.440000e+00	9.644000e+00	1.697000e+00	2.800000e+00	1.040000e-01	-9.460000e-01	-5.280000e-01	1.096400e+01
2.611683e+04	1.844000e+00	-1.275000e+00	1.242800e+01	1.753000e+00	7.840000e-01	4.620000e-01	-5.310000e-01	1.500000e-01	9.986000e+00
6.144005e+03	1.844000e+00	-7.950000e-01	1.253600e+01	2.691000e+00	4.326000e+00	4.460000e-01	-8.900000e-01	6.060000e-01	9.524000e+00
9.523179e+05	1.844000e+00	-3.510000e-01	1.094000e+01	7.870000e-01	1.428000e+00	3.030000e-01	-6.480000e-01	-2.400000e-01	8.702000e+00
5.585089e+05	1.844000e+00	-1.170000e-01	1.034000e+01	2.369000e+00	3.472000e+00	9.800000e-02	-5.790000e-01	2.490000e-01	9.128000e+00
1.385666e+03	1.850000e+00	-1.425000e+00	1.294400e+01	3.440000e+00	4.060000e+00	1.840000e-01	-7.570000e-01	-6.510000e-01	9.698000e+00
1.264881e+03	1.850000e+00	-1.407000e+00	1.401200e+01	1.970000e+00	1.274000e+00	1.620000e-01	-6.020000e-01	-7.140000e-01	1.005200e+01
3.073002e+03	1.850000e+00	-8.220000e-01	1.416800e+01	3.916000e+00	3.780000e-01	3.220000e-01	-6.690000e-01	-9.900000e-02	9.128000e+00
1.679865e+04	1.850000e+00	-3.570000e-01	1.409600e+01	3.650000e+00	1.848000e+00	2.510000e-01	-8.010000e-01	-2.100000e-02	1.057400e+01
3.851184e+05	1.850000e+00	-2.940000e-01	9.896000e+00	2.054000e+00	4.550000e+00	3.960000e-01	-5.080000e-01	3.600000e-02	8.348000e+00
7.648496e+03	1.856000e+00	-1.389000e+00	1.458800e+01	2.866000e+00	9.660000e-01	2.540000e-01	-9.760000e-01	-3.030000e-01	1.095200e+01
1.978508e+03	1.856000e+00	-1.056000e+00	1.307600e+01	2.922000e+00	2.086000e+00	1.950000e-01	-5.820000e-01	-5.370000e-01	9.470000e+00
5.086701e+04	1.856000e+00	-9.810000e-01	1.060400e+01	2.075000e+00	4.018000e+00	4.570000e-01	-6.910000e-01	-1.530000e-01	8.174000e+00
6.400216e+02	1.856000e+00	-8.400000e-01	1.420400e+01	3.419000e+00	6.244000e+00	1.230000e-01	-9.690000e-01	-1.440000e-01	9.266000e+00
9.263926e+04	1.856000e+00	-6.960000e-01	1.145600e+01	3.377000e+00	2.240000e+00	3.140000e-01	-5.360000e-01	3.300000e-02	8.516000e+00
1.961567e+04	1.862000e+00	-1.092000e+00	1.133600e+01	3.195000e+00	6.580000e+00	1.750000e-01	-8.500000e-01	2.010000e-01	9.038000e+00
4.382136e+04	1.862000e+00	-1.080000e+00	1.125200e+01	1.382000e+00	2.632000e+00	2.790000e-01	-8.640000e-01	6.540000e-01	8.120000e+00
2.074459e+04	1.862000e+00	-8.010000e-01	9.788000e+00	1.641000e+00	6.538000e+00	4.770000e-01	-5.940000e-01	5.820000e-01	1.042400e+01
6.701107e+04	1.862000e+00	-7.890000e-01	1.026800e+01	1.683000e+00	5.404000e+00	1.660000e-01	-7.510000e-01	2.670000e-01	8.366000e+00
1.223534e+05	1.862000e+00	-6.210000e-01	1.041200e+01	1.634000e+00	3.332000e+00	1.110000e-01	-6.440000e-01	-2.160000e-01	9.158000e+00
3.003741e+04	1.868000e+00	-1.236000e+00	1.082000e+01	3.426000e+00	5.978000e+00	4.600000e-02	-7.410000e-01	-5.970000e-01	9.158000e+00
9.411179e+04	1.868000e+00	-1.233000e+00	9.728000e+00	2.852000e+00	5.166000e+00	1.510000e-01	-9.930000e-01	7.440000e-01	9.188000e+00
6.134599e+02	1.868000e+00	-9.090000e-01	1.498400e+01	1.851000e+00	5.796000e+00	4.950000e-01	-9.550000e-01	-5.550000e-01	8.246000e+00
1.889527e+04	1.868000e+00	-6.090000e-01	9.752000e+00	5.490000e-01	3.850000e+00	4.820000e-01	-8.970000e-01	-3.840000e-01	1.046000e+01
5.376317e+05	1.868000e+00	-1.860000e-01	1.211600e+01	3.902000e+00	1.414000e+00	3.720000e-01	-8.380000e-01	3.570000e-01	8.096000e+00
1.647245e+03	1.874000e+00	-1.368000e+00	1.308800e+01	2.446000e+00	2.660000e-01	3.720000e-01	-5.230000e-01	-7.410000e-01	9.710000e+00
2.178666e+05	1.874000e+00	-6.150000e-01	9.560000e+00	2.404000e+00	5.908000e+00	1.700000e-02	-5.450000e-01	4.020000e-01	9.128000e+00
4.370473e+05	1.874000e+00	-6.060000e-01	1.034000e+01	3.825000e+00	2.184000e+00	4.690000e-01	-6.180000e-01	6.360000e-01	8.720000e+00
1.271227e+05	1.874000e+00	-3.060000e-01	1.088000e+01	2.054000e+00	4.578000e+00	8.100000e-02	-6.670000e-01	-3.750000e-01	9.314000e+00
1.636199e+05	1.874000e+00	-6.000000e-03	1.157600e+01	2.278000e+00	2.758000e+00	1.530000e-01	-8.670000e-01	5.460000e-01	9.902000e+00
8.942891e+03	1.880000e+00	-1.437000e+00	1.466000e+01	1.837000e+00	6.146000e+00	1.960000e-01	-9.470000e-01	2.490000e-01	9.284000e+00
4.299629e+04	1.880000e+00	-1.152000e+00	1.210400e+01	1.032000e+00	2.800000e-01	2.390000e-01	-8.060000e-01	-3.810000e-01	1.034600e+01
1.442304e+06	1.880000e+00	-5.340000e-01	1.109600e+01	3.006000e+00	8.960000e-01	2.070000e-01	-7.090000e-01	-4.020000e-01	8.210000e+00
5.625129e+04	1.880000e+00	-3.060000e-01	1.338800e+01	2.887000e+00	4.298000e+00	3.230000e-01	-6.820000e-01	2.520000e-01	8.342000e+00
2.392829e+04	1.880000e+00	-8.700000e-02	1.505600e+01	2.481000e+00	2.702000e+00	1.120000e-01	-7.930000e-01	4.860000e-01	1.091600e+01
4.547531e+03	1.886000e+00	-1.434000e+00	1.436000e+01	1.501000e+00	1.274000e+00	4.020000e-01	-8.890000e-01	2.580000e-01	8.534000e+00
4.663432e+03	1.886000e+00	-1.104000e+00	1.229600e+01	2.866000e+00	4.648000e+00	3.330000e-01	-9.980000e-01	-4.320000e-01	9.872000e+00
1.354156e+04	1.886000e+00	-3.480000e-01	1.415600e+01	1.368000e+00	3.556000e+00	1.690000e-01	-9.540000e-01	4.740000e-01	9.422000e+00
3.985735e+04	1.886000e+00	-2.910000e-01	1.404800e+01	2.096000e+00	5.754000e+00	3.650000e-01	-5.210000e-01	5.400000e-02	8.588000e+00
3.298566e+03	1.886000e+00	-2.130000e-01	1.294400e+01	9.130000e-01	4.060000e+00	3.240000e-01	-6.070000e-01	6.690000e-01	1.083200e+01
6.182288e+02	1.892000e+00	-1.143000e+00	1.449200e+01	6.330000e-01	2.688000e+00	2.500000e-01	-8.270000e-01	-6.990000e-01	9.182000e+00
7.163120e+02	1.892000e+00	-1.044000e+00	1.452800e+01	1.354000e+00	4.228000e+00	8.100000e-02	-9.990000e-01	7.110000e-01	8.024000e+00
7.563140e+02	1.892000e+00	-8.370000e-01	1.439600e+01	2.257000e+00	3.528000e+00	4.890000e-01	-9.250000e-01	-5.160000e-01	1.016600e+01
1.008273e+05	1.892000e+00	-7.200000e-01	1.047200e+01	3.762000e+00	5.950000e+00	1.930000e-01	-9.700000e-01	2.520000e-01	9.770000e+00
2.868831e+03	1.892000e+00	-5.280000e-01	1.479200e+01	1.508000e+00	1.400000e-02	1.630000e-01	-7.290000e-01	4.320000e-01	9.332000e+00
1.183260e+05	1.898000e+00	-1.494000e+00	9.932000e+00	1.452000e+00	3.192000e+00	1.420000e-01	-5.090000e-01	-5.130000e-01	9.176000e+00
5.390135e+04	1.898000e+00	-1.476000e+00	1.016000e+01	3.951000e+00	4.956000e+00	2.810000e-01	-8.090000e-01	2.400000e-02	9.236000e+00
5.480647e+04	1.898000e+00	-9.510000e-01	1.028000e+01	2.152000e+00	6.748000e+00	3.230000e-01	-7.590000e-01	7.380000e-01	8.930000e+00
4.729675e+04	1.898000e+00	-7.110000e-01	1.277600e+01	2.166000e+00	9.800000e-01	2.200000e-01	-5.450000e-01	4.380000e-01	9.326000e+00
3.799831e+05	1.898000e+00	-6.000000e-03	1.235600e+01	3.839000e+00	6.412000e+00	2.180000e-01	-6.870000e-01	2.940000e-01	9.326000e+00
2.514082e+03	1.904000e+00	-1.386000e+00	1.232000e+01	7.380000e-01	2.352000e+00	4.920000e-01	-7.340000e-01	5.340000e-01	1.042400e+01
7.777925e+04	1.904000e+00	-1.266000e+00	9.728000e+00	5.770000e-01	1.750000e+00	3.380000e-01	-7.870000e-01	8.700000e-02	1.095800e+01
1.192143e+06	1.904000e+00	-1.101000e+00	9.500000e+00	1.424000e+00	1.876000e+00	1.540000e-01	-5.340000e-01	5.820000e-01	8.984000e+00
4.954241e+04	1.904000e+00	-2.160000e-01	1.448000e+01	3.013000e+00	6.510000e+00	5.000000e-02	-9.860000e-01	-3.060000e-01	8.708000e+00
6.168199e+04	1.904000e+00	-7.200000e-02	1.457600e+01	3.622000e+00	8.820000e-01	1.180000e-01	-6.880000e-01	3.900000e-02	1.031000e+01
4.438630e+03	1.910000e+00	-5.310000e-01	9.968000e+00	8.220000e-01	3.668000e+00	4.470000e-01	-8.190000e-01	-2.460000e-01	1.077200e+01
1.829081e+07	1.910000e+00	-4.380000e-01	1.263200e+01	5.000000e-01	3.920000e-01	4.340000e-01	-7.360000e-01	-2.340000e-01	8.090000e+00
1.760036e+05	1.910000e+00	-3.540000e-01	1.118000e+01	9.620000e-01	1.078000e+00	9.400000e-02	-8.720000e-01	-6.240000e-01	9.776000e+00
4.003855e+06	1.910000e+00	-3.300000e-01	1.116800e+01	2.740000e+00	3.360000e-01	4.440000e-01	-6.410000e-01	3.720000e-01	9.020000e+00
1.640709e+04	1.910000e+00	-1.530000e-01	1.516400e+01	1.249000e+00	5.894000e+00	1.160000e-01	-5.920000e-01	-7.440000e-01	1.014200e+01
7.308872e+02	1.916000e+00	-1.296000e+00	1.508000e+01	3.629000e+00	7.700000e-01	2.460000e-01	-8.430000e-01	7.140000e-01	9.002000e+00
7.772785e+03	1.916000e+00	-4.680000e-01	1.409600e+01	2.131000e+00	2.520000e+00	3.390000e-01	-8.390000e-01	5.040000e-01	1.007600e+01
1.141077e+05	1.916000e+00	-2.790000e-01	1.228400e+01	3.524000e+00	2.128000e+00	2.540000e-01	-6.400000e-01	-5.340000e-01	9.770000e+00
4.655814e+04	1.916000e+00	-2.490000e-01	1.430000e+01	2.677000e+00	2.982000e+00	3.010000e-01	-7.230000e-01	-4.500000e-02	9.272000e+00
8.761012e+04	1.916000e+00	-1.620000e-01	1.353200e+01	2.712000e+00	4.312000e+00	2.900000e-02	-7.760000e-01	2.460000e-01	8.444000e+00
1.191339e+03	1.922000e+00	-1.407000e+00	1.271600e+01	8.010000e-01	5.208000e+00	4.980000e-01	-5.610000e-01	3.300000e-01	8.558000e+00
2.267616e+03	1.922000e+00	-8.340000e-01	1.325600e+01	3.076000e+00	6.258000e+00	1.560000e-01	-8.980000e-01	-2.670000e-01	8.462000e+00
1.487094e+04	1.922000e+00	-3.390000e-01	1.442000e+01	5.210000e-01	3.990000e+00	2.980000e-01	-8.930000e-01	7.020000e-01	9.938000e+00
5.093359e+04	1.922000e+00	-2.400000e-01	1.386800e+01	6.820000e-01	6.622000e+00	4.660000e-01	-7.320000e-01	7.170000e-01	9.266000e+00
1.893447e+05	1.922000e+00	-1.500000e-02	1.260800e+01	9.130000e-01	2.842000e+00	1.980000e-01	-6.340000e-01	-1.890000e-01	8.552000e+00
4.848772e+06	1.928000e+00	-1.170000e+00	1.000400e+01	1.998000e+00	1.008000e+00	1.880000e-01	-9.270000e-01	3.480000e-01	8.252000e+00
6.158273e+02	1.928000e+00	-1.008000e+00	1.538000e+01	1.326000e+00	3.920000e-01	2.020000e-01	-9.490000e-01	-6.270000e-01	9.296000e+00
6.296836e+04	1.928000e+00	-9.840000e-01	1.084400e+01	3.727000e+00	2.072000e+00	9.700000e-02	-7.800000e-01	2.040000e-01	1.079000e+01
2.577360e+05	1.928000e+00	-6.180000e-01	9.596000e+00	2.831000e+00	5.502000e+00	3.900000e-02	-7.950000e-01	-8.700000e-02	9.206000e+00
1.426718e+03	1.928000e+00	-3.210000e-01	1.259600e+01	1.669000e+00	5.054000e+00	2.730000e-01	-9.490000e-01	6.510000e-01	1.092200e+01
2.059159e+03	1.934000e+00	-1.410000e+00	1.193600e+01	1.641000e+00	3.934000e+00	4.080000e-01	-7.100000e-01	3.180000e-01	9.824000e+00
6.492911e+04	1.934000e+00	-1.377000e+00	1.128800e+01	3.937000e+00	1.260000e+00	1.090000e-01	-6.180000e-01	4.890000e-01	1.063400e+01
1.004391e+03	1.934000e+00	-1.161000e+00	1.350800e+01	5.350000e-01	5.740000e+00	3.580000e-01	-9.260000e-01	2.730000e-01	1.062200e+01
9.186204e+03	1.934000e+00	-8.070000e-01	1.221200e+01	2.684000e+00	5.516000e+00	2.260000e-01	-7.970000e-01	4.680000e-01	8.330000e+00
1.637600e+03	1.934000e+00	-5.610000e-01	1.498400e+01	2.348000e+00	4.760000e+00	1.130000e-01	-6.970000e-01	3.000000e-02	9.488000e+00
1.922046e+03	1.940000e+00	-1.404000e+00	1.335200e+01	5.840000e-01	2.870000e+00	1.840000e-01	-7.470000e-01	-6.300000e-01	1.094600e+01
1.886867e+03	1.940000e+00	-1.353000e+00	1.382000e+01	1.515000e+00	6.720000e-01	1.790000e-01	-7.640000e-01	-4.860000e-01	9.944000e+00
3.071239e+04	1.940000e+00	-1.269000e+00	1.076000e+01	1.900000e+00	2.478000e+00	3.440000e-01	-7.150000e-01	1.320000e-01	9.752000e+00
1.611150e+03	1.940000e+00	-1.197000e+00	1.287200e+01	3.041000e+00	6.104000e+00	4.870000e-01	-8.810000e-01	5.520000e-01	8.606000e+00
1.868928e+02	1.940000e+00	-9.810000e-01	1.434800e+01	2.894000e+00	3.262000e+00	4.750000e-01	-6.730000e-01	2.340000e-01	1.053800e+01
1.680616e+03	1.946000e+00	-1.410000e+00	1.492400e+01	1.340000e+00	1.540000e+00	4.000000e-01	-8.060000e-01	-4.800000e-01	8.348000e+00
6.144804e+02	1.946000e+00	-1.323000e+00	1.402400e+01	1.564000e+00	1.862000e+00	3.960000e-01	-8.990000e-01	4.740000e-01	8.726000e+00
8.345592e+03	1.946000e+00	-1.317000e+00	1.086800e+01	1.501000e+00	4.746000e+00	2.930000e-01	-6.030000e-01	-7.110000e-01	9.860000e+00
6.962015e+02	1.946000e+00	-7.680000e-01	1.391600e+01	1.305000e+00	6.090000e+00	9.100000e-02	-8.020000e-01	-4.230000e-01	8.864000e+00
3.686611e+04	1.946000e+00	-3.420000e-01	1.186400e+01	1.466000e+00	3.654000e+00	1.820000e-01	-5.200000e-01	6.090000e-01	9.134000e+00
5.318159e+03	1.952000e+00	-1.326000e+00	1.529600e+01	2.348000e+00	3.416000e+00	3.380000e-01	-9.310000e-01	-4.170000e-01	1.037600e+01
9.814364e+03	1.952000e+00	-1.122000e+00	1.149200e+01	2.117000e+00	4.312000e+00	2.120000e-01	-5.250000e-01	5.070000e-01	8.504000e+00
1.563221e+03	1.952000e+00	-1.089000e+00	1.158800e+01	2.201000e+00	6.804000e+00	7.600000e-02	-5.020000e-01	-2.100000e-01	1.055000e+01
1.125951e+05	1.952000e+00	-1.320000e-01	1.364000e+01	2.705000e+00	4.718000e+00	1.480000e-01	-7.660000e-01	1.770000e-01	8.072000e+00
1.349305e+08	1.952000e+00	-1.200000e-02	9.704000e+00	2.460000e+00	1.540000e-01	2.690000e-01	-6.710000e-01	7.260000e-01	8.816000e+00
1.259112e+05	1.958000e+00	-1.341000e+00	1.193600e+01	2.453000e+00	9.100000e-01	4.400000e-02	-5.540000e-01	5.400000e-01	1.083800e+01
5.221516e+02	1.958000e+00	-9.120000e-01	1.392800e+01	2.586000e+00	1.890000e+00	4.920000e-01	-6.400000e-01	-3.300000e-02	1.043000e+01
2.798288e+04	1.958000e+00	-8.070000e-01	1.211600e+01	3.559000e+00	3.066000e+00	2.780000e-01	-6.240000e-01	5.580000e-01	8.138000e+00
6.725273e+04	1.958000e+00	-2.520000e-01	1.271600e+01	3.860000e+00	5.880000e-01	4.010000e-01	-7.460000e-01	-2.520000e-01	1.041800e+01
2.400325e+05	1.958000e+00	-3.000000e-02	1.112000e+01	1.816000e+00	3.080000e+00	4.180000e-01	-9.730000e-01	3.120000e-01	9.698000e+00
2.442975e+03	1.964000e+00	-1.353000e+00	1.494800e+01	3.405000e+00	3.178000e+00	8.200000e-02	-5.880000e-01	3.420000e-01	1.095200e+01
3.315140e+03	1.964000e+00	-8.370000e-01	1.016000e+01	1.172000e+00	5.446000e+00	6.800000e-02	-6.750000e-01	3.240000e-01	1.070000e+01
3.176389e+02	1.964000e+00	-7.470000e-01	1.536800e+01	2.397000e+00	6.426000e+00	5.600000e-02	-9.890000e-01	2.820000e-01	9.152000e+00
6.104204e+04	1.964000e+00	-7.440000e-01	1.058000e+01	7.800000e-01	3.920000e+00	6.700000e-02	-7.850000e-01	4.470000e-01	9.380000e+00
3.753841e+04	1.964000e+00	-3.180000e-01	1.433600e+01	9.690000e-01	1.456000e+00	4.660000e-01	-7.070000e-01	2.520000e-01	8.402000e+00
1.350625e+03	1.970000e+00	-1.278000e+00	1.322000e+01	6.400000e-01	5.586000e+00	1.360000e-01	-9.320000e-01	-6.780000e-01	8.804000e+00
1.053296e+05	1.970000e+00	-8.610000e-01	1.037600e+01	3.055000e+00	6.412000e+00	2.040000e-01	-5.620000e-01	7.020000e-01	8.006000e+00
1.917692e+05	1.970000e+00	-6.780000e-01	1.020800e+01	3.356000e+00	6.048000e+00	1.130000e-01	-6.800000e-01	4.800000e-01	8.498000e+00
1.739650e+06	1.970000e+00	-5.520000e-01	1.114400e+01	1.025000e+00	1.120000e+00	4.050000e-01	-6.970000e-01	8.100000e-02	8.924000e+00
9.729910e+05	1.970000e+00	-2.040000e-01	1.040000e+01	3.384000e+00	2.128000e+00	1.350000e-01	-9.330000e-01	-4.530000e-01	9.356000e+00
3.793462e+02	1.976000e+00	-1.182000e+00	1.478000e+01	2.943000e+00	1.232000e+00	4.090000e-01	-8.740000e-01	1.650000e-01	8.498000e+00
6.052823e+03	1.976000e+00	-1.116000e+00	1.089200e+01	1.459000e+00	5.194000e+00	1.410000e-01	-5.560000e-01	-3.300000e-01	1.010600e+01
1.768854e+05	1.976000e+00	-8.730000e-01	1.024400e+01	1.928000e+00	2.954000e+00	2.080000e-01	-5.300000e-01	-2.010000e-01	8.996000e+00
1.176091e+03	1.976000e+00	-7.440000e-01	1.371200e+01	2.572000e+00	3.248000e+00	2.270000e-01	-7.360000e-01	-6.900000e-01	9.716000e+00
7.194226e+05	1.976000e+00	-1.110000e-01	9.944000e+00	1.949000e+00	4.284000e+00	1.400000e-02	-8.690000e-01	5.400000e-02	8.246000e+00
1.305466e+05	1.982000e+00	-1.245000e+00	9.944000e+00	3.650000e+00	4.032000e+00	7.500000e-02	-9.510000e-01	-5.070000e-01	8.714000e+00
1.909151e+03	1.982000e+00	-1.131000e+00	1.185200e+01	7.030000e-01	2.464000e+00	2.200000e-02	-7.680000e-01	5.070000e-01	1.046000e+01
2.403632e+02	1.982000e+00	-9.810000e-01	1.388000e+01	2.110000e+00	3.038000e+00	2.770000e-01	-8.770000e-01	4.680000e-01	9.626000e+00
9.060345e+03	1.982000e+00	-3.270000e-01	1.466000e+01	2.495000e+00	3.948000e+00	1.100000e-01	-9.580000e-01	5.010000e-01	1.037000e+01
1.344933e+04	1.982000e+00	-3.000000e-01	1.312400e+01	5.560000e-01	5.054000e+00	2.710000e-01	-6.330000e-01	3.960000e-01	9.998000e+00
3.824388e+04	1.988000e+00	-9.450000e-01	1.036400e+01	3.153000e+00	6.972000e+00	5.000000e-03	-6.460000e-01	5.400000e-01	1.010600e+01
2.905282e+05	1.988000e+00	-3.150000e-01	1.131200e+01	2.887000e+00	2.114000e+00	2.800000e-01	-7.230000e-01	2.130000e-01	9.314000e+00
3.558411e+04	1.988000e+00	-2.640000e-01	1.318400e+01	3.244000e+00	4.816000e+00	5.700000e-02	-8.970000e-01	-5.190000e-01	1.014200e+01
2.513504e+05	1.988000e+00	-2.310000e-01	1.089200e+01	9.900000e-01	2.800000e-02	4.070000e-01	-9.190000e-01	-4.530000e-01	1.086200e+01
2.099140e+04	1.988000e+00	-1.650000e-01	1.503200e+01	9.270000e-01	2.730000e+00	1.820000e-01	-6.800000e-01	-5.220000e-01	1.008200e+01
3.956509e+03	1.994000e+00	-1.332000e+00	1.151600e+01	8.080000e-01	5.628000e+00	1.460000e-01	-5.650000e-01	-6.210000e-01	8.990000e+00
8.654688e+02	1.994000e+00	-1.104000e+00	1.342400e+01	9.200000e-01	6.356000e+00	2.850000e-01	-6.710000e-01	1.650000e-01	8.990000e+00
8.892711e+03	1.994000e+00	-5.010000e-01	1.326800e+01	1.270000e+00	2.954000e+00	3.720000e-01	-5.180000e-01	-1.050000e-01	9.614000e+00
1.178174e+05	1.994000e+00	-4.260000e-01	1.056800e+01	1.781000e+00	5.026000e+00	1.450000e-01	-7.900000e-01	3.780000e-01	9.134000e+00
2.743824e+04	1.994000e+00	-2.790000e-01	1.364000e+01	1.683000e+00	6.734000e+00	4.650000e-01	-6.870000e-01	4.710000e-01	9.950000e+00
8.502351e+02	4.954286e-01	-7.522857e-01	1.249086e+01	2.244667e+00	3.489333e+00	2.492381e-01	-7.507619e-01	-2.285714e-03	9.495429e+00
2.486207e+02	3.730570e-01	-8.746573e-01	1.261323e+01	2.122295e+00	3.366962e+00	1.268665e-01	-6.283903e-01	-1.246573e-01	9.617800e+00
2.044511e+02	3.601979e-01	-8.760273e-01	1.262129e+01	2.120204e+00	3.366485e+00	1.423340e-01	-7.506078e-01	-2.685203e-03	9.632818e+00
1.488837e+02	3.467696e-01	-8.580257e-01	1.262575e+01	2.124412e+00	3.377376e+00	1.904482e-01	-7.987393e-01	3.304107e-02	9.631800e+00
1.236418e+02	3.134786e-01	-8.697797e-01	1.264863e+01	2.120865e+00	3.358538e+00	1.961049e-01	-9.110692e-01	3.483379e-02	9.677900e+00
1.920922e+02	2.955831e-01	-8.776462e-01	1.266218e+01	2.110687e+00	3.350425e+00	2.083329e-01	-9.714364e-01	-3.906636e-03	9.724931e+00
1.118788e+02	2.684943e-01	-8.661488e-01	1.268114e+01	2.108354e+00	3.330345e+00	2.259635e-01	-8.181701e-01	-7.776872e-02	9.702273e+00
1.100193e+02	2.386976e-01	-8.954759e-01	1.271049e+01	2.082654e+00	3.281115e+00	2.073960e-01	-8.681689e-01	-7.317626e-02	9.781153e+00
1.188553e+02	2.293194e-01	-8.622671e-01	1.270561e+01	2.100408e+00	3.302589e+00	2.639130e-01	-7.780776e-01	-6.886242e-02	9.747193e+00
8.993832e+01	2.123243e-01	-8.980302e-01	1.271476e+01	2.084616e+00	3.303008e+00	2.330439e-01	-8.413134e-01	-7.663478e-02	9.827625e+00
2.385526e+02	1.964750e-01	-9.025647e-01	1.272716e+01	2.083260e+00	3.282567e+00	2.409794e-01	-9.421859e-01	-1.396805e-01	9.851816e+00
8.156322e+01	1.893336e-01	-8.826095e-01	1.272645e+01	2.091062e+00	3.292739e+00	2.719856e-01	-8.774630e-01	-2.345092e-01	9.830949e+00
7.885217e+01	1.718189e-01	-8.945871e-01	1.273880e+01	2.089817e+00	3.271597e+00	2.639795e-01	-8.262299e-01	-2.498838e-01	9.850062e+00
3.275174e+02	1.485470e-01	-9.074840e-01	1.275324e+01	2.084481e+00	3.254175e+00	2.667450e-01	-9.540966e-01	-1.649812e-01	9.877834e+00
1.917437e+02	1.533913e-01	-8.296753e-01	1.274941e+01	2.092726e+00	3.250135e+00	2.576749e-01	-6.723598e-01	-4.178639e-01	9.679417e+00
1.906173e+02	1.214120e-01	-8.904046e-01	1.277636e+01	2.057769e+00	3.207540e+00	1.757229e-01	-6.539495e-01	-3.430871e-01	9.715518e+00
1.114774e+02	1.186060e-01	-8.744496e-01	1.276535e+01	2.081923e+00	3.238672e+00	2.292911e-01	-6.704014e-01	-1.961966e-01	9.740907e+00
1.004467e+02	1.017053e-01	-8.792508e-01	1.277457e+01	2.084327e+00	3.223106e+00	2.449048e-01	-6.817401e-01	-1.357726e-01	9.765725e+00
9.422881e+01	1.015478e-01	-8.833789e-01	1.276702e+01	2.096603e+00	3.246094e+00	2.567066e-01	-6.912115e-01	-8.042138e-02	9.797631e+00
9.560937e+01	9.889556e-02	-9.036038e-01	1.276987e+01	2.086324e+00	3.243648e+00	2.463261e-01	-7.048056e-01	-6.844653e-02	9.852180e+00
8.717981e+01	9.082965e-02	-8.908881e-01	1.276649e+01	2.108850e+00	3.253140e+00	2.747889e-01	-7.114849e-01	-4.404569e-02	9.859048e+00
1.043236e+02	7.364781e-02	-9.218569e-01	1.278371e+01	2.089412e+00	3.214478e+00	2.437080e-01	-7.255953e-01	-4.609375e-02	9.894376e+00
7.903692e+01	8.075849e-02	-9.018996e-01	1.276574e+01	2.118716e+00	3.254996e+00	2.908851e-01	-7.480417e-01	-5.044025e-02	9.911080e+00
7.432816e+01	7.877646e-02	-9.132188e-01	1.276408e+01	2.120103e+00	3.260579e+00	2.815715e-01	-7.580945e-01	-6.099292e-02	9.950433e+00
7.756408e+01	7.234861e-02	-9.272255e-01	1.276559e+01	2.123032e+00	3.253050e+00	2.719407e-01	-7.799763e-01	-7.912401e-02	9.990296e+00
7.601576e+01	6.743017e-02	-9.069042e-01	1.276724e+01	2.129648e+00	3.242627e+00	3.158860e-01	-7.874824e-01	-8.201452e-02	9.983404e+00
6.787382e+01	6.690077e-02	-9.136149e-01	1.276032e+01	2.141267e+00	3.256960e+00	3.154059e-01	-8.066227e-01	-1.265399e-01	1.003874e+01
7.248038e+01	4.986882e-02	-9.279429e-01	1.278223e+01	2.109318e+00	3.211748e+00	2.960324e-01	-8.066353e-01	-1.506229e-01	1.005822e+01
1.027536e+02	5.941386e-02	-8.855431e-01	1.276714e+01	2.131294e+00	3.230723e+00	3.154474e-01	-6.898815e-01	-2.743598e-02	1.000562e+01
7.996802e+01	5.555106e-02	-9.035454e-01	1.277495e+01	2.104403e+00	3.217575e+00	2.957278e-01	-6.886241e-01	-7.987340e-03	1.005150e+01
9.098290e+01	4.648820e-02	-9.251616e-01	1.278291e+01	2.099053e+00	3.193904e+00	2.700415e-01	-7.004142e-01	-3.152518e-02	1.008732e+01
7.439160e+01	4.648603e-02	-9.147908e-01	1.276633e+01	2.135553e+00	3.220917e+00	2.932316e-01	-7.182796e-01	-2.947734e-02	1.010867e+01
6.974133e+01	4.651504e-02	-9.179185e-01	1.277047e+01	2.120686e+00	3.209311e+00	2.972871e-01	-7.448206e-01	-9.388389e-02	1.012107e+01
6.951872e+01	3.797633e-02	-9.250701e-01	1.277641e+01	2.117013e+00	3.191790e+00	2.942635e-01	-7.702035e-01	-1.424409e-01	1.015151e+01
6.507246e+01	4.518034e-02	-9.097811e-01	1.276448e+01	2.135379e+00	3.214700e+00	3.116425e-01	-7.741313e-01	-1.442039e-01	1.014702e+01
8.833168e+01	4.787059e-02	-9.316590e-01	1.276339e+01	2.122307e+00	3.213218e+00	2.766025e-01	-7.775850e-01	-1.428547e-01	1.017953e+01
7.498960e+01	4.368031e-02	-9.100298e-01	1.276094e+01	2.144192e+00	3.213416e+00	3.416855e-01	-7.766834e-01	-1.345026e-01	1.022164e+01
9.432864e+01	2.312406e-02	-9.434307e-01	1.278448e+01	2.112075e+00	3.156206e+00	2.867343e-01	-7.433820e-01	-8.137306e-02	1.026495e+01
7.005888e+01	4.086898e-02	-9.156407e-01	1.275128e+01	2.153907e+00	3.213787e+00	3.319332e-01	-7.765817e-01	-1.635381e-01	1.024242e+01
1.435655e+02	4.891698e-02	-8.796615e-01	1.274079e+01	2.165934e+00	3.226093e+00	3.520579e-01	-7.016707e-01	-4.089640e-02	1.013413e+01
6.362421e+02	1.817337e-02	-1.033155e+00	1.278985e+01	2.074150e+00	3.125522e+00	1.529564e-01	-7.140277e-01	-9.658216e-02	1.037174e+01
1.718841e+02	3.997911e-02	-8.432538e-01	1.275393e+01	2.144149e+00	3.186893e+00	2.875503e-01	-3.793592e-01	-2.701392e-01	1.002224e+01
1.277497e+02	1.562790e-02	-8.810378e-01	1.277261e+01	2.127959e+00	3.155448e+00	2.523085e-01	-3.746576e-01	-1.452750e-01	1.007096e+01
1.294047e+02	1.857188e-02	-8.662091e-01	1.276164e+01	2.148622e+00	3.184236e+00	2.875981e-01	-3.786300e-01	-1.005019e-01	1.007260e+01
1.536953e+02	-3.767755e-03	-9.170443e-01	1.278112e+01	2.114038e+00	3.143865e+00	2.316231e-01	-4.110033e-01	1.609674e-02	1.013192e+01
1.017540e+02	-6.103441e-03	-8.889436e-01	1.276580e+01	2.148990e+00	3.172918e+00	2.904433e-01	-4.349683e-01	1.068450e-01	1.011186e+01
1.000469e+02	-8.299243e-06	-8.916179e-01	1.275893e+01	2.151608e+00	3.182328e+00	2.922811e-01	-4.440389e-01	1.167028e-01	1.012852e+01
1.057979e+02	2.239028e-03	-8.850444e-01	1.275348e+01	2.158433e+00	3.194731e+00	3.063580e-01	-4.603693e-01	1.278545e-01	1.012677e+01
1.976430e+02	-1.246897e-02	-9.487060e-01	1.277601e+01	2.117435e+00	3.141707e+00	2.238462e-01	-4.691141e-01	1.315795e-01	1.019938e+01
2.365543e+02	-9.115022e-03	-8.627864e-01	1.275920e+01	2.168198e+00	3.171007e+00	3.734416e-01	-4.791019e-01	1.608474e-01	1.010839e+01
9.609047e+01	-2.638877e-02	-9.153970e-01	1.280064e+01	2.086240e+00	3.087848e+00	3.277726e-01	-4.891804e-01	1.368254e-01	1.016658e+01
1.053713e+02	-2.940219e-02	-9.351057e-01	1.280119e+01	2.084332e+00	3.079439e+00	3.008715e-01	-4.990026e-01	1.448271e-01	1.019466e+01
9.509189e+01	-1.482164e-02	-9.150117e-01	1.278326e+01	2.102767e+00	3.107638e+00	3.309808e-01	-5.067326e-01	1.487351e-01	1.017038e+01
9.258522e+01	-1.229969e-02	-9.242928e-01	1.278563e+01	2.080679e+00	3.100793e+00	3.207659e-01	-5.165450e-01	1.427071e-01	1.016723e+01
9.615772e+01	-7.055976e-03	-9.324277e-01	1.277494e+01	2.102992e+00	3.112646e+00	3.075239e-01	-5.285380e-01	1.297245e-01	1.018803e+01
9.375904e+01	4.107901e-03	-9.147176e-01	1.276168e+01	2.116252e+00	3.134960e+00	3.345259e-01	-5.344255e-01	1.373841e-01	1.017683e+01
1.023802e+02	-2.604173e-03	-9.389868e-01	1.276612e+01	2.111811e+00	3.116493e+00	2.990431e-01	-5.486519e-01	1.148020e-01	1.020339e+01
1.673055e+02	5.045714e-01	-1.049429e+00	1.322229e+01	6.980000e-01	2.828000e+00	4.183810e-01	-7.644762e-01	-3.771429e-01	9.586857e+00
5.950107e+02	6.269430e-01	-9.270570e-01	1.309991e+01	8.203716e-01	2.950372e+00	5.407525e-01	-8.868478e-01	-2.547713e-01	9.709229e+00
1.947002e+02	5.128404e-01	-1.046155e+00	1.312165e+01	9.372673e-01	3.080043e+00	4.224142e-01	-7.849327e-01	-1.243467e-01	9.839754e+00
2.187003e+02	4.894909e-01	-1.079247e+00	1.305249e+01	1.060969e+00	3.183686e+00	3.820116e-01	-7.237592e-01	-5.417001e-02	9.879536e+00
1.756844e+02	4.313924e-01	-1.048368e+00	1.303878e+01	1.154087e+00	3.266215e+00	3.897416e-01	-6.223843e-01	6.133437e-02	9.802708e+00
1.455100e+02	3.302946e-01	-1.014613e+00	1.306636e+01	1.247684e+00	3.325770e+00	4.130872e-01	-5.837147e-01	1.084920e-01	9.756848e+00
1.439430e+02	3.548442e-01	-9.962270e-01	1.298769e+01	1.356147e+00	3.415939e+00	4.253946e-01	-5.703708e-01	1.260618e-01	9.741388e+00
1.328504e+02	3.186121e-01	-9.987723e-01	1.294439e+01	1.474323e+00	3.466521e+00	4.176339e-01	-5.666026e-01	1.327479e-01	9.749317e+00
1.234268e+02	2.771395e-01	-1.013618e+00	1.288161e+01	1.572648e+00	3.556552e+00	3.997869e-01	-5.725560e-01	1.277056e-01	9.774539e+00
1.115534e+02	2.319964e-01	-1.012829e+00	1.278491e+01	1.707005e+00	3.695145e+00	3.951411e-01	-5.759746e-01	1.256508e-01	9.781373e+00
1.040039e+02	1.235931e-01	-1.011857e+00	1.277968e+01	1.803867e+00	3.721883e+00	3.928505e-01	-5.836265e-01	1.204947e-01	9.789554e+00
9.702531e+01	1.390301e-01	-1.001294e+00	1.268302e+01	1.900416e+00	3.808822e+00	3.975520e-01	-5.874256e-01	1.184454e-01	9.779406e+00
9.699517e+01	3.681204e-03	-1.016156e+00	1.271645e+01	1.963072e+00	3.798528e+00	3.792992e-01	-5.957314e-01	1.118568e-01	9.800702e+00
9.351800e+01	-9.564622e-02	-1.009792e+00	1.273690e+01	2.025091e+00	3.762845e+00	3.805840e-01	-5.994835e-01	1.094652e-01	9.792468e+00
8.854482e+01	-6.044807e-02	-1.005874e+00	1.265053e+01	2.108062e+00	3.865990e+00	3.790735e-01	-6.058333e-01	1.053132e-01	9.797354e+00
9.179732e+01	-2.639443e-02	-1.005871e+00	1.255914e+01	2.186540e+00	3.974914e+00	3.733240e-01	-6.121742e-01	9.862312e-02	9.799550e+00
9.367564e+01	-1.251458e-01	-1.013580e+00	1.267076e+01	2.111925e+00	3.835608e+00	3.639216e-01	-6.154948e-01	9.712277e-02	9.799646e+00
9.169256e+01	-1.681202e-01	-1.007536e+00	1.269780e+01	2.115765e+00	3.785092e+00	3.683291e-01	-6.225710e-01	9.473819e-02	9.814381e+00
8.829228e+01	-1.407593e-01	-9.921134e-01	1.267051e+01	2.146687e+00	3.802383e+00	3.768530e-01	-6.242473e-01	9.419168e-02	9.790156e+00
8.770462e+01	-1.145049e-01	-9.898700e-01	1.265967e+01	2.149458e+00	3.797171e+00	3.729480e-01	-6.298645e-01	9.119545e-02	9.782392e+00
9.417436e+01	-1.441365e-01	-1.006495e+00	1.269227e+01	2.121360e+00	3.734020e+00	3.531406e-01	-6.315215e-01	8.935903e-02	9.794255e+00
8.662201e+01	-1.065146e-01	-1.000009e+00	1.266507e+01	2.132187e+00	3.742179e+00	3.600485e-01	-6.530063e-01	4.552938e-02	9.806648e+00
8.022087e+01	-1.187682e-01	-9.913507e-01	1.264770e+01	2.171137e+00	3.740449e+00	3.629707e-01	-6.888177e-01	-1.383200e-02	9.815119e+00
8.122360e+01	-1.212077e-01	-9.952554e-01	1.269295e+01	2.121515e+00	3.668567e+00	3.514761e-01	-7.032996e-01	-4.388766e-02	9.808651e+00
7.463981e+01	-1.144305e-01	-9.945266e-01	1.265246e+01	2.167072e+00	3.689938e+00	3.538762e-01	-7.367829e-01	-7.464178e-02	9.838722e+00
7.253443e+01	-1.557210e-01	-9.891036e-01	1.265916e+01	2.182362e+00	3.658371e+00	3.598856e-01	-7.553148e-01	-8.822391e-02	9.854392e+00
7.338301e+01	-1.228567e-01	-9.935689e-01	1.263765e+01	2.196026e+00	3.659463e+00	3.515176e-01	-7.725113e-01	-1.147277e-01	9.874434e+00
9.935127e+01	-6.760094e-02	-9.581605e-01	1.260859e+01	2.223703e+00	3.666757e+00	3.674875e-01	-6.892095e-01	-4.984990e-02	9.801245e+00
1.466821e+02	-1.827981e-01	-1.017829e+00	1.273420e+01	2.099631e+00	3.498334e+00	3.007446e-01	-6.629849e-01	-2.520063e-02	9.833570e+00
8.580744e+01	-1.573121e-01	-9.833092e-01	1.268291e+01	2.150738e+00	3.519009e+00	3.382778e-01	-6.567084e-01	-1.348660e-02	9.813217e+00
8.888043e+01	-1.048175e-01	-9.614030e-01	1.260703e+01	2.223522e+00	3.594299e+00	3.593830e-01	-6.943399e-01	-4.962189e-02	9.809932e+00
7.245390e+01	-5.900362e-02	-9.819264e-01	1.258272e+01	2.222423e+00	3.606003e+00	3.452853e-01	-7.534939e-01	-9.395109e-02	9.889333e+00
7.344226e+02	-1.820982e-01	-1.011903e+00	1.269416e+01	2.140115e+00	3.468967e+00	3.186604e-01	-8.804024e-01	-1.302257e-01	1.002260e+01
1.952803e+03	-1.000064e-01	-7.245289e-01	1.275238e+01	2.171017e+00	3.293071e+00	4.266647e-01	-5.716987e-01	1.748205e-01	9.717994e+00
1.548855e+02	-3.780762e-01	-8.374475e-01	1.306043e+01	1.869743e+00	2.971936e+00	2.115482e-01	-4.553449e-01	2.843743e-01	9.735913e+00
3.058394e+02	-4.542588e-01	-8.820274e-01	1.315824e+01	1.770446e+00	2.871696e+00	1.309499e-01	-4.118507e-01	3.249746e-01	9.749838e+00
2.128253e+02	-4.608165e-01	-8.698478e-01	1.317105e+01	1.754973e+00	2.857426e+00	1.847994e-01	-3.977585e-01	3.467111e-01	9.756898e+00
1.739121e+02	-4.328324e-01	-8.456657e-01	1.315426e+01	1.763584e+00	2.874095e+00	2.552339e-01	-3.941256e-01	3.581686e-01	9.757938e+00
1.988993e+02	-4.048427e-01	-8.388083e-01	1.312901e+01	1.783224e+00	2.899138e+00	2.849139e-01	-3.932354e-01	3.629877e-01	9.771844e+00
1.869242e+02	-3.714743e-01	-8.872000e-01	1.311086e+01	1.790235e+00	2.917946e+00	2.144123e-01	-3.948906e-01	3.633964e-01	9.818094e+00
1.949767e+02	-3.331521e-01	-8.932854e-01	1.307744e+01	1.821350e+00	2.954024e+00	2.068218e-01	-3.960570e-01	3.644162e-01	9.831867e+00
1.480680e+02	-2.864482e-01	-8.761404e-01	1.303293e+01	1.860370e+00	2.996880e+00	2.450921e-01	-3.971347e-01	3.659981e-01	9.833524e+00
1.412264e+02	-2.464037e-01	-8.679151e-01	1.299888e+01	1.888392e+00	3.031520e+00	2.696187e-01	-4.004081e-01	3.654912e-01	9.841394e+00
8.623125e+02	3.125714e-01	-1.031143e+00	1.102800e+01	1.530000e+00	3.041333e+00	3.940000e-01	-7.126667e-01	1.942857e-01	1.044629e+01
4.154538e+02	1.901998e-01	-1.153514e+00	1.115037e+01	1.407628e+00	3.163705e+00	5.163716e-01	-5.902951e-01	3.166573e-01	1.032391e+01
3.015198e+02	4.757504e-02	-1.184998e+00	1.125199e+01	1.357937e+00	3.302406e+00	6.284265e-01	-4.479681e-01	4.599777e-01	1.029690e+01
2.961355e+02	-5.238599e-02	-1.277258e+00	1.133190e+01	1.337352e+00	3.336219e+00	5.654091e-01	-5.132978e-01	3.996899e-01	1.038378e+01
2.018475e+02	-1.341001e-01	-1.226544e+00	1.139209e+01	1.345039e+00	3.357624e+00	6.133181e-01	-5.643282e-01	3.559337e-01	1.029354e+01
2.480236e+02	-1.870513e-01	-1.149501e+00	1.143143e+01	1.365381e+00	3.355957e+00	6.719244e-01	-6.172584e-01	3.100424e-01	1.017819e+01
1.793934e+02	-2.443889e-01	-1.225084e+00	1.147450e+01	1.355746e+00	3.352685e+00	5.887165e-01	-6.419118e-01	2.894584e-01	1.020850e+01
2.171083e+02	-2.959794e-01	-1.252023e+00	1.151011e+01	1.356839e+00	3.347482e+00	5.496095e-01	-6.575194e-01	2.774579e-01	1.018286e+01
2.036372e+02	-3.274479e-01	-1.243883e+00	1.152419e+01	1.382397e+00	3.348331e+00	5.421290e-01	-7.006778e-01	2.286345e-01	1.015221e+01
1.432565e+02	-3.556444e-01	-1.197702e+00	1.153308e+01	1.419933e+00	3.347646e+00	5.746753e-01	-7.434547e-01	1.808710e-01	1.009822e+01
1.390003e+02	-3.737758e-01	-1.160535e+00	1.153405e+01	1.453753e+00	3.349560e+00	5.936421e-01	-7.890028e-01	1.237092e-01	1.005747e+01
1.343270e+02	-3.835599e-01	-1.152354e+00	1.153510e+01	1.467198e+00	3.348968e+00	5.799388e-01	-7.895333e-01	1.061583e-01	1.003247e+01
1.289521e+02	-4.003825e-01	-1.143961e+00	1.153895e+01	1.488050e+00	3.344670e+00	5.641735e-01	-7.819167e-01	8.627866e-02	1.001108e+01
1.223176e+02	-4.090112e-01	-1.151767e+00	1.153633e+01	1.509870e+00	3.344859e+00	5.277142e-01	-7.413725e-01	9.726870e-02	1.000076e+01
1.164168e+02	-4.232734e-01	-1.134869e+00	1.153995e+01	1.526989e+00	3.337436e+00	5.184541e-01	-7.077505e-01	9.250354e-02	9.978337e+00
1.193217e+02	-4.303613e-01	-1.107288e+00	1.154046e+01	1.538505e+00	3.333043e+00	5.181625e-01	-6.587873e-01	9.437634e-02	9.951103e+00
1.153895e+02	-4.438138e-01	-1.098858e+00	1.154597e+01	1.549945e+00	3.322600e+00	5.013137e-01	-6.355806e-01	8.984668e-02	9.927978e+00
1.062817e+02	-4.523789e-01	-1.092327e+00	1.154944e+01	1.561529e+00	3.313846e+00	4.822322e-01	-6.795591e-01	4.724278e-02	9.912609e+00
1.057485e+02	-4.642857e-01	-1.099696e+00	1.155645e+01	1.564586e+00	3.301086e+00	4.548345e-01	-7.292318e-01	1.927307e-02	9.905626e+00
4.991672e+02	-4.719923e-01	-1.087422e+00	1.156170e+01	1.565675e+00	3.291714e+00	4.375748e-01	-8.343596e-01	-5.823749e-02	9.904663e+00
3.561215e+02	-4.777017e-01	-9.624738e-01	1.156070e+01	1.589398e+00	3.283024e+00	5.057689e-01	-6.973596e-01	6.625662e-02	9.783121e+00
1.027931e+02	-4.974231e-01	-1.005454e+00	1.158145e+01	1.561580e+00	3.254089e+00	4.103799e-01	-6.074276e-01	1.476901e-01	9.774068e+00
1.175990e+02	-5.070757e-01	-1.030194e+00	1.159592e+01	1.533594e+00	3.232859e+00	3.502646e-01	-5.510911e-01	1.983805e-01	9.764498e+00
1.288983e+02	-5.197556e-01	-1.027261e+00	1.160383e+01	1.535140e+00	3.215623e+00	3.342226e-01	-5.150673e-01	2.311607e-01	9.750477e+00
1.082590e+02	-5.221437e-01	-1.007708e+00	1.160173e+01	1.548518e+00	3.208084e+00	3.452753e-01	-4.945198e-01	2.508261e-01	9.733995e+00
1.019824e+02	-5.227295e-01	-9.840904e-01	1.159788e+01	1.570836e+00	3.204000e+00	3.680469e-01	-4.837894e-01	2.620851e-01	9.723954e+00
1.051389e+02	-5.278553e-01	-9.763675e-01	1.160034e+01	1.578191e+00	3.191552e+00	3.698339e-01	-4.811611e-01	2.662456e-01	9.716158e+00
1.017794e+02	-5.419538e-01	-9.776197e-01	1.161094e+01	1.576543e+00	3.170282e+00	3.674374e-01	-4.868736e-01	2.625708e-01	9.718811e+00
9.823744e+01	-5.450556e-01	-9.852489e-01	1.161626e+01	1.572863e+00	3.156328e+00	3.541281e-01	-4.917945e-01	2.596872e-01	9.721107e+00
9.731461e+01	-5.513540e-01	-9.816634e-01	1.161820e+01	1.585612e+00	3.143637e+00	3.561974e-01	-4.994845e-01	2.548407e-01	9.720966e+00
9.685194e+01	-5.529023e-01	-9.854237e-01	1.162206e+01	1.581663e+00	3.130672e+00	3.496901e-01	-5.068635e-01	2.502199e-01	9.724384e+00
1.018165e+02	-5.514860e-01	-9.939203e-01	1.162619e+01	1.575900e+00	3.119079e+00	3.384797e-01	-5.134629e-01	2.461281e-01	9.733149e+00
9.609956e+01	-5.524928e-01	-9.755852e-01	1.162401e+01	1.592597e+00	3.111593e+00	3.599178e-01	-5.210131e-01	2.419965e-01	9.727488e+00
9.646248e+01	-5.523125e-01	-9.717203e-01	1.162589e+01	1.592690e+00	3.102945e+00	3.597841e-01	-5.262676e-01	2.390298e-01	9.722817e+00
9.827278e+01	-5.548391e-01	-9.684677e-01	1.162739e+01	1.599388e+00	3.091113e+00	3.647133e-01	-5.349610e-01	2.341845e-01	9.726700e+00
9.494609e+01	-5.559601e-01	-9.706676e-01	1.163511e+01	1.583476e+00	3.075373e+00	3.604141e-01	-5.423600e-01	2.301177e-01	9.725228e+00
9.262084e+01	-5.588306e-01	-9.803662e-01	1.163761e+01	1.585911e+00	3.062662e+00	3.494038e-01	-5.502660e-01	2.258748e-01	9.737967e+00
9.201217e+01	-5.616737e-01	-9.807270e-01	1.163578e+01	1.604098e+00	3.051743e+00	3.493208e-01	-5.577256e-01	2.219186e-01	9.748440e+00
9.130363e+01	-5.612949e-01	-9.784202e-01	1.163735e+01	1.606948e+00	3.042470e+00	3.505474e-01	-5.636377e-01	2.191742e-01	9.751067e+00
9.565874e+01	-5.561695e-01	-9.661982e-01	1.163346e+01	1.616482e+00	3.039790e+00	3.633535e-01	-5.694674e-01	2.164167e-01	9.751958e+00
9.048033e+01	-5.585031e-01	-9.776872e-01	1.164009e+01	1.606133e+00	3.024012e+00	3.482123e-01	-5.741466e-01	2.144134e-01	9.759699e+00
9.626874e+01	-5.547353e-01	-9.869510e-01	1.163936e+01	1.606228e+00	3.017072e+00	3.329725e-01	-5.777482e-01	2.129289e-01	9.766487e+00
8.989505e+01	-5.553044e-01	-9.754626e-01	1.164006e+01	1.612635e+00	3.006298e+00	3.460432e-01	-5.815497e-01	2.116764e-01	9.765041e+00
9.550337e+01	-5.556594e-01	-9.591509e-01	1.163738e+01	1.630780e+00	2.996412e+00	3.587460e-01	-5.852040e-01	2.103197e-01	9.755332e+00
8.978571e+01	-5.561655e-01	-9.747753e-01	1.164276e+01	1.619801e+00	2.982332e+00	3.402802e-01	-5.888586e-01	2.091238e-01	9.771317e+00
8.980962e+01	-5.499336e-01	-9.743182e-01	1.164348e+01	1.616028e+00	2.973995e+00	3.380704e-01	-5.921676e-01	2.078573e-01	9.774057e+00
8.876494e+01	-5.503469e-01	-9.708863e-01	1.164385e+01	1.621197e+00	2.963905e+00	3.413196e-01	-5.951308e-01	2.071292e-01	9.780342e+00
9.303279e+01	-5.456532e-01	-9.576066e-01	1.163940e+01	1.630369e+00	2.961448e+00	3.553193e-01	-5.979299e-01	2.062530e-01	9.782563e+00
8.820486e+01	-5.475784e-01	-9.662976e-01	1.164299e+01	1.629775e+00	2.946834e+00	3.420002e-01	-6.007531e-01	2.055897e-01	9.790866e+00
8.794985e+01	-5.553733e-01	-9.661445e-01	1.164576e+01	1.637617e+00	2.931320e+00	3.393787e-01	-6.042972e-01	2.047683e-01	9.792163e+00
8.784848e+01	-5.522099e-01	-9.659271e-01	1.164722e+01	1.637335e+00	2.920691e+00	3.366561e-01	-6.063551e-01	2.042472e-01	9.796718e+00
8.756241e+01	-5.539749e-01	-9.625201e-01	1.164833e+01	1.647382e+00	2.908052e+00	3.401706e-01	-6.079911e-01	2.037744e-01	9.805181e+00
8.871677e+01	-5.489486e-01	-9.559289e-01	1.164875e+01	1.646170e+00	2.899185e+00	3.442831e-01	-6.100911e-01	2.033244e-01	9.803658e+00
8.799543e+01	-5.511993e-01	-9.662701e-01	1.165619e+01	1.630234e+00	2.881565e+00	3.314824e-01	-6.114121e-01	2.029080e-01	9.818254e+00
8.696539e+01	-5.447354e-01	-9.571791e-01	1.165364e+01	1.636202e+00	2.875547e+00	3.389586e-01	-6.135035e-01	2.025936e-01	9.816892e+00
8.804555e+01	-5.443155e-01	-9.514506e-01	1.165763e+01	1.628989e+00	2.859617e+00	3.424775e-01	-6.157431e-01	2.022794e-01	9.813631e+00
8.692281e+01	-5.389641e-01	-9.525016e-01	1.165573e+01	1.632689e+00	2.852711e+00	3.380506e-01	-6.177718e-01	2.018432e-01	9.819228e+00
8.829261e+01	-5.397315e-01	-9.638777e-01	1.165712e+01	1.635519e+00	2.839851e+00	3.249546e-01	-6.196033e-01	2.013381e-01	9.842679e+00
8.646094e+01	-5.337731e-01	-9.514906e-01	1.165402e+01	1.642067e+00	2.834086e+00	3.362973e-01	-6.214465e-01	2.010522e-01	9.839309e+00
9.284659e+01	-5.285445e-01	-9.402155e-01	1.165610e+01	1.634966e+00	2.824698e+00	3.465919e-01	-6.236600e-01	2.007624e-01	9.835197e+00
8.552646e+01	-5.271587e-01	-9.528250e-01	1.165836e+01	1.632673e+00	2.812033e+00	3.292477e-01	-6.255738e-01	2.003202e-01	9.846212e+00
8.555085e+01	-5.216645e-01	-9.527854e-01	1.165418e+01	1.642852e+00	2.807554e+00	3.279107e-01	-6.274358e-01	2.000400e-01	9.854989e+00
8.573393e+01	-5.216840e-01	-9.533756e-01	1.165644e+01	1.641665e+00	2.793233e+00	3.236583e-01	-6.288967e-01	1.997698e-01	9.857713e+00
8.804756e+01	-5.186245e-01	-9.388266e-01	1.165821e+01	1.634771e+00	2.782858e+00	3.348787e-01	-6.297725e-01	1.995105e-01	9.840712e+00
8.514477e+01	-5.192607e-01	-9.447188e-01	1.165893e+01	1.640903e+00	2.769317e+00	3.274826e-01	-6.312442e-01	1.993585e-01	9.852619e+00
8.528841e+01	-5.208017e-01	-9.452269e-01	1.165228e+01	1.667031e+00	2.760265e+00	3.274637e-01	-6.327951e-01	1.991292e-01	9.867434e+00
8.507329e+01	-5.204251e-01	-9.493194e-01	1.165832e+01	1.657644e+00	2.743734e+00	3.205347e-01	-6.340684e-01	1.989771e-01	9.872154e+00
8.529372e+01	-5.087784e-01	-9.425651e-01	1.164982e+01	1.670228e+00	2.743145e+00	3.265664e-01	-6.357225e-01	1.989457e-01	9.877101e+00
8.465601e+01	-5.135441e-01	-9.414485e-01	1.166028e+01	1.656094e+00	2.720880e+00	3.261864e-01	-6.366054e-01	1.988032e-01	9.875453e+00
8.472972e+01	-5.133340e-01	-9.463241e-01	1.167002e+01	1.642391e+00	2.702772e+00	3.162779e-01	-6.377002e-01	1.987608e-01	9.875296e+00
8.472509e+01	-5.148763e-01	-9.364476e-01	1.167276e+01	1.641453e+00	2.687208e+00	3.265782e-01	-6.386235e-01	1.986527e-01	9.872113e+00
8.693989e+01	-5.234519e-01	-9.310603e-01	1.167952e+01	1.639785e+00	2.664953e+00	3.306083e-01	-6.388865e-01	1.984815e-01	9.865911e+00
8.388895e+01	-5.203731e-01	-9.415857e-01	1.168222e+01	1.631116e+00	2.652066e+00	3.163937e-01	-6.403674e-01	1.982991e-01	9.878460e+00
8.355077e+01	-5.103455e-01	-9.353379e-01	1.167829e+01	1.630689e+00	2.649727e+00	3.209696e-01	-6.425464e-01	1.983311e-01	9.880546e+00
8.410733e+01	-5.093799e-01	-9.410326e-01	1.167818e+01	1.633046e+00	2.637330e+00	3.118302e-01	-6.434261e-01	1.982152e-01	9.891702e+00
8.321360e+01	-5.102966e-01	-9.337655e-01	1.167858e+01	1.642645e+00	2.622406e+00	3.185274e-01	-6.445969e-01	1.982813e-01	9.890792e+00
8.297891e+01	-5.061664e-01	-9.333469e-01	1.167538e+01	1.648492e+00	2.614885e+00	3.155379e-01	-6.455038e-01	1.981839e-01	9.899673e+00
8.293784e+01	-5.064033e-01	-9.305968e-01	1.167444e+01	1.658856e+00	2.600488e+00	3.114251e-01	-6.464165e-01	1.981066e-01	9.897823e+00
8.310015e+01	-5.013635e-01	-9.278691e-01	1.167207e+01	1.661396e+00	2.593656e+00	3.141109e-01	-6.474748e-01	1.980431e-01	9.905829e+00
8.413688e+01	-5.007933e-01	-9.234657e-01	1.167322e+01	1.661744e+00	2.579323e+00	3.171548e-01	-6.481724e-01	1.977805e-01	9.908138e+00
8.261895e+01	-4.971257e-01	-9.309050e-01	1.167343e+01	1.658214e+00	2.569290e+00	3.076104e-01	-6.495439e-01	1.977153e-01	9.923116e+00
8.217241e+01	-4.916043e-01	-9.287105e-01	1.167603e+01	1.646349e+00	2.558491e+00	3.119974e-01	-6.513296e-01	1.978180e-01	9.933102e+00
8.210767e+01	-4.894735e-01	-9.272718e-01	1.167429e+01	1.653996e+00	2.548946e+00	3.115043e-01	-6.521532e-01	1.977466e-01	9.938400e+00
9.982658e+01	-4.751315e-01	-9.084417e-01	1.165865e+01	1.682389e+00	2.554760e+00	3.337067e-01	-6.537967e-01	1.979486e-01	9.951063e+00
8.579866e+01	-4.851719e-01	-9.370240e-01	1.167321e+01	1.653581e+00	2.523860e+00	2.985152e-01	-6.548258e-01	1.974784e-01	9.963732e+00
9.903992e+01	-4.883391e-01	-9.468027e-01	1.168265e+01	1.631021e+00	2.502791e+00	2.846902e-01	-6.552055e-01	1.973763e-01	9.964962e+00
8.667606e+01	-4.874139e-01	-9.152797e-01	1.167545e+01	1.650719e+00	2.494707e+00	3.231981e-01	-6.558406e-01	1.973446e-01	9.943403e+00
1.055247e+02	-4.936295e-01	-9.015302e-01	1.167460e+01	1.660776e+00	2.478544e+00	3.351822e-01	-6.566929e-01	1.970513e-01	9.924915e+00
8.728569e+01	-4.938895e-01	-9.380733e-01	1.168119e+01	1.637811e+00	2.457948e+00	2.966202e-01	-6.582273e-01	1.965685e-01	9.956729e+00
1.030874e+02	-4.831292e-01	-9.512016e-01	1.168277e+01	1.621148e+00	2.445549e+00	2.851693e-01	-6.586474e-01	1.963665e-01	9.978888e+00
8.769558e+01	-4.789807e-01	-9.154800e-01	1.167165e+01	1.647982e+00	2.445008e+00	3.286912e-01	-6.633135e-01	1.964138e-01	9.962899e+00
1.243538e+02	-4.787652e-01	-8.980874e-01	1.166756e+01	1.662839e+00	2.432013e+00	3.514897e-01	-6.654803e-01	1.962346e-01	9.956835e+00
1.100520e+02	-4.826611e-01	-9.568240e-01	1.168088e+01	1.629977e+00	2.407348e+00	2.825927e-01	-6.681030e-01	1.957313e-01	1.000458e+01
5.561831e+02	-3.485714e-02	-1.246000e+00	1.117429e+01	7.300000e-01	2.486667e+00	3.665714e-01	-6.029524e-01	3.862857e-01	9.084000e+00
2.015361e+02	-1.572287e-01	-1.123628e+00	1.129666e+01	8.523716e-01	2.609038e+00	4.889430e-01	-4.805808e-01	5.086573e-01	8.961628e+00
2.113971e+02	-2.187758e-01	-1.070622e+00	1.142276e+01	9.039933e-01	2.583571e+00	5.432794e-01	-5.899391e-01	3.938861e-01	8.951595e+00
1.537413e+02	-2.862805e-01	-1.133806e+00	1.149427e+01	9.911829e-01	2.559082e+00	4.830840e-01	-6.846510e-01	2.963880e-01	9.059844e+00
1.467430e+02	-3.078012e-01	-1.133709e+00	1.146487e+01	1.054195e+00	2.576552e+00	4.769127e-01	-6.684698e-01	2.888355e-01	9.083134e+00
1.258740e+02	-3.157885e-01	-1.109571e+00	1.141424e+01	1.112493e+00	2.598617e+00	4.886200e-01	-6.473565e-01	2.920892e-01	9.061421e+00
1.367619e+02	-3.448593e-01	-1.076855e+00	1.141960e+01	1.182739e+00	2.574466e+00	5.111925e-01	-6.089688e-01	3.103905e-01	9.045447e+00
1.332259e+02	-3.737620e-01	-1.126400e+00	1.141726e+01	1.238950e+00	2.535452e+00	4.516457e-01	-5.864021e-01	3.219767e-01	9.097116e+00
1.185032e+02	-3.855897e-01	-1.112990e+00	1.140005e+01	1.290058e+00	2.526509e+00	4.555762e-01	-5.816559e-01	3.251634e-01	9.093985e+00
1.079078e+02	-3.853906e-01	-1.091617e+00	1.132181e+01	1.359326e+00	2.558538e+00	4.701519e-01	-6.504100e-01	2.580292e-01	9.128749e+00
1.172950e+02	-4.158474e-01	-1.063672e+00	1.140202e+01	1.386904e+00	2.464946e+00	4.871162e-01	-6.393841e-01	2.517279e-01	9.080776e+00
1.105147e+02	-4.270072e-01	-1.068471e+00	1.141612e+01	1.408886e+00	2.436124e+00	4.825130e-01	-6.862115e-01	2.044372e-01	9.146187e+00
1.176792e+02	-4.444432e-01	-1.105834e+00	1.146109e+01	1.419250e+00	2.365718e+00	4.345086e-01	-6.337381e-01	2.167825e-01	9.193150e+00
9.687493e+01	-4.533484e-01	-1.071369e+00	1.143378e+01	1.484919e+00	2.338151e+00	4.514105e-01	-5.685896e-01	2.344574e-01	9.144823e+00
9.795459e+01	-4.538230e-01	-1.080642e+00	1.142172e+01	1.506151e+00	2.325465e+00	4.335957e-01	-6.222740e-01	1.795445e-01	9.193946e+00
9.482960e+01	-4.588793e-01	-1.073845e+00	1.138536e+01	1.554103e+00	2.320017e+00	4.271180e-01	-6.013409e-01	1.679442e-01	9.217512e+00
1.007787e+02	-4.571202e-01	-1.043089e+00	1.138372e+01	1.576731e+00	2.292535e+00	4.483944e-01	-6.213385e-01	1.481318e-01	9.190081e+00
9.601886e+01	-4.561051e-01	-1.073395e+00	1.141669e+01	1.549118e+00	2.244829e+00	4.230395e-01	-6.024548e-01	1.453181e-01	9.271936e+00
9.103812e+01	-4.583020e-01	-1.050911e+00	1.139420e+01	1.591991e+00	2.226135e+00	4.335486e-01	-6.176295e-01	1.327496e-01	9.259089e+00
1.175371e+02	-4.607669e-01	-1.085905e+00	1.138977e+01	1.595727e+00	2.190204e+00	3.928955e-01	-5.969864e-01	1.299065e-01	9.338819e+00
1.212766e+02	-4.541042e-01	-1.020180e+00	1.134110e+01	1.649515e+00	2.202298e+00	4.485153e-01	-5.947806e-01	1.247667e-01	9.275635e+00
1.221267e+02	-4.696381e-01	-1.080967e+00	1.138456e+01	1.624075e+00	2.112133e+00	3.798290e-01	-6.052527e-01	1.181525e-01	9.319199e+00
8.951703e+01	-4.591194e-01	-1.051986e+00	1.134440e+01	1.658617e+00	2.129943e+00	4.020800e-01	-5.977185e-01	1.080372e-01	9.316298e+00
8.962082e+01	-4.744619e-01	-1.031470e+00	1.138569e+01	1.664628e+00	2.055662e+00	4.193378e-01	-6.000132e-01	1.066950e-01	9.270676e+00
9.299838e+01	-4.619596e-01	-1.026837e+00	1.135575e+01	1.688857e+00	2.062577e+00	4.237367e-01	-6.275481e-01	8.558390e-02	9.351220e+00
1.384729e+02	-4.544361e-01	-1.088264e+00	1.136331e+01	1.667784e+00	2.027882e+00	3.650357e-01	-6.541295e-01	6.548793e-02	9.537968e+00
2.850387e+02	-4.511852e-01	-1.070880e+00	1.134741e+01	1.692726e+00	2.009699e+00	3.882409e-01	-8.273885e-01	-7.789850e-02	9.664110e+00
2.093437e+03	-4.365774e-01	-8.038699e-01	1.133125e+01	1.757410e+00	1.938429e+00	5.347993e-01	-5.313355e-01	2.136188e-01	9.367884e+00
3.197598e+02	-5.087330e-01	-9.001167e-01	1.150047e+01	1.644026e+00	1.737378e+00	4.128024e-01	-4.474300e-01	2.805671e-01	9.367126e+00
1.424683e+02	-5.412429e-01	-9.912049e-01	1.159338e+01	1.553485e+00	1.613279e+00	3.122327e-01	-4.197660e-01	3.038586e-01	9.400103e+00
1.553671e+02	-5.284672e-01	-1.007512e+00	1.157178e+01	1.553873e+00	1.630713e+00	3.097412e-01	-4.177300e-01	3.061545e-01	9.414035e+00
1.116909e+02	-5.062143e-01	-9.799025e-01	1.150190e+01	1.603602e+00	1.698070e+00	3.697093e-01	-4.202489e-01	3.045615e-01	9.414338e+00
1.099449e+02	-4.746936e-01	-9.824025e-01	1.143461e+01	1.631345e+00	1.766922e+00	3.848174e-01	-4.308564e-01	2.929001e-01	9.432407e+00
9.690626e+01	-4.515769e-01	-1.004404e+00	1.137921e+01	1.669793e+00	1.809805e+00	3.621458e-01	-4.422781e-01	2.793317e-01	9.459175e+00
9.747101e+01	-4.412791e-01	-1.012390e+00	1.136113e+01	1.667594e+00	1.819027e+00	3.556251e-01	-4.550137e-01	2.623489e-01	9.469623e+00
9.611381e+01	-4.455998e-01	-1.014904e+00	1.136179e+01	1.673628e+00	1.792689e+00	3.572836e-01	-4.689916e-01	2.457581e-01	9.477167e+00
9.416868e+01	-4.263849e-01	-1.000994e+00	1.130641e+01	1.709575e+00	1.833361e+00	3.862016e-01	-4.759062e-01	2.391985e-01	9.481626e+00
9.478865e+01	-4.422720e-01	-1.021987e+00	1.132726e+01	1.699544e+00	1.779910e+00	3.607720e-01	-4.841958e-01	2.327428e-01	9.495928e+00
8.867449e+01	-4.276933e-01	-1.015531e+00	1.128833e+01	1.728024e+00	1.798334e+00	3.750798e-01	-4.909181e-01	2.258461e-01	9.499812e+00
8.776155e+01	-4.383686e-01	-1.016106e+00	1.129499e+01	1.736383e+00	1.758376e+00	3.827809e-01	-4.947754e-01	2.221475e-01	9.508589e+00
8.707788e+01	-4.298274e-01	-1.015395e+00	1.128378e+01	1.744690e+00	1.747557e+00	3.824300e-01	-5.026617e-01	2.150518e-01	9.510532e+00
8.806571e+01	-4.242047e-01	-1.012696e+00	1.127251e+01	1.756872e+00	1.745700e+00	3.893603e-01	-5.070062e-01	2.111540e-01	9.514215e+00
9.088792e+01	-4.331253e-01	-1.025695e+00	1.130632e+01	1.735630e+00	1.677160e+00	3.674081e-01	-5.142795e-01	2.049243e-01	9.522001e+00
1.341260e+03	3.948571e-01	-7.614286e-01	1.536171e+01	1.018000e+00	4.662667e+00	3.848571e-01	-5.663810e-01	-5.828571e-01	8.197143e+00
3.207881e+02	2.724856e-01	-8.838002e-01	1.523934e+01	1.140372e+00	4.785038e+00	2.624856e-01	-6.887525e-01	-4.604856e-01	8.319514e+00
2.679780e+02	2.794614e-01	-9.109013e-01	1.515307e+01	1.236372e+00	4.869262e+00	2.454719e-01	-8.075402e-01	-3.429988e-01	8.401201e+00
2.095712e+02	3.760029e-01	-9.211449e-01	1.506536e+01	1.331056e+00	4.951461e+00	2.573090e-01	-9.469991e-01	-2.109872e-01	8.524016e+00
1.904947e+02	4.725825e-01	-9.224043e-01	1.499938e+01	1.400304e+00	4.998997e+00	2.713989e-01	-9.850463e-01	-1.774892e-01	8.564805e+00
1.986859e+02	5.891858e-01	-9.224032e-01	1.493352e+01	1.473975e+00	5.053140e+00	2.862392e-01	-1.047409e+00	-1.614502e-01	8.596852e+00
1.887378e+02	7.547016e-01	-9.129606e-01	1.479981e+01	1.586038e+00	5.151239e+00	2.806934e-01	-9.166085e-01	-2.292484e-01	8.501687e+00
1.784944e+02	9.259849e-01	-9.079278e-01	1.464104e+01	1.727706e+00	5.289383e+00	2.851170e-01	-8.938383e-01	-2.346655e-01	8.488324e+00
1.593518e+02	1.090009e+00	-9.219951e-01	1.449644e+01	1.875356e+00	5.436597e+00	2.825408e-01	-9.073710e-01	-2.147983e-01	8.514055e+00
1.305908e+02	1.284589e+00	-9.254407e-01	1.431974e+01	2.050175e+00	5.615730e+00	2.940230e-01	-9.191922e-01	-1.987853e-01	8.535044e+00
1.118309e+02	1.386770e+00	-9.376175e-01	1.418004e+01	2.183356e+00	5.769784e+00	2.865048e-01	-9.481158e-01	-1.780503e-01	8.573807e+00
1.089811e+02	1.507060e+00	-9.270801e-01	1.402498e+01	2.342796e+00	5.934381e+00	3.051338e-01	-9.640471e-01	-1.701421e-01	8.592115e+00
1.857165e+02	1.312067e+00	-9.631791e-01	1.405833e+01	2.337974e+00	6.101668e+00	2.770828e-01	-1.019133e+00	-1.463060e-01	8.669157e+00
2.231793e+02	1.367770e+00	-8.614779e-01	1.397276e+01	2.450341e+00	6.261884e+00	2.254431e-01	-7.690928e-01	-3.779161e-01	8.424918e+00
2.133778e+02	1.174595e+00	-8.827238e-01	1.412378e+01	2.353251e+00	6.128842e+00	1.970700e-01	-7.303881e-01	-3.890324e-01	8.403536e+00
1.899693e+02	1.056471e+00	-8.903306e-01	1.404252e+01	2.475273e+00	6.244407e+00	2.090113e-01	-7.324343e-01	-3.574206e-01	8.415255e+00
1.742761e+02	1.004038e+00	-9.007450e-01	1.401645e+01	2.536572e+00	6.292154e+00	2.244780e-01	-7.339803e-01	-3.472819e-01	8.424105e+00
1.614545e+02	9.572163e-01	-9.031445e-01	1.401846e+01	2.549568e+00	6.314435e+00	2.343084e-01	-7.393277e-01	-3.304280e-01	8.433571e+00
1.240330e+02	8.500862e-01	-9.309553e-01	1.397205e+01	2.629971e+00	6.419348e+00	2.530445e-01	-7.633450e-01	-2.652005e-01	8.478568e+00
1.204308e+02	7.217742e-01	-9.473573e-01	1.405949e+01	2.581288e+00	6.356619e+00	2.557079e-01	-7.751399e-01	-2.356528e-01	8.495881e+00
1.069573e+02	7.492111e-01	-9.530843e-01	1.398936e+01	2.652471e+00	6.420244e+00	2.701135e-01	-7.827557e-01	-2.176110e-01	8.509978e+00
1.197271e+02	6.891838e-01	-9.673133e-01	1.404367e+01	2.605002e+00	6.372013e+00	2.617061e-01	-7.866408e-01	-2.092383e-01	8.516301e+00
1.019251e+02	7.565420e-01	-9.602815e-01	1.393021e+01	2.715894e+00	6.474242e+00	2.919908e-01	-7.938031e-01	-1.944501e-01	8.525154e+00
1.107826e+02	7.053977e-01	-9.767193e-01	1.403162e+01	2.611988e+00	6.367605e+00	2.771868e-01	-7.967289e-01	-1.883804e-01	8.529293e+00
9.897721e+01	7.506276e-01	-9.756175e-01	1.396174e+01	2.669164e+00	6.425856e+00	2.912526e-01	-8.004941e-01	-1.817263e-01	8.534985e+00
9.636632e+01	7.635977e-01	-9.780590e-01	1.393644e+01	2.697788e+00	6.447667e+00	3.029180e-01	-8.030201e-01	-1.777493e-01	8.540168e+00
1.003282e+02	7.514502e-01	-9.859518e-01	1.396581e+01	2.649494e+00	6.400839e+00	2.943306e-01	-8.045218e-01	-1.751624e-01	8.542713e+00
9.501318e+01	7.751453e-01	-9.787940e-01	1.393111e+01	2.682695e+00	6.429462e+00	3.079628e-01	-8.049914e-01	-1.745085e-01	8.543445e+00
9.808302e+01	7.701948e-01	-9.909046e-01	1.395021e+01	2.647852e+00	6.400452e+00	3.012617e-01	-8.063841e-01	-1.724119e-01	8.548409e+00
9.487798e+01	7.993923e-01	-9.862057e-01	1.392245e+01	2.658318e+00	6.413294e+00	3.071228e-01	-8.068545e-01	-1.717927e-01	8.549387e+00
9.621833e+01	7.957855e-01	-9.949726e-01	1.392308e+01	2.657330e+00	6.409214e+00	3.072939e-01	-8.075730e-01	-1.708774e-01	8.553867e+00
9.323553e+01	8.375322e-01	-9.920047e-01	1.389081e+01	2.684721e+00	6.420516e+00	3.192018e-01	-8.080946e-01	-1.601762e-01	8.566954e+00
9.262509e+01	7.625948e-01	-9.993474e-01	1.395240e+01	2.628775e+00	6.368199e+00	3.182183e-01	-8.080454e-01	-1.584093e-01	8.571933e+00
9.452929e+01	7.802218e-01	-9.892664e-01	1.388648e+01	2.699549e+00	6.438642e+00	3.402331e-01	-8.154800e-01	-1.527196e-01	8.580159e+00
1.208669e+02	7.206793e-01	-1.018643e+00	1.404402e+01	2.527595e+00	6.261986e+00	3.069859e-01	-8.169552e-01	-1.514744e-01	8.587555e+00
8.587985e+01	8.084541e-01	-9.991206e-01	1.395028e+01	2.620135e+00	6.357334e+00	3.500241e-01	-8.247969e-01	-1.451338e-01	8.596470e+00
8.884107e+01	7.888197e-01	-1.013027e+00	1.399468e+01	2.570224e+00	6.314117e+00	3.395633e-01	-8.290197e-01	-1.439135e-01	8.604439e+00
9.215231e+01	8.429343e-01	-1.017510e+00	1.397469e+01	2.567040e+00	6.311729e+00	3.344801e-01	-8.263270e-01	-1.495413e-01	8.607390e+00
8.531797e+01	8.896001e-01	-1.009869e+00	1.389441e+01	2.650671e+00	6.408891e+00	3.529983e-01	-8.345413e-01	-1.439764e-01	8.616409e+00
8.586532e+01	8.926043e-01	-1.021971e+00	1.389465e+01	2.645605e+00	6.410991e+00	3.422249e-01	-8.395877e-01	-1.445492e-01	8.626739e+00
8.806874e+01	8.736528e-01	-1.025599e+00	1.391856e+01	2.620242e+00	6.389677e+00	3.392369e-01	-8.445558e-01	-1.450867e-01	8.631433e+00
8.194780e+01	8.377951e-01	-1.020680e+00	1.392125e+01	2.629941e+00	6.407129e+00	3.544418e-01	-8.505359e-01	-1.362914e-01	8.652148e+00
8.317515e+01	8.973004e-01	-1.020043e+00	1.388901e+01	2.642949e+00	6.430702e+00	3.531282e-01	-8.470581e-01	-1.408395e-01	8.656534e+00
1.177885e+02	8.534973e-01	-1.044993e+00	1.399382e+01	2.524247e+00	6.331694e+00	3.277999e-01	-8.629111e-01	-1.360065e-01	8.669243e+00
8.911861e+01	9.248742e-01	-1.007864e+00	1.390343e+01	2.619217e+00	6.403964e+00	3.767971e-01	-8.552211e-01	-1.476384e-01	8.662385e+00
1.066492e+02	9.147482e-01	-1.003582e+00	1.387789e+01	2.656752e+00	6.444487e+00	3.918502e-01	-8.741780e-01	-1.436297e-01	8.668914e+00
2.010408e+02	8.088742e-01	-1.062566e+00	1.405698e+01	2.436334e+00	6.243680e+00	2.948283e-01	-8.714484e-01	-1.509533e-01	8.674946e+00
9.854052e+01	9.195537e-01	-9.991745e-01	1.393718e+01	2.524008e+00	6.319797e+00	3.219290e-01	-7.760792e-01	-2.281748e-01	8.580431e+00
9.570011e+01	9.079503e-01	-9.830389e-01	1.391409e+01	2.548168e+00	6.338464e+00	3.350681e-01	-7.615143e-01	-2.358763e-01	8.564839e+00
9.484524e+01	8.962570e-01	-9.865395e-01	1.389795e+01	2.560120e+00	6.336170e+00	3.365957e-01	-7.632574e-01	-2.283038e-01	8.565678e+00
1.090761e+02	8.513756e-01	-1.009577e+00	1.393245e+01	2.529891e+00	6.307082e+00	3.121546e-01	-7.679799e-01	-2.197610e-01	8.574165e+00
9.481387e+01	8.667978e-01	-1.006542e+00	1.386956e+01	2.602089e+00	6.376651e+00	3.300024e-01	-7.738636e-01	-2.091880e-01	8.581857e+00
9.323818e+01	8.826238e-01	-1.002588e+00	1.385543e+01	2.613720e+00	6.380823e+00	3.402779e-01	-7.750661e-01	-2.070493e-01	8.583685e+00
9.635788e+01	8.322131e-01	-1.010410e+00	1.391497e+01	2.563074e+00	6.312839e+00	3.302866e-01	-7.753476e-01	-2.072544e-01	8.585398e+00
9.142617e+01	8.726006e-01	-1.006761e+00	1.386365e+01	2.607994e+00	6.364311e+00	3.452293e-01	-7.785300e-01	-2.018827e-01	8.590464e+00
1.120622e+02	7.927900e-01	-1.024732e+00	1.395251e+01	2.516999e+00	6.273760e+00	3.235085e-01	-7.786030e-01	-2.015380e-01	8.593848e+00
9.245912e+01	8.923621e-01	-1.010960e+00	1.382207e+01	2.614793e+00	6.381132e+00	3.454877e-01	-7.805654e-01	-1.986120e-01	8.596042e+00
9.569500e+01	8.999318e-01	-1.016857e+00	1.384995e+01	2.580977e+00	6.322138e+00	3.333595e-01	-7.800410e-01	-2.004657e-01	8.596370e+00
9.161901e+01	8.641528e-01	-1.020562e+00	1.384462e+01	2.600369e+00	6.346148e+00	3.422235e-01	-7.883147e-01	-1.970846e-01	8.609984e+00
9.001676e+01	8.503840e-01	-1.020338e+00	1.386488e+01	2.580255e+00	6.321334e+00	3.481729e-01	-7.879091e-01	-2.002705e-01	8.613197e+00
8.837013e+01	8.591410e-01	-1.025210e+00	1.382968e+01	2.616229e+00	6.359743e+00	3.510243e-01	-8.007212e-01	-1.877934e-01	8.627975e+00
1.002569e+02	8.820320e-01	-1.016930e+00	1.376609e+01	2.686878e+00	6.440341e+00	3.754173e-01	-8.122723e-01	-1.807265e-01	8.642804e+00
1.591961e+02	6.879674e-01	-1.061157e+00	1.399224e+01	2.464192e+00	6.187257e+00	3.179183e-01	-8.193377e-01	-1.765965e-01	8.653115e+00
2.189919e+02	-6.108571e-01	-1.163714e+00	1.435600e+01	2.842000e+00	1.676000e+00	4.823810e-01	-5.282857e-01	1.394286e-01	9.029143e+00
4.348649e+02	-4.884856e-01	-1.041343e+00	1.423363e+01	2.964372e+00	1.798372e+00	6.047525e-01	-6.506573e-01	1.705699e-02	8.906771e+00
1.799043e+02	-4.389045e-01	-1.136826e+00	1.423632e+01	2.909655e+00	1.781207e+00	5.085994e-01	-6.041226e-01	-9.566557e-03	9.008977e+00
2.266659e+02	-3.497776e-01	-1.179863e+00	1.416905e+01	2.927425e+00	1.826163e+00	4.615792e-01	-6.970078e-01	-1.210490e-01	9.090543e+00
1.912536e+02	-2.352819e-01	-1.164872e+00	1.406300e+01	3.003399e+00	1.915843e+00	4.702555e-01	-6.221347e-01	-1.521463e-01	9.041896e+00
1.458038e+02	-1.186073e-01	-1.134831e+00	1.394812e+01	3.091710e+00	2.011094e+00	4.968500e-01	-6.282001e-01	-2.082977e-01	9.029333e+00
1.380465e+02	-9.921835e-05	-1.110530e+00	1.382596e+01	3.190150e+00	2.120034e+00	5.186995e-01	-6.635047e-01	-2.346061e-01	9.053329e+00
1.246542e+02	1.046343e-01	-1.106587e+00	1.373045e+01	3.247857e+00	2.192838e+00	5.102745e-01	-6.970111e-01	-2.759168e-01	9.080764e+00
9.826684e+01	2.149703e-01	-1.125531e+00	1.362993e+01	3.290040e+00	2.265518e+00	4.816877e-01	-7.550906e-01	-2.736993e-01	9.152146e+00
2.144300e+02	3.177696e-01	-1.149689e+00	1.355825e+01	3.285956e+00	2.288171e+00	4.377515e-01	-7.926293e-01	-3.552122e-01	9.264393e+00
1.191807e+02	4.602350e-01	-1.039684e+00	1.342589e+01	3.403422e+00	2.248810e+00	3.975330e-01	-6.616171e-01	-4.895425e-01	9.135782e+00
1.907490e+02	5.069841e-01	-9.900947e-01	1.338784e+01	3.440502e+00	2.217213e+00	3.595527e-01	-5.913808e-01	-5.413157e-01	9.067626e+00
1.798409e+02	4.903178e-01	-9.847451e-01	1.343327e+01	3.392838e+00	2.119319e+00	3.060084e-01	-5.540515e-01	-5.672016e-01	9.035159e+00
1.914103e+02	4.268237e-01	-9.925163e-01	1.349706e+01	3.338491e+00	2.087873e+00	2.803324e-01	-5.369431e-01	-5.556319e-01	9.024705e+00
1.928084e+02	4.184060e-01	-9.907072e-01	1.350280e+01	3.327079e+00	2.102434e+00	2.782533e-01	-5.277318e-01	-5.493437e-01	9.018764e+00
1.789655e+02	4.188252e-01	-9.768522e-01	1.349045e+01	3.343610e+00	2.137227e+00	3.049080e-01	-5.224625e-01	-5.457230e-01	9.014092e+00
1.753268e+02	4.122764e-01	-9.784002e-01	1.347404e+01	3.347478e+00	2.219337e+00	3.320449e-01	-5.244015e-01	-5.158644e-01	9.021149e+00
1.630362e+02	3.909187e-01	-9.940616e-01	1.350412e+01	3.303075e+00	2.205873e+00	3.168271e-01	-5.254113e-01	-4.994517e-01	9.026165e+00
1.532992e+02	3.752745e-01	-1.006088e+00	1.350019e+01	3.294462e+00	2.261621e+00	3.232883e-01	-5.304506e-01	-4.651696e-01	9.035491e+00
1.315815e+02	3.656631e-01	-1.018612e+00	1.347784e+01	3.301628e+00	2.337741e+00	3.400318e-01	-5.378043e-01	-4.047135e-01	9.048030e+00
1.214758e+02	3.656235e-01	-1.020696e+00	1.346045e+01	3.305737e+00	2.387670e+00	3.658491e-01	-5.435880e-01	-3.639890e-01	9.056067e+00
1.092327e+02	3.490147e-01	-1.039883e+00	1.347782e+01	3.272158e+00	2.392079e+00	3.617836e-01	-5.519772e-01	-3.226517e-01	9.068134e+00
1.013596e+02	3.614263e-01	-1.044585e+00	1.344903e+01	3.278768e+00	2.441155e+00	3.819249e-01	-5.610507e-01	-2.844419e-01	9.077984e+00
9.853372e+01	3.887744e-01	-1.050320e+00	1.340048e+01	3.298535e+00	2.505710e+00	3.917106e-01	-5.709056e-01	-2.470498e-01	9.086552e+00
9.302801e+01	3.812919e-01	-1.061513e+00	1.342049e+01	3.267754e+00	2.491969e+00	3.886245e-01	-5.777428e-01	-2.232418e-01	9.093376e+00
9.236265e+01	3.801516e-01	-1.071229e+00	1.343098e+01	3.244562e+00	2.486972e+00	3.884400e-01	-5.867662e-01	-1.976498e-01	9.100350e+00
8.999989e+01	4.034313e-01	-1.069416e+00	1.340749e+01	3.249997e+00	2.502905e+00	4.015820e-01	-5.919554e-01	-1.829350e-01	9.104018e+00
9.316784e+01	4.261702e-01	-1.065677e+00	1.338836e+01	3.254084e+00	2.511506e+00	4.149444e-01	-5.970992e-01	-1.690680e-01	9.106478e+00
8.992140e+01	4.355833e-01	-1.077700e+00	1.339057e+01	3.231687e+00	2.498316e+00	3.935241e-01	-6.012717e-01	-1.600605e-01	9.110107e+00
9.315229e+01	4.496707e-01	-1.082672e+00	1.337943e+01	3.228995e+00	2.499602e+00	3.846439e-01	-6.048197e-01	-1.518582e-01	9.112543e+00
9.367746e+01	4.791474e-01	-1.069184e+00	1.334838e+01	3.250540e+00	2.517613e+00	4.168608e-01	-6.082040e-01	-1.452880e-01	9.113563e+00
9.164488e+01	4.541573e-01	-1.069637e+00	1.339424e+01	3.204249e+00	2.467536e+00	4.233745e-01	-6.124044e-01	-1.381306e-01	9.114535e+00
8.803824e+01	4.699225e-01	-1.078464e+00	1.338477e+01	3.194269e+00	2.457687e+00	4.041975e-01	-6.148946e-01	-1.338238e-01	9.117220e+00
8.919303e+01	4.810256e-01	-1.083674e+00	1.336629e+01	3.201067e+00	2.469627e+00	3.995722e-01	-6.180589e-01	-1.283886e-01	9.120310e+00
8.970209e+01	5.070985e-01	-1.074245e+00	1.334346e+01	3.212051e+00	2.469568e+00	4.144930e-01	-6.197526e-01	-1.255157e-01	9.121615e+00
1.004571e+02	5.309580e-01	-1.066523e+00	1.331621e+01	3.227657e+00	2.479368e+00	4.267355e-01	-6.210373e-01	-1.232863e-01	9.122593e+00
9.996467e+01	4.949393e-01	-1.088662e+00	1.338558e+01	3.162399e+00	2.403025e+00	3.794092e-01	-6.233257e-01	-1.202091e-01	9.125319e+00
8.750469e+01	5.002408e-01	-1.078464e+00	1.339235e+01	3.160016e+00	2.382662e+00	4.076211e-01	-6.303099e-01	-1.171631e-01	9.128775e+00
9.257959e+01	5.137763e-01	-1.070095e+00	1.337701e+01	3.175656e+00	2.394288e+00	4.293026e-01	-6.346984e-01	-1.138333e-01	9.131177e+00
8.764378e+01	4.792149e-01	-1.077696e+00	1.342825e+01	3.135358e+00	2.348135e+00	4.227616e-01	-6.382163e-01	-1.111918e-01	9.133971e+00
8.693441e+01	5.025624e-01	-1.076968e+00	1.341031e+01	3.139938e+00	2.348442e+00	4.177441e-01	-6.398263e-01	-1.097593e-01	9.134612e+00
8.734898e+01	5.226810e-01	-1.073751e+00	1.338885e+01	3.153474e+00	2.361501e+00	4.179618e-01	-6.406268e-01	-1.090508e-01	9.134742e+00
8.629446e+01	5.398182e-01	-1.077964e+00	1.337922e+01	3.149814e+00	2.354527e+00	4.096091e-01	-6.471869e-01	-1.089097e-01	9.138314e+00
9.190291e+01	5.734064e-01	-1.067536e+00	1.335642e+01	3.154772e+00	2.350281e+00	4.247702e-01	-6.512562e-01	-1.075723e-01	9.138383e+00
8.671944e+01	5.571474e-01	-1.081604e+00	1.337055e+01	3.140133e+00	2.335782e+00	4.032176e-01	-6.589045e-01	-1.089638e-01	9.145189e+00
8.642185e+01	5.570691e-01	-1.084698e+00	1.336541e+01	3.142511e+00	2.335522e+00	4.028533e-01	-6.668530e-01	-1.110911e-01	9.151107e+00
8.470949e+01	5.616134e-01	-1.080197e+00	1.334918e+01	3.159252e+00	2.347915e+00	4.184746e-01	-6.760676e-01	-1.125178e-01	9.157295e+00
9.062395e+01	5.772029e-01	-1.074139e+00	1.332472e+01	3.184194e+00	2.356726e+00	4.288090e-01	-6.808134e-01	-1.149225e-01	9.160684e+00
8.571057e+01	5.412383e-01	-1.090777e+00	1.337138e+01	3.141776e+00	2.315538e+00	4.035714e-01	-6.914489e-01	-1.187289e-01	9.168787e+00
8.236361e+01	5.604173e-01	-1.081076e+00	1.335595e+01	3.150453e+00	2.319163e+00	4.200422e-01	-6.983275e-01	-1.239133e-01	9.172467e+00
8.107901e+01	5.421431e-01	-1.086592e+00	1.337142e+01	3.144953e+00	2.310415e+00	4.193293e-01	-7.094846e-01	-1.282675e-01	9.181091e+00
8.077747e+01	5.460388e-01	-1.091216e+00	1.336615e+01	3.147082e+00	2.304811e+00	4.135806e-01	-7.188709e-01	-1.355332e-01	9.189703e+00
8.248253e+01	5.561751e-01	-1.081471e+00	1.334850e+01	3.168357e+00	2.318017e+00	4.330826e-01	-7.252261e-01	-1.389740e-01	9.193112e+00
7.901044e+01	5.233161e-01	-1.088503e+00	1.338346e+01	3.140515e+00	2.279818e+00	4.251910e-01	-7.294228e-01	-1.449889e-01	9.197855e+00
8.061231e+01	5.443423e-01	-1.080792e+00	1.336303e+01	3.156276e+00	2.285368e+00	4.324589e-01	-7.334352e-01	-1.488473e-01	9.200917e+00
7.849858e+01	5.716294e-01	-1.082686e+00	1.334445e+01	3.157244e+00	2.282043e+00	4.182645e-01	-7.376330e-01	-1.512343e-01	9.203740e+00
7.812539e+01	5.685928e-01	-1.080914e+00	1.334613e+01	3.158922e+00	2.269189e+00	4.146358e-01	-7.395635e-01	-1.570323e-01	9.206214e+00
7.904319e+01	5.949156e-01	-1.082471e+00	1.332736e+01	3.163774e+00	2.261386e+00	4.057462e-01	-7.409803e-01	-1.644859e-01	9.210343e+00
7.853189e+01	5.728578e-01	-1.079018e+00	1.333983e+01	3.172445e+00	2.252366e+00	4.195211e-01	-7.427247e-01	-1.682682e-01	9.210916e+00
9.301027e+01	5.896284e-01	-1.067603e+00	1.331386e+01	3.198539e+00	2.263612e+00	4.376440e-01	-7.442482e-01	-1.736373e-01	9.211081e+00
1.089620e+02	5.175671e-01	-1.102537e+00	1.339386e+01	3.127713e+00	2.177753e+00	3.731727e-01	-7.460874e-01	-1.774932e-01	9.215704e+00
2.426014e+03	-6.017143e-01	-5.008571e-01	1.505086e+01	2.938000e+00	2.081333e+00	2.294286e-01	-8.391429e-01	-2.537143e-01	1.018114e+01
2.676856e+02	-7.240859e-01	-6.232287e-01	1.517323e+01	2.815628e+00	1.958962e+00	1.070570e-01	-7.167713e-01	-3.760859e-01	1.030351e+01
2.883305e+02	-7.389894e-01	-6.696096e-01	1.520000e+01	2.780530e+00	1.933442e+00	5.903415e-02	-6.764643e-01	-4.217315e-01	1.035514e+01
3.036410e+02	-7.235372e-01	-6.810869e-01	1.518386e+01	2.785878e+00	1.946812e+00	4.914711e-02	-6.943606e-01	-4.067097e-01	1.037185e+01
2.317917e+02	-7.090719e-01	-6.746640e-01	1.513190e+01	2.821841e+00	1.990076e+00	6.548045e-02	-7.582302e-01	-3.310531e-01	1.036794e+01
1.878662e+02	-6.862730e-01	-6.666697e-01	1.509571e+01	2.848614e+00	2.022536e+00	8.328912e-02	-8.179157e-01	-2.857177e-01	1.036648e+01
1.678711e+02	-6.589303e-01	-6.621382e-01	1.505137e+01	2.881046e+00	2.063316e+00	9.397365e-02	-8.654544e-01	-2.376334e-01	1.036638e+01
1.510056e+02	-6.381379e-01	-6.660780e-01	1.502697e+01	2.896857e+00	2.085126e+00	9.655048e-02	-9.403353e-01	-2.122890e-01	1.037798e+01
1.522548e+02	-6.078345e-01	-6.687717e-01	1.499518e+01	2.916203e+00	2.114520e+00	9.998384e-02	-9.682325e-01	-2.070452e-01	1.038405e+01
1.609726e+02	-5.769559e-01	-6.657436e-01	1.496988e+01	2.930446e+00	2.137414e+00	1.026004e-01	-8.533381e-01	-1.932484e-01	1.037488e+01
1.563101e+02	-5.488626e-01	-6.718943e-01	1.494214e+01	2.944206e+00	2.162646e+00	1.010991e-01	-8.469312e-01	-1.890110e-01	1.038565e+01
1.468377e+02	-5.117489e-01	-6.773739e-01	1.489827e+01	2.967720e+00	2.198381e+00	1.010866e-01	-8.689719e-01	-1.794114e-01	1.039807e+01
1.358582e+02	-4.834905e-01	-6.818160e-01	1.487045e+01	2.981241e+00	2.221495e+00	1.044463e-01	-9.143884e-01	-1.759586e-01	1.040776e+01
1.341765e+02	-4.296727e-01	-6.784582e-01	1.482960e+01	3.003318e+00	2.250441e+00	1.120908e-01	-9.247647e-01	-1.616970e-01	1.041072e+01
1.333296e+02	-4.155658e-01	-6.884143e-01	1.480940e+01	3.006359e+00	2.269112e+00	1.107392e-01	-9.373278e-01	-1.781036e-01	1.041943e+01
1.278337e+02	-3.673854e-01	-6.855128e-01	1.475660e+01	3.038601e+00	2.310172e+00	1.198866e-01	-9.159513e-01	-1.603319e-01	1.042107e+01
1.261003e+02	-3.530270e-01	-6.971635e-01	1.475397e+01	3.022784e+00	2.314221e+00	1.126313e-01	-8.936050e-01	-1.851060e-01	1.042627e+01
1.230104e+02	-3.095862e-01	-6.999207e-01	1.470736e+01	3.047445e+00	2.349103e+00	1.150789e-01	-8.880407e-01	-1.688586e-01	1.042843e+01
1.259901e+02	-2.788256e-01	-7.036912e-01	1.468035e+01	3.053282e+00	2.370065e+00	1.195492e-01	-9.255870e-01	-1.915353e-01	1.043617e+01
1.357004e+02	-2.364431e-01	-6.947728e-01	1.463796e+01	3.073774e+00	2.397396e+00	1.278796e-01	-7.884946e-01	-1.497357e-01	1.041741e+01
1.371614e+02	-1.988722e-01	-7.013030e-01	1.461141e+01	3.069616e+00	2.414151e+00	1.235064e-01	-7.528566e-01	-1.584331e-01	1.042288e+01
1.351765e+02	-1.672420e-01	-7.045217e-01	1.459093e+01	3.064834e+00	2.426835e+00	1.261113e-01	-7.537179e-01	-1.730084e-01	1.042792e+01
1.244529e+02	-1.217365e-01	-7.090677e-01	1.452892e+01	3.092584e+00	2.470737e+00	1.279015e-01	-7.969283e-01	-1.501801e-01	1.043312e+01
1.162677e+02	-8.172425e-02	-7.096428e-01	1.446903e+01	3.128353e+00	2.512195e+00	1.375581e-01	-8.326263e-01	-1.637598e-01	1.044045e+01
1.092010e+02	-6.789570e-02	-7.226709e-01	1.447518e+01	3.093337e+00	2.511181e+00	1.310002e-01	-8.934257e-01	-1.640963e-01	1.045134e+01
1.064641e+02	-1.002731e-02	-7.197823e-01	1.440659e+01	3.120414e+00	2.549784e+00	1.345712e-01	-8.781818e-01	-1.181726e-01	1.044478e+01
1.108928e+02	-2.134001e-02	-7.277464e-01	1.444305e+01	3.069366e+00	2.533896e+00	1.349437e-01	-8.235941e-01	-1.298838e-01	1.044253e+01
1.033241e+02	1.098886e-02	-7.312173e-01	1.442153e+01	3.064608e+00	2.547930e+00	1.415017e-01	-8.527216e-01	-1.541678e-01	1.044718e+01
1.066343e+02	2.715033e-02	-7.364819e-01	1.440099e+01	3.057344e+00	2.565276e+00	1.454057e-01	-8.978669e-01	-1.501912e-01	1.044938e+01
1.160931e+02	5.539942e-02	-7.333613e-01	1.438483e+01	3.040768e+00	2.575981e+00	1.453692e-01	-7.612663e-01	-1.320950e-01	1.042684e+01
1.165759e+02	8.391368e-02	-7.316695e-01	1.435212e+01	3.047940e+00	2.593656e+00	1.528530e-01	-7.500469e-01	-1.349793e-01	1.042441e+01
1.110852e+02	1.008749e-01	-7.422225e-01	1.434908e+01	3.018418e+00	2.594892e+00	1.450900e-01	-7.810205e-01	-1.315339e-01	1.043334e+01
1.001944e+02	1.185771e-01	-7.437177e-01	1.431894e+01	3.020020e+00	2.616617e+00	1.552629e-01	-8.211333e-01	-1.388234e-01	1.043443e+01
9.384592e+01	1.358784e-01	-7.480388e-01	1.431040e+01	3.001854e+00	2.622450e+00	1.620782e-01	-8.532951e-01	-1.342676e-01	1.043989e+01
9.368232e+01	1.488816e-01	-7.530702e-01	1.428804e+01	2.992424e+00	2.638802e+00	1.629919e-01	-8.731231e-01	-1.312632e-01	1.044762e+01
9.970441e+01	1.456473e-01	-7.509009e-01	1.430851e+01	2.955333e+00	2.632637e+00	1.679778e-01	-8.026580e-01	-1.150439e-01	1.043253e+01
9.833642e+01	1.775412e-01	-7.556199e-01	1.426480e+01	2.958285e+00	2.654916e+00	1.668456e-01	-7.986863e-01	-1.130397e-01	1.043571e+01
9.262677e+01	2.061880e-01	-7.608796e-01	1.422785e+01	2.954445e+00	2.674074e+00	1.653355e-01	-8.232486e-01	-1.204414e-01	1.043835e+01
1.141749e+02	2.088324e-01	-7.674381e-01	1.421593e+01	2.940189e+00	2.689326e+00	1.701861e-01	-9.007964e-01	-1.393052e-01	1.043977e+01
1.030760e+02	2.168232e-01	-7.630455e-01	1.421415e+01	2.920514e+00	2.692522e+00	1.663475e-01	-7.657256e-01	-1.516729e-01	1.042247e+01
1.007842e+02	2.434150e-01	-7.574177e-01	1.415782e+01	2.938337e+00	2.724725e+00	1.812247e-01	-7.772649e-01	-1.353381e-01	1.041134e+01
9.763399e+01	1.998702e-01	-7.722827e-01	1.424588e+01	2.844811e+00	2.690074e+00	1.753403e-01	-7.870823e-01	-1.549385e-01	1.042029e+01
8.542278e+01	2.285298e-01	-7.731418e-01	1.418527e+01	2.866838e+00	2.724660e+00	1.825313e-01	-8.395163e-01	-1.292440e-01	1.042371e+01
9.339870e+01	2.287654e-01	-7.755683e-01	1.419189e+01	2.842258e+00	2.723583e+00	1.887642e-01	-8.783093e-01	-1.220122e-01	1.043608e+01
9.800265e+01	2.722662e-01	-7.681249e-01	1.413541e+01	2.860458e+00	2.754484e+00	1.903532e-01	-7.593205e-01	-9.521265e-02	1.042072e+01
9.872136e+01	2.540084e-01	-7.771766e-01	1.416298e+01	2.808273e+00	2.750473e+00	1.829536e-01	-7.521749e-01	-1.004468e-01	1.041739e+01
8.810243e+01	2.853941e-01	-7.775613e-01	1.410478e+01	2.829987e+00	2.782367e+00	1.927320e-01	-7.955423e-01	-1.019456e-01	1.042104e+01
1.088261e+02	2.661781e-01	-7.919548e-01	1.414592e+01	2.775100e+00	2.770975e+00	1.909356e-01	-8.807635e-01	-1.342651e-01	1.042811e+01
1.467164e+02	3.279587e-01	-7.481825e-01	1.404904e+01	2.835085e+00	2.809217e+00	2.113724e-01	-5.985845e-01	5.036656e-03	1.036102e+01
1.421053e+02	1.966687e-01	-7.850956e-01	1.421051e+01	2.680882e+00	2.754398e+00	1.636947e-01	-5.235919e-01	4.457331e-02	1.037445e+01
1.418224e+02	2.377720e-01	-7.871872e-01	1.415377e+01	2.707763e+00	2.791671e+00	1.605142e-01	-5.107134e-01	6.426941e-02	1.037133e+01
1.229220e+02	2.604287e-01	-7.800007e-01	1.410657e+01	2.740311e+00	2.824650e+00	1.742237e-01	-5.244358e-01	9.751045e-02	1.035448e+01
1.195501e+02	3.236485e-01	-7.696991e-01	1.399997e+01	2.816813e+00	2.891012e+00	1.915267e-01	-5.406104e-01	1.061329e-01	1.034780e+01
1.152653e+02	2.796469e-01	-7.789252e-01	1.405354e+01	2.770844e+00	2.876897e+00	1.897465e-01	-5.411332e-01	9.304194e-02	1.035209e+01
1.122698e+02	2.814299e-01	-7.859622e-01	1.403488e+01	2.764742e+00	2.900803e+00	1.874867e-01	-5.621694e-01	1.020361e-01	1.035304e+01
1.092425e+02	2.698343e-01	-7.898339e-01	1.400095e+01	2.786554e+00	2.940601e+00	1.918544e-01	-5.762050e-01	1.119111e-01	1.035641e+01
1.076815e+02	2.818269e-01	-7.927268e-01	1.400203e+01	2.758708e+00	2.940452e+00	1.928639e-01	-5.904259e-01	1.102870e-01	1.034986e+01
1.064562e+02	3.349846e-01	-7.890324e-01	1.393053e+01	2.790570e+00	2.972266e+00	1.961546e-01	-6.076108e-01	1.104602e-01	1.034144e+01
1.101878e+02	2.611533e-01	-8.045354e-01	1.401495e+01	2.700045e+00	2.942033e+00	1.895332e-01	-6.127571e-01	1.061995e-01	1.034475e+01
1.028387e+02	2.918689e-01	-7.971962e-01	1.395600e+01	2.715757e+00	2.976886e+00	2.087696e-01	-6.189423e-01	1.089043e-01	1.033305e+01
1.020061e+02	2.689428e-01	-7.984451e-01	1.395956e+01	2.709447e+00	2.985049e+00	2.128608e-01	-6.319201e-01	1.099882e-01	1.033012e+01
1.002561e+02	2.927953e-01	-8.024217e-01	1.391297e+01	2.733232e+00	3.016655e+00	2.092476e-01	-6.383748e-01	1.076698e-01	1.032777e+01
1.024205e+02	2.600688e-01	-8.134814e-01	1.396754e+01	2.667231e+00	2.996975e+00	2.048112e-01	-6.479354e-01	1.060527e-01	1.033080e+01
1.027453e+02	2.548135e-01	-8.171424e-01	1.397180e+01	2.648505e+00	2.998058e+00	2.053149e-01	-6.641027e-01	1.129176e-01	1.032694e+01
9.857860e+01	3.094447e-01	-8.065193e-01	1.389320e+01	2.697286e+00	3.044309e+00	2.229743e-01	-6.689764e-01	1.130967e-01	1.031753e+01
1.000690e+02	2.962811e-01	-8.208391e-01	1.394918e+01	2.620266e+00	3.016810e+00	2.118927e-01	-6.668353e-01	1.012502e-01	1.031895e+01
9.623208e+01	3.239874e-01	-8.205959e-01	1.389162e+01	2.645206e+00	3.047990e+00	2.144356e-01	-6.770393e-01	1.065946e-01	1.031418e+01
9.332281e+01	3.820723e-01	-8.176446e-01	1.381701e+01	2.672181e+00	3.087718e+00	2.226851e-01	-6.966415e-01	8.510374e-02	1.030948e+01
9.178901e+01	3.202717e-01	-8.276092e-01	1.385558e+01	2.644423e+00	3.086010e+00	2.171547e-01	-7.105423e-01	8.273270e-02	1.031613e+01
8.947385e+01	3.400923e-01	-8.217631e-01	1.381807e+01	2.666260e+00	3.109496e+00	2.318904e-01	-7.254032e-01	7.723374e-02	1.031032e+01
8.566807e+01	2.915432e-01	-8.382871e-01	1.385409e+01	2.622929e+00	3.107148e+00	2.195227e-01	-7.613672e-01	4.623136e-02	1.032322e+01
7.910775e+01	2.865140e-01	-8.403664e-01	1.384462e+01	2.628804e+00	3.118351e+00	2.238749e-01	-7.936822e-01	2.094822e-02	1.032377e+01
7.001687e+01	3.264332e-01	-8.357818e-01	1.377349e+01	2.661436e+00	3.157124e+00	2.360038e-01	-8.387517e-01	-4.254143e-03	1.032294e+01
7.286507e+01	2.948732e-01	-8.406556e-01	1.383300e+01	2.592511e+00	3.128953e+00	2.326187e-01	-8.206790e-01	1.493409e-02	1.031803e+01
7.009966e+01	3.329918e-01	-8.384687e-01	1.377482e+01	2.628810e+00	3.162550e+00	2.368141e-01	-8.277204e-01	1.466336e-02	1.031463e+01
7.600172e+01	3.355160e-01	-8.506712e-01	1.378269e+01	2.595281e+00	3.156752e+00	2.284563e-01	-8.394699e-01	4.629041e-03	1.032557e+01
8.957740e+01	3.631347e-01	-8.281552e-01	1.372212e+01	2.651213e+00	3.194175e+00	2.444016e-01	-7.433383e-01	9.150732e-02	1.029729e+01
8.439249e+01	3.359945e-01	-8.326870e-01	1.374776e+01	2.615069e+00	3.187897e+00	2.401137e-01	-7.448922e-01	7.785259e-02	1.029747e+01
8.868369e+01	2.856754e-01	-8.497580e-01	1.380061e+01	2.553477e+00	3.170282e+00	2.259711e-01	-7.505999e-01	7.361388e-02	1.030301e+01
7.645940e+01	3.065464e-01	-8.475192e-01	1.372270e+01	2.593183e+00	3.219492e+00	2.304277e-01	-7.875443e-01	2.876830e-02	1.030270e+01
6.887774e+01	3.200306e-01	-8.467772e-01	1.369937e+01	2.603798e+00	3.228592e+00	2.401774e-01	-8.338401e-01	-1.039759e-02	1.030524e+01
7.474652e+01	3.071005e-01	-8.518145e-01	1.371034e+01	2.572657e+00	3.225303e+00	2.328893e-01	-8.035120e-01	2.411650e-02	1.029557e+01
7.325487e+01	3.199599e-01	-8.405492e-01	1.367504e+01	2.599848e+00	3.244521e+00	2.520858e-01	-8.197709e-01	1.237675e-02	1.029038e+01
7.288803e+01	2.776814e-01	-8.557412e-01	1.369064e+01	2.564454e+00	3.253363e+00	2.381545e-01	-8.396448e-01	1.862942e-03	1.031533e+01
8.223235e+01	2.878162e-01	-8.502790e-01	1.368647e+01	2.559760e+00	3.251263e+00	2.518945e-01	-8.687856e-01	-3.057094e-02	1.031434e+01
8.897585e+01	2.434666e-01	-8.344197e-01	1.376143e+01	2.496642e+00	3.214301e+00	2.572845e-01	-7.318005e-01	7.737171e-02	1.027909e+01
8.936479e+01	2.912275e-01	-8.473747e-01	1.369937e+01	2.516617e+00	3.238935e+00	2.395208e-01	-6.963551e-01	1.051374e-01	1.028686e+01
8.864758e+01	2.938913e-01	-8.531014e-01	1.366055e+01	2.531266e+00	3.271014e+00	2.363442e-01	-6.964248e-01	7.679657e-02	1.028948e+01
8.329412e+01	3.271638e-01	-8.477754e-01	1.361749e+01	2.559735e+00	3.289387e+00	2.471702e-01	-7.178277e-01	6.299507e-02	1.028634e+01
7.740295e+01	3.874789e-01	-8.581212e-01	1.354374e+01	2.589528e+00	3.326414e+00	2.410943e-01	-7.610144e-01	3.268740e-02	1.029271e+01
7.443195e+01	2.433335e-01	-8.601264e-01	1.367221e+01	2.509376e+00	3.284417e+00	2.475445e-01	-7.868136e-01	1.365979e-02	1.028859e+01
7.514859e+01	2.011495e-01	-8.636769e-01	1.372518e+01	2.464415e+00	3.260484e+00	2.472496e-01	-8.121774e-01	6.480874e-04	1.028593e+01
6.982610e+01	2.629693e-01	-8.498917e-01	1.363413e+01	2.534544e+00	3.311991e+00	2.666188e-01	-8.335189e-01	-6.472872e-03	1.028079e+01
7.232669e+01	2.943323e-01	-8.642056e-01	1.358514e+01	2.556577e+00	3.337427e+00	2.512908e-01	-8.438390e-01	-1.689678e-02	1.029835e+01
9.340198e+01	2.830234e-01	-8.398663e-01	1.361018e+01	2.531429e+00	3.321217e+00	2.642904e-01	-6.870497e-01	1.114798e-01	1.027692e+01
1.046302e+02	2.362423e-01	-8.669849e-01	1.366690e+01	2.463861e+00	3.296946e+00	2.320366e-01	-6.666599e-01	1.186647e-01	1.030027e+01
9.478078e+01	2.675172e-01	-8.600806e-01	1.362294e+01	2.485657e+00	3.315198e+00	2.371805e-01	-6.669485e-01	1.247104e-01	1.028984e+01
9.191752e+01	2.937597e-01	-8.606782e-01	1.360325e+01	2.484953e+00	3.316044e+00	2.354645e-01	-6.933236e-01	1.081830e-01	1.028314e+01
9.651168e+01	3.150159e-01	-8.396824e-01	1.352549e+01	2.561398e+00	3.371676e+00	2.657061e-01	-7.133154e-01	9.443976e-02	1.027000e+01
8.489887e+01	2.285133e-01	-8.476675e-01	1.359582e+01	2.485934e+00	3.355283e+00	2.607654e-01	-7.237288e-01	8.930694e-02	1.026441e+01
9.432352e+01	1.921212e-01	-8.754525e-01	1.365371e+01	2.408157e+00	3.322564e+00	2.353073e-01	-7.629366e-01	4.385026e-02	1.028180e+01
7.200629e+01	2.227530e-01	-8.668521e-01	1.358695e+01	2.461008e+00	3.365702e+00	2.481159e-01	-8.068057e-01	2.114416e-02	1.027697e+01
6.897059e+01	2.877208e-01	-8.552309e-01	1.351385e+01	2.509874e+00	3.397949e+00	2.676109e-01	-8.332120e-01	-1.122909e-04	1.027100e+01
6.878933e+01	3.018649e-01	-8.648713e-01	1.357102e+01	2.410928e+00	3.357253e+00	2.586668e-01	-8.396875e-01	-9.420025e-03	1.026587e+01
8.396818e+01	2.833243e-01	-8.510360e-01	1.356433e+01	2.427350e+00	3.362970e+00	2.650430e-01	-7.291726e-01	8.618200e-02	1.024605e+01
8.169971e+01	2.651115e-01	-8.565428e-01	1.356604e+01	2.423832e+00	3.369561e+00	2.619258e-01	-7.297233e-01	7.929780e-02	1.025294e+01
8.287459e+01	2.592671e-01	-8.700884e-01	1.356414e+01	2.401929e+00	3.369592e+00	2.479098e-01	-7.404542e-01	4.769494e-02	1.025686e+01
7.333043e+01	2.398755e-01	-8.686233e-01	1.356268e+01	2.412094e+00	3.375188e+00	2.542954e-01	-7.839483e-01	1.978160e-03	1.025429e+01
6.636299e+01	3.024804e-01	-8.628796e-01	1.347043e+01	2.473051e+00	3.423473e+00	2.630478e-01	-8.163059e-01	-1.108657e-02	1.025230e+01
1.198238e+02	3.169905e-01	-8.812274e-01	1.347484e+01	2.419219e+00	3.418400e+00	2.470859e-01	-8.635313e-01	-5.786543e-02	1.026249e+01
2.140691e+02	3.018787e-01	-8.046360e-01	1.346405e+01	2.474549e+00	3.425012e+00	2.971479e-01	-5.364818e-01	2.331380e-01	1.017204e+01
1.970140e+02	1.603361e-01	-8.883749e-01	1.373321e+01	2.162994e+00	3.256098e+00	1.997882e-01	-4.432361e-01	3.055940e-01	1.020665e+01
1.601771e+02	2.086653e-01	-8.744609e-01	1.369532e+01	2.172428e+00	3.264373e+00	2.174492e-01	-4.216275e-01	3.278016e-01	1.019956e+01
4.541804e+02	1.845714e-01	-1.255143e+00	1.400857e+01	2.650000e+00	6.306667e-01	4.884762e-01	-6.654286e-01	4.685714e-01	1.065657e+01
1.991700e+02	3.069430e-01	-1.132771e+00	1.388620e+01	2.772372e+00	7.530382e-01	6.108478e-01	-7.878002e-01	3.461998e-01	1.053420e+01
4.009865e+02	4.327493e-01	-1.042842e+00	1.376658e+01	2.889506e+00	8.690154e-01	6.846294e-01	-8.945814e-01	2.649767e-01	1.043301e+01
1.777514e+02	4.889784e-01	-1.130002e+00	1.372685e+01	2.858041e+00	8.652660e-01	5.935999e-01	-8.183062e-01	3.259821e-01	1.051648e+01
2.122461e+02	5.884971e-01	-1.155589e+00	1.363438e+01	2.905346e+00	9.330513e-01	5.570837e-01	-9.211598e-01	2.140567e-01	1.052676e+01
2.320106e+02	7.169000e-01	-1.078423e+00	1.350428e+01	3.024468e+00	1.052798e+00	6.320589e-01	-7.997347e-01	3.351155e-01	1.046324e+01
2.611753e+02	6.824330e-01	-1.069912e+00	1.350199e+01	3.065191e+00	1.125534e+00	6.386344e-01	-7.416199e-01	3.927402e-01	1.044979e+01
1.719960e+02	6.420541e-01	-1.103441e+00	1.352599e+01	3.051138e+00	1.131844e+00	6.010654e-01	-7.113125e-01	4.224943e-01	1.047795e+01
1.558429e+02	6.014910e-01	-1.122119e+00	1.354359e+01	3.050082e+00	1.159038e+00	5.770461e-01	-6.972449e-01	4.363299e-01	1.048265e+01
1.509614e+02	6.174879e-01	-1.129126e+00	1.351134e+01	3.084022e+00	1.214100e+00	5.585503e-01	-6.915055e-01	4.423472e-01	1.047575e+01
1.462300e+02	6.214783e-01	-1.125580e+00	1.348388e+01	3.124628e+00	1.275586e+00	5.518833e-01	-6.925016e-01	4.415408e-01	1.045901e+01
1.411633e+02	6.348533e-01	-1.121418e+00	1.343902e+01	3.171623e+00	1.353582e+00	5.445557e-01	-6.931531e-01	4.410281e-01	1.043561e+01
1.423670e+02	6.457407e-01	-1.107702e+00	1.339888e+01	3.228054e+00	1.420570e+00	5.464125e-01	-6.991466e-01	4.356468e-01	1.040932e+01
1.361189e+02	6.502280e-01	-1.110594e+00	1.337314e+01	3.257560e+00	1.467262e+00	5.314062e-01	-7.029742e-01	4.323480e-01	1.039712e+01
1.327230e+02	5.975722e-01	-1.105309e+00	1.338239e+01	3.288129e+00	1.515209e+00	5.268040e-01	-7.096399e-01	4.261441e-01	1.036892e+01
1.329029e+02	6.145694e-01	-1.098692e+00	1.334241e+01	3.336950e+00	1.567242e+00	5.182445e-01	-7.186858e-01	4.179505e-01	1.034261e+01
1.230530e+02	5.258525e-01	-1.104481e+00	1.339508e+01	3.327203e+00	1.578125e+00	5.059346e-01	-7.226082e-01	4.141793e-01	1.032197e+01
1.233004e+02	4.875398e-01	-1.095835e+00	1.340544e+01	3.346613e+00	1.602424e+00	5.066575e-01	-7.292024e-01	4.084552e-01	1.030130e+01
1.182297e+02	4.781149e-01	-1.097119e+00	1.339395e+01	3.362736e+00	1.637613e+00	4.929198e-01	-7.317238e-01	4.059738e-01	1.027896e+01
1.156033e+02	4.860690e-01	-1.092275e+00	1.337182e+01	3.383291e+00	1.672004e+00	4.845185e-01	-7.360440e-01	4.019836e-01	1.025276e+01
1.157141e+02	4.935103e-01	-1.085330e+00	1.334378e+01	3.413540e+00	1.713340e+00	4.789154e-01	-7.384746e-01	3.998166e-01	1.023111e+01
1.116543e+02	4.713695e-01	-1.083531e+00	1.334477e+01	3.415991e+00	1.728651e+00	4.688577e-01	-7.403155e-01	3.982507e-01	1.020973e+01
1.117936e+02	4.715956e-01	-1.077573e+00	1.332969e+01	3.436260e+00	1.753502e+00	4.640718e-01	-7.435068e-01	3.953365e-01	1.019011e+01
1.158022e+02	4.890467e-01	-1.070530e+00	1.329632e+01	3.460458e+00	1.794301e+00	4.600273e-01	-7.488101e-01	3.908217e-01	1.017358e+01
1.048849e+02	4.359327e-01	-1.079086e+00	1.333766e+01	3.435847e+00	1.765091e+00	4.429922e-01	-7.504068e-01	3.890614e-01	1.015942e+01
1.040186e+02	4.171317e-01	-1.078884e+00	1.333739e+01	3.445155e+00	1.783645e+00	4.354197e-01	-7.531819e-01	3.864188e-01	1.014815e+01
1.068702e+02	4.252101e-01	-1.062216e+00	1.331278e+01	3.474417e+00	1.810901e+00	4.400735e-01	-7.545260e-01	3.851625e-01	1.012483e+01
1.028860e+02	3.996845e-01	-1.059970e+00	1.332465e+01	3.463594e+00	1.799757e+00	4.325608e-01	-7.568865e-01	3.829228e-01	1.010269e+01
1.043263e+02	3.979124e-01	-1.052982e+00	1.331697e+01	3.473727e+00	1.809229e+00	4.302827e-01	-7.584155e-01	3.814155e-01	1.008839e+01
1.015729e+02	3.849043e-01	-1.051338e+00	1.332032e+01	3.474491e+00	1.805059e+00	4.234097e-01	-7.610199e-01	3.790617e-01	1.007394e+01
9.853007e+01	3.757129e-01	-1.051229e+00	1.332433e+01	3.465668e+00	1.800398e+00	4.152030e-01	-7.623592e-01	3.776392e-01	1.006410e+01
9.797164e+01	3.950262e-01	-1.046240e+00	1.331623e+01	3.456683e+00	1.790625e+00	4.107604e-01	-7.632547e-01	3.765624e-01	1.005327e+01
9.860759e+01	3.752866e-01	-1.041127e+00	1.331410e+01	3.469058e+00	1.812612e+00	4.085628e-01	-7.649144e-01	3.749111e-01	1.004179e+01
1.072515e+02	3.904374e-01	-1.029816e+00	1.328867e+01	3.498711e+00	1.842098e+00	4.093168e-01	-7.657605e-01	3.740739e-01	1.002845e+01
9.494543e+01	3.270927e-01	-1.046006e+00	1.334060e+01	3.447523e+00	1.798918e+00	3.919130e-01	-7.679032e-01	3.717616e-01	1.002487e+01
9.503657e+01	3.447625e-01	-1.041161e+00	1.330118e+01	3.473493e+00	1.856208e+00	3.904434e-01	-7.695948e-01	3.697994e-01	1.002286e+01
9.759754e+01	3.337044e-01	-1.029298e+00	1.330307e+01	3.474334e+00	1.850529e+00	3.959228e-01	-7.704767e-01	3.687305e-01	1.000599e+01
9.273257e+01	3.356370e-01	-1.033403e+00	1.331924e+01	3.443713e+00	1.800381e+00	3.834901e-01	-7.699186e-01	3.685017e-01	9.998613e+00
9.778413e+01	3.364306e-01	-1.021062e+00	1.329674e+01	3.466379e+00	1.839849e+00	3.899744e-01	-7.715690e-01	3.670152e-01	9.986934e+00
9.231364e+01	3.202295e-01	-1.025680e+00	1.330401e+01	3.445094e+00	1.834232e+00	3.784921e-01	-7.711077e-01	3.666986e-01	9.978093e+00
9.820682e+01	3.225968e-01	-1.015429e+00	1.328981e+01	3.460242e+00	1.859500e+00	3.855574e-01	-7.729806e-01	3.650407e-01	9.970175e+00
1.060656e+02	2.972789e-01	-1.009483e+00	1.328220e+01	3.482017e+00	1.897432e+00	3.903647e-01	-7.755070e-01	3.628280e-01	9.965774e+00
9.536424e+01	2.665022e-01	-1.034154e+00	1.333211e+01	3.415262e+00	1.832923e+00	3.626298e-01	-7.761999e-01	3.616460e-01	9.967140e+00
9.121073e+01	2.898159e-01	-1.019435e+00	1.331627e+01	3.418409e+00	1.835074e+00	3.727159e-01	-7.789006e-01	3.607268e-01	9.957606e+00
1.273308e+02	3.339508e-01	-9.927128e-01	1.325681e+01	3.471876e+00	1.900746e+00	3.924315e-01	-7.799599e-01	3.601546e-01	9.949158e+00
9.869274e+01	3.020466e-01	-1.036708e+00	1.331789e+01	3.372412e+00	1.810293e+00	3.536848e-01	-7.818661e-01	3.579739e-01	9.962265e+00
9.199229e+01	3.146181e-01	-1.029037e+00	1.329670e+01	3.385558e+00	1.836640e+00	3.613608e-01	-7.986542e-01	3.448742e-01	9.961717e+00
9.089600e+01	3.292356e-01	-1.021256e+00	1.326792e+01	3.408702e+00	1.875424e+00	3.674527e-01	-8.191749e-01	3.281142e-01	9.963257e+00
1.136149e+02	3.509951e-01	-9.996248e-01	1.323347e+01	3.439205e+00	1.916422e+00	3.842330e-01	-8.316604e-01	3.196693e-01	9.952923e+00
1.322289e+02	3.330627e-01	-9.913002e-01	1.322302e+01	3.458968e+00	1.948117e+00	3.905222e-01	-8.367775e-01	3.154530e-01	9.949358e+00
1.621302e+02	1.906129e-01	-1.069341e+00	1.337774e+01	3.306932e+00	1.801886e+00	3.211221e-01	-8.530002e-01	3.015417e-01	9.969408e+00
8.869531e+01	2.269854e-01	-1.016675e+00	1.333913e+01	3.359151e+00	1.857656e+00	3.776248e-01	-8.503022e-01	3.007779e-01	9.959226e+00
1.343984e+02	2.606956e-01	-9.873195e-01	1.330923e+01	3.388920e+00	1.893325e+00	4.071514e-01	-8.476655e-01	2.999771e-01	9.951360e+00
1.383203e+02	2.594658e-01	-9.868218e-01	1.330971e+01	3.382256e+00	1.901494e+00	4.102512e-01	-8.589441e-01	2.890764e-01	9.947018e+00
1.544142e+02	2.047383e-01	-1.069058e+00	1.338948e+01	3.277901e+00	1.809581e+00	3.306210e-01	-8.612347e-01	2.854114e-01	9.984130e+00
3.507709e+02	6.234286e-01	-8.254286e-01	1.303943e+01	6.873333e-01	5.366667e+00	2.522857e-01	-7.903810e-01	-4.914286e-01	9.111429e+00
5.013610e+02	5.010570e-01	-9.478002e-01	1.316180e+01	8.097049e-01	5.244295e+00	1.299141e-01	-9.127525e-01	-6.138002e-01	9.233800e+00
5.194457e+02	3.852352e-01	-1.019345e+00	1.326407e+01	9.367260e-01	5.133949e+00	1.722936e-01	-1.076739e+00	-5.398433e-01	9.398080e+00
3.560360e+02	3.112286e-01	-9.599455e-01	1.331550e+01	1.032226e+00	5.060029e+00	1.864532e-01	-1.013002e+00	-6.090941e-01	9.323323e+00
2.130225e+02	2.444292e-01	-8.791414e-01	1.335131e+01	1.129184e+00	4.993551e+00	2.685654e-01	-9.678725e-01	-6.477078e-01	9.263800e+00
3.317108e+02	1.934773e-01	-8.425363e-01	1.336818e+01	1.214586e+00	4.942257e+00	3.265055e-01	-9.400453e-01	-6.633964e-01	9.226739e+00
3.329053e+02	1.501925e-01	-8.475204e-01	1.337222e+01	1.301264e+00	4.896163e+00	3.329468e-01	-9.203727e-01	-6.689907e-01	9.200540e+00
2.205914e+02	1.165160e-01	-8.857923e-01	1.336318e+01	1.383728e+00	4.858558e+00	3.090555e-01	-9.087754e-01	-6.645385e-01	9.187304e+00
2.023019e+02	8.820189e-02	-9.343392e-01	1.334678e+01	1.465633e+00	4.824787e+00	2.766350e-01	-9.043095e-01	-6.508280e-01	9.182485e+00
2.399920e+02	6.740888e-02	-9.751147e-01	1.332041e+01	1.546235e+00	4.796434e+00	2.601466e-01	-9.062187e-01	-6.294531e-01	9.183681e+00
2.410670e+02	5.166841e-02	-9.985641e-01	1.328545e+01	1.630301e+00	4.771084e+00	2.674607e-01	-9.117900e-01	-6.036367e-01	9.186028e+00
1.958855e+02	4.232365e-02	-1.006912e+00	1.323914e+01	1.716095e+00	4.749489e+00	2.925437e-01	-9.220099e-01	-5.724108e-01	9.189773e+00
1.309627e+02	3.654035e-02	-1.005000e+00	1.318940e+01	1.802063e+00	4.730195e+00	3.319458e-01	-9.339997e-01	-5.395906e-01	9.195425e+00
9.208795e+01	3.645535e-02	-9.981403e-01	1.313566e+01	1.885698e+00	4.713540e+00	3.765691e-01	-9.482202e-01	-5.071291e-01	9.203445e+00
1.365146e+02	3.762628e-02	-9.881106e-01	1.307925e+01	1.969367e+00	4.698683e+00	4.203791e-01	-9.619290e-01	-4.766901e-01	9.210861e+00
1.620267e+02	4.281234e-02	-9.810222e-01	1.302705e+01	2.041639e+00	4.685559e+00	4.392855e-01	-9.505282e-01	-4.639290e-01	9.202695e+00
1.572459e+02	4.395136e-02	-9.879931e-01	1.298507e+01	2.103148e+00	4.673615e+00	4.414268e-01	-9.386954e-01	-4.538854e-01	9.197829e+00
1.174687e+02	4.241129e-02	-1.011440e+00	1.296136e+01	2.141567e+00	4.662703e+00	4.239696e-01	-9.252417e-01	-4.474687e-01	9.194113e+00
7.685720e+01	4.196955e-02	-1.023643e+00	1.293959e+01	2.177368e+00	4.652778e+00	3.976912e-01	-8.855737e-01	-4.580431e-01	9.173762e+00
8.504752e+01	4.649917e-02	-1.036338e+00	1.291224e+01	2.214242e+00	4.644054e+00	3.707245e-01	-8.509185e-01	-4.666712e-01	9.156052e+00
1.062270e+02	4.593771e-02	-1.047074e+00	1.289214e+01	2.247445e+00	4.636077e+00	3.490088e-01	-8.211589e-01	-4.732370e-01	9.141514e+00
1.250197e+02	4.238067e-02	-1.053696e+00	1.287551e+01	2.279852e+00	4.628864e+00	3.344502e-01	-7.976430e-01	-4.757971e-01	9.130409e+00
1.248385e+02	4.408262e-02	-1.051922e+00	1.284953e+01	2.319734e+00	4.622663e+00	3.324311e-01	-7.784841e-01	-4.759477e-01	9.121973e+00
1.139304e+02	4.366096e-02	-1.044120e+00	1.282556e+01	2.362017e+00	4.617052e+00	3.383591e-01	-7.633184e-01	-4.739053e-01	9.115667e+00
1.045012e+02	4.336691e-02	-1.033691e+00	1.280198e+01	2.401550e+00	4.612063e+00	3.499611e-01	-7.512958e-01	-4.697039e-01	9.111167e+00
1.051145e+02	3.897487e-02	-1.023621e+00	1.278310e+01	2.439109e+00	4.607462e+00	3.628780e-01	-7.426085e-01	-4.629296e-01	9.108026e+00
1.099459e+02	2.483642e-02	-1.017643e+00	1.278716e+01	2.457559e+00	4.602644e+00	3.727690e-01	-7.347570e-01	-4.568701e-01	9.106124e+00
1.051819e+02	7.378902e-04	-1.021267e+00	1.281738e+01	2.453171e+00	4.597367e+00	3.762296e-01	-7.291932e-01	-4.492699e-01	9.105943e+00
1.011150e+02	-2.582187e-02	-1.024894e+00	1.284839e+01	2.448859e+00	4.592454e+00	3.785147e-01	-7.247793e-01	-4.418363e-01	9.106077e+00
9.704189e+01	-5.788155e-02	-1.029716e+00	1.288995e+01	2.436837e+00	4.587442e+00	3.792913e-01	-7.212027e-01	-4.344649e-01	9.106756e+00
9.532620e+01	-8.630067e-02	-1.037285e+00	1.292944e+01	2.423206e+00	4.582843e+00	3.783899e-01	-7.194742e-01	-4.260757e-01	9.108616e+00
9.567842e+01	-1.092026e-01	-1.043942e+00	1.296341e+01	2.411010e+00	4.578713e+00	3.789343e-01	-7.188521e-01	-4.171559e-01	9.110825e+00
9.715515e+01	-1.299338e-01	-1.050163e+00	1.299529e+01	2.400337e+00	4.574891e+00	3.801376e-01	-7.211185e-01	-4.067855e-01	9.113942e+00
9.588398e+01	-1.458203e-01	-1.050410e+00	1.302132e+01	2.394127e+00	4.571464e+00	3.854523e-01	-7.232904e-01	-3.972677e-01	9.116286e+00
9.430048e+01	-1.564745e-01	-1.053163e+00	1.304104e+01	2.390422e+00	4.568495e+00	3.913266e-01	-7.292284e-01	-3.847892e-01	9.122019e+00
9.207905e+01	-1.617252e-01	-1.053742e+00	1.305660e+01	2.386955e+00	4.565834e+00	3.986690e-01	-7.351351e-01	-3.727532e-01	9.127194e+00
8.964070e+01	-1.627358e-01	-1.053916e+00	1.306494e+01	2.389348e+00	4.563597e+00	4.068381e-01	-7.435823e-01	-3.598764e-01	9.133951e+00
8.772505e+01	-1.589801e-01	-1.056098e+00	1.306964e+01	2.391691e+00	4.561621e+00	4.120008e-01	-7.525557e-01	-3.473946e-01	9.141256e+00
8.594293e+01	-1.525650e-01	-1.057499e+00	1.307062e+01	2.396919e+00	4.559929e+00	4.191105e-01	-7.653803e-01	-3.339187e-01	9.149994e+00
8.418987e+01	-1.411045e-01	-1.061983e+00	1.306784e+01	2.402034e+00	4.558478e+00	4.225569e-01	-7.785225e-01	-3.209091e-01	9.159261e+00
8.246775e+01	-1.288522e-01	-1.063859e+00	1.306457e+01	2.407506e+00	4.557139e+00	4.259853e-01	-7.899036e-01	-3.098015e-01	9.167344e+00
8.441260e+01	-1.161571e-01	-1.066071e+00	1.306271e+01	2.410701e+00	4.555811e+00	4.276639e-01	-7.988813e-01	-3.009517e-01	9.174727e+00
8.690987e+01	-9.887829e-02	-1.067099e+00	1.305626e+01	2.415653e+00	4.554720e+00	4.269524e-01	-8.053559e-01	-2.934810e-01	9.180502e+00
9.613001e+01	-7.623545e-02	-1.066241e+00	1.304195e+01	2.426492e+00	4.554019e+00	4.282813e-01	-8.184077e-01	-2.866108e-01	9.190281e+00
1.053908e+02	-5.695566e-02	-1.067139e+00	1.303595e+01	2.428655e+00	4.553022e+00	4.233832e-01	-8.254403e-01	-2.823067e-01	9.197131e+00
8.394668e+01	-3.156836e-02	-1.057461e+00	1.302624e+01	2.431989e+00	4.552131e+00	4.176857e-01	-8.107644e-01	-2.830198e-01	9.192976e+00
7.871494e+01	-1.141665e-02	-1.050872e+00	1.302365e+01	2.430502e+00	4.551058e+00	4.089161e-01	-7.967892e-01	-2.844729e-01	9.189495e+00
7.955551e+01	5.306422e-03	-1.048150e+00	1.302712e+01	2.422641e+00	4.549761e+00	3.952580e-01	-7.830538e-01	-2.867567e-01	9.186086e+00
8.100862e+01	2.439216e-02	-1.042977e+00	1.302611e+01	2.419389e+00	4.548708e+00	3.865592e-01	-7.715031e-01	-2.885200e-01	9.183780e+00
8.196922e+01	4.074104e-02	-1.036236e+00	1.302593e+01	2.418051e+00	4.547664e+00	3.809487e-01	-7.618992e-01	-2.896917e-01	9.182049e+00
8.317328e+01	5.776492e-02	-1.033134e+00	1.302637e+01	2.414424e+00	4.546662e+00	3.746234e-01	-7.568579e-01	-2.894816e-01	9.182885e+00
8.476972e+01	7.217495e-02	-1.032223e+00	1.302999e+01	2.408414e+00	4.545571e+00	3.673436e-01	-7.527956e-01	-2.893074e-01	9.184463e+00
8.471001e+01	8.642878e-02	-1.029023e+00	1.303125e+01	2.406015e+00	4.544637e+00	3.647974e-01	-7.523094e-01	-2.872969e-01	9.189186e+00
8.350996e+01	9.498370e-02	-1.023134e+00	1.303655e+01	2.402731e+00	4.543617e+00	3.670920e-01	-7.543577e-01	-2.841287e-01	9.194551e+00
8.296182e+01	1.061058e-01	-1.020870e+00	1.303887e+01	2.400949e+00	4.542716e+00	3.672513e-01	-7.579253e-01	-2.804657e-01	9.201304e+00
8.249527e+01	1.119226e-01	-1.017950e+00	1.304344e+01	2.401875e+00	4.541773e+00	3.679861e-01	-7.622272e-01	-2.767434e-01	9.208055e+00
8.081676e+01	1.189129e-01	-1.018623e+00	1.304940e+01	2.397616e+00	4.540800e+00	3.681430e-01	-7.714576e-01	-2.719195e-01	9.216486e+00
7.956959e+01	1.219098e-01	-1.017734e+00	1.305977e+01	2.391871e+00	4.539662e+00	3.704706e-01	-7.803690e-01	-2.675329e-01	9.224452e+00
7.769129e+01	1.253286e-01	-1.021570e+00	1.306838e+01	2.386089e+00	4.538648e+00	3.699290e-01	-7.925896e-01	-2.617723e-01	9.234878e+00
7.685052e+01	1.320881e-01	-1.024760e+00	1.307395e+01	2.381620e+00	4.537727e+00	3.702640e-01	-8.046898e-01	-2.564524e-01	9.245647e+00
7.533033e+01	1.339363e-01	-1.027293e+00	1.308282e+01	2.376693e+00	4.536740e+00	3.707701e-01	-8.156505e-01	-2.516416e-01	9.255367e+00
7.667800e+01	1.396751e-01	-1.027687e+00	1.308649e+01	2.375508e+00	4.535952e+00	3.716879e-01	-8.247438e-01	-2.481881e-01	9.263922e+00
7.824079e+01	1.416029e-01	-1.026300e+00	1.309428e+01	2.372925e+00	4.535031e+00	3.737283e-01	-8.311697e-01	-2.458082e-01	9.271344e+00
7.795379e+01	1.462678e-01	-1.022516e+00	1.309884e+01	2.372477e+00	4.534230e+00	3.760517e-01	-8.347616e-01	-2.445311e-01	9.277150e+00
8.237185e+01	1.474630e-01	-1.019765e+00	1.310607e+01	2.370845e+00	4.533365e+00	3.777608e-01	-8.471476e-01	-2.436577e-01	9.283047e+00
8.779379e+01	1.506003e-01	-1.014753e+00	1.311082e+01	2.370752e+00	4.532602e+00	3.807733e-01	-8.571651e-01	-2.433234e-01	9.287973e+00
8.926551e+01	1.508383e-01	-1.013038e+00	1.312025e+01	2.366425e+00	4.531642e+00	3.772060e-01	-8.613055e-01	-2.456644e-01	9.291249e+00
8.554638e+01	1.490692e-01	-1.008826e+00	1.313262e+01	2.361387e+00	4.530552e+00	3.738246e-01	-8.623510e-01	-2.496661e-01	9.292984e+00
7.740727e+01	1.495826e-01	-1.006052e+00	1.314300e+01	2.355527e+00	4.529552e+00	3.656088e-01	-8.547507e-01	-2.554957e-01	9.291080e+00
7.364713e+01	1.552970e-01	-9.986719e-01	1.314554e+01	2.356756e+00	4.528839e+00	3.611450e-01	-8.456511e-01	-2.617831e-01	9.288205e+00
7.417698e+01	1.551695e-01	-9.977845e-01	1.315676e+01	2.350630e+00	4.527847e+00	3.508171e-01	-8.362805e-01	-2.685753e-01	9.286408e+00
7.678063e+01	1.599084e-01	-9.958559e-01	1.316340e+01	2.346902e+00	4.526989e+00	3.413105e-01	-8.270151e-01	-2.756267e-01	9.284711e+00
7.937629e+01	1.601281e-01	-9.949168e-01	1.317134e+01	2.344484e+00	4.526154e+00	3.340723e-01	-8.202481e-01	-2.809070e-01	9.285088e+00
8.098250e+01	1.590125e-01	-9.920645e-01	1.318095e+01	2.341810e+00	4.525238e+00	3.307444e-01	-8.158850e-01	-2.848081e-01	9.286467e+00
8.050999e+01	1.611591e-01	-9.885735e-01	1.318242e+01	2.346579e+00	4.524687e+00	3.308064e-01	-8.139154e-01	-2.872005e-01	9.290036e+00
7.928783e+01	1.617833e-01	-9.816822e-01	1.318171e+01	2.356918e+00	4.524248e+00	3.358063e-01	-8.142223e-01	-2.880912e-01	9.294409e+00
7.886915e+01	1.640382e-01	-9.797896e-01	1.318090e+01	2.363807e+00	4.523820e+00	3.394971e-01	-8.177652e-01	-2.871908e-01	9.302044e+00
7.849935e+01	1.671192e-01	-9.794024e-01	1.318249e+01	2.365784e+00	4.523274e+00	3.413714e-01	-8.212902e-01	-2.859335e-01	9.309182e+00
7.622165e+01	1.672615e-01	-9.830591e-01	1.318274e+01	2.371228e+00	4.522816e+00	3.430041e-01	-8.285639e-01	-2.829292e-01	9.320280e+00
7.480912e+01	1.734231e-01	-9.864517e-01	1.317684e+01	2.380812e+00	4.522547e+00	3.440676e-01	-8.364098e-01	-2.798898e-01	9.331660e+00
7.230063e+01	1.713876e-01	-9.931968e-01	1.317969e+01	2.383753e+00	4.522007e+00	3.437878e-01	-8.444977e-01	-2.764749e-01	9.343777e+00
7.597165e+01	1.698832e-01	-1.001396e+00	1.318099e+01	2.389462e+00	4.521482e+00	3.422904e-01	-8.520261e-01	-2.732007e-01	9.358998e+00
7.933969e+01	1.692216e-01	-1.003546e+00	1.318177e+01	2.394431e+00	4.521000e+00	3.445770e-01	-8.562505e-01	-2.721330e-01	9.371011e+00
8.117404e+01	1.703829e-01	-1.003516e+00	1.318073e+01	2.399077e+00	4.520588e+00	3.460720e-01	-8.581685e-01	-2.721377e-01	9.380656e+00
7.498391e+01	1.717590e-01	-9.974328e-01	1.317918e+01	2.406590e+00	4.520143e+00	3.511633e-01	-8.526110e-01	-2.750338e-01	9.391226e+00
7.511404e+01	1.713497e-01	-9.994117e-01	1.318315e+01	2.407234e+00	4.519525e+00	3.505940e-01	-8.497437e-01	-2.782257e-01	9.403770e+00
7.343793e+01	1.724575e-01	-9.941779e-01	1.318266e+01	2.413806e+00	4.519033e+00	3.549526e-01	-8.454519e-01	-2.820102e-01	9.413063e+00
7.563794e+01	1.743997e-01	-9.903854e-01	1.318188e+01	2.418151e+00	4.518575e+00	3.592574e-01	-8.514274e-01	-2.836908e-01	9.428896e+00
7.659195e+01	1.723874e-01	-9.913182e-01	1.318722e+01	2.418893e+00	4.517882e+00	3.572581e-01	-8.541636e-01	-2.870854e-01	9.443436e+00
7.760647e+01	1.685727e-01	-9.934760e-01	1.319059e+01	2.424488e+00	4.517266e+00	3.544001e-01	-8.543997e-01	-2.910104e-01	9.457510e+00
7.837607e+01	1.654395e-01	-9.964293e-01	1.320031e+01	2.420646e+00	4.516395e+00	3.482599e-01	-8.532436e-01	-2.960070e-01	9.469214e+00
7.444839e+01	1.678090e-01	-9.960798e-01	1.320593e+01	2.418936e+00	4.515609e+00	3.411367e-01	-8.458574e-01	-3.030864e-01	9.475533e+00
7.230228e+01	1.663546e-01	-9.928096e-01	1.321349e+01	2.417278e+00	4.514790e+00	3.374843e-01	-8.377712e-01	-3.102435e-01	9.480287e+00
7.090941e+01	1.723226e-01	-9.833634e-01	1.320892e+01	2.426062e+00	4.514468e+00	3.416656e-01	-8.404206e-01	-3.142894e-01	9.484793e+00
7.082591e+01	1.693577e-01	-9.817440e-01	1.321846e+01	2.423705e+00	4.513645e+00	3.394290e-01	-8.425633e-01	-3.183370e-01	9.490848e+00
7.098381e+01	1.628538e-01	-9.837482e-01	1.323291e+01	2.418454e+00	4.512622e+00	3.360244e-01	-8.446462e-01	-3.222949e-01	9.499331e+00
7.262479e+01	1.602753e-01	-9.836196e-01	1.324057e+01	2.417104e+00	4.511886e+00	3.349093e-01	-8.557860e-01	-3.232766e-01	9.506883e+00
7.597289e+01	1.573731e-01	-9.819030e-01	1.324762e+01	2.417722e+00	4.511160e+00	3.349061e-01	-8.650781e-01	-3.248732e-01	9.513222e+00
8.002587e+01	1.569978e-01	-9.805342e-01	1.325268e+01	2.418106e+00	4.510509e+00	3.350291e-01	-8.731018e-01	-3.266435e-01	9.520299e+00
8.354996e+01	1.576108e-01	-9.776392e-01	1.325552e+01	2.422219e+00	4.509901e+00	3.390862e-01	-8.809105e-01	-3.292298e-01	9.519690e+00
8.496083e+01	1.586697e-01	-9.767294e-01	1.326001e+01	2.421917e+00	4.509246e+00	3.372041e-01	-8.852677e-01	-3.338704e-01	9.517582e+00
7.197951e+01	1.649580e-01	-9.650934e-01	1.326159e+01	2.422621e+00	4.508627e+00	3.339671e-01	-8.680293e-01	-3.455217e-01	9.499608e+00
7.428113e+01	1.661245e-01	-9.604667e-01	1.326896e+01	2.418783e+00	4.507817e+00	3.259002e-01	-8.524373e-01	-3.560559e-01	9.485691e+00
7.842570e+01	1.727060e-01	-9.566890e-01	1.326986e+01	2.418672e+00	4.507254e+00	3.181608e-01	-8.389575e-01	-3.651343e-01	9.474010e+00
8.060928e+01	1.714428e-01	-9.603355e-01	1.327846e+01	2.413234e+00	4.506436e+00	3.091620e-01	-8.310084e-01	-3.697289e-01	9.469685e+00
8.435444e+01	1.667472e-01	-9.671882e-01	1.328703e+01	2.410830e+00	4.505677e+00	3.017587e-01	-8.267693e-01	-3.706877e-01	9.470544e+00
8.289337e+01	1.677579e-01	-9.672485e-01	1.328855e+01	2.413474e+00	4.505194e+00	3.045959e-01	-8.264804e-01	-3.687486e-01	9.473407e+00
7.956591e+01	1.727961e-01	-9.667525e-01	1.328142e+01	2.422362e+00	4.505072e+00	3.100139e-01	-8.291853e-01	-3.635238e-01	9.478324e+00
7.608513e+01	1.752602e-01	-9.654340e-01	1.327721e+01	2.430701e+00	4.504821e+00	3.198983e-01	-8.346749e-01	-3.566816e-01	9.486714e+00
1.471926e+02	2.394286e-01	-9.762857e-01	1.346000e+01	3.098000e+00	3.746667e-01	2.919048e-01	-8.132381e-01	4.045714e-01	9.632571e+00
6.068400e+02	3.618002e-01	-8.539141e-01	1.333763e+01	3.220372e+00	4.970382e-01	4.142763e-01	-6.908665e-01	5.269430e-01	9.510200e+00
1.190677e+02	2.560398e-01	-9.617922e-01	1.343771e+01	3.123307e+00	4.428707e-01	3.122685e-01	-7.942727e-01	4.078949e-01	9.628658e+00
2.043342e+02	2.152673e-01	-1.007623e+00	1.347204e+01	3.092795e+00	4.651638e-01	2.705945e-01	-8.176495e-01	3.525881e-01	9.684946e+00
1.435099e+02	2.269489e-01	-9.957742e-01	1.344830e+01	3.124732e+00	5.391595e-01	3.027587e-01	-9.180941e-01	2.691301e-01	9.705760e+00
1.082100e+02	2.618593e-01	-9.704290e-01	1.340553e+01	3.172487e+00	6.191074e-01	3.409662e-01	-1.023026e+00	3.187175e-01	9.712645e+00
1.180635e+02	2.865599e-01	-9.528244e-01	1.337051e+01	3.217068e+00	6.955804e-01	3.627414e-01	-9.702434e-01	4.258518e-01	9.714792e+00
1.029925e+02	2.927481e-01	-9.748272e-01	1.335747e+01	3.224600e+00	7.415229e-01	3.425344e-01	-9.426281e-01	4.544880e-01	9.771702e+00
9.985091e+01	3.151239e-01	-9.767097e-01	1.332369e+01	3.252964e+00	8.005678e-01	3.418430e-01	-9.290921e-01	4.413234e-01	9.790540e+00
9.684616e+01	3.332051e-01	-9.726574e-01	1.328424e+01	3.290597e+00	8.795766e-01	3.473397e-01	-9.752686e-01	4.369143e-01	9.797509e+00
9.330102e+01	3.456597e-01	-9.826041e-01	1.326233e+01	3.303579e+00	9.178266e-01	3.355150e-01	-9.906081e-01	4.164642e-01	9.823857e+00
1.167323e+02	3.471295e-01	-9.889712e-01	1.324256e+01	3.330251e+00	9.744660e-01	3.343442e-01	-1.072310e+00	3.661591e-01	9.861348e+00
1.871007e+02	3.789438e-01	-9.418484e-01	1.318477e+01	3.409420e+00	1.059348e+00	3.890747e-01	-9.276828e-01	5.190405e-01	9.810578e+00
9.364322e+01	3.542939e-01	-9.841047e-01	1.321618e+01	3.364196e+00	1.037663e+00	3.504870e-01	-8.547287e-01	5.952709e-01	9.866992e+00
9.372377e+01	3.270216e-01	-9.951955e-01	1.322763e+01	3.361835e+00	1.063394e+00	3.436608e-01	-8.166471e-01	6.340523e-01	9.878491e+00
9.287965e+01	3.116893e-01	-9.920379e-01	1.321589e+01	3.383959e+00	1.120314e+00	3.499676e-01	-7.977824e-01	6.534400e-01	9.872136e+00
9.307919e+01	3.149006e-01	-9.941887e-01	1.320322e+01	3.392686e+00	1.149266e+00	3.483499e-01	-7.900104e-01	6.612359e-01	9.879319e+00
9.324959e+01	3.071933e-01	-9.928888e-01	1.318794e+01	3.414886e+00	1.197484e+00	3.512579e-01	-7.893112e-01	6.621563e-01	9.887641e+00
9.340669e+01	3.165112e-01	-9.930036e-01	1.317291e+01	3.419900e+00	1.220459e+00	3.510559e-01	-7.904204e-01	6.609012e-01	9.888054e+00
9.241181e+01	2.954511e-01	-9.947104e-01	1.318677e+01	3.408545e+00	1.230942e+00	3.515582e-01	-7.929116e-01	6.582420e-01	9.876244e+00
9.232699e+01	3.121258e-01	-9.954441e-01	1.316254e+01	3.423863e+00	1.266386e+00	3.492508e-01	-7.967730e-01	6.543224e-01	9.884525e+00
9.669946e+01	3.478501e-01	-9.923218e-01	1.311963e+01	3.446565e+00	1.314518e+00	3.528962e-01	-7.999891e-01	6.511866e-01	9.897669e+00
9.201377e+01	3.114184e-01	-1.003075e+00	1.314704e+01	3.428765e+00	1.315308e+00	3.415149e-01	-8.044743e-01	6.464761e-01	9.900455e+00
9.444302e+01	2.793885e-01	-1.008928e+00	1.316423e+01	3.420729e+00	1.329826e+00	3.352805e-01	-8.089725e-01	6.418043e-01	9.895504e+00
9.605555e+01	2.917873e-01	-9.908740e-01	1.313810e+01	3.453244e+00	1.374578e+00	3.577721e-01	-8.099593e-01	6.405005e-01	9.877300e+00
1.156163e+02	3.224069e-01	-9.807782e-01	1.310011e+01	3.482618e+00	1.418346e+00	3.670201e-01	-8.126836e-01	6.375808e-01	9.868729e+00
9.292994e+01	2.673255e-01	-1.010272e+00	1.315486e+01	3.426057e+00	1.384386e+00	3.393582e-01	-8.157987e-01	6.338937e-01	9.896889e+00
9.851514e+01	2.516028e-01	-1.017162e+00	1.316909e+01	3.407879e+00	1.372780e+00	3.353381e-01	-8.164880e-01	6.328206e-01	9.909468e+00
9.182462e+01	2.692330e-01	-9.994265e-01	1.313366e+01	3.439439e+00	1.422419e+00	3.560437e-01	-8.175900e-01	6.312778e-01	9.890678e+00
9.252770e+01	2.753700e-01	-9.992541e-01	1.312657e+01	3.433476e+00	1.433680e+00	3.583185e-01	-8.186903e-01	6.296751e-01	9.893235e+00
9.347126e+01	2.798233e-01	-9.984181e-01	1.311091e+01	3.443076e+00	1.458028e+00	3.573399e-01	-8.199490e-01	6.280514e-01	9.889074e+00
9.214119e+01	2.481257e-01	-1.012104e+00	1.313974e+01	3.411896e+00	1.435467e+00	3.425863e-01	-8.204373e-01	6.267952e-01	9.888174e+00
9.790126e+01	2.746877e-01	-9.949778e-01	1.309843e+01	3.443802e+00	1.482293e+00	3.636403e-01	-8.198129e-01	6.269253e-01	9.876364e+00
9.335020e+01	2.657871e-01	-1.015827e+00	1.311668e+01	3.401686e+00	1.458935e+00	3.399133e-01	-8.207265e-01	6.251788e-01	9.886626e+00
9.185582e+01	2.818877e-01	-1.003770e+00	1.308386e+01	3.428366e+00	1.496250e+00	3.534731e-01	-8.210820e-01	6.244717e-01	9.880558e+00
1.003785e+02	2.940081e-01	-9.969596e-01	1.304403e+01	3.461544e+00	1.552118e+00	3.584491e-01	-8.208041e-01	6.243134e-01	9.885752e+00
9.101290e+01	2.657110e-01	-1.006336e+00	1.308263e+01	3.425694e+00	1.516736e+00	3.519179e-01	-8.218059e-01	6.225899e-01	9.884596e+00
9.014704e+01	2.425818e-01	-1.010248e+00	1.310235e+01	3.409377e+00	1.510204e+00	3.481141e-01	-8.227209e-01	6.210368e-01	9.871813e+00
9.168047e+01	2.514696e-01	-1.002923e+00	1.309412e+01	3.414128e+00	1.519226e+00	3.579661e-01	-8.220186e-01	6.210977e-01	9.868549e+00
9.006795e+01	2.575202e-01	-1.010455e+00	1.310568e+01	3.386574e+00	1.493163e+00	3.480264e-01	-8.216767e-01	6.204427e-01	9.866068e+00
9.591699e+01	2.677749e-01	-9.978781e-01	1.308030e+01	3.409056e+00	1.525255e+00	3.634133e-01	-8.215782e-01	6.201854e-01	9.862203e+00
9.182150e+01	2.634099e-01	-1.006899e+00	1.306550e+01	3.417276e+00	1.555666e+00	3.549826e-01	-8.215247e-01	6.199226e-01	9.897643e+00
9.074552e+01	2.581397e-01	-1.009110e+00	1.307247e+01	3.403393e+00	1.547309e+00	3.528292e-01	-8.217120e-01	6.190772e-01	9.893253e+00
6.496198e+02	1.364000e+00	-9.671429e-01	1.335029e+01	3.375333e+00	4.748000e+00	5.266667e-02	-9.473333e-01	-6.171429e-02	8.818857e+00
3.590593e+02	1.241628e+00	-1.089514e+00	1.347266e+01	3.252962e+00	4.625628e+00	1.750382e-01	-8.249618e-01	-1.840859e-01	8.941229e+00
1.717682e+03	1.095588e+00	-1.156953e+00	1.360669e+01	3.151197e+00	4.512296e+00	3.326822e-01	-9.211729e-01	-1.077324e-01	9.084597e+00
1.239208e+03	9.903461e-01	-1.167775e+00	1.370510e+01	3.083165e+00	4.423534e+00	4.555023e-01	-8.879520e-01	-1.345818e-01	9.120429e+00
3.856236e+02	9.615910e-01	-1.073232e+00	1.372647e+01	3.133883e+00	4.352428e+00	5.693591e-01	-7.924806e-01	-3.966706e-02	9.025552e+00
8.171125e+02	9.173458e-01	-1.016410e+00	1.377577e+01	3.129762e+00	4.254921e+00	6.045149e-01	-7.227204e-01	2.955893e-02	8.957312e+00
7.883675e+02	8.583595e-01	-9.891454e-01	1.384645e+01	3.087542e+00	4.140285e+00	5.763178e-01	-6.655666e-01	8.628225e-02	8.903096e+00
4.501081e+02	8.004463e-01	-9.867351e-01	1.391655e+01	3.034596e+00	4.031788e+00	5.127695e-01	-6.213889e-01	1.301057e-01	8.863097e+00
1.816832e+02	7.364226e-01	-9.961675e-01	1.399838e+01	2.965160e+00	3.915179e+00	4.396834e-01	-5.853762e-01	1.657909e-01	8.831349e+00
9.719001e+01	6.810674e-01	-1.010852e+00	1.407086e+01	2.900105e+00	3.810605e+00	3.648261e-01	-5.568720e-01	1.940643e-01	8.806668e+00
1.401729e+02	6.377971e-01	-1.022224e+00	1.412672e+01	2.849862e+00	3.729684e+00	3.054506e-01	-5.336366e-01	2.171540e-01	8.786729e+00
2.056907e+02	6.062670e-01	-1.028761e+00	1.416772e+01	2.812955e+00	3.668964e+00	2.664044e-01	-5.150128e-01	2.358715e-01	8.770669e+00
2.556106e+02	5.840525e-01	-1.031208e+00	1.419531e+01	2.789157e+00	3.627213e+00	2.419186e-01	-4.998911e-01	2.512080e-01	8.757524e+00
2.747011e+02	5.695088e-01	-1.030236e+00	1.421292e+01	2.774314e+00	3.599075e+00	2.330027e-01	-4.876691e-01	2.638397e-01	8.746915e+00
2.603863e+02	5.616595e-01	-1.024667e+00	1.422082e+01	2.769424e+00	3.584717e+00	2.377238e-01	-4.779462e-01	2.742856e-01	8.738108e+00
2.298506e+02	5.592013e-01	-1.017177e+00	1.422161e+01	2.771136e+00	3.580115e+00	2.503362e-01	-4.701110e-01	2.829703e-01	8.730994e+00
1.853553e+02	5.606758e-01	-1.006931e+00	1.421705e+01	2.777970e+00	3.583092e+00	2.728703e-01	-4.641097e-01	2.900976e-01	8.725230e+00
1.468562e+02	5.654373e-01	-9.953396e-01	1.420887e+01	2.787892e+00	3.590701e+00	2.991501e-01	-4.593929e-01	2.959632e-01	8.720435e+00
1.261311e+02	5.723193e-01	-9.843051e-01	1.419821e+01	2.800179e+00	3.603005e+00	3.272347e-01	-4.560828e-01	3.005245e-01	8.716988e+00
1.278441e+02	5.807060e-01	-9.751066e-01	1.418713e+01	2.811894e+00	3.615610e+00	3.514409e-01	-4.540255e-01	3.037430e-01	8.714592e+00
1.445913e+02	5.892424e-01	-9.680694e-01	1.417575e+01	2.823601e+00	3.629653e+00	3.714271e-01	-4.526960e-01	3.060894e-01	8.713144e+00
1.606352e+02	5.974511e-01	-9.645593e-01	1.416650e+01	2.831604e+00	3.639522e+00	3.830217e-01	-4.519283e-01	3.076540e-01	8.712425e+00
1.647434e+02	6.046428e-01	-9.649429e-01	1.415803e+01	2.838011e+00	3.649198e+00	3.869666e-01	-4.522769e-01	3.079180e-01	8.712606e+00
1.534656e+02	6.121727e-01	-9.681194e-01	1.415125e+01	2.841087e+00	3.654597e+00	3.810283e-01	-4.526738e-01	3.080110e-01	8.712912e+00
1.378680e+02	6.173178e-01	-9.744918e-01	1.414629e+01	2.842025e+00	3.659347e+00	3.724917e-01	-4.542638e-01	3.063819e-01	8.714394e+00
1.264086e+02	6.243580e-01	-9.802778e-01	1.413958e+01	2.844422e+00	3.666247e+00	3.623856e-01	-4.555920e-01	3.050210e-01	8.715680e+00
1.185682e+02	6.294123e-01	-9.882433e-01	1.413558e+01	2.844044e+00	3.669855e+00	3.505941e-01	-4.578832e-01	3.024948e-01	8.717915e+00
1.168932e+02	6.356611e-01	-9.957136e-01	1.413013e+01	2.845129e+00	3.675613e+00	3.412324e-01	-4.606243e-01	2.995105e-01	8.720534e+00
1.175332e+02	6.428054e-01	-1.000823e+00	1.412345e+01	2.848190e+00	3.683189e+00	3.362874e-01	-4.631348e-01	2.968475e-01	8.722832e+00
1.173556e+02	6.509461e-01	-1.003916e+00	1.411541e+01	2.853108e+00	3.692733e+00	3.353714e-01	-4.654609e-01	2.944714e-01	8.724812e+00
1.156023e+02	6.604008e-01	-1.005802e+00	1.410558e+01	2.860162e+00	3.704962e+00	3.378610e-01	-4.680745e-01	2.919141e-01	8.727053e+00
1.125621e+02	6.718355e-01	-1.006072e+00	1.409336e+01	2.869849e+00	3.720310e+00	3.432519e-01	-4.708533e-01	2.893257e-01	8.729194e+00
1.099906e+02	6.823647e-01	-1.005916e+00	1.408168e+01	2.879184e+00	3.734981e+00	3.504702e-01	-4.734447e-01	2.868865e-01	8.731337e+00
1.084008e+02	6.927587e-01	-1.006847e+00	1.406969e+01	2.888484e+00	3.749994e+00	3.562660e-01	-4.762718e-01	2.842641e-01	8.733870e+00
1.079908e+02	7.030782e-01	-1.006183e+00	1.405808e+01	2.897726e+00	3.764128e+00	3.639365e-01	-4.788302e-01	2.818661e-01	8.735936e+00
1.074981e+02	7.151698e-01	-1.007245e+00	1.404549e+01	2.906235e+00	3.778027e+00	3.679552e-01	-4.818148e-01	2.790203e-01	8.738400e+00
1.081616e+02	7.235982e-01	-1.007437e+00	1.403576e+01	2.913580e+00	3.789447e+00	3.732081e-01	-4.843292e-01	2.765912e-01	8.740382e+00
1.062513e+02	7.286964e-01	-1.010437e+00	1.402968e+01	2.917198e+00	3.796818e+00	3.731452e-01	-4.868944e-01	2.740562e-01	8.742751e+00
1.058084e+02	7.359245e-01	-1.011685e+00	1.402203e+01	2.922352e+00	3.805251e+00	3.755244e-01	-4.894151e-01	2.715327e-01	8.744789e+00
1.037711e+02	7.403486e-01	-1.014435e+00	1.401755e+01	2.924080e+00	3.809561e+00	3.740247e-01	-4.921665e-01	2.688067e-01	8.746893e+00
1.026299e+02	7.464708e-01	-1.016417e+00	1.401106e+01	2.927663e+00	3.815748e+00	3.742922e-01	-4.946174e-01	2.663029e-01	8.748918e+00
1.020803e+02	7.497861e-01	-1.017621e+00	1.400680e+01	2.930466e+00	3.819813e+00	3.755254e-01	-4.967519e-01	2.641475e-01	8.750592e+00
1.007061e+02	7.552513e-01	-1.020061e+00	1.400116e+01	2.932985e+00	3.824431e+00	3.745374e-01	-4.991805e-01	2.616891e-01	8.752665e+00
1.002210e+02	7.599298e-01	-1.021100e+00	1.399494e+01	2.937409e+00	3.831487e+00	3.758582e-01	-5.013514e-01	2.595303e-01	8.754419e+00
9.898511e+01	7.644171e-01	-1.023690e+00	1.399068e+01	2.938869e+00	3.834127e+00	3.743396e-01	-5.037035e-01	2.571591e-01	8.756379e+00
9.842755e+01	7.696765e-01	-1.024822e+00	1.398586e+01	2.941460e+00	3.836726e+00	3.749686e-01	-5.059570e-01	2.548910e-01	8.758021e+00
9.762122e+01	7.732930e-01	-1.027077e+00	1.398216e+01	2.942715e+00	3.838959e+00	3.740623e-01	-5.081910e-01	2.526829e-01	8.759940e+00
9.691069e+01	7.776012e-01	-1.029601e+00	1.397705e+01	2.945231e+00	3.842950e+00	3.727422e-01	-5.105397e-01	2.503644e-01	8.762005e+00
9.651176e+01	7.808695e-01	-1.030721e+00	1.397329e+01	2.947075e+00	3.845227e+00	3.740344e-01	-5.126136e-01	2.483638e-01	8.763662e+00
9.610817e+01	7.850653e-01	-1.031873e+00	1.396921e+01	2.948662e+00	3.847523e+00	3.749774e-01	-5.147736e-01	2.463397e-01	8.765331e+00
9.589995e+01	7.879501e-01	-1.032155e+00	1.396548e+01	2.951214e+00	3.850092e+00	3.779089e-01	-5.167073e-01	2.445135e-01	8.766864e+00
9.559691e+01	7.886421e-01	-1.033680e+00	1.396392e+01	2.951577e+00	3.850679e+00	3.791969e-01	-5.185014e-01	2.427943e-01	8.768536e+00
9.567116e+01	7.914448e-01	-1.033507e+00	1.396031e+01	2.954424e+00	3.852998e+00	3.826807e-01	-5.203452e-01	2.410849e-01	8.769886e+00
9.550936e+01	7.904429e-01	-1.034388e+00	1.396002e+01	2.955121e+00	3.852463e+00	3.841700e-01	-5.221797e-01	2.394044e-01	8.771357e+00
9.573176e+01	7.930039e-01	-1.034358e+00	1.395722e+01	2.957385e+00	3.853746e+00	3.869638e-01	-5.239290e-01	2.377967e-01	8.772623e+00
9.495785e+01	7.949371e-01	-1.036493e+00	1.395733e+01	2.955775e+00	3.849585e+00	3.855218e-01	-5.256414e-01	2.362235e-01	8.774200e+00
9.502473e+01	7.966037e-01	-1.036624e+00	1.395520e+01	2.957536e+00	3.850148e+00	3.875948e-01	-5.273100e-01	2.346966e-01	8.775462e+00
9.471249e+01	7.987441e-01	-1.037250e+00	1.395489e+01	2.955815e+00	3.845961e+00	3.874178e-01	-5.291498e-01	2.330237e-01	8.776649e+00
9.472236e+01	7.996563e-01	-1.037561e+00	1.395302e+01	2.957335e+00	3.846015e+00	3.889693e-01	-5.307091e-01	2.316146e-01	8.777874e+00
9.503530e+01	8.017006e-01	-1.037187e+00	1.395124e+01	2.959029e+00	3.844134e+00	3.911195e-01	-5.320986e-01	2.303201e-01	8.778922e+00
9.467450e+01	8.016950e-01	-1.038140e+00	1.395061e+01	2.959305e+00	3.842724e+00	3.910277e-01	-5.336279e-01	2.289499e-01	8.780204e+00
9.414694e+01	8.032092e-01	-1.039276e+00	1.395038e+01	2.957840e+00	3.838799e+00	3.898845e-01	-5.352107e-01	2.275250e-01	8.781381e+00
9.381118e+01	8.026789e-01	-1.040306e+00	1.395026e+01	2.957805e+00	3.836740e+00	3.893240e-01	-5.366625e-01	2.262424e-01	8.782662e+00
9.340364e+01	8.003331e-01	-1.042410e+00	1.395253e+01	2.954932e+00	3.832306e+00	3.866391e-01	-5.378638e-01	2.251636e-01	8.784036e+00
9.330482e+01	8.007557e-01	-1.042586e+00	1.395144e+01	2.955902e+00	3.830991e+00	3.874882e-01	-5.392625e-01	2.239693e-01	8.785221e+00
9.338060e+01	8.027240e-01	-1.041972e+00	1.394861e+01	2.957765e+00	3.831770e+00	3.900895e-01	-5.406908e-01	2.227465e-01	8.786399e+00
9.345757e+01	8.033182e-01	-1.041793e+00	1.394718e+01	2.959151e+00	3.830529e+00	3.916147e-01	-5.420000e-01	2.216459e-01	8.787491e+00
9.371148e+01	8.050040e-01	-1.041622e+00	1.394434e+01	2.961815e+00	3.831765e+00	3.939484e-01	-5.432686e-01	2.205910e-01	8.788784e+00
9.371168e+01	8.050446e-01	-1.041679e+00	1.394389e+01	2.962252e+00	3.828993e+00	3.945525e-01	-5.445287e-01	2.195356e-01	8.789842e+00
9.344808e+01	8.044249e-01	-1.041878e+00	1.394520e+01	2.960574e+00	3.823846e+00	3.936346e-01	-5.457007e-01	2.185256e-01	8.790691e+00
9.330629e+01	8.043050e-01	-1.042230e+00	1.394506e+01	2.960712e+00	3.820654e+00	3.936107e-01	-5.469211e-01	2.175147e-01	8.791810e+00
9.286528e+01	8.013676e-01	-1.043571e+00	1.394881e+01	2.956938e+00	3.811467e+00	3.913400e-01	-5.482279e-01	2.164544e-01	8.793036e+00
9.282517e+01	8.020549e-01	-1.043540e+00	1.394779e+01	2.958017e+00	3.809497e+00	3.918703e-01	-5.493770e-01	2.155072e-01	8.794097e+00
9.281931e+01	8.007106e-01	-1.044299e+00	1.394831e+01	2.958229e+00	3.806663e+00	3.931808e-01	-5.506352e-01	2.144814e-01	8.795461e+00
9.288154e+01	8.022166e-01	-1.043809e+00	1.394669e+01	2.959867e+00	3.805289e+00	3.941089e-01	-5.517115e-01	2.136149e-01	8.796390e+00
9.318148e+01	8.051129e-01	-1.042669e+00	1.394384e+01	2.962830e+00	3.804325e+00	3.956593e-01	-5.527035e-01	2.127989e-01	8.797179e+00
9.316664e+01	8.059846e-01	-1.042595e+00	1.394286e+01	2.963632e+00	3.802070e+00	3.958975e-01	-5.537608e-01	2.119629e-01	8.798128e+00
9.275478e+01	8.065169e-01	-1.043776e+00	1.394130e+01	2.964625e+00	3.802203e+00	3.949566e-01	-5.549249e-01	2.110395e-01	8.799492e+00
9.261640e+01	8.070011e-01	-1.043846e+00	1.394104e+01	2.964758e+00	3.798544e+00	3.944537e-01	-5.559302e-01	2.102529e-01	8.800419e+00
9.313950e+01	8.066301e-01	-1.042234e+00	1.393968e+01	2.967824e+00	3.797753e+00	3.963535e-01	-5.567903e-01	2.095734e-01	8.801053e+00
9.260495e+01	8.067606e-01	-1.043024e+00	1.394057e+01	2.966560e+00	3.792609e+00	3.943342e-01	-5.577971e-01	2.087861e-01	8.802137e+00
9.208073e+01	8.057574e-01	-1.044460e+00	1.394422e+01	2.962393e+00	3.783289e+00	3.905352e-01	-5.587797e-01	2.080037e-01	8.803149e+00
9.198669e+01	8.063402e-01	-1.044668e+00	1.394432e+01	2.962447e+00	3.779922e+00	3.897634e-01	-5.597446e-01	2.072683e-01	8.804160e+00
9.198673e+01	8.055353e-01	-1.045860e+00	1.394630e+01	2.960123e+00	3.773490e+00	3.873949e-01	-5.605463e-01	2.066334e-01	8.805276e+00
9.191067e+01	8.073232e-01	-1.044668e+00	1.394403e+01	2.962414e+00	3.772751e+00	3.898943e-01	-5.614793e-01	2.059564e-01	8.806120e+00
9.198270e+01	8.104736e-01	-1.043572e+00	1.394163e+01	2.963418e+00	3.770984e+00	3.914639e-01	-5.624757e-01	2.052820e-01	8.806878e+00
9.252554e+01	8.120852e-01	-1.042066e+00	1.393909e+01	2.966380e+00	3.770766e+00	3.948529e-01	-5.633554e-01	2.046494e-01	8.807751e+00
9.281336e+01	8.131177e-01	-1.041374e+00	1.393886e+01	2.967017e+00	3.764883e+00	3.960180e-01	-5.642764e-01	2.039933e-01	8.808635e+00
9.315618e+01	8.136308e-01	-1.040786e+00	1.393720e+01	2.968536e+00	3.763440e+00	3.972334e-01	-5.651387e-01	2.033726e-01	8.809587e+00
9.337257e+01	8.122204e-01	-1.040648e+00	1.393767e+01	2.969151e+00	3.759435e+00	3.982302e-01	-5.661387e-01	2.026549e-01	8.810736e+00
9.281498e+01	8.117137e-01	-1.041219e+00	1.393791e+01	2.968552e+00	3.755478e+00	3.965284e-01	-5.669696e-01	2.020548e-01	8.811771e+00
9.216944e+01	8.105385e-01	-1.042276e+00	1.393866e+01	2.967568e+00	3.751331e+00	3.941364e-01	-5.677750e-01	2.014654e-01	8.812921e+00
9.181487e+01	8.098720e-01	-1.042936e+00	1.393931e+01	2.966667e+00	3.746697e+00	3.922030e-01	-5.685916e-01	2.008799e-01	8.813918e+00
9.170929e+01	8.049380e-01	-1.043371e+00	1.394270e+01	2.965326e+00	3.740886e+00	3.912347e-01	-5.694695e-01	2.002409e-01	8.814863e+00
9.162443e+01	8.057675e-01	-1.043404e+00	1.394217e+01	2.965689e+00	3.737741e+00	3.906788e-01	-5.702460e-01	1.997004e-01	8.815856e+00
9.159243e+01	8.036716e-01	-1.044416e+00	1.394582e+01	2.962163e+00	3.727511e+00	3.890064e-01	-5.709694e-01	1.991736e-01	8.817027e+00
9.158986e+01	8.058552e-01	-1.043436e+00	1.394326e+01	2.964813e+00	3.727398e+00	3.906217e-01	-5.717163e-01	1.986703e-01	8.817955e+00
9.163145e+01	8.058942e-01	-1.043211e+00	1.394292e+01	2.965706e+00	3.724934e+00	3.914721e-01	-5.724307e-01	1.982184e-01	8.819007e+00
9.197440e+01	8.085982e-01	-1.041807e+00	1.393988e+01	2.969041e+00	3.725507e+00	3.938582e-01	-5.731551e-01	1.977329e-01	8.819864e+00
9.172040e+01	8.103909e-01	-1.042029e+00	1.393867e+01	2.969772e+00	3.723453e+00	3.925098e-01	-5.738662e-01	1.972503e-01	8.820813e+00
9.213746e+01	8.122389e-01	-1.040897e+00	1.393652e+01	2.972413e+00	3.722889e+00	3.944746e-01	-5.745807e-01	1.967788e-01	8.821732e+00
9.195759e+01	8.133872e-01	-1.041522e+00	1.393728e+01	2.972224e+00	3.716429e+00	3.942220e-01	-5.754271e-01	1.962415e-01	8.823039e+00
9.213992e+01	8.141024e-01	-1.040890e+00	1.393641e+01	2.973809e+00	3.714877e+00	3.948361e-01	-5.761128e-01	1.957830e-01	8.823915e+00
9.228761e+01	8.150612e-01	-1.040303e+00	1.393246e+01	2.978054e+00	3.719488e+00	3.951114e-01	-5.769184e-01	1.952772e-01	8.825012e+00
9.195668e+01	8.143114e-01	-1.040571e+00	1.393391e+01	2.977282e+00	3.714114e+00	3.938148e-01	-5.775767e-01	1.948338e-01	8.825963e+00
9.247612e+01	8.206325e-01	-1.039217e+00	1.392826e+01	2.982431e+00	3.717040e+00	3.949404e-01	-5.782522e-01	1.943870e-01	8.826754e+00
9.153916e+01	8.168308e-01	-1.040576e+00	1.393258e+01	2.978975e+00	3.707913e+00	3.915914e-01	-5.789102e-01	1.939455e-01	8.827858e+00
9.101259e+01	8.090748e-01	-1.043418e+00	1.393920e+01	2.974510e+00	3.697400e+00	3.858995e-01	-5.795842e-01	1.935278e-01	8.829342e+00
9.105150e+01	8.070586e-01	-1.043282e+00	1.394132e+01	2.973292e+00	3.691000e+00	3.858754e-01	-5.802252e-01	1.931074e-01	8.830367e+00
9.117598e+01	8.041430e-01	-1.042462e+00	1.394388e+01	2.972236e+00	3.684449e+00	3.885465e-01	-5.808190e-01	1.927117e-01	8.831389e+00
9.136109e+01	8.043104e-01	-1.041297e+00	1.394303e+01	2.973643e+00	3.681583e+00	3.906310e-01	-5.814357e-01	1.923211e-01	8.832306e+00
9.207316e+01	8.026704e-01	-1.039364e+00	1.394224e+01	2.976421e+00	3.680186e+00	3.940310e-01	-5.820511e-01	1.919338e-01	8.833061e+00
9.219855e+01	8.032692e-01	-1.038958e+00	1.394154e+01	2.977145e+00	3.676650e+00	3.944209e-01	-5.826581e-01	1.915543e-01	8.834031e+00
9.196047e+01	8.042335e-01	-1.038663e+00	1.394041e+01	2.976757e+00	3.674343e+00	3.930339e-01	-5.832752e-01	1.911675e-01	8.834681e+00
9.167260e+01	8.041127e-01	-1.039035e+00	1.394070e+01	2.976685e+00	3.669414e+00	3.918112e-01	-5.838770e-01	1.907935e-01	8.835874e+00
9.125838e+01	8.015821e-01	-1.039848e+00	1.394258e+01	2.975891e+00	3.663278e+00	3.893200e-01	-5.844895e-01	1.903993e-01	8.837155e+00
9.115204e+01	8.021378e-01	-1.039995e+00	1.394211e+01	2.976273e+00	3.659249e+00	3.885845e-01	-5.850721e-01	1.900450e-01	8.838265e+00
9.160029e+01	8.016844e-01	-1.037919e+00	1.394173e+01	2.978302e+00	3.655415e+00	3.905969e-01	-5.856307e-01	1.896987e-01	8.838859e+00
9.137082e+01	8.026065e-01	-1.038350e+00	1.394080e+01	2.978779e+00	3.652049e+00	3.895955e-01	-5.862026e-01	1.893576e-01	8.840035e+00
5.840922e+02	1.620000e+00	-1.369429e+00	1.413657e+01	3.396667e+00	1.740000e+00	3.711429e-01	-6.760952e-01	-5.920000e-01	8.160571e+00
1.603445e+02	1.742372e+00	-1.247057e+00	1.401420e+01	3.519038e+00	1.862372e+00	4.935144e-01	-7.984668e-01	-4.696284e-01	8.282943e+00
7.225289e+02	1.631510e+00	-1.091290e+00	1.409389e+01	3.654153e+00	2.016177e+00	6.487926e-01	-9.190432e-01	-3.543256e-01	8.384304e+00
1.605080e+02	1.514462e+00	-1.168114e+00	1.420044e+01	3.570447e+00	1.970013e+00	5.784612e-01	-8.279735e-01	-3.473527e-01	8.303236e+00
1.175693e+02	1.418938e+00	-1.228117e+00	1.428655e+01	3.505321e+00	1.931167e+00	5.166663e-01	-7.445664e-01	-3.769055e-01	8.226943e+00
2.105417e+02	1.352586e+00	-1.264635e+00	1.434470e+01	3.464239e+00	1.908965e+00	4.769644e-01	-6.860626e-01	-3.974412e-01	8.174159e+00
2.402627e+02	1.305042e+00	-1.267865e+00	1.438110e+01	3.446859e+00	1.904464e+00	4.681691e-01	-6.418415e-01	-4.025024e-01	8.134125e+00
2.308936e+02	1.274871e+00	-1.260488e+00	1.439988e+01	3.443351e+00	1.911065e+00	4.710042e-01	-6.139896e-01	-3.808271e-01	8.111916e+00
1.723934e+02	1.255776e+00	-1.233565e+00	1.440709e+01	3.453005e+00	1.928933e+00	4.929087e-01	-5.933106e-01	-3.529333e-01	8.094767e+00
1.251632e+02	1.246581e+00	-1.200270e+00	1.440558e+01	3.469330e+00	1.952367e+00	5.193346e-01	-5.788863e-01	-3.205829e-01	8.082356e+00
1.175096e+02	1.241225e+00	-1.168539e+00	1.440080e+01	3.487100e+00	1.976002e+00	5.437750e-01	-5.688298e-01	-2.870916e-01	8.073382e+00
1.533676e+02	1.240921e+00	-1.138720e+00	1.439262e+01	3.505664e+00	1.999374e+00	5.653410e-01	-5.624842e-01	-2.518300e-01	8.066944e+00
1.396230e+02	1.233119e+00	-1.144401e+00	1.439442e+01	3.507199e+00	2.009844e+00	5.589780e-01	-5.599311e-01	-2.165874e-01	8.064803e+00
1.165849e+02	1.222281e+00	-1.162334e+00	1.440029e+01	3.502158e+00	2.014824e+00	5.434284e-01	-5.591123e-01	-1.835645e-01	8.064476e+00
1.115462e+02	1.216044e+00	-1.180347e+00	1.440318e+01	3.498201e+00	2.019004e+00	5.257552e-01	-5.600043e-01	-1.541620e-01	8.065027e+00
1.171285e+02	1.212788e+00	-1.191443e+00	1.440242e+01	3.499347e+00	2.027689e+00	5.128643e-01	-5.620941e-01	-1.275977e-01	8.065953e+00
1.234502e+02	1.213859e+00	-1.197321e+00	1.439829e+01	3.503541e+00	2.036811e+00	5.030593e-01	-5.635096e-01	-1.073504e-01	8.066222e+00
1.236117e+02	1.220141e+00	-1.196223e+00	1.438963e+01	3.512253e+00	2.048117e+00	4.976355e-01	-5.648513e-01	-9.168171e-02	8.066109e+00
1.140454e+02	1.227159e+00	-1.185950e+00	1.437869e+01	3.526303e+00	2.064188e+00	5.002404e-01	-5.660788e-01	-7.876761e-02	8.065615e+00
1.056590e+02	1.234865e+00	-1.172166e+00	1.436740e+01	3.540751e+00	2.078484e+00	5.048690e-01	-5.680276e-01	-6.733994e-02	8.065006e+00
1.030014e+02	1.243646e+00	-1.157466e+00	1.435412e+01	3.557940e+00	2.096870e+00	5.105286e-01	-5.693226e-01	-5.886603e-02	8.064293e+00
1.029838e+02	1.251801e+00	-1.150386e+00	1.434142e+01	3.572294e+00	2.113811e+00	5.090195e-01	-5.702904e-01	-5.207008e-02	8.063780e+00
1.039012e+02	1.255668e+00	-1.144190e+00	1.433363e+01	3.582276e+00	2.125599e+00	5.076846e-01	-5.727427e-01	-4.600927e-02	8.063800e+00
1.023159e+02	1.253523e+00	-1.143388e+00	1.433165e+01	3.586096e+00	2.133319e+00	5.031038e-01	-5.750736e-01	-4.059756e-02	8.063972e+00
9.897211e+01	1.252296e+00	-1.147553e+00	1.432972e+01	3.588607e+00	2.138621e+00	4.933214e-01	-5.784493e-01	-3.608177e-02	8.064704e+00
9.922259e+01	1.250398e+00	-1.155277e+00	1.432878e+01	3.589418e+00	2.142433e+00	4.800314e-01	-5.811118e-01	-3.245454e-02	8.065321e+00
1.014990e+02	1.247643e+00	-1.158236e+00	1.432792e+01	3.591811e+00	2.147751e+00	4.711555e-01	-5.845973e-01	-2.898641e-02	8.066008e+00
1.053184e+02	1.242734e+00	-1.161039e+00	1.432887e+01	3.592604e+00	2.152515e+00	4.628642e-01	-5.871455e-01	-2.673763e-02	8.066339e+00
1.001168e+02	1.243017e+00	-1.152243e+00	1.432365e+01	3.602494e+00	2.164040e+00	4.635527e-01	-5.902620e-01	-2.433682e-02	8.066360e+00
9.515789e+01	1.250507e+00	-1.137253e+00	1.431160e+01	3.618893e+00	2.180543e+00	4.678785e-01	-5.929735e-01	-2.196525e-02	8.065851e+00
9.524474e+01	1.245617e+00	-1.128777e+00	1.431172e+01	3.625607e+00	2.189862e+00	4.693152e-01	-5.964394e-01	-1.997664e-02	8.066041e+00
9.438253e+01	1.235892e+00	-1.128738e+00	1.431931e+01	3.623160e+00	2.189062e+00	4.636523e-01	-5.994696e-01	-1.783882e-02	8.066260e+00
9.401145e+01	1.227461e+00	-1.125515e+00	1.432302e+01	3.626116e+00	2.195938e+00	4.610630e-01	-6.033851e-01	-1.577967e-02	8.066894e+00
9.374986e+01	1.222490e+00	-1.121171e+00	1.432352e+01	3.631446e+00	2.204610e+00	4.586684e-01	-6.069290e-01	-1.350067e-02	8.067262e+00
9.312871e+01	1.210657e+00	-1.122030e+00	1.433024e+01	3.630427e+00	2.208176e+00	4.532546e-01	-6.110473e-01	-1.162032e-02	8.068129e+00
9.305651e+01	1.194893e+00	-1.120979e+00	1.434042e+01	3.626386e+00	2.208843e+00	4.498241e-01	-6.159437e-01	-9.510729e-03	8.069005e+00
9.326591e+01	1.184634e+00	-1.121133e+00	1.434502e+01	3.626542e+00	2.213374e+00	4.448796e-01	-6.196345e-01	-8.202230e-03	8.069719e+00
9.466361e+01	1.170882e+00	-1.122650e+00	1.435292e+01	3.624753e+00	2.215694e+00	4.387712e-01	-6.221709e-01	-8.189863e-03	8.069963e+00
9.309962e+01	1.164505e+00	-1.116996e+00	1.435328e+01	3.629176e+00	2.223675e+00	4.382895e-01	-6.255455e-01	-7.176835e-03	8.070351e+00
9.237957e+01	1.158623e+00	-1.112345e+00	1.435504e+01	3.630178e+00	2.226900e+00	4.361800e-01	-6.283098e-01	-6.357071e-03	8.070317e+00
9.150803e+01	1.153828e+00	-1.104073e+00	1.435331e+01	3.637083e+00	2.237016e+00	4.379161e-01	-6.315022e-01	-5.708165e-03	8.070626e+00
9.291537e+01	1.145500e+00	-1.095050e+00	1.435414e+01	3.643318e+00	2.246936e+00	4.406012e-01	-6.352001e-01	-5.361389e-03	8.071116e+00
9.134633e+01	1.138339e+00	-1.096365e+00	1.435657e+01	3.643632e+00	2.250873e+00	4.343882e-01	-6.383484e-01	-4.568471e-03	8.071765e+00
9.167467e+01	1.128991e+00	-1.103713e+00	1.436331e+01	3.637641e+00	2.248301e+00	4.244629e-01	-6.421427e-01	-3.727872e-03	8.073051e+00
9.256087e+01	1.122138e+00	-1.104003e+00	1.436546e+01	3.638164e+00	2.252322e+00	4.189723e-01	-6.451265e-01	-3.149770e-03	8.073471e+00
9.316753e+01	1.107781e+00	-1.102773e+00	1.437435e+01	3.633963e+00	2.250540e+00	4.166875e-01	-6.486968e-01	-2.038210e-03	8.073966e+00
9.067558e+01	1.106396e+00	-1.094452e+00	1.436951e+01	3.641303e+00	2.260584e+00	4.179149e-01	-6.510258e-01	-2.371831e-03	8.073894e+00
9.145654e+01	1.108495e+00	-1.080553e+00	1.436082e+01	3.653405e+00	2.274461e+00	4.233484e-01	-6.524293e-01	-3.846083e-03	8.073145e+00
9.036543e+01	1.102010e+00	-1.080466e+00	1.436275e+01	3.653103e+00	2.277126e+00	4.182403e-01	-6.551747e-01	-3.896378e-03	8.073584e+00
8.949323e+01	1.098524e+00	-1.083959e+00	1.436259e+01	3.652856e+00	2.280344e+00	4.100104e-01	-6.576709e-01	-3.285262e-03	8.074157e+00
9.004336e+01	1.089757e+00	-1.085408e+00	1.436692e+01	3.650507e+00	2.281450e+00	4.046368e-01	-6.606381e-01	-2.829345e-03	8.074872e+00
9.120391e+01	1.082069e+00	-1.085960e+00	1.437256e+01	3.645600e+00	2.277340e+00	3.996466e-01	-6.632057e-01	-2.022188e-03	8.075194e+00
8.961434e+01	1.076388e+00	-1.079423e+00	1.437250e+01	3.649165e+00	2.284176e+00	4.012470e-01	-6.659046e-01	-1.821190e-03	8.075588e+00
9.031901e+01	1.077133e+00	-1.067803e+00	1.436759e+01	3.657393e+00	2.293268e+00	4.072033e-01	-6.675071e-01	-3.284477e-03	8.075544e+00
9.013647e+01	1.067662e+00	-1.066282e+00	1.437221e+01	3.656480e+00	2.296269e+00	4.051859e-01	-6.707771e-01	-2.142456e-03	8.076498e+00
8.909140e+01	1.060666e+00	-1.070323e+00	1.437790e+01	3.649593e+00	2.292553e+00	3.991188e-01	-6.750505e-01	3.221592e-04	8.078253e+00
8.933064e+01	1.050335e+00	-1.071421e+00	1.438347e+01	3.646938e+00	2.294090e+00	3.953769e-01	-6.779223e-01	8.596853e-04	8.079174e+00
8.938578e+01	1.044070e+00	-1.070071e+00	1.438624e+01	3.646686e+00	2.296339e+00	3.931858e-01	-6.809722e-01	9.325358e-04	8.080048e+00
8.930983e+01	1.036499e+00	-1.067962e+00	1.438898e+01	3.646743e+00	2.300348e+00	3.920918e-01	-6.833774e-01	9.693927e-04	8.080675e+00
8.925162e+01	1.028593e+00	-1.065302e+00	1.439301e+01	3.645021e+00	2.302047e+00	3.919375e-01	-6.860829e-01	8.172770e-04	8.081449e+00
8.913258e+01	1.023784e+00	-1.061980e+00	1.439312e+01	3.647107e+00	2.307724e+00	3.915456e-01	-6.880943e-01	3.202346e-04	8.081882e+00
7.959293e+02	9.525714e-01	-1.136286e+00	1.291143e+01	1.135333e+00	1.270667e+00	3.010476e-01	-6.166667e-01	-4.411429e-01	1.032743e+01
2.950672e+02	8.301998e-01	-1.013914e+00	1.303380e+01	1.257705e+00	1.393038e+00	4.234192e-01	-4.942951e-01	-5.635144e-01	1.020506e+01
1.059779e+03	7.155682e-01	-8.599883e-01	1.314752e+01	1.380229e+00	1.502690e+00	5.657825e-01	-5.072415e-01	-5.944440e-01	1.004061e+01
9.660469e+02	6.366932e-01	-9.105848e-01	1.322553e+01	1.458029e+00	1.578750e+00	6.297160e-01	-5.769571e-01	-5.578822e-01	1.008762e+01
2.691881e+02	5.573745e-01	-1.010040e+00	1.330192e+01	1.527629e+00	1.652716e+00	5.712832e-01	-6.434823e-01	-5.253026e-01	1.018795e+01
4.781819e+02	4.948870e-01	-1.104217e+00	1.336126e+01	1.585465e+00	1.712691e+00	5.059348e-01	-7.101150e-01	-4.900831e-01	1.028205e+01
2.976807e+02	4.396759e-01	-1.112949e+00	1.341298e+01	1.645400e+00	1.767990e+00	4.463081e-01	-6.350963e-01	-5.410489e-01	1.026374e+01
2.763932e+02	3.954921e-01	-1.100004e+00	1.345360e+01	1.699754e+00	1.816393e+00	4.069201e-01	-5.549376e-01	-5.829484e-01	1.021935e+01
3.159955e+02	3.563654e-01	-1.082380e+00	1.348904e+01	1.756243e+00	1.862247e+00	3.813621e-01	-4.841907e-01	-6.084134e-01	1.017415e+01
3.167151e+02	3.237984e-01	-1.063087e+00	1.351735e+01	1.812180e+00	1.905765e+00	3.705247e-01	-4.272104e-01	-6.011044e-01	1.013199e+01
2.865112e+02	2.954853e-01	-1.039450e+00	1.354138e+01	1.867464e+00	1.947605e+00	3.739676e-01	-3.784765e-01	-5.770338e-01	1.008984e+01
2.469912e+02	2.718323e-01	-1.014995e+00	1.356031e+01	1.922115e+00	1.988875e+00	3.874552e-01	-3.396979e-01	-5.311711e-01	1.005035e+01
2.232276e+02	2.513939e-01	-9.882548e-01	1.357619e+01	1.977941e+00	2.028847e+00	4.076697e-01	-3.063919e-01	-4.795377e-01	1.001215e+01
2.295788e+02	2.340337e-01	-9.658121e-01	1.358898e+01	2.032036e+00	2.067686e+00	4.255283e-01	-2.794284e-01	-4.191516e-01	9.978684e+00
2.724714e+02	2.195828e-01	-9.440022e-01	1.359889e+01	2.086965e+00	2.106019e+00	4.460183e-01	-2.577462e-01	-3.547648e-01	9.949306e+00
3.435457e+02	2.075237e-01	-9.265075e-01	1.360656e+01	2.139166e+00	2.143602e+00	4.645506e-01	-2.407737e-01	-2.861160e-01	9.925207e+00
3.443350e+02	1.974142e-01	-9.242473e-01	1.361283e+01	2.188004e+00	2.178637e+00	4.624867e-01	-2.277108e-01	-2.211001e-01	9.911352e+00
3.359884e+02	1.891970e-01	-9.246683e-01	1.361750e+01	2.234309e+00	2.211896e+00	4.597796e-01	-2.192367e-01	-1.580692e-01	9.902730e+00
2.547201e+02	1.823997e-01	-9.396840e-01	1.362123e+01	2.274451e+00	2.242750e+00	4.376442e-01	-2.123428e-01	-9.845674e-02	9.903074e+00
2.093795e+02	1.775912e-01	-9.518011e-01	1.362304e+01	2.316456e+00	2.273756e+00	4.199544e-01	-2.072956e-01	-4.182457e-02	9.903947e+00
1.717060e+02	1.737369e-01	-9.713820e-01	1.362436e+01	2.352923e+00	2.302207e+00	3.933005e-01	-2.059019e-01	1.058675e-02	9.910267e+00
1.654375e+02	1.711528e-01	-9.876597e-01	1.362452e+01	2.389254e+00	2.330106e+00	3.723221e-01	-2.075085e-01	5.892790e-02	9.916044e+00
1.751416e+02	1.702833e-01	-1.001831e+00	1.362315e+01	2.427859e+00	2.358205e+00	3.530650e-01	-2.101165e-01	1.040597e-01	9.921944e+00
1.879391e+02	1.707947e-01	-1.011533e+00	1.362045e+01	2.468748e+00	2.386475e+00	3.395609e-01	-2.135303e-01	1.457365e-01	9.926354e+00
1.931623e+02	1.726763e-01	-1.016506e+00	1.361641e+01	2.512157e+00	2.415423e+00	3.335243e-01	-2.192788e-01	1.831060e-01	9.930139e+00
1.901088e+02	1.756187e-01	-1.018075e+00	1.361144e+01	2.557879e+00	2.444830e+00	3.329670e-01	-2.275248e-01	2.160758e-01	9.933588e+00
1.772081e+02	1.799641e-01	-1.014647e+00	1.360520e+01	2.605802e+00	2.474864e+00	3.384365e-01	-2.355186e-01	2.455912e-01	9.934766e+00
1.605598e+02	1.849907e-01	-1.007733e+00	1.359822e+01	2.655591e+00	2.504896e+00	3.482198e-01	-2.438846e-01	2.723685e-01	9.934646e+00
1.468524e+02	1.913684e-01	-9.993427e-01	1.359042e+01	2.705587e+00	2.535444e+00	3.597368e-01	-2.541843e-01	2.910856e-01	9.934375e+00
1.401491e+02	1.992081e-01	-9.892917e-01	1.358149e+01	2.757051e+00	2.566904e+00	3.721661e-01	-2.645978e-01	3.064456e-01	9.933164e+00
1.417097e+02	2.066663e-01	-9.805094e-01	1.357307e+01	2.804043e+00	2.596034e+00	3.835572e-01	-2.772283e-01	3.124030e-01	9.933310e+00
1.444625e+02	2.139909e-01	-9.756506e-01	1.356497e+01	2.846750e+00	2.623551e+00	3.900454e-01	-2.924678e-01	3.080861e-01	9.936301e+00
1.495103e+02	2.217255e-01	-9.710938e-01	1.355704e+01	2.885604e+00	2.649109e+00	3.949915e-01	-3.068429e-01	3.028485e-01	9.938414e+00
1.374473e+02	2.279792e-01	-9.756066e-01	1.355111e+01	2.911065e+00	2.669115e+00	3.883007e-01	-3.235681e-01	2.887573e-01	9.944517e+00
1.320171e+02	2.354936e-01	-9.767269e-01	1.354434e+01	2.939522e+00	2.690179e+00	3.849527e-01	-3.390198e-01	2.753167e-01	9.948678e+00
1.205123e+02	2.429393e-01	-9.819457e-01	1.353823e+01	2.961409e+00	2.708546e+00	3.753869e-01	-3.559258e-01	2.556944e-01	9.954430e+00
1.131566e+02	2.501661e-01	-9.862514e-01	1.353226e+01	2.982110e+00	2.726054e+00	3.671482e-01	-3.721511e-01	2.369860e-01	9.959674e+00
1.077783e+02	2.581356e-01	-9.901253e-01	1.352569e+01	3.005030e+00	2.744597e+00	3.589182e-01	-3.881002e-01	2.187145e-01	9.965028e+00
1.043106e+02	2.653128e-01	-9.950587e-01	1.352016e+01	3.021367e+00	2.759949e+00	3.498505e-01	-4.049566e-01	1.972534e-01	9.969916e+00
1.025891e+02	2.728316e-01	-9.978870e-01	1.351390e+01	3.040989e+00	2.777159e+00	3.439616e-01	-4.219353e-01	1.758231e-01	9.974155e+00
1.023190e+02	2.803474e-01	-1.000546e+00	1.350819e+01	3.056707e+00	2.791812e+00	3.377816e-01	-4.383795e-01	1.553108e-01	9.977446e+00
1.015369e+02	2.882169e-01	-1.001292e+00	1.350216e+01	3.074165e+00	2.807098e+00	3.339957e-01	-4.543155e-01	1.361636e-01	9.979376e+00
1.001557e+02	2.960745e-01	-1.000790e+00	1.349625e+01	3.090933e+00	2.821727e+00	3.319044e-01	-4.697414e-01	1.185547e-01	9.980666e+00
9.788101e+01	3.036746e-01	-9.994739e-01	1.349049e+01	3.106881e+00	2.836027e+00	3.311928e-01	-4.849177e-01	1.023941e-01	9.980889e+00
9.527785e+01	3.115805e-01	-9.967548e-01	1.348458e+01	3.123733e+00	2.850168e+00	3.321321e-01	-4.996535e-01	8.679386e-02	9.980622e+00
9.340228e+01	3.191534e-01	-9.941041e-01	1.347893e+01	3.139003e+00	2.863504e+00	3.332741e-01	-5.144859e-01	7.156555e-02	9.980238e+00
9.225858e+01	3.264815e-01	-9.909117e-01	1.347368e+01	3.152792e+00	2.875482e+00	3.349576e-01	-5.282530e-01	5.828804e-02	9.978874e+00
9.225754e+01	3.334601e-01	-9.868160e-01	1.346871e+01	3.165964e+00	2.886836e+00	3.384705e-01	-5.418109e-01	4.598844e-02	9.976563e+00
9.226398e+01	3.394129e-01	-9.853099e-01	1.346503e+01	3.172754e+00	2.894617e+00	3.380984e-01	-5.544205e-01	3.497206e-02	9.975028e+00
9.189906e+01	3.445030e-01	-9.847194e-01	1.346234e+01	3.174853e+00	2.899429e+00	3.366384e-01	-5.665427e-01	2.482535e-02	9.972936e+00
9.115482e+01	3.487976e-01	-9.854059e-01	1.346033e+01	3.173782e+00	2.902631e+00	3.337115e-01	-5.779198e-01	1.589220e-02	9.971334e+00
9.026493e+01	3.510615e-01	-9.883151e-01	1.346041e+01	3.163332e+00	2.900390e+00	3.286949e-01	-5.886862e-01	7.388237e-03	9.969788e+00
8.998574e+01	3.542661e-01	-9.895070e-01	1.345945e+01	3.157903e+00	2.900709e+00	3.252053e-01	-5.988373e-01	4.626674e-04	9.967577e+00
8.981221e+01	3.566535e-01	-9.910424e-01	1.345957e+01	3.147950e+00	2.898208e+00	3.209994e-01	-6.085361e-01	-5.595518e-03	9.963942e+00
8.964012e+01	3.593955e-01	-9.913236e-01	1.345899e+01	3.141712e+00	2.897601e+00	3.186701e-01	-6.174861e-01	-1.076184e-02	9.960991e+00
8.891329e+01	3.624114e-01	-9.903125e-01	1.345828e+01	3.135730e+00	2.896754e+00	3.172845e-01	-6.259111e-01	-1.546377e-02	9.957242e+00
8.768236e+01	3.648189e-01	-9.892597e-01	1.345782e+01	3.129543e+00	2.895946e+00	3.166759e-01	-6.344088e-01	-2.179286e-02	9.954393e+00
8.706599e+01	3.665720e-01	-9.891382e-01	1.345832e+01	3.118708e+00	2.892083e+00	3.147406e-01	-6.423901e-01	-2.810708e-02	9.951461e+00
8.535790e+01	3.688163e-01	-9.871032e-01	1.345767e+01	3.113628e+00	2.891630e+00	3.159866e-01	-6.510713e-01	-3.494075e-02	9.948612e+00
8.330643e+01	3.715869e-01	-9.835853e-01	1.345654e+01	3.110975e+00	2.892260e+00	3.195475e-01	-6.603213e-01	-4.271815e-02	9.945338e+00
8.182254e+01	3.733750e-01	-9.817267e-01	1.345618e+01	3.105130e+00	2.891279e+00	3.213999e-01	-6.690288e-01	-4.970259e-02	9.942803e+00
8.056883e+01	3.745813e-01	-9.798875e-01	1.345579e+01	3.100747e+00	2.891225e+00	3.233544e-01	-6.782713e-01	-5.798809e-02	9.940457e+00
7.930348e+01	3.756743e-01	-9.796078e-01	1.345617e+01	3.091732e+00	2.888666e+00	3.236684e-01	-6.874807e-01	-6.644345e-02	9.939093e+00
7.860405e+01	3.777666e-01	-9.770353e-01	1.345555e+01	3.087690e+00	2.888162e+00	3.278211e-01	-6.968083e-01	-7.486191e-02	9.938159e+00
7.636049e+01	3.779441e-01	-9.788777e-01	1.345668e+01	3.074850e+00	2.883740e+00	3.256726e-01	-7.059642e-01	-8.382992e-02	9.937726e+00
7.507889e+01	3.791301e-01	-9.784744e-01	1.345667e+01	3.067592e+00	2.882122e+00	3.261548e-01	-7.154965e-01	-9.336249e-02	9.936984e+00
7.355814e+01	3.788270e-01	-9.812597e-01	1.345823e+01	3.052798e+00	2.876747e+00	3.228054e-01	-7.241756e-01	-1.021611e-01	9.937129e+00
7.258048e+01	3.780635e-01	-9.828462e-01	1.345987e+01	3.038324e+00	2.871774e+00	3.213417e-01	-7.325872e-01	-1.106565e-01	9.937407e+00
7.242252e+01	3.780240e-01	-9.850031e-01	1.346106e+01	3.025282e+00	2.867329e+00	3.188235e-01	-7.415806e-01	-1.203848e-01	9.938205e+00
7.073439e+01	3.782148e-01	-9.858165e-01	1.346180e+01	3.015367e+00	2.864102e+00	3.184121e-01	-7.506991e-01	-1.297643e-01	9.938995e+00
7.036852e+01	3.789313e-01	-9.852960e-01	1.346206e+01	3.006915e+00	2.861863e+00	3.186017e-01	-7.588845e-01	-1.392672e-01	9.939319e+00
7.012074e+01	3.800163e-01	-9.834569e-01	1.346188e+01	3.000281e+00	2.860615e+00	3.197594e-01	-7.662553e-01	-1.488395e-01	9.939104e+00
6.893972e+01	3.814012e-01	-9.802245e-01	1.346132e+01	2.995992e+00	2.860277e+00	3.223952e-01	-7.729885e-01	-1.574437e-01	9.938582e+00
6.800437e+01	3.832167e-01	-9.761010e-01	1.346017e+01	2.993909e+00	2.861213e+00	3.258079e-01	-7.785855e-01	-1.661772e-01	9.938476e+00
6.796067e+01	3.847241e-01	-9.721378e-01	1.345941e+01	2.990577e+00	2.861284e+00	3.281205e-01	-7.836949e-01	-1.740351e-01	9.937465e+00
6.858726e+01	3.852864e-01	-9.711600e-01	1.345983e+01	2.980776e+00	2.858409e+00	3.269834e-01	-7.882330e-01	-1.812061e-01	9.937734e+00
6.881044e+01	3.865869e-01	-9.675674e-01	1.345913e+01	2.976596e+00	2.858142e+00	3.277464e-01	-7.917105e-01	-1.886303e-01	9.936624e+00
6.902211e+01	3.876903e-01	-9.653323e-01	1.345872e+01	2.970549e+00	2.857219e+00	3.257258e-01	-7.945140e-01	-1.970134e-01	9.935405e+00
6.907304e+01	3.885294e-01	-9.629437e-01	1.345848e+01	2.964354e+00	2.856141e+00	3.243592e-01	-7.966758e-01	-2.039031e-01	9.934671e+00
6.905236e+01	3.897514e-01	-9.596993e-01	1.345801e+01	2.958990e+00	2.855265e+00	3.239308e-01	-7.981640e-01	-2.105903e-01	9.936349e+00
6.896996e+01	3.899409e-01	-9.591209e-01	1.345830e+01	2.950216e+00	2.853299e+00	3.198839e-01	-7.993805e-01	-2.169456e-01	9.938360e+00
7.132148e+01	3.886816e-01	-9.627069e-01	1.346043e+01	2.933363e+00	2.847456e+00	3.111863e-01	-7.999453e-01	-2.234509e-01	9.941937e+00
7.275113e+01	3.887885e-01	-9.619375e-01	1.346075e+01	2.925557e+00	2.846179e+00	3.071519e-01	-8.005596e-01	-2.287292e-01	9.949698e+00
7.575811e+01	3.874713e-01	-9.631362e-01	1.346246e+01	2.912451e+00	2.842256e+00	3.007003e-01	-8.004677e-01	-2.343870e-01	9.957480e+00
7.832582e+01	3.880802e-01	-9.620992e-01	1.346168e+01	2.909470e+00	2.843946e+00	3.001835e-01	-8.056142e-01	-2.419623e-01	9.963773e+00
8.050473e+01	3.890145e-01	-9.603871e-01	1.346053e+01	2.907223e+00	2.846295e+00	2.993561e-01	-8.095288e-01	-2.467864e-01	9.969016e+00
7.701581e+01	3.901908e-01	-9.553117e-01	1.345879e+01	2.909534e+00	2.850495e+00	3.028095e-01	-8.123466e-01	-2.520550e-01	9.971952e+00
7.326534e+01	3.929418e-01	-9.475303e-01	1.345584e+01	2.916959e+00	2.856700e+00	3.097430e-01	-8.151906e-01	-2.559299e-01	9.973888e+00
7.373270e+01	3.933893e-01	-9.429521e-01	1.345449e+01	2.918029e+00	2.860688e+00	3.130085e-01	-8.179895e-01	-2.604070e-01	9.976164e+00
7.660273e+01	3.936055e-01	-9.386023e-01	1.345225e+01	2.923851e+00	2.867980e+00	3.168621e-01	-8.224082e-01	-2.657563e-01	9.978778e+00
7.831856e+01	3.925726e-01	-9.388967e-01	1.345228e+01	2.917440e+00	2.868776e+00	3.148685e-01	-8.259181e-01	-2.704939e-01	9.982041e+00
8.328022e+01	3.894639e-01	-9.436236e-01	1.345470e+01	2.900220e+00	2.863962e+00	3.071442e-01	-8.290778e-01	-2.758558e-01	9.984975e+00
7.201383e+01	3.880402e-01	-9.397132e-01	1.345526e+01	2.892161e+00	2.863272e+00	3.026435e-01	-8.199223e-01	-2.747366e-01	9.977661e+00
2.980582e+03	2.211429e-01	-4.460000e-01	1.534343e+01	3.450000e+00	3.574667e+00	3.895238e-02	-5.252381e-01	5.188571e-01	9.852000e+00
5.159769e+02	9.877128e-02	-5.683716e-01	1.546580e+01	3.327628e+00	3.452295e+00	-8.341920e-02	-4.028665e-01	3.964856e-01	9.974372e+00
4.638100e+02	5.448746e-02	-6.150333e-01	1.549480e+01	3.296093e+00	3.432859e+00	-1.119444e-01	-3.382469e-01	2.928104e-01	1.003793e+01
4.477430e+02	3.914111e-02	-6.330098e-01	1.549553e+01	3.294660e+00	3.441836e+00	-1.048891e-01	-3.070734e-01	2.194011e-01	1.007921e+01
3.892010e+02	3.653582e-02	-6.316075e-01	1.548108e+01	3.307255e+00	3.466861e+00	-7.982524e-02	-3.066661e-01	2.327811e-01	1.009099e+01
3.455507e+02	3.367007e-02	-6.302459e-01	1.546317e+01	3.322549e+00	3.495215e+00	-5.795916e-02	-3.139094e-01	2.517980e-01	1.009978e+01
3.006396e+02	3.751707e-02	-6.275827e-01	1.544678e+01	3.336396e+00	3.519132e+00	-3.097269e-02	-3.067173e-01	2.343327e-01	1.011850e+01
2.736076e+02	4.395537e-02	-6.209139e-01	1.542980e+01	3.351609e+00	3.543279e+00	-9.103117e-04	-2.909857e-01	1.953856e-01	1.012766e+01
2.576763e+02	3.912869e-02	-6.317766e-01	1.542223e+01	3.355359e+00	3.559167e+00	1.342391e-03	-2.937133e-01	1.961076e-01	1.015995e+01
2.569073e+02	3.753784e-02	-6.442935e-01	1.542488e+01	3.349257e+00	3.557235e+00	-4.291265e-03	-2.704919e-01	1.371347e-01	1.019677e+01
2.324117e+02	3.893375e-02	-6.409511e-01	1.539842e+01	3.368824e+00	3.595103e+00	2.162562e-02	-2.903018e-01	1.861772e-01	1.020551e+01
2.272122e+02	3.877825e-02	-6.477340e-01	1.539003e+01	3.371715e+00	3.607923e+00	2.275592e-02	-2.765694e-01	1.528599e-01	1.022249e+01
2.173170e+02	4.052138e-02	-6.459915e-01	1.536992e+01	3.386930e+00	3.638962e+00	4.363276e-02	-2.954151e-01	1.943750e-01	1.023535e+01
2.139855e+02	4.587860e-02	-6.478514e-01	1.535659e+01	3.393320e+00	3.657095e+00	4.856895e-02	-2.933287e-01	1.902233e-01	1.024266e+01
2.050281e+02	4.017823e-02	-6.566343e-01	1.535348e+01	3.392760e+00	3.666641e+00	5.096527e-02	-2.942642e-01	1.853150e-01	1.026791e+01
1.994324e+02	3.978259e-02	-6.656424e-01	1.533877e+01	3.400187e+00	3.691882e+00	5.272179e-02	-3.168061e-01	2.238562e-01	1.029616e+01
1.950785e+02	3.888059e-02	-6.681926e-01	1.533591e+01	3.400257e+00	3.698214e+00	5.975840e-02	-3.053390e-01	1.866468e-01	1.030316e+01
1.922827e+02	4.624914e-02	-6.674102e-01	1.531990e+01	3.409928e+00	3.717061e+00	6.771582e-02	-2.873280e-01	1.451856e-01	1.030561e+01
1.886076e+02	4.267330e-02	-6.742872e-01	1.531594e+01	3.408573e+00	3.727575e+00	6.966214e-02	-3.054585e-01	1.641955e-01	1.032241e+01
1.844462e+02	4.196469e-02	-6.776385e-01	1.529982e+01	3.417870e+00	3.754780e+00	7.831934e-02	-3.368470e-01	2.037117e-01	1.032935e+01
1.802994e+02	4.134425e-02	-6.839471e-01	1.530083e+01	3.412530e+00	3.755714e+00	7.821831e-02	-3.468410e-01	1.649183e-01	1.034458e+01
1.762889e+02	4.815621e-02	-6.851262e-01	1.528192e+01	3.421360e+00	3.780686e+00	8.721108e-02	-3.561259e-01	1.664463e-01	1.035337e+01
1.726802e+02	4.479452e-02	-6.913131e-01	1.528357e+01	3.416302e+00	3.780980e+00	8.818596e-02	-3.762439e-01	1.363386e-01	1.036263e+01
1.692115e+02	4.722660e-02	-6.923777e-01	1.527765e+01	3.416643e+00	3.789993e+00	9.701061e-02	-3.888561e-01	1.213036e-01	1.036331e+01
1.652663e+02	4.716988e-02	-6.990823e-01	1.527072e+01	3.417297e+00	3.801178e+00	9.652240e-02	-4.129495e-01	1.128711e-01	1.037516e+01
1.614008e+02	5.022048e-02	-7.006127e-01	1.526119e+01	3.420612e+00	3.815461e+00	1.045691e-01	-4.303918e-01	1.201690e-01	1.037817e+01
1.562065e+02	5.041655e-02	-7.069891e-01	1.525577e+01	3.420092e+00	3.825377e+00	1.057568e-01	-4.600621e-01	1.022923e-01	1.038732e+01
1.539221e+02	5.039778e-02	-7.108370e-01	1.525159e+01	3.420815e+00	3.832799e+00	1.087203e-01	-4.684357e-01	6.147093e-02	1.038795e+01
1.476768e+02	5.397799e-02	-7.147630e-01	1.524007e+01	3.423309e+00	3.849366e+00	1.154035e-01	-5.099856e-01	8.627928e-02	1.039465e+01
1.464803e+02	6.197377e-02	-7.135192e-01	1.521504e+01	3.438424e+00	3.880697e+00	1.338825e-01	-5.364832e-01	9.087016e-02	1.040036e+01
1.427377e+02	5.350224e-02	-7.281055e-01	1.523470e+01	3.413050e+00	3.858137e+00	1.170102e-01	-5.561019e-01	7.516633e-02	1.040885e+01
1.423608e+02	5.530571e-02	-7.363480e-01	1.522816e+01	3.411287e+00	3.869183e+00	1.135436e-01	-6.024379e-01	1.097696e-01	1.041852e+01
1.333680e+02	5.882060e-02	-7.340881e-01	1.521993e+01	3.415076e+00	3.880353e+00	1.314406e-01	-6.118129e-01	8.691837e-02	1.040735e+01
1.309957e+02	6.237438e-02	-7.345023e-01	1.520953e+01	3.418466e+00	3.896553e+00	1.468063e-01	-6.260954e-01	6.457057e-02	1.040375e+01
1.282688e+02	6.104204e-02	-7.426695e-01	1.521708e+01	3.407341e+00	3.889962e+00	1.415154e-01	-6.391247e-01	5.624386e-02	1.040421e+01
1.284888e+02	5.795697e-02	-7.501586e-01	1.522774e+01	3.394776e+00	3.879741e+00	1.384601e-01	-6.529086e-01	4.392665e-02	1.040065e+01
1.239996e+02	6.638948e-02	-7.495319e-01	1.521106e+01	3.401903e+00	3.899442e+00	1.513854e-01	-6.696431e-01	4.835805e-02	1.039865e+01
1.224286e+02	7.442348e-02	-7.514232e-01	1.520367e+01	3.400198e+00	3.907604e+00	1.577550e-01	-6.807406e-01	4.755868e-02	1.039579e+01
1.203606e+02	7.391987e-02	-7.587492e-01	1.520454e+01	3.393443e+00	3.909109e+00	1.555026e-01	-6.920922e-01	3.690200e-02	1.039918e+01
1.175098e+02	7.489635e-02	-7.625034e-01	1.520279e+01	3.389204e+00	3.913886e+00	1.602990e-01	-7.073628e-01	3.430197e-02	1.039900e+01
1.116420e+02	8.041044e-02	-7.681937e-01	1.519707e+01	3.386492e+00	3.920599e+00	1.606678e-01	-7.419000e-01	2.885767e-03	1.039953e+01
1.055376e+02	9.003142e-02	-7.722579e-01	1.518132e+01	3.391187e+00	3.938030e+00	1.640737e-01	-7.726362e-01	-2.057836e-02	1.039791e+01
9.487917e+01	9.307521e-02	-7.765847e-01	1.517978e+01	3.385597e+00	3.940087e+00	1.686081e-01	-8.275374e-01	-5.234834e-02	1.040053e+01
9.354913e+01	1.024965e-01	-7.747343e-01	1.516075e+01	3.395366e+00	3.960982e+00	1.835253e-01	-8.716797e-01	-5.487935e-02	1.040405e+01
9.792669e+01	1.005316e-01	-7.860559e-01	1.517611e+01	3.371822e+00	3.942452e+00	1.713504e-01	-8.695324e-01	-9.080119e-02	1.040833e+01
9.974705e+01	1.046507e-01	-7.856366e-01	1.518189e+01	3.361180e+00	3.933461e+00	1.713184e-01	-7.957473e-01	-5.153398e-02	1.039595e+01
9.654234e+01	1.176585e-01	-7.840478e-01	1.516295e+01	3.370257e+00	3.955001e+00	1.836804e-01	-7.965835e-01	-5.161568e-02	1.039097e+01
8.972986e+01	1.269036e-01	-7.903105e-01	1.515039e+01	3.372416e+00	3.968533e+00	1.817734e-01	-8.316457e-01	-7.844223e-02	1.039661e+01
1.383799e+02	1.341437e-01	-7.941463e-01	1.514426e+01	3.369620e+00	3.975476e+00	1.873981e-01	-9.054409e-01	-1.294544e-01	1.039586e+01
2.068882e+02	1.306209e-01	-8.003230e-01	1.515833e+01	3.353491e+00	3.962452e+00	1.843056e-01	-9.309989e-01	-1.505172e-01	1.039386e+01
1.183473e+02	1.568376e-01	-7.787869e-01	1.513239e+01	3.365854e+00	3.979938e+00	1.950804e-01	-6.705237e-01	-2.018110e-01	1.035747e+01
1.580327e+02	-4.400000e-02	-9.031429e-01	1.250914e+01	1.306000e+00	2.294667e+00	3.025714e-01	-8.955238e-01	5.142857e-01	8.087429e+00
4.099834e+02	-1.663716e-01	-1.025514e+00	1.238677e+01	1.428372e+00	2.417038e+00	1.801998e-01	-7.731522e-01	6.366573e-01	8.209800e+00
1.479944e+02	-1.595594e-01	-9.567851e-01	1.226136e+01	1.545543e+00	2.543462e+00	2.675232e-01	-7.547633e-01	6.115828e-01	8.249349e+00
4.344036e+02	-8.845939e-02	-8.551312e-01	1.212930e+01	1.663751e+00	2.672697e+00	3.791193e-01	-8.217059e-01	5.155452e-01	8.273514e+00
1.502099e+02	-2.162169e-01	-9.744424e-01	1.223794e+01	1.589332e+00	2.565644e+00	2.787424e-01	-8.725245e-01	4.528015e-01	8.409285e+00
1.701801e+02	-2.516182e-01	-9.956994e-01	1.221809e+01	1.634601e+00	2.571967e+00	2.754651e-01	-8.127945e-01	4.948427e-01	8.478694e+00
1.086031e+02	-2.452093e-01	-9.582212e-01	1.216249e+01	1.699200e+00	2.627979e+00	3.387128e-01	-6.937612e-01	5.902407e-01	8.472025e+00
1.437018e+02	-2.369680e-01	-9.360710e-01	1.212004e+01	1.744852e+00	2.676772e+00	3.697413e-01	-8.136490e-01	4.365726e-01	8.475829e+00
1.326145e+02	-2.622594e-01	-1.002442e+00	1.212546e+01	1.748998e+00	2.650486e+00	3.014652e-01	-8.663008e-01	3.546416e-01	8.603193e+00
9.655477e+01	-2.565226e-01	-9.726047e-01	1.208934e+01	1.810485e+00	2.668425e+00	3.510828e-01	-8.595208e-01	2.678293e-01	8.619156e+00
9.190876e+01	-2.597903e-01	-9.812893e-01	1.206938e+01	1.835508e+00	2.688399e+00	3.533894e-01	-9.440719e-01	1.709537e-01	8.700899e+00
9.324030e+01	-2.408265e-01	-9.816064e-01	1.204543e+01	1.859760e+00	2.700520e+00	3.541442e-01	-7.694387e-01	2.445545e-01	8.713378e+00
9.099633e+01	-2.785850e-01	-9.858284e-01	1.205418e+01	1.869085e+00	2.667065e+00	3.505525e-01	-7.150910e-01	2.652240e-01	8.725958e+00
9.006116e+01	-2.830995e-01	-9.953687e-01	1.203666e+01	1.889344e+00	2.678811e+00	3.523802e-01	-7.188725e-01	2.500624e-01	8.816967e+00
8.953958e+01	-2.900756e-01	-9.906841e-01	1.202603e+01	1.909124e+00	2.656394e+00	3.563095e-01	-6.863815e-01	2.562620e-01	8.827389e+00
9.888264e+01	-3.341329e-01	-1.007669e+00	1.205310e+01	1.894924e+00	2.588353e+00	3.393060e-01	-7.085872e-01	2.277078e-01	8.901572e+00
9.100845e+01	-2.876908e-01	-9.880853e-01	1.199464e+01	1.941635e+00	2.642809e+00	3.651641e-01	-6.801181e-01	2.234862e-01	8.929333e+00
9.246479e+01	-2.462241e-01	-9.929882e-01	1.192397e+01	1.998562e+00	2.723629e+00	3.609060e-01	-6.919073e-01	1.963018e-01	9.017687e+00
9.910854e+01	-3.434734e-01	-1.013990e+00	1.204751e+01	1.910272e+00	2.555893e+00	3.444450e-01	-6.845212e-01	1.925964e-01	9.099781e+00
9.295994e+01	-3.327971e-01	-1.009178e+00	1.205077e+01	1.907735e+00	2.526392e+00	3.542425e-01	-6.777443e-01	1.920838e-01	9.158130e+00
1.053774e+02	-3.056634e-01	-9.811988e-01	1.200268e+01	1.961570e+00	2.568792e+00	3.895905e-01	-6.606836e-01	1.819892e-01	9.171654e+00
1.031213e+02	-3.380113e-01	-1.018302e+00	1.205039e+01	1.906632e+00	2.478809e+00	3.438346e-01	-6.547626e-01	1.786813e-01	9.328308e+00
8.595190e+01	-2.959181e-01	-9.969500e-01	1.199478e+01	1.956791e+00	2.533396e+00	3.670581e-01	-6.418997e-01	1.677862e-01	9.337135e+00
8.700189e+01	-2.910948e-01	-1.006337e+00	1.201248e+01	1.917770e+00	2.508764e+00	3.628895e-01	-6.641880e-01	1.401704e-01	9.495837e+00
9.868464e+01	-2.776963e-01	-9.822794e-01	1.197301e+01	1.971707e+00	2.523577e+00	3.882296e-01	-6.526958e-01	1.356325e-01	9.477258e+00
9.447157e+01	-3.203512e-01	-1.013753e+00	1.200773e+01	1.951339e+00	2.444927e+00	3.460045e-01	-6.851180e-01	1.125238e-01	9.634863e+00
7.864980e+01	-3.007873e-01	-1.005839e+00	1.197652e+01	1.980941e+00	2.461045e+00	3.522780e-01	-7.338775e-01	9.750118e-03	9.774658e+00
1.346251e+02	-3.040490e-01	-9.786174e-01	1.192626e+01	2.051200e+00	2.496022e+00	3.887370e-01	-8.500819e-01	-1.338418e-01	9.844685e+00
3.747228e+02	-2.975690e-01	-8.716756e-01	1.201396e+01	1.953424e+00	2.355965e+00	3.934731e-01	-5.199810e-01	1.867721e-01	9.511430e+00
2.517926e+02	-4.132196e-01	-1.007033e+00	1.218691e+01	1.756734e+00	2.161572e+00	2.399427e-01	-4.578322e-01	2.547213e-01	9.530083e+00
1.173447e+02	-3.577503e-01	-9.676595e-01	1.212509e+01	1.791497e+00	2.217398e+00	3.129178e-01	-4.490653e-01	2.771562e-01	9.522990e+00
1.123521e+02	-3.280680e-01	-9.487204e-01	1.208082e+01	1.828424e+00	2.253724e+00	3.544561e-01	-4.664090e-01	2.746898e-01	9.539090e+00
9.769200e+01	-2.606953e-01	-9.767250e-01	1.201720e+01	1.861910e+00	2.315239e+00	3.250998e-01	-4.944428e-01	2.407624e-01	9.585986e+00
9.510006e+01	-2.470548e-01	-9.643492e-01	1.197295e+01	1.912217e+00	2.369402e+00	3.591789e-01	-5.182634e-01	2.213520e-01	9.619706e+00
8.888839e+01	-2.759378e-01	-9.813240e-01	1.199245e+01	1.895577e+00	2.325294e+00	3.470835e-01	-5.327883e-01	2.109679e-01	9.643242e+00
8.971354e+01	-3.305000e-01	-9.762794e-01	1.201849e+01	1.887051e+00	2.274601e+00	3.569090e-01	-5.513587e-01	2.006974e-01	9.636755e+00
8.628709e+01	-2.755845e-01	-9.817252e-01	1.197046e+01	1.920068e+00	2.323434e+00	3.577276e-01	-5.575426e-01	1.979038e-01	9.670306e+00
8.642471e+01	-2.385071e-01	-9.828800e-01	1.192207e+01	1.954873e+00	2.369474e+00	3.628191e-01	-5.666777e-01	1.925476e-01	9.704750e+00
8.680541e+01	-3.012050e-01	-9.947065e-01	1.196371e+01	1.930555e+00	2.300295e+00	3.517991e-01	-5.809963e-01	1.752240e-01	9.716033e+00
9.445642e+01	-3.715577e-01	-9.996772e-01	1.200235e+01	1.915829e+00	2.239793e+00	3.477838e-01	-5.948991e-01	1.609142e-01	9.727311e+00
1.187169e+02	-2.865119e-01	-9.609348e-01	1.193475e+01	1.964729e+00	2.308497e+00	3.969661e-01	-5.980780e-01	1.571522e-01	9.718139e+00
8.665255e+01	-3.323115e-01	-9.878455e-01	1.200805e+01	1.888948e+00	2.206287e+00	3.601119e-01	-6.130659e-01	1.384807e-01	9.730807e+00
8.520085e+01	-3.019753e-01	-9.808068e-01	1.197778e+01	1.905526e+00	2.229822e+00	3.721610e-01	-6.174094e-01	1.338562e-01	9.747972e+00
8.384363e+01	-3.068857e-01	-9.837656e-01	1.194593e+01	1.948918e+00	2.247027e+00	3.724102e-01	-6.210826e-01	1.340103e-01	9.787673e+00
8.352776e+01	-2.764084e-01	-9.906467e-01	1.194603e+01	1.920662e+00	2.233785e+00	3.581077e-01	-6.242820e-01	1.279429e-01	9.793993e+00
8.637307e+01	-2.321073e-01	-9.909257e-01	1.194560e+01	1.887648e+00	2.216533e+00	3.471262e-01	-6.267282e-01	1.227841e-01	9.778247e+00
1.133268e+02	-2.662018e-01	-9.578146e-01	1.191764e+01	1.947476e+00	2.237433e+00	3.935930e-01	-6.287623e-01	1.222562e-01	9.785895e+00
1.316649e+02	-2.983000e-01	-1.018677e+00	1.197637e+01	1.862546e+00	2.167211e+00	3.187522e-01	-6.372099e-01	1.136750e-01	9.850497e+00
8.267799e+01	-2.843270e-01	-9.851750e-01	1.194164e+01	1.888548e+00	2.187949e+00	3.515928e-01	-6.560703e-01	6.974114e-02	9.832623e+00
4.931231e+03	-2.817143e-01	-1.310000e+00	1.272857e+01	2.255333e+00	3.638667e+00	1.242857e-01	-8.833333e-01	3.314286e-01	9.760571e+00
4.805275e+02	-1.593427e-01	-1.187628e+00	1.260620e+01	2.377705e+00	3.761038e+00	2.466573e-01	-7.609618e-01	4.538002e-01	9.638200e+00
1.775205e+02	-4.025553e-05	-1.023536e+00	1.244407e+01	2.542109e+00	3.922797e+00	4.091763e-01	-6.456978e-01	5.619536e-01	9.477216e+00
5.764395e+02	-8.744308e-03	-9.569130e-01	1.246939e+01	2.530793e+00	3.883073e+00	4.783512e-01	-5.854058e-01	5.899254e-01	9.377964e+00
2.903318e+02	-9.658781e-02	-9.939819e-01	1.255888e+01	2.450288e+00	3.787527e+00	4.625192e-01	-5.304023e-01	6.168431e-01	9.400371e+00
1.272801e+02	-1.875830e-01	-1.053330e+00	1.265677e+01	2.359298e+00	3.686067e+00	4.161293e-01	-4.934378e-01	6.254366e-01	9.436167e+00
1.915497e+02	-2.682535e-01	-1.111006e+00	1.274707e+01	2.273439e+00	3.590171e+00	3.677682e-01	-4.905592e-01	5.756524e-01	9.476227e+00
2.829250e+02	-3.227266e-01	-1.143602e+00	1.281199e+01	2.212437e+00	3.519324e+00	3.433397e-01	-4.925209e-01	5.281480e-01	9.493471e+00
3.038495e+02	-3.638717e-01	-1.153789e+00	1.286083e+01	2.167679e+00	3.463644e+00	3.472936e-01	-5.010663e-01	4.756104e-01	9.493533e+00
2.848661e+02	-3.904197e-01	-1.151918e+00	1.289528e+01	2.136415e+00	3.423210e+00	3.619550e-01	-5.105222e-01	4.283257e-01	9.485426e+00
2.010238e+02	-4.040840e-01	-1.128168e+00	1.291646e+01	2.120088e+00	3.396394e+00	4.006934e-01	-5.195926e-01	3.850194e-01	9.458854e+00
1.360882e+02	-4.068607e-01	-1.095600e+00	1.292769e+01	2.112031e+00	3.379064e+00	4.463887e-01	-5.272092e-01	3.479082e-01	9.422751e+00
1.442950e+02	-4.027844e-01	-1.060977e+00	1.293184e+01	2.110842e+00	3.369657e+00	4.927197e-01	-5.373355e-01	3.105555e-01	9.390879e+00
2.305684e+02	-3.930263e-01	-1.032069e+00	1.293344e+01	2.109925e+00	3.362567e+00	5.294717e-01	-5.487667e-01	2.749911e-01	9.362670e+00
2.625769e+02	-3.803484e-01	-1.026423e+00	1.293309e+01	2.107737e+00	3.357845e+00	5.397065e-01	-5.638832e-01	2.371671e-01	9.356645e+00
1.842195e+02	-3.678618e-01	-1.048577e+00	1.293553e+01	2.098470e+00	3.349735e+00	5.207840e-01	-5.807464e-01	1.994628e-01	9.376684e+00
1.391875e+02	-3.499965e-01	-1.070205e+00	1.293373e+01	2.092220e+00	3.346147e+00	4.996945e-01	-5.970662e-01	1.657246e-01	9.393057e+00
1.262640e+02	-3.290466e-01	-1.091939e+00	1.292854e+01	2.088571e+00	3.346141e+00	4.781281e-01	-6.115121e-01	1.359239e-01	9.414018e+00
1.343754e+02	-3.037356e-01	-1.109055e+00	1.292027e+01	2.087950e+00	3.349018e+00	4.587703e-01	-6.229033e-01	1.086035e-01	9.429368e+00
1.450124e+02	-2.753553e-01	-1.119524e+00	1.290799e+01	2.092186e+00	3.355052e+00	4.450438e-01	-6.308074e-01	8.487815e-02	9.440221e+00
1.447614e+02	-2.428759e-01	-1.121880e+00	1.289097e+01	2.101070e+00	3.366138e+00	4.399016e-01	-6.485864e-01	5.037282e-02	9.448967e+00
1.302313e+02	-2.061931e-01	-1.115100e+00	1.286907e+01	2.116241e+00	3.381654e+00	4.441421e-01	-6.703099e-01	1.283378e-02	9.453612e+00
1.135892e+02	-1.683785e-01	-1.104841e+00	1.284546e+01	2.133076e+00	3.398932e+00	4.509237e-01	-6.889928e-01	-2.468678e-02	9.454504e+00
1.002843e+02	-1.277770e-01	-1.090942e+00	1.281733e+01	2.154134e+00	3.419425e+00	4.599310e-01	-7.041758e-01	-5.945680e-02	9.453287e+00
9.662430e+01	-8.828731e-02	-1.075630e+00	1.278998e+01	2.175033e+00	3.438745e+00	4.700901e-01	-7.169932e-01	-9.400950e-02	9.449649e+00
1.013590e+02	-4.986529e-02	-1.062832e+00	1.276388e+01	2.194542e+00	3.456586e+00	4.761309e-01	-7.270363e-01	-1.279241e-01	9.446712e+00
1.099781e+02	-1.423158e-02	-1.052595e+00	1.273965e+01	2.212660e+00	3.471922e+00	4.804399e-01	-7.459869e-01	-1.599291e-01	9.445457e+00
1.015923e+02	1.607142e-02	-1.053635e+00	1.271952e+01	2.226899e+00	3.483140e+00	4.731781e-01	-7.709857e-01	-1.933371e-01	9.459467e+00
1.016670e+02	4.400137e-02	-1.053779e+00	1.270327e+01	2.236978e+00	3.490394e+00	4.652514e-01	-7.863051e-01	-2.278117e-01	9.468178e+00
9.718944e+01	7.154794e-02	-1.052743e+00	1.268706e+01	2.247783e+00	3.497142e+00	4.552167e-01	-7.889249e-01	-2.629052e-01	9.468726e+00
8.493521e+01	9.071318e-02	-1.048120e+00	1.267902e+01	2.251864e+00	3.494965e+00	4.407490e-01	-7.467920e-01	-2.929685e-01	9.430163e+00
8.578071e+01	1.036485e-01	-1.046298e+00	1.267422e+01	2.255041e+00	3.489481e+00	4.271214e-01	-7.086420e-01	-3.220666e-01	9.398589e+00
8.866759e+01	1.118142e-01	-1.046176e+00	1.267268e+01	2.255757e+00	3.482168e+00	4.118785e-01	-6.745378e-01	-3.480362e-01	9.369375e+00
9.296809e+01	1.124301e-01	-1.046118e+00	1.267536e+01	2.254561e+00	3.471468e+00	3.989680e-01	-6.486239e-01	-3.642031e-01	9.348719e+00
9.719367e+01	1.115244e-01	-1.045305e+00	1.267669e+01	2.256418e+00	3.463216e+00	3.889951e-01	-6.270163e-01	-3.745854e-01	9.333561e+00
9.922402e+01	1.154919e-01	-1.041114e+00	1.267288e+01	2.262840e+00	3.459620e+00	3.842718e-01	-6.101930e-01	-3.768672e-01	9.319911e+00
9.951493e+01	1.064380e-01	-1.037132e+00	1.267581e+01	2.268079e+00	3.452359e+00	3.822549e-01	-5.994032e-01	-3.689019e-01	9.311299e+00
9.797441e+01	9.605344e-02	-1.033754e+00	1.268070e+01	2.270623e+00	3.444684e+00	3.825292e-01	-5.951370e-01	-3.478471e-01	9.307916e+00
9.590305e+01	8.134066e-02	-1.028022e+00	1.268441e+01	2.278751e+00	3.438558e+00	3.865332e-01	-5.941928e-01	-3.240770e-01	9.306823e+00
9.547507e+01	6.321317e-02	-1.021373e+00	1.268867e+01	2.288442e+00	3.432102e+00	3.933169e-01	-5.976567e-01	-2.942987e-01	9.309817e+00
9.597928e+01	4.391839e-02	-1.017599e+00	1.269469e+01	2.295181e+00	3.424378e+00	3.983745e-01	-6.036657e-01	-2.617458e-01	9.315960e+00
9.591431e+01	1.821030e-02	-1.016648e+00	1.270465e+01	2.299852e+00	3.412891e+00	4.025593e-01	-6.117003e-01	-2.276056e-01	9.326699e+00
9.353998e+01	-3.607677e-03	-1.018650e+00	1.271418e+01	2.302206e+00	3.401561e+00	4.026701e-01	-6.214785e-01	-1.932441e-01	9.338300e+00
9.333171e+01	-2.812443e-02	-1.018416e+00	1.272574e+01	2.304247e+00	3.387413e+00	4.041369e-01	-6.314626e-01	-1.600758e-01	9.345583e+00
8.917923e+01	-4.833361e-02	-1.024372e+00	1.273610e+01	2.303649e+00	3.373934e+00	3.999748e-01	-6.416781e-01	-1.292783e-01	9.360759e+00
8.705975e+01	-6.258585e-02	-1.031127e+00	1.274312e+01	2.305178e+00	3.362715e+00	3.970763e-01	-6.559665e-01	-1.020925e-01	9.384922e+00
8.641944e+01	-7.711908e-02	-1.036233e+00	1.275040e+01	2.305670e+00	3.350923e+00	3.938253e-01	-6.689345e-01	-7.745867e-02	9.403091e+00
8.723808e+01	-8.735043e-02	-1.042022e+00	1.275583e+01	2.305549e+00	3.340648e+00	3.903385e-01	-6.849066e-01	-5.689244e-02	9.426286e+00
8.629981e+01	-9.396827e-02	-1.042203e+00	1.275797e+01	2.309878e+00	3.332761e+00	3.916725e-01	-7.000463e-01	-4.126014e-02	9.444513e+00
8.399367e+01	-9.580475e-02	-1.039290e+00	1.275599e+01	2.317703e+00	3.327621e+00	3.964113e-01	-7.202961e-01	-3.323279e-02	9.465126e+00
8.232614e+01	-9.546306e-02	-1.035464e+00	1.275360e+01	2.324677e+00	3.322867e+00	4.012323e-01	-7.370438e-01	-2.702552e-02	9.483488e+00
8.183165e+01	-9.280474e-02	-1.032135e+00	1.275038e+01	2.331927e+00	3.317683e+00	4.044635e-01	-7.522014e-01	-2.581561e-02	9.504333e+00
8.306922e+01	-8.767448e-02	-1.027342e+00	1.274620e+01	2.339056e+00	3.313583e+00	4.086717e-01	-7.657726e-01	-2.546941e-02	9.522230e+00
8.308540e+01	-8.425816e-02	-1.025162e+00	1.274289e+01	2.345771e+00	3.308125e+00	4.100767e-01	-7.783649e-01	-2.629905e-02	9.544275e+00
8.313021e+01	-7.695677e-02	-1.023311e+00	1.273987e+01	2.349792e+00	3.301784e+00	4.097964e-01	-7.919476e-01	-3.644297e-02	9.564967e+00
8.152490e+01	-6.862772e-02	-1.022911e+00	1.273553e+01	2.355025e+00	3.297323e+00	4.083182e-01	-8.043481e-01	-4.806286e-02	9.589449e+00
8.314603e+01	-6.094068e-02	-1.023078e+00	1.273465e+01	2.355563e+00	3.287386e+00	4.037823e-01	-8.117375e-01	-6.160857e-02	9.609238e+00
8.087777e+01	-4.815144e-02	-1.016576e+00	1.273080e+01	2.358878e+00	3.279928e+00	4.013849e-01	-7.923557e-01	-5.000892e-02	9.604589e+00
7.967808e+01	-4.071202e-02	-1.012813e+00	1.273241e+01	2.357387e+00	3.266479e+00	3.958447e-01	-7.723068e-01	-4.301391e-02	9.604661e+00
7.762224e+01	-3.235801e-02	-1.012296e+00	1.273440e+01	2.354350e+00	3.252315e+00	3.868301e-01	-7.586982e-01	-4.603912e-02	9.609550e+00
7.653800e+01	-2.656888e-02	-1.011416e+00	1.273762e+01	2.350892e+00	3.236778e+00	3.791858e-01	-7.455097e-01	-4.968909e-02	9.617035e+00
7.662701e+01	-2.648586e-02	-1.008732e+00	1.274250e+01	2.349321e+00	3.220426e+00	3.747565e-01	-7.347197e-01	-5.451873e-02	9.625372e+00
7.672044e+01	-2.054058e-02	-1.007129e+00	1.274519e+01	2.346434e+00	3.205238e+00	3.688994e-01	-7.250383e-01	-6.209199e-02	9.637893e+00
7.660464e+01	-1.380717e-02	-1.005462e+00	1.274762e+01	2.342614e+00	3.190948e+00	3.648123e-01	-7.204323e-01	-7.229004e-02	9.653149e+00
7.656722e+01	-8.111483e-03	-1.001680e+00	1.274914e+01	2.341752e+00	3.177013e+00	3.624936e-01	-7.154383e-01	-8.295817e-02	9.667143e+00
7.590487e+01	6.571708e-04	-9.971783e-01	1.274695e+01	2.343632e+00	3.167050e+00	3.616168e-01	-7.161088e-01	-9.541670e-02	9.682558e+00
7.570011e+01	4.619128e-03	-9.924673e-01	1.274857e+01	2.343607e+00	3.153394e+00	3.620132e-01	-7.161674e-01	-1.080724e-01	9.700580e+00
7.646646e+01	4.407735e-03	-9.867725e-01	1.275148e+01	2.344822e+00	3.138747e+00	3.632922e-01	-7.156806e-01	-1.207683e-01	9.714757e+00
7.560850e+01	5.762813e-03	-9.840293e-01	1.275470e+01	2.343594e+00	3.124002e+00	3.633504e-01	-7.211630e-01	-1.340440e-01	9.739560e+00
7.388614e+01	7.090460e-03	-9.830890e-01	1.275859e+01	2.340298e+00	3.108860e+00	3.624724e-01	-7.297855e-01	-1.468171e-01	9.770241e+00
7.176538e+01	5.440013e-03	-9.824002e-01	1.276345e+01	2.337759e+00	3.092712e+00	3.614279e-01	-7.384835e-01	-1.598081e-01	9.798860e+00
6.940776e+01	7.056195e-04	-9.831571e-01	1.277215e+01	2.331796e+00	3.072129e+00	3.588617e-01	-7.509665e-01	-1.758786e-01	9.828565e+00
6.695631e+01	-1.723961e-03	-9.828931e-01	1.277677e+01	2.329617e+00	3.056720e+00	3.583765e-01	-7.640205e-01	-1.900757e-01	9.862151e+00
6.845634e+01	-2.687389e-03	-9.814344e-01	1.278072e+01	2.328275e+00	3.040691e+00	3.592948e-01	-7.757826e-01	-2.048061e-01	9.897411e+00
6.788413e+01	-3.895470e-03	-9.751740e-01	1.278421e+01	2.327502e+00	3.026089e+00	3.604371e-01	-7.702449e-01	-2.150908e-01	9.902580e+00
7.194927e+01	2.342886e-03	-9.651108e-01	1.278121e+01	2.331542e+00	3.017499e+00	3.636084e-01	-7.537381e-01	-2.195762e-01	9.899019e+00
7.602533e+01	-1.339354e-03	-9.597273e-01	1.278648e+01	2.327893e+00	3.000284e+00	3.626021e-01	-7.424398e-01	-2.252598e-01	9.896318e+00
7.773658e+01	-1.202584e-03	-9.560472e-01	1.278823e+01	2.326346e+00	2.987482e+00	3.623522e-01	-7.394689e-01	-2.304944e-01	9.907580e+00
7.251686e+01	-8.619657e-03	-9.592536e-01	1.279713e+01	2.318365e+00	2.967485e+00	3.544487e-01	-7.373090e-01	-2.343233e-01	9.923396e+00
6.852888e+01	-1.388264e-02	-9.618763e-01	1.280278e+01	2.314035e+00	2.952106e+00	3.485054e-01	-7.431283e-01	-2.359282e-01	9.942827e+00
6.750656e+01	-2.097355e-02	-9.692893e-01	1.281033e+01	2.306836e+00	2.934476e+00	3.399887e-01	-7.607197e-01	-2.419032e-01	9.973084e+00
7.663497e+01	-3.010983e-02	-9.723281e-01	1.281659e+01	2.303354e+00	2.919162e+00	3.374776e-01	-7.780688e-01	-2.452785e-01	9.999932e+00
6.682218e+01	-3.025741e-02	-9.615183e-01	1.281773e+01	2.302666e+00	2.907136e+00	3.365610e-01	-7.621331e-01	-2.507330e-01	9.976672e+00
7.192027e+01	-3.305220e-02	-9.474880e-01	1.281991e+01	2.303290e+00	2.894108e+00	3.385970e-01	-7.412312e-01	-2.510042e-01	9.941934e+00
7.886811e+01	-3.027531e-02	-9.370780e-01	1.281865e+01	2.304336e+00	2.885323e+00	3.389382e-01	-7.281915e-01	-2.492840e-01	9.920570e+00
8.409923e+01	-2.864760e-02	-9.295491e-01	1.281736e+01	2.305793e+00	2.876700e+00	3.386758e-01	-7.237620e-01	-2.442948e-01	9.911140e+00
8.131017e+01	-2.824846e-02	-9.291390e-01	1.281834e+01	2.303442e+00	2.866728e+00	3.324743e-01	-7.233081e-01	-2.348718e-01	9.911810e+00
7.522459e+01	-3.495051e-02	-9.352384e-01	1.282554e+01	2.294908e+00	2.849354e+00	3.215325e-01	-7.255755e-01	-2.249690e-01	9.926589e+00
7.271184e+01	-3.520064e-02	-9.387524e-01	1.282629e+01	2.292154e+00	2.840616e+00	3.158372e-01	-7.330235e-01	-2.092614e-01	9.943997e+00
7.091771e+01	-3.967480e-02	-9.391320e-01	1.282781e+01	2.290225e+00	2.832186e+00	3.151911e-01	-7.426312e-01	-1.921209e-01	9.956723e+00
6.780106e+01	-3.679448e-02	-9.407853e-01	1.282449e+01	2.291435e+00	2.828178e+00	3.147780e-01	-7.581875e-01	-1.755550e-01	9.979246e+00
6.478202e+01	-2.616414e-02	-9.359015e-01	1.281306e+01	2.300470e+00	2.834172e+00	3.210829e-01	-7.742111e-01	-1.591571e-01	9.994393e+00
6.523699e+01	-2.297611e-02	-9.365543e-01	1.280915e+01	2.302791e+00	2.831069e+00	3.239163e-01	-7.955620e-01	-1.487805e-01	1.002144e+01
7.981336e+01	-1.539054e-02	-9.372060e-01	1.280257e+01	2.305533e+00	2.830807e+00	3.269150e-01	-8.228716e-01	-1.495397e-01	1.004764e+01
6.921472e+01	-1.200680e-02	-9.282015e-01	1.279915e+01	2.308092e+00	2.825777e+00	3.303102e-01	-8.112211e-01	-1.415779e-01	1.002737e+01
7.698311e+01	-5.586118e-03	-9.175876e-01	1.279679e+01	2.307442e+00	2.818677e+00	3.320258e-01	-7.801828e-01	-1.219698e-01	9.997386e+00
8.333443e+01	-7.394205e-03	-9.118421e-01	1.279849e+01	2.305119e+00	2.808095e+00	3.284915e-01	-7.560046e-01	-1.080020e-01	9.971701e+00
8.052390e+01	-1.155596e-02	-9.126394e-01	1.280117e+01	2.301956e+00	2.796420e+00	3.182292e-01	-7.356369e-01	-9.708729e-02	9.951731e+00
7.575754e+01	-1.907877e-02	-9.188283e-01	1.280725e+01	2.294071e+00	2.781741e+00	3.062807e-01	-7.214707e-01	-8.744591e-02	9.949651e+00
4.502733e+02	9.068571e-01	-7.385714e-01	1.530686e+01	1.583333e+00	4.172000e+00	1.852381e-01	-7.187619e-01	4.000000e-01	8.105714e+00
4.362807e+02	1.029229e+00	-8.609430e-01	1.518449e+01	1.705705e+00	4.294372e+00	6.286652e-02	-8.411335e-01	5.223716e-01	8.228086e+00
2.443997e+02	1.144971e+00	-8.336280e-01	1.506672e+01	1.822830e+00	4.413250e+00	1.625808e-01	-8.687272e-01	4.492954e-01	8.246968e+00
2.294262e+02	1.266230e+00	-8.273336e-01	1.494793e+01	1.944264e+00	4.534695e+00	2.399004e-01	-9.031076e-01	3.347041e-01	8.310334e+00
1.823021e+02	1.399753e+00	-8.606126e-01	1.483469e+01	2.053731e+00	4.654786e+00	2.272045e-01	-8.556237e-01	2.743019e-01	8.340945e+00
1.667861e+02	1.549439e+00	-8.853217e-01	1.467961e+01	2.200392e+00	4.810519e+00	2.190532e-01	-8.677631e-01	2.425131e-01	8.394842e+00
1.372374e+02	1.577334e+00	-8.902321e-01	1.460688e+01	2.291958e+00	4.918603e+00	2.467622e-01	-9.467538e-01	6.940043e-02	8.460553e+00
5.231664e+02	1.731835e+00	-8.947439e-01	1.445258e+01	2.436670e+00	5.073163e+00	2.772027e-01	-1.117240e+00	3.196703e-02	8.583611e+00
1.234621e+03	1.629732e+00	-7.057247e-01	1.449730e+01	2.515240e+00	5.070472e+00	2.800807e-01	-9.029859e-01	2.461876e-01	8.369932e+00
4.549437e+02	1.390552e+00	-8.945127e-01	1.472925e+01	2.285943e+00	4.901651e+00	5.019831e-02	-8.750812e-01	2.755552e-01	8.372057e+00
4.839171e+02	1.383251e+00	-9.076674e-01	1.471134e+01	2.304586e+00	4.998533e+00	4.560137e-02	-8.718978e-01	2.796904e-01	8.373737e+00
3.651211e+02	1.395424e+00	-8.951690e-01	1.467591e+01	2.347181e+00	5.127557e+00	8.613851e-02	-8.735597e-01	2.829729e-01	8.377051e+00
2.393114e+02	1.417477e+00	-8.771736e-01	1.463154e+01	2.395394e+00	5.226835e+00	1.357867e-01	-8.742122e-01	2.767796e-01	8.378379e+00
1.595589e+02	1.430940e+00	-8.465722e-01	1.458433e+01	2.461495e+00	5.377475e+00	2.079348e-01	-8.745444e-01	2.757577e-01	8.380204e+00
1.508579e+02	1.428196e+00	-8.654005e-01	1.457560e+01	2.471267e+00	5.423615e+00	2.039732e-01	-8.733029e-01	2.718790e-01	8.385199e+00
1.454725e+02	1.418691e+00	-8.766159e-01	1.455597e+01	2.499361e+00	5.531641e+00	2.073682e-01	-8.716820e-01	2.669678e-01	8.390563e+00
1.372683e+02	1.428854e+00	-8.733675e-01	1.452762e+01	2.530273e+00	5.597358e+00	2.263734e-01	-8.715687e-01	2.649046e-01	8.394476e+00
1.309322e+02	1.422159e+00	-8.842855e-01	1.450464e+01	2.558788e+00	5.701090e+00	2.288055e-01	-8.706472e-01	2.630181e-01	8.399807e+00
1.273566e+02	1.413797e+00	-8.870206e-01	1.449890e+01	2.569591e+00	5.741028e+00	2.363847e-01	-8.705500e-01	2.393696e-01	8.405897e+00
1.260329e+02	1.423815e+00	-9.074306e-01	1.447745e+01	2.582226e+00	5.784061e+00	2.293299e-01	-8.741646e-01	2.186278e-01	8.417519e+00
1.183173e+02	1.403057e+00	-9.001477e-01	1.446402e+01	2.609093e+00	5.877154e+00	2.464652e-01	-8.727489e-01	1.946719e-01	8.418178e+00
1.153773e+02	1.388622e+00	-9.098512e-01	1.447035e+01	2.606453e+00	5.894009e+00	2.487747e-01	-8.708306e-01	1.847907e-01	8.422340e+00
1.108900e+02	1.385499e+00	-9.149167e-01	1.444067e+01	2.641532e+00	5.998627e+00	2.530061e-01	-8.742999e-01	1.622929e-01	8.430999e+00
1.125572e+02	1.342220e+00	-9.309115e-01	1.446128e+01	2.631275e+00	6.030238e+00	2.507162e-01	-8.769183e-01	1.516328e-01	8.439967e+00
1.055312e+02	1.372205e+00	-9.214425e-01	1.440991e+01	2.684583e+00	6.131328e+00	2.720202e-01	-8.782001e-01	1.365507e-01	8.442541e+00
1.023198e+02	1.352008e+00	-9.339048e-01	1.440594e+01	2.688090e+00	6.183994e+00	2.653541e-01	-8.807496e-01	1.242392e-01	8.448504e+00
1.005093e+02	1.348067e+00	-9.320855e-01	1.439739e+01	2.701756e+00	6.217317e+00	2.795464e-01	-8.814317e-01	1.115737e-01	8.452826e+00
1.019327e+02	1.300141e+00	-9.483182e-01	1.443317e+01	2.671759e+00	6.205161e+00	2.701767e-01	-8.786653e-01	9.625135e-02	8.456986e+00
9.686342e+01	1.329372e+00	-9.411945e-01	1.438426e+01	2.722717e+00	6.303688e+00	2.843566e-01	-8.811000e-01	9.246714e-02	8.460698e+00
1.079378e+02	1.316537e+00	-9.619410e-01	1.439805e+01	2.700143e+00	6.298168e+00	2.629740e-01	-8.810748e-01	7.786736e-02	8.466152e+00
9.814383e+01	1.329230e+00	-9.440214e-01	1.435283e+01	2.747594e+00	6.387474e+00	2.991080e-01	-8.810060e-01	7.101341e-02	8.466881e+00
9.690637e+01	1.304088e+00	-9.633827e-01	1.437494e+01	2.722485e+00	6.368027e+00	2.787117e-01	-8.848521e-01	6.833826e-02	8.472989e+00
9.056373e+01	1.295899e+00	-9.581694e-01	1.436776e+01	2.735305e+00	6.411200e+00	2.991838e-01	-8.877562e-01	4.061267e-02	8.479793e+00
9.123601e+01	1.306969e+00	-9.698916e-01	1.437107e+01	2.718177e+00	6.386439e+00	2.939286e-01	-8.855143e-01	1.581651e-02	8.484312e+00
8.841685e+01	1.291067e+00	-9.649280e-01	1.435378e+01	2.744510e+00	6.458952e+00	3.054475e-01	-8.900034e-01	1.442269e-02	8.489948e+00
9.092224e+01	1.309786e+00	-9.638600e-01	1.431784e+01	2.774675e+00	6.528438e+00	3.126479e-01	-8.954739e-01	1.217705e-02	8.496547e+00
9.349524e+01	1.254684e+00	-9.807982e-01	1.438733e+01	2.716784e+00	6.460244e+00	2.947203e-01	-8.929017e-01	-1.002208e-02	8.500381e+00
8.785570e+01	1.239944e+00	-9.803788e-01	1.439617e+01	2.718079e+00	6.474250e+00	3.090516e-01	-8.902258e-01	-2.570565e-02	8.503092e+00
8.679750e+01	1.275313e+00	-9.716684e-01	1.434329e+01	2.764617e+00	6.566458e+00	3.197678e-01	-8.992829e-01	-3.773368e-02	8.508402e+00
8.727150e+01	1.271753e+00	-9.731830e-01	1.431774e+01	2.790927e+00	6.624983e+00	3.191411e-01	-9.113755e-01	-3.689086e-02	8.524580e+00
9.150476e+01	1.244133e+00	-9.887934e-01	1.437463e+01	2.718930e+00	6.534763e+00	3.026126e-01	-9.092488e-01	-6.197997e-02	8.528751e+00
9.144106e+01	1.276162e+00	-9.688495e-01	1.433335e+01	2.763467e+00	6.612629e+00	3.338100e-01	-9.042829e-01	-9.888837e-02	8.525289e+00
8.810604e+01	1.231602e+00	-9.915642e-01	1.438943e+01	2.700094e+00	6.532718e+00	3.153853e-01	-9.068800e-01	-8.086126e-02	8.548801e+00
8.291577e+01	1.276259e+00	-9.891632e-01	1.433746e+01	2.751010e+00	6.610576e+00	3.412319e-01	-9.033035e-01	-1.127296e-01	8.547988e+00
8.701236e+01	1.245969e+00	-1.007609e+00	1.437429e+01	2.712430e+00	6.573711e+00	3.260749e-01	-9.036401e-01	-1.252806e-01	8.554742e+00
8.101471e+01	1.253185e+00	-9.981224e-01	1.434471e+01	2.747672e+00	6.624891e+00	3.474191e-01	-9.010375e-01	-1.519767e-01	8.555554e+00
8.365027e+01	1.270066e+00	-1.005019e+00	1.434227e+01	2.733089e+00	6.618743e+00	3.279213e-01	-8.958385e-01	-1.919650e-01	8.559676e+00
8.121245e+01	1.258406e+00	-1.002662e+00	1.436177e+01	2.712794e+00	6.583745e+00	3.390197e-01	-8.968102e-01	-1.897791e-01	8.565207e+00
8.045518e+01	1.295046e+00	-1.003432e+00	1.430395e+01	2.766442e+00	6.684857e+00	3.385141e-01	-8.999461e-01	-1.950637e-01	8.575604e+00
7.997022e+01	1.286517e+00	-1.007221e+00	1.429109e+01	2.783229e+00	6.737944e+00	3.438392e-01	-9.057154e-01	-1.689706e-01	8.589392e+00
8.285995e+01	1.281671e+00	-1.010131e+00	1.432230e+01	2.749228e+00	6.677882e+00	3.313659e-01	-8.988348e-01	-2.262524e-01	8.583332e+00
7.983668e+01	1.271559e+00	-1.005755e+00	1.431450e+01	2.759794e+00	6.709631e+00	3.470889e-01	-9.042539e-01	-1.998765e-01	8.596372e+00
8.152148e+01	1.286567e+00	-1.010764e+00	1.431087e+01	2.756433e+00	6.698073e+00	3.358256e-01	-8.997284e-01	-2.438911e-01	8.595065e+00
8.206986e+01	1.283864e+00	-1.014974e+00	1.432261e+01	2.738937e+00	6.683746e+00	3.377131e-01	-9.040276e-01	-2.368311e-01	8.611634e+00
7.953397e+01	1.301493e+00	-1.018332e+00	1.428112e+01	2.781826e+00	6.742460e+00	3.502767e-01	-9.037057e-01	-2.432524e-01	8.612854e+00
8.155657e+01	1.259361e+00	-1.020488e+00	1.433036e+01	2.735236e+00	6.687086e+00	3.457463e-01	-9.040560e-01	-2.498871e-01	8.614420e+00
8.159028e+01	1.299459e+00	-1.013315e+00	1.428109e+01	2.781494e+00	6.770571e+00	3.692686e-01	-9.001228e-01	-2.955114e-01	8.696663e+00
7.815596e+01	1.281668e+00	-1.020863e+00	1.429384e+01	2.777949e+00	6.761459e+00	3.612495e-01	-9.000796e-01	-3.026849e-01	8.713188e+00
9.572436e+01	1.273909e+00	-1.040935e+00	1.432083e+01	2.737050e+00	6.712702e+00	3.482931e-01	-9.204593e-01	-3.054276e-01	8.783416e+00
1.539880e+02	1.327855e+00	-9.870895e-01	1.429235e+01	2.761220e+00	6.703027e+00	3.312641e-01	-8.432860e-01	-7.280179e-01	8.596953e+00
1.577565e+02	1.304207e+00	-9.954873e-01	1.429352e+01	2.765486e+00	6.704099e+00	3.209633e-01	-8.360912e-01	-7.478462e-01	8.584393e+00
3.085414e+02	-2.085714e-01	-9.214286e-01	1.309429e+01	2.447333e+00	6.689333e+00	8.314286e-02	-7.675238e-01	1.851429e-01	9.577714e+00
3.833701e+02	-3.309430e-01	-7.990570e-01	1.297191e+01	2.569705e+00	6.811705e+00	2.055144e-01	-8.898954e-01	6.277128e-02	9.700086e+00
4.829984e+02	-4.535488e-01	-9.164670e-01	1.309208e+01	2.452032e+00	6.690174e+00	9.546848e-02	-9.400577e-01	-4.312899e-02	9.827343e+00
1.915980e+02	-4.405847e-01	-8.046722e-01	1.312987e+01	2.405428e+00	6.655694e+00	9.110117e-02	-8.060235e-01	-1.789711e-01	9.695248e+00
1.934326e+02	-4.662078e-01	-7.792921e-01	1.316817e+01	2.374358e+00	6.619918e+00	1.050517e-01	-7.685255e-01	-2.137501e-01	9.666707e+00
1.837798e+02	-4.955294e-01	-7.809567e-01	1.318920e+01	2.362853e+00	6.595716e+00	1.268374e-01	-7.574461e-01	-2.156509e-01	9.668132e+00
1.796019e+02	-5.251371e-01	-7.952979e-01	1.323807e+01	2.314028e+00	6.555637e+00	1.035453e-01	-7.538995e-01	-2.201068e-01	9.673366e+00
1.588577e+02	-5.302280e-01	-8.036202e-01	1.325191e+01	2.301640e+00	6.544153e+00	1.271028e-01	-7.536735e-01	-2.142927e-01	9.685874e+00
1.489538e+02	-5.447631e-01	-8.086051e-01	1.327330e+01	2.283583e+00	6.522930e+00	1.396598e-01	-7.540720e-01	-2.100365e-01	9.691187e+00
1.434952e+02	-5.455809e-01	-8.182005e-01	1.328838e+01	2.266980e+00	6.506553e+00	1.439198e-01	-7.556940e-01	-1.972377e-01	9.702739e+00
1.302507e+02	-5.486353e-01	-8.183453e-01	1.329469e+01	2.265247e+00	6.499357e+00	1.746188e-01	-7.561750e-01	-1.941280e-01	9.707800e+00
1.236382e+02	-5.532698e-01	-8.257237e-01	1.330340e+01	2.262247e+00	6.487951e+00	1.858730e-01	-7.571526e-01	-1.869588e-01	9.720379e+00
1.269444e+02	-5.507853e-01	-8.392934e-01	1.331373e+01	2.245417e+00	6.477974e+00	1.684314e-01	-7.585035e-01	-1.828582e-01	9.729874e+00
1.178730e+02	-5.431781e-01	-8.423789e-01	1.332057e+01	2.235993e+00	6.470242e+00	1.835186e-01	-7.608652e-01	-1.757056e-01	9.735686e+00
1.106038e+02	-5.327513e-01	-8.460783e-01	1.331512e+01	2.242086e+00	6.471404e+00	1.987515e-01	-7.625225e-01	-1.670081e-01	9.746473e+00
1.115829e+02	-5.227683e-01	-8.425179e-01	1.331203e+01	2.248038e+00	6.471071e+00	2.213534e-01	-7.631980e-01	-1.630189e-01	9.749349e+00
1.253289e+02	-5.190077e-01	-8.660819e-01	1.332509e+01	2.228973e+00	6.458763e+00	1.784362e-01	-7.659816e-01	-1.548970e-01	9.764750e+00
1.006583e+02	-5.067615e-01	-8.581089e-01	1.332033e+01	2.239181e+00	6.460566e+00	2.232050e-01	-7.675233e-01	-1.481886e-01	9.766692e+00
1.070636e+02	-4.928466e-01	-8.725388e-01	1.332129e+01	2.231986e+00	6.455972e+00	2.018634e-01	-7.703299e-01	-1.407837e-01	9.782571e+00
9.801827e+01	-4.708855e-01	-8.701071e-01	1.331160e+01	2.239682e+00	6.459474e+00	2.161728e-01	-7.721098e-01	-1.345296e-01	9.786170e+00
9.193190e+01	-4.612192e-01	-8.719458e-01	1.331262e+01	2.239286e+00	6.455136e+00	2.395630e-01	-7.764005e-01	-1.274748e-01	9.798258e+00
8.871869e+01	-4.404089e-01	-8.787883e-01	1.330726e+01	2.242333e+00	6.454428e+00	2.442074e-01	-7.799641e-01	-1.209224e-01	9.811211e+00
9.351777e+01	-4.388638e-01	-8.886522e-01	1.332129e+01	2.226460e+00	6.441168e+00	2.262355e-01	-7.828389e-01	-1.190494e-01	9.817953e+00
8.783733e+01	-4.310583e-01	-8.894641e-01	1.332882e+01	2.219584e+00	6.431298e+00	2.387861e-01	-7.843390e-01	-1.159849e-01	9.825973e+00
8.495318e+01	-4.088376e-01	-8.845405e-01	1.331609e+01	2.231033e+00	6.436554e+00	2.613074e-01	-7.878216e-01	-1.125168e-01	9.830498e+00
1.010125e+02	-3.938286e-01	-9.011684e-01	1.331757e+01	2.225849e+00	6.431520e+00	2.197616e-01	-7.889088e-01	-1.118828e-01	9.846956e+00
8.267371e+01	-3.760649e-01	-8.945127e-01	1.331209e+01	2.230752e+00	6.431766e+00	2.482956e-01	-7.922741e-01	-1.065478e-01	9.847938e+00
7.984173e+01	-3.635993e-01	-8.949005e-01	1.330613e+01	2.238281e+00	6.431348e+00	2.670921e-01	-7.960840e-01	-1.031481e-01	9.856142e+00
8.815957e+01	-3.500762e-01	-9.060182e-01	1.331451e+01	2.222307e+00	6.419243e+00	2.383565e-01	-8.015972e-01	-1.106214e-01	9.864386e+00
9.846085e+01	-3.422137e-01	-9.187282e-01	1.332121e+01	2.212353e+00	6.407686e+00	2.329433e-01	-8.079721e-01	-1.114535e-01	9.890072e+00
8.930339e+01	-3.093152e-01	-8.961537e-01	1.329783e+01	2.240930e+00	6.421114e+00	3.037949e-01	-8.102424e-01	-1.117700e-01	9.890806e+00
8.038659e+01	-2.980423e-01	-9.166951e-01	1.332595e+01	2.199342e+00	6.397261e+00	2.571498e-01	-8.148794e-01	-1.194929e-01	9.905457e+00
7.175186e+01	-2.889711e-01	-9.091398e-01	1.333006e+01	2.198175e+00	6.390168e+00	2.894253e-01	-8.189214e-01	-1.222570e-01	9.904423e+00
7.142780e+01	-2.582393e-01	-9.098976e-01	1.332895e+01	2.191952e+00	6.385737e+00	2.766784e-01	-8.199058e-01	-1.266734e-01	9.907244e+00
7.208150e+01	-2.544002e-01	-9.113974e-01	1.333159e+01	2.191744e+00	6.380179e+00	2.741753e-01	-8.205301e-01	-1.232713e-01	9.913553e+00
7.073466e+01	-2.377338e-01	-9.070696e-01	1.331898e+01	2.208721e+00	6.383083e+00	2.825972e-01	-8.219175e-01	-1.213312e-01	9.918193e+00
8.251245e+01	-2.262421e-01	-9.155280e-01	1.333141e+01	2.188598e+00	6.371088e+00	2.521763e-01	-8.210087e-01	-1.206107e-01	9.920422e+00
7.884749e+01	-2.126794e-01	-9.082412e-01	1.333531e+01	2.185136e+00	6.362524e+00	2.516209e-01	-8.109675e-01	-1.069214e-01	9.914885e+00
8.706880e+01	-1.854933e-01	-8.882982e-01	1.331749e+01	2.205354e+00	6.371632e+00	2.959063e-01	-8.088159e-01	-1.029409e-01	9.906608e+00
1.816549e+02	-1.892784e-01	-9.363533e-01	1.335044e+01	2.147804e+00	6.343074e+00	1.905059e-01	-8.135813e-01	-1.162959e-01	9.931963e+00
8.165136e+01	-1.613085e-01	-9.023667e-01	1.332874e+01	2.178467e+00	6.351623e+00	2.462386e-01	-7.978197e-01	-1.159981e-01	9.903185e+00
8.760961e+01	-1.346433e-01	-8.836235e-01	1.331279e+01	2.196317e+00	6.356780e+00	2.886352e-01	-8.043002e-01	-1.163352e-01	9.893424e+00
1.242819e+02	-1.458207e-01	-9.164218e-01	1.334476e+01	2.161362e+00	6.326177e+00	2.078134e-01	-8.072929e-01	-1.182105e-01	9.912525e+00
7.321544e+01	-1.126256e-01	-8.972884e-01	1.332760e+01	2.180165e+00	6.329398e+00	2.686310e-01	-8.095341e-01	-1.126584e-01	9.914697e+00
7.373651e+01	-1.183124e-01	-8.947704e-01	1.333758e+01	2.172909e+00	6.315755e+00	2.768114e-01	-8.109014e-01	-1.098602e-01	9.915594e+00
7.823053e+01	-9.535351e-02	-9.036169e-01	1.333568e+01	2.168669e+00	6.309846e+00	2.463798e-01	-8.242261e-01	-1.109374e-01	9.916607e+00
6.992820e+01	-9.700383e-02	-8.967071e-01	1.333450e+01	2.180030e+00	6.304302e+00	2.725778e-01	-8.302333e-01	-1.088671e-01	9.923311e+00
7.072736e+01	-1.119931e-01	-9.002494e-01	1.335268e+01	2.166191e+00	6.286480e+00	2.672621e-01	-8.324763e-01	-1.084214e-01	9.932190e+00
7.096897e+01	-8.938153e-02	-9.003180e-01	1.334165e+01	2.175591e+00	6.287097e+00	2.654167e-01	-8.339202e-01	-1.104044e-01	9.941852e+00
7.110797e+01	-4.167782e-02	-8.983946e-01	1.330739e+01	2.207066e+00	6.301598e+00	2.698203e-01	-8.414305e-01	-9.022119e-02	9.930507e+00
7.856914e+01	-6.745333e-02	-9.092680e-01	1.334030e+01	2.171890e+00	6.272812e+00	2.564135e-01	-8.426866e-01	-8.875279e-02	9.935014e+00
7.121364e+01	-4.225716e-02	-8.981970e-01	1.331877e+01	2.197835e+00	6.283488e+00	2.804955e-01	-8.408394e-01	-8.955302e-02	9.938833e+00
8.669022e+01	-6.206551e-02	-9.068071e-01	1.335920e+01	2.155193e+00	6.252373e+00	2.392489e-01	-8.398327e-01	-6.729003e-02	9.929029e+00
7.091594e+01	-4.748686e-02	-8.913666e-01	1.335624e+01	2.160077e+00	6.250672e+00	2.607989e-01	-8.384195e-01	-6.238916e-02	9.917563e+00
7.015320e+01	-4.256693e-02	-8.926655e-01	1.335500e+01	2.167374e+00	6.244891e+00	2.698488e-01	-8.439715e-01	-7.383153e-02	9.931825e+00
9.448973e+01	-1.898967e-02	-9.061339e-01	1.334718e+01	2.166812e+00	6.243725e+00	2.292589e-01	-8.459167e-01	-7.919374e-02	9.940603e+00
8.033050e+01	-1.645625e-02	-8.727239e-01	1.334957e+01	2.174313e+00	6.237207e+00	2.622712e-01	-8.157406e-01	-4.248480e-02	9.911986e+00
7.966249e+01	-1.421907e-02	-8.851385e-01	1.336368e+01	2.155107e+00	6.217451e+00	2.380201e-01	-8.085211e-01	-3.539741e-02	9.920651e+00
7.530360e+01	-1.897014e-02	-8.839206e-01	1.336893e+01	2.158003e+00	6.207643e+00	2.507967e-01	-8.136313e-01	-4.862908e-02	9.924088e+00
8.839349e+01	-7.113719e-03	-8.764092e-01	1.335703e+01	2.172342e+00	6.212247e+00	2.893394e-01	-8.179614e-01	-5.588231e-02	9.932800e+00
2.114051e+02	-2.663621e-02	-9.290622e-01	1.339558e+01	2.129248e+00	6.177797e+00	1.699942e-01	-8.253295e-01	-7.895752e-02	9.957722e+00
7.505502e+01	-2.101333e-03	-8.919498e-01	1.336821e+01	2.178985e+00	6.189545e+00	2.940758e-01	-8.151645e-01	-1.148943e-01	9.966079e+00
7.338827e+01	-4.127062e-04	-9.122946e-01	1.338700e+01	2.154262e+00	6.172648e+00	2.810152e-01	-8.306082e-01	-1.733499e-01	9.985090e+00
7.982267e+01	-5.495241e-03	-8.869918e-01	1.340728e+01	2.138695e+00	6.153117e+00	2.939083e-01	-7.992534e-01	-1.607694e-01	9.944243e+00
8.497868e+01	1.482944e-02	-9.001974e-01	1.340180e+01	2.135990e+00	6.149145e+00	2.430741e-01	-7.920850e-01	-1.537277e-01	9.939822e+00
7.426096e+01	1.358297e-02	-9.062634e-01	1.341054e+01	2.135438e+00	6.134345e+00	2.688223e-01	-7.952077e-01	-1.475335e-01	9.941982e+00
7.045570e+01	4.731421e-02	-9.057760e-01	1.337775e+01	2.172380e+00	6.152386e+00	2.748937e-01	-7.986407e-01	-1.403130e-01	9.946391e+00
7.481725e+01	3.949074e-02	-9.173643e-01	1.337878e+01	2.181565e+00	6.147866e+00	2.669726e-01	-8.147927e-01	-1.645886e-01	9.965500e+00
6.934088e+01	6.874745e-02	-9.056670e-01	1.335812e+01	2.203566e+00	6.155572e+00	2.947347e-01	-8.210029e-01	-1.657381e-01	9.972950e+00
7.677111e+01	8.364764e-02	-9.114181e-01	1.335853e+01	2.193844e+00	6.149696e+00	2.548967e-01	-8.102828e-01	-1.440690e-01	9.966688e+00
6.788632e+01	7.930465e-02	-9.124532e-01	1.336571e+01	2.197708e+00	6.136211e+00	2.846818e-01	-8.083575e-01	-1.455681e-01	9.964419e+00
7.077140e+01	6.702270e-02	-9.050367e-01	1.337806e+01	2.199692e+00	6.119746e+00	2.984982e-01	-8.077337e-01	-1.362677e-01	9.955455e+00
9.173587e+01	7.064543e-02	-9.270571e-01	1.338886e+01	2.181309e+00	6.105734e+00	2.516983e-01	-8.107503e-01	-1.374902e-01	9.967397e+00
1.348617e+02	9.330874e-02	-8.772458e-01	1.336725e+01	2.204827e+00	6.116109e+00	3.298278e-01	-7.880465e-01	-1.106906e-01	9.939973e+00
7.408302e+01	4.994708e-02	-9.012378e-01	1.344524e+01	2.124164e+00	6.053395e+00	2.850408e-01	-7.839104e-01	-1.134554e-01	9.948670e+00
7.895298e+01	7.072828e-02	-9.117219e-01	1.343794e+01	2.129119e+00	6.048214e+00	2.628046e-01	-7.913882e-01	-1.212338e-01	9.957778e+00
7.969585e+01	7.303829e-02	-9.187739e-01	1.343165e+01	2.141493e+00	6.046525e+00	2.646353e-01	-8.095571e-01	-1.523110e-01	9.972210e+00
7.453073e+01	9.098606e-02	-8.953772e-01	1.341196e+01	2.169620e+00	6.054365e+00	2.936110e-01	-7.987244e-01	-1.460763e-01	9.955913e+00
7.334670e+01	1.037327e-01	-9.060012e-01	1.340857e+01	2.173289e+00	6.051965e+00	2.622726e-01	-7.970285e-01	-1.415263e-01	9.963020e+00
6.775828e+01	1.257576e-01	-9.029055e-01	1.339826e+01	2.183518e+00	6.052647e+00	2.811606e-01	-8.089484e-01	-1.569265e-01	9.965667e+00
8.760165e+01	1.167929e-01	-9.198119e-01	1.340480e+01	2.183284e+00	6.043029e+00	2.506933e-01	-8.159650e-01	-1.564417e-01	9.981782e+00
9.541209e+01	1.041631e-01	-9.220031e-01	1.340948e+01	2.185910e+00	6.035851e+00	2.451666e-01	-8.175189e-01	-1.492098e-01	9.987414e+00
2.451181e+02	1.437838e-01	-8.500709e-01	1.337196e+01	2.237829e+00	6.056316e+00	3.460567e-01	-7.864993e-01	-1.295773e-01	9.937458e+00
2.342806e+03	1.519429e+00	-1.351143e+00	1.203371e+01	2.276667e+00	3.169333e+00	2.385714e-01	-6.440952e-01	1.485714e-01	8.983429e+00
1.319479e+03	1.397057e+00	-1.228771e+00	1.215609e+01	2.399038e+00	3.291705e+00	3.609430e-01	-5.217237e-01	2.709430e-01	8.861057e+00
9.073899e+02	1.294917e+00	-1.164781e+00	1.226530e+01	2.438235e+00	3.378790e+00	4.767709e-01	-4.553362e-01	3.380697e-01	8.803845e+00
6.506403e+02	1.204901e+00	-1.170900e+00	1.236398e+01	2.446785e+00	3.437268e+00	5.375902e-01	-4.229869e-01	3.705766e-01	8.786685e+00
4.199379e+02	1.138102e+00	-1.216520e+00	1.244210e+01	2.409680e+00	3.469002e+00	5.297894e-01	-4.096745e-01	3.794774e-01	8.784751e+00
3.280635e+02	1.080060e+00	-1.256705e+00	1.250839e+01	2.386363e+00	3.493394e+00	5.259702e-01	-4.027720e-01	3.836019e-01	8.787526e+00
2.971456e+02	1.043750e+00	-1.278512e+00	1.255215e+01	2.366676e+00	3.504868e+00	5.289226e-01	-4.019038e-01	3.800114e-01	8.789371e+00
2.710448e+02	1.017382e+00	-1.285201e+00	1.258315e+01	2.353857e+00	3.512335e+00	5.427813e-01	-4.037092e-01	3.724742e-01	8.790626e+00
2.406307e+02	9.943472e-01	-1.283464e+00	1.261041e+01	2.351009e+00	3.516764e+00	5.686382e-01	-4.059223e-01	3.659497e-01	8.791708e+00
2.180075e+02	9.744844e-01	-1.279102e+00	1.263616e+01	2.343485e+00	3.516864e+00	5.953800e-01	-4.096200e-01	3.564175e-01	8.792412e+00
2.072536e+02	9.582963e-01	-1.273066e+00	1.265476e+01	2.346084e+00	3.519282e+00	6.172644e-01	-4.130615e-01	3.479932e-01	8.792987e+00
2.003644e+02	9.444369e-01	-1.269500e+00	1.267051e+01	2.346887e+00	3.520783e+00	6.271791e-01	-4.178147e-01	3.337880e-01	8.793715e+00
1.906813e+02	9.303205e-01	-1.274860e+00	1.268834e+01	2.342880e+00	3.520026e+00	6.261400e-01	-4.212730e-01	3.241249e-01	8.794528e+00
1.832069e+02	9.169564e-01	-1.280230e+00	1.270424e+01	2.339250e+00	3.520675e+00	6.224930e-01	-4.261191e-01	3.115044e-01	8.795195e+00
1.785829e+02	9.052739e-01	-1.284277e+00	1.271899e+01	2.337033e+00	3.519060e+00	6.197508e-01	-4.295493e-01	3.029329e-01	8.795455e+00
1.739559e+02	8.922022e-01	-1.287699e+00	1.273615e+01	2.331974e+00	3.516715e+00	6.217285e-01	-4.335819e-01	2.934055e-01	8.795886e+00
1.697293e+02	8.831273e-01	-1.283633e+00	1.274682e+01	2.335485e+00	3.516321e+00	6.256685e-01	-4.362103e-01	2.872875e-01	8.795135e+00
1.665428e+02	8.742610e-01	-1.280593e+00	1.275608e+01	2.342049e+00	3.517789e+00	6.293943e-01	-4.380622e-01	2.830151e-01	8.794829e+00
1.635327e+02	8.653787e-01	-1.276636e+00	1.276656e+01	2.343666e+00	3.516304e+00	6.310984e-01	-4.409498e-01	2.766226e-01	8.793753e+00
1.607834e+02	8.567216e-01	-1.272954e+00	1.277680e+01	2.343033e+00	3.515569e+00	6.311702e-01	-4.442305e-01	2.693351e-01	8.792055e+00
1.581233e+02	8.482113e-01	-1.272579e+00	1.278694e+01	2.345954e+00	3.514197e+00	6.273003e-01	-4.465702e-01	2.642451e-01	8.791281e+00
1.557331e+02	8.385342e-01	-1.269723e+00	1.279772e+01	2.352610e+00	3.513313e+00	6.304677e-01	-4.491293e-01	2.586216e-01	8.790936e+00
1.535514e+02	8.311511e-01	-1.270343e+00	1.280656e+01	2.353517e+00	3.512047e+00	6.216033e-01	-4.511522e-01	2.543896e-01	8.789777e+00
1.584860e+02	8.229778e-01	-1.280405e+00	1.281724e+01	2.347808e+00	3.510198e+00	6.012029e-01	-4.524877e-01	2.516639e-01	8.789033e+00
1.509292e+02	8.163522e-01	-1.268437e+00	1.282412e+01	2.356847e+00	3.509955e+00	6.090413e-01	-4.539036e-01	2.488184e-01	8.787295e+00
1.483972e+02	8.102239e-01	-1.262471e+00	1.283025e+01	2.362073e+00	3.510441e+00	6.087869e-01	-4.551868e-01	2.464248e-01	8.785727e+00
1.477253e+02	8.032604e-01	-1.247431e+00	1.283741e+01	2.371151e+00	3.509687e+00	6.216071e-01	-4.567214e-01	2.433596e-01	8.783800e+00
1.479769e+02	7.976070e-01	-1.241534e+00	1.284380e+01	2.375240e+00	3.508172e+00	6.229400e-01	-4.588520e-01	2.389370e-01	8.782865e+00
1.424864e+02	7.896509e-01	-1.245564e+00	1.285276e+01	2.377626e+00	3.506703e+00	6.071565e-01	-4.607716e-01	2.352230e-01	8.781831e+00
1.498048e+02	7.837741e-01	-1.258693e+00	1.285933e+01	2.377190e+00	3.505701e+00	5.747499e-01	-4.630383e-01	2.308840e-01	8.781438e+00
1.410699e+02	7.765153e-01	-1.246143e+00	1.286665e+01	2.385640e+00	3.505001e+00	5.829025e-01	-4.641841e-01	2.286482e-01	8.779558e+00
1.415016e+02	7.675413e-01	-1.222672e+00	1.287579e+01	2.397663e+00	3.503775e+00	6.066839e-01	-4.648466e-01	2.273751e-01	8.776420e+00
1.365154e+02	7.616568e-01	-1.235777e+00	1.288257e+01	2.396924e+00	3.502227e+00	5.776888e-01	-4.672735e-01	2.229004e-01	8.776422e+00
1.469318e+02	7.532775e-01	-1.245919e+00	1.289343e+01	2.391977e+00	3.498812e+00	5.542846e-01	-4.687277e-01	2.203411e-01	8.775042e+00
1.326660e+02	7.488155e-01	-1.225157e+00	1.289699e+01	2.404090e+00	3.499589e+00	5.727979e-01	-4.700886e-01	2.180590e-01	8.772832e+00
1.341469e+02	7.426236e-01	-1.207179e+00	1.290298e+01	2.414744e+00	3.498700e+00	5.867434e-01	-4.712290e-01	2.162200e-01	8.770324e+00
1.299351e+02	7.373315e-01	-1.208399e+00	1.290841e+01	2.416985e+00	3.497824e+00	5.742797e-01	-4.729963e-01	2.132537e-01	8.769510e+00
1.286826e+02	7.312940e-01	-1.213858e+00	1.291514e+01	2.419010e+00	3.495888e+00	5.590242e-01	-4.754289e-01	2.092234e-01	8.769800e+00
1.272521e+02	7.257508e-01	-1.208889e+00	1.292069e+01	2.423274e+00	3.495057e+00	5.540397e-01	-4.768594e-01	2.069834e-01	8.768286e+00
1.253197e+02	7.195692e-01	-1.202103e+00	1.292753e+01	2.428096e+00	3.492172e+00	5.508453e-01	-4.787905e-01	2.041635e-01	8.766930e+00
1.241034e+02	7.142429e-01	-1.192389e+00	1.293213e+01	2.434394e+00	3.492144e+00	5.536949e-01	-4.798416e-01	2.026118e-01	8.765031e+00
1.369516e+02	7.104322e-01	-1.170528e+00	1.293420e+01	2.447118e+00	3.493254e+00	5.701891e-01	-4.809577e-01	2.012120e-01	8.762330e+00
1.313741e+02	7.030007e-01	-1.203049e+00	1.294324e+01	2.439056e+00	3.489627e+00	5.157900e-01	-4.830733e-01	1.979208e-01	8.764167e+00
1.278620e+02	6.947229e-01	-1.198235e+00	1.295191e+01	2.443037e+00	3.487532e+00	5.164300e-01	-4.843647e-01	1.961063e-01	8.762953e+00
1.207197e+02	6.902314e-01	-1.185312e+00	1.295590e+01	2.450374e+00	3.486882e+00	5.211581e-01	-4.859017e-01	1.903378e-01	8.761897e+00
1.182404e+02	6.834963e-01	-1.168968e+00	1.296250e+01	2.456145e+00	3.485326e+00	5.335204e-01	-4.870154e-01	1.870070e-01	8.760019e+00
1.162559e+02	6.792237e-01	-1.168233e+00	1.296631e+01	2.462172e+00	3.484455e+00	5.206537e-01	-4.889499e-01	1.834394e-01	8.759599e+00
1.196340e+02	6.735366e-01	-1.174230e+00	1.297245e+01	2.463577e+00	3.481876e+00	4.996994e-01	-4.901887e-01	1.814238e-01	8.758880e+00
1.143795e+02	6.691684e-01	-1.161203e+00	1.297566e+01	2.472733e+00	3.481700e+00	5.050343e-01	-4.916961e-01	1.794151e-01	8.757908e+00
1.134135e+02	6.634687e-01	-1.150354e+00	1.298101e+01	2.476192e+00	3.481113e+00	5.101065e-01	-4.935737e-01	1.770749e-01	8.756386e+00
1.154702e+02	6.586366e-01	-1.140674e+00	1.298562e+01	2.482668e+00	3.479565e+00	5.140063e-01	-4.951912e-01	1.754618e-01	8.755584e+00
1.189774e+02	6.522748e-01	-1.133794e+00	1.299266e+01	2.485190e+00	3.476851e+00	5.185085e-01	-4.974046e-01	1.729358e-01	8.755354e+00
1.171416e+02	6.467416e-01	-1.157683e+00	1.299927e+01	2.480276e+00	3.473669e+00	4.754252e-01	-4.996223e-01	1.708405e-01	8.756560e+00
1.133910e+02	6.421460e-01	-1.149622e+00	1.300305e+01	2.485807e+00	3.473486e+00	4.749094e-01	-5.016742e-01	1.690735e-01	8.754895e+00
1.085816e+02	6.373037e-01	-1.137964e+00	1.300761e+01	2.491729e+00	3.471773e+00	4.815489e-01	-5.053200e-01	1.644938e-01	8.754816e+00
1.075720e+02	6.351598e-01	-1.130827e+00	1.300937e+01	2.496341e+00	3.470770e+00	4.760669e-01	-5.081307e-01	1.611655e-01	8.754306e+00
1.090139e+02	6.288071e-01	-1.119286e+00	1.301537e+01	2.501873e+00	3.468853e+00	4.871999e-01	-5.103829e-01	1.590746e-01	8.753696e+00
1.092631e+02	6.201844e-01	-1.134243e+00	1.302502e+01	2.497917e+00	3.464442e+00	4.605274e-01	-5.119718e-01	1.577013e-01	8.754377e+00
1.054572e+02	6.158704e-01	-1.124809e+00	1.302826e+01	2.503884e+00	3.463633e+00	4.653350e-01	-5.163361e-01	1.532024e-01	8.755701e+00
1.066583e+02	6.092505e-01	-1.109810e+00	1.303498e+01	2.507240e+00	3.461197e+00	4.788790e-01	-5.195278e-01	1.500769e-01	8.755100e+00
1.036625e+02	6.054323e-01	-1.113530e+00	1.303845e+01	2.510018e+00	3.459846e+00	4.678883e-01	-5.219319e-01	1.481726e-01	8.756832e+00
1.156843e+02	6.013353e-01	-1.131089e+00	1.304298e+01	2.504730e+00	3.457831e+00	4.354496e-01	-5.244589e-01	1.462008e-01	8.758640e+00
1.066532e+02	5.973654e-01	-1.120773e+00	1.304563e+01	2.514149e+00	3.457247e+00	4.429190e-01	-5.280160e-01	1.430874e-01	8.760115e+00
1.014782e+02	5.928500e-01	-1.107712e+00	1.304922e+01	2.521844e+00	3.456030e+00	4.574472e-01	-5.322194e-01	1.388678e-01	8.761857e+00
1.149358e+02	5.889913e-01	-1.089014e+00	1.305182e+01	2.532014e+00	3.455666e+00	4.800750e-01	-5.356501e-01	1.360920e-01	8.763034e+00
1.281317e+02	5.820424e-01	-1.133099e+00	1.306130e+01	2.515163e+00	3.448836e+00	4.161524e-01	-5.384871e-01	1.337302e-01	8.767146e+00
1.279590e+02	5.786076e-01	-1.130486e+00	1.306331e+01	2.523882e+00	3.448814e+00	4.124268e-01	-5.414319e-01	1.311865e-01	8.768937e+00
1.232738e+02	5.734642e-01	-1.124276e+00	1.306765e+01	2.529889e+00	3.447403e+00	4.110059e-01	-5.430714e-01	1.297980e-01	8.768756e+00
1.374207e+02	5.720425e-01	-1.068552e+00	1.306565e+01	2.555412e+00	3.450576e+00	4.847357e-01	-5.455479e-01	1.277046e-01	8.767360e+00
1.015762e+02	5.700273e-01	-1.105282e+00	1.306726e+01	2.555375e+00	3.449454e+00	4.296036e-01	-5.476301e-01	1.262351e-01	8.771788e+00
1.105857e+02	5.651225e-01	-1.113620e+00	1.307207e+01	2.555371e+00	3.447024e+00	4.163011e-01	-5.495837e-01	1.252797e-01	8.772791e+00
9.803462e+01	5.609241e-01	-1.093742e+00	1.307541e+01	2.562129e+00	3.446362e+00	4.463064e-01	-5.505782e-01	1.248617e-01	8.772175e+00
9.890983e+01	5.568703e-01	-1.087674e+00	1.307885e+01	2.567486e+00	3.444589e+00	4.485906e-01	-5.540428e-01	1.218613e-01	8.773804e+00
9.672357e+01	5.516395e-01	-1.089966e+00	1.308651e+01	2.558765e+00	3.438296e+00	4.407311e-01	-5.566850e-01	1.198519e-01	8.774721e+00
9.704801e+01	5.477041e-01	-1.094932e+00	1.308994e+01	2.562660e+00	3.437299e+00	4.304118e-01	-5.605295e-01	1.166453e-01	8.778351e+00
9.661932e+01	5.428978e-01	-1.086740e+00	1.309441e+01	2.570132e+00	3.435144e+00	4.443293e-01	-5.644042e-01	1.130489e-01	8.782168e+00
9.604212e+01	5.394931e-01	-1.092814e+00	1.309784e+01	2.569227e+00	3.433431e+00	4.299261e-01	-5.672553e-01	1.110329e-01	8.784173e+00
1.068706e+02	5.340824e-01	-1.106646e+00	1.310461e+01	2.562781e+00	3.429348e+00	4.130900e-01	-5.706563e-01	1.084623e-01	8.788875e+00
9.762854e+01	5.321475e-01	-1.076928e+00	1.310514e+01	2.574996e+00	3.429885e+00	4.438055e-01	-5.725015e-01	1.070150e-01	8.787508e+00
1.012955e+02	5.267180e-01	-1.073422e+00	1.311162e+01	2.568865e+00	3.425413e+00	4.517302e-01	-5.753744e-01	1.041994e-01	8.789750e+00
9.592549e+01	5.241230e-01	-1.089802e+00	1.311391e+01	2.570052e+00	3.423900e+00	4.210202e-01	-5.778848e-01	1.025439e-01	8.792745e+00
9.610461e+01	5.218235e-01	-1.087710e+00	1.311609e+01	2.570035e+00	3.422479e+00	4.167274e-01	-5.809316e-01	1.003663e-01	8.794859e+00
9.347615e+01	5.192001e-01	-1.075145e+00	1.311712e+01	2.580814e+00	3.422185e+00	4.267567e-01	-5.824284e-01	9.923681e-02	8.795812e+00
9.920231e+01	5.161502e-01	-1.062349e+00	1.311916e+01	2.590870e+00	3.420834e+00	4.363484e-01	-5.835765e-01	9.874427e-02	8.795243e+00
9.277686e+01	5.122726e-01	-1.074220e+00	1.312334e+01	2.586033e+00	3.417762e+00	4.223769e-01	-5.866580e-01	9.643320e-02	8.800713e+00
9.277700e+01	5.098998e-01	-1.077336e+00	1.312573e+01	2.583813e+00	3.415740e+00	4.197152e-01	-5.899767e-01	9.366854e-02	8.806287e+00
9.259465e+01	5.061601e-01	-1.076585e+00	1.312913e+01	2.586000e+00	3.413514e+00	4.180665e-01	-5.920047e-01	9.236981e-02	8.808914e+00
1.020196e+02	5.057919e-01	-1.057967e+00	1.312701e+01	2.601284e+00	3.415079e+00	4.391359e-01	-5.945585e-01	9.057252e-02	8.812524e+00
1.025440e+02	4.998864e-01	-1.089898e+00	1.313539e+01	2.586777e+00	3.408737e+00	3.987777e-01	-5.959763e-01	8.959271e-02	8.816075e+00
9.211521e+01	4.961138e-01	-1.072143e+00	1.313863e+01	2.594700e+00	3.406529e+00	4.253370e-01	-5.970168e-01	8.927630e-02	8.816486e+00
9.332119e+01	4.925789e-01	-1.078972e+00	1.314292e+01	2.590430e+00	3.403212e+00	4.118501e-01	-5.987297e-01	8.774752e-02	8.818435e+00
1.016669e+02	4.873068e-01	-1.087693e+00	1.314891e+01	2.585151e+00	3.398986e+00	3.984136e-01	-5.990096e-01	8.678839e-02	8.820453e+00
9.735572e+01	4.863348e-01	-1.057099e+00	1.314793e+01	2.597894e+00	3.399549e+00	4.327344e-01	-6.003148e-01	8.568901e-02	8.819983e+00
1.022879e+02	4.817020e-01	-1.088399e+00	1.315405e+01	2.587234e+00	3.394835e+00	3.979798e-01	-6.010758e-01	8.519929e-02	8.824556e+00
9.422054e+01	4.807606e-01	-1.062034e+00	1.315366e+01	2.599652e+00	3.395175e+00	4.304046e-01	-6.026764e-01	8.419755e-02	8.824743e+00
9.504086e+01	4.797177e-01	-1.061518e+00	1.315334e+01	2.612250e+00	3.394933e+00	4.317344e-01	-6.039782e-01	8.381642e-02	8.829362e+00
9.122736e+01	4.768055e-01	-1.072628e+00	1.315723e+01	2.607023e+00	3.391794e+00	4.130401e-01	-6.059164e-01	8.216313e-02	8.832532e+00
9.091825e+01	4.739326e-01	-1.069219e+00	1.316011e+01	2.610969e+00	3.389178e+00	4.088239e-01	-6.087369e-01	8.057998e-02	8.833987e+00
9.031997e+01	4.720611e-01	-1.064326e+00	1.316154e+01	2.613640e+00	3.388138e+00	4.117304e-01	-6.093259e-01	7.946009e-02	8.836187e+00
9.503338e+01	4.702662e-01	-1.074426e+00	1.316455e+01	2.607852e+00	3.385014e+00	3.964075e-01	-6.098681e-01	7.907461e-02	8.839486e+00
9.602498e+01	4.686004e-01	-1.049232e+00	1.316424e+01	2.620956e+00	3.385568e+00	4.232296e-01	-6.105235e-01	7.786213e-02	8.839858e+00
1.178072e+02	4.684423e-01	-1.034017e+00	1.316356e+01	2.627019e+00	3.385149e+00	4.375981e-01	-6.112840e-01	7.735999e-02	8.840803e+00
1.412230e+02	4.634149e-01	-1.097870e+00	1.316997e+01	2.611839e+00	3.379588e+00	3.569971e-01	-6.141173e-01	7.527562e-02	8.852438e+00
8.983285e+01	4.626391e-01	-1.061522e+00	1.316691e+01	2.631812e+00	3.382502e+00	4.034053e-01	-6.144005e-01	7.336225e-02	8.853360e+00
9.087299e+01	4.599423e-01	-1.054289e+00	1.316828e+01	2.639714e+00	3.381319e+00	4.125204e-01	-6.161719e-01	7.178624e-02	8.857835e+00
1.026887e+02	4.560404e-01	-1.081831e+00	1.317319e+01	2.631052e+00	3.376033e+00	3.860097e-01	-6.181190e-01	6.974601e-02	8.868194e+00
9.295919e+01	4.549055e-01	-1.068038e+00	1.317182e+01	2.644172e+00	3.376897e+00	3.912783e-01	-6.187724e-01	6.875629e-02	8.869332e+00
8.929204e+01	4.515796e-01	-1.058864e+00	1.317310e+01	2.656123e+00	3.376582e+00	4.003772e-01	-6.205475e-01	6.795543e-02	8.873359e+00
1.005353e+02	4.511440e-01	-1.036810e+00	1.317236e+01	2.664424e+00	3.376388e+00	4.174566e-01	-6.205564e-01	6.712814e-02	8.872598e+00
8.489057e+03	1.181143e+00	-4.505714e-01	1.192400e+01	1.796667e+00	1.974667e+00	1.806667e-01	-7.842857e-01	-6.011429e-01	1.083943e+01
3.366862e+03	1.058771e+00	-5.729430e-01	1.204637e+01	1.919038e+00	2.097038e+00	3.030382e-01	-6.619141e-01	-7.235144e-01	1.096180e+01
1.513870e+03	9.429611e-01	-7.019720e-01	1.218294e+01	2.046357e+00	2.176923e+00	2.609982e-01	-5.387334e-01	-8.490192e-01	1.109277e+01
1.045479e+03	8.696520e-01	-7.789586e-01	1.227276e+01	2.138172e+00	2.220724e+00	3.089710e-01	-4.653671e-01	-9.221279e-01	1.111447e+01
8.082960e+02	8.157236e-01	-8.332305e-01	1.234101e+01	2.212043e+00	2.248606e+00	3.838867e-01	-4.144468e-01	-9.730636e-01	1.110382e+01
6.636680e+02	7.766704e-01	-8.699728e-01	1.239106e+01	2.270093e+00	2.266502e+00	4.612214e-01	-3.791453e-01	-1.009006e+00	1.107065e+01
5.734222e+02	7.507213e-01	-8.935665e-01	1.242531e+01	2.311874e+00	2.276942e+00	5.449369e-01	-3.631962e-01	-1.021701e+00	1.102195e+01
5.277895e+02	7.294909e-01	-9.204815e-01	1.245433e+01	2.343798e+00	2.283887e+00	5.943625e-01	-3.561342e-01	-1.023704e+00	1.100906e+01
5.132044e+02	7.155622e-01	-9.352284e-01	1.247340e+01	2.367774e+00	2.288139e+00	6.475121e-01	-3.543284e-01	-1.021802e+00	1.096829e+01
5.241585e+02	7.033284e-01	-9.510051e-01	1.249045e+01	2.388702e+00	2.291489e+00	6.997104e-01	-3.585487e-01	-1.013046e+00	1.093348e+01
4.584915e+02	6.939912e-01	-9.769807e-01	1.250467e+01	2.393561e+00	2.293156e+00	6.657869e-01	-3.598203e-01	-1.007864e+00	1.096125e+01
4.362158e+02	6.862377e-01	-1.003352e+00	1.251648e+01	2.397634e+00	2.294623e+00	6.178716e-01	-3.638020e-01	-1.000167e+00	1.099424e+01
4.240860e+02	6.786604e-01	-1.022803e+00	1.252760e+01	2.404026e+00	2.296287e+00	6.140785e-01	-3.706747e-01	-9.864894e-01	1.100316e+01
3.993649e+02	6.723396e-01	-1.038969e+00	1.253512e+01	2.416042e+00	2.299330e+00	6.367487e-01	-3.854802e-01	-9.622704e-01	1.100215e+01
3.793028e+02	6.656579e-01	-1.049806e+00	1.254499e+01	2.423093e+00	2.300810e+00	6.558510e-01	-3.915629e-01	-9.475951e-01	1.098027e+01
3.633772e+02	6.596894e-01	-1.063772e+00	1.255338e+01	2.430524e+00	2.302753e+00	6.732869e-01	-4.029668e-01	-9.269540e-01	1.096984e+01
3.516799e+02	6.535728e-01	-1.071008e+00	1.256274e+01	2.435405e+00	2.304132e+00	6.880905e-01	-4.046709e-01	-9.127811e-01	1.094014e+01
3.408902e+02	6.471469e-01	-1.083424e+00	1.257199e+01	2.438948e+00	2.306400e+00	6.951687e-01	-4.102411e-01	-8.958351e-01	1.092819e+01
3.285188e+02	6.417470e-01	-1.089991e+00	1.258103e+01	2.440226e+00	2.307225e+00	6.904324e-01	-4.051894e-01	-8.827668e-01	1.089770e+01
3.261101e+02	6.364502e-01	-1.093888e+00	1.258969e+01	2.445081e+00	2.308087e+00	7.119479e-01	-4.078088e-01	-8.660232e-01	1.085779e+01
3.024742e+02	6.312531e-01	-1.106995e+00	1.259872e+01	2.440165e+00	2.308787e+00	6.723503e-01	-3.971104e-01	-8.533131e-01	1.084793e+01
2.907267e+02	6.260787e-01	-1.115363e+00	1.260783e+01	2.436965e+00	2.309605e+00	6.431924e-01	-3.832162e-01	-8.392223e-01	1.082045e+01
2.819238e+02	6.212982e-01	-1.123758e+00	1.261544e+01	2.438132e+00	2.310762e+00	6.342619e-01	-3.795160e-01	-8.228010e-01	1.080184e+01
2.669870e+02	6.166578e-01	-1.124831e+00	1.262198e+01	2.443746e+00	2.312658e+00	6.527465e-01	-3.739944e-01	-8.022686e-01	1.076945e+01
2.550354e+02	6.121270e-01	-1.132060e+00	1.262894e+01	2.446040e+00	2.313799e+00	6.516785e-01	-3.735410e-01	-7.840458e-01	1.074115e+01
2.424960e+02	6.075888e-01	-1.138109e+00	1.263594e+01	2.446257e+00	2.315139e+00	6.526719e-01	-3.707382e-01	-7.622309e-01	1.070736e+01
2.317498e+02	6.033261e-01	-1.145202e+00	1.264256e+01	2.449646e+00	2.316272e+00	6.535660e-01	-3.724267e-01	-7.433910e-01	1.067947e+01
2.190297e+02	5.985844e-01	-1.156206e+00	1.265009e+01	2.450090e+00	2.317838e+00	6.463786e-01	-3.726543e-01	-7.210881e-01	1.065128e+01
2.097788e+02	5.948145e-01	-1.162943e+00	1.265598e+01	2.453673e+00	2.318765e+00	6.467709e-01	-3.777176e-01	-7.035204e-01	1.062589e+01
2.010196e+02	5.911480e-01	-1.171020e+00	1.266054e+01	2.462440e+00	2.320605e+00	6.439546e-01	-3.856331e-01	-6.847533e-01	1.060590e+01
1.933364e+02	5.875021e-01	-1.176071e+00	1.266645e+01	2.463762e+00	2.321224e+00	6.467557e-01	-3.886666e-01	-6.675762e-01	1.057902e+01
1.856398e+02	5.837666e-01	-1.184842e+00	1.267334e+01	2.460596e+00	2.321104e+00	6.299745e-01	-3.903440e-01	-6.509280e-01	1.055090e+01
1.797137e+02	5.804456e-01	-1.187170e+00	1.267797e+01	2.466204e+00	2.322196e+00	6.424839e-01	-3.964982e-01	-6.357043e-01	1.052841e+01
1.756635e+02	5.769323e-01	-1.197749e+00	1.268368e+01	2.468430e+00	2.322738e+00	6.316290e-01	-4.074970e-01	-6.215769e-01	1.051722e+01
1.722336e+02	5.739553e-01	-1.191823e+00	1.268751e+01	2.476215e+00	2.323805e+00	6.490829e-01	-3.999822e-01	-6.052786e-01	1.048198e+01
1.681890e+02	5.707768e-01	-1.194106e+00	1.269142e+01	2.484854e+00	2.325116e+00	6.429329e-01	-3.980631e-01	-5.904734e-01	1.046303e+01
1.629913e+02	5.678623e-01	-1.198038e+00	1.269581e+01	2.487643e+00	2.325715e+00	6.401568e-01	-4.065748e-01	-5.801612e-01	1.044165e+01
1.603121e+02	5.656715e-01	-1.208938e+00	1.269911e+01	2.487139e+00	2.326274e+00	6.118120e-01	-4.212392e-01	-5.716365e-01	1.043005e+01
1.565573e+02	5.626489e-01	-1.210901e+00	1.270347e+01	2.492591e+00	2.326924e+00	6.129265e-01	-4.297355e-01	-5.638505e-01	1.040882e+01
1.540662e+02	5.590994e-01	-1.201253e+00	1.270828e+01	2.503744e+00	2.327772e+00	6.405015e-01	-4.234283e-01	-5.529635e-01	1.037559e+01
1.492645e+02	5.566526e-01	-1.203436e+00	1.271181e+01	2.507772e+00	2.328274e+00	6.241233e-01	-4.243853e-01	-5.443135e-01	1.035417e+01
1.461710e+02	5.553121e-01	-1.205067e+00	1.271299e+01	2.514425e+00	2.328980e+00	6.068670e-01	-4.293183e-01	-5.345616e-01	1.033357e+01
1.438750e+02	5.523066e-01	-1.210485e+00	1.271735e+01	2.519111e+00	2.329547e+00	6.010946e-01	-4.442683e-01	-5.294452e-01	1.032000e+01
1.407943e+02	5.485474e-01	-1.206824e+00	1.272259e+01	2.530962e+00	2.330328e+00	6.283956e-01	-4.569769e-01	-5.249766e-01	1.030238e+01
1.384360e+02	5.463118e-01	-1.209898e+00	1.272583e+01	2.534076e+00	2.330729e+00	6.087955e-01	-4.602508e-01	-5.178305e-01	1.029295e+01
1.362001e+02	5.436831e-01	-1.205567e+00	1.272976e+01	2.539362e+00	2.331092e+00	6.073827e-01	-4.540973e-01	-5.083517e-01	1.027383e+01
1.350360e+02	5.415476e-01	-1.202523e+00	1.273243e+01	2.546484e+00	2.331644e+00	6.042785e-01	-4.549223e-01	-5.014129e-01	1.025814e+01
1.330158e+02	5.387482e-01	-1.201487e+00	1.273649e+01	2.551089e+00	2.331933e+00	5.944766e-01	-4.578596e-01	-4.953388e-01	1.023993e+01
1.309661e+02	5.366850e-01	-1.202908e+00	1.273875e+01	2.559652e+00	2.332615e+00	6.017626e-01	-4.671444e-01	-4.888789e-01	1.022785e+01
1.290279e+02	5.337922e-01	-1.206540e+00	1.274320e+01	2.562840e+00	2.332864e+00	5.876632e-01	-4.854628e-01	-4.829665e-01	1.021472e+01
1.275344e+02	5.319152e-01	-1.202412e+00	1.274498e+01	2.573432e+00	2.333595e+00	5.981302e-01	-4.994579e-01	-4.770839e-01	1.020855e+01
1.428071e+02	5.292955e-01	-1.188956e+00	1.274755e+01	2.590800e+00	2.334520e+00	6.378356e-01	-5.078077e-01	-4.707623e-01	1.020254e+01
1.242910e+02	5.273103e-01	-1.197036e+00	1.275070e+01	2.589490e+00	2.334525e+00	5.855622e-01	-5.038997e-01	-4.646967e-01	1.019917e+01
1.267643e+02	5.251547e-01	-1.198073e+00	1.275362e+01	2.591462e+00	2.334972e+00	5.642056e-01	-5.036606e-01	-4.594217e-01	1.019824e+01
1.225487e+02	5.231801e-01	-1.183856e+00	1.275603e+01	2.600732e+00	2.335227e+00	5.700611e-01	-4.849506e-01	-4.517104e-01	1.017793e+01
1.239730e+02	5.215761e-01	-1.177097e+00	1.275742e+01	2.611459e+00	2.335869e+00	5.762363e-01	-4.849743e-01	-4.453789e-01	1.016767e+01
1.221365e+02	5.189869e-01	-1.175558e+00	1.276129e+01	2.615395e+00	2.336053e+00	5.734313e-01	-4.907690e-01	-4.414313e-01	1.015617e+01
1.192288e+02	5.164249e-01	-1.175983e+00	1.276495e+01	2.621218e+00	2.336177e+00	5.709508e-01	-4.995852e-01	-4.368949e-01	1.014789e+01
1.159156e+02	5.138455e-01	-1.182666e+00	1.276880e+01	2.622537e+00	2.336461e+00	5.569518e-01	-5.193979e-01	-4.357313e-01	1.014511e+01
1.169830e+02	5.115861e-01	-1.184353e+00	1.277226e+01	2.622395e+00	2.336655e+00	5.511862e-01	-5.330767e-01	-4.344336e-01	1.013707e+01
1.156361e+02	5.092969e-01	-1.169176e+00	1.277487e+01	2.633432e+00	2.337111e+00	5.704325e-01	-5.225391e-01	-4.286173e-01	1.011475e+01
1.207376e+02	5.060568e-01	-1.163136e+00	1.277938e+01	2.640604e+00	2.337451e+00	5.763354e-01	-5.196021e-01	-4.237339e-01	1.009988e+01
1.101803e+02	5.038579e-01	-1.168181e+00	1.278273e+01	2.640399e+00	2.337568e+00	5.430930e-01	-5.311202e-01	-4.249813e-01	1.009161e+01
1.096018e+02	5.019537e-01	-1.161166e+00	1.278467e+01	2.648354e+00	2.338132e+00	5.526351e-01	-5.423940e-01	-4.240575e-01	1.007947e+01
1.094348e+02	4.994568e-01	-1.167562e+00	1.278865e+01	2.647825e+00	2.338145e+00	5.225407e-01	-5.523292e-01	-4.225024e-01	1.007414e+01
1.111933e+02	4.970378e-01	-1.167420e+00	1.279223e+01	2.650885e+00	2.338219e+00	5.127363e-01	-5.597818e-01	-4.196577e-01	1.006370e+01
1.065435e+02	4.949354e-01	-1.149890e+00	1.279439e+01	2.662475e+00	2.338732e+00	5.377736e-01	-5.503747e-01	-4.154626e-01	1.004268e+01
1.126789e+02	4.927810e-01	-1.141205e+00	1.279613e+01	2.673804e+00	2.339626e+00	5.451752e-01	-5.499438e-01	-4.106409e-01	1.002828e+01
1.054988e+02	4.901746e-01	-1.141725e+00	1.280022e+01	2.672969e+00	2.339466e+00	5.363616e-01	-5.653703e-01	-4.078183e-01	1.003080e+01
1.013734e+02	4.881025e-01	-1.143931e+00	1.280310e+01	2.675331e+00	2.339549e+00	5.232832e-01	-5.786188e-01	-4.043942e-01	1.003133e+01
1.019171e+02	4.853550e-01	-1.142889e+00	1.280734e+01	2.675505e+00	2.339465e+00	5.059659e-01	-5.993837e-01	-4.006448e-01	1.003545e+01
9.936678e+01	4.820535e-01	-1.125437e+00	1.281220e+01	2.680426e+00	2.339393e+00	5.090487e-01	-5.837077e-01	-3.957448e-01	1.002966e+01
1.035293e+02	4.798643e-01	-1.114542e+00	1.281513e+01	2.684528e+00	2.339446e+00	5.077563e-01	-5.785217e-01	-3.909918e-01	1.002306e+01
9.752406e+01	4.785021e-01	-1.118573e+00	1.281715e+01	2.682417e+00	2.339409e+00	4.773180e-01	-5.863367e-01	-3.862630e-01	1.002355e+01
9.548813e+01	4.754845e-01	-1.117688e+00	1.282123e+01	2.685688e+00	2.339603e+00	4.800691e-01	-5.978634e-01	-3.830451e-01	1.002096e+01
9.964907e+01	4.724294e-01	-1.112842e+00	1.282524e+01	2.695448e+00	2.339720e+00	5.106976e-01	-6.083725e-01	-3.799315e-01	1.001468e+01
9.616642e+01	4.696458e-01	-1.116860e+00	1.282954e+01	2.692483e+00	2.339703e+00	5.052392e-01	-6.153217e-01	-3.766232e-01	1.000894e+01
9.847021e+01	4.666111e-01	-1.127074e+00	1.283451e+01	2.684856e+00	2.339692e+00	4.732172e-01	-6.204368e-01	-3.742975e-01	1.000482e+01
9.591780e+01	4.643214e-01	-1.108280e+00	1.283771e+01	2.690258e+00	2.339616e+00	4.851480e-01	-5.936001e-01	-3.691731e-01	9.977987e+00
9.560427e+01	4.615749e-01	-1.112690e+00	1.284130e+01	2.692722e+00	2.340037e+00	4.786371e-01	-5.882400e-01	-3.679547e-01	9.977038e+00
9.681520e+01	4.592146e-01	-1.109730e+00	1.284447e+01	2.696924e+00	2.340087e+00	4.910322e-01	-5.877264e-01	-3.662670e-01	9.973016e+00
9.486992e+01	4.562020e-01	-1.111914e+00	1.284898e+01	2.696500e+00	2.339949e+00	4.871236e-01	-5.928332e-01	-3.638698e-01	9.968389e+00
9.149909e+01	4.540042e-01	-1.124089e+00	1.285181e+01	2.698941e+00	2.340095e+00	4.855344e-01	-6.243784e-01	-3.613447e-01	9.968394e+00
9.192410e+01	4.519611e-01	-1.118270e+00	1.285378e+01	2.707262e+00	2.340573e+00	5.007737e-01	-6.313673e-01	-3.576227e-01	9.954140e+00
8.962066e+01	4.498372e-01	-1.119656e+00	1.285677e+01	2.708651e+00	2.340455e+00	4.839102e-01	-6.344314e-01	-3.558922e-01	9.943326e+00
9.213214e+01	4.469777e-01	-1.105671e+00	1.286040e+01	2.716013e+00	2.340484e+00	4.874550e-01	-6.149946e-01	-3.520485e-01	9.920090e+00
9.083678e+01	4.452165e-01	-1.102527e+00	1.286290e+01	2.717323e+00	2.340384e+00	4.692546e-01	-6.077915e-01	-3.484872e-01	9.907349e+00
9.003778e+01	4.439115e-01	-1.101909e+00	1.286447e+01	2.719897e+00	2.340412e+00	4.623103e-01	-6.117519e-01	-3.455636e-01	9.908916e+00
8.827361e+01	4.415376e-01	-1.102175e+00	1.286763e+01	2.722708e+00	2.340557e+00	4.660366e-01	-6.199864e-01	-3.420948e-01	9.910406e+00
9.595949e+01	4.404398e-01	-1.094992e+00	1.286748e+01	2.735020e+00	2.341408e+00	4.969229e-01	-6.447456e-01	-3.413975e-01	9.913900e+00
1.013623e+02	4.372680e-01	-1.115511e+00	1.287289e+01	2.723592e+00	2.340849e+00	4.390782e-01	-6.603259e-01	-3.409664e-01	9.918035e+00
1.013614e+02	4.342368e-01	-1.115140e+00	1.287752e+01	2.719159e+00	2.340790e+00	4.451927e-01	-6.675696e-01	-3.402025e-01	9.914565e+00
1.005361e+02	4.326123e-01	-1.074663e+00	1.287843e+01	2.734744e+00	2.340959e+00	4.733074e-01	-6.142009e-01	-3.400999e-01	9.866054e+00
1.320476e+02	4.303274e-01	-1.056244e+00	1.288109e+01	2.742450e+00	2.340916e+00	4.862622e-01	-5.913904e-01	-3.382112e-01	9.843087e+00
1.081673e+02	4.274871e-01	-1.081436e+00	1.288645e+01	2.726415e+00	2.340099e+00	3.937052e-01	-5.869259e-01	-3.367040e-01	9.839721e+00
9.578983e+01	4.254320e-01	-1.074164e+00	1.288892e+01	2.730334e+00	2.340307e+00	4.159052e-01	-5.877743e-01	-3.328270e-01	9.831812e+00
9.114725e+01	4.228056e-01	-1.076038e+00	1.289217e+01	2.731629e+00	2.340557e+00	4.288954e-01	-6.020612e-01	-3.265942e-01	9.832303e+00
8.910132e+01	4.204082e-01	-1.076946e+00	1.289439e+01	2.739943e+00	2.341044e+00	4.506024e-01	-6.213099e-01	-3.208732e-01	9.837427e+00
8.839275e+01	4.178858e-01	-1.079895e+00	1.289801e+01	2.737835e+00	2.341128e+00	4.638146e-01	-6.415335e-01	-3.160022e-01	9.840120e+00
8.597830e+01	4.160798e-01	-1.082943e+00	1.290091e+01	2.733339e+00	2.340932e+00	4.680150e-01	-6.585998e-01	-3.124741e-01	9.842711e+00
8.229125e+01	4.134460e-01	-1.095731e+00	1.290501e+01	2.728212e+00	2.340776e+00	4.422808e-01	-6.745923e-01	-3.100401e-01	9.846858e+00
8.117864e+01	4.119644e-01	-1.081125e+00	1.290533e+01	2.740149e+00	2.341490e+00	4.453769e-01	-6.596906e-01	-3.066417e-01	9.831715e+00
8.222410e+01	4.096197e-01	-1.076931e+00	1.290905e+01	2.738786e+00	2.341172e+00	4.426809e-01	-6.546158e-01	-3.036586e-01	9.823919e+00
8.399213e+01	4.068271e-01	-1.075966e+00	1.291314e+01	2.737460e+00	2.341223e+00	4.556752e-01	-6.617574e-01	-3.013424e-01	9.833569e+00
7.955555e+01	4.048149e-01	-1.082614e+00	1.291622e+01	2.734696e+00	2.340898e+00	4.298880e-01	-6.681285e-01	-2.994003e-01	9.839326e+00
8.835492e+01	4.032557e-01	-1.086329e+00	1.291885e+01	2.731493e+00	2.340324e+00	4.071162e-01	-6.738397e-01	-2.979851e-01	9.845316e+00
8.968272e+01	4.015474e-01	-1.062508e+00	1.291985e+01	2.743527e+00	2.340825e+00	4.582566e-01	-6.682740e-01	-2.953525e-01	9.837549e+00
7.950402e+01	3.990766e-01	-1.070531e+00	1.292471e+01	2.733916e+00	2.339965e+00	4.295440e-01	-6.667852e-01	-2.940278e-01	9.833869e+00
7.823350e+01	3.971923e-01	-1.069216e+00	1.292683e+01	2.737580e+00	2.340217e+00	4.345255e-01	-6.740031e-01	-2.920670e-01	9.833984e+00
8.373030e+01	3.957033e-01	-1.069878e+00	1.292719e+01	2.748251e+00	2.341253e+00	4.582749e-01	-7.015618e-01	-2.938676e-01	9.839561e+00
1.843083e+02	3.934595e-01	-1.098745e+00	1.293119e+01	2.738464e+00	2.340721e+00	4.166427e-01	-7.425768e-01	-2.991884e-01	9.841221e+00
1.425441e+02	3.928136e-01	-1.013262e+00	1.293198e+01	2.750999e+00	2.340113e+00	4.459808e-01	-5.880696e-01	-2.860879e-01	9.740234e+00
1.829220e+02	3.903832e-01	-9.819556e-01	1.293598e+01	2.751267e+00	2.339479e+00	4.277690e-01	-5.003615e-01	-2.754560e-01	9.687984e+00
3.778207e+02	3.582857e-01	-1.076857e+00	1.431943e+01	3.823333e+00	4.428000e+00	1.349524e-01	-5.557143e-01	1.577143e-01	9.102286e+00
1.974948e+02	4.806573e-01	-9.544856e-01	1.419706e+01	3.945705e+00	4.550372e+00	2.573240e-01	-6.780859e-01	2.800859e-01	8.979914e+00
2.103834e+02	3.707534e-01	-1.045053e+00	1.430303e+01	3.842323e+00	4.442258e+00	1.933885e-01	-7.418736e-01	1.605103e-01	9.081235e+00
1.568916e+02	3.645809e-01	-1.028021e+00	1.431386e+01	3.836275e+00	4.428414e+00	2.173724e-01	-8.760407e-01	1.337364e-01	9.072602e+00
1.345455e+02	4.104205e-01	-9.736820e-01	1.427893e+01	3.872993e+00	4.454946e+00	2.689251e-01	-7.393119e-01	2.640527e-01	8.980400e+00
2.513169e+02	3.231192e-01	-1.060243e+00	1.437438e+01	3.774936e+00	4.352593e+00	1.942477e-01	-7.329317e-01	1.634017e-01	9.060502e+00
1.124388e+02	3.643827e-01	-1.007356e+00	1.434115e+01	3.812554e+00	4.381870e+00	2.576369e-01	-7.607290e-01	4.272534e-02	9.041541e+00
1.161208e+02	3.562906e-01	-1.015514e+00	1.436772e+01	3.788568e+00	4.351299e+00	2.571944e-01	-7.524992e-01	-8.732283e-03	9.085491e+00
1.217589e+02	3.716931e-01	-1.005083e+00	1.436079e+01	3.795978e+00	4.355078e+00	2.800093e-01	-8.979660e-01	-1.273158e-01	9.211097e+00
1.127525e+02	3.801702e-01	-1.018979e+00	1.438028e+01	3.773150e+00	4.326762e+00	2.590244e-01	-8.239683e-01	-3.396615e-01	9.256751e+00
1.105511e+02	3.853299e-01	-9.913503e-01	1.438065e+01	3.776874e+00	4.323983e+00	2.942543e-01	-9.078696e-01	-2.422387e-01	9.275997e+00
1.063244e+02	3.877064e-01	-9.652524e-01	1.440676e+01	3.748189e+00	4.284121e+00	2.706369e-01	-9.597976e-01	-4.848425e-01	9.019981e+00
3.565801e+02	3.503279e-01	-1.015185e+00	1.445263e+01	3.696721e+00	4.233670e+00	2.309168e-01	-1.036842e+00	-3.626266e-01	9.062344e+00
3.178054e+02	4.480751e-01	-8.267573e-01	1.444310e+01	3.703187e+00	4.195625e+00	1.537029e-01	-7.477194e-01	-6.531565e-01	8.777138e+00
3.896270e+02	3.257212e-01	-9.099700e-01	1.453591e+01	3.600473e+00	4.122402e+00	7.129247e-02	-7.316629e-01	-6.519042e-01	8.767062e+00
2.432915e+02	3.611947e-01	-8.694706e-01	1.448818e+01	3.647368e+00	4.167684e+00	1.589203e-01	-7.300878e-01	-6.516936e-01	8.767622e+00
2.022743e+02	3.331985e-01	-9.031306e-01	1.447014e+01	3.660982e+00	4.210163e+00	1.945561e-01	-7.421422e-01	-6.204209e-01	8.783765e+00
2.067423e+02	3.146769e-01	-9.271046e-01	1.447978e+01	3.641576e+00	4.207594e+00	1.821435e-01	-7.505345e-01	-5.995394e-01	8.788268e+00
1.798273e+02	3.194669e-01	-9.332186e-01	1.447376e+01	3.647795e+00	4.215666e+00	2.211166e-01	-7.510819e-01	-5.981463e-01	8.796200e+00
1.812132e+02	3.147530e-01	-9.508123e-01	1.449739e+01	3.617496e+00	4.184824e+00	2.241775e-01	-7.509614e-01	-5.984090e-01	8.802651e+00
1.733817e+02	3.289074e-01	-9.587556e-01	1.447738e+01	3.629588e+00	4.208128e+00	2.324984e-01	-7.556618e-01	-5.867711e-01	8.806773e+00
1.671905e+02	3.512095e-01	-9.638645e-01	1.447342e+01	3.624522e+00	4.206722e+00	2.401431e-01	-7.559890e-01	-5.859452e-01	8.839244e+00
1.478828e+02	3.594525e-01	-9.612096e-01	1.446008e+01	3.636058e+00	4.223027e+00	2.685806e-01	-7.635609e-01	-5.697662e-01	8.851171e+00
1.454262e+02	3.767146e-01	-9.852854e-01	1.444847e+01	3.636123e+00	4.233888e+00	2.622011e-01	-7.669106e-01	-5.620796e-01	8.859885e+00
1.152946e+02	3.662898e-01	-9.946447e-01	1.445792e+01	3.627636e+00	4.231087e+00	2.937809e-01	-7.981162e-01	-5.066309e-01	8.899714e+00
1.175599e+02	3.586134e-01	-1.018255e+00	1.448629e+01	3.589292e+00	4.198141e+00	2.916082e-01	-8.218453e-01	-4.667666e-01	8.924418e+00
1.036959e+02	3.982484e-01	-1.000149e+00	1.444030e+01	3.629681e+00	4.238475e+00	3.294468e-01	-8.311956e-01	-4.521337e-01	8.935315e+00
1.101413e+02	4.301179e-01	-9.930556e-01	1.442366e+01	3.636722e+00	4.246956e+00	3.328270e-01	-8.335438e-01	-4.483801e-01	8.936655e+00
2.434128e+02	3.732165e-01	-1.077566e+00	1.450383e+01	3.542351e+00	4.160824e+00	2.465864e-01	-8.449686e-01	-4.318309e-01	8.953770e+00
1.035435e+02	4.389491e-01	-1.009218e+00	1.442878e+01	3.610484e+00	4.223711e+00	3.661787e-01	-8.711458e-01	-3.980177e-01	8.981653e+00
1.136735e+02	4.106419e-01	-1.062486e+00	1.447790e+01	3.548132e+00	4.167477e+00	3.171582e-01	-8.786016e-01	-3.924736e-01	8.997765e+00
1.224022e+02	4.587000e-01	-1.003861e+00	1.444142e+01	3.585604e+00	4.194249e+00	3.855779e-01	-8.792796e-01	-3.931670e-01	8.995195e+00
1.509727e+02	4.369751e-01	-1.079257e+00	1.448617e+01	3.521944e+00	4.142685e+00	3.123568e-01	-8.942879e-01	-3.753013e-01	9.015356e+00
1.320575e+02	5.023066e-01	-9.829267e-01	1.444295e+01	3.566496e+00	4.166237e+00	3.555323e-01	-8.017806e-01	-4.506325e-01	8.926652e+00
1.644963e+02	4.743708e-01	-1.041790e+00	1.449745e+01	3.496772e+00	4.103457e+00	2.718254e-01	-8.003232e-01	-4.464713e-01	8.926400e+00
1.019298e+02	5.140510e-01	-1.000985e+00	1.446100e+01	3.533741e+00	4.134834e+00	3.423622e-01	-8.102826e-01	-4.300097e-01	8.934347e+00
9.549333e+01	5.430437e-01	-1.010444e+00	1.444829e+01	3.534585e+00	4.139457e+00	3.382819e-01	-8.187765e-01	-4.168158e-01	8.941962e+00
9.222055e+01	5.595279e-01	-1.023462e+00	1.444846e+01	3.525863e+00	4.132112e+00	3.343291e-01	-8.244670e-01	-4.092315e-01	8.952181e+00
9.192808e+01	5.634067e-01	-1.045695e+00	1.445584e+01	3.509532e+00	4.121326e+00	3.303357e-01	-8.588832e-01	-3.729126e-01	8.988418e+00
1.034692e+02	5.763865e-01	-1.055571e+00	1.445865e+01	3.497878e+00	4.111970e+00	3.442070e-01	-8.964443e-01	-3.419661e-01	9.024154e+00
1.822701e+02	6.498458e-01	-9.630259e-01	1.440521e+01	3.543827e+00	4.134649e+00	3.666894e-01	-7.891882e-01	-4.132507e-01	9.047630e+00
3.901465e+02	5.034483e-01	-1.089129e+00	1.458751e+01	3.343977e+00	3.952471e+00	2.043992e-01	-7.855894e-01	-4.125947e-01	9.062145e+00
9.240634e+01	5.486008e-01	-1.003810e+00	1.453090e+01	3.402485e+00	3.995120e+00	3.535567e-01	-8.131750e-01	-3.705371e-01	9.094911e+00
8.664212e+01	5.905041e-01	-1.007066e+00	1.450170e+01	3.418347e+00	4.011201e+00	3.568991e-01	-8.335981e-01	-3.519907e-01	9.121319e+00
9.745023e+01	5.840588e-01	-1.041468e+00	1.452563e+01	3.385813e+00	3.986327e+00	3.282438e-01	-8.514372e-01	-3.374384e-01	9.143533e+00
9.084926e+01	6.397770e-01	-1.006170e+00	1.448054e+01	3.422199e+00	4.013335e+00	3.759455e-01	-8.611391e-01	-3.312062e-01	9.154350e+00
1.578726e+02	6.207176e-01	-1.065815e+00	1.452840e+01	3.364333e+00	3.963274e+00	2.974604e-01	-8.606876e-01	-3.349850e-01	9.163392e+00
8.094359e+01	6.774009e-01	-1.007230e+00	1.448112e+01	3.408901e+00	3.997368e+00	3.562741e-01	-8.513003e-01	-3.426258e-01	9.180450e+00
7.915769e+01	6.980297e-01	-1.009181e+00	1.447532e+01	3.407322e+00	3.993869e+00	3.474598e-01	-8.465343e-01	-3.491531e-01	9.187809e+00
7.452316e+01	7.518035e-01	-1.021383e+00	1.442434e+01	3.438572e+00	4.030155e+00	3.536901e-01	-8.671637e-01	-3.404790e-01	9.225871e+00
1.744656e+02	7.180667e-01	-1.075860e+00	1.448793e+01	3.377047e+00	3.968112e+00	3.123628e-01	-8.680423e-01	-3.410635e-01	9.226475e+00
2.139832e+02	8.103860e-01	-9.260349e-01	1.442671e+01	3.437735e+00	3.991568e+00	3.209004e-01	-6.539393e-01	-4.865203e-01	9.001915e+00
5.994774e+02	6.702550e-01	-1.095932e+00	1.457631e+01	3.276545e+00	3.859553e+00	1.384361e-01	-6.377768e-01	-4.945743e-01	9.025475e+00
1.698240e+02	7.248389e-01	-1.031335e+00	1.450217e+01	3.358880e+00	3.929771e+00	2.787942e-01	-6.669542e-01	-4.393930e-01	9.081706e+00
1.130967e+02	7.568408e-01	-9.907953e-01	1.446305e+01	3.399764e+00	3.967188e+00	3.480520e-01	-6.832572e-01	-4.112774e-01	9.099000e+00
1.344427e+02	7.226525e-01	-1.034422e+00	1.451800e+01	3.341642e+00	3.918688e+00	3.043727e-01	-7.018997e-01	-3.824543e-01	9.124604e+00
1.003400e+02	7.715760e-01	-1.001877e+00	1.446244e+01	3.388040e+00	3.961841e+00	3.580709e-01	-7.161764e-01	-3.585726e-01	9.134531e+00
9.353898e+01	7.874324e-01	-1.021803e+00	1.445854e+01	3.381933e+00	3.958043e+00	3.401496e-01	-7.265928e-01	-3.433829e-01	9.144495e+00
8.595072e+01	7.900876e-01	-1.030928e+00	1.445839e+01	3.377549e+00	3.958335e+00	3.555273e-01	-7.558013e-01	-3.167037e-01	9.177555e+00
8.808338e+01	7.949789e-01	-1.035831e+00	1.446682e+01	3.360549e+00	3.945157e+00	3.490107e-01	-7.597960e-01	-3.130087e-01	9.184221e+00
7.834050e+01	8.300553e-01	-1.031191e+00	1.443506e+01	3.387249e+00	3.968780e+00	3.762506e-01	-8.013771e-01	-2.850265e-01	9.220483e+00
9.369507e+01	8.366708e-01	-1.057636e+00	1.444948e+01	3.358040e+00	3.948426e+00	3.393612e-01	-8.103061e-01	-2.806384e-01	9.230801e+00
1.006808e+02	8.699544e-01	-1.010112e+00	1.441749e+01	3.392901e+00	3.964622e+00	3.908932e-01	-8.097797e-01	-2.863543e-01	9.229984e+00
5.958580e+02	-9.217143e-01	-8.025714e-01	1.302114e+01	1.988667e+00	3.702667e+00	4.214286e-01	-7.949524e-01	2.720000e-01	1.015371e+01
1.439375e+02	-7.993427e-01	-9.249430e-01	1.314351e+01	1.866295e+00	3.580295e+00	2.990570e-01	-6.725808e-01	3.943716e-01	1.027609e+01
2.431098e+02	-6.875346e-01	-9.714958e-01	1.305010e+01	1.887533e+00	3.698782e+00	2.497342e-01	-7.325506e-01	2.836872e-01	1.032066e+01
1.485483e+02	-5.771736e-01	-9.460930e-01	1.292946e+01	1.976514e+00	3.825104e+00	2.792761e-01	-8.522523e-01	1.554028e-01	1.029405e+01
9.136947e+01	-4.534764e-01	-9.004815e-01	1.280483e+01	2.074853e+00	3.949627e+00	3.136641e-01	-7.394240e-01	2.670496e-01	1.023884e+01
1.205129e+02	-3.383199e-01	-8.771316e-01	1.270664e+01	2.138583e+00	4.043442e+00	3.293175e-01	-6.846219e-01	3.205099e-01	1.021108e+01
8.846640e+01	-3.098418e-01	-9.028684e-01	1.274057e+01	2.067054e+00	4.000242e+00	2.978453e-01	-6.595524e-01	3.440049e-01	1.022468e+01
9.209477e+01	-2.670077e-01	-9.101870e-01	1.272919e+01	2.054715e+00	4.003419e+00	2.868155e-01	-6.481507e-01	3.548734e-01	1.022487e+01
9.309170e+01	-2.105262e-01	-9.114753e-01	1.271383e+01	2.040562e+00	4.002922e+00	2.827716e-01	-6.480823e-01	3.541317e-01	1.021983e+01
8.832560e+01	-1.664817e-01	-9.036562e-01	1.270057e+01	2.035235e+00	4.001743e+00	2.880104e-01	-6.492232e-01	3.528983e-01	1.020261e+01
8.835170e+01	-1.149254e-01	-8.999340e-01	1.266353e+01	2.050567e+00	4.019262e+00	2.898654e-01	-6.562349e-01	3.455645e-01	1.019591e+01
9.635969e+01	-6.786277e-02	-8.902987e-01	1.262296e+01	2.079433e+00	4.038482e+00	2.993607e-01	-6.669200e-01	3.347198e-01	1.019105e+01
9.002360e+01	-1.141811e-01	-9.081702e-01	1.271503e+01	1.994628e+00	3.950934e+00	2.816535e-01	-6.709918e-01	3.293688e-01	1.019115e+01
9.398985e+01	-1.321185e-01	-9.114631e-01	1.273956e+01	1.981024e+00	3.928042e+00	2.769004e-01	-6.738629e-01	3.263285e-01	1.018693e+01
8.548833e+01	-9.759356e-02	-8.995391e-01	1.272133e+01	1.990574e+00	3.936605e+00	2.885292e-01	-6.788833e-01	3.211252e-01	1.017237e+01
8.789754e+01	-5.813045e-02	-9.041049e-01	1.269252e+01	2.002348e+00	3.953363e+00	2.826687e-01	-6.856887e-01	3.138358e-01	1.018463e+01
8.773756e+01	-4.676787e-02	-8.912508e-01	1.268131e+01	2.013107e+00	3.960069e+00	2.955678e-01	-6.891763e-01	3.101626e-01	1.016378e+01
8.580973e+01	-9.733461e-02	-8.923161e-01	1.271638e+01	1.987218e+00	3.937441e+00	2.986838e-01	-6.907559e-01	3.079111e-01	1.015662e+01
8.674581e+01	-7.801923e-02	-9.040082e-01	1.271338e+01	1.975827e+00	3.926458e+00	2.834838e-01	-6.953552e-01	3.023008e-01	1.016170e+01
9.041057e+01	-5.143670e-02	-9.074854e-01	1.269050e+01	1.982421e+00	3.935051e+00	2.751453e-01	-6.971905e-01	2.995650e-01	1.015903e+01
8.626256e+01	-3.492446e-02	-8.956210e-01	1.266348e+01	2.005507e+00	3.950852e+00	2.874713e-01	-7.007288e-01	2.955711e-01	1.014785e+01
8.742630e+01	-1.351934e-02	-8.980129e-01	1.264954e+01	2.017229e+00	3.947064e+00	2.864739e-01	-7.055421e-01	2.904187e-01	1.015793e+01
8.556446e+01	-5.618134e-02	-9.004233e-01	1.267920e+01	1.989178e+00	3.920553e+00	2.838910e-01	-7.068484e-01	2.876753e-01	1.014706e+01
8.532340e+01	-9.772085e-02	-8.914078e-01	1.269616e+01	1.979799e+00	3.913972e+00	2.960515e-01	-7.067416e-01	2.863501e-01	1.013697e+01
8.720344e+01	-9.286816e-02	-9.048589e-01	1.270347e+01	1.961107e+00	3.895839e+00	2.800946e-01	-7.094277e-01	2.820828e-01	1.013960e+01
9.024833e+01	-9.219215e-02	-9.073672e-01	1.269732e+01	1.967260e+00	3.893520e+00	2.725794e-01	-7.123794e-01	2.781195e-01	1.012821e+01
8.798873e+01	-4.983303e-02	-8.889142e-01	1.264515e+01	2.004104e+00	3.930755e+00	2.917472e-01	-7.130053e-01	2.760450e-01	1.012051e+01
8.571438e+01	-6.007304e-02	-8.946456e-01	1.264336e+01	2.006435e+00	3.930222e+00	2.852431e-01	-7.157694e-01	2.723804e-01	1.012515e+01
8.574549e+01	-7.066933e-02	-9.013307e-01	1.266397e+01	1.980932e+00	3.901113e+00	2.804048e-01	-7.156387e-01	2.700832e-01	1.013102e+01
8.508528e+01	-8.740718e-02	-9.001290e-01	1.264462e+01	1.997087e+00	3.920651e+00	2.884044e-01	-7.162723e-01	2.666255e-01	1.014702e+01
8.580619e+01	-8.210545e-02	-9.029181e-01	1.266780e+01	1.969776e+00	3.884711e+00	2.822164e-01	-7.156044e-01	2.653098e-01	1.013769e+01
8.659728e+01	-5.520665e-02	-8.870702e-01	1.267540e+01	1.952405e+00	3.854408e+00	2.943647e-01	-7.152337e-01	2.643112e-01	1.011093e+01
8.671914e+01	-6.748567e-02	-9.034541e-01	1.266884e+01	1.953273e+00	3.858886e+00	2.793627e-01	-7.161546e-01	2.610143e-01	1.012863e+01
9.037698e+01	-6.719438e-02	-8.844592e-01	1.264182e+01	1.989409e+00	3.880783e+00	2.974662e-01	-7.196705e-01	2.574160e-01	1.011483e+01
9.867814e+01	-9.225043e-02	-9.164277e-01	1.267538e+01	1.943771e+00	3.844648e+00	2.665004e-01	-7.171107e-01	2.558096e-01	1.013574e+01
1.037519e+02	-7.868581e-02	-9.228289e-01	1.264475e+01	1.955837e+00	3.865966e+00	2.595644e-01	-7.390168e-01	2.306001e-01	1.013490e+01
9.455515e+01	-4.207175e-02	-8.865593e-01	1.257598e+01	2.019214e+00	3.917545e+00	3.001701e-01	-7.656550e-01	1.989490e-01	1.012261e+01
7.507568e+01	-1.015524e-01	-9.014232e-01	1.263854e+01	1.952295e+00	3.846033e+00	2.923524e-01	-7.967532e-01	1.605604e-01	1.015797e+01
8.253884e+01	-1.158839e-01	-9.191400e-01	1.266454e+01	1.915275e+00	3.807045e+00	2.785995e-01	-8.466305e-01	1.005560e-01	1.017770e+01
6.984663e+01	-6.400391e-02	-8.998850e-01	1.261880e+01	1.954704e+00	3.833668e+00	2.891943e-01	-8.350963e-01	8.719066e-02	1.016379e+01
1.058264e+02	-7.774743e-02	-9.165475e-01	1.262451e+01	1.938243e+00	3.826178e+00	2.877038e-01	-8.462295e-01	-2.815966e-02	1.020665e+01
1.256477e+02	-1.023279e-01	-8.540245e-01	1.264041e+01	1.923661e+00	3.809047e+00	3.086460e-01	-6.108330e-01	1.038931e-01	1.009126e+01
1.054656e+02	-9.803834e-02	-8.598063e-01	1.264905e+01	1.912004e+00	3.785393e+00	2.839314e-01	-5.119638e-01	1.616503e-01	1.008816e+01
1.632109e+02	-1.009917e-01	-9.149505e-01	1.265138e+01	1.889961e+00	3.773116e+00	2.154708e-01	-4.728939e-01	1.860047e-01	1.012394e+01
1.783450e+02	-6.656462e-02	-9.206462e-01	1.258814e+01	1.953732e+00	3.828694e+00	2.043761e-01	-4.632634e-01	1.990727e-01	1.013061e+01
2.051113e+02	3.217143e-01	-8.345714e-01	1.256400e+01	2.287333e+00	3.510667e+00	2.766667e-01	-8.117143e-01	-4.822857e-01	1.027257e+01
7.270272e+02	1.993427e-01	-9.569430e-01	1.268637e+01	2.164962e+00	3.388295e+00	1.542951e-01	-9.340859e-01	-3.599141e-01	1.039494e+01
2.446661e+02	1.622243e-01	-8.402557e-01	1.269117e+01	2.194920e+00	3.366987e+00	1.035850e-01	-8.124600e-01	-4.812224e-01	1.027346e+01
1.554104e+02	1.282772e-01	-8.067549e-01	1.263783e+01	2.275468e+00	3.477329e+00	2.412167e-01	-8.091278e-01	-4.752650e-01	1.023812e+01
2.794964e+02	-2.380020e-03	-8.735168e-01	1.276558e+01	2.158135e+00	3.346993e+00	1.152382e-01	-8.185528e-01	-4.698533e-01	1.028948e+01
1.282765e+02	-2.874665e-02	-8.606871e-01	1.274911e+01	2.203206e+00	3.377810e+00	1.922065e-01	-8.340622e-01	-4.418405e-01	1.027536e+01
1.533801e+02	-2.414968e-02	-8.140151e-01	1.273579e+01	2.228593e+00	3.393210e+00	2.844986e-01	-8.212062e-01	-4.345385e-01	1.020198e+01
3.077220e+02	-9.148089e-02	-9.121926e-01	1.279729e+01	2.159373e+00	3.315949e+00	1.448119e-01	-8.304869e-01	-4.193312e-01	1.029771e+01
1.229498e+02	-7.935788e-02	-8.648443e-01	1.276728e+01	2.206226e+00	3.353283e+00	1.894681e-01	-7.965663e-01	-4.286624e-01	1.022028e+01
1.028863e+02	-1.020314e-01	-8.354758e-01	1.275442e+01	2.245019e+00	3.371496e+00	2.763185e-01	-8.141611e-01	-3.970251e-01	1.018895e+01
7.451149e+01	-1.081693e-01	-8.596858e-01	1.277714e+01	2.207391e+00	3.343875e+00	2.494983e-01	-8.211621e-01	-3.945168e-01	1.020649e+01
7.876140e+01	-1.276343e-01	-8.529313e-01	1.277857e+01	2.223841e+00	3.341364e+00	2.747868e-01	-8.197776e-01	-3.772773e-01	1.018971e+01
1.799577e+02	-1.410750e-01	-9.038744e-01	1.282578e+01	2.154200e+00	3.285152e+00	1.937322e-01	-8.200459e-01	-3.722718e-01	1.021696e+01
1.671596e+02	-1.234099e-01	-8.294635e-01	1.278196e+01	2.221796e+00	3.338875e+00	3.138865e-01	-8.052350e-01	-3.561107e-01	1.014782e+01
1.174672e+02	-1.614574e-01	-8.985944e-01	1.285840e+01	2.108291e+00	3.239997e+00	2.438552e-01	-8.106095e-01	-3.582190e-01	1.023114e+01
9.561804e+01	-1.301019e-01	-8.501929e-01	1.282088e+01	2.148917e+00	3.270263e+00	2.961226e-01	-7.837174e-01	-3.511547e-01	1.017587e+01
9.283900e+01	-1.501299e-01	-8.924480e-01	1.286139e+01	2.082528e+00	3.220010e+00	2.523422e-01	-7.913832e-01	-3.469051e-01	1.021870e+01
7.365392e+01	-1.107747e-01	-8.656350e-01	1.282427e+01	2.113901e+00	3.260496e+00	2.818771e-01	-7.835182e-01	-3.340804e-01	1.018259e+01
1.061096e+02	-1.282146e-01	-9.015612e-01	1.284526e+01	2.097224e+00	3.233858e+00	2.427745e-01	-7.953907e-01	-3.159275e-01	1.020832e+01
1.192112e+02	-9.706352e-02	-8.476251e-01	1.281075e+01	2.137901e+00	3.266324e+00	3.108360e-01	-7.735095e-01	-2.984675e-01	1.014629e+01
1.492087e+02	-1.479236e-01	-9.196421e-01	1.288777e+01	2.046038e+00	3.179049e+00	2.288003e-01	-7.822484e-01	-3.012961e-01	1.019753e+01
6.877323e+01	-1.059874e-01	-8.842387e-01	1.284106e+01	2.097149e+00	3.231437e+00	2.993562e-01	-7.980393e-01	-2.791047e-01	1.018385e+01
7.503151e+01	-1.011381e-01	-8.883179e-01	1.284720e+01	2.090576e+00	3.212774e+00	2.673618e-01	-7.597341e-01	-2.701490e-01	1.017227e+01
7.350044e+01	-5.821690e-02	-8.734097e-01	1.281648e+01	2.116089e+00	3.235363e+00	2.955628e-01	-7.701441e-01	-2.621760e-01	1.017654e+01
1.866270e+02	-8.860293e-02	-9.304229e-01	1.283702e+01	2.093209e+00	3.209429e+00	2.243481e-01	-7.896022e-01	-2.484305e-01	1.024004e+01
1.916269e+02	-3.365478e-02	-8.312365e-01	1.278360e+01	2.153294e+00	3.259739e+00	3.252668e-01	-7.201693e-01	-2.432750e-01	1.012819e+01
1.311210e+02	-1.533182e-01	-9.154325e-01	1.291647e+01	2.001960e+00	3.106262e+00	2.399706e-01	-7.204996e-01	-2.362753e-01	1.016721e+01
7.050515e+01	-1.363662e-01	-8.948131e-01	1.287808e+01	2.039192e+00	3.140660e+00	3.079863e-01	-7.667878e-01	-2.205592e-01	1.018349e+01
8.171831e+01	-9.473937e-02	-9.012569e-01	1.285492e+01	2.055226e+00	3.154259e+00	2.937309e-01	-8.076788e-01	-2.130512e-01	1.022793e+01
1.066683e+02	-6.525640e-02	-8.492695e-01	1.283756e+01	2.073586e+00	3.157670e+00	3.009009e-01	-7.034484e-01	-2.069837e-01	1.016764e+01
1.245378e+02	-6.660066e-02	-9.037274e-01	1.284094e+01	2.062671e+00	3.156479e+00	2.263584e-01	-7.109312e-01	-1.973227e-01	1.019090e+01
6.932343e+01	-3.196226e-02	-8.908801e-01	1.280606e+01	2.098997e+00	3.191491e+00	2.641820e-01	-7.774867e-01	-1.741420e-01	1.019348e+01
6.899428e+01	-3.670892e-02	-8.822857e-01	1.278981e+01	2.132010e+00	3.205476e+00	2.961327e-01	-8.175049e-01	-1.809702e-01	1.019257e+01
7.450456e+01	-9.267473e-02	-8.801104e-01	1.284740e+01	2.080277e+00	3.133310e+00	2.665639e-01	-7.443740e-01	-1.659650e-01	1.014810e+01
8.339514e+01	-4.295423e-02	-8.632223e-01	1.279226e+01	2.127864e+00	3.180308e+00	2.912438e-01	-7.488677e-01	-1.556391e-01	1.015290e+01
7.827444e+01	-1.339459e-02	-8.984621e-01	1.276781e+01	2.141390e+00	3.201135e+00	2.507671e-01	-7.672097e-01	-1.575032e-01	1.018726e+01
8.483717e+01	-5.911477e-02	-9.118337e-01	1.279505e+01	2.131936e+00	3.171275e+00	2.621572e-01	-7.729375e-01	-1.636852e-01	1.022361e+01
6.376119e+01	-7.452720e-02	-8.961934e-01	1.278891e+01	2.151527e+00	3.171953e+00	2.876546e-01	-7.825765e-01	-1.562981e-01	1.021666e+01
6.776949e+01	-3.519701e-02	-8.817213e-01	1.277192e+01	2.159219e+00	3.179326e+00	2.875462e-01	-7.631840e-01	-1.506092e-01	1.019171e+01
1.623210e+02	-7.909260e-02	-9.235280e-01	1.281739e+01	2.122963e+00	3.125163e+00	2.583679e-01	-8.226610e-01	-1.707136e-01	1.022004e+01
1.453479e+02	-3.252985e-02	-8.579076e-01	1.276735e+01	2.181483e+00	3.177721e+00	3.424377e-01	-8.311533e-01	-1.700831e-01	1.017832e+01
5.705022e+02	-1.374270e-01	-9.657796e-01	1.289214e+01	2.052743e+00	3.041765e+00	1.785987e-01	-8.468986e-01	-1.975496e-01	1.025231e+01
7.351060e+01	-7.761519e-02	-8.663243e-01	1.282487e+01	2.121153e+00	3.098434e+00	2.951026e-01	-8.264362e-01	-2.120527e-01	1.017640e+01
4.195920e+02	-5.834286e-01	-7.705714e-01	1.351486e+01	2.159333e+00	4.918667e+00	2.202857e-01	-5.176190e-01	-3.405714e-01	8.517143e+00
3.650034e+02	-7.058001e-01	-8.929430e-01	1.339249e+01	2.281705e+00	5.041038e+00	9.791413e-02	-6.399906e-01	-2.181998e-01	8.639514e+00
1.781004e+02	-5.847953e-01	-8.330633e-01	1.326373e+01	2.407921e+00	5.169980e+00	2.119721e-01	-7.641315e-01	-9.919647e-02	8.740841e+00
2.276222e+02	-5.104411e-01	-8.315534e-01	1.321040e+01	2.448810e+00	5.224474e+00	2.530279e-01	-8.706928e-01	-1.128023e-02	8.816072e+00
1.448935e+02	-5.785224e-01	-9.121096e-01	1.330227e+01	2.350368e+00	5.133531e+00	2.017316e-01	-8.833964e-01	7.851666e-03	8.892381e+00
1.112140e+02	-5.572268e-01	-8.956378e-01	1.331000e+01	2.340677e+00	5.124157e+00	2.435988e-01	-9.333958e-01	1.100356e-02	8.954399e+00
1.158263e+02	-4.761847e-01	-8.866996e-01	1.327717e+01	2.358116e+00	5.155240e+00	2.645185e-01	-9.400676e-01	-6.727965e-05	8.998164e+00
1.367803e+02	-4.043357e-01	-8.804212e-01	1.325084e+01	2.372034e+00	5.179103e+00	2.844296e-01	-9.534610e-01	-2.673919e-02	9.052682e+00
1.059311e+02	-3.891973e-01	-9.246651e-01	1.329719e+01	2.308466e+00	5.131937e+00	2.467363e-01	-9.120060e-01	-5.704778e-02	9.093496e+00
1.220968e+02	-3.138461e-01	-8.923702e-01	1.326117e+01	2.328748e+00	5.160979e+00	2.871213e-01	-8.637505e-01	-9.294910e-02	9.091164e+00
9.545975e+01	-2.878524e-01	-9.131981e-01	1.330283e+01	2.280741e+00	5.124629e+00	2.824872e-01	-9.442959e-01	-9.372217e-02	9.172926e+00
9.133804e+01	-2.408186e-01	-9.224090e-01	1.330996e+01	2.259645e+00	5.116375e+00	2.782480e-01	-8.993185e-01	-1.337497e-01	9.191716e+00
9.743249e+01	-1.708454e-01	-9.093068e-01	1.328579e+01	2.266210e+00	5.129674e+00	2.922765e-01	-8.944622e-01	-1.621472e-01	9.221625e+00
8.991128e+01	-1.057284e-01	-9.100775e-01	1.325513e+01	2.279948e+00	5.149423e+00	2.895881e-01	-9.338017e-01	-1.838976e-01	9.294397e+00
8.404848e+01	-7.671447e-02	-9.234042e-01	1.327672e+01	2.249562e+00	5.127889e+00	2.843352e-01	-9.314802e-01	-2.060037e-01	9.331242e+00
1.310941e+02	-4.634784e-02	-8.971516e-01	1.330580e+01	2.212704e+00	5.097585e+00	2.724532e-01	-7.187893e-01	-3.454693e-01	9.135442e+00
1.502422e+02	7.256259e-03	-8.851990e-01	1.326576e+01	2.239955e+00	5.129303e+00	2.989810e-01	-7.201148e-01	-2.325534e-01	9.153025e+00
1.428684e+02	2.327055e-02	-9.611256e-01	1.329842e+01	2.190798e+00	5.101748e+00	2.441391e-01	-7.612646e-01	-1.219614e-01	9.218596e+00
9.127273e+01	6.602052e-02	-9.367149e-01	1.326144e+01	2.229422e+00	5.129637e+00	2.793964e-01	-8.121312e-01	-5.925313e-02	9.258413e+00
8.520761e+01	1.067366e-01	-9.300261e-01	1.323203e+01	2.255384e+00	5.149019e+00	2.989947e-01	-8.740949e-01	-3.339153e-02	9.316306e+00
1.074057e+02	1.373059e-01	-9.132475e-01	1.322885e+01	2.250580e+00	5.146872e+00	3.164927e-01	-8.802730e-01	-4.550347e-02	9.326921e+00
9.890539e+01	1.519843e-01	-9.206545e-01	1.323489e+01	2.241036e+00	5.137215e+00	3.187672e-01	-8.930372e-01	-5.811343e-02	9.353485e+00
1.026196e+02	1.243086e-01	-9.609094e-01	1.330064e+01	2.173741e+00	5.085650e+00	2.734526e-01	-8.716645e-01	-9.292078e-02	9.368463e+00
8.323313e+01	1.571305e-01	-9.398767e-01	1.328533e+01	2.183086e+00	5.094671e+00	2.845523e-01	-8.569606e-01	-1.320688e-01	9.429201e+00
1.500922e+02	2.222791e-01	-8.925586e-01	1.323955e+01	2.211839e+00	5.119763e+00	3.296537e-01	-8.454717e-01	-1.572824e-01	9.436845e+00
8.581039e+01	2.168462e-01	-9.211476e-01	1.329030e+01	2.140737e+00	5.067806e+00	3.154948e-01	-8.749124e-01	-1.673644e-01	9.485735e+00
9.764225e+02	2.012316e-01	-9.703080e-01	1.330230e+01	2.118993e+00	5.056732e+00	2.913528e-01	-1.001702e+00	-1.766970e-01	9.624437e+00
4.618409e+02	2.933644e-01	-7.570817e-01	1.326803e+01	2.138233e+00	5.057366e+00	2.375770e-01	-7.142482e-01	-4.666244e-01	9.351801e+00
4.219569e+02	1.555605e-01	-8.395489e-01	1.341140e+01	1.996844e+00	4.963251e+00	5.894938e-02	-6.213177e-01	-5.390228e-01	9.331890e+00
3.632108e+02	9.578621e-02	-8.471431e-01	1.332328e+01	2.078045e+00	5.080038e+00	7.557845e-02	-6.042041e-01	-4.664093e-01	9.342518e+00
2.893408e+02	1.206284e-01	-7.872001e-01	1.323133e+01	2.163048e+00	5.164960e+00	2.148884e-01	-6.036576e-01	-4.166793e-01	9.364831e+00
1.833997e+02	7.570047e-02	-8.302620e-01	1.324702e+01	2.138850e+00	5.159749e+00	2.147828e-01	-6.112118e-01	-3.671754e-01	9.431583e+00
1.567739e+02	8.295813e-04	-8.679601e-01	1.327785e+01	2.110816e+00	5.147483e+00	2.060380e-01	-6.193712e-01	-3.301771e-01	9.473968e+00
1.316305e+02	-1.920926e-02	-8.772684e-01	1.325270e+01	2.135509e+00	5.178423e+00	2.308536e-01	-6.318463e-01	-2.808249e-01	9.503648e+00
1.440514e+02	1.226261e-02	-8.668578e-01	1.321162e+01	2.170310e+00	5.215356e+00	2.815341e-01	-6.492899e-01	-2.260116e-01	9.535372e+00
1.102075e+02	2.117403e-02	-8.896565e-01	1.323240e+01	2.133509e+00	5.185473e+00	2.771544e-01	-6.608329e-01	-1.954695e-01	9.566285e+00
9.952082e+01	2.106723e-02	-9.049270e-01	1.322379e+01	2.135667e+00	5.192910e+00	2.773046e-01	-6.729929e-01	-1.615193e-01	9.585225e+00
1.001662e+02	4.417384e-02	-9.049425e-01	1.321742e+01	2.137037e+00	5.188346e+00	2.922780e-01	-6.795686e-01	-1.445106e-01	9.595269e+00
9.652427e+01	6.442417e-02	-9.107417e-01	1.319810e+01	2.142595e+00	5.201276e+00	2.940698e-01	-6.875328e-01	-1.247379e-01	9.602286e+00
1.055769e+02	1.010457e-01	-9.053349e-01	1.316205e+01	2.164940e+00	5.226535e+00	3.052429e-01	-6.915294e-01	-1.152950e-01	9.603384e+00
9.233668e+01	7.816468e-02	-9.270029e-01	1.320097e+01	2.115435e+00	5.182271e+00	2.852002e-01	-6.968773e-01	-1.038628e-01	9.617368e+00
9.434322e+01	7.454092e-02	-9.174982e-01	1.319416e+01	2.120017e+00	5.181585e+00	3.088509e-01	-7.092116e-01	-9.108461e-02	9.626100e+00
8.973462e+01	1.097121e-01	-9.243673e-01	1.318459e+01	2.112378e+00	5.178738e+00	3.052748e-01	-7.137526e-01	-8.659164e-02	9.635740e+00
9.249458e+01	1.370052e-01	-9.213535e-01	1.316783e+01	2.118309e+00	5.184926e+00	3.116696e-01	-7.160472e-01	-8.417501e-02	9.639304e+00
8.547989e+01	1.501886e-01	-9.331502e-01	1.316848e+01	2.107377e+00	5.177085e+00	3.063538e-01	-7.259215e-01	-8.440858e-02	9.659145e+00
1.498726e+03	-3.640000e-01	-1.145429e+00	1.265543e+01	1.818000e+00	3.724000e+00	6.485714e-02	-8.223810e-01	-1.668571e-01	9.916000e+00
9.400664e+02	-2.416284e-01	-1.023057e+00	1.277780e+01	1.695628e+00	3.601628e+00	-5.751444e-02	-7.000094e-01	-2.892287e-01	9.793628e+00
8.235740e+02	-1.068097e-01	-9.293290e-01	1.268307e+01	1.741858e+00	3.632411e+00	-6.222672e-02	-6.222079e-01	-3.650072e-01	9.713346e+00
6.013653e+02	4.122515e-03	-8.653050e-01	1.257431e+01	1.829887e+00	3.701936e+00	-1.989692e-02	-5.798223e-01	-4.047454e-01	9.666927e+00
3.330555e+02	-3.112407e-02	-8.088612e-01	1.249803e+01	1.939887e+00	3.774179e+00	5.398687e-02	-5.524469e-01	-4.302316e-01	9.636407e+00
2.455928e+02	-1.174152e-01	-7.713123e-01	1.248621e+01	2.038918e+00	3.786794e+00	1.164468e-01	-5.358451e-01	-4.446974e-01	9.620586e+00
3.092289e+02	-2.094614e-01	-7.470738e-01	1.253384e+01	2.075467e+00	3.757113e+00	1.697320e-01	-5.247374e-01	-4.549925e-01	9.614389e+00
2.778046e+02	-3.005288e-01	-7.513403e-01	1.262150e+01	2.036871e+00	3.675803e+00	1.705785e-01	-5.177661e-01	-4.611021e-01	9.621273e+00
2.326441e+02	-3.962876e-01	-7.695824e-01	1.272961e+01	1.966733e+00	3.565744e+00	1.540212e-01	-5.129135e-01	-4.659416e-01	9.634538e+00
2.373423e+02	-4.507678e-01	-7.909701e-01	1.279807e+01	1.920495e+00	3.495142e+00	1.350169e-01	-5.101997e-01	-4.679937e-01	9.651239e+00
2.373227e+02	-4.745576e-01	-7.998612e-01	1.282455e+01	1.904541e+00	3.468310e+00	1.408258e-01	-5.083380e-01	-4.696037e-01	9.664073e+00
2.174028e+02	-4.768402e-01	-7.981974e-01	1.282160e+01	1.913652e+00	3.472735e+00	1.702658e-01	-5.078535e-01	-4.690833e-01	9.674768e+00
2.101050e+02	-4.600391e-01	-7.994633e-01	1.280410e+01	1.929275e+00	3.492117e+00	1.901462e-01	-5.074871e-01	-4.688860e-01	9.686171e+00
2.115408e+02	-4.336847e-01	-7.993491e-01	1.278605e+01	1.942020e+00	3.510003e+00	2.078169e-01	-5.070809e-01	-4.692189e-01	9.695118e+00
1.929374e+02	-4.106632e-01	-8.143649e-01	1.276458e+01	1.951928e+00	3.530956e+00	1.971636e-01	-5.078009e-01	-4.673078e-01	9.711869e+00
1.849978e+02	-3.960729e-01	-8.228385e-01	1.275313e+01	1.960084e+00	3.539528e+00	2.021380e-01	-5.092179e-01	-4.640226e-01	9.726364e+00
1.794621e+02	-3.633077e-01	-8.338510e-01	1.272079e+01	1.978609e+00	3.570669e+00	1.956017e-01	-5.101438e-01	-4.618890e-01	9.739712e+00
1.708118e+02	-3.323931e-01	-8.396130e-01	1.268608e+01	2.005778e+00	3.600986e+00	2.017628e-01	-5.118453e-01	-4.580206e-01	9.751990e+00
1.636183e+02	-3.034193e-01	-8.425563e-01	1.265512e+01	2.028134e+00	3.629249e+00	2.105106e-01	-5.130841e-01	-4.553971e-01	9.761120e+00
1.598676e+02	-2.793719e-01	-8.432415e-01	1.263532e+01	2.042784e+00	3.645771e+00	2.203794e-01	-5.139427e-01	-4.537252e-01	9.767886e+00
1.555175e+02	-2.725447e-01	-8.487123e-01	1.262768e+01	2.052552e+00	3.646697e+00	2.254444e-01	-5.158256e-01	-4.498148e-01	9.777713e+00
1.518473e+02	-2.885624e-01	-8.573590e-01	1.264239e+01	2.050689e+00	3.626003e+00	2.258436e-01	-5.181261e-01	-4.447525e-01	9.787901e+00
1.477759e+02	-2.850859e-01	-8.595752e-01	1.264048e+01	2.057614e+00	3.620310e+00	2.366785e-01	-5.202877e-01	-4.406671e-01	9.796249e+00
1.467572e+02	-3.037802e-01	-8.610943e-01	1.266423e+01	2.047000e+00	3.585920e+00	2.465248e-01	-5.219672e-01	-4.376318e-01	9.801908e+00
1.424403e+02	-2.966976e-01	-8.671302e-01	1.265884e+01	2.052151e+00	3.582120e+00	2.493774e-01	-5.247189e-01	-4.325044e-01	9.811604e+00
1.396618e+02	-3.029721e-01	-8.756019e-01	1.266720e+01	2.050682e+00	3.562968e+00	2.478551e-01	-5.273743e-01	-4.279924e-01	9.823509e+00
1.353931e+02	-2.888981e-01	-8.781436e-01	1.265509e+01	2.059915e+00	3.566259e+00	2.562967e-01	-5.303117e-01	-4.223082e-01	9.830334e+00
1.329026e+02	-2.828103e-01	-8.804775e-01	1.265078e+01	2.069817e+00	3.555920e+00	2.600554e-01	-5.328580e-01	-4.175723e-01	9.835097e+00
1.296860e+02	-2.699582e-01	-8.836343e-01	1.264104e+01	2.075947e+00	3.557754e+00	2.673597e-01	-5.360484e-01	-4.114129e-01	9.841712e+00
1.274684e+02	-2.830356e-01	-8.921812e-01	1.264813e+01	2.075980e+00	3.543586e+00	2.627861e-01	-5.398519e-01	-4.039803e-01	9.848641e+00
1.237594e+02	-2.666698e-01	-8.928794e-01	1.263806e+01	2.083553e+00	3.542948e+00	2.737478e-01	-5.428561e-01	-3.982573e-01	9.853615e+00
1.220139e+02	-2.539968e-01	-8.951835e-01	1.264495e+01	2.078601e+00	3.519217e+00	2.784365e-01	-5.459154e-01	-3.929478e-01	9.857846e+00
1.195953e+02	-2.454155e-01	-8.979417e-01	1.263926e+01	2.084082e+00	3.516096e+00	2.848727e-01	-5.493001e-01	-3.868314e-01	9.862280e+00
1.204835e+02	-2.167719e-01	-8.964771e-01	1.262003e+01	2.094711e+00	3.523775e+00	2.943130e-01	-5.516804e-01	-3.826331e-01	9.863251e+00
1.154887e+02	-2.319773e-01	-9.073690e-01	1.264323e+01	2.075605e+00	3.489579e+00	2.846769e-01	-5.556217e-01	-3.759057e-01	9.871003e+00
1.128773e+02	-2.475874e-01	-9.135804e-01	1.264194e+01	2.090072e+00	3.483526e+00	2.864761e-01	-5.602708e-01	-3.679176e-01	9.877984e+00
1.119269e+02	-2.456350e-01	-9.176126e-01	1.265143e+01	2.083231e+00	3.463228e+00	2.881326e-01	-5.639385e-01	-3.616342e-01	9.881322e+00
1.084701e+02	-2.508524e-01	-9.180991e-01	1.264967e+01	2.091632e+00	3.452415e+00	2.981246e-01	-5.683741e-01	-3.535340e-01	9.883042e+00
1.064499e+02	-2.350252e-01	-9.190576e-01	1.264167e+01	2.097642e+00	3.448572e+00	3.044572e-01	-5.719376e-01	-3.475833e-01	9.885048e+00
1.054516e+02	-2.362499e-01	-9.252476e-01	1.265021e+01	2.097439e+00	3.424875e+00	3.003739e-01	-5.755812e-01	-3.413694e-01	9.887977e+00
1.030441e+02	-2.172371e-01	-9.241609e-01	1.263605e+01	2.107596e+00	3.426751e+00	3.093122e-01	-5.792447e-01	-3.353065e-01	9.888228e+00
1.033785e+02	-2.146475e-01	-9.229270e-01	1.263310e+01	2.115519e+00	3.416251e+00	3.193169e-01	-5.832151e-01	-3.292730e-01	9.888551e+00
1.002478e+02	-2.029199e-01	-9.295939e-01	1.263592e+01	2.109257e+00	3.399961e+00	3.103874e-01	-5.867060e-01	-3.234615e-01	9.890601e+00
9.849858e+01	-1.984512e-01	-9.313101e-01	1.262857e+01	2.123440e+00	3.393074e+00	3.174866e-01	-5.911264e-01	-3.161287e-01	9.893495e+00
9.875912e+01	-1.914428e-01	-9.373551e-01	1.263981e+01	2.110800e+00	3.367553e+00	3.079743e-01	-5.943440e-01	-3.108989e-01	9.893953e+00
1.019436e+02	-1.820944e-01	-9.418009e-01	1.264683e+01	2.109924e+00	3.337444e+00	2.993054e-01	-5.976611e-01	-3.058415e-01	9.894406e+00
9.548073e+01	-1.678039e-01	-9.357806e-01	1.262710e+01	2.128125e+00	3.344723e+00	3.164931e-01	-6.010961e-01	-3.001012e-01	9.891667e+00
9.621420e+01	-1.373607e-01	-9.337255e-01	1.259035e+01	2.152980e+00	3.371740e+00	3.274015e-01	-6.056703e-01	-2.926762e-01	9.891411e+00
9.496970e+01	-1.650594e-01	-9.357311e-01	1.263071e+01	2.133577e+00	3.319584e+00	3.292011e-01	-6.086077e-01	-2.879703e-01	9.889718e+00
9.306334e+01	-1.888530e-01	-9.422818e-01	1.266196e+01	2.124006e+00	3.272070e+00	3.268522e-01	-6.137292e-01	-2.819194e-01	9.893041e+00
9.356793e+01	-1.961990e-01	-9.460952e-01	1.267850e+01	2.113886e+00	3.242273e+00	3.221934e-01	-6.173740e-01	-2.775573e-01	9.893382e+00
9.287571e+01	-1.996128e-01	-9.447968e-01	1.269008e+01	2.108599e+00	3.212249e+00	3.304139e-01	-6.220036e-01	-2.732936e-01	9.893274e+00
9.096814e+01	-1.800623e-01	-9.471539e-01	1.267267e+01	2.119818e+00	3.216086e+00	3.280535e-01	-6.261326e-01	-2.685299e-01	9.895825e+00
8.911733e+01	-1.577705e-01	-9.441611e-01	1.264270e+01	2.144161e+00	3.227872e+00	3.339147e-01	-6.324290e-01	-2.642366e-01	9.897064e+00
8.727240e+01	-1.431386e-01	-9.506002e-01	1.263664e+01	2.140809e+00	3.217643e+00	3.239472e-01	-6.376457e-01	-2.596270e-01	9.902136e+00
8.491280e+01	-1.076921e-01	-9.517704e-01	1.260277e+01	2.162054e+00	3.236918e+00	3.264172e-01	-6.434419e-01	-2.554523e-01	9.906449e+00
8.474068e+01	-1.225985e-01	-9.554711e-01	1.262251e+01	2.150395e+00	3.200136e+00	3.247927e-01	-6.494846e-01	-2.509343e-01	9.908863e+00
8.564689e+01	-1.652601e-01	-9.595018e-01	1.264894e+01	2.151101e+00	3.163003e+00	3.236681e-01	-6.560677e-01	-2.459522e-01	9.913539e+00
8.170386e+01	-1.553834e-01	-9.554333e-01	1.263775e+01	2.161859e+00	3.157099e+00	3.377611e-01	-6.633575e-01	-2.417688e-01	9.915259e+00
8.143207e+01	-1.515455e-01	-9.544925e-01	1.263427e+01	2.173119e+00	3.139553e+00	3.459381e-01	-6.694302e-01	-2.372616e-01	9.918005e+00
7.989491e+01	-1.426015e-01	-9.568965e-01	1.263381e+01	2.166951e+00	3.122431e+00	3.471551e-01	-6.772922e-01	-2.338995e-01	9.921315e+00
7.850285e+01	-1.360072e-01	-9.586076e-01	1.263539e+01	2.168270e+00	3.097663e+00	3.488685e-01	-6.841603e-01	-2.309522e-01	9.924450e+00
7.734999e+01	-1.309212e-01	-9.660138e-01	1.264366e+01	2.153377e+00	3.072645e+00	3.380769e-01	-6.915243e-01	-2.278797e-01	9.928669e+00
7.506485e+01	-1.002645e-01	-9.621259e-01	1.261789e+01	2.164996e+00	3.082918e+00	3.487430e-01	-6.993503e-01	-2.243156e-01	9.927770e+00
7.482655e+01	-1.073106e-01	-9.691670e-01	1.263161e+01	2.153334e+00	3.051703e+00	3.390994e-01	-7.054151e-01	-2.216047e-01	9.931541e+00
7.597969e+01	-1.138524e-01	-9.734153e-01	1.264620e+01	2.134309e+00	3.023081e+00	3.381559e-01	-7.127072e-01	-2.195382e-01	9.933086e+00
7.174173e+01	-1.018321e-01	-9.700659e-01	1.262524e+01	2.155744e+00	3.024194e+00	3.478595e-01	-7.197553e-01	-2.172170e-01	9.933315e+00
7.250552e+01	-1.078834e-01	-9.647037e-01	1.261808e+01	2.174123e+00	3.009628e+00	3.595740e-01	-7.260301e-01	-2.149000e-01	9.932232e+00
7.016722e+01	-9.815705e-02	-9.680491e-01	1.261160e+01	2.177986e+00	2.996350e+00	3.553480e-01	-7.332199e-01	-2.135285e-01	9.935577e+00
7.292271e+01	-1.004394e-01	-9.782063e-01	1.262736e+01	2.156644e+00	2.966923e+00	3.345222e-01	-7.385854e-01	-2.125898e-01	9.939151e+00
7.100046e+01	-8.873306e-02	-9.779455e-01	1.261698e+01	2.168678e+00	2.958200e+00	3.361692e-01	-7.459946e-01	-2.114862e-01	9.940873e+00
6.615265e+01	-6.221116e-02	-9.720096e-01	1.259715e+01	2.182398e+00	2.960024e+00	3.500288e-01	-7.505627e-01	-2.098602e-01	9.939522e+00
7.032152e+01	-6.790134e-02	-9.628860e-01	1.259360e+01	2.201395e+00	2.943539e+00	3.646670e-01	-7.545495e-01	-2.085697e-01	9.939962e+00
6.716188e+01	-9.578897e-02	-9.662610e-01	1.261816e+01	2.203715e+00	2.894961e+00	3.579248e-01	-7.634403e-01	-2.090447e-01	9.943536e+00
6.895728e+01	-1.079832e-01	-9.730554e-01	1.263632e+01	2.190801e+00	2.856324e+00	3.433228e-01	-7.690378e-01	-2.093593e-01	9.947964e+00
6.629219e+01	-9.575471e-02	-9.607242e-01	1.261057e+01	2.214696e+00	2.869704e+00	3.505477e-01	-7.632959e-01	-2.071821e-01	9.936858e+00
6.665254e+01	-9.807138e-02	-9.626775e-01	1.262236e+01	2.200792e+00	2.827029e+00	3.321261e-01	-7.605838e-01	-2.056177e-01	9.936809e+00
8.200969e+01	-1.268269e-01	-9.704328e-01	1.265674e+01	2.174619e+00	2.770024e+00	3.107490e-01	-7.598448e-01	-2.039112e-01	9.939129e+00
6.602428e+01	-9.808444e-02	-9.585412e-01	1.262357e+01	2.201456e+00	2.780632e+00	3.321962e-01	-7.646726e-01	-2.046260e-01	9.927322e+00
7.616252e+01	-8.011868e-02	-9.457103e-01	1.259430e+01	2.233840e+00	2.789509e+00	3.579812e-01	-7.700845e-01	-2.042201e-01	9.919345e+00
6.497476e+01	-7.694075e-02	-9.570636e-01	1.260417e+01	2.215888e+00	2.759691e+00	3.318494e-01	-7.748232e-01	-2.045854e-01	9.919434e+00
7.791681e+01	-6.930638e-02	-9.672262e-01	1.263135e+01	2.175486e+00	2.707931e+00	3.109294e-01	-7.814335e-01	-2.043422e-01	9.920478e+00
6.601757e+01	-5.639471e-02	-9.465843e-01	1.261770e+01	2.194662e+00	2.707621e+00	3.317521e-01	-7.751898e-01	-2.028203e-01	9.900259e+00
8.498326e+01	-6.031345e-02	-9.311579e-01	1.261804e+01	2.211872e+00	2.686385e+00	3.527129e-01	-7.766076e-01	-2.020830e-01	9.886424e+00
6.902433e+01	-8.672295e-02	-9.511328e-01	1.265643e+01	2.172781e+00	2.634282e+00	3.164409e-01	-7.805150e-01	-2.024633e-01	9.891679e+00
8.425579e+01	-5.387923e-02	-9.617353e-01	1.263531e+01	2.172102e+00	2.638977e+00	2.930708e-01	-7.849183e-01	-2.014836e-01	9.894756e+00
6.598069e+01	-5.615132e-02	-9.437282e-01	1.261433e+01	2.200295e+00	2.651708e+00	3.187791e-01	-7.800332e-01	-2.003807e-01	9.881278e+00
7.532382e+01	-9.982099e-02	-9.342349e-01	1.263336e+01	2.207723e+00	2.620452e+00	3.424851e-01	-7.843359e-01	-2.003679e-01	9.877796e+00
6.730552e+01	-1.017145e-01	-9.410486e-01	1.262660e+01	2.208456e+00	2.615216e+00	3.324769e-01	-7.878015e-01	-2.001168e-01	9.881604e+00
6.544372e+01	-1.029604e-01	-9.453807e-01	1.261373e+01	2.219346e+00	2.616339e+00	3.284475e-01	-7.915199e-01	-1.996564e-01	9.889865e+00
6.739344e+01	-9.781335e-02	-9.506766e-01	1.261448e+01	2.210341e+00	2.600755e+00	3.154308e-01	-7.926232e-01	-1.986492e-01	9.891591e+00
6.496885e+01	-6.200994e-02	-9.409107e-01	1.258035e+01	2.230217e+00	2.630660e+00	3.234114e-01	-7.876948e-01	-1.968058e-01	9.884085e+00
6.522226e+01	-7.530719e-02	-9.411891e-01	1.259338e+01	2.223753e+00	2.602808e+00	3.155440e-01	-7.854447e-01	-1.951598e-01	9.879337e+00
6.604452e+01	-9.639083e-02	-9.381393e-01	1.260122e+01	2.230460e+00	2.574689e+00	3.169255e-01	-7.853100e-01	-1.939210e-01	9.877291e+00
6.765482e+01	-1.067326e-01	-9.466806e-01	1.260960e+01	2.221200e+00	2.556586e+00	3.085243e-01	-7.932552e-01	-1.938918e-01	9.885247e+00
6.756212e+01	-1.115713e-01	-9.474158e-01	1.260269e+01	2.235526e+00	2.551830e+00	3.086980e-01	-7.950976e-01	-1.927814e-01	9.887177e+00
6.483548e+01	-9.335099e-02	-9.466631e-01	1.258354e+01	2.246743e+00	2.561720e+00	3.240608e-01	-7.973256e-01	-1.916695e-01	9.884133e+00
6.598074e+01	-7.657504e-02	-9.453888e-01	1.256271e+01	2.262218e+00	2.570468e+00	3.320380e-01	-8.067914e-01	-1.906855e-01	9.880822e+00
6.603851e+01	-8.088743e-02	-9.422568e-01	1.257601e+01	2.249165e+00	2.539929e+00	3.303230e-01	-8.042233e-01	-1.882738e-01	9.869913e+00
2.391590e+03	1.080571e+00	-1.140857e+00	1.148514e+01	1.924667e+00	6.177333e+00	4.016190e-01	-6.410476e-01	-3.268571e-01	8.178857e+00
1.544580e+03	9.581998e-01	-1.263229e+00	1.160751e+01	1.802295e+00	6.054962e+00	2.792475e-01	-6.410476e-01	-3.268571e-01	8.301229e+00
1.258404e+03	8.115528e-01	-1.382932e+00	1.175609e+01	1.673341e+00	5.901209e+00	2.938155e-01	-7.634192e-01	-4.492287e-01	8.440558e+00
1.111285e+03	7.012561e-01	-1.449984e+00	1.187063e+01	1.578049e+00	5.779565e+00	3.728753e-01	-8.454153e-01	-5.312248e-01	8.548331e+00
4.803469e+03	5.885300e-01	-1.483413e+00	1.197541e+01	1.503199e+00	5.646282e+00	4.862679e-01	-9.625956e-01	-6.484232e-01	8.656418e+00
9.526299e+02	5.788261e-01	-1.410141e+00	1.190038e+01	1.405947e+00	5.715078e+00	4.182554e-01	-8.844320e-01	-7.273954e-01	8.580072e+00
9.585296e+02	5.658082e-01	-1.339421e+00	1.183288e+01	1.320968e+00	5.773371e+00	3.659143e-01	-8.140558e-01	-7.989760e-01	8.511320e+00
9.500673e+02	5.525428e-01	-1.278984e+00	1.177764e+01	1.252550e+00	5.818245e+00	3.276107e-01	-7.564128e-01	-8.579784e-01	8.454978e+00
9.218560e+02	5.328244e-01	-1.220775e+00	1.172802e+01	1.193371e+00	5.859617e+00	2.997725e-01	-7.045082e-01	-9.111072e-01	8.404428e+00
8.814413e+02	5.081602e-01	-1.168490e+00	1.168619e+01	1.145307e+00	5.895706e+00	2.815348e-01	-6.606370e-01	-9.560132e-01	8.361894e+00
8.315320e+02	4.826339e-01	-1.118496e+00	1.164878e+01	1.099668e+00	5.924859e+00	2.704859e-01	-6.211374e-01	-9.967467e-01	8.323590e+00
7.828275e+02	4.597341e-01	-1.072933e+00	1.161661e+01	1.060514e+00	5.949907e+00	2.649518e-01	-5.870938e-01	-1.031854e+00	8.290564e+00
7.303718e+02	4.277167e-01	-1.029442e+00	1.158814e+01	1.020865e+00	5.970297e+00	2.652929e-01	-5.564427e-01	-1.063764e+00	8.261027e+00
6.864131e+02	3.911282e-01	-9.886381e-01	1.156338e+01	9.870956e-01	5.987009e+00	2.705344e-01	-5.296782e-01	-1.091905e+00	8.235362e+00
6.605141e+02	3.534072e-01	-9.523034e-01	1.154168e+01	9.478571e-01	6.000480e+00	2.767263e-01	-5.055781e-01	-1.117244e+00	8.212384e+00
6.606449e+02	3.177453e-01	-9.188982e-01	1.152255e+01	9.141448e-01	6.010606e+00	2.845936e-01	-4.843363e-01	-1.139923e+00	8.192147e+00
6.715640e+02	2.744930e-01	-8.918003e-01	1.150628e+01	8.718401e-01	6.018516e+00	2.907668e-01	-4.652092e-01	-1.160343e+00	8.174282e+00
6.893428e+02	2.312363e-01	-8.714089e-01	1.149187e+01	8.344156e-01	6.026244e+00	2.935624e-01	-4.482294e-01	-1.178471e+00	8.158659e+00
6.955743e+02	1.846010e-01	-8.560488e-01	1.147985e+01	7.880931e-01	6.029282e+00	2.944052e-01	-4.329429e-01	-1.195066e+00	8.144813e+00
6.908796e+02	1.420210e-01	-8.461925e-01	1.146923e+01	7.451393e-01	6.031780e+00	2.926095e-01	-4.193001e-01	-1.209876e+00	8.132640e+00
6.512473e+02	9.459615e-02	-8.435392e-01	1.146035e+01	6.955628e-01	6.031108e+00	2.852724e-01	-4.070183e-01	-1.223468e+00	8.121966e+00
5.997433e+02	4.559895e-02	-8.447798e-01	1.145302e+01	6.423101e-01	6.029862e+00	2.757880e-01	-3.960114e-01	-1.235650e+00	8.112582e+00
5.457372e+02	-3.774468e-04	-8.510859e-01	1.144654e+01	5.922646e-01	6.026444e+00	2.629147e-01	-3.861035e-01	-1.246899e+00	8.104280e+00
5.032894e+02	-4.644623e-02	-8.610133e-01	1.144084e+01	5.449170e-01	6.021677e+00	2.486151e-01	-3.771981e-01	-1.257293e+00	8.097041e+00
4.820330e+02	-8.859244e-02	-8.701165e-01	1.143594e+01	4.987634e-01	6.017062e+00	2.358254e-01	-3.691792e-01	-1.266653e+00	8.090540e+00
4.753085e+02	-1.302934e-01	-8.781928e-01	1.143149e+01	4.580742e-01	6.011214e+00	2.258022e-01	-3.619536e-01	-1.275373e+00	8.084750e+00
4.789617e+02	-1.680286e-01	-8.858246e-01	1.142757e+01	4.201045e-01	6.005857e+00	2.169546e-01	-3.554473e-01	-1.283225e+00	8.079565e+00
4.873490e+02	-2.032114e-01	-8.919489e-01	1.142401e+01	3.862397e-01	5.999168e+00	2.101914e-01	-3.495722e-01	-1.290603e+00	8.074876e+00
4.942776e+02	-2.367893e-01	-8.963509e-01	1.142072e+01	3.585896e-01	5.993439e+00	2.071134e-01	-3.442820e-01	-1.297246e+00	8.070724e+00
4.958522e+02	-2.700644e-01	-8.987414e-01	1.141771e+01	3.355005e-01	5.986526e+00	2.080674e-01	-3.394970e-01	-1.303485e+00	8.067019e+00
4.942376e+02	-2.997812e-01	-8.997172e-01	1.141485e+01	3.180756e-01	5.980391e+00	2.105761e-01	-3.351883e-01	-1.309102e+00	8.063665e+00
4.881958e+02	-3.293435e-01	-8.989017e-01	1.141216e+01	3.070065e-01	5.973103e+00	2.151250e-01	-3.312865e-01	-1.314455e+00	8.060619e+00
4.796653e+02	-3.559144e-01	-8.971411e-01	1.140972e+01	2.979453e-01	5.966559e+00	2.221794e-01	-3.277731e-01	-1.319275e+00	8.057924e+00
4.683311e+02	-3.824982e-01	-8.929310e-01	1.140744e+01	2.935317e-01	5.959044e+00	2.322699e-01	-3.245883e-01	-1.323905e+00	8.055471e+00
4.604727e+02	-4.063548e-01	-8.899675e-01	1.140535e+01	2.912791e-01	5.952321e+00	2.416415e-01	-3.217205e-01	-1.328074e+00	8.053326e+00
4.537830e+02	-4.288706e-01	-8.867424e-01	1.140338e+01	2.936153e-01	5.944592e+00	2.515672e-01	-3.191195e-01	-1.332095e+00	8.051390e+00
4.499769e+02	-4.505055e-01	-8.841035e-01	1.140158e+01	2.968780e-01	5.937707e+00	2.610387e-01	-3.167774e-01	-1.335717e+00	8.049695e+00
4.487327e+02	-4.700118e-01	-8.814947e-01	1.139989e+01	3.025000e-01	5.931519e+00	2.709875e-01	-3.146489e-01	-1.339008e+00	8.048188e+00
4.472165e+02	-4.896964e-01	-8.810305e-01	1.139824e+01	3.102628e-01	5.924136e+00	2.780948e-01	-3.127348e-01	-1.342222e+00	8.046885e+00
4.440596e+02	-5.087145e-01	-8.826739e-01	1.139662e+01	3.198652e-01	5.917523e+00	2.834676e-01	-3.109942e-01	-1.345146e+00	8.045790e+00
4.400566e+02	-5.266428e-01	-8.848369e-01	1.139505e+01	3.309570e-01	5.909829e+00	2.873926e-01	-3.094296e-01	-1.348027e+00	8.044817e+00
4.347064e+02	-5.436408e-01	-8.879283e-01	1.139359e+01	3.424066e-01	5.900918e+00	2.894191e-01	-3.080086e-01	-1.350881e+00	8.043940e+00
4.276954e+02	-5.599351e-01	-8.925806e-01	1.139213e+01	3.556860e-01	5.893027e+00	2.903787e-01	-3.067291e-01	-1.353450e+00	8.043227e+00
4.211987e+02	-5.744543e-01	-8.972293e-01	1.139073e+01	3.695436e-01	5.885905e+00	2.902336e-01	-3.055644e-01	-1.355789e+00	8.042565e+00
4.146525e+02	-5.895884e-01	-9.034340e-01	1.138942e+01	3.836589e-01	5.877608e+00	2.892613e-01	-3.045186e-01	-1.358176e+00	8.042051e+00
4.091276e+02	-6.041220e-01	-9.112669e-01	1.138818e+01	3.977997e-01	5.868101e+00	2.868382e-01	-3.035692e-01	-1.360600e+00	8.041649e+00
4.057917e+02	-6.180600e-01	-9.174001e-01	1.138702e+01	4.118206e-01	5.859595e+00	2.857843e-01	-3.027143e-01	-1.362784e+00	8.041288e+00
4.036322e+02	-6.314081e-01	-9.230615e-01	1.138591e+01	4.260318e-01	5.850108e+00	2.849497e-01	-3.019385e-01	-1.365047e+00	8.040963e+00
4.021085e+02	-6.443854e-01	-9.279492e-01	1.138489e+01	4.394240e-01	5.841584e+00	2.853085e-01	-3.012400e-01	-1.367085e+00	8.040702e+00
4.007819e+02	-6.569659e-01	-9.323077e-01	1.138395e+01	4.522020e-01	5.833809e+00	2.863967e-01	-3.006037e-01	-1.368941e+00	8.040497e+00
3.990539e+02	-6.693347e-01	-9.356186e-01	1.138306e+01	4.644494e-01	5.824846e+00	2.885301e-01	-3.000341e-01	-1.370919e+00	8.040311e+00
3.971507e+02	-6.813701e-01	-9.382999e-01	1.138223e+01	4.762635e-01	5.814750e+00	2.913333e-01	-2.995183e-01	-1.373009e+00	8.040150e+00
3.950054e+02	-6.931781e-01	-9.401471e-01	1.138151e+01	4.867893e-01	5.805594e+00	2.951065e-01	-2.990539e-01	-1.374892e+00	8.040020e+00
3.930999e+02	-7.035731e-01	-9.423838e-01	1.138084e+01	4.967789e-01	5.797257e+00	2.990416e-01	-2.986308e-01	-1.376607e+00	8.039936e+00
3.907794e+02	-7.150699e-01	-9.431271e-01	1.138028e+01	5.054215e-01	5.787781e+00	3.039609e-01	-2.982528e-01	-1.378442e+00	8.039848e+00
3.889053e+02	-7.272277e-01	-9.445686e-01	1.137974e+01	5.142837e-01	5.777236e+00	3.082735e-01	-2.979114e-01	-1.380393e+00	8.039809e+00
3.871731e+02	-7.382608e-01	-9.447578e-01	1.137935e+01	5.210094e-01	5.767559e+00	3.136061e-01	-2.976039e-01	-1.382149e+00	8.039765e+00
3.855461e+02	-7.500323e-01	-9.455597e-01	1.137896e+01	5.281877e-01	5.756885e+00	3.187175e-01	-2.973273e-01	-1.384005e+00	8.039767e+00
3.844281e+02	-7.606620e-01	-9.459775e-01	1.137868e+01	5.332071e-01	5.747061e+00	3.234581e-01	-2.970782e-01	-1.385677e+00	8.039757e+00
3.836250e+02	-7.703533e-01	-9.466809e-01	1.137849e+01	5.368150e-01	5.737925e+00	3.278340e-01	-2.968513e-01	-1.387199e+00	8.039762e+00
3.826564e+02	-7.808064e-01	-9.479253e-01	1.137830e+01	5.405376e-01	5.727639e+00	3.312612e-01	-2.966499e-01	-1.388852e+00	8.039795e+00
3.811464e+02	-7.900538e-01	-9.511121e-01	1.137812e+01	5.442525e-01	5.718281e+00	3.325083e-01	-2.964664e-01	-1.390358e+00	8.039870e+00
3.799496e+02	-8.004085e-01	-9.530944e-01	1.137806e+01	5.468521e-01	5.707514e+00	3.347960e-01	-2.963041e-01	-1.392007e+00	8.039936e+00
3.783680e+02	-8.103602e-01	-9.569757e-01	1.137798e+01	5.497493e-01	5.697684e+00	3.352046e-01	-2.961564e-01	-1.393510e+00	8.040046e+00
3.769784e+02	-8.207655e-01	-9.592764e-01	1.137800e+01	5.516178e-01	5.686395e+00	3.368013e-01	-2.960269e-01	-1.395200e+00	8.040123e+00
3.757843e+02	-8.302421e-01	-9.614431e-01	1.137810e+01	5.521977e-01	5.675921e+00	3.392046e-01	-2.959090e-01	-1.396741e+00	8.040224e+00
3.744955e+02	-8.405048e-01	-9.639120e-01	1.137818e+01	5.537272e-01	5.664289e+00	3.402636e-01	-2.958060e-01	-1.398437e+00	8.040311e+00
3.733289e+02	-8.508562e-01	-9.658277e-01	1.137833e+01	5.540435e-01	5.653411e+00	3.419393e-01	-2.957122e-01	-1.399982e+00	8.040396e+00
3.721937e+02	-8.608456e-01	-9.682997e-01	1.137844e+01	5.554451e-01	5.641498e+00	3.427289e-01	-2.956309e-01	-1.401689e+00	8.040488e+00
3.710619e+02	-8.695482e-01	-9.706416e-01	1.137851e+01	5.573421e-01	5.630680e+00	3.437451e-01	-2.955570e-01	-1.403243e+00	8.040587e+00
3.699191e+02	-8.795564e-01	-9.728476e-01	1.137865e+01	5.588827e-01	5.618430e+00	3.445798e-01	-2.954941e-01	-1.404992e+00	8.040677e+00
3.686791e+02	-8.908385e-01	-9.753051e-01	1.137884e+01	5.602284e-01	5.604650e+00	3.454655e-01	-2.954408e-01	-1.406955e+00	8.040787e+00
3.673667e+02	-9.006162e-01	-9.769801e-01	1.137900e+01	5.621063e-01	5.592274e+00	3.466787e-01	-2.953928e-01	-1.408724e+00	8.040870e+00
3.610718e+02	-9.091203e-01	-9.778983e-01	1.137912e+01	5.642929e-01	5.581016e+00	3.480782e-01	-2.953491e-01	-1.410342e+00	8.040923e+00
3.570425e+02	-9.213221e-01	-9.791146e-01	1.137935e+01	5.698945e-01	5.564580e+00	3.497071e-01	-2.953205e-01	-1.412761e+00	8.041024e+00
3.522743e+02	-9.359255e-01	-9.811007e-01	1.137974e+01	5.774860e-01	5.539940e+00	3.508357e-01	-2.953040e-01	-1.415808e+00	8.041192e+00
3.483306e+02	-9.491620e-01	-9.818066e-01	1.138005e+01	5.854232e-01	5.517777e+00	3.528238e-01	-2.952891e-01	-1.418551e+00	8.041319e+00
3.444094e+02	-9.641070e-01	-9.808928e-01	1.138036e+01	5.959763e-01	5.493699e+00	3.562928e-01	-2.952830e-01	-1.421664e+00	8.041466e+00
3.415848e+02	-9.773437e-01	-9.816692e-01	1.138068e+01	6.051250e-01	5.471882e+00	3.580867e-01	-2.952775e-01	-1.424467e+00	8.041636e+00
3.393576e+02	-9.890186e-01	-9.824780e-01	1.138096e+01	6.136930e-01	5.452021e+00	3.603475e-01	-2.952724e-01	-1.427018e+00	8.041819e+00
3.372318e+02	-1.001610e+00	-9.834260e-01	1.138127e+01	6.232619e-01	5.431145e+00	3.617188e-01	-2.952728e-01	-1.429660e+00	8.042023e+00
3.352631e+02	-1.013993e+00	-9.848040e-01	1.138156e+01	6.340724e-01	5.409712e+00	3.624852e-01	-2.952776e-01	-1.432341e+00	8.042275e+00
3.336853e+02	-1.025740e+00	-9.859238e-01	1.138186e+01	6.437127e-01	5.390203e+00	3.635239e-01	-2.952819e-01	-1.434755e+00	8.042504e+00
3.323837e+02	-1.037071e+00	-9.869494e-01	1.138218e+01	6.523432e-01	5.372195e+00	3.652404e-01	-2.952858e-01	-1.436952e+00	8.042736e+00
3.311883e+02	-1.047702e+00	-9.882549e-01	1.138246e+01	6.617609e-01	5.354444e+00	3.658501e-01	-2.952926e-01	-1.439113e+00	8.042975e+00
3.301954e+02	-1.057708e+00	-9.903805e-01	1.138275e+01	6.703782e-01	5.338081e+00	3.660548e-01	-2.952987e-01	-1.441080e+00	8.043230e+00
3.292989e+02	-1.067217e+00	-9.915843e-01	1.138300e+01	6.794868e-01	5.322104e+00	3.666281e-01	-2.953069e-01	-1.442978e+00	8.043469e+00
3.285276e+02	-1.076481e+00	-9.929320e-01	1.138328e+01	6.877594e-01	5.307300e+00	3.675364e-01	-2.953144e-01	-1.444705e+00	8.043707e+00
3.278188e+02	-1.084891e+00	-9.939652e-01	1.138350e+01	6.965434e-01	5.293188e+00	3.681472e-01	-2.953234e-01	-1.446364e+00	8.043934e+00
3.269692e+02	-1.093148e+00	-9.945050e-01	1.138368e+01	7.067007e-01	5.279437e+00	3.699466e-01	-2.953339e-01	-1.447957e+00	8.044237e+00
3.263269e+02	-1.100617e+00	-9.955121e-01	1.138389e+01	7.152747e-01	5.266849e+00	3.705032e-01	-2.953434e-01	-1.449392e+00	8.044504e+00
3.256340e+02	-1.108064e+00	-9.957821e-01	1.138405e+01	7.249684e-01	5.254693e+00	3.719901e-01	-2.953543e-01	-1.450723e+00	8.044816e+00
3.250874e+02	-1.114643e+00	-9.967998e-01	1.138424e+01	7.333177e-01	5.243494e+00	3.724653e-01	-2.953641e-01	-1.451922e+00	8.045101e+00
3.246699e+02	-1.121742e+00	-9.986014e-01	1.138447e+01	7.411057e-01	5.232444e+00	3.719843e-01	-2.953751e-01	-1.453035e+00	8.045422e+00
3.241928e+02	-1.127439e+00	-9.994523e-01	1.138465e+01	7.493980e-01	5.222628e+00	3.726190e-01	-2.953850e-01	-1.454038e+00	8.045711e+00
5.323280e+02	-1.262857e-01	-9.808571e-01	1.320400e+01	2.575333e+00	9.293333e-01	8.619048e-02	-6.608571e-01	3.817143e-01	9.504571e+00
1.417452e+02	-3.914134e-03	-8.584856e-01	1.308163e+01	2.697705e+00	1.051705e+00	2.085621e-01	-7.832287e-01	5.040859e-01	9.382200e+00
1.323721e+02	6.634912e-02	-8.554024e-01	1.300637e+01	2.757425e+00	1.140043e+00	2.332537e-01	-9.084427e-01	3.863245e-01	9.487366e+00
1.406032e+02	4.208090e-03	-9.150031e-01	1.299952e+01	2.766710e+00	1.202416e+00	2.141460e-01	-8.761424e-01	3.567192e-01	9.610103e+00
1.269625e+02	8.669375e-02	-8.696275e-01	1.290017e+01	2.858473e+00	1.300044e+00	2.689561e-01	-7.695511e-01	3.600638e-01	9.629202e+00
9.462230e+01	6.024262e-02	-9.079432e-01	1.289286e+01	2.845791e+00	1.339202e+00	2.571985e-01	-8.480476e-01	2.793763e-01	9.720302e+00
8.683165e+01	6.434662e-02	-9.135535e-01	1.287343e+01	2.846468e+00	1.373233e+00	2.709662e-01	-8.776689e-01	2.410113e-01	9.779244e+00
1.893039e+02	8.221183e-02	-9.082747e-01	1.285613e+01	2.845210e+00	1.382906e+00	2.781951e-01	-9.963777e-01	1.104071e-01	9.784537e+00
2.117871e+03	1.985777e-01	-7.351244e-01	1.273041e+01	3.008908e+00	1.457161e+00	4.082582e-01	-8.083995e-01	2.980197e-01	9.599072e+00
1.319634e+02	-6.800075e-03	-9.155327e-01	1.293549e+01	2.806933e+00	1.250111e+00	2.190513e-01	-7.546769e-01	3.471507e-01	9.675660e+00
2.350293e+02	-5.318426e-02	-9.520774e-01	1.297983e+01	2.763828e+00	1.206714e+00	1.850096e-01	-7.422577e-01	3.586670e-01	9.695496e+00
1.900655e+02	-5.560601e-02	-9.433932e-01	1.298034e+01	2.765314e+00	1.207516e+00	2.051017e-01	-7.392428e-01	3.616503e-01	9.692755e+00
1.372678e+02	-4.130384e-02	-9.283352e-01	1.296453e+01	2.776729e+00	1.224061e+00	2.308480e-01	-7.386970e-01	3.620804e-01	9.689927e+00
1.052222e+02	-2.439733e-02	-9.114841e-01	1.294504e+01	2.791513e+00	1.244390e+00	2.577091e-01	-7.395542e-01	3.612179e-01	9.685164e+00
1.011226e+02	-1.576343e-02	-9.074672e-01	1.293626e+01	2.797420e+00	1.254165e+00	2.665958e-01	-7.396604e-01	3.612166e-01	9.693029e+00
1.005605e+02	-6.999133e-03	-9.022967e-01	1.292625e+01	2.803824e+00	1.265035e+00	2.733205e-01	-7.409655e-01	3.595348e-01	9.690668e+00
9.854294e+01	-4.765160e-04	-9.067312e-01	1.292005e+01	2.805769e+00	1.272776e+00	2.735092e-01	-7.412984e-01	3.592021e-01	9.713356e+00
9.770519e+01	9.724244e-03	-9.060442e-01	1.290974e+01	2.811276e+00	1.286429e+00	2.807324e-01	-7.412858e-01	3.591836e-01	9.731263e+00
9.649536e+01	1.190360e-02	-9.126612e-01	1.290766e+01	2.810114e+00	1.288832e+00	2.727962e-01	-7.427856e-01	3.572235e-01	9.742185e+00
9.606672e+01	1.861300e-02	-9.157541e-01	1.290014e+01	2.814194e+00	1.298016e+00	2.709906e-01	-7.445442e-01	3.552143e-01	9.756904e+00
9.446476e+01	2.499767e-02	-9.131928e-01	1.289247e+01	2.818026e+00	1.306896e+00	2.769942e-01	-7.447246e-01	3.547216e-01	9.762616e+00
9.425721e+01	3.799907e-02	-9.101243e-01	1.287992e+01	2.825610e+00	1.320446e+00	2.826164e-01	-7.445885e-01	3.546625e-01	9.765648e+00
9.298807e+01	3.458882e-02	-9.152687e-01	1.288041e+01	2.823325e+00	1.323202e+00	2.797655e-01	-7.460703e-01	3.526989e-01	9.780975e+00
9.290287e+01	4.236874e-02	-9.184124e-01	1.287423e+01	2.825090e+00	1.328927e+00	2.758420e-01	-7.461333e-01	3.523389e-01	9.787635e+00
9.169544e+01	4.286391e-02	-9.179193e-01	1.286818e+01	2.828467e+00	1.338921e+00	2.812586e-01	-7.474635e-01	3.506041e-01	9.800294e+00
9.082218e+01	4.786070e-02	-9.208699e-01	1.286209e+01	2.830582e+00	1.346937e+00	2.825931e-01	-7.477247e-01	3.503045e-01	9.821554e+00
9.048116e+01	5.037686e-02	-9.189580e-01	1.285521e+01	2.834342e+00	1.356148e+00	2.859067e-01	-7.488139e-01	3.485904e-01	9.819359e+00
8.975006e+01	5.226347e-02	-9.211049e-01	1.284945e+01	2.836870e+00	1.365445e+00	2.866475e-01	-7.501181e-01	3.465881e-01	9.835135e+00
8.949437e+01	5.506654e-02	-9.218982e-01	1.284519e+01	2.838165e+00	1.371384e+00	2.864751e-01	-7.504001e-01	3.460128e-01	9.838034e+00
8.931272e+01	5.060255e-02	-9.243839e-01	1.284499e+01	2.837511e+00	1.375706e+00	2.860367e-01	-7.513320e-01	3.442148e-01	9.849335e+00
8.876446e+01	5.875528e-02	-9.232252e-01	1.283513e+01	2.841880e+00	1.385646e+00	2.889248e-01	-7.515757e-01	3.438772e-01	9.851817e+00
9.131672e+01	6.623721e-02	-9.314772e-01	1.283135e+01	2.836498e+00	1.389032e+00	2.781356e-01	-7.528099e-01	3.421539e-01	9.857801e+00
8.868330e+01	6.604975e-02	-9.222821e-01	1.282230e+01	2.846536e+00	1.401366e+00	2.947424e-01	-7.526355e-01	3.419424e-01	9.860683e+00
9.058000e+01	5.482763e-02	-9.190890e-01	1.282342e+01	2.847522e+00	1.406782e+00	2.990359e-01	-7.527788e-01	3.415756e-01	9.847108e+00
8.855410e+01	5.938687e-02	-9.315145e-01	1.281994e+01	2.844118e+00	1.410059e+00	2.864786e-01	-7.535443e-01	3.399249e-01	9.875915e+00
8.848390e+01	6.154367e-02	-9.321026e-01	1.281737e+01	2.842730e+00	1.413532e+00	2.868074e-01	-7.539444e-01	3.389833e-01	9.873749e+00
8.718118e+01	6.584072e-02	-9.303006e-01	1.280808e+01	2.849485e+00	1.425792e+00	2.921668e-01	-7.543622e-01	3.380902e-01	9.886874e+00
8.741309e+01	6.506855e-02	-9.343010e-01	1.280481e+01	2.849609e+00	1.432919e+00	2.909037e-01	-7.553917e-01	3.364340e-01	9.906255e+00
8.689874e+01	6.830234e-02	-9.286730e-01	1.279788e+01	2.855048e+00	1.441971e+00	2.990668e-01	-7.552209e-01	3.361580e-01	9.900819e+00
8.660438e+01	6.748978e-02	-9.342487e-01	1.279554e+01	2.853624e+00	1.446577e+00	2.941568e-01	-7.543731e-01	3.363556e-01	9.923201e+00
8.638651e+01	6.602784e-02	-9.331202e-01	1.279326e+01	2.854558e+00	1.451683e+00	2.955792e-01	-7.554528e-01	3.348103e-01	9.915786e+00
8.723084e+01	7.964949e-02	-9.282520e-01	1.277934e+01	2.862324e+00	1.463335e+00	3.019251e-01	-7.547987e-01	3.349173e-01	9.908038e+00
8.663079e+01	6.063736e-02	-9.361340e-01	1.279057e+01	2.851576e+00	1.458938e+00	2.943400e-01	-7.561105e-01	3.328286e-01	9.918202e+00
8.627878e+01	4.759199e-02	-9.358804e-01	1.279723e+01	2.847501e+00	1.456537e+00	2.999135e-01	-7.567003e-01	3.311071e-01	9.922985e+00
8.610987e+01	5.587838e-02	-9.359058e-01	1.278744e+01	2.851203e+00	1.468239e+00	2.981903e-01	-7.568969e-01	3.307377e-01	9.922780e+00
8.601382e+01	4.862805e-02	-9.343042e-01	1.278452e+01	2.855597e+00	1.477200e+00	3.061353e-01	-7.581266e-01	3.291185e-01	9.937286e+00
8.625831e+01	5.573406e-02	-9.385393e-01	1.278044e+01	2.851877e+00	1.479942e+00	2.969019e-01	-7.575095e-01	3.290382e-01	9.930459e+00
8.576831e+01	7.080577e-02	-9.347086e-01	1.276916e+01	2.854231e+00	1.488713e+00	2.999979e-01	-7.570404e-01	3.293823e-01	9.923255e+00
8.599960e+01	5.843470e-02	-9.385843e-01	1.277357e+01	2.851894e+00	1.490985e+00	2.974211e-01	-7.575188e-01	3.277860e-01	9.928112e+00
8.899324e+01	3.534809e-02	-9.456819e-01	1.278810e+01	2.841279e+00	1.484278e+00	2.944113e-01	-7.590593e-01	3.255838e-01	9.943530e+00
8.625990e+01	5.400991e-02	-9.337424e-01	1.276617e+01	2.854604e+00	1.502939e+00	3.081020e-01	-7.581022e-01	3.258404e-01	9.926662e+00
8.692115e+01	3.757539e-02	-9.333467e-01	1.277156e+01	2.853433e+00	1.503493e+00	3.122616e-01	-7.590202e-01	3.238498e-01	9.931837e+00
8.606628e+01	4.823933e-02	-9.418625e-01	1.276564e+01	2.848680e+00	1.507620e+00	2.987777e-01	-7.583331e-01	3.239503e-01	9.936206e+00
8.565042e+01	5.429175e-02	-9.401674e-01	1.276457e+01	2.844005e+00	1.507870e+00	3.000721e-01	-7.572858e-01	3.243781e-01	9.915062e+00
8.530658e+01	5.361918e-02	-9.396859e-01	1.275592e+01	2.849508e+00	1.518795e+00	3.025861e-01	-7.580732e-01	3.229667e-01	9.931828e+00
8.563373e+01	5.640514e-02	-9.420078e-01	1.274966e+01	2.847953e+00	1.526849e+00	2.996706e-01	-7.598157e-01	3.207545e-01	9.941591e+00
8.517191e+01	5.213571e-02	-9.401778e-01	1.274828e+01	2.850100e+00	1.530106e+00	3.035748e-01	-7.587578e-01	3.209678e-01	9.936415e+00
8.549372e+01	5.217502e-02	-9.429776e-01	1.274480e+01	2.850574e+00	1.534532e+00	3.012085e-01	-7.587458e-01	3.203092e-01	9.953190e+00
8.507534e+01	4.901092e-02	-9.406135e-01	1.274427e+01	2.849609e+00	1.538170e+00	3.047218e-01	-7.585987e-01	3.196890e-01	9.937742e+00
8.525159e+01	3.445512e-02	-9.397154e-01	1.275354e+01	2.840626e+00	1.535723e+00	3.069042e-01	-7.597507e-01	3.175966e-01	9.921777e+00
8.519569e+01	4.222144e-02	-9.426914e-01	1.274538e+01	2.843914e+00	1.543072e+00	3.033346e-01	-7.588404e-01	3.178747e-01	9.933848e+00
8.570199e+01	4.884101e-02	-9.382411e-01	1.273929e+01	2.845502e+00	1.547117e+00	3.119073e-01	-7.594525e-01	3.167398e-01	9.932111e+00
8.588312e+01	4.143697e-02	-9.462286e-01	1.274137e+01	2.840829e+00	1.549484e+00	3.007976e-01	-7.587215e-01	3.165819e-01	9.940284e+00
8.500951e+01	5.037037e-02	-9.433821e-01	1.273616e+01	2.839923e+00	1.551638e+00	3.041333e-01	-7.583070e-01	3.167857e-01	9.929802e+00
8.487783e+01	4.161554e-02	-9.430684e-01	1.273485e+01	2.841855e+00	1.559614e+00	3.061538e-01	-7.583958e-01	3.155672e-01	9.933139e+00
8.729217e+01	2.635887e-02	-9.483380e-01	1.274374e+01	2.833304e+00	1.553938e+00	2.974560e-01	-7.598055e-01	3.137474e-01	9.931022e+00
8.483402e+01	3.808246e-02	-9.420401e-01	1.272868e+01	2.841408e+00	1.568505e+00	3.077089e-01	-7.585763e-01	3.138284e-01	9.929777e+00
8.808047e+01	2.627815e-02	-9.358892e-01	1.272925e+01	2.843131e+00	1.576003e+00	3.193826e-01	-7.569578e-01	3.141431e-01	9.919355e+00
8.759363e+01	3.093641e-02	-9.515173e-01	1.273017e+01	2.832375e+00	1.571200e+00	2.981494e-01	-7.580132e-01	3.123197e-01	9.940170e+00
9.487258e+01	3.303522e-02	-9.582330e-01	1.273038e+01	2.824951e+00	1.569362e+00	2.871691e-01	-7.582111e-01	3.116322e-01	9.949382e+00
8.898486e+01	4.487871e-02	-9.359371e-01	1.271142e+01	2.843709e+00	1.589821e+00	3.208568e-01	-7.577795e-01	3.113685e-01	9.923855e+00
8.565559e+01	3.084885e-02	-9.483860e-01	1.272392e+01	2.829245e+00	1.583328e+00	3.012067e-01	-7.571655e-01	3.109833e-01	9.912556e+00
8.550236e+01	3.475364e-02	-9.489963e-01	1.271831e+01	2.831605e+00	1.589091e+00	3.023284e-01	-7.571044e-01	3.102696e-01	9.928595e+00
8.480197e+01	4.420342e-02	-9.459710e-01	1.271329e+01	2.829350e+00	1.590651e+00	3.038308e-01	-7.570243e-01	3.097977e-01	9.919126e+00
8.452561e+01	3.769012e-02	-9.450708e-01	1.271019e+01	2.832817e+00	1.599086e+00	3.083804e-01	-7.569485e-01	3.089661e-01	9.923228e+00
8.464580e+01	3.604417e-02	-9.437412e-01	1.271753e+01	2.823052e+00	1.589319e+00	3.088177e-01	-7.564523e-01	3.085203e-01	9.900736e+00
8.500968e+01	3.132127e-02	-9.491026e-01	1.271297e+01	2.825509e+00	1.600622e+00	3.047443e-01	-7.567527e-01	3.074351e-01	9.919126e+00
8.475237e+01	4.105446e-02	-9.436171e-01	1.270400e+01	2.828924e+00	1.608596e+00	3.106730e-01	-7.576945e-01	3.059161e-01	9.902517e+00
8.466403e+01	2.777356e-02	-9.490133e-01	1.271011e+01	2.823067e+00	1.607977e+00	3.073893e-01	-7.567601e-01	3.058902e-01	9.916544e+00
8.504462e+01	2.334752e-02	-9.513416e-01	1.270856e+01	2.824321e+00	1.614276e+00	3.064188e-01	-7.552839e-01	3.062875e-01	9.926310e+00
8.439750e+01	2.666430e-02	-9.467610e-01	1.270379e+01	2.823491e+00	1.617591e+00	3.121866e-01	-7.559642e-01	3.050917e-01	9.916398e+00
8.474222e+01	3.819442e-02	-9.433533e-01	1.270079e+01	2.817937e+00	1.612408e+00	3.116124e-01	-7.546264e-01	3.052739e-01	9.895529e+00
8.596219e+01	2.274534e-02	-9.531893e-01	1.270547e+01	2.812569e+00	1.616480e+00	3.032055e-01	-7.557646e-01	3.035390e-01	9.918303e+00
8.629446e+01	3.522930e-02	-9.424878e-01	1.268043e+01	2.830285e+00	1.641546e+00	3.194113e-01	-7.544040e-01	3.038550e-01	9.923616e+00
9.222809e+01	1.256913e-02	-9.611732e-01	1.270944e+01	2.801371e+00	1.616375e+00	2.939388e-01	-7.555494e-01	3.017298e-01	9.925452e+00
8.975803e+01	1.845385e-02	-9.589702e-01	1.270068e+01	2.802492e+00	1.624324e+00	2.963602e-01	-7.556077e-01	3.010210e-01	9.923799e+00
8.705739e+01	2.651920e-02	-9.409838e-01	1.268749e+01	2.814752e+00	1.637000e+00	3.213012e-01	-7.553079e-01	3.006569e-01	9.901832e+00
8.486831e+01	9.869702e-03	-9.447483e-01	1.271013e+01	2.790409e+00	1.614139e+00	3.149583e-01	-7.539579e-01	3.011529e-01	9.876333e+00
8.573674e+01	1.449739e-02	-9.536087e-01	1.269842e+01	2.793860e+00	1.625563e+00	3.045135e-01	-7.548041e-01	2.993288e-01	9.900996e+00
8.491053e+01	3.151356e-02	-9.447905e-01	1.267838e+01	2.802265e+00	1.641119e+00	3.164984e-01	-7.534325e-01	2.999068e-01	9.896445e+00
8.579810e+01	1.783682e-02	-9.546056e-01	1.268741e+01	2.794133e+00	1.636502e+00	3.040447e-01	-7.544593e-01	2.977832e-01	9.907518e+00
9.421626e+01	2.579754e-02	-9.368286e-01	1.266866e+01	2.812456e+00	1.659386e+00	3.317250e-01	-7.553995e-01	2.959448e-01	9.893761e+00
1.000564e+02	3.530868e-03	-9.704708e-01	1.269810e+01	2.776147e+00	1.630561e+00	2.900212e-01	-7.544596e-01	2.959369e-01	9.926809e+00
8.513246e+01	7.902773e-03	-9.570767e-01	1.269174e+01	2.779079e+00	1.634221e+00	3.124604e-01	-7.548285e-01	2.952433e-01	9.909376e+00
8.482856e+01	2.082693e-02	-9.483084e-01	1.267218e+01	2.790593e+00	1.650523e+00	3.217782e-01	-7.536130e-01	2.957940e-01	9.900933e+00
8.672877e+01	2.749616e-02	-9.452687e-01	1.265984e+01	2.795405e+00	1.661575e+00	3.256168e-01	-7.519091e-01	2.964132e-01	9.902980e+00
9.187641e+01	9.519042e-03	-9.654929e-01	1.267910e+01	2.772943e+00	1.644143e+00	2.975853e-01	-7.528286e-01	2.945132e-01	9.915124e+00
8.860021e+01	2.329570e-02	-9.622677e-01	1.266522e+01	2.778562e+00	1.652751e+00	2.999138e-01	-7.543444e-01	2.928580e-01	9.913733e+00
8.668778e+01	2.376823e-02	-9.447258e-01	1.265445e+01	2.789072e+00	1.666537e+00	3.245787e-01	-7.526958e-01	2.933632e-01	9.892624e+00
8.427104e+01	-6.759839e-03	-9.538458e-01	1.267939e+01	2.770262e+00	1.651811e+00	3.166894e-01	-7.539769e-01	2.913500e-01	9.901263e+00
8.404860e+01	1.080376e-02	-9.544345e-01	1.266357e+01	2.775674e+00	1.665242e+00	3.130786e-01	-7.524229e-01	2.916045e-01	9.901784e+00
8.837996e+01	3.267184e-02	-9.433168e-01	1.263969e+01	2.792782e+00	1.687259e+00	3.259291e-01	-7.531552e-01	2.906978e-01	9.889948e+00
9.730902e+01	1.027367e-03	-9.698647e-01	1.267092e+01	2.759724e+00	1.660420e+00	2.916454e-01	-7.515514e-01	2.906120e-01	9.909290e+00
8.387113e+01	2.511608e-02	-9.555024e-01	1.264298e+01	2.775539e+00	1.685092e+00	3.131723e-01	-7.517249e-01	2.898137e-01	9.909752e+00
8.400551e+01	6.589662e-03	-9.553779e-01	1.265861e+01	2.764568e+00	1.672851e+00	3.134266e-01	-7.503293e-01	2.902219e-01	9.887959e+00
8.970742e+01	6.050148e-03	-9.645752e-01	1.266926e+01	2.745338e+00	1.657964e+00	3.020197e-01	-7.493806e-01	2.904121e-01	9.901688e+00
9.194107e+01	1.163683e-02	-9.416001e-01	1.264793e+01	2.765633e+00	1.679442e+00	3.347483e-01	-7.490469e-01	2.899344e-01	9.872414e+00
8.454794e+01	1.342677e-02	-9.494526e-01	1.263588e+01	2.772232e+00	1.692074e+00	3.208693e-01	-7.491001e-01	2.893406e-01	9.876102e+00
8.935910e+01	-4.912447e-03	-9.656703e-01	1.265761e+01	2.745666e+00	1.672300e+00	3.031043e-01	-7.487264e-01	2.882114e-01	9.891776e+00
8.386116e+01	-3.060940e-03	-9.545441e-01	1.265607e+01	2.742802e+00	1.673830e+00	3.223236e-01	-7.482161e-01	2.878577e-01	9.876532e+00
8.380169e+01	2.572563e-03	-9.573411e-01	1.264660e+01	2.746862e+00	1.682611e+00	3.167285e-01	-7.484410e-01	2.867051e-01	9.884858e+00
8.717883e+01	1.623635e-02	-9.475780e-01	1.262727e+01	2.758615e+00	1.697530e+00	3.306550e-01	-7.478852e-01	2.860267e-01	9.890380e+00
9.179943e+01	-3.686347e-03	-9.694956e-01	1.264769e+01	2.734161e+00	1.680262e+00	3.012279e-01	-7.477279e-01	2.852802e-01	9.903218e+00
9.061223e+01	2.203419e-03	-9.673035e-01	1.263896e+01	2.734388e+00	1.688298e+00	2.999413e-01	-7.469949e-01	2.849759e-01	9.888047e+00
9.219563e+01	1.434114e-02	-9.432983e-01	1.261580e+01	2.754586e+00	1.706368e+00	3.360464e-01	-7.467541e-01	2.848239e-01	9.870605e+00
8.367957e+01	4.432383e-03	-9.544226e-01	1.262048e+01	2.747108e+00	1.705347e+00	3.226657e-01	-7.487146e-01	2.823240e-01	9.887043e+00
9.061533e+01	-3.836229e-03	-9.691945e-01	1.263140e+01	2.729509e+00	1.694136e+00	3.020544e-01	-7.471178e-01	2.822456e-01	9.898307e+00
8.932280e+01	7.012402e-03	-9.669212e-01	1.261317e+01	2.735410e+00	1.708028e+00	3.006220e-01	-7.455877e-01	2.821271e-01	9.899786e+00
9.322807e+01	1.411983e-02	-9.425053e-01	1.259904e+01	2.749939e+00	1.720116e+00	3.364069e-01	-7.455779e-01	2.819033e-01	9.872791e+00
4.417246e+02	5.320000e-01	-1.241429e+00	1.214343e+01	2.543333e+00	5.601333e+00	4.290476e-01	-6.959048e-01	-7.108571e-01	8.782286e+00
2.379842e+03	4.096284e-01	-1.363800e+00	1.226580e+01	2.420962e+00	5.478962e+00	5.514192e-01	-8.182763e-01	-5.884856e-01	8.904657e+00
2.772811e+02	4.864666e-01	-1.242496e+00	1.236712e+01	2.283636e+00	5.344184e+00	4.292237e-01	-6.960946e-01	-7.104951e-01	8.782603e+00
2.939791e+02	5.055819e-01	-1.180074e+00	1.242448e+01	2.235014e+00	5.285872e+00	3.849120e-01	-6.381393e-01	-7.678645e-01	8.724839e+00
2.860540e+02	5.077144e-01	-1.145194e+00	1.246241e+01	2.215801e+00	5.247451e+00	3.696799e-01	-6.086764e-01	-7.969586e-01	8.695596e+00
2.640278e+02	4.890393e-01	-1.123341e+00	1.248365e+01	2.223384e+00	5.243595e+00	3.729809e-01	-5.934319e-01	-8.112881e-01	8.680668e+00
2.417518e+02	4.679146e-01	-1.108948e+00	1.251602e+01	2.226796e+00	5.225494e+00	3.828756e-01	-5.859034e-01	-8.181644e-01	8.673095e+00
2.252875e+02	4.438375e-01	-1.097272e+00	1.253947e+01	2.240505e+00	5.221574e+00	3.974354e-01	-5.818770e-01	-8.217215e-01	8.668773e+00
2.110653e+02	4.123708e-01	-1.091151e+00	1.257333e+01	2.240976e+00	5.207029e+00	4.093754e-01	-5.806473e-01	-8.216129e-01	8.668156e+00
2.006329e+02	3.812353e-01	-1.088267e+00	1.260516e+01	2.241336e+00	5.196566e+00	4.179244e-01	-5.807746e-01	-8.196003e-01	8.669171e+00
1.924604e+02	3.513713e-01	-1.085278e+00	1.263613e+01	2.237729e+00	5.183432e+00	4.263562e-01	-5.810243e-01	-8.182275e-01	8.669803e+00
1.818637e+02	3.118275e-01	-1.084324e+00	1.268505e+01	2.224123e+00	5.161960e+00	4.336429e-01	-5.820837e-01	-8.152926e-01	8.671724e+00
1.791359e+02	2.930121e-01	-1.083717e+00	1.270089e+01	2.226485e+00	5.157973e+00	4.362916e-01	-5.827482e-01	-8.135147e-01	8.672679e+00
1.814202e+02	2.853263e-01	-1.083124e+00	1.269180e+01	2.245732e+00	5.170313e+00	4.410008e-01	-5.840781e-01	-8.102105e-01	8.675001e+00
1.756058e+02	2.626330e-01	-1.084164e+00	1.271988e+01	2.237572e+00	5.157614e+00	4.401241e-01	-5.848693e-01	-8.082725e-01	8.676122e+00
1.709956e+02	2.432781e-01	-1.085464e+00	1.274801e+01	2.222658e+00	5.140139e+00	4.373833e-01	-5.854237e-01	-8.069357e-01	8.676699e+00
1.701927e+02	2.293966e-01	-1.085732e+00	1.275006e+01	2.233272e+00	5.145979e+00	4.394781e-01	-5.867130e-01	-8.038057e-01	8.678662e+00
1.687651e+02	2.109281e-01	-1.087192e+00	1.275430e+01	2.245607e+00	5.151915e+00	4.405057e-01	-5.884390e-01	-7.996045e-01	8.681420e+00
1.691309e+02	2.038653e-01	-1.086755e+00	1.275065e+01	2.256434e+00	5.158909e+00	4.423521e-01	-5.894423e-01	-7.971716e-01	8.682765e+00
1.665936e+02	1.897262e-01	-1.089060e+00	1.276320e+01	2.255919e+00	5.154803e+00	4.409451e-01	-5.910159e-01	-7.933546e-01	8.685127e+00
1.676951e+02	1.851628e-01	-1.088165e+00	1.275476e+01	2.270826e+00	5.165137e+00	4.429231e-01	-5.919360e-01	-7.911318e-01	8.686191e+00
1.710254e+02	1.823314e-01	-1.087484e+00	1.273653e+01	2.294830e+00	5.186958e+00	4.460871e-01	-5.933512e-01	-7.876701e-01	8.688072e+00
1.679076e+02	1.713437e-01	-1.088710e+00	1.275046e+01	2.291380e+00	5.177365e+00	4.438394e-01	-5.943010e-01	-7.854276e-01	8.689291e+00
1.644495e+02	1.606355e-01	-1.089357e+00	1.277311e+01	2.277553e+00	5.152747e+00	4.411945e-01	-5.950429e-01	-7.837344e-01	8.690069e+00
1.644008e+02	1.531066e-01	-1.090146e+00	1.276881e+01	2.288395e+00	5.159701e+00	4.412851e-01	-5.963522e-01	-7.806035e-01	8.691730e+00
1.658458e+02	1.508365e-01	-1.091550e+00	1.275181e+01	2.310070e+00	5.178156e+00	4.402036e-01	-5.979812e-01	-7.766326e-01	8.693932e+00
1.649585e+02	1.414401e-01	-1.091209e+00	1.275736e+01	2.311785e+00	5.172925e+00	4.417782e-01	-5.990410e-01	-7.741253e-01	8.695201e+00
1.649093e+02	1.312923e-01	-1.090926e+00	1.275842e+01	2.322708e+00	5.175762e+00	4.446409e-01	-6.005092e-01	-7.706134e-01	8.697027e+00
1.633091e+02	1.245992e-01	-1.091507e+00	1.276438e+01	2.320212e+00	5.167222e+00	4.432774e-01	-6.014972e-01	-7.683237e-01	8.698171e+00
1.613067e+02	1.175423e-01	-1.093605e+00	1.276976e+01	2.314761e+00	5.162606e+00	4.400049e-01	-6.029109e-01	-7.649467e-01	8.699806e+00
1.613957e+02	1.131595e-01	-1.092458e+00	1.276951e+01	2.322216e+00	5.159777e+00	4.421233e-01	-6.038835e-01	-7.626884e-01	8.700777e+00
1.631735e+02	1.058909e-01	-1.090238e+00	1.276366e+01	2.337907e+00	5.166316e+00	4.476568e-01	-6.055418e-01	-7.587933e-01	8.702526e+00
1.606578e+02	1.017689e-01	-1.092019e+00	1.277086e+01	2.334165e+00	5.155503e+00	4.432383e-01	-6.063887e-01	-7.568045e-01	8.704149e+00
1.586728e+02	1.006047e-01	-1.092438e+00	1.278461e+01	2.322383e+00	5.135258e+00	4.394681e-01	-6.070887e-01	-7.552254e-01	8.705123e+00
1.585093e+02	9.632449e-02	-1.092681e+00	1.278180e+01	2.332650e+00	5.139521e+00	4.399353e-01	-6.083470e-01	-7.522295e-01	8.706739e+00
1.573227e+02	9.314164e-02	-1.095504e+00	1.279120e+01	2.323576e+00	5.125153e+00	4.335509e-01	-6.093426e-01	-7.499393e-01	8.707908e+00
1.582062e+02	9.179094e-02	-1.092958e+00	1.277597e+01	2.345572e+00	5.138656e+00	4.396006e-01	-6.106802e-01	-7.467443e-01	8.709402e+00
1.614604e+02	9.209308e-02	-1.089260e+00	1.276722e+01	2.362945e+00	5.139655e+00	4.470725e-01	-6.116364e-01	-7.445359e-01	8.714251e+00
1.587488e+02	8.654351e-02	-1.090771e+00	1.277210e+01	2.362870e+00	5.135908e+00	4.440687e-01	-6.129600e-01	-7.414156e-01	8.717600e+00
1.566969e+02	7.815671e-02	-1.092505e+00	1.277857e+01	2.365056e+00	5.130283e+00	4.385054e-01	-6.139134e-01	-7.392344e-01	8.719554e+00
1.538345e+02	7.284823e-02	-1.094784e+00	1.277705e+01	2.374507e+00	5.136842e+00	4.433856e-01	-6.175067e-01	-7.335336e-01	8.727663e+00
1.493132e+02	5.962766e-02	-1.098831e+00	1.278226e+01	2.385551e+00	5.143915e+00	4.497226e-01	-6.223006e-01	-7.242861e-01	8.738240e+00
1.475342e+02	5.819745e-02	-1.100403e+00	1.278005e+01	2.391734e+00	5.145258e+00	4.523132e-01	-6.250265e-01	-7.190049e-01	8.743839e+00
1.416175e+02	4.926494e-02	-1.105071e+00	1.279811e+01	2.377864e+00	5.125187e+00	4.513121e-01	-6.286029e-01	-7.118349e-01	8.751658e+00
1.411167e+02	5.000518e-02	-1.105805e+00	1.278399e+01	2.396346e+00	5.138662e+00	4.562857e-01	-6.316767e-01	-7.054657e-01	8.757584e+00
1.362904e+02	4.062238e-02	-1.109858e+00	1.281094e+01	2.378666e+00	5.115611e+00	4.528116e-01	-6.342668e-01	-6.999891e-01	8.762642e+00
1.359628e+02	4.444548e-02	-1.109870e+00	1.279294e+01	2.404064e+00	5.134424e+00	4.597936e-01	-6.376676e-01	-6.929867e-01	8.769105e+00
1.383802e+02	4.545094e-02	-1.107974e+00	1.278453e+01	2.424402e+00	5.140954e+00	4.696379e-01	-6.406402e-01	-6.871061e-01	8.774852e+00
1.321209e+02	4.347462e-02	-1.114288e+00	1.278906e+01	2.422863e+00	5.138901e+00	4.641425e-01	-6.443566e-01	-6.795852e-01	8.781553e+00
1.245386e+02	2.305153e-02	-1.120475e+00	1.283245e+01	2.397956e+00	5.106383e+00	4.651783e-01	-6.492405e-01	-6.697782e-01	8.789840e+00
1.244265e+02	3.215449e-02	-1.121611e+00	1.281783e+01	2.415666e+00	5.119786e+00	4.659800e-01	-6.519270e-01	-6.643938e-01	8.794219e+00
1.254512e+02	4.204061e-02	-1.123474e+00	1.279384e+01	2.437795e+00	5.142429e+00	4.692676e-01	-6.555341e-01	-6.573674e-01	8.800126e+00
1.249088e+02	4.457471e-02	-1.123660e+00	1.279432e+01	2.442377e+00	5.135446e+00	4.708541e-01	-6.578579e-01	-6.527487e-01	8.803261e+00
1.219926e+02	4.120988e-02	-1.125168e+00	1.280913e+01	2.431613e+00	5.115016e+00	4.751675e-01	-6.612593e-01	-6.460740e-01	8.808073e+00
1.212698e+02	4.558515e-02	-1.126032e+00	1.280623e+01	2.436685e+00	5.109506e+00	4.728253e-01	-6.636770e-01	-6.423872e-01	8.810545e+00
1.186737e+02	4.989459e-02	-1.129988e+00	1.282231e+01	2.420210e+00	5.084464e+00	4.653784e-01	-6.659431e-01	-6.385383e-01	8.813201e+00
1.188523e+02	5.432642e-02	-1.127954e+00	1.281144e+01	2.437459e+00	5.090926e+00	4.713967e-01	-6.687980e-01	-6.334807e-01	8.816245e+00
1.165509e+02	5.545974e-02	-1.128722e+00	1.282895e+01	2.424286e+00	5.067169e+00	4.698102e-01	-6.709359e-01	-6.296917e-01	8.818750e+00
1.186085e+02	6.248007e-02	-1.126511e+00	1.281422e+01	2.447130e+00	5.079285e+00	4.777538e-01	-6.738792e-01	-6.243310e-01	8.822643e+00
1.150979e+02	6.512789e-02	-1.127252e+00	1.283811e+01	2.427831e+00	5.049704e+00	4.768322e-01	-6.761910e-01	-6.202618e-01	8.825891e+00
1.167018e+02	7.104052e-02	-1.126858e+00	1.282513e+01	2.445977e+00	5.058226e+00	4.797434e-01	-6.788265e-01	-6.154285e-01	8.829064e+00
1.144396e+02	7.245319e-02	-1.127731e+00	1.283936e+01	2.434715e+00	5.039087e+00	4.817187e-01	-6.819034e-01	-6.098265e-01	8.832609e+00
1.144239e+02	7.902758e-02	-1.128783e+00	1.283130e+01	2.445859e+00	5.040744e+00	4.780955e-01	-6.837908e-01	-6.064163e-01	8.834896e+00
1.121467e+02	7.563244e-02	-1.132164e+00	1.284346e+01	2.439362e+00	5.026996e+00	4.715490e-01	-6.860525e-01	-6.022019e-01	8.837346e+00
1.131489e+02	8.740768e-02	-1.130783e+00	1.283169e+01	2.452749e+00	5.029583e+00	4.720828e-01	-6.877650e-01	-5.991702e-01	8.839383e+00
1.123693e+02	9.456995e-02	-1.130828e+00	1.283553e+01	2.446862e+00	5.014725e+00	4.691768e-01	-6.890584e-01	-5.967990e-01	8.840584e+00
1.142688e+02	1.032147e-01	-1.127982e+00	1.282331e+01	2.462669e+00	5.016854e+00	4.743053e-01	-6.910764e-01	-5.932383e-01	8.842760e+00
1.130829e+02	1.042700e-01	-1.127035e+00	1.283033e+01	2.460682e+00	4.998733e+00	4.718283e-01	-6.925417e-01	-5.906563e-01	8.844220e+00
1.138474e+02	1.106241e-01	-1.125785e+00	1.282789e+01	2.465719e+00	4.991847e+00	4.745861e-01	-6.945112e-01	-5.871767e-01	8.846298e+00
1.122857e+02	1.169456e-01	-1.125573e+00	1.283748e+01	2.459879e+00	4.969470e+00	4.728810e-01	-6.958015e-01	-5.849158e-01	8.847693e+00
1.114364e+02	1.190109e-01	-1.125344e+00	1.284300e+01	2.459014e+00	4.958010e+00	4.722715e-01	-6.977583e-01	-5.814638e-01	8.849691e+00
1.178026e+02	1.320268e-01	-1.122035e+00	1.281811e+01	2.485734e+00	4.974226e+00	4.786570e-01	-6.998441e-01	-5.778511e-01	8.852075e+00
1.094585e+02	1.238889e-01	-1.126133e+00	1.285110e+01	2.453642e+00	4.928304e+00	4.675048e-01	-7.013037e-01	-5.752643e-01	8.854173e+00
1.087657e+02	1.203367e-01	-1.130070e+00	1.287613e+01	2.425521e+00	4.890700e+00	4.566488e-01	-7.025685e-01	-5.729855e-01	8.855774e+00
1.075241e+02	1.279066e-01	-1.125490e+00	1.286639e+01	2.438643e+00	4.888563e+00	4.640031e-01	-7.042150e-01	-5.700822e-01	8.857695e+00
1.081047e+02	1.383602e-01	-1.122426e+00	1.285836e+01	2.447105e+00	4.883013e+00	4.667973e-01	-7.058558e-01	-5.671759e-01	8.859197e+00
1.109373e+02	1.452139e-01	-1.118256e+00	1.284939e+01	2.461452e+00	4.883853e+00	4.730029e-01	-7.073461e-01	-5.645716e-01	8.860636e+00
1.212259e+02	1.526250e-01	-1.113069e+00	1.282876e+01	2.487313e+00	4.900592e+00	4.831955e-01	-7.089069e-01	-5.618809e-01	8.863954e+00
1.068374e+02	1.457298e-01	-1.119618e+00	1.287160e+01	2.448917e+00	4.848271e+00	4.655587e-01	-7.101373e-01	-5.597550e-01	8.866318e+00
1.068979e+02	1.523525e-01	-1.123505e+00	1.288543e+01	2.430746e+00	4.822245e+00	4.506496e-01	-7.110977e-01	-5.580555e-01	8.867656e+00
1.057763e+02	1.560693e-01	-1.121123e+00	1.288481e+01	2.438779e+00	4.814864e+00	4.544845e-01	-7.126729e-01	-5.553074e-01	8.869382e+00
1.144189e+02	1.763699e-01	-1.109968e+00	1.285248e+01	2.479723e+00	4.835977e+00	4.732881e-01	-7.138958e-01	-5.531804e-01	8.870045e+00
1.066340e+02	1.673065e-01	-1.113462e+00	1.287964e+01	2.454035e+00	4.798761e+00	4.661251e-01	-7.153796e-01	-5.506310e-01	8.874822e+00
1.061021e+02	1.677808e-01	-1.114418e+00	1.287888e+01	2.460832e+00	4.793894e+00	4.662085e-01	-7.173694e-01	-5.457555e-01	8.881220e+00
1.033824e+02	1.654744e-01	-1.117403e+00	1.289432e+01	2.444464e+00	4.767247e+00	4.587370e-01	-7.186776e-01	-5.427468e-01	8.884841e+00
1.017320e+02	1.575044e-01	-1.115384e+00	1.292083e+01	2.426013e+00	4.729878e+00	4.604685e-01	-7.195837e-01	-5.407989e-01	8.886604e+00
1.026486e+02	1.711594e-01	-1.115162e+00	1.289355e+01	2.447401e+00	4.745270e+00	4.612482e-01	-7.225713e-01	-5.362167e-01	8.891515e+00
1.032069e+02	1.777448e-01	-1.116865e+00	1.287942e+01	2.466675e+00	4.749538e+00	4.622116e-01	-7.262194e-01	-5.309910e-01	8.897819e+00
1.049170e+02	1.883349e-01	-1.114518e+00	1.286487e+01	2.477445e+00	4.753380e+00	4.640944e-01	-7.283697e-01	-5.278158e-01	8.900850e+00
1.036160e+02	1.911988e-01	-1.118251e+00	1.285788e+01	2.483627e+00	4.754786e+00	4.594661e-01	-7.325945e-01	-5.224584e-01	8.906355e+00
1.037353e+02	1.943435e-01	-1.115537e+00	1.286240e+01	2.485618e+00	4.741517e+00	4.638260e-01	-7.352269e-01	-5.189408e-01	8.909146e+00
9.930522e+01	1.833129e-01	-1.117928e+00	1.289806e+01	2.452916e+00	4.693790e+00	4.541459e-01	-7.368121e-01	-5.167109e-01	8.910557e+00
1.004945e+02	1.917597e-01	-1.114242e+00	1.288212e+01	2.471767e+00	4.698170e+00	4.649528e-01	-7.405197e-01	-5.120280e-01	8.917754e+00
1.081751e+02	2.143369e-01	-1.110742e+00	1.284597e+01	2.505301e+00	4.720296e+00	4.704717e-01	-7.440073e-01	-5.076529e-01	8.923670e+00
9.930279e+01	1.979394e-01	-1.114921e+00	1.287970e+01	2.478743e+00	4.677613e+00	4.676420e-01	-7.482111e-01	-5.028923e-01	8.929865e+00
9.456599e+01	1.849873e-01	-1.119875e+00	1.290774e+01	2.453674e+00	4.640148e+00	4.633808e-01	-7.525370e-01	-4.981501e-01	8.938963e+00
9.357081e+01	1.881807e-01	-1.120506e+00	1.290866e+01	2.454399e+00	4.627910e+00	4.632233e-01	-7.557119e-01	-4.945881e-01	8.944674e+00
9.274023e+01	1.911070e-01	-1.126205e+00	1.290760e+01	2.449939e+00	4.622831e+00	4.600847e-01	-7.617880e-01	-4.882504e-01	8.953414e+00
9.376641e+01	2.048288e-01	-1.122301e+00	1.288281e+01	2.479033e+00	4.634606e+00	4.707611e-01	-7.662782e-01	-4.850101e-01	8.957474e+00
9.963440e+01	2.225045e-01	-1.121108e+00	1.285030e+01	2.511241e+00	4.658604e+00	4.784421e-01	-7.718214e-01	-4.790549e-01	8.963516e+00
9.449917e+01	2.171171e-01	-1.122504e+00	1.286919e+01	2.495992e+00	4.625167e+00	4.739963e-01	-7.745973e-01	-4.763708e-01	8.966906e+00
8.958797e+01	2.083700e-01	-1.124073e+00	1.290543e+01	2.462703e+00	4.569232e+00	4.658269e-01	-7.752953e-01	-4.761494e-01	8.975194e+00
8.976042e+01	2.145134e-01	-1.125560e+00	1.289795e+01	2.472062e+00	4.565900e+00	4.655536e-01	-7.789418e-01	-4.728523e-01	8.984775e+00
9.201925e+01	2.363476e-01	-1.133821e+00	1.286255e+01	2.500105e+00	4.581293e+00	4.624856e-01	-7.896263e-01	-4.665658e-01	8.990217e+00
9.245416e+01	2.381082e-01	-1.131655e+00	1.286741e+01	2.504458e+00	4.564953e+00	4.663870e-01	-7.940446e-01	-4.643038e-01	8.990639e+00
9.459882e+01	2.518907e-01	-1.134101e+00	1.286450e+01	2.509953e+00	4.547813e+00	4.642046e-01	-8.009803e-01	-4.659810e-01	8.988045e+00
9.223765e+01	2.575767e-01	-1.118160e+00	1.287299e+01	2.512836e+00	4.516970e+00	4.611729e-01	-7.928796e-01	-4.761507e-01	8.967851e+00
9.701637e+01	2.668966e-01	-1.108724e+00	1.286408e+01	2.531191e+00	4.509816e+00	4.606924e-01	-7.897891e-01	-4.804980e-01	8.959181e+00
9.269184e+01	2.563668e-01	-1.105402e+00	1.289697e+01	2.511254e+00	4.465335e+00	4.570943e-01	-7.896580e-01	-4.815012e-01	8.957098e+00
8.701742e+01	2.378668e-01	-1.108524e+00	1.294924e+01	2.476058e+00	4.402934e+00	4.489319e-01	-7.920531e-01	-4.788496e-01	8.958395e+00
8.715529e+01	2.416651e-01	-1.105511e+00	1.294509e+01	2.489969e+00	4.402593e+00	4.553564e-01	-7.947442e-01	-4.761695e-01	8.961492e+00
8.828842e+01	2.473701e-01	-1.105172e+00	1.292725e+01	2.512019e+00	4.415430e+00	4.532108e-01	-7.970155e-01	-4.739207e-01	8.964595e+00
8.877688e+01	2.524654e-01	-1.104022e+00	1.292763e+01	2.517104e+00	4.405955e+00	4.569750e-01	-8.008248e-01	-4.705671e-01	8.970384e+00
8.491928e+01	2.362698e-01	-1.107900e+00	1.296356e+01	2.496337e+00	4.365935e+00	4.490430e-01	-8.037846e-01	-4.677275e-01	8.974767e+00
8.443790e+01	2.511864e-01	-1.112747e+00	1.294286e+01	2.515513e+00	4.371947e+00	4.547248e-01	-8.062460e-01	-4.597355e-01	8.995854e+00
8.565744e+01	2.474785e-01	-1.112675e+00	1.294331e+01	2.527477e+00	4.362658e+00	4.584692e-01	-8.070644e-01	-4.562301e-01	9.011263e+00
8.773934e+01	2.684757e-01	-1.107511e+00	1.292164e+01	2.543641e+00	4.363699e+00	4.588782e-01	-8.059315e-01	-4.561926e-01	9.016778e+00
8.983544e+01	2.812469e-01	-1.102790e+00	1.290896e+01	2.554821e+00	4.359839e+00	4.557468e-01	-8.044471e-01	-4.572284e-01	9.018371e+00
8.616011e+01	2.800791e-01	-1.105130e+00	1.291947e+01	2.545461e+00	4.333517e+00	4.490983e-01	-8.076789e-01	-4.550811e-01	9.023817e+00
4.362036e+02	6.965714e-01	-9.625714e-01	1.314914e+01	2.404667e+00	3.553333e+00	2.172381e-01	-7.629524e-01	-1.257143e-01	1.055600e+01
2.916743e+02	5.741998e-01	-8.401998e-01	1.302677e+01	2.527038e+00	3.675705e+00	3.396097e-01	-6.405808e-01	-3.342706e-03	1.043363e+01
1.811025e+02	4.491408e-01	-9.299499e-01	1.314756e+01	2.415898e+00	3.563017e+00	2.290474e-01	-6.090334e-01	5.800970e-03	1.048965e+01
2.197209e+02	4.042099e-01	-9.440667e-01	1.317268e+01	2.406385e+00	3.554381e+00	2.144873e-01	-6.081818e-01	1.243586e-02	1.049455e+01
1.023148e+02	3.796334e-01	-8.886913e-01	1.317721e+01	2.426798e+00	3.562499e+00	2.957446e-01	-6.266029e-01	3.813172e-02	1.043035e+01
1.074661e+02	3.391209e-01	-8.771943e-01	1.320015e+01	2.424104e+00	3.547577e+00	3.205117e-01	-6.463047e-01	5.088794e-04	1.040114e+01
8.866120e+01	3.090449e-01	-8.885740e-01	1.322662e+01	2.395455e+00	3.520446e+00	3.176053e-01	-6.676953e-01	-9.353574e-02	1.038390e+01
8.619352e+01	2.890962e-01	-9.128904e-01	1.324720e+01	2.375925e+00	3.490950e+00	2.897623e-01	-6.841823e-01	-1.412448e-01	1.038371e+01
7.451338e+01	2.736802e-01	-9.054109e-01	1.324865e+01	2.384512e+00	3.502892e+00	3.070734e-01	-7.116088e-01	-1.168587e-01	1.037126e+01
7.285531e+01	2.525756e-01	-9.117876e-01	1.326247e+01	2.375549e+00	3.489187e+00	3.040117e-01	-7.264845e-01	-9.032068e-02	1.036024e+01
7.355260e+01	2.524522e-01	-9.021336e-01	1.325195e+01	2.394279e+00	3.510040e+00	3.197649e-01	-7.671165e-01	-1.870735e-01	1.034995e+01
1.126325e+02	2.585656e-01	-8.700007e-01	1.324316e+01	2.399859e+00	3.520488e+00	3.279033e-01	-6.827814e-01	-5.379890e-02	1.029122e+01
9.437295e+01	2.233337e-01	-9.195186e-01	1.327249e+01	2.374019e+00	3.489584e+00	2.740569e-01	-6.842919e-01	-5.117256e-02	1.031149e+01
8.851541e+01	2.232089e-01	-9.206774e-01	1.326616e+01	2.389271e+00	3.498270e+00	2.766400e-01	-7.040205e-01	-1.006036e-01	1.030481e+01
9.465946e+01	2.225139e-01	-8.820000e-01	1.325177e+01	2.419297e+00	3.527870e+00	3.269700e-01	-7.207597e-01	-8.858337e-02	1.027270e+01
7.500843e+01	1.949172e-01	-8.972262e-01	1.328100e+01	2.386813e+00	3.483542e+00	3.227946e-01	-7.434452e-01	-1.017093e-01	1.027021e+01
9.341468e+01	1.919904e-01	-9.343588e-01	1.327742e+01	2.385139e+00	3.493535e+00	2.789968e-01	-7.498417e-01	-1.108419e-01	1.028831e+01
7.044216e+01	2.027425e-01	-9.141356e-01	1.325057e+01	2.428863e+00	3.534440e+00	2.915653e-01	-7.452910e-01	-6.238550e-02	1.027064e+01
7.637254e+01	2.060167e-01	-9.078835e-01	1.324601e+01	2.432872e+00	3.541969e+00	3.048396e-01	-7.956397e-01	-1.809710e-01	1.026818e+01
8.598574e+01	2.037111e-01	-9.007199e-01	1.325466e+01	2.423279e+00	3.519924e+00	3.115534e-01	-8.143755e-01	-2.069515e-01	1.024505e+01
1.314542e+02	2.000326e-01	-8.434150e-01	1.325115e+01	2.430202e+00	3.522633e+00	2.948427e-01	-6.217894e-01	-6.663519e-02	1.015230e+01
9.189803e+01	1.604709e-01	-8.716126e-01	1.329024e+01	2.381694e+00	3.483528e+00	2.493477e-01	-5.790569e-01	5.029734e-03	1.012660e+01
1.241902e+02	1.544607e-01	-9.001378e-01	1.328903e+01	2.380589e+00	3.485772e+00	2.238221e-01	-5.768913e-01	2.910247e-02	1.015138e+01
1.687974e+02	1.509489e-01	-8.390761e-01	1.327075e+01	2.421601e+00	3.520226e+00	3.133387e-01	-5.887324e-01	6.073337e-02	1.011945e+01
8.755129e+01	1.321418e-01	-8.989982e-01	1.330151e+01	2.364615e+00	3.474397e+00	2.922730e-01	-5.964805e-01	6.382688e-02	1.018164e+01
8.864170e+01	1.364665e-01	-9.100051e-01	1.329511e+01	2.366470e+00	3.480848e+00	2.961073e-01	-6.028097e-01	6.731266e-02	1.019859e+01
8.666109e+01	1.468920e-01	-9.094435e-01	1.327656e+01	2.383004e+00	3.502185e+00	2.982579e-01	-6.141409e-01	7.991017e-02	1.019246e+01
8.679182e+01	1.547464e-01	-9.005919e-01	1.325723e+01	2.414007e+00	3.527307e+00	3.058521e-01	-6.213205e-01	9.435843e-02	1.018414e+01
8.529560e+01	1.545978e-01	-9.104944e-01	1.325946e+01	2.402952e+00	3.523927e+00	2.989311e-01	-6.302788e-01	9.015154e-02	1.018073e+01
9.847069e+01	1.812856e-01	-8.915579e-01	1.323523e+01	2.425167e+00	3.551692e+00	3.197633e-01	-6.369775e-01	9.571662e-02	1.016055e+01
1.445778e+02	1.410067e-01	-9.548997e-01	1.327400e+01	2.379984e+00	3.508157e+00	2.549692e-01	-6.441309e-01	8.654079e-02	1.018904e+01
8.548342e+01	1.490685e-01	-9.047879e-01	1.324497e+01	2.425563e+00	3.544001e+00	3.133667e-01	-6.696233e-01	4.163531e-02	1.014556e+01
7.883104e+01	1.523200e-01	-9.179827e-01	1.325026e+01	2.404689e+00	3.534458e+00	3.060737e-01	-6.863430e-01	2.679222e-02	1.014573e+01
8.124293e+01	1.340598e-01	-9.335578e-01	1.325207e+01	2.406070e+00	3.538857e+00	2.927683e-01	-7.055184e-01	-1.562589e-02	1.015341e+01
7.624969e+01	1.645710e-01	-9.120527e-01	1.322474e+01	2.431861e+00	3.568131e+00	3.150027e-01	-7.209043e-01	-3.036631e-02	1.013982e+01
6.915856e+01	1.497248e-01	-9.243387e-01	1.323728e+01	2.409368e+00	3.557946e+00	3.123536e-01	-7.455165e-01	-5.962528e-02	1.014056e+01
6.809721e+01	1.645879e-01	-9.331305e-01	1.321801e+01	2.429802e+00	3.571484e+00	3.015118e-01	-7.676882e-01	-1.233319e-01	1.016161e+01
9.425799e+01	1.613772e-01	-8.969764e-01	1.321522e+01	2.445240e+00	3.565909e+00	3.276713e-01	-7.164264e-01	-5.751676e-02	1.013413e+01
9.470453e+01	1.548111e-01	-9.433211e-01	1.322532e+01	2.421770e+00	3.549498e+00	2.720006e-01	-7.185780e-01	-5.334005e-02	1.014464e+01
6.969122e+01	1.670406e-01	-9.205333e-01	1.319996e+01	2.462735e+00	3.583272e+00	2.922862e-01	-7.421761e-01	-7.638944e-02	1.012887e+01
6.690436e+01	1.689854e-01	-9.217624e-01	1.319433e+01	2.467432e+00	3.590803e+00	3.000142e-01	-7.570418e-01	-9.367491e-02	1.013687e+01
6.549635e+01	1.709958e-01	-9.218835e-01	1.319153e+01	2.462181e+00	3.593979e+00	3.017896e-01	-7.624685e-01	-1.025186e-01	1.013660e+01
1.140760e+02	1.553611e-01	-9.359079e-01	1.319728e+01	2.466128e+00	3.586304e+00	3.029219e-01	-8.157176e-01	-2.011522e-01	1.016154e+01
1.943982e+02	1.443261e-01	-8.500487e-01	1.320318e+01	2.475544e+00	3.569037e+00	3.284562e-01	-6.395285e-01	-1.408501e-01	1.005515e+01
3.399692e+02	9.945500e-02	-9.901657e-01	1.328558e+01	2.355363e+00	3.454417e+00	1.748158e-01	-5.987360e-01	-1.240146e-01	1.011538e+01
1.656770e+03	3.857143e-01	-1.415143e+00	1.360629e+01	2.522000e+00	4.833333e+00	3.924762e-01	-5.389524e-01	-2.057143e-02	1.019943e+01
2.546488e+02	5.080859e-01	-1.292771e+00	1.348391e+01	2.644372e+00	4.955705e+00	5.148478e-01	-4.165808e-01	1.018002e-01	1.007706e+01
2.518881e+02	6.533471e-01	-1.166248e+00	1.334457e+01	2.778091e+00	5.090888e+00	6.373995e-01	-3.243689e-01	1.922706e-01	9.947651e+00
4.705109e+02	6.256882e-01	-1.123191e+00	1.337072e+01	2.761882e+00	5.052642e+00	6.830865e-01	-3.024552e-01	1.669990e-01	9.878929e+00
1.505960e+02	5.338054e-01	-1.201897e+00	1.346333e+01	2.667912e+00	4.950422e+00	6.063831e-01	-2.968660e-01	1.320603e-01	9.949326e+00
1.894165e+02	4.926404e-01	-1.258981e+00	1.351162e+01	2.612526e+00	4.888739e+00	5.458392e-01	-2.968269e-01	1.056237e-01	9.997658e+00
2.671042e+02	4.698418e-01	-1.290439e+00	1.353951e+01	2.582474e+00	4.848163e+00	5.105259e-01	-3.077620e-01	7.450563e-02	1.001638e+01
2.594821e+02	4.718351e-01	-1.287511e+00	1.354172e+01	2.580963e+00	4.831068e+00	5.130801e-01	-3.172640e-01	5.166649e-02	1.000866e+01
2.215630e+02	4.964667e-01	-1.273337e+00	1.352000e+01	2.598033e+00	4.836634e+00	5.252975e-01	-3.309000e-01	2.858684e-02	9.990666e+00
1.751572e+02	5.348949e-01	-1.251872e+00	1.348984e+01	2.622741e+00	4.850374e+00	5.431233e-01	-3.412467e-01	1.153363e-02	9.965128e+00
1.359807e+02	5.723178e-01	-1.221688e+00	1.345462e+01	2.656182e+00	4.870739e+00	5.700594e-01	-3.570386e-01	-8.414485e-03	9.930844e+00
1.382246e+02	6.015599e-01	-1.191766e+00	1.342660e+01	2.686768e+00	4.885062e+00	5.953919e-01	-3.724234e-01	-2.376017e-02	9.894615e+00
1.465739e+02	6.189245e-01	-1.180734e+00	1.341592e+01	2.695786e+00	4.881686e+00	6.004896e-01	-3.970868e-01	-5.267059e-02	9.873153e+00
1.301930e+02	6.075479e-01	-1.188678e+00	1.343774e+01	2.676132e+00	4.849647e+00	5.850089e-01	-4.250075e-01	-8.487099e-02	9.863266e+00
1.241610e+02	6.024199e-01	-1.195257e+00	1.345155e+01	2.663580e+00	4.826852e+00	5.701269e-01	-4.464121e-01	-1.081342e-01	9.853410e+00
1.212085e+02	6.053955e-01	-1.194524e+00	1.345779e+01	2.657551e+00	4.811001e+00	5.621123e-01	-4.663096e-01	-1.263368e-01	9.838443e+00
1.193602e+02	6.028115e-01	-1.199961e+00	1.346926e+01	2.647389e+00	4.790455e+00	5.473840e-01	-4.935258e-01	-1.606756e-01	9.831257e+00
1.211388e+02	5.922931e-01	-1.207690e+00	1.348866e+01	2.629764e+00	4.761283e+00	5.320523e-01	-5.480893e-01	-2.247555e-01	9.826642e+00
1.249174e+02	6.069975e-01	-1.203438e+00	1.348010e+01	2.635725e+00	4.757605e+00	5.278764e-01	-5.981132e-01	-2.893289e-01	9.820144e+00
1.209287e+02	6.304881e-01	-1.189149e+00	1.346643e+01	2.646447e+00	4.757639e+00	5.305974e-01	-6.180043e-01	-3.323462e-01	9.801928e+00
1.107855e+02	6.556379e-01	-1.151797e+00	1.345206e+01	2.663675e+00	4.754105e+00	5.373593e-01	-5.200187e-01	-3.065039e-01	9.733623e+00
1.193493e+02	6.510778e-01	-1.134232e+00	1.346144e+01	2.658955e+00	4.730071e+00	5.302617e-01	-4.539966e-01	-2.858115e-01	9.687205e+00
1.186720e+02	6.487707e-01	-1.126432e+00	1.346762e+01	2.656005e+00	4.712458e+00	5.183084e-01	-4.124046e-01	-2.645960e-01	9.655498e+00
1.143623e+02	6.220828e-01	-1.125738e+00	1.348897e+01	2.642606e+00	4.683514e+00	5.059875e-01	-3.906832e-01	-2.391989e-01	9.635668e+00
1.124533e+02	6.085507e-01	-1.132789e+00	1.350285e+01	2.631010e+00	4.661172e+00	4.849076e-01	-3.786644e-01	-2.132495e-01	9.622501e+00
1.175806e+02	5.973377e-01	-1.139035e+00	1.351229e+01	2.622632e+00	4.645407e+00	4.683871e-01	-3.814028e-01	-1.831902e-01	9.615044e+00
1.159719e+02	5.958814e-01	-1.134977e+00	1.351234e+01	2.625984e+00	4.636993e+00	4.639401e-01	-3.866433e-01	-1.540815e-01	9.604998e+00
1.084331e+02	6.073989e-01	-1.123686e+00	1.349966e+01	2.640904e+00	4.642650e+00	4.682555e-01	-3.992916e-01	-1.198580e-01	9.593834e+00
1.054232e+02	6.046489e-01	-1.114381e+00	1.349974e+01	2.646513e+00	4.634619e+00	4.724925e-01	-4.136072e-01	-9.756984e-02	9.587124e+00
1.036482e+02	5.979884e-01	-1.110955e+00	1.350454e+01	2.646229e+00	4.624038e+00	4.706314e-01	-4.318520e-01	-7.439626e-02	9.581988e+00
1.021136e+02	5.921957e-01	-1.107672e+00	1.350831e+01	2.648147e+00	4.612784e+00	4.683796e-01	-4.499845e-01	-6.220157e-02	9.579287e+00
1.017093e+02	5.704690e-01	-1.109711e+00	1.352512e+01	2.641331e+00	4.590849e+00	4.599792e-01	-4.645432e-01	-5.083073e-02	9.577525e+00
1.008051e+02	5.722666e-01	-1.107796e+00	1.352410e+01	2.645121e+00	4.583336e+00	4.547621e-01	-4.818851e-01	-4.548232e-02	9.575923e+00
1.003224e+02	5.695932e-01	-1.105426e+00	1.353114e+01	2.642076e+00	4.565735e+00	4.501819e-01	-4.972989e-01	-3.924045e-02	9.573188e+00
9.778533e+01	5.786498e-01	-1.098034e+00	1.352328e+01	2.652149e+00	4.564616e+00	4.498782e-01	-5.117731e-01	-3.722345e-02	9.569800e+00
9.643505e+01	5.776723e-01	-1.090888e+00	1.352058e+01	2.661864e+00	4.559039e+00	4.490880e-01	-5.263108e-01	-3.786853e-02	9.567574e+00
9.560913e+01	5.841064e-01	-1.088121e+00	1.351805e+01	2.665446e+00	4.552047e+00	4.431886e-01	-5.370414e-01	-3.738228e-02	9.565132e+00
9.522479e+01	5.681284e-01	-1.085794e+00	1.353692e+01	2.655316e+00	4.525407e+00	4.380212e-01	-5.454626e-01	-3.582047e-02	9.560986e+00
9.473489e+01	5.745319e-01	-1.083174e+00	1.353374e+01	2.659865e+00	4.519243e+00	4.315352e-01	-5.538230e-01	-3.642836e-02	9.558768e+00
9.346114e+01	5.743056e-01	-1.076568e+00	1.352827e+01	2.672758e+00	4.517636e+00	4.299427e-01	-5.627340e-01	-3.796180e-02	9.557454e+00
9.311055e+01	5.769782e-01	-1.074428e+00	1.353109e+01	2.671908e+00	4.505086e+00	4.229724e-01	-5.684188e-01	-3.869168e-02	9.554650e+00
9.923613e+01	5.575381e-01	-1.081477e+00	1.355200e+01	2.654849e+00	4.473476e+00	4.072847e-01	-5.729022e-01	-3.897431e-02	9.556459e+00
9.332718e+01	5.644553e-01	-1.071885e+00	1.354527e+01	2.662735e+00	4.469535e+00	4.088814e-01	-5.895999e-01	-5.872333e-02	9.556059e+00
8.964824e+01	5.884386e-01	-1.057337e+00	1.352792e+01	2.680714e+00	4.475449e+00	4.174724e-01	-6.154616e-01	-8.607817e-02	9.559185e+00
8.686079e+01	5.741934e-01	-1.058210e+00	1.353730e+01	2.675252e+00	4.457496e+00	4.104358e-01	-6.317953e-01	-1.085605e-01	9.563289e+00
8.370620e+01	5.538362e-01	-1.056314e+00	1.354456e+01	2.677547e+00	4.444971e+00	4.098364e-01	-6.602011e-01	-1.412750e-01	9.573049e+00
8.292749e+01	5.404570e-01	-1.063014e+00	1.355641e+01	2.668184e+00	4.424164e+00	3.990078e-01	-6.886776e-01	-1.736595e-01	9.586126e+00
8.078891e+01	5.393309e-01	-1.062736e+00	1.355861e+01	2.666966e+00	4.414653e+00	3.961248e-01	-7.164937e-01	-2.084610e-01	9.599646e+00
1.809392e+02	5.359238e-01	-1.070325e+00	1.356040e+01	2.668440e+00	4.405761e+00	3.962710e-01	-7.964243e-01	-2.752395e-01	9.643122e+00
1.683423e+02	5.405444e-01	-1.050951e+00	1.355023e+01	2.689610e+00	4.409095e+00	4.079723e-01	-8.189718e-01	-3.631197e-01	9.652868e+00
1.175466e+02	5.601978e-01	-9.974209e-01	1.355671e+01	2.686297e+00	4.377335e+00	3.950147e-01	-6.934791e-01	-5.449987e-01	9.560671e+00
2.607695e+03	5.777143e-01	-1.204857e+00	1.186914e+01	6.126667e-01	3.084000e+00	3.818095e-01	-8.757143e-01	6.857143e-03	9.120571e+00
4.828174e+02	4.553427e-01	-1.082486e+00	1.199151e+01	7.350382e-01	3.206372e+00	5.041811e-01	-7.533427e-01	1.292287e-01	8.998200e+00
3.594877e+02	3.720322e-01	-1.065290e+00	1.210588e+01	8.312593e-01	3.251993e+00	5.254567e-01	-7.376038e-01	1.416778e-01	8.988322e+00
2.652072e+02	3.186472e-01	-1.080328e+00	1.217290e+01	8.833535e-01	3.279822e+00	4.881826e-01	-7.374656e-01	1.373479e-01	8.994505e+00
2.280471e+02	2.832939e-01	-1.084760e+00	1.223723e+01	9.302693e-01	3.287502e+00	4.831741e-01	-7.390588e-01	1.312584e-01	9.001084e+00
2.002592e+02	2.476356e-01	-1.087696e+00	1.231690e+01	9.706544e-01	3.287042e+00	4.801673e-01	-7.420577e-01	1.245417e-01	9.007858e+00
1.924889e+02	2.309306e-01	-1.084834e+00	1.233640e+01	9.961757e-01	3.293875e+00	4.839919e-01	-7.426806e-01	1.212315e-01	9.009739e+00
1.880072e+02	2.143199e-01	-1.077814e+00	1.236761e+01	1.024731e+00	3.292164e+00	4.939156e-01	-7.440308e-01	1.162101e-01	9.011642e+00
1.765594e+02	1.981035e-01	-1.086538e+00	1.239155e+01	1.044770e+00	3.296097e+00	4.746639e-01	-7.461471e-01	1.112224e-01	9.017228e+00
1.697615e+02	1.794907e-01	-1.088475e+00	1.242783e+01	1.071613e+00	3.293116e+00	4.669978e-01	-7.497407e-01	1.038095e-01	9.023028e+00
1.694196e+02	1.708928e-01	-1.077630e+00	1.243400e+01	1.089519e+00	3.296097e+00	4.857720e-01	-7.488274e-01	1.029469e-01	9.023227e+00
1.649934e+02	1.699178e-01	-1.083259e+00	1.243050e+01	1.101881e+00	3.297573e+00	4.655009e-01	-7.528697e-01	9.393490e-02	9.029393e+00
1.615668e+02	1.505913e-01	-1.075580e+00	1.246409e+01	1.131980e+00	3.296804e+00	4.801406e-01	-7.519182e-01	9.300884e-02	9.030811e+00
1.687370e+02	1.359328e-01	-1.066383e+00	1.248738e+01	1.161637e+00	3.293810e+00	4.978239e-01	-7.542817e-01	8.580127e-02	9.035436e+00
1.600589e+02	1.300983e-01	-1.087539e+00	1.249181e+01	1.178544e+00	3.295820e+00	4.439400e-01	-7.542079e-01	8.483352e-02	9.042955e+00
1.499679e+02	1.185422e-01	-1.073509e+00	1.250317e+01	1.209814e+00	3.295139e+00	4.662389e-01	-7.607724e-01	8.330447e-02	9.045434e+00
1.480023e+02	1.153056e-01	-1.072416e+00	1.250240e+01	1.225570e+00	3.296317e+00	4.544084e-01	-7.625475e-01	8.067858e-02	9.048072e+00
1.562358e+02	1.164804e-01	-1.055305e+00	1.248081e+01	1.255554e+00	3.301036e+00	4.811158e-01	-7.618352e-01	7.860485e-02	9.050341e+00
1.498142e+02	1.013746e-01	-1.076709e+00	1.250577e+01	1.273338e+00	3.297748e+00	4.304539e-01	-7.636965e-01	7.442484e-02	9.059324e+00
1.391444e+02	9.776149e-02	-1.062856e+00	1.249500e+01	1.304667e+00	3.300704e+00	4.472319e-01	-7.716690e-01	6.092999e-02	9.067315e+00
1.398672e+02	8.759196e-02	-1.054218e+00	1.250852e+01	1.326773e+00	3.299295e+00	4.620392e-01	-7.712445e-01	5.740951e-02	9.073592e+00
1.373632e+02	8.280072e-02	-1.052589e+00	1.250364e+01	1.357831e+00	3.303283e+00	4.607635e-01	-7.689267e-01	5.664374e-02	9.078066e+00
1.316840e+02	7.525880e-02	-1.054979e+00	1.251204e+01	1.380110e+00	3.301545e+00	4.442330e-01	-7.713695e-01	5.184966e-02	9.085295e+00
1.360608e+02	6.517202e-02	-1.039216e+00	1.252073e+01	1.408468e+00	3.298714e+00	4.572995e-01	-7.712302e-01	4.963337e-02	9.083730e+00
1.265694e+02	6.389878e-02	-1.054742e+00	1.251020e+01	1.434472e+00	3.303419e+00	4.294921e-01	-7.719047e-01	4.638370e-02	9.100450e+00
1.237749e+02	5.978845e-02	-1.045640e+00	1.250466e+01	1.467064e+00	3.303254e+00	4.401806e-01	-7.714172e-01	4.351959e-02	9.105155e+00
1.208490e+02	5.534524e-02	-1.046286e+00	1.249370e+01	1.494894e+00	3.307808e+00	4.381349e-01	-7.751956e-01	4.258381e-02	9.116002e+00
1.185584e+02	4.877339e-02	-1.050215e+00	1.249850e+01	1.517064e+00	3.305744e+00	4.182035e-01	-7.795706e-01	2.429518e-02	9.138574e+00
1.348703e+02	4.621003e-02	-1.025636e+00	1.248333e+01	1.555235e+00	3.312684e+00	4.606549e-01	-7.781836e-01	1.997436e-02	9.143766e+00
1.318003e+02	4.762707e-02	-1.056642e+00	1.246542e+01	1.575972e+00	3.317431e+00	3.813585e-01	-7.780996e-01	1.597416e-02	9.154686e+00
1.133039e+02	3.808494e-02	-1.027041e+00	1.246583e+01	1.615786e+00	3.318939e+00	4.345854e-01	-7.772563e-01	1.438633e-02	9.156985e+00
1.083687e+02	3.142785e-02	-1.047448e+00	1.246266e+01	1.647874e+00	3.317945e+00	4.055812e-01	-7.797154e-01	1.100478e-02	9.176314e+00
1.136851e+02	2.773956e-02	-1.023866e+00	1.245267e+01	1.675635e+00	3.323348e+00	4.399902e-01	-7.776774e-01	8.414542e-03	9.172244e+00
1.273811e+02	2.156618e-02	-1.014764e+00	1.244489e+01	1.714446e+00	3.325180e+00	4.509089e-01	-7.774362e-01	5.669812e-03	9.181197e+00
1.641004e+02	1.592135e-02	-1.068647e+00	1.245198e+01	1.712379e+00	3.324282e+00	3.453508e-01	-7.786995e-01	1.722316e-03	9.206197e+00
1.158965e+02	5.791549e-03	-1.019047e+00	1.244432e+01	1.748392e+00	3.327526e+00	4.440937e-01	-7.745682e-01	-1.081000e-03	9.198869e+00
9.727559e+01	9.444195e-03	-1.028962e+00	1.242917e+01	1.767142e+00	3.330822e+00	4.208977e-01	-7.750181e-01	-3.957610e-03	9.211486e+00
1.022245e+02	2.826607e-03	-1.046376e+00	1.243708e+01	1.777348e+00	3.324990e+00	3.884576e-01	-7.742290e-01	-5.843331e-03	9.228497e+00
1.022252e+02	2.057699e-03	-1.018189e+00	1.241622e+01	1.816239e+00	3.334690e+00	4.272015e-01	-7.759073e-01	-1.055783e-02	9.227995e+00
9.334280e+01	-5.331239e-03	-1.036845e+00	1.242332e+01	1.828604e+00	3.329758e+00	3.898211e-01	-7.755465e-01	-1.199608e-02	9.247055e+00
8.877396e+01	-8.219913e-03	-1.028744e+00	1.241112e+01	1.851746e+00	3.334165e+00	3.957123e-01	-7.774219e-01	-1.815733e-02	9.253288e+00
8.848951e+01	-2.080475e-02	-1.030009e+00	1.242531e+01	1.860667e+00	3.328145e+00	3.959370e-01	-7.770385e-01	-1.979307e-02	9.267227e+00
1.087714e+02	-1.804475e-02	-1.008056e+00	1.240057e+01	1.894324e+00	3.335541e+00	4.294542e-01	-7.804236e-01	-2.726286e-02	9.275028e+00
8.710145e+01	-3.206818e-02	-1.030250e+00	1.242420e+01	1.883482e+00	3.324473e+00	3.935054e-01	-7.811824e-01	-2.842173e-02	9.286259e+00
8.662933e+01	-3.150509e-02	-1.023668e+00	1.241622e+01	1.899528e+00	3.325997e+00	4.049558e-01	-7.809238e-01	-3.462900e-02	9.300422e+00
1.228062e+02	-4.237533e-02	-9.988432e-01	1.241648e+01	1.932100e+00	3.326167e+00	4.346064e-01	-7.804727e-01	-3.739404e-02	9.294621e+00
1.208047e+02	-4.284117e-02	-1.060268e+00	1.242773e+01	1.906995e+00	3.318332e+00	3.621749e-01	-7.899577e-01	-4.091110e-02	9.366106e+00
9.539131e+01	-3.707940e-02	-1.019576e+00	1.240921e+01	1.932005e+00	3.321419e+00	4.266569e-01	-7.774479e-01	-3.943281e-02	9.352624e+00
9.456824e+01	-4.706815e-02	-1.017165e+00	1.241158e+01	1.953675e+00	3.320170e+00	4.231553e-01	-7.738349e-01	-4.098744e-02	9.351576e+00
8.515094e+01	-5.259891e-02	-1.035584e+00	1.242093e+01	1.945175e+00	3.315779e+00	3.868835e-01	-7.800553e-01	-5.114360e-02	9.367478e+00
9.093352e+01	-5.651508e-02	-1.016019e+00	1.241610e+01	1.968963e+00	3.313853e+00	4.177216e-01	-7.776027e-01	-5.449825e-02	9.377601e+00
9.159727e+01	-6.295548e-02	-1.007409e+00	1.241629e+01	1.988281e+00	3.309369e+00	4.105219e-01	-7.777750e-01	-5.684142e-02	9.374620e+00
1.202372e+02	-6.786359e-02	-1.054246e+00	1.243288e+01	1.969355e+00	3.301638e+00	3.495250e-01	-7.825790e-01	-6.578753e-02	9.426956e+00
8.620307e+01	-6.295919e-02	-1.013548e+00	1.241746e+01	1.987643e+00	3.306636e+00	4.073053e-01	-7.731010e-01	-6.899506e-02	9.401348e+00
9.321058e+01	-7.103875e-02	-1.010341e+00	1.242194e+01	2.007971e+00	3.301785e+00	4.179614e-01	-7.711093e-01	-7.079967e-02	9.425364e+00
8.161792e+01	-8.275908e-02	-1.021622e+00	1.243845e+01	2.012239e+00	3.291811e+00	4.073088e-01	-7.764828e-01	-7.865241e-02	9.456081e+00
8.089908e+01	-8.124966e-02	-1.030672e+00	1.243679e+01	2.011397e+00	3.289716e+00	3.841607e-01	-7.762109e-01	-8.238581e-02	9.476457e+00
8.880874e+01	-8.134000e-02	-1.036070e+00	1.242978e+01	2.024650e+00	3.292913e+00	4.217582e-01	-8.047271e-01	-8.282444e-02	9.581016e+00
8.947943e+01	-8.263124e-02	-1.026436e+00	1.242805e+01	2.039091e+00	3.288451e+00	4.290418e-01	-8.052696e-01	-8.584653e-02	9.588853e+00
1.033501e+02	-7.831965e-02	-1.002482e+00	1.241454e+01	2.056325e+00	3.291766e+00	4.228577e-01	-7.638697e-01	-4.475373e-02	9.522687e+00
1.170326e+02	-9.330614e-02	-1.049162e+00	1.245669e+01	2.014863e+00	3.267521e+00	3.450249e-01	-7.689327e-01	-5.297350e-02	9.552919e+00
1.054247e+02	-9.237162e-02	-9.924347e-01	1.243466e+01	2.057081e+00	3.270949e+00	4.130696e-01	-7.472420e-01	-3.752994e-02	9.492241e+00
1.043440e+02	-9.706648e-02	-1.026303e+00	1.244953e+01	2.037582e+00	3.261472e+00	3.329245e-01	-7.415373e-01	-3.691908e-02	9.496104e+00
8.016608e+01	-9.762821e-02	-1.000689e+00	1.243202e+01	2.072233e+00	3.264069e+00	3.786393e-01	-7.489914e-01	-4.069856e-02	9.518746e+00
7.870774e+01	-9.682018e-02	-1.000927e+00	1.242839e+01	2.076104e+00	3.264118e+00	3.715855e-01	-7.478419e-01	-4.399395e-02	9.526277e+00
9.712644e+01	-1.042357e-01	-9.884793e-01	1.244192e+01	2.076950e+00	3.254537e+00	4.026563e-01	-7.610662e-01	-5.704980e-02	9.544211e+00
2.082992e+02	-1.064023e-01	-1.059799e+00	1.245161e+01	2.056627e+00	3.246914e+00	2.866501e-01	-7.633137e-01	-6.282281e-02	9.619689e+00
1.942448e+02	-9.982605e-02	-9.648125e-01	1.240177e+01	2.127994e+00	3.263412e+00	4.389237e-01	-7.532132e-01	-6.051830e-02	9.561065e+00
3.244641e+02	-1.111805e-01	-1.088228e+00	1.245927e+01	2.048608e+00	3.234951e+00	2.870304e-01	-7.603427e-01	-7.004523e-02	9.721724e+00
4.518095e+02	-3.365714e-01	-1.008286e+00	1.472171e+01	9.966667e-01	6.796000e+00	2.233333e-01	-6.669524e-01	-4.868571e-01	8.846286e+00
2.772662e+02	-4.589430e-01	-8.859141e-01	1.459934e+01	1.119038e+00	6.673628e+00	3.457049e-01	-7.893240e-01	-3.644856e-01	8.968657e+00
1.895168e+02	-4.687369e-01	-9.740032e-01	1.448217e+01	1.207236e+00	6.645108e+00	3.102803e-01	-8.928752e-01	-2.761907e-01	9.097281e+00
3.129029e+02	-4.362456e-01	-9.839943e-01	1.436360e+01	1.288233e+00	6.643455e+00	3.287117e-01	-9.645752e-01	-2.287809e-01	9.169003e+00
2.212284e+02	-3.352272e-01	-8.669097e-01	1.424862e+01	1.344708e+00	6.702094e+00	2.739850e-01	-8.373078e-01	-3.496295e-01	9.042891e+00
2.860348e+02	-2.185112e-01	-8.252880e-01	1.411132e+01	1.456903e+00	6.758873e+00	2.583659e-01	-7.910392e-01	-3.837924e-01	8.997122e+00
2.534757e+02	-1.663873e-01	-8.671966e-01	1.398265e+01	1.583109e+00	6.690244e+00	1.926644e-01	-7.807537e-01	-3.779413e-01	9.003931e+00
2.360768e+02	-1.731648e-02	-8.939967e-01	1.382470e+01	1.726975e+00	6.750815e+00	1.950440e-01	-7.824107e-01	-3.576841e-01	9.023642e+00
1.558885e+02	-1.404748e-02	-8.852341e-01	1.369829e+01	1.875513e+00	6.653149e+00	2.634014e-01	-7.880180e-01	-3.330071e-01	9.034539e+00
1.265011e+02	5.497311e-02	-9.082647e-01	1.356566e+01	2.010816e+00	6.547940e+00	2.701454e-01	-7.952556e-01	-3.090847e-01	9.050754e+00
1.138027e+02	1.145045e-01	-9.128969e-01	1.345753e+01	2.118204e+00	6.563445e+00	2.911131e-01	-8.007008e-01	-2.925463e-01	9.060507e+00
1.072332e+02	2.450513e-01	-9.325340e-01	1.335911e+01	2.188628e+00	6.592788e+00	2.724218e-01	-8.044244e-01	-2.827874e-01	9.070742e+00
1.017334e+02	1.134846e-01	-9.425818e-01	1.341933e+01	2.236619e+00	6.444908e+00	2.803698e-01	-8.090524e-01	-2.734983e-01	9.077968e+00
9.778057e+01	1.247208e-01	-9.476869e-01	1.339245e+01	2.296639e+00	6.383333e+00	2.850086e-01	-8.132458e-01	-2.645079e-01	9.083866e+00
9.172119e+01	7.791111e-02	-9.550681e-01	1.340423e+01	2.331519e+00	6.345995e+00	3.068168e-01	-8.187241e-01	-2.551124e-01	9.094269e+00
8.976246e+01	1.181853e-02	-9.736954e-01	1.345736e+01	2.331428e+00	6.290861e+00	3.102676e-01	-8.242698e-01	-2.462223e-01	9.107134e+00
8.494914e+01	8.086757e-02	-9.748060e-01	1.338652e+01	2.388776e+00	6.322902e+00	3.291167e-01	-8.335311e-01	-2.373715e-01	9.122223e+00
8.465973e+01	1.175678e-01	-9.889398e-01	1.340468e+01	2.351806e+00	6.282910e+00	3.158968e-01	-8.458315e-01	-2.264593e-01	9.137944e+00
8.185862e+01	1.484748e-01	-9.917796e-01	1.337052e+01	2.398860e+00	6.285101e+00	3.238326e-01	-8.498626e-01	-2.233132e-01	9.146736e+00
8.080543e+01	2.187905e-01	-9.951941e-01	1.334789e+01	2.409044e+00	6.276315e+00	3.306639e-01	-8.532291e-01	-2.200117e-01	9.154168e+00
9.130879e+01	1.560546e-01	-1.008656e+00	1.340304e+01	2.416884e+00	6.227718e+00	3.444179e-01	-8.752635e-01	-2.109089e-01	9.181084e+00
9.942877e+01	2.330351e-01	-9.571639e-01	1.341558e+01	2.402389e+00	6.199481e+00	3.362965e-01	-8.162302e-01	-2.458398e-01	9.128473e+00
1.316494e+02	1.781543e-01	-9.813062e-01	1.351695e+01	2.336575e+00	6.109252e+00	2.624746e-01	-7.985771e-01	-2.553302e-01	9.121186e+00
9.420065e+01	2.546820e-01	-9.665019e-01	1.340948e+01	2.438306e+00	6.175656e+00	2.961163e-01	-7.977315e-01	-2.478239e-01	9.123985e+00
8.779857e+01	1.903739e-01	-9.714584e-01	1.347147e+01	2.421229e+00	6.101731e+00	3.146103e-01	-8.023539e-01	-2.390190e-01	9.134641e+00
8.830944e+01	1.749123e-01	-9.818026e-01	1.352690e+01	2.366010e+00	6.028497e+00	3.151595e-01	-8.131147e-01	-2.249870e-01	9.148738e+00
8.495742e+01	2.119914e-01	-9.796076e-01	1.346383e+01	2.438295e+00	6.060986e+00	3.467273e-01	-8.257518e-01	-2.133406e-01	9.161235e+00
8.651835e+01	2.520721e-01	-1.002471e+00	1.347279e+01	2.426164e+00	6.025754e+00	3.188399e-01	-8.347358e-01	-2.083375e-01	9.176380e+00
7.910473e+01	2.671595e-01	-1.001864e+00	1.344514e+01	2.466211e+00	6.036786e+00	3.334248e-01	-8.432292e-01	-2.029588e-01	9.187292e+00
8.039046e+01	2.594242e-01	-9.971377e-01	1.344265e+01	2.501723e+00	6.018945e+00	3.538398e-01	-8.463952e-01	-2.039400e-01	9.195447e+00
1.002924e+02	2.450593e-01	-1.017414e+00	1.351676e+01	2.438348e+00	5.940656e+00	3.196572e-01	-8.575136e-01	-2.039339e-01	9.209919e+00
7.754831e+01	3.304970e-01	-9.955927e-01	1.346756e+01	2.467693e+00	5.965056e+00	3.411410e-01	-8.453621e-01	-2.223694e-01	9.204288e+00
8.233870e+01	2.917038e-01	-1.001636e+00	1.350253e+01	2.464659e+00	5.916453e+00	3.584466e-01	-8.663642e-01	-2.169694e-01	9.229121e+00
7.898741e+01	3.495831e-01	-9.901824e-01	1.349670e+01	2.464035e+00	5.894906e+00	3.301239e-01	-8.361026e-01	-2.370584e-01	9.201208e+00
7.882140e+01	3.171449e-01	-9.869322e-01	1.353970e+01	2.451920e+00	5.838820e+00	3.292592e-01	-8.368859e-01	-2.350826e-01	9.202152e+00
8.040386e+01	3.033335e-01	-9.883585e-01	1.351521e+01	2.504131e+00	5.852601e+00	3.515628e-01	-8.449145e-01	-2.296472e-01	9.217609e+00
1.000713e+02	3.090669e-01	-1.007869e+00	1.357016e+01	2.438988e+00	5.765784e+00	3.032000e-01	-8.472747e-01	-2.304680e-01	9.224142e+00
9.223625e+01	3.186869e-01	-9.790138e-01	1.356119e+01	2.484546e+00	5.752547e+00	3.713645e-01	-8.530088e-01	-2.264756e-01	9.228797e+00
8.073339e+01	3.726107e-01	-9.875760e-01	1.355618e+01	2.472281e+00	5.731224e+00	3.643856e-01	-8.520551e-01	-2.311090e-01	9.238989e+00
1.368959e+02	4.189073e-01	-1.027766e+00	1.354875e+01	2.443489e+00	5.722180e+00	3.023191e-01	-8.656395e-01	-2.296343e-01	9.256367e+00
7.887992e+01	4.846877e-01	-9.849292e-01	1.349741e+01	2.509693e+00	5.737469e+00	3.137489e-01	-8.748268e-01	-2.630859e-01	9.275428e+00
8.210330e+01	4.226263e-01	-9.549822e-01	1.357204e+01	2.486889e+00	5.651633e+00	3.091306e-01	-8.624731e-01	-2.865663e-01	9.259388e+00
7.920307e+01	4.192575e-01	-9.699477e-01	1.356973e+01	2.503376e+00	5.646755e+00	3.023985e-01	-8.664085e-01	-2.785983e-01	9.291291e+00
8.453264e+01	4.851100e-01	-9.644951e-01	1.350890e+01	2.554141e+00	5.683973e+00	3.277481e-01	-8.726033e-01	-2.694349e-01	9.308354e+00
1.393110e+02	3.386988e-01	-1.006212e+00	1.363669e+01	2.472404e+00	5.559381e+00	3.038902e-01	-8.924475e-01	-2.573474e-01	9.348750e+00
1.733658e+02	3.570678e-01	-8.693969e-01	1.368200e+01	2.450865e+00	5.461510e+00	2.708883e-01	-7.277321e-01	-4.065110e-01	9.163877e+00
2.066319e+02	3.950314e-01	-8.473661e-01	1.367042e+01	2.459353e+00	5.446680e+00	2.311092e-01	-6.717733e-01	-4.560437e-01	9.109082e+00
2.326812e+02	2.944617e-01	-9.068602e-01	1.374161e+01	2.408669e+00	5.379617e+00	1.774789e-01	-6.539309e-01	-4.665956e-01	9.117106e+00
1.923672e+02	3.155474e-01	-8.876214e-01	1.364429e+01	2.503958e+00	5.485643e+00	3.015371e-01	-6.566970e-01	-4.301519e-01	9.133867e+00
9.381810e+02	1.126286e+00	-1.323714e+00	1.470343e+01	1.882000e+00	1.613333e-01	2.842857e-01	-6.547619e-01	4.091429e-01	1.067486e+01
4.861918e+02	1.248657e+00	-1.201343e+00	1.458106e+01	2.004372e+00	3.896175e-02	4.066573e-01	-5.323903e-01	5.315144e-01	1.055249e+01
2.553943e+02	1.405885e+00	-1.042440e+00	1.443532e+01	2.153737e+00	7.144440e-02	5.626299e-01	-4.513187e-01	6.043371e-01	1.039238e+01
9.313227e+02	1.535300e+00	-9.257857e-01	1.430225e+01	2.285346e+00	1.674571e-01	6.653183e-01	-5.039040e-01	6.080127e-01	1.027957e+01
3.469054e+02	1.459614e+00	-1.000592e+00	1.436024e+01	2.236584e+00	2.321072e-01	5.945382e-01	-5.325563e-01	6.216305e-01	1.035659e+01
2.080471e+02	1.406365e+00	-1.074394e+00	1.439269e+01	2.206663e+00	3.069702e-01	5.201636e-01	-5.650899e-01	6.109662e-01	1.043065e+01
2.901914e+02	1.371637e+00	-1.133624e+00	1.440840e+01	2.198689e+00	3.842644e-01	4.583585e-01	-5.984743e-01	5.887569e-01	1.048613e+01
3.993332e+02	1.362777e+00	-1.172567e+00	1.439497e+01	2.216156e+00	4.650921e-01	4.171446e-01	-6.301147e-01	5.640935e-01	1.052032e+01
4.741790e+02	1.366573e+00	-1.196529e+00	1.436806e+01	2.249499e+00	5.474470e-01	3.936880e-01	-6.605729e-01	5.313585e-01	1.054151e+01
5.072872e+02	1.383445e+00	-1.208255e+00	1.433102e+01	2.296904e+00	6.305490e-01	3.830148e-01	-6.796291e-01	5.138211e-01	1.054986e+01
4.869935e+02	1.414696e+00	-1.206716e+00	1.428264e+01	2.355738e+00	7.148616e-01	3.891767e-01	-6.954744e-01	5.002843e-01	1.054711e+01
4.416424e+02	1.454884e+00	-1.199864e+00	1.422349e+01	2.422843e+00	8.031538e-01	4.008371e-01	-7.243977e-01	4.544869e-01	1.053986e+01
3.604352e+02	1.504996e+00	-1.182718e+00	1.415352e+01	2.500596e+00	8.932326e-01	4.240675e-01	-7.555566e-01	3.926007e-01	1.052224e+01
2.790284e+02	1.526593e+00	-1.162446e+00	1.410562e+01	2.574812e+00	9.858359e-01	4.503065e-01	-7.916583e-01	3.151499e-01	1.049960e+01
2.208099e+02	1.562569e+00	-1.136627e+00	1.404141e+01	2.662304e+00	1.087036e+00	4.811603e-01	-8.469330e-01	2.189056e-01	1.047374e+01
1.676420e+02	1.579700e+00	-1.108892e+00	1.399013e+01	2.752776e+00	1.191866e+00	5.126922e-01	-8.499903e-01	1.994653e-01	1.044621e+01
1.554394e+02	1.523666e+00	-1.083332e+00	1.402034e+01	2.823393e+00	1.306008e+00	5.428325e-01	-8.445661e-01	1.857870e-01	1.041913e+01
1.782109e+02	1.443678e+00	-1.062556e+00	1.407497e+01	2.873791e+00	1.423728e+00	5.676362e-01	-8.361116e-01	1.776388e-01	1.039489e+01
1.890000e+02	1.359801e+00	-1.055132e+00	1.413854e+01	2.898573e+00	1.525676e+00	5.756221e-01	-8.283991e-01	1.624632e-01	1.038068e+01
1.696546e+02	1.266626e+00	-1.060567e+00	1.421452e+01	2.884500e+00	1.604208e+00	5.690020e-01	-8.192824e-01	1.448875e-01	1.037452e+01
1.527947e+02	1.192175e+00	-1.067950e+00	1.427272e+01	2.881781e+00	1.678637e+00	5.590775e-01	-8.172357e-01	1.211457e-01	1.037252e+01
1.391845e+02	1.136548e+00	-1.077191e+00	1.431111e+01	2.891774e+00	1.753916e+00	5.457104e-01	-8.114059e-01	1.039916e-01	1.037411e+01
1.356129e+02	1.087133e+00	-1.087883e+00	1.434613e+01	2.894967e+00	1.813343e+00	5.291766e-01	-8.077504e-01	7.989006e-02	1.037546e+01
1.521014e+02	1.053033e+00	-1.094864e+00	1.436655e+01	2.913032e+00	1.874860e+00	5.150053e-01	-8.039538e-01	6.091284e-02	1.037445e+01
1.379474e+02	1.028518e+00	-1.099936e+00	1.437774e+01	2.935744e+00	1.932628e+00	5.017298e-01	-7.681538e-01	6.805185e-02	1.037226e+01
1.356983e+02	1.014649e+00	-1.101617e+00	1.437728e+01	2.969270e+00	1.993207e+00	4.914144e-01	-7.319562e-01	7.864739e-02	1.036821e+01
1.338880e+02	1.010458e+00	-1.099627e+00	1.436699e+01	3.011166e+00	2.054084e+00	4.841414e-01	-6.982962e-01	8.439642e-02	1.036085e+01
1.296041e+02	1.014676e+00	-1.094672e+00	1.434723e+01	3.060979e+00	2.117363e+00	4.786836e-01	-6.651063e-01	8.165610e-02	1.035195e+01
1.225005e+02	1.023819e+00	-1.088068e+00	1.432385e+01	3.113088e+00	2.180383e+00	4.749868e-01	-6.515275e-01	6.732068e-02	1.034084e+01
1.127933e+02	1.037512e+00	-1.080375e+00	1.429430e+01	3.171800e+00	2.248114e+00	4.725496e-01	-6.526424e-01	4.072403e-02	1.032993e+01
1.051699e+02	1.053140e+00	-1.072991e+00	1.426544e+01	3.223653e+00	2.306685e+00	4.698890e-01	-6.585616e-01	1.325814e-02	1.031731e+01
1.003604e+02	1.064215e+00	-1.065048e+00	1.424077e+01	3.271168e+00	2.360659e+00	4.680254e-01	-6.693414e-01	-1.442528e-02	1.030212e+01
9.617309e+01	1.078466e+00	-1.061161e+00	1.421535e+01	3.312310e+00	2.408545e+00	4.624048e-01	-6.812107e-01	-4.379932e-02	1.029192e+01
9.131970e+01	1.081429e+00	-1.060046e+00	1.420005e+01	3.339683e+00	2.448445e+00	4.541636e-01	-6.984370e-01	-7.352331e-02	1.028209e+01
9.291263e+01	1.086873e+00	-1.059021e+00	1.418556e+01	3.361988e+00	2.479419e+00	4.457558e-01	-7.080596e-01	-1.007208e-01	1.027244e+01
1.156156e+02	1.095697e+00	-1.057459e+00	1.416760e+01	3.388758e+00	2.514989e+00	4.387814e-01	-7.265215e-01	-1.508731e-01	1.026188e+01
1.444140e+02	1.085739e+00	-1.059259e+00	1.416914e+01	3.389075e+00	2.526874e+00	4.279662e-01	-7.275513e-01	-1.882998e-01	1.025132e+01
8.868094e+01	1.080036e+00	-1.047471e+00	1.416626e+01	3.404989e+00	2.538982e+00	4.240707e-01	-6.469048e-01	-1.353156e-01	1.022300e+01
9.748379e+01	1.065350e+00	-1.039730e+00	1.417194e+01	3.409887e+00	2.542485e+00	4.179888e-01	-5.840423e-01	-9.441115e-02	1.019880e+01
1.035239e+02	1.055996e+00	-1.032496e+00	1.417331e+01	3.417385e+00	2.550610e+00	4.126581e-01	-5.312471e-01	-5.924690e-02	1.017622e+01
1.026728e+02	1.027242e+00	-1.030949e+00	1.419467e+01	3.400306e+00	2.541169e+00	4.031281e-01	-4.914372e-01	-3.337553e-02	1.015723e+01
1.035884e+02	9.971027e-01	-1.029226e+00	1.421361e+01	3.388927e+00	2.541837e+00	3.947945e-01	-4.599996e-01	-1.087274e-02	1.013853e+01
1.063501e+02	9.677557e-01	-1.029105e+00	1.423440e+01	3.370074e+00	2.535228e+00	3.859208e-01	-4.345547e-01	8.922397e-03	1.012207e+01
1.099970e+02	9.355616e-01	-1.029161e+00	1.425468e+01	3.354526e+00	2.536133e+00	3.784620e-01	-4.176772e-01	2.594415e-02	1.010748e+01
1.112036e+02	9.153844e-01	-1.026140e+00	1.426508e+01	3.349693e+00	2.544981e+00	3.744819e-01	-4.046204e-01	4.116702e-02	1.009192e+01
1.111480e+02	8.954401e-01	-1.022374e+00	1.427321e+01	3.350127e+00	2.560166e+00	3.716449e-01	-3.954426e-01	5.513017e-02	1.007594e+01
1.091968e+02	8.856506e-01	-1.016821e+00	1.427297e+01	3.358402e+00	2.582807e+00	3.715917e-01	-3.913354e-01	6.798282e-02	1.006159e+01
1.069291e+02	8.860699e-01	-1.009914e+00	1.426060e+01	3.381026e+00	2.619686e+00	3.736600e-01	-3.930113e-01	8.003869e-02	1.004879e+01
1.063550e+02	8.777155e-01	-1.006647e+00	1.425897e+01	3.385144e+00	2.640141e+00	3.718608e-01	-3.952319e-01	9.032852e-02	1.003668e+01
1.061699e+02	8.793111e-01	-1.002382e+00	1.424732e+01	3.400643e+00	2.670232e+00	3.708266e-01	-3.983682e-01	9.970399e-02	1.002531e+01
1.045414e+02	8.676911e-01	-1.002572e+00	1.425095e+01	3.393592e+00	2.682419e+00	3.662882e-01	-4.061211e-01	1.069610e-01	1.001586e+01
1.029272e+02	8.575040e-01	-1.003767e+00	1.425428e+01	3.383680e+00	2.693912e+00	3.617711e-01	-4.174683e-01	1.127755e-01	1.000798e+01
1.021835e+02	8.467151e-01	-1.005323e+00	1.425812e+01	3.374199e+00	2.704160e+00	3.563197e-01	-4.284652e-01	1.178810e-01	1.000016e+01
1.033725e+02	8.343225e-01	-1.007861e+00	1.426581e+01	3.357638e+00	2.707344e+00	3.496853e-01	-4.382436e-01	1.223656e-01	9.992727e+00
1.019632e+02	8.298698e-01	-1.006884e+00	1.426237e+01	3.357620e+00	2.725484e+00	3.475507e-01	-4.511856e-01	1.263001e-01	9.984991e+00
9.869847e+01	8.302661e-01	-1.002726e+00	1.425234e+01	3.366887e+00	2.752523e+00	3.491419e-01	-4.628703e-01	1.295021e-01	9.976896e+00
9.656808e+01	8.301891e-01	-9.997836e-01	1.424431e+01	3.372894e+00	2.774918e+00	3.495253e-01	-4.765960e-01	1.324801e-01	9.969399e+00
9.508499e+01	8.330655e-01	-9.951408e-01	1.423072e+01	3.390998e+00	2.808132e+00	3.522036e-01	-4.893375e-01	1.352759e-01	9.962396e+00
9.396470e+01	8.300982e-01	-9.943255e-01	1.422805e+01	3.387066e+00	2.820984e+00	3.506032e-01	-5.028253e-01	1.371522e-01	9.956227e+00
9.296171e+01	8.299414e-01	-9.918213e-01	1.422165e+01	3.388781e+00	2.838278e+00	3.515340e-01	-5.179160e-01	1.355373e-01	9.949980e+00
9.115683e+01	8.214737e-01	-9.949762e-01	1.422552e+01	3.373079e+00	2.840166e+00	3.460967e-01	-5.327659e-01	1.340055e-01	9.945939e+00
9.110605e+01	8.130819e-01	-9.983184e-01	1.422875e+01	3.359080e+00	2.843688e+00	3.409878e-01	-5.473822e-01	1.325914e-01	9.941963e+00
9.222402e+01	8.065521e-01	-1.000912e+00	1.423104e+01	3.345608e+00	2.847110e+00	3.363004e-01	-5.621794e-01	1.295961e-01	9.938422e+00
9.148613e+01	8.028610e-01	-1.000163e+00	1.422953e+01	3.339767e+00	2.857118e+00	3.353920e-01	-5.773771e-01	1.256352e-01	9.933573e+00
9.054472e+01	8.022090e-01	-9.990101e-01	1.422520e+01	3.337340e+00	2.868854e+00	3.348468e-01	-5.906210e-01	1.223104e-01	9.929235e+00
8.888453e+01	8.018826e-01	-9.962503e-01	1.421826e+01	3.340581e+00	2.887635e+00	3.351699e-01	-6.021979e-01	1.195443e-01	9.923701e+00
8.732503e+01	8.044746e-01	-9.930754e-01	1.421106e+01	3.343405e+00	2.902444e+00	3.369835e-01	-6.136807e-01	1.161841e-01	9.919312e+00
8.731757e+01	8.049323e-01	-9.928669e-01	1.420947e+01	3.333807e+00	2.907306e+00	3.349773e-01	-6.249030e-01	1.122047e-01	9.915431e+00
8.625351e+01	8.070395e-01	-9.894538e-01	1.420307e+01	3.336808e+00	2.921689e+00	3.373039e-01	-6.341177e-01	1.088520e-01	9.911297e+00
8.607405e+01	8.083796e-01	-9.854528e-01	1.419534e+01	3.343244e+00	2.941188e+00	3.401855e-01	-6.428826e-01	1.051737e-01	9.906640e+00
8.582470e+01	8.052782e-01	-9.855892e-01	1.419677e+01	3.334901e+00	2.945131e+00	3.386900e-01	-6.500190e-01	1.018218e-01	9.904076e+00
8.536998e+01	8.008957e-01	-9.879062e-01	1.419906e+01	3.325421e+00	2.949130e+00	3.354398e-01	-6.559897e-01	9.879690e-02	9.902181e+00
8.566832e+01	7.953348e-01	-9.903204e-01	1.420353e+01	3.312038e+00	2.948530e+00	3.322208e-01	-6.611051e-01	9.546133e-02	9.901072e+00
8.499226e+01	7.971616e-01	-9.898356e-01	1.420140e+01	3.307184e+00	2.953820e+00	3.315946e-01	-6.715465e-01	8.660903e-02	9.898768e+00
8.481638e+01	7.923933e-01	-9.914476e-01	1.420446e+01	3.296210e+00	2.956035e+00	3.294673e-01	-6.797614e-01	7.828504e-02	9.897794e+00
8.459300e+01	7.933062e-01	-9.946322e-01	1.420387e+01	3.286039e+00	2.959076e+00	3.257611e-01	-6.971383e-01	5.932563e-02	9.898916e+00
8.173567e+01	7.923789e-01	-9.935851e-01	1.420135e+01	3.284084e+00	2.969513e+00	3.271960e-01	-7.124308e-01	4.287948e-02	9.898436e+00
7.972139e+01	7.853399e-01	-9.942481e-01	1.420451e+01	3.275272e+00	2.974814e+00	3.268046e-01	-7.316465e-01	2.160121e-02	9.898328e+00
7.531537e+01	7.897426e-01	-9.902273e-01	1.419460e+01	3.282934e+00	2.993061e+00	3.317081e-01	-7.501572e-01	1.915251e-03	9.897889e+00
7.331698e+01	7.922505e-01	-9.914828e-01	1.418942e+01	3.278977e+00	3.003724e+00	3.316478e-01	-7.685145e-01	-1.692658e-02	9.898548e+00
7.091899e+01	7.974846e-01	-9.874418e-01	1.417834e+01	3.288358e+00	3.022072e+00	3.370739e-01	-7.827608e-01	-3.495268e-02	9.897639e+00
6.959306e+01	7.950345e-01	-9.846277e-01	1.417807e+01	3.284245e+00	3.026095e+00	3.402205e-01	-7.933308e-01	-5.278720e-02	9.896043e+00
7.095366e+01	7.965989e-01	-9.835069e-01	1.417348e+01	3.284308e+00	3.036080e+00	3.413564e-01	-8.016116e-01	-6.868498e-02	9.895938e+00
7.293485e+01	7.949739e-01	-9.851652e-01	1.417459e+01	3.273753e+00	3.036284e+00	3.371926e-01	-8.065994e-01	-8.518117e-02	9.895098e+00
8.362947e+01	7.914398e-01	-9.874800e-01	1.417684e+01	3.261925e+00	3.036869e+00	3.337161e-01	-8.159715e-01	-1.102589e-01	9.898158e+00
8.877579e+01	7.940429e-01	-9.865701e-01	1.417327e+01	3.257893e+00	3.041217e+00	3.332126e-01	-8.192524e-01	-1.327053e-01	9.899990e+00
6.899092e+01	7.919639e-01	-9.810294e-01	1.417425e+01	3.248916e+00	3.040407e+00	3.297820e-01	-7.829655e-01	-1.536642e-01	9.899472e+00
7.067174e+01	7.904982e-01	-9.741277e-01	1.417036e+01	3.249050e+00	3.051105e+00	3.283911e-01	-7.504299e-01	-1.731126e-01	9.898309e+00
7.371289e+01	7.859796e-01	-9.719435e-01	1.417405e+01	3.235493e+00	3.047849e+00	3.242352e-01	-7.266948e-01	-1.891142e-01	9.899031e+00
7.517522e+01	7.835829e-01	-9.697297e-01	1.417503e+01	3.226060e+00	3.047881e+00	3.222737e-01	-7.201299e-01	-2.037837e-01	9.900492e+00
7.681451e+01	7.758781e-01	-9.721323e-01	1.418018e+01	3.210072e+00	3.047497e+00	3.174890e-01	-7.155825e-01	-2.147972e-01	9.904367e+00
7.823330e+01	7.683895e-01	-9.774610e-01	1.418317e+01	3.193883e+00	3.052427e+00	3.130074e-01	-7.236314e-01	-2.241383e-01	9.912413e+00
7.655560e+01	7.650357e-01	-9.775334e-01	1.417987e+01	3.190218e+00	3.064572e+00	3.139399e-01	-7.342543e-01	-2.291345e-01	9.917211e+00
6.958096e+01	7.702573e-01	-9.736755e-01	1.416433e+01	3.202571e+00	3.091323e+00	3.209805e-01	-7.523166e-01	-2.305301e-01	9.922157e+00
6.789517e+01	7.682994e-01	-9.722709e-01	1.415766e+01	3.204172e+00	3.108658e+00	3.249184e-01	-7.685767e-01	-2.310840e-01	9.926814e+00
6.845189e+01	7.656850e-01	-9.726670e-01	1.415433e+01	3.198079e+00	3.120428e+00	3.271716e-01	-7.845541e-01	-2.311611e-01	9.931845e+00
7.416239e+01	7.625377e-01	-9.727484e-01	1.414983e+01	3.196546e+00	3.134807e+00	3.289400e-01	-7.991916e-01	-2.316044e-01	9.935943e+00
6.943269e+01	7.508230e-01	-9.719014e-01	1.415529e+01	3.184068e+00	3.138744e+00	3.277623e-01	-7.882259e-01	-2.300799e-01	9.934733e+00
6.751493e+01	7.498824e-01	-9.697371e-01	1.415066e+01	3.182140e+00	3.149308e+00	3.276620e-01	-7.804022e-01	-2.277568e-01	9.937676e+00
6.782381e+01	7.476772e-01	-9.659957e-01	1.414633e+01	3.183493e+00	3.160512e+00	3.299287e-01	-7.747006e-01	-2.255286e-01	9.939399e+00
6.784790e+01	7.426676e-01	-9.721761e-01	1.414709e+01	3.171958e+00	3.165752e+00	3.249927e-01	-7.716854e-01	-2.333445e-01	9.949751e+00
7.465863e+01	7.432281e-01	-9.785436e-01	1.414173e+01	3.165841e+00	3.176556e+00	3.208715e-01	-7.825722e-01	-2.438153e-01	9.958883e+00
8.259709e+01	7.409249e-01	-9.819160e-01	1.413811e+01	3.160990e+00	3.187062e+00	3.197848e-01	-7.909403e-01	-2.527273e-01	9.966331e+00
9.268949e+01	7.398571e-01	-9.827308e-01	1.413318e+01	3.158531e+00	3.198726e+00	3.210322e-01	-7.990463e-01	-2.595258e-01	9.971580e+00
7.455041e+01	7.500845e-01	-9.625809e-01	1.411891e+01	3.175847e+00	3.213281e+00	3.264968e-01	-7.242003e-01	-2.517358e-01	9.949844e+00
4.208396e+02	-7.845714e-01	-8.208571e-01	1.271029e+01	2.383333e+00	3.617333e+00	1.761905e-02	-5.679048e-01	-5.600000e-01	1.009886e+01
3.252140e+02	-6.621998e-01	-6.984856e-01	1.258791e+01	2.505705e+00	3.739705e+00	1.399906e-01	-6.902763e-01	-4.376284e-01	9.976486e+00
2.805074e+02	-7.640266e-01	-8.017134e-01	1.267498e+01	2.410763e+00	3.652914e+00	4.803135e-02	-6.840965e-01	-4.407918e-01	1.007993e+01
1.778255e+02	-7.670181e-01	-7.859862e-01	1.268535e+01	2.401490e+00	3.642543e+00	9.462500e-02	-7.347734e-01	-3.971758e-01	1.010218e+01
1.352821e+02	-7.420011e-01	-7.700610e-01	1.268098e+01	2.403676e+00	3.648206e+00	1.255695e-01	-7.817649e-01	-3.674363e-01	1.010615e+01
1.321425e+02	-7.385816e-01	-7.570958e-01	1.269832e+01	2.387230e+00	3.631775e+00	1.597578e-01	-8.348617e-01	-3.421215e-01	1.010980e+01
9.860873e+01	-7.259917e-01	-7.806554e-01	1.271149e+01	2.368925e+00	3.620662e+00	1.539218e-01	-8.828905e-01	-3.217259e-01	1.015185e+01
2.346192e+02	-7.218066e-01	-8.040022e-01	1.273450e+01	2.342677e+00	3.602414e+00	1.470536e-01	-1.007199e+00	-3.112745e-01	1.017761e+01
1.243020e+02	-6.822435e-01	-7.584374e-01	1.274323e+01	2.330814e+00	3.596611e+00	1.710289e-01	-8.945009e-01	-4.228193e-01	1.011557e+01
1.212146e+02	-6.764069e-01	-7.806264e-01	1.278185e+01	2.283179e+00	3.562094e+00	1.480361e-01	-8.526882e-01	-4.893061e-01	1.014659e+01
1.096064e+02	-6.461002e-01	-7.828137e-01	1.278260e+01	2.278086e+00	3.562143e+00	1.566964e-01	-8.683207e-01	-4.767499e-01	1.016865e+01
1.060081e+02	-6.091575e-01	-7.938325e-01	1.278529e+01	2.269823e+00	3.559293e+00	1.582716e-01	-9.032347e-01	-4.708945e-01	1.020103e+01
1.091143e+02	-5.638535e-01	-7.768045e-01	1.277082e+01	2.278210e+00	3.574372e+00	1.966087e-01	-9.407305e-01	-4.268802e-01	1.019745e+01
1.177567e+02	-5.591537e-01	-8.097717e-01	1.280865e+01	2.233472e+00	3.544878e+00	1.705830e-01	-9.299977e-01	-4.128080e-01	1.021790e+01
1.249807e+02	-5.149249e-01	-7.770136e-01	1.280681e+01	2.225203e+00	3.547036e+00	1.640325e-01	-7.997381e-01	-4.656773e-01	1.010415e+01
1.427276e+02	-4.809108e-01	-7.659008e-01	1.280087e+01	2.225579e+00	3.551258e+00	1.676282e-01	-7.466164e-01	-4.790649e-01	1.006881e+01
1.371073e+02	-4.585892e-01	-7.737007e-01	1.280774e+01	2.208668e+00	3.548963e+00	1.653648e-01	-7.384060e-01	-4.563925e-01	1.006403e+01
1.457687e+02	-4.444626e-01	-8.072028e-01	1.281998e+01	2.187880e+00	3.540851e+00	1.439036e-01	-7.464312e-01	-4.142841e-01	1.009787e+01
1.232347e+02	-3.994091e-01	-7.806830e-01	1.279044e+01	2.208491e+00	3.564742e+00	1.908058e-01	-7.623523e-01	-3.733521e-01	1.008953e+01
1.066204e+02	-3.525969e-01	-8.089379e-01	1.279492e+01	2.188223e+00	3.561612e+00	1.767531e-01	-7.736484e-01	-3.559748e-01	1.012284e+01
9.513630e+01	-3.539815e-01	-8.033064e-01	1.279700e+01	2.186957e+00	3.559977e+00	2.029869e-01	-7.980528e-01	-3.123018e-01	1.012593e+01
8.074738e+01	-3.809537e-01	-8.145656e-01	1.281761e+01	2.170242e+00	3.541306e+00	2.202840e-01	-8.291499e-01	-2.658268e-01	1.014401e+01
8.527229e+01	-3.593068e-01	-8.441445e-01	1.282291e+01	2.152573e+00	3.535143e+00	2.039360e-01	-8.616386e-01	-2.494980e-01	1.017178e+01
1.088448e+02	-3.470485e-01	-8.037745e-01	1.282740e+01	2.146545e+00	3.528146e+00	2.342294e-01	-7.784223e-01	-2.223619e-01	1.009506e+01
9.265179e+01	-3.105777e-01	-8.348910e-01	1.283223e+01	2.125406e+00	3.520811e+00	2.015981e-01	-7.482445e-01	-2.097836e-01	1.010903e+01
8.464339e+01	-2.656477e-01	-8.330789e-01	1.281221e+01	2.132331e+00	3.533812e+00	2.164146e-01	-7.519644e-01	-1.894257e-01	1.011703e+01
8.125936e+01	-2.435061e-01	-8.360029e-01	1.281120e+01	2.124307e+00	3.528923e+00	2.233787e-01	-7.608623e-01	-1.722856e-01	1.011467e+01
7.800382e+01	-2.246707e-01	-8.409863e-01	1.281414e+01	2.114192e+00	3.518262e+00	2.259241e-01	-7.710476e-01	-1.550615e-01	1.011785e+01
7.301871e+01	-2.140592e-01	-8.451958e-01	1.281047e+01	2.112024e+00	3.519511e+00	2.339761e-01	-7.902708e-01	-1.430902e-01	1.012294e+01
6.866034e+01	-2.149257e-01	-8.607826e-01	1.281399e+01	2.104615e+00	3.513499e+00	2.315075e-01	-8.212673e-01	-1.317441e-01	1.014047e+01
7.215808e+01	-1.928242e-01	-8.441208e-01	1.280275e+01	2.112371e+00	3.518615e+00	2.600413e-01	-8.381775e-01	-1.289517e-01	1.013116e+01
8.272321e+01	-1.910117e-01	-8.389817e-01	1.280381e+01	2.112899e+00	3.511454e+00	2.691738e-01	-8.610236e-01	-1.288252e-01	1.011901e+01
2.549522e+02	-2.131808e-01	-9.078839e-01	1.284522e+01	2.061688e+00	3.481240e+00	2.034057e-01	-8.706525e-01	-1.357730e-01	1.015115e+01
3.157516e+02	-1.659381e-01	-7.375854e-01	1.284198e+01	2.070862e+00	3.470825e+00	2.317833e-01	-6.007842e-01	-1.164657e-01	9.935823e+00
1.769076e+02	-2.159641e-01	-7.529995e-01	1.288571e+01	2.034239e+00	3.439301e+00	1.610941e-01	-4.892122e-01	-1.055410e-01	9.910293e+00
2.531587e+02	-2.620685e-01	-8.093971e-01	1.290670e+01	2.007320e+00	3.428765e+00	8.780205e-02	-4.410781e-01	-9.216491e-02	9.939055e+00
1.989337e+02	-2.273607e-01	-8.010417e-01	1.286404e+01	2.049270e+00	3.460223e+00	1.108576e-01	-4.300292e-01	-5.026839e-02	9.944543e+00
2.222750e+02	-1.784071e-01	-7.548090e-01	1.280262e+01	2.102886e+00	3.504899e+00	2.067707e-01	-4.357438e-01	1.415874e-02	9.944013e+00
1.545205e+02	-2.589792e-01	-7.828159e-01	1.283574e+01	2.075020e+00	3.480474e+00	2.040364e-01	-4.386835e-01	2.585826e-02	9.971278e+00
1.507429e+02	-3.373023e-01	-8.363547e-01	1.286835e+01	2.051243e+00	3.456792e+00	1.664925e-01	-4.519562e-01	5.669961e-02	1.001506e+01
1.169633e+02	-2.919311e-01	-8.215991e-01	1.282776e+01	2.085288e+00	3.489244e+00	2.081332e-01	-4.593198e-01	7.230044e-02	1.002211e+01
1.139009e+02	-2.530306e-01	-8.236626e-01	1.279463e+01	2.114078e+00	3.511792e+00	2.184223e-01	-4.667464e-01	8.658968e-02	1.003028e+01
1.097026e+02	-2.393215e-01	-8.305493e-01	1.279291e+01	2.107661e+00	3.513883e+00	2.269898e-01	-4.766880e-01	9.890852e-02	1.003861e+01
2.223446e+02	1.062286e+00	-1.113429e+00	1.439257e+01	3.311333e+00	1.804000e+00	3.787619e-01	-7.294286e-01	-5.782857e-01	8.233714e+00
3.831718e+02	1.184657e+00	-9.910570e-01	1.427020e+01	3.433705e+00	1.926372e+00	5.011335e-01	-8.518002e-01	-4.559141e-01	8.356086e+00
8.178245e+02	1.082073e+00	-1.089794e+00	1.435211e+01	3.351636e+00	1.895605e+00	4.076494e-01	-1.007414e+00	-3.037037e-01	8.505140e+00
2.259511e+02	1.034671e+00	-1.131155e+00	1.438592e+01	3.317574e+00	1.879986e+00	3.442492e-01	-9.279741e-01	-3.574138e-01	8.441906e+00
2.426974e+02	1.045566e+00	-1.127788e+00	1.436714e+01	3.333189e+00	1.902023e+00	3.340991e-01	-8.151511e-01	-4.583370e-01	8.385550e+00
1.884011e+02	1.074170e+00	-1.102715e+00	1.432252e+01	3.372262e+00	1.955707e+00	3.597828e-01	-7.465888e-01	-5.081093e-01	8.372984e+00
1.331503e+02	1.108143e+00	-1.066355e+00	1.426386e+01	3.423176e+00	2.035531e+00	4.053842e-01	-7.124125e-01	-5.065613e-01	8.396288e+00
1.655124e+02	1.142772e+00	-1.039435e+00	1.420221e+01	3.474256e+00	2.126823e+00	4.512249e-01	-7.163700e-01	-4.611589e-01	8.464819e+00
1.258337e+02	1.106313e+00	-1.057671e+00	1.421213e+01	3.470202e+00	2.172230e+00	4.486749e-01	-7.250346e-01	-4.174670e-01	8.532140e+00
9.564925e+01	1.059828e+00	-1.091862e+00	1.423701e+01	3.449638e+00	2.199336e+00	4.286528e-01	-7.389425e-01	-3.740553e-01	8.597964e+00
1.025977e+02	1.024754e+00	-1.115678e+00	1.425071e+01	3.440057e+00	2.232272e+00	4.168959e-01	-7.556634e-01	-3.329608e-01	8.660423e+00
1.056868e+02	1.008149e+00	-1.128606e+00	1.424873e+01	3.442557e+00	2.269135e+00	4.149111e-01	-7.812171e-01	-2.918201e-01	8.728218e+00
9.531818e+01	1.006437e+00	-1.127713e+00	1.423269e+01	3.459665e+00	2.315221e+00	4.256234e-01	-8.020433e-01	-2.584345e-01	8.780591e+00
8.427080e+01	1.020872e+00	-1.117096e+00	1.420449e+01	3.487268e+00	2.364474e+00	4.409947e-01	-8.101155e-01	-2.369400e-01	8.810883e+00
8.270867e+01	1.032443e+00	-1.105454e+00	1.418053e+01	3.511917e+00	2.406269e+00	4.550040e-01	-8.148748e-01	-2.212046e-01	8.832217e+00
8.674405e+01	1.036243e+00	-1.099329e+00	1.416472e+01	3.528682e+00	2.438650e+00	4.612003e-01	-8.161175e-01	-2.103028e-01	8.849087e+00
8.496207e+01	1.041773e+00	-1.098875e+00	1.415203e+01	3.539030e+00	2.460613e+00	4.571296e-01	-8.072774e-01	-2.053438e-01	8.854483e+00
8.301928e+01	1.037144e+00	-1.100921e+00	1.414547e+01	3.547114e+00	2.480316e+00	4.511079e-01	-7.950633e-01	-2.031279e-01	8.857177e+00
7.926044e+01	1.031646e+00	-1.110646e+00	1.414724e+01	3.542046e+00	2.484892e+00	4.347147e-01	-7.872966e-01	-2.037237e-01	8.864523e+00
8.040709e+01	1.038025e+00	-1.113401e+00	1.413742e+01	3.546250e+00	2.495659e+00	4.235845e-01	-7.771823e-01	-2.071786e-01	8.865546e+00
8.403630e+01	1.033204e+00	-1.117156e+00	1.413517e+01	3.546662e+00	2.504092e+00	4.144918e-01	-7.756689e-01	-2.096136e-01	8.877200e+00
8.393493e+01	1.027512e+00	-1.116015e+00	1.413384e+01	3.548530e+00	2.511088e+00	4.127332e-01	-7.772536e-01	-2.134389e-01	8.893214e+00
7.901675e+01	1.031543e+00	-1.107322e+00	1.412045e+01	3.562656e+00	2.531275e+00	4.173920e-01	-7.783399e-01	-2.168794e-01	8.901542e+00
7.825286e+01	1.032255e+00	-1.096572e+00	1.410764e+01	3.578167e+00	2.554322e+00	4.262325e-01	-7.887571e-01	-2.184486e-01	8.920541e+00
7.844759e+01	1.026062e+00	-1.093788e+00	1.410440e+01	3.584023e+00	2.566348e+00	4.253329e-01	-7.936808e-01	-2.223935e-01	8.936727e+00
7.617878e+01	1.029308e+00	-1.096621e+00	1.409639e+01	3.589057e+00	2.578351e+00	4.198839e-01	-8.062396e-01	-2.240767e-01	8.967648e+00
7.626348e+01	1.007271e+00	-1.098820e+00	1.410763e+01	3.583046e+00	2.578499e+00	4.140560e-01	-8.087906e-01	-2.302050e-01	8.981985e+00
7.745524e+01	9.711981e-01	-1.101205e+00	1.412960e+01	3.569876e+00	2.572638e+00	4.069168e-01	-8.045059e-01	-2.374845e-01	8.982421e+00
7.632347e+01	9.590092e-01	-1.094740e+00	1.413079e+01	3.572104e+00	2.578186e+00	4.083377e-01	-7.976552e-01	-2.465323e-01	8.980530e+00
7.615803e+01	9.454227e-01	-1.088431e+00	1.413624e+01	3.570042e+00	2.577417e+00	4.094970e-01	-7.901812e-01	-2.560365e-01	8.976937e+00
7.600970e+01	9.381840e-01	-1.083253e+00	1.413304e+01	3.574089e+00	2.586264e+00	4.117607e-01	-7.944699e-01	-2.616045e-01	8.993782e+00
7.402675e+01	9.148246e-01	-1.084334e+00	1.414816e+01	3.563905e+00	2.580384e+00	4.118005e-01	-8.077534e-01	-2.654842e-01	9.030100e+00
7.426463e+01	9.102086e-01	-1.083550e+00	1.414516e+01	3.565127e+00	2.587580e+00	4.101519e-01	-8.176189e-01	-2.689001e-01	9.056650e+00
7.436704e+01	9.161271e-01	-1.077342e+00	1.413269e+01	3.575260e+00	2.603162e+00	4.110647e-01	-8.199711e-01	-2.760347e-01	9.091649e+00
7.442940e+01	9.095083e-01	-1.080335e+00	1.413701e+01	3.569383e+00	2.601157e+00	4.034842e-01	-8.194365e-01	-2.826240e-01	9.121910e+00
7.302386e+01	9.070982e-01	-1.076505e+00	1.413189e+01	3.575191e+00	2.613995e+00	4.024033e-01	-8.170363e-01	-2.885527e-01	9.139653e+00
7.343837e+01	9.015941e-01	-1.080786e+00	1.413830e+01	3.567095e+00	2.608350e+00	3.939582e-01	-8.103266e-01	-2.973740e-01	9.153236e+00
7.894846e+01	8.816168e-01	-1.086620e+00	1.415795e+01	3.549893e+00	2.593901e+00	3.858070e-01	-8.062798e-01	-3.034379e-01	9.167609e+00
7.325636e+01	8.898256e-01	-1.076900e+00	1.414771e+01	3.557508e+00	2.603030e+00	3.915467e-01	-7.984966e-01	-3.120901e-01	9.218146e+00
7.646249e+01	8.960857e-01	-1.062526e+00	1.413209e+01	3.573633e+00	2.623334e+00	4.047520e-01	-7.930855e-01	-3.204773e-01	9.263730e+00
7.432124e+01	8.965948e-01	-1.062199e+00	1.413295e+01	3.568127e+00	2.620725e+00	4.017179e-01	-7.921335e-01	-3.246205e-01	9.307766e+00
7.158420e+01	8.882642e-01	-1.067928e+00	1.413738e+01	3.559689e+00	2.620394e+00	3.916813e-01	-7.965523e-01	-3.269275e-01	9.355197e+00
7.432698e+01	8.837106e-01	-1.070906e+00	1.414216e+01	3.550649e+00	2.615832e+00	3.872176e-01	-8.011726e-01	-3.279062e-01	9.397883e+00
7.451142e+01	8.895654e-01	-1.069317e+00	1.413406e+01	3.554480e+00	2.625861e+00	3.860645e-01	-8.000659e-01	-3.308254e-01	9.429999e+00
7.724404e+01	8.883143e-01	-1.065674e+00	1.413412e+01	3.551445e+00	2.627351e+00	3.885516e-01	-8.071197e-01	-3.317293e-01	9.453767e+00
7.323801e+01	8.889314e-01	-1.056083e+00	1.413260e+01	3.551414e+00	2.629402e+00	3.953906e-01	-8.049649e-01	-3.353200e-01	9.451193e+00
9.579599e+01	8.815622e-01	-1.060151e+00	1.413722e+01	3.543157e+00	2.628783e+00	3.920088e-01	-8.247394e-01	-3.351804e-01	9.505127e+00
8.276954e+01	8.703156e-01	-1.040083e+00	1.414723e+01	3.537701e+00	2.618132e+00	3.915518e-01	-7.558613e-01	-3.550468e-01	9.415047e+00
8.878969e+01	8.662726e-01	-1.039085e+00	1.415276e+01	3.528334e+00	2.609885e+00	3.776183e-01	-7.099463e-01	-3.641776e-01	9.366462e+00
9.738236e+01	8.438213e-01	-1.052163e+00	1.417451e+01	3.501672e+00	2.590338e+00	3.573094e-01	-6.854395e-01	-3.580328e-01	9.347187e+00
1.033245e+02	8.412657e-01	-1.054531e+00	1.417109e+01	3.497222e+00	2.597369e+00	3.493283e-01	-6.721177e-01	-3.461653e-01	9.340904e+00
9.538739e+01	8.472781e-01	-1.049912e+00	1.415478e+01	3.507107e+00	2.623640e+00	3.552145e-01	-6.741031e-01	-3.230245e-01	9.344242e+00
8.839234e+01	8.541416e-01	-1.039155e+00	1.413765e+01	3.519675e+00	2.651527e+00	3.698889e-01	-6.817666e-01	-2.962676e-01	9.347412e+00
2.935470e+03	-7.480000e-01	-1.332857e+00	1.391714e+01	6.233333e-01	4.086667e+00	1.303810e-01	-9.412381e-01	5.828571e-01	8.498857e+00
6.768811e+02	-6.256284e-01	-1.210486e+00	1.379477e+01	5.009618e-01	4.209038e+00	2.527525e-01	-8.188665e-01	7.052287e-01	8.376486e+00
3.736938e+02	-4.914208e-01	-1.129355e+00	1.365983e+01	6.098488e-01	4.338065e+00	3.353698e-01	-7.485098e-01	7.753564e-01	8.304790e+00
2.290572e+02	-3.653879e-01	-1.072252e+00	1.354107e+01	7.288104e-01	4.458357e+00	3.957563e-01	-7.125333e-01	8.111401e-01	8.265650e+00
2.132864e+02	-2.365593e-01	-1.030682e+00	1.341178e+01	8.581935e-01	4.547682e+00	4.385704e-01	-6.930376e-01	8.302514e-01	8.242146e+00
2.343629e+02	-1.041948e-01	-1.012597e+00	1.328120e+01	9.929269e-01	4.472645e+00	4.548956e-01	-6.858105e-01	8.358585e-01	8.231325e+00
2.343038e+02	2.609404e-02	-1.008281e+00	1.315849e+01	1.122463e+00	4.447992e+00	4.571047e-01	-6.819104e-01	8.388349e-01	8.227824e+00
2.039803e+02	1.615087e-01	-1.019363e+00	1.303056e+01	1.255545e+00	4.464504e+00	4.410772e-01	-6.802580e-01	8.396814e-01	8.229708e+00
1.729162e+02	1.361575e-01	-1.031201e+00	1.296976e+01	1.391431e+00	4.352102e+00	4.253732e-01	-6.849820e-01	8.329850e-01	8.233632e+00
1.573832e+02	1.872772e-01	-1.039554e+00	1.285159e+01	1.536988e+00	4.312875e+00	4.131741e-01	-6.878593e-01	8.289123e-01	8.237010e+00
1.448975e+02	1.519032e-01	-1.043658e+00	1.278968e+01	1.654761e+00	4.251352e+00	4.047374e-01	-6.937538e-01	8.210598e-01	8.239714e+00
1.326257e+02	1.058259e-01	-1.041651e+00	1.270927e+01	1.783343e+00	4.246070e+00	4.031344e-01	-6.977540e-01	8.157673e-01	8.240932e+00
1.257359e+02	1.225373e-01	-1.039286e+00	1.261820e+01	1.896650e+00	4.238214e+00	4.011796e-01	-7.034425e-01	8.084476e-01	8.242162e+00
1.207831e+02	7.202467e-02	-1.038557e+00	1.256238e+01	1.995035e+00	4.204024e+00	3.992889e-01	-7.104724e-01	7.995078e-01	8.244443e+00
1.161260e+02	5.732388e-03	-1.037697e+00	1.256680e+01	2.034903e+00	4.149089e+00	3.957101e-01	-7.151445e-01	7.936268e-01	8.244820e+00
1.191194e+02	2.917964e-03	-1.033502e+00	1.252362e+01	2.108036e+00	4.136701e+00	3.969793e-01	-7.186110e-01	7.893224e-01	8.245781e+00
1.104527e+02	-9.907795e-02	-1.039688e+00	1.260764e+01	2.059486e+00	4.028140e+00	3.872333e-01	-7.240586e-01	7.824209e-01	8.246734e+00
1.088825e+02	-1.257140e-01	-1.036551e+00	1.261984e+01	2.069744e+00	3.988630e+00	3.870313e-01	-7.289761e-01	7.761881e-01	8.246608e+00
1.078091e+02	-8.870692e-02	-1.037212e+00	1.261899e+01	2.069767e+00	3.958683e+00	3.823598e-01	-7.343276e-01	7.695965e-01	8.247355e+00
1.079173e+02	-2.662868e-02	-1.039588e+00	1.260816e+01	2.066501e+00	3.931443e+00	3.766056e-01	-7.408537e-01	7.616211e-01	8.250192e+00
1.064936e+02	3.669896e-02	-1.030539e+00	1.255388e+01	2.113201e+00	3.952976e+00	3.813767e-01	-7.448634e-01	7.567083e-01	8.249229e+00
1.140120e+02	6.584152e-02	-1.022655e+00	1.250367e+01	2.159359e+00	3.978957e+00	3.854738e-01	-7.495783e-01	7.509177e-01	8.248898e+00
1.031441e+02	-2.865332e-02	-1.024733e+00	1.257619e+01	2.115541e+00	3.890631e+00	3.811512e-01	-7.537624e-01	7.458585e-01	8.249946e+00
1.021156e+02	-7.112389e-02	-1.027036e+00	1.259933e+01	2.105095e+00	3.849526e+00	3.742229e-01	-7.574474e-01	7.414506e-01	8.250396e+00
1.011118e+02	-7.636610e-02	-1.024432e+00	1.260629e+01	2.106819e+00	3.822960e+00	3.742877e-01	-7.610712e-01	7.371966e-01	8.251113e+00
1.005274e+02	-5.185179e-02	-1.023270e+00	1.260914e+01	2.106166e+00	3.796467e+00	3.724252e-01	-7.634850e-01	7.343590e-01	8.252071e+00
9.975003e+01	-1.529535e-02	-1.018694e+00	1.258176e+01	2.131809e+00	3.805392e+00	3.734938e-01	-7.694763e-01	7.272256e-01	8.253633e+00
9.978526e+01	3.084408e-02	-1.018039e+00	1.256686e+01	2.134721e+00	3.795240e+00	3.710037e-01	-7.739699e-01	7.219125e-01	8.255183e+00
9.806805e+01	1.013528e-02	-1.017090e+00	1.257030e+01	2.142442e+00	3.780315e+00	3.687891e-01	-7.800139e-01	7.146393e-01	8.257459e+00
9.645129e+01	-4.655579e-02	-1.016466e+00	1.256239e+01	2.173153e+00	3.783834e+00	3.662037e-01	-7.867103e-01	7.066724e-01	8.260718e+00
9.545568e+01	-5.733692e-02	-1.016693e+00	1.258319e+01	2.156127e+00	3.744071e+00	3.632613e-01	-7.911610e-01	7.014314e-01	8.262638e+00
9.581691e+01	-1.325984e-02	-1.016821e+00	1.257436e+01	2.147904e+00	3.727334e+00	3.585136e-01	-7.960121e-01	6.956601e-01	8.263994e+00
9.496165e+01	-2.068070e-02	-1.011176e+00	1.257640e+01	2.159322e+00	3.710484e+00	3.624481e-01	-7.990547e-01	6.921045e-01	8.265087e+00
9.579474e+01	-2.276816e-02	-1.008426e+00	1.255629e+01	2.193850e+00	3.717435e+00	3.636219e-01	-8.029151e-01	6.876085e-01	8.267857e+00
9.401975e+01	-4.635942e-02	-1.008601e+00	1.258917e+01	2.167550e+00	3.667917e+00	3.608944e-01	-8.054190e-01	6.847059e-01	8.269077e+00
9.815021e+01	-9.695093e-02	-1.014906e+00	1.264084e+01	2.120197e+00	3.610568e+00	3.514327e-01	-8.082834e-01	6.813511e-01	8.270580e+00
9.382162e+01	-3.800320e-02	-1.005212e+00	1.259461e+01	2.160682e+00	3.633366e+00	3.586390e-01	-8.099588e-01	6.793868e-01	8.271288e+00
9.672318e+01	1.795376e-02	-1.000248e+00	1.255336e+01	2.191158e+00	3.649715e+00	3.584017e-01	-8.109723e-01	6.781870e-01	8.271362e+00
9.589538e+01	2.306229e-03	-9.991396e-01	1.256330e+01	2.189478e+00	3.624926e+00	3.586278e-01	-8.133801e-01	6.754682e-01	8.274647e+00
9.414385e+01	-4.041702e-02	-9.991856e-01	1.258849e+01	2.181892e+00	3.593179e+00	3.586076e-01	-8.164020e-01	6.719916e-01	8.278901e+00
9.366910e+01	-5.920636e-02	-1.004624e+00	1.261453e+01	2.164515e+00	3.554119e+00	3.511117e-01	-8.182113e-01	6.699470e-01	8.282764e+00
9.372891e+01	-1.753640e-02	-9.997051e-01	1.258244e+01	2.190836e+00	3.566786e+00	3.538716e-01	-8.195260e-01	6.684897e-01	8.285267e+00
9.331038e+01	-2.266847e-02	-1.001837e+00	1.259366e+01	2.187722e+00	3.543065e+00	3.493169e-01	-8.211175e-01	6.666415e-01	8.288395e+00
9.589517e+01	3.318533e-03	-9.974722e-01	1.254842e+01	2.240957e+00	3.577735e+00	3.504495e-01	-8.219128e-01	6.656711e-01	8.290783e+00
9.341752e+01	-4.892112e-02	-1.001883e+00	1.260684e+01	2.196833e+00	3.509777e+00	3.450690e-01	-8.235445e-01	6.637895e-01	8.293541e+00
9.351097e+01	-7.883125e-02	-9.950235e-01	1.264196e+01	2.177271e+00	3.466081e+00	3.521158e-01	-8.240711e-01	6.630845e-01	8.294614e+00
9.319878e+01	-4.513615e-02	-9.976692e-01	1.262858e+01	2.187197e+00	3.466818e+00	3.464239e-01	-8.255073e-01	6.614518e-01	8.297934e+00
9.746708e+01	-2.718085e-02	-1.006860e+00	1.261110e+01	2.202944e+00	3.475056e+00	3.335565e-01	-8.263663e-01	6.604665e-01	8.302923e+00
9.688777e+01	3.598172e-02	-9.914224e-01	1.256352e+01	2.250893e+00	3.509854e+00	3.473920e-01	-8.268271e-01	6.598446e-01	8.302714e+00
1.121049e+02	3.983098e-02	-9.795902e-01	1.254969e+01	2.286034e+00	3.506972e+00	3.598723e-01	-8.268807e-01	6.596898e-01	8.304879e+00
9.605930e+01	-5.496815e-02	-1.001730e+00	1.264560e+01	2.199874e+00	3.408188e+00	3.357190e-01	-8.289469e-01	6.573295e-01	8.311842e+00
1.056634e+02	-6.354171e-02	-1.009234e+00	1.266586e+01	2.177714e+00	3.384360e+00	3.260066e-01	-8.300585e-01	6.559313e-01	8.317351e+00
9.299387e+01	-2.852363e-02	-9.924149e-01	1.263441e+01	2.212308e+00	3.406811e+00	3.421340e-01	-8.306950e-01	6.551334e-01	8.315888e+00
1.066687e+02	5.670274e-02	-9.792571e-01	1.256857e+01	2.264057e+00	3.459555e+00	3.557952e-01	-8.306585e-01	6.550197e-01	8.317280e+00
9.457992e+01	-8.544515e-03	-9.868403e-01	1.260272e+01	2.236746e+00	3.420974e+00	3.470928e-01	-8.320388e-01	6.533992e-01	8.321931e+00
1.298755e+03	-6.931429e-01	-1.099714e+00	1.483143e+01	3.343333e+00	5.900000e+00	4.168571e-01	-9.107619e-01	2.285714e-03	9.970857e+00
5.312555e+02	-5.707713e-01	-9.773427e-01	1.470906e+01	3.465705e+00	6.022372e+00	5.392287e-01	-7.883903e-01	1.246573e-01	9.848486e+00
1.344033e+02	-6.339429e-01	-1.083398e+00	1.481156e+01	3.357168e+00	5.917965e+00	4.241970e-01	-7.610201e-01	1.530737e-01	9.957446e+00
1.423138e+02	-5.723497e-01	-1.090572e+00	1.478667e+01	3.368423e+00	5.944598e+00	4.077370e-01	-7.499206e-01	1.520017e-01	9.979634e+00
1.220166e+02	-5.044669e-01	-1.062019e+00	1.474733e+01	3.397427e+00	5.981579e+00	4.317249e-01	-7.626214e-01	1.124976e-01	9.945350e+00
1.205093e+02	-4.476166e-01	-1.054560e+00	1.472947e+01	3.398719e+00	5.997464e+00	4.317429e-01	-7.738405e-01	8.269427e-02	9.937873e+00
1.134350e+02	-3.729968e-01	-1.054423e+00	1.469528e+01	3.412289e+00	6.025945e+00	4.144075e-01	-7.688890e-01	6.544155e-02	9.933043e+00
1.096189e+02	-3.011687e-01	-1.049016e+00	1.466757e+01	3.420480e+00	6.046879e+00	3.986132e-01	-7.501874e-01	6.610936e-02	9.917419e+00
1.099266e+02	-2.277366e-01	-1.036340e+00	1.463233e+01	3.435771e+00	6.075000e+00	4.042706e-01	-7.647163e-01	2.973647e-02	9.910887e+00
1.451982e+02	-1.451599e-01	-1.012800e+00	1.457333e+01	3.477141e+00	6.122939e+00	4.172130e-01	-7.668633e-01	2.194851e-02	9.886811e+00
2.892953e+02	-1.671760e-01	-1.098532e+00	1.469562e+01	3.341273e+00	6.001493e+00	3.100767e-01	-7.510898e-01	1.494962e-02	9.943230e+00
2.470780e+02	-2.623538e-02	-9.601296e-01	1.459488e+01	3.442792e+00	6.088076e+00	4.090821e-01	-5.155852e-01	2.522553e-01	9.746253e+00
1.139382e+02	4.681823e-03	-1.015065e+00	1.462208e+01	3.388279e+00	6.051318e+00	3.355367e-01	-4.761208e-01	2.916951e-01	9.762825e+00
1.130958e+02	7.370455e-02	-1.010260e+00	1.460314e+01	3.383404e+00	6.059149e+00	3.336769e-01	-4.685563e-01	2.989175e-01	9.750169e+00
1.190676e+02	1.296871e-01	-9.939818e-01	1.456545e+01	3.411820e+00	6.088127e+00	3.494811e-01	-4.841430e-01	2.821294e-01	9.742046e+00
1.227598e+02	1.324965e-01	-1.022963e+00	1.461889e+01	3.347094e+00	6.025632e+00	3.117672e-01	-4.966161e-01	2.674554e-01	9.748392e+00
1.317598e+02	2.184981e-01	-9.824283e-01	1.455028e+01	3.404489e+00	6.081752e+00	3.577566e-01	-5.044759e-01	2.609992e-01	9.729810e+00
1.090161e+02	1.837016e-01	-1.012087e+00	1.463658e+01	3.319204e+00	5.989459e+00	3.243653e-01	-5.197468e-01	2.436641e-01	9.726358e+00
1.107302e+02	2.694121e-01	-9.888502e-01	1.457813e+01	3.353601e+00	6.027783e+00	3.476799e-01	-5.247278e-01	2.400701e-01	9.718201e+00
1.049118e+02	3.027138e-01	-1.007733e+00	1.458931e+01	3.325527e+00	6.003153e+00	3.193840e-01	-5.339005e-01	2.315559e-01	9.727172e+00
1.041016e+02	3.707081e-01	-9.902127e-01	1.455227e+01	3.345581e+00	6.026356e+00	3.339457e-01	-5.387678e-01	2.287329e-01	9.713649e+00
1.069749e+02	4.298029e-01	-9.838012e-01	1.454018e+01	3.339949e+00	6.021773e+00	3.351749e-01	-5.453952e-01	2.234582e-01	9.701545e+00
1.023930e+02	4.400817e-01	-1.002929e+00	1.456823e+01	3.301572e+00	5.985628e+00	3.109689e-01	-5.509188e-01	2.201600e-01	9.706958e+00
9.834947e+01	4.681845e-01	-9.937858e-01	1.457343e+01	3.290727e+00	5.968888e+00	3.167635e-01	-5.558987e-01	2.170053e-01	9.693199e+00
1.604173e+02	5.547951e-01	-9.569864e-01	1.450232e+01	3.339479e+00	6.014353e+00	3.553152e-01	-5.600942e-01	2.155865e-01	9.674109e+00
1.386220e+02	4.831820e-01	-1.018150e+00	1.466156e+01	3.191023e+00	5.868510e+00	2.851569e-01	-5.682995e-01	2.075231e-01	9.677651e+00
1.106766e+02	5.596822e-01	-9.692031e-01	1.459680e+01	3.239014e+00	5.911003e+00	3.464728e-01	-5.722991e-01	2.067602e-01	9.663509e+00
1.295350e+02	5.757506e-01	-1.013424e+00	1.464305e+01	3.176472e+00	5.856525e+00	2.868693e-01	-5.741245e-01	2.054854e-01	9.671765e+00
9.840803e+01	6.632250e-01	-9.739176e-01	1.455752e+01	3.239159e+00	5.917306e+00	3.246219e-01	-5.767204e-01	2.053912e-01	9.650571e+00
9.304505e+01	6.674250e-01	-9.812674e-01	1.458519e+01	3.199603e+00	5.879759e+00	3.137454e-01	-5.828490e-01	2.034417e-01	9.641097e+00
1.092738e+02	7.454819e-01	-9.625514e-01	1.452776e+01	3.235581e+00	5.912612e+00	3.291070e-01	-5.861835e-01	2.019164e-01	9.634896e+00
1.033292e+02	7.625017e-01	-9.995003e-01	1.454948e+01	3.193286e+00	5.878439e+00	2.938847e-01	-5.938675e-01	1.991225e-01	9.662296e+00
1.050896e+02	8.280200e-01	-9.656159e-01	1.450085e+01	3.232106e+00	5.909337e+00	3.232655e-01	-5.959722e-01	1.981492e-01	9.640978e+00
9.924872e+01	8.247030e-01	-9.935832e-01	1.456220e+01	3.166857e+00	5.845974e+00	2.957177e-01	-5.970511e-01	1.969487e-01	9.647299e+00
1.306267e+02	8.836538e-01	-9.515510e-01	1.451182e+01	3.214100e+00	5.883185e+00	3.390956e-01	-6.006752e-01	1.966887e-01	9.625351e+00
1.201835e+02	8.803555e-01	-1.008790e+00	1.453332e+01	3.183713e+00	5.862854e+00	2.773953e-01	-6.077502e-01	1.930522e-01	9.660696e+00
1.366156e+02	9.598802e-01	-9.580982e-01	1.446209e+01	3.241945e+00	5.905693e+00	3.418024e-01	-6.105997e-01	1.928051e-01	9.646826e+00
9.986291e+01	8.751118e-01	-9.984726e-01	1.460467e+01	3.118542e+00	5.781981e+00	3.035508e-01	-6.128416e-01	1.905667e-01	9.646255e+00
1.126747e+02	9.270490e-01	-9.615164e-01	1.457197e+01	3.144090e+00	5.795421e+00	3.494067e-01	-6.157154e-01	1.904489e-01	9.627596e+00
1.184502e+02	9.253389e-01	-1.008458e+00	1.460540e+01	3.098779e+00	5.759462e+00	2.885928e-01	-6.174724e-01	1.893426e-01	9.635171e+00
8.950223e+01	9.977421e-01	-9.789973e-01	1.454437e+01	3.143210e+00	5.794178e+00	3.126652e-01	-6.171836e-01	1.895187e-01	9.616877e+00
8.944893e+01	1.024607e+00	-9.774928e-01	1.454334e+01	3.137754e+00	5.782827e+00	3.124256e-01	-6.197516e-01	1.899022e-01	9.610726e+00
1.377574e+02	1.079580e+00	-9.477202e-01	1.450075e+01	3.171568e+00	5.809898e+00	3.415423e-01	-6.212191e-01	1.890251e-01	9.597553e+00
1.169776e+02	1.043559e+00	-1.006252e+00	1.454647e+01	3.133255e+00	5.774199e+00	2.796251e-01	-6.274105e-01	1.874098e-01	9.631692e+00
9.275011e+01	1.104353e+00	-9.767303e-01	1.449256e+01	3.172652e+00	5.805605e+00	3.043988e-01	-6.286242e-01	1.867832e-01	9.608501e+00
9.893516e+01	1.112807e+00	-9.871463e-01	1.452210e+01	3.130889e+00	5.760353e+00	2.843737e-01	-6.306850e-01	1.865384e-01	9.594159e+00
3.072793e+02	1.173571e+00	-9.170484e-01	1.444978e+01	3.208849e+00	5.820035e+00	3.710075e-01	-6.325140e-01	1.864832e-01	9.574608e+00
5.569659e+02	9.511317e-01	-1.123773e+00	1.470854e+01	2.937833e+00	5.583141e+00	1.673678e-01	-6.367251e-01	1.822672e-01	9.647710e+00
2.249309e+02	9.964345e-01	-1.054031e+00	1.464812e+01	2.990074e+00	5.617756e+00	2.631145e-01	-6.570103e-01	1.648757e-01	9.639485e+00
3.160442e+02	1.078497e+00	-9.314621e-01	1.453657e+01	3.098313e+00	5.704432e+00	4.206821e-01	-7.003604e-01	1.212460e-01	9.615981e+00
8.644226e+01	1.080210e+00	-9.989793e-01	1.454559e+01	3.077288e+00	5.690814e+00	3.540826e-01	-7.056485e-01	1.141991e-01	9.685829e+00
9.616920e+01	1.118857e+00	-1.028339e+00	1.452117e+01	3.086197e+00	5.700817e+00	3.259737e-01	-7.322459e-01	8.600447e-02	9.740732e+00
1.494143e+02	1.187555e+00	-9.704239e-01	1.446223e+01	3.139190e+00	5.742874e+00	3.844358e-01	-7.393508e-01	7.439098e-02	9.701177e+00
5.975986e+02	1.007429e+00	-8.391429e-01	1.292971e+01	3.855333e+00	4.813333e-01	9.990476e-02	-6.227619e-01	-5.462857e-01	1.056514e+01
6.509774e+02	8.850570e-01	-7.167713e-01	1.305209e+01	3.977705e+00	3.589618e-01	2.222763e-01	-5.003903e-01	-6.686573e-01	1.044277e+01
6.139834e+02	8.023290e-01	-7.870952e-01	1.314896e+01	3.935015e+00	2.780876e-01	1.792918e-01	-4.492116e-01	-7.224886e-01	1.050843e+01
6.616983e+02	7.790136e-01	-8.114601e-01	1.317837e+01	3.922244e+00	2.536294e-01	1.664149e-01	-4.431654e-01	-7.364433e-01	1.050878e+01
6.447984e+02	7.934149e-01	-7.483092e-01	1.315565e+01	3.974608e+00	2.654294e-01	2.268665e-01	-4.543005e-01	-7.352375e-01	1.042058e+01
7.163577e+02	7.954177e-01	-7.323760e-01	1.315406e+01	3.977119e+00	2.634214e-01	2.434541e-01	-4.719420e-01	-7.271834e-01	1.036926e+01
7.251812e+02	7.394740e-01	-8.442669e-01	1.322345e+01	3.879248e+00	2.096940e-01	1.377015e-01	-4.732335e-01	-7.309333e-01	1.045531e+01
7.293654e+02	7.424170e-01	-8.549574e-01	1.321759e+01	3.878291e+00	2.128722e-01	1.349650e-01	-4.875616e-01	-7.246083e-01	1.044270e+01
5.887774e+02	7.737013e-01	-8.231932e-01	1.317807e+01	3.916856e+00	2.430507e-01	1.728494e-01	-5.201394e-01	-7.096065e-01	1.039456e+01
5.597735e+02	8.100341e-01	-7.781253e-01	1.313468e+01	3.965929e+00	2.773639e-01	2.247014e-01	-5.565617e-01	-6.908663e-01	1.033827e+01
5.540356e+02	7.838657e-01	-7.846739e-01	1.315784e+01	3.954499e+00	2.583092e-01	2.260700e-01	-5.597880e-01	-6.990183e-01	1.034092e+01
5.351324e+02	7.419215e-01	-8.056049e-01	1.320460e+01	3.913257e+00	2.219873e-01	2.126128e-01	-5.734113e-01	-7.001536e-01	1.035497e+01
5.342687e+02	7.322434e-01	-8.208842e-01	1.321486e+01	3.902094e+00	2.133631e-01	1.992089e-01	-5.904291e-01	-6.984541e-01	1.035420e+01
5.109911e+02	7.404554e-01	-8.023359e-01	1.320102e+01	3.922291e+00	2.244824e-01	2.189917e-01	-6.192343e-01	-6.898985e-01	1.032182e+01
4.962572e+02	7.320823e-01	-8.224814e-01	1.321027e+01	3.907938e+00	2.169090e-01	2.031959e-01	-6.453108e-01	-6.840992e-01	1.033462e+01
4.678406e+02	7.337802e-01	-8.281799e-01	1.320898e+01	3.905659e+00	2.201196e-01	2.022775e-01	-6.852343e-01	-6.683859e-01	1.033475e+01
4.453568e+02	7.272310e-01	-8.173280e-01	1.320773e+01	3.921024e+00	2.210362e-01	2.184481e-01	-7.203522e-01	-6.685710e-01	1.032732e+01
4.039105e+02	7.056565e-01	-8.261577e-01	1.322649e+01	3.911334e+00	2.104217e-01	2.209806e-01	-7.873076e-01	-6.604271e-01	1.034334e+01
3.901424e+02	6.798778e-01	-8.275233e-01	1.324088e+01	3.917941e+00	1.973600e-01	2.265653e-01	-8.234615e-01	-6.669246e-01	1.033971e+01
3.628912e+02	6.660176e-01	-8.248125e-01	1.325164e+01	3.914561e+00	1.930628e-01	2.343406e-01	-8.520345e-01	-6.470270e-01	1.031950e+01
3.806062e+02	6.119775e-01	-8.387003e-01	1.328785e+01	3.911791e+00	1.601560e-01	2.280281e-01	-8.382811e-01	-6.651962e-01	1.032307e+01
3.689650e+02	5.935263e-01	-8.330659e-01	1.329723e+01	3.919136e+00	1.519979e-01	2.381193e-01	-8.493879e-01	-6.619743e-01	1.030663e+01
3.579628e+02	5.725098e-01	-8.389578e-01	1.330838e+01	3.923622e+00	1.494606e-01	2.371635e-01	-8.386614e-01	-6.481994e-01	1.029086e+01
3.417871e+02	5.628975e-01	-8.581858e-01	1.331578e+01	3.914591e+00	1.497573e-01	2.193309e-01	-8.374733e-01	-6.133358e-01	1.027120e+01
3.141862e+02	5.525600e-01	-8.323830e-01	1.331532e+01	3.940378e+00	1.629977e-01	2.572402e-01	-8.494426e-01	-5.992749e-01	1.024410e+01
3.383131e+02	4.773892e-01	-8.712683e-01	1.337269e+01	3.915647e+00	1.158992e-01	2.302810e-01	-8.254651e-01	-6.087330e-01	1.026341e+01
2.724507e+02	4.762808e-01	-8.587004e-01	1.336914e+01	3.929981e+00	1.374569e-01	2.568200e-01	-8.703133e-01	-5.790412e-01	1.024777e+01
3.126250e+02	4.577186e-01	-8.600857e-01	1.337982e+01	3.930397e+00	1.332351e-01	2.486487e-01	-7.720390e-01	-5.742143e-01	1.021316e+01
2.726777e+02	4.674762e-01	-8.472315e-01	1.336776e+01	3.946924e+00	1.619027e-01	2.701560e-01	-8.011771e-01	-5.339809e-01	1.019047e+01
2.095065e+02	4.623211e-01	-8.615263e-01	1.337297e+01	3.938275e+00	1.857948e-01	2.834004e-01	-8.852631e-01	-4.911222e-01	1.021465e+01
2.775980e+02	3.942355e-01	-8.918662e-01	1.342017e+01	3.917557e+00	1.506023e-01	2.375356e-01	-7.334306e-01	-4.954877e-01	1.017792e+01
2.792020e+02	3.693654e-01	-8.960655e-01	1.343411e+01	3.921231e+00	1.572719e-01	2.349254e-01	-7.018385e-01	-4.734350e-01	1.015665e+01
2.394902e+02	3.897253e-01	-8.533446e-01	1.341365e+01	3.954908e+00	1.998458e-01	2.889373e-01	-7.348962e-01	-4.354411e-01	1.013195e+01
1.838879e+02	3.575433e-01	-8.768728e-01	1.344043e+01	3.935925e+00	1.973592e-01	2.916702e-01	-7.706446e-01	-4.149624e-01	1.015970e+01
1.732408e+02	3.221435e-01	-9.252059e-01	1.346908e+01	3.908151e+00	2.021817e-01	2.643975e-01	-8.303544e-01	-3.851870e-01	1.018721e+01
2.083637e+02	3.426898e-01	-8.715828e-01	1.344016e+01	3.957522e+00	2.352255e-01	2.751588e-01	-6.492950e-01	-3.657349e-01	1.009629e+01
2.009879e+02	3.249958e-01	-8.932883e-01	1.345065e+01	3.950589e+00	2.513007e-01	2.558010e-01	-6.087692e-01	-3.286935e-01	1.009263e+01
1.681223e+02	3.266829e-01	-8.981110e-01	1.344724e+01	3.954175e+00	2.842447e-01	2.624880e-01	-6.318463e-01	-2.727115e-01	1.009103e+01
1.492717e+02	3.020848e-01	-8.964975e-01	1.345897e+01	3.958731e+00	3.116498e-01	2.811484e-01	-6.528214e-01	-2.524974e-01	1.009191e+01
1.512856e+02	2.747847e-01	-8.852215e-01	1.346729e+01	3.976699e+00	3.481157e-01	3.102831e-01	-6.929244e-01	-2.293144e-01	1.008631e+01
1.436560e+02	2.209366e-01	-9.518163e-01	1.351496e+01	3.921774e+00	3.360203e-01	2.673902e-01	-7.210969e-01	-2.132464e-01	1.011858e+01
1.037367e+02	2.262629e-01	-9.486788e-01	1.350839e+01	3.923583e+00	3.668871e-01	2.952194e-01	-7.616538e-01	-1.855247e-01	1.014610e+01
1.234870e+02	2.425704e-01	-9.364205e-01	1.349155e+01	3.945488e+00	4.069073e-01	3.311486e-01	-8.531819e-01	-1.634343e-01	1.016081e+01
2.594901e+02	2.748558e-01	-8.678536e-01	1.345997e+01	3.995505e+00	4.257392e-01	3.595743e-01	-6.563914e-01	-6.502342e-02	1.008587e+01
2.656843e+02	1.856975e-01	-9.975991e-01	1.353804e+01	3.907931e+00	3.783939e-01	2.282410e-01	-5.717034e-01	-3.407400e-02	1.012850e+01
2.356269e+02	1.870926e-01	-9.951150e-01	1.352937e+01	3.917589e+00	4.022672e-01	2.423524e-01	-5.545199e-01	-6.817869e-03	1.012342e+01
1.114529e+02	2.343613e-01	-9.362053e-01	1.347472e+01	3.976852e+00	4.675100e-01	3.179048e-01	-5.747495e-01	1.491989e-02	1.010188e+01
1.131735e+02	2.312458e-01	-9.336651e-01	1.346867e+01	3.984967e+00	4.877178e-01	3.287596e-01	-5.811852e-01	2.080445e-02	1.009758e+01
1.201953e+02	2.383836e-01	-9.303791e-01	1.345909e+01	3.987823e+00	5.163640e-01	3.440444e-01	-6.110380e-01	3.307487e-02	1.009296e+01
1.112638e+02	2.279377e-01	-9.708799e-01	1.347562e+01	3.949587e+00	5.118964e-01	3.104145e-01	-6.299653e-01	3.840106e-02	1.010560e+01
1.005351e+02	2.343129e-01	-9.628353e-01	1.346547e+01	3.959715e+00	5.391195e-01	3.283325e-01	-6.475011e-01	4.547849e-02	1.010037e+01
1.076275e+02	2.551607e-01	-9.491966e-01	1.344610e+01	3.974935e+00	5.685088e-01	3.530224e-01	-6.756563e-01	3.865140e-02	1.009624e+01
1.047156e+02	2.213549e-01	-9.873031e-01	1.347467e+01	3.939379e+00	5.619418e-01	3.203686e-01	-6.904859e-01	3.726644e-02	1.010371e+01
1.112463e+02	1.999022e-01	-9.959925e-01	1.349034e+01	3.926764e+00	5.636332e-01	3.158543e-01	-7.126750e-01	3.128465e-02	1.009993e+01
9.646549e+01	2.438112e-01	-9.591806e-01	1.344627e+01	3.968764e+00	6.087268e-01	3.566751e-01	-7.404121e-01	2.342137e-02	1.008691e+01
8.887652e+01	2.494505e-01	-9.893023e-01	1.345179e+01	3.937835e+00	6.050430e-01	3.280780e-01	-7.596228e-01	7.016672e-03	1.009221e+01
8.208422e+01	2.593626e-01	-9.743497e-01	1.343649e+01	3.954791e+00	6.275673e-01	3.483139e-01	-7.796937e-01	-5.406235e-04	1.008559e+01
7.908060e+01	2.688920e-01	-9.835212e-01	1.343233e+01	3.943713e+00	6.299724e-01	3.423341e-01	-7.903328e-01	-9.215739e-03	1.009058e+01
8.268702e+01	2.677006e-01	-9.721591e-01	1.342455e+01	3.957268e+00	6.499804e-01	3.535589e-01	-7.915712e-01	-1.400921e-02	1.008122e+01
8.616475e+01	2.572437e-01	-9.908738e-01	1.343826e+01	3.930520e+00	6.473291e-01	3.353653e-01	-8.108222e-01	-1.799152e-02	1.009444e+01
7.802582e+01	2.643587e-01	-9.814693e-01	1.342512e+01	3.942420e+00	6.601780e-01	3.399040e-01	-7.994358e-01	-2.139777e-02	1.009339e+01
9.564447e+01	3.007965e-01	-9.565155e-01	1.338720e+01	3.970226e+00	6.844467e-01	3.554585e-01	-7.828167e-01	-2.265035e-02	1.007842e+01
1.094113e+02	2.315392e-01	-1.005406e+00	1.344510e+01	3.915404e+00	6.629043e-01	3.122096e-01	-7.843275e-01	-3.292903e-02	1.009773e+01
1.037087e+02	2.517760e-01	-9.527601e-01	1.340704e+01	3.967597e+00	6.928895e-01	3.449119e-01	-6.688446e-01	1.822551e-02	1.005734e+01
1.066855e+02	2.220095e-01	-9.831209e-01	1.344064e+01	3.924324e+00	6.717189e-01	3.145029e-01	-6.355322e-01	2.974753e-02	1.006212e+01
9.821852e+01	2.420354e-01	-9.741935e-01	1.342364e+01	3.930531e+00	6.899357e-01	3.244837e-01	-6.396029e-01	2.896265e-02	1.005607e+01
9.665671e+01	2.408923e-01	-9.663081e-01	1.342000e+01	3.936323e+00	7.069158e-01	3.376008e-01	-6.515337e-01	3.250140e-02	1.004935e+01
9.573223e+01	2.521254e-01	-9.654065e-01	1.339876e+01	3.953126e+00	7.358516e-01	3.367444e-01	-6.637828e-01	3.522053e-02	1.004357e+01
9.401423e+01	2.243874e-01	-9.850456e-01	1.342928e+01	3.918327e+00	7.282931e-01	3.272205e-01	-6.875633e-01	2.651699e-02	1.004752e+01
8.720626e+01	2.352311e-01	-9.857262e-01	1.341952e+01	3.917887e+00	7.500014e-01	3.326998e-01	-7.216298e-01	6.808694e-03	1.004199e+01
8.294956e+01	2.343884e-01	-9.824273e-01	1.341809e+01	3.917536e+00	7.621966e-01	3.438689e-01	-7.459361e-01	-6.714210e-03	1.004009e+01
8.324600e+01	2.191590e-01	-9.949161e-01	1.343695e+01	3.889846e+00	7.574292e-01	3.387461e-01	-7.684425e-01	-1.896828e-02	1.004428e+01
8.838261e+01	2.452961e-01	-9.718299e-01	1.340810e+01	3.918419e+00	7.852881e-01	3.633400e-01	-7.822407e-01	-2.869821e-02	1.003432e+01
7.766028e+01	2.242806e-01	-9.852382e-01	1.342553e+01	3.901504e+00	7.872844e-01	3.537127e-01	-8.000893e-01	-4.227905e-02	1.003628e+01
8.847978e+01	2.310757e-01	-1.000823e+00	1.342410e+01	3.886484e+00	7.884771e-01	3.349013e-01	-8.023636e-01	-5.335438e-02	1.003810e+01
1.283759e+02	2.796951e-01	-9.437072e-01	1.337199e+01	3.946310e+00	8.134261e-01	3.542846e-01	-6.373766e-01	2.278745e-02	9.985146e+00
1.058923e+02	2.300835e-01	-9.784416e-01	1.343171e+01	3.876665e+00	7.673210e-01	3.125252e-01	-5.647902e-01	4.827996e-02	9.974335e+00
1.144431e+02	2.030935e-01	-9.844865e-01	1.345954e+01	3.847596e+00	7.541717e-01	3.094559e-01	-5.424005e-01	6.502721e-02	9.961879e+00
1.079256e+02	2.298739e-01	-9.580637e-01	1.342447e+01	3.876437e+00	7.890621e-01	3.420323e-01	-5.539442e-01	7.515264e-02	9.952050e+00
1.155547e+02	2.465140e-01	-9.520232e-01	1.341011e+01	3.876750e+00	8.028578e-01	3.492071e-01	-5.712401e-01	8.154189e-02	9.939877e+00
1.338893e+02	2.018572e-01	-1.011365e+00	1.345477e+01	3.819972e+00	7.931131e-01	3.029323e-01	-5.960962e-01	8.049290e-02	9.963119e+00
1.010714e+02	2.109144e-01	-9.942014e-01	1.344542e+01	3.829101e+00	8.065822e-01	3.323496e-01	-6.139304e-01	8.323709e-02	9.959542e+00
1.131784e+02	2.439177e-01	-9.650120e-01	1.339900e+01	3.872194e+00	8.520997e-01	3.667244e-01	-6.304192e-01	8.619651e-02	9.946684e+00
1.155712e+02	2.305478e-01	-1.013286e+00	1.342032e+01	3.826399e+00	8.439970e-01	3.153381e-01	-6.448056e-01	8.232870e-02	9.954802e+00
1.035762e+02	2.403701e-01	-1.006742e+00	1.340497e+01	3.839750e+00	8.648992e-01	3.225237e-01	-6.546493e-01	8.343488e-02	9.948872e+00
9.598071e+01	2.478678e-01	-1.003176e+00	1.339599e+01	3.843505e+00	8.770203e-01	3.285118e-01	-6.766617e-01	7.359198e-02	9.947563e+00
1.243933e+02	2.831465e-01	-9.641421e-01	1.334876e+01	3.893111e+00	9.225211e-01	3.737989e-01	-7.150927e-01	5.186084e-02	9.935848e+00
8.335398e+01	2.101765e-01	-9.997171e-01	1.341044e+01	3.839468e+00	9.103560e-01	3.536926e-01	-7.465937e-01	2.711531e-02	9.950054e+00
1.120527e+02	1.959223e-01	-1.029083e+00	1.342875e+01	3.804969e+00	9.054692e-01	3.299626e-01	-7.985831e-01	-1.132404e-02	9.960603e+00
2.780818e+02	2.655048e-01	-9.266751e-01	1.334414e+01	3.901955e+00	9.474765e-01	4.076145e-01	-6.350458e-01	8.845451e-02	9.900965e+00
1.404428e+02	1.534798e-01	-9.610130e-01	1.344589e+01	3.815555e+00	8.931595e-01	3.885088e-01	-5.786050e-01	1.217401e-01	9.893147e+00
6.056111e+02	1.114286e-01	-1.044857e+00	1.128400e+01	2.063333e+00	2.657333e+00	4.869524e-01	-6.989524e-01	5.051429e-01	8.773143e+00
2.645339e+02	-1.094301e-02	-1.167229e+00	1.140637e+01	1.940962e+00	2.534962e+00	3.645808e-01	-8.213240e-01	3.827713e-01	8.895514e+00
2.863884e+02	-8.156939e-02	-1.189376e+00	1.145888e+01	1.913491e+00	2.487332e+00	3.561830e-01	-7.123367e-01	4.712156e-01	8.909561e+00
1.733324e+02	-1.271168e-01	-1.161641e+00	1.148942e+01	1.917289e+00	2.453270e+00	4.121606e-01	-6.364680e-01	5.550036e-01	8.876570e+00
1.300513e+02	-1.487116e-01	-1.131610e+00	1.149776e+01	1.932571e+00	2.446097e+00	4.570949e-01	-6.119118e-01	5.847825e-01	8.840857e+00
1.186263e+02	-1.772049e-01	-1.112536e+00	1.151614e+01	1.933196e+00	2.425477e+00	4.865368e-01	-7.401686e-01	4.428015e-01	8.817413e+00
1.090944e+02	-2.005342e-01	-1.124620e+00	1.153461e+01	1.919518e+00	2.400271e+00	4.759496e-01	-7.718991e-01	4.051468e-01	8.829756e+00
1.061274e+02	-2.175514e-01	-1.122587e+00	1.155073e+01	1.907883e+00	2.377289e+00	4.795297e-01	-7.779639e-01	3.955569e-01	8.817810e+00
1.017732e+02	-2.383019e-01	-1.122906e+00	1.156413e+01	1.904142e+00	2.356685e+00	4.768845e-01	-7.122171e-01	4.423271e-01	8.816525e+00
1.014901e+02	-2.486431e-01	-1.116188e+00	1.157727e+01	1.892778e+00	2.335921e+00	4.827533e-01	-6.541297e-01	4.863002e-01	8.804795e+00
9.892058e+01	-2.673949e-01	-1.119862e+00	1.158714e+01	1.894292e+00	2.319788e+00	4.737248e-01	-6.708384e-01	4.644013e-01	8.808952e+00
9.827484e+01	-2.750338e-01	-1.113178e+00	1.159074e+01	1.894635e+00	2.312689e+00	4.774919e-01	-6.880106e-01	4.441172e-01	8.806844e+00
9.684737e+01	-2.899862e-01	-1.111720e+00	1.160042e+01	1.894357e+00	2.293541e+00	4.735346e-01	-6.697712e-01	4.575208e-01	8.801675e+00
1.160423e+02	-2.940915e-01	-1.086276e+00	1.160042e+01	1.908103e+00	2.289428e+00	4.953355e-01	-6.472621e-01	4.746678e-01	8.762478e+00
1.131587e+02	-3.131702e-01	-1.132479e+00	1.161878e+01	1.879014e+00	2.257324e+00	4.430485e-01	-7.085971e-01	4.118064e-01	8.820590e+00
1.039344e+02	-3.272409e-01	-1.123223e+00	1.162450e+01	1.884035e+00	2.242895e+00	4.516459e-01	-7.278572e-01	3.908553e-01	8.828798e+00
1.104511e+02	-3.235554e-01	-1.085042e+00	1.162049e+01	1.896438e+00	2.242896e+00	4.931677e-01	-6.551527e-01	4.377448e-01	8.791007e+00
9.519839e+01	-3.355189e-01	-1.105427e+00	1.162898e+01	1.892657e+00	2.224371e+00	4.638172e-01	-6.330029e-01	4.516463e-01	8.830049e+00
9.422386e+01	-3.352211e-01	-1.097592e+00	1.163013e+01	1.892086e+00	2.218305e+00	4.651430e-01	-6.540064e-01	4.284227e-01	8.828901e+00
9.472427e+01	-3.384281e-01	-1.089521e+00	1.163108e+01	1.895598e+00	2.210086e+00	4.649468e-01	-6.423902e-01	4.349502e-01	8.819444e+00
9.358000e+01	-3.401225e-01	-1.089608e+00	1.163388e+01	1.893770e+00	2.201413e+00	4.601920e-01	-6.704837e-01	4.075706e-01	8.844229e+00
1.080918e+02	-3.366784e-01	-1.072590e+00	1.162611e+01	1.914246e+00	2.206791e+00	4.798952e-01	-6.877193e-01	3.912194e-01	8.880753e+00
1.055602e+02	-3.477251e-01	-1.107080e+00	1.164021e+01	1.885570e+00	2.178328e+00	4.260308e-01	-6.629115e-01	4.075364e-01	8.895479e+00
9.390290e+01	-3.474825e-01	-1.079488e+00	1.163919e+01	1.891744e+00	2.175080e+00	4.578449e-01	-6.459587e-01	4.176609e-01	8.876226e+00
9.779720e+01	-3.507426e-01	-1.072390e+00	1.164256e+01	1.889081e+00	2.162345e+00	4.630355e-01	-6.338256e-01	4.271243e-01	8.874767e+00
9.160148e+01	-3.610524e-01	-1.083745e+00	1.164754e+01	1.895585e+00	2.146192e+00	4.454492e-01	-6.800428e-01	3.862422e-01	8.949656e+00
9.194275e+01	-3.556419e-01	-1.081823e+00	1.164537e+01	1.893540e+00	2.143574e+00	4.388676e-01	-6.543408e-01	3.973019e-01	8.947864e+00
9.492662e+01	-3.471975e-01	-1.065962e+00	1.164236e+01	1.893787e+00	2.142959e+00	4.514012e-01	-6.268554e-01	4.124964e-01	8.939892e+00
9.817085e+01	-3.529219e-01	-1.060549e+00	1.164443e+01	1.897100e+00	2.132118e+00	4.536497e-01	-6.169504e-01	4.170192e-01	8.962698e+00
1.095169e+02	-3.531710e-01	-1.096557e+00	1.165070e+01	1.885005e+00	2.116999e+00	4.088732e-01	-6.330496e-01	4.042460e-01	9.065235e+00
9.125015e+01	-3.520340e-01	-1.065801e+00	1.164301e+01	1.904038e+00	2.119385e+00	4.405348e-01	-6.397844e-01	3.983137e-01	9.028686e+00
1.120782e+02	-3.432761e-01	-1.045124e+00	1.163570e+01	1.919335e+00	2.123401e+00	4.602379e-01	-6.327204e-01	4.024822e-01	9.052274e+00
1.222361e+02	-3.596957e-01	-1.097412e+00	1.165269e+01	1.892935e+00	2.092545e+00	3.926352e-01	-6.851466e-01	3.552624e-01	9.145388e+00
9.006901e+01	-3.479728e-01	-1.058491e+00	1.164537e+01	1.905931e+00	2.095009e+00	4.299998e-01	-6.165817e-01	3.853549e-01	9.070310e+00
9.076632e+01	-3.569329e-01	-1.066545e+00	1.164726e+01	1.915172e+00	2.085165e+00	4.190145e-01	-6.033579e-01	3.911394e-01	9.143734e+00
9.126545e+01	-3.570373e-01	-1.067849e+00	1.164621e+01	1.921333e+00	2.080921e+00	4.172105e-01	-6.061253e-01	3.895356e-01	9.218356e+00
1.132767e+02	-3.552478e-01	-1.033742e+00	1.164146e+01	1.934979e+00	2.078917e+00	4.527175e-01	-6.402902e-01	3.620168e-01	9.183541e+00
9.674064e+01	-3.612583e-01	-1.071854e+00	1.165077e+01	1.918382e+00	2.059207e+00	4.024696e-01	-6.846152e-01	3.246688e-01	9.306676e+00
8.822468e+01	-3.600959e-01	-1.053650e+00	1.164984e+01	1.923088e+00	2.051918e+00	4.291674e-01	-6.766618e-01	3.225305e-01	9.355446e+00
1.077222e+02	-3.606714e-01	-1.031103e+00	1.165082e+01	1.925163e+00	2.045009e+00	4.474621e-01	-6.587185e-01	3.308873e-01	9.315619e+00
1.002761e+02	-3.622306e-01	-1.073736e+00	1.165530e+01	1.911742e+00	2.028998e+00	4.021054e-01	-6.294013e-01	3.466350e-01	9.511273e+00
9.811534e+01	-3.576156e-01	-1.038612e+00	1.164796e+01	1.932073e+00	2.027675e+00	4.431815e-01	-6.268992e-01	3.500832e-01	9.512587e+00
9.845301e+01	-3.582373e-01	-1.070044e+00	1.165462e+01	1.911728e+00	2.014330e+00	4.053934e-01	-6.385535e-01	3.362000e-01	9.656143e+00
7.535746e+02	1.098857e+00	-1.296286e+00	1.375257e+01	2.394000e+00	3.446667e+00	2.934286e-01	-7.477143e-01	6.331429e-01	1.069314e+01
3.193079e+02	1.221229e+00	-1.173914e+00	1.363020e+01	2.516372e+00	3.569038e+00	4.158002e-01	-6.253427e-01	5.107713e-01	1.057077e+01
2.035998e+02	1.342843e+00	-1.052692e+00	1.351159e+01	2.642162e+00	3.691338e+00	5.267204e-01	-7.080321e-01	3.873965e-01	1.044278e+01
1.434099e+02	1.233067e+00	-1.082857e+00	1.360486e+01	2.580887e+00	3.694685e+00	5.102765e-01	-7.397174e-01	3.197591e-01	1.040371e+01
1.351337e+02	1.171086e+00	-1.097292e+00	1.365484e+01	2.553227e+00	3.696942e+00	4.933577e-01	-6.980367e-01	3.217083e-01	1.036930e+01
1.293930e+02	1.129872e+00	-1.093741e+00	1.368662e+01	2.542582e+00	3.692563e+00	4.878785e-01	-6.951248e-01	3.101889e-01	1.032431e+01
1.235793e+02	1.104744e+00	-1.072626e+00	1.369126e+01	2.563043e+00	3.745009e+00	4.924207e-01	-6.256983e-01	3.521783e-01	1.027449e+01
1.264216e+02	1.070651e+00	-1.090624e+00	1.371207e+01	2.556626e+00	3.752122e+00	4.620974e-01	-6.552175e-01	2.817679e-01	1.026345e+01
1.152007e+02	1.065568e+00	-1.059265e+00	1.369979e+01	2.590092e+00	3.811879e+00	4.745416e-01	-6.683882e-01	2.569468e-01	1.020875e+01
1.178128e+02	1.045133e+00	-1.042492e+00	1.369988e+01	2.618005e+00	3.859870e+00	4.706317e-01	-6.556032e-01	2.442910e-01	1.015740e+01
1.323656e+02	1.020654e+00	-1.084216e+00	1.372448e+01	2.588944e+00	3.832133e+00	4.142378e-01	-6.366124e-01	2.422301e-01	1.015350e+01
1.094630e+02	1.033226e+00	-1.037853e+00	1.369490e+01	2.636989e+00	3.907286e+00	4.488803e-01	-6.180573e-01	2.440039e-01	1.011950e+01
1.082750e+02	9.915586e-01	-1.031828e+00	1.373434e+01	2.609606e+00	3.875394e+00	4.469618e-01	-5.819228e-01	2.542102e-01	1.008070e+01
1.132955e+02	9.594315e-01	-1.061200e+00	1.375956e+01	2.591120e+00	3.864771e+00	4.077762e-01	-6.020612e-01	2.412328e-01	1.007709e+01
1.011895e+02	9.529020e-01	-1.044576e+00	1.375825e+01	2.602574e+00	3.880804e+00	4.125874e-01	-6.143450e-01	2.132355e-01	1.005453e+01
9.790999e+01	9.579506e-01	-1.036271e+00	1.374509e+01	2.618899e+00	3.913932e+00	4.063460e-01	-6.233992e-01	1.990400e-01	1.003254e+01
1.149940e+02	9.513601e-01	-1.000141e+00	1.373185e+01	2.655658e+00	3.958452e+00	4.279285e-01	-6.233546e-01	1.823383e-01	1.000610e+01
1.397038e+02	9.066442e-01	-1.065721e+00	1.375893e+01	2.633045e+00	3.954452e+00	3.545444e-01	-6.883592e-01	1.232474e-01	1.004121e+01
3.621670e+02	9.153257e-01	-1.054917e+00	1.373295e+01	2.667950e+00	3.999475e+00	3.502112e-01	-8.241020e-01	-1.513011e-02	1.003673e+01
1.390548e+03	9.789797e-01	-8.500541e-01	1.364095e+01	2.816666e+00	4.100740e+00	5.094558e-01	-6.042184e-01	2.037251e-01	9.828542e+00
1.345378e+02	7.923885e-01	-1.017901e+00	1.383469e+01	2.618467e+00	3.891160e+00	3.185479e-01	-5.069860e-01	2.978715e-01	9.895693e+00
3.876241e+02	7.217759e-01	-1.087592e+00	1.390455e+01	2.542233e+00	3.813141e+00	2.388172e-01	-4.660994e-01	3.383145e-01	9.923132e+00
3.698765e+02	7.131169e-01	-1.088709e+00	1.390784e+01	2.532705e+00	3.803874e+00	2.509287e-01	-4.496638e-01	3.557168e-01	9.922308e+00
2.847115e+02	7.238882e-01	-1.072072e+00	1.389225e+01	2.544665e+00	3.818265e+00	2.795645e-01	-4.461085e-01	3.597855e-01	9.910142e+00
1.746708e+02	7.494439e-01	-1.044007e+00	1.386002e+01	2.570142e+00	3.847393e+00	3.215995e-01	-4.469420e-01	3.601542e-01	9.897285e+00
1.194923e+02	7.765297e-01	-1.021630e+00	1.382902e+01	2.594674e+00	3.877874e+00	3.535286e-01	-4.530225e-01	3.549151e-01	9.887467e+00
1.044318e+02	7.967053e-01	-1.001920e+00	1.380528e+01	2.616272e+00	3.902030e+00	3.785984e-01	-4.572826e-01	3.517875e-01	9.875332e+00
1.047749e+02	8.028491e-01	-9.973699e-01	1.379324e+01	2.627315e+00	3.917863e+00	3.836329e-01	-4.621454e-01	3.476747e-01	9.874462e+00
1.033417e+02	8.111318e-01	-9.963150e-01	1.378473e+01	2.632730e+00	3.924759e+00	3.852220e-01	-4.728260e-01	3.354693e-01	9.876174e+00
1.004398e+02	8.189747e-01	-9.984771e-01	1.377909e+01	2.634395e+00	3.927140e+00	3.821141e-01	-4.823577e-01	3.250658e-01	9.880090e+00
9.791959e+01	8.158286e-01	-1.004245e+00	1.377778e+01	2.635125e+00	3.931082e+00	3.750174e-01	-4.916035e-01	3.149432e-01	9.885671e+00
9.749218e+01	8.134101e-01	-1.008141e+00	1.377716e+01	2.634775e+00	3.933339e+00	3.705723e-01	-5.015275e-01	3.041681e-01	9.890967e+00
9.642948e+01	8.168743e-01	-1.007328e+00	1.376953e+01	2.641799e+00	3.943244e+00	3.707857e-01	-5.076739e-01	2.985250e-01	9.890952e+00
9.579989e+01	8.265222e-01	-1.006651e+00	1.376098e+01	2.646830e+00	3.949971e+00	3.703154e-01	-5.122449e-01	2.945250e-01	9.891322e+00
9.472262e+01	8.244611e-01	-1.004531e+00	1.375523e+01	2.654224e+00	3.960703e+00	3.725006e-01	-5.185569e-01	2.891809e-01	9.890247e+00
9.434184e+01	8.325310e-01	-9.999408e-01	1.374578e+01	2.661957e+00	3.968418e+00	3.764805e-01	-5.270795e-01	2.823462e-01	9.884012e+00
9.363743e+01	8.212454e-01	-1.004498e+00	1.374778e+01	2.662367e+00	3.972475e+00	3.714312e-01	-5.308911e-01	2.791517e-01	9.890216e+00
9.371570e+01	8.128825e-01	-1.006703e+00	1.374767e+01	2.663081e+00	3.978921e+00	3.687962e-01	-5.351632e-01	2.758296e-01	9.893651e+00
9.327091e+01	8.114761e-01	-1.006085e+00	1.374388e+01	2.667922e+00	3.984404e+00	3.687032e-01	-5.393148e-01	2.727209e-01	9.893729e+00
9.273739e+01	8.252297e-01	-1.002017e+00	1.373065e+01	2.678588e+00	3.994724e+00	3.703203e-01	-5.428830e-01	2.702727e-01	9.889266e+00
9.242144e+01	8.106795e-01	-1.003989e+00	1.373594e+01	2.677328e+00	3.995526e+00	3.688027e-01	-5.471963e-01	2.670481e-01	9.891351e+00
9.282818e+01	8.038518e-01	-1.006463e+00	1.373808e+01	2.676424e+00	3.995156e+00	3.651719e-01	-5.505639e-01	2.650085e-01	9.893308e+00
9.206853e+01	7.983323e-01	-1.005884e+00	1.373659e+01	2.679757e+00	4.001071e+00	3.660345e-01	-5.549671e-01	2.574839e-01	9.894031e+00
9.259399e+01	7.858754e-01	-1.009014e+00	1.374309e+01	2.677223e+00	3.998547e+00	3.626788e-01	-5.623027e-01	2.479091e-01	9.899398e+00
9.055644e+01	7.912969e-01	-1.003065e+00	1.373125e+01	2.686840e+00	4.011620e+00	3.690785e-01	-5.664510e-01	2.435699e-01	9.895261e+00
9.036674e+01	7.971117e-01	-1.004724e+00	1.372446e+01	2.691174e+00	4.016782e+00	3.667345e-01	-5.728926e-01	2.363691e-01	9.899867e+00
8.991547e+01	7.910743e-01	-1.001187e+00	1.372206e+01	2.695045e+00	4.023102e+00	3.702714e-01	-5.765941e-01	2.330555e-01	9.896387e+00
8.926954e+01	7.673531e-01	-1.002658e+00	1.373699e+01	2.686441e+00	4.015308e+00	3.691820e-01	-5.819981e-01	2.274028e-01	9.895914e+00
8.906930e+01	7.719973e-01	-1.001761e+00	1.372835e+01	2.692850e+00	4.023632e+00	3.687256e-01	-5.854081e-01	2.245000e-01	9.896015e+00
8.952904e+01	7.772448e-01	-9.977995e-01	1.371397e+01	2.707322e+00	4.043147e+00	3.707349e-01	-5.880580e-01	2.229968e-01	9.892938e+00
8.884009e+01	7.673703e-01	-1.003056e+00	1.372341e+01	2.697927e+00	4.031675e+00	3.650302e-01	-5.923716e-01	2.184807e-01	9.896943e+00
8.841106e+01	7.592428e-01	-1.000582e+00	1.372301e+01	2.699995e+00	4.035734e+00	3.693881e-01	-5.974750e-01	2.135778e-01	9.894731e+00
8.898870e+01	7.556069e-01	-1.005038e+00	1.372680e+01	2.695450e+00	4.029923e+00	3.626905e-01	-5.999210e-01	2.111991e-01	9.897925e+00
8.827939e+01	7.492311e-01	-1.002571e+00	1.371846e+01	2.705915e+00	4.045025e+00	3.655053e-01	-6.015348e-01	2.102203e-01	9.900105e+00
8.843870e+01	7.509140e-01	-1.003460e+00	1.372015e+01	2.701522e+00	4.037666e+00	3.629160e-01	-6.045480e-01	2.071020e-01	9.898853e+00
8.810398e+01	7.607458e-01	-1.001127e+00	1.371029e+01	2.707508e+00	4.046571e+00	3.630722e-01	-6.079302e-01	2.034670e-01	9.897474e+00
8.793224e+01	7.523499e-01	-1.001099e+00	1.371638e+01	2.704658e+00	4.041463e+00	3.628238e-01	-6.099003e-01	2.017968e-01	9.896679e+00
8.925937e+01	7.508908e-01	-1.004840e+00	1.372037e+01	2.699245e+00	4.034748e+00	3.571088e-01	-6.129716e-01	1.989266e-01	9.897023e+00
8.753968e+01	7.471244e-01	-9.989344e-01	1.371737e+01	2.705925e+00	4.041307e+00	3.635145e-01	-6.141366e-01	1.977561e-01	9.894849e+00
8.748655e+01	7.438539e-01	-9.991023e-01	1.371791e+01	2.706569e+00	4.042024e+00	3.614874e-01	-6.164477e-01	1.951432e-01	9.895168e+00
8.732768e+01	7.403106e-01	-9.965125e-01	1.371638e+01	2.709925e+00	4.045571e+00	3.641372e-01	-6.177943e-01	1.940437e-01	9.894497e+00
8.726513e+01	7.344864e-01	-9.966335e-01	1.371463e+01	2.713742e+00	4.051247e+00	3.626376e-01	-6.180429e-01	1.936302e-01	9.898031e+00
8.717998e+01	7.301686e-01	-9.976184e-01	1.371833e+01	2.711261e+00	4.047395e+00	3.608276e-01	-6.204901e-01	1.913880e-01	9.897895e+00
8.900294e+01	7.283516e-01	-1.002626e+00	1.372558e+01	2.705329e+00	4.035704e+00	3.541093e-01	-6.210978e-01	1.906424e-01	9.904717e+00
8.702816e+01	7.295413e-01	-9.962911e-01	1.371885e+01	2.712883e+00	4.046762e+00	3.608077e-01	-6.233759e-01	1.885993e-01	9.899377e+00
8.693197e+01	7.127264e-01	-9.970242e-01	1.372269e+01	2.714652e+00	4.051913e+00	3.597994e-01	-6.247203e-01	1.877626e-01	9.899190e+00
8.691983e+01	7.206051e-01	-9.935172e-01	1.371666e+01	2.717797e+00	4.054789e+00	3.623054e-01	-6.264255e-01	1.857243e-01	9.897690e+00
8.877199e+01	7.177694e-01	-9.881417e-01	1.371316e+01	2.723879e+00	4.061332e+00	3.685262e-01	-6.278103e-01	1.848265e-01	9.894436e+00
8.719088e+01	7.106912e-01	-9.975263e-01	1.372357e+01	2.711816e+00	4.046107e+00	3.557848e-01	-6.294957e-01	1.824525e-01	9.901442e+00
9.819675e+01	7.059338e-01	-1.009738e+00	1.373443e+01	2.697821e+00	4.027483e+00	3.389454e-01	-6.303770e-01	1.814777e-01	9.910025e+00
8.667723e+01	7.156876e-01	-9.943925e-01	1.371950e+01	2.712967e+00	4.046288e+00	3.582327e-01	-6.310789e-01	1.801469e-01	9.902125e+00
8.658940e+01	7.164986e-01	-9.922727e-01	1.372033e+01	2.713269e+00	4.043898e+00	3.596581e-01	-6.321055e-01	1.780946e-01	9.903476e+00
8.790663e+01	7.172076e-01	-9.873200e-01	1.371363e+01	2.719298e+00	4.052879e+00	3.653742e-01	-6.329095e-01	1.772793e-01	9.900696e+00
8.670964e+01	7.139921e-01	-9.945576e-01	1.372184e+01	2.707865e+00	4.039293e+00	3.566768e-01	-6.342443e-01	1.749064e-01	9.904802e+00
8.648904e+01	7.096010e-01	-9.928607e-01	1.371938e+01	2.712247e+00	4.044558e+00	3.577828e-01	-6.351425e-01	1.742630e-01	9.904716e+00
8.741682e+01	7.002254e-01	-9.966422e-01	1.372440e+01	2.708428e+00	4.040433e+00	3.522582e-01	-6.354128e-01	1.738227e-01	9.905834e+00
8.639089e+01	7.054111e-01	-9.913517e-01	1.371552e+01	2.715380e+00	4.048846e+00	3.576553e-01	-6.362693e-01	1.726974e-01	9.904054e+00
8.622397e+01	6.952756e-01	-9.889682e-01	1.371677e+01	2.716445e+00	4.051135e+00	3.572489e-01	-6.354576e-01	1.726241e-01	9.899096e+00
8.627520e+01	6.990968e-01	-9.908656e-01	1.371464e+01	2.716333e+00	4.050381e+00	3.550534e-01	-6.371788e-01	1.708185e-01	9.904638e+00
8.629418e+01	7.037911e-01	-9.913162e-01	1.371773e+01	2.709223e+00	4.041114e+00	3.532218e-01	-6.391882e-01	1.687399e-01	9.899222e+00
8.629377e+01	7.009066e-01	-9.910716e-01	1.371519e+01	2.713885e+00	4.046261e+00	3.531305e-01	-6.395071e-01	1.679161e-01	9.903607e+00
8.615185e+01	6.910740e-01	-9.880331e-01	1.371161e+01	2.721732e+00	4.056374e+00	3.557674e-01	-6.392077e-01	1.678294e-01	9.900929e+00
8.643214e+01	6.911035e-01	-9.916479e-01	1.371456e+01	2.716591e+00	4.049246e+00	3.510860e-01	-6.402117e-01	1.662801e-01	9.906870e+00
8.612887e+01	6.833678e-01	-9.902527e-01	1.371649e+01	2.718035e+00	4.048718e+00	3.536498e-01	-6.395981e-01	1.659443e-01	9.908348e+00
8.636796e+01	6.878867e-01	-9.910151e-01	1.371498e+01	2.716516e+00	4.047056e+00	3.508017e-01	-6.408976e-01	1.643369e-01	9.909512e+00
8.620945e+01	6.933092e-01	-9.859745e-01	1.370992e+01	2.719794e+00	4.050430e+00	3.556255e-01	-6.405783e-01	1.637369e-01	9.905888e+00
8.648811e+01	6.889010e-01	-9.907093e-01	1.371451e+01	2.715318e+00	4.045196e+00	3.487303e-01	-6.419424e-01	1.621228e-01	9.909490e+00
8.608113e+01	6.907689e-01	-9.882831e-01	1.371088e+01	2.718976e+00	4.049080e+00	3.499370e-01	-6.441761e-01	1.603790e-01	9.909435e+00
8.638967e+01	6.869782e-01	-9.896304e-01	1.371380e+01	2.716682e+00	4.046037e+00	3.475799e-01	-6.437934e-01	1.596661e-01	9.910142e+00
8.626473e+01	6.752084e-01	-9.894573e-01	1.371914e+01	2.713367e+00	4.044796e+00	3.485036e-01	-6.421049e-01	1.594742e-01	9.910999e+00
8.581560e+01	6.826296e-01	-9.860127e-01	1.371322e+01	2.718172e+00	4.048363e+00	3.507801e-01	-6.431950e-01	1.582902e-01	9.908445e+00
8.668722e+01	6.952284e-01	-9.828732e-01	1.370020e+01	2.726951e+00	4.058866e+00	3.552516e-01	-6.439016e-01	1.580610e-01	9.914836e+00
8.629766e+01	6.809710e-01	-9.883673e-01	1.371349e+01	2.717253e+00	4.045788e+00	3.464457e-01	-6.445266e-01	1.564656e-01	9.914325e+00
8.632261e+01	6.878456e-01	-9.876506e-01	1.371063e+01	2.718493e+00	4.044700e+00	3.450535e-01	-6.448228e-01	1.560756e-01	9.912628e+00
8.589393e+01	6.781606e-01	-9.860969e-01	1.371519e+01	2.716958e+00	4.043000e+00	3.465202e-01	-6.451618e-01	1.546527e-01	9.911257e+00
8.645229e+01	6.779575e-01	-9.870964e-01	1.371968e+01	2.709393e+00	4.035061e+00	3.422841e-01	-6.455539e-01	1.530145e-01	9.904559e+00
8.567801e+01	6.757184e-01	-9.806253e-01	1.371460e+01	2.716704e+00	4.042327e+00	3.508876e-01	-6.457691e-01	1.523575e-01	9.905546e+00
8.548280e+01	6.558094e-01	-9.820430e-01	1.372902e+01	2.708011e+00	4.031632e+00	3.517816e-01	-6.451778e-01	1.521670e-01	9.914884e+00
8.546029e+01	6.635753e-01	-9.826478e-01	1.372276e+01	2.712456e+00	4.037035e+00	3.487718e-01	-6.460657e-01	1.508667e-01	9.915186e+00
9.174601e+01	6.705419e-01	-9.936897e-01	1.372565e+01	2.702131e+00	4.025952e+00	3.329129e-01	-6.465622e-01	1.489040e-01	9.921082e+00
8.588069e+01	6.775370e-01	-9.840916e-01	1.371436e+01	2.715208e+00	4.040196e+00	3.430135e-01	-6.468469e-01	1.484955e-01	9.913744e+00
8.898788e+01	7.039185e-01	-9.716016e-01	1.369443e+01	2.729973e+00	4.056584e+00	3.530800e-01	-6.466473e-01	1.471663e-01	9.901656e+00
8.757600e+01	6.732820e-01	-9.870735e-01	1.371190e+01	2.718237e+00	4.045098e+00	3.364401e-01	-6.469534e-01	1.467371e-01	9.919955e+00
9.387908e+01	6.343706e-01	-9.949489e-01	1.373906e+01	2.701740e+00	4.024659e+00	3.297266e-01	-6.473636e-01	1.452407e-01	9.920553e+00
8.558345e+01	6.571640e-01	-9.796731e-01	1.371175e+01	2.722417e+00	4.050889e+00	3.497651e-01	-6.478248e-01	1.452003e-01	9.916971e+00
9.003282e+01	6.589777e-01	-9.727266e-01	1.369888e+01	2.735321e+00	4.067699e+00	3.598491e-01	-6.498590e-01	1.438746e-01	9.922400e+00
8.556657e+01	6.527826e-01	-9.807616e-01	1.371028e+01	2.720905e+00	4.048545e+00	3.498467e-01	-6.492818e-01	1.434381e-01	9.925581e+00
8.788671e+01	6.561026e-01	-9.880280e-01	1.371386e+01	2.711680e+00	4.037124e+00	3.373406e-01	-6.495943e-01	1.421433e-01	9.929924e+00
8.601632e+01	6.548510e-01	-9.842750e-01	1.371300e+01	2.712871e+00	4.037140e+00	3.428150e-01	-6.491847e-01	1.417329e-01	9.927924e+00
8.530263e+01	6.441433e-01	-9.789623e-01	1.371912e+01	2.710241e+00	4.031312e+00	3.480911e-01	-6.468859e-01	1.415299e-01	9.928673e+00
8.545293e+01	6.529672e-01	-9.804606e-01	1.371076e+01	2.713978e+00	4.036802e+00	3.453545e-01	-6.481573e-01	1.403828e-01	9.933436e+00
9.975554e+02	9.251429e-01	-1.122571e+00	1.510571e+01	2.863333e+00	1.889333e+00	2.279048e-01	-8.620000e-01	-1.074286e-01	9.276000e+00
5.460828e+02	1.047514e+00	-1.000200e+00	1.498334e+01	2.985705e+00	1.766962e+00	1.055332e-01	-7.396284e-01	-2.298002e-01	9.153628e+00
2.363499e+02	1.174137e+00	-8.956805e-01	1.483821e+01	3.124444e+00	1.847909e+00	1.930359e-01	-6.540466e-01	-3.011730e-01	9.068558e+00
4.371879e+02	1.247582e+00	-8.221122e-01	1.472500e+01	3.242365e+00	1.954089e+00	2.947338e-01	-6.056219e-01	-3.344031e-01	9.023919e+00
8.208556e+02	1.201778e+00	-7.987784e-01	1.472026e+01	3.273940e+00	2.068660e+00	3.481086e-01	-5.728031e-01	-3.455318e-01	9.002001e+00
5.196161e+02	1.107736e+00	-8.241896e-01	1.479539e+01	3.217665e+00	2.102480e+00	3.277069e-01	-5.516028e-01	-3.482000e-01	9.000877e+00
2.411577e+02	1.014391e+00	-8.679028e-01	1.486710e+01	3.154404e+00	2.157453e+00	2.641985e-01	-5.372691e-01	-3.434596e-01	9.005047e+00
2.283912e+02	9.507517e-01	-9.050259e-01	1.489921e+01	3.120845e+00	2.241813e+00	2.267040e-01	-5.298056e-01	-3.259991e-01	9.014363e+00
2.438358e+02	9.121016e-01	-9.266413e-01	1.490752e+01	3.111336e+00	2.323121e+00	2.210120e-01	-5.243258e-01	-3.132141e-01	9.021297e+00
2.216811e+02	8.927634e-01	-9.396268e-01	1.488838e+01	3.125044e+00	2.420445e+00	2.415332e-01	-5.228112e-01	-2.913020e-01	9.030035e+00
1.849406e+02	8.921172e-01	-9.437310e-01	1.485632e+01	3.155065e+00	2.512243e+00	2.739621e-01	-5.227657e-01	-2.719553e-01	9.037898e+00
1.608840e+02	8.998227e-01	-9.431076e-01	1.481691e+01	3.192463e+00	2.600626e+00	3.155033e-01	-5.261682e-01	-2.479699e-01	9.048950e+00
1.610906e+02	9.184842e-01	-9.462595e-01	1.476872e+01	3.235614e+00	2.691100e+00	3.466092e-01	-5.300179e-01	-2.247285e-01	9.059600e+00
1.581721e+02	9.368185e-01	-9.544168e-01	1.472096e+01	3.275978e+00	2.780174e+00	3.627067e-01	-5.350464e-01	-2.004675e-01	9.070333e+00
1.579158e+02	9.593036e-01	-9.628280e-01	1.467608e+01	3.312060e+00	2.855414e+00	3.779457e-01	-5.408181e-01	-1.782831e-01	9.081974e+00
1.607750e+02	9.841265e-01	-9.714218e-01	1.462999e+01	3.348107e+00	2.928889e+00	3.923770e-01	-5.466535e-01	-1.577317e-01	9.093472e+00
1.283986e+02	1.000059e+00	-9.877574e-01	1.459679e+01	3.368697e+00	2.986459e+00	3.841524e-01	-5.532376e-01	-1.389339e-01	9.105259e+00
1.081976e+02	1.006414e+00	-1.003634e+00	1.457207e+01	3.384803e+00	3.037334e+00	3.762959e-01	-5.594583e-01	-1.223924e-01	9.116161e+00
9.911055e+01	1.026848e+00	-1.015669e+00	1.453578e+01	3.409704e+00	3.091797e+00	3.712716e-01	-5.655316e-01	-1.076073e-01	9.125483e+00
9.588487e+01	1.044887e+00	-1.022901e+00	1.449700e+01	3.441421e+00	3.148296e+00	3.736558e-01	-5.705559e-01	-9.552710e-02	9.133160e+00
9.492871e+01	1.068262e+00	-1.028508e+00	1.445576e+01	3.474439e+00	3.202756e+00	3.784908e-01	-5.764323e-01	-8.414509e-02	9.140569e+00
9.629567e+01	1.087941e+00	-1.033233e+00	1.442133e+01	3.502000e+00	3.247416e+00	3.855011e-01	-5.825571e-01	-7.406835e-02	9.147886e+00
1.007050e+02	1.097587e+00	-1.036204e+00	1.439051e+01	3.532544e+00	3.294946e+00	3.927445e-01	-5.875728e-01	-6.578424e-02	9.153484e+00
1.025997e+02	1.082673e+00	-1.040253e+00	1.438202e+01	3.550331e+00	3.331249e+00	3.988986e-01	-5.926011e-01	-5.861421e-02	9.158729e+00
1.047401e+02	1.079725e+00	-1.043580e+00	1.436585e+01	3.570367e+00	3.364498e+00	4.023679e-01	-5.967430e-01	-5.297470e-02	9.163288e+00
1.040187e+02	1.073395e+00	-1.048251e+00	1.435415e+01	3.585471e+00	3.393223e+00	4.039655e-01	-6.008554e-01	-4.822541e-02	9.168186e+00
1.015304e+02	1.054555e+00	-1.052050e+00	1.435609e+01	3.593950e+00	3.410849e+00	4.042511e-01	-6.041952e-01	-4.451790e-02	9.171639e+00
9.519379e+01	1.027090e+00	-1.057230e+00	1.437311e+01	3.589533e+00	3.412930e+00	4.012317e-01	-6.073639e-01	-4.177613e-02	9.174896e+00
9.589799e+01	1.012274e+00	-1.058975e+00	1.437093e+01	3.601625e+00	3.430321e+00	4.033041e-01	-6.100243e-01	-3.931773e-02	9.177452e+00
9.994553e+01	1.009234e+00	-1.058895e+00	1.436117e+01	3.617379e+00	3.447622e+00	4.081615e-01	-6.122179e-01	-3.718782e-02	9.179635e+00
1.016000e+02	9.948761e-01	-1.059658e+00	1.435968e+01	3.629030e+00	3.461004e+00	4.104879e-01	-6.144411e-01	-3.564495e-02	9.181579e+00
1.052026e+02	9.891526e-01	-1.059998e+00	1.435206e+01	3.642889e+00	3.475564e+00	4.139437e-01	-6.163853e-01	-3.416246e-02	9.183679e+00
1.033700e+02	9.720435e-01	-1.061543e+00	1.435614e+01	3.648555e+00	3.480201e+00	4.130403e-01	-6.182257e-01	-3.329089e-02	9.185268e+00
1.030334e+02	9.525565e-01	-1.062176e+00	1.436302e+01	3.653829e+00	3.481698e+00	4.137540e-01	-6.201470e-01	-3.265220e-02	9.186446e+00
1.009340e+02	9.412959e-01	-1.063734e+00	1.436503e+01	3.659145e+00	3.484139e+00	4.117638e-01	-6.216146e-01	-3.212959e-02	9.187932e+00
9.815505e+01	9.220009e-01	-1.065491e+00	1.437221e+01	3.662531e+00	3.484533e+00	4.091137e-01	-6.227155e-01	-3.163415e-02	9.189232e+00
1.009719e+02	9.225350e-01	-1.064707e+00	1.436504e+01	3.675211e+00	3.491768e+00	4.112059e-01	-6.239977e-01	-3.136788e-02	9.190347e+00
1.148258e+02	9.347813e-01	-1.060047e+00	1.434419e+01	3.700764e+00	3.512536e+00	4.194555e-01	-6.251139e-01	-3.097412e-02	9.190261e+00
1.071785e+02	9.257595e-01	-1.062724e+00	1.434981e+01	3.700412e+00	3.505384e+00	4.137385e-01	-6.262927e-01	-3.095377e-02	9.191926e+00
9.861122e+01	9.105806e-01	-1.066109e+00	1.436198e+01	3.695034e+00	3.494268e+00	4.056662e-01	-6.275776e-01	-3.105827e-02	9.193381e+00
9.665480e+01	9.064750e-01	-1.067357e+00	1.436300e+01	3.698898e+00	3.490553e+00	4.024772e-01	-6.285329e-01	-3.110587e-02	9.194762e+00
1.042115e+02	9.197802e-01	-1.063361e+00	1.434807e+01	3.716764e+00	3.496142e+00	4.081286e-01	-6.294097e-01	-3.143526e-02	9.194904e+00
1.046220e+02	9.132841e-01	-1.063532e+00	1.434891e+01	3.722480e+00	3.493252e+00	4.086170e-01	-6.302260e-01	-3.145900e-02	9.196213e+00
1.051544e+02	9.093850e-01	-1.063847e+00	1.434404e+01	3.733317e+00	3.499040e+00	4.077656e-01	-6.305916e-01	-3.166361e-02	9.197919e+00
1.038978e+02	9.003193e-01	-1.064300e+00	1.435162e+01	3.734459e+00	3.489343e+00	4.075161e-01	-6.314844e-01	-3.172407e-02	9.198991e+00
1.109053e+02	9.054297e-01	-1.060787e+00	1.434616e+01	3.745495e+00	3.486881e+00	4.116520e-01	-6.318809e-01	-3.192642e-02	9.198897e+00
1.023257e+02	8.902070e-01	-1.064217e+00	1.435966e+01	3.738891e+00	3.470572e+00	4.059345e-01	-6.328283e-01	-3.206144e-02	9.200715e+00
1.018164e+03	7.331429e-01	-5.511429e-01	1.516057e+01	1.434000e+00	1.249333e+00	2.858095e-01	-5.983810e-01	-4.000000e-01	1.052857e+01
2.796358e+02	6.107713e-01	-6.735144e-01	1.503820e+01	1.556372e+00	1.371705e+00	1.634379e-01	-4.760094e-01	-2.776284e-01	1.065094e+01
4.074112e+02	5.733074e-01	-7.532814e-01	1.489079e+01	1.702348e+00	1.476827e+00	8.550065e-02	-5.919273e-01	-1.491097e-01	1.073099e+01
3.375611e+02	6.062194e-01	-7.652359e-01	1.475768e+01	1.834754e+00	1.555840e+00	9.383294e-02	-7.142416e-01	-2.474032e-02	1.075641e+01
2.227738e+02	6.763741e-01	-7.531509e-01	1.462401e+01	1.969847e+00	1.632139e+00	1.274236e-01	-8.416079e-01	8.562122e-02	1.075473e+01
1.511005e+02	7.794598e-01	-7.226406e-01	1.449203e+01	2.101214e+00	1.707478e+00	1.710004e-01	-8.320693e-01	2.002652e-01	1.073674e+01
1.569117e+02	8.103717e-01	-7.055016e-01	1.441070e+01	2.192078e+00	1.770776e+00	2.083848e-01	-8.478114e-01	2.264078e-01	1.071539e+01
1.786872e+02	8.498344e-01	-7.026172e-01	1.434206e+01	2.248356e+00	1.820684e+00	2.296534e-01	-8.629011e-01	2.174317e-01	1.069323e+01
1.285260e+02	7.713435e-01	-7.332496e-01	1.437843e+01	2.219473e+00	1.883076e+00	2.239497e-01	-8.692718e-01	1.723431e-01	1.068996e+01
1.174485e+02	6.905863e-01	-7.611394e-01	1.441650e+01	2.193925e+00	1.944485e+00	2.142848e-01	-8.962260e-01	1.115116e-01	1.068545e+01
1.529862e+02	6.653250e-01	-7.816770e-01	1.439531e+01	2.210597e+00	2.009483e+00	2.114319e-01	-8.967530e-01	6.174670e-02	1.067689e+01
1.252262e+02	6.673572e-01	-7.508330e-01	1.434069e+01	2.273374e+00	2.081671e+00	2.399958e-01	-7.930566e-01	1.431694e-01	1.064342e+01
1.520352e+02	6.898294e-01	-7.393015e-01	1.427827e+01	2.327578e+00	2.143697e+00	2.515422e-01	-7.269831e-01	1.877443e-01	1.061900e+01
1.346010e+02	7.078449e-01	-7.505454e-01	1.423327e+01	2.347462e+00	2.184612e+00	2.339856e-01	-6.812929e-01	2.170195e-01	1.060838e+01
1.284629e+02	6.932828e-01	-7.667048e-01	1.420030e+01	2.359387e+00	2.244953e+00	2.233386e-01	-6.471003e-01	2.306313e-01	1.060094e+01
1.285294e+02	6.756996e-01	-7.788221e-01	1.415503e+01	2.382239e+00	2.320889e+00	2.180683e-01	-6.248899e-01	2.361986e-01	1.058948e+01
1.255409e+02	6.691491e-01	-7.838056e-01	1.410096e+01	2.428050e+00	2.393567e+00	2.217895e-01	-6.117185e-01	2.390754e-01	1.057591e+01
1.217284e+02	6.222030e-01	-7.819843e-01	1.406868e+01	2.475674e+00	2.477780e+00	2.367969e-01	-6.019835e-01	2.385254e-01	1.055687e+01
1.188360e+02	6.179669e-01	-7.892635e-01	1.401566e+01	2.516195e+00	2.548906e+00	2.371588e-01	-6.014222e-01	2.342112e-01	1.054452e+01
1.155966e+02	5.602915e-01	-8.025836e-01	1.401154e+01	2.516182e+00	2.610324e+00	2.359405e-01	-6.008279e-01	2.262367e-01	1.053275e+01
1.126981e+02	5.587514e-01	-8.078921e-01	1.395483e+01	2.560757e+00	2.685868e+00	2.375397e-01	-6.059821e-01	2.196602e-01	1.052079e+01
1.105630e+02	5.414059e-01	-8.099408e-01	1.388861e+01	2.626749e+00	2.779121e+00	2.436753e-01	-6.125166e-01	2.141581e-01	1.050789e+01
1.080590e+02	5.274033e-01	-8.163537e-01	1.385900e+01	2.636035e+00	2.828928e+00	2.449793e-01	-6.191333e-01	2.060079e-01	1.049560e+01
1.063512e+02	5.080051e-01	-8.279239e-01	1.384995e+01	2.622028e+00	2.858749e+00	2.419257e-01	-6.241746e-01	1.973992e-01	1.048579e+01
1.038068e+02	4.898759e-01	-8.314756e-01	1.381844e+01	2.634538e+00	2.909846e+00	2.459649e-01	-6.313184e-01	1.899965e-01	1.047242e+01
1.015157e+02	4.668090e-01	-8.368530e-01	1.380576e+01	2.625786e+00	2.944504e+00	2.516692e-01	-6.363336e-01	1.822356e-01	1.045924e+01
1.001305e+02	4.593297e-01	-8.368282e-01	1.376567e+01	2.646982e+00	2.995388e+00	2.577968e-01	-6.434751e-01	1.759576e-01	1.044580e+01
9.787117e+01	4.302375e-01	-8.430198e-01	1.377928e+01	2.607774e+00	3.000497e+00	2.575913e-01	-6.489935e-01	1.691243e-01	1.043050e+01
9.678836e+01	4.331787e-01	-8.450685e-01	1.373842e+01	2.626379e+00	3.045663e+00	2.607819e-01	-6.549632e-01	1.634425e-01	1.042015e+01
9.650295e+01	4.140268e-01	-8.550538e-01	1.374247e+01	2.597795e+00	3.053315e+00	2.572187e-01	-6.600529e-01	1.562423e-01	1.041018e+01
9.407957e+01	4.314028e-01	-8.556095e-01	1.369856e+01	2.625216e+00	3.101793e+00	2.619134e-01	-6.704035e-01	1.446366e-01	1.040154e+01
9.538732e+01	4.326052e-01	-8.505189e-01	1.366547e+01	2.651475e+00	3.143427e+00	2.729174e-01	-6.851746e-01	1.290311e-01	1.038933e+01
8.970235e+01	4.214836e-01	-8.627583e-01	1.365784e+01	2.633666e+00	3.162798e+00	2.653710e-01	-6.943496e-01	1.163868e-01	1.038576e+01
8.741244e+01	4.434998e-01	-8.696178e-01	1.360958e+01	2.655563e+00	3.208065e+00	2.632565e-01	-7.096821e-01	9.849558e-02	1.038093e+01
8.555326e+01	4.085208e-01	-8.787570e-01	1.361986e+01	2.626620e+00	3.211035e+00	2.605655e-01	-7.234220e-01	8.035068e-02	1.037566e+01
8.151252e+01	4.189929e-01	-8.828661e-01	1.358930e+01	2.641409e+00	3.243745e+00	2.674052e-01	-7.355314e-01	6.424700e-02	1.037105e+01
7.708538e+01	3.941103e-01	-8.829326e-01	1.359171e+01	2.635432e+00	3.253555e+00	2.748880e-01	-7.515407e-01	4.578471e-02	1.036203e+01
7.694471e+01	3.968159e-01	-8.776894e-01	1.354904e+01	2.671968e+00	3.298910e+00	2.871824e-01	-7.714118e-01	2.401998e-02	1.035593e+01
6.994859e+01	3.503975e-01	-8.901955e-01	1.358194e+01	2.621341e+00	3.272602e+00	2.794395e-01	-7.854241e-01	5.177162e-03	1.035375e+01
7.027337e+01	3.338890e-01	-8.927723e-01	1.358571e+01	2.602741e+00	3.263795e+00	2.820602e-01	-7.937655e-01	-1.075790e-02	1.034996e+01
6.893069e+01	3.389514e-01	-8.854123e-01	1.357420e+01	2.597617e+00	3.266546e+00	2.877473e-01	-7.827736e-01	-8.211015e-03	1.033924e+01
7.161859e+01	3.566501e-01	-8.817991e-01	1.355818e+01	2.592260e+00	3.273384e+00	2.917417e-01	-7.759905e-01	-9.809216e-03	1.033097e+01
6.940394e+01	3.620432e-01	-8.842363e-01	1.354957e+01	2.580807e+00	3.275038e+00	2.884901e-01	-7.779264e-01	-1.888567e-02	1.032645e+01
1.051930e+02	3.591495e-01	-9.097923e-01	1.356295e+01	2.527601e+00	3.258636e+00	2.663792e-01	-8.098124e-01	-5.676066e-02	1.033392e+01
1.217682e+02	3.884899e-01	-9.039569e-01	1.352839e+01	2.549040e+00	3.281449e+00	2.758205e-01	-8.303652e-01	-8.394493e-02	1.033168e+01
1.159027e+02	3.937385e-01	-8.475643e-01	1.350722e+01	2.587062e+00	3.295292e+00	3.068141e-01	-7.391531e-01	-6.387968e-02	1.030097e+01
1.603208e+02	3.964479e-01	-8.263915e-01	1.351723e+01	2.561833e+00	3.274286e+00	3.093059e-01	-6.792870e-01	-5.478893e-02	1.028395e+01
9.282202e+01	3.376641e-01	-8.668318e-01	1.356273e+01	2.491646e+00	3.248591e+00	2.491357e-01	-6.407095e-01	-5.528499e-02	1.029102e+01
1.353636e+02	3.117708e-01	-8.900763e-01	1.357947e+01	2.459122e+00	3.239225e+00	2.198089e-01	-6.244754e-01	-5.355936e-02	1.029755e+01
1.097497e+02	3.356847e-01	-8.847624e-01	1.351819e+01	2.511991e+00	3.290976e+00	2.347289e-01	-6.270919e-01	-4.687967e-02	1.029792e+01
9.082488e+01	3.722010e-01	-8.662958e-01	1.345179e+01	2.566301e+00	3.344336e+00	2.621272e-01	-6.329841e-01	-4.191547e-02	1.029074e+01
9.227940e+01	3.386720e-01	-8.605552e-01	1.346462e+01	2.556226e+00	3.337658e+00	2.764619e-01	-6.432434e-01	-4.468778e-02	1.028376e+01
9.020594e+01	3.281137e-01	-8.645430e-01	1.344606e+01	2.568654e+00	3.359538e+00	2.803154e-01	-6.594045e-01	-4.704459e-02	1.028540e+01
9.519228e+01	2.973520e-01	-8.982190e-01	1.347636e+01	2.514065e+00	3.337087e+00	2.528980e-01	-6.799211e-01	-5.558972e-02	1.029992e+01
8.553740e+01	2.971428e-01	-9.011949e-01	1.346150e+01	2.522789e+00	3.355022e+00	2.628243e-01	-7.076543e-01	-6.605547e-02	1.030261e+01
7.282803e+01	3.284314e-01	-8.892509e-01	1.341800e+01	2.557908e+00	3.391850e+00	2.915037e-01	-7.372226e-01	-7.541683e-02	1.030068e+01
6.792318e+01	3.143076e-01	-8.942102e-01	1.341272e+01	2.560472e+00	3.397311e+00	2.973908e-01	-7.655129e-01	-8.927671e-02	1.030806e+01
6.803762e+01	2.767901e-01	-9.004946e-01	1.344441e+01	2.524514e+00	3.372943e+00	2.989286e-01	-7.844590e-01	-1.026128e-01	1.030944e+01
6.976070e+01	2.856723e-01	-8.897508e-01	1.342929e+01	2.532271e+00	3.378187e+00	3.030051e-01	-7.613246e-01	-8.666119e-02	1.030016e+01
7.137861e+01	3.154480e-01	-8.880929e-01	1.340278e+01	2.547769e+00	3.391970e+00	3.040289e-01	-7.647510e-01	-9.446548e-02	1.030044e+01
7.166007e+01	2.856641e-01	-9.069296e-01	1.342773e+01	2.509234e+00	3.364809e+00	2.831208e-01	-7.704946e-01	-1.048201e-01	1.030462e+01
7.005114e+01	2.981904e-01	-8.963883e-01	1.341981e+01	2.503460e+00	3.361134e+00	2.827007e-01	-7.438717e-01	-9.400185e-02	1.029232e+01
7.243098e+01	3.031414e-01	-8.882515e-01	1.340615e+01	2.511131e+00	3.365980e+00	2.857704e-01	-7.296441e-01	-8.667215e-02	1.028310e+01
8.583042e+01	3.399643e-01	-8.739732e-01	1.336783e+01	2.541449e+00	3.390829e+00	2.999471e-01	-7.337554e-01	-8.870659e-02	1.027325e+01
7.454860e+01	2.773330e-01	-9.026162e-01	1.341821e+01	2.485617e+00	3.345619e+00	2.725679e-01	-7.420985e-01	-9.683034e-02	1.028166e+01
9.466053e+01	2.289456e-01	-9.189040e-01	1.345062e+01	2.450154e+00	3.318848e+00	2.627739e-01	-7.565710e-01	-1.053540e-01	1.028515e+01
7.188921e+01	2.559832e-01	-8.965186e-01	1.341105e+01	2.481121e+00	3.343516e+00	2.805906e-01	-7.387988e-01	-9.351070e-02	1.027048e+01
7.950113e+01	2.677069e-01	-8.783247e-01	1.337595e+01	2.518868e+00	3.370975e+00	3.000503e-01	-7.366960e-01	-8.982869e-02	1.026155e+01
8.585173e+01	2.875105e-01	-8.750922e-01	1.335841e+01	2.522186e+00	3.377495e+00	3.053829e-01	-7.406587e-01	-9.068468e-02	1.025802e+01
6.984376e+01	2.682770e-01	-8.943877e-01	1.337764e+01	2.493375e+00	3.350940e+00	2.878492e-01	-7.432066e-01	-9.501204e-02	1.026188e+01
7.664191e+01	2.618401e-01	-9.119739e-01	1.338114e+01	2.476983e+00	3.340621e+00	2.726881e-01	-7.582364e-01	-1.031246e-01	1.026839e+01
6.690274e+01	2.683976e-01	-9.041977e-01	1.337245e+01	2.485325e+00	3.337047e+00	2.889270e-01	-7.706790e-01	-1.081152e-01	1.026675e+01
7.201993e+01	2.967505e-01	-8.888622e-01	1.333925e+01	2.510840e+00	3.361953e+00	3.030426e-01	-7.630950e-01	-1.011224e-01	1.025754e+01
7.150952e+01	2.863664e-01	-8.906178e-01	1.332447e+01	2.532414e+00	3.376111e+00	3.060994e-01	-7.887824e-01	-1.220047e-01	1.025392e+01
9.024320e+01	2.667964e-01	-9.152937e-01	1.335174e+01	2.493506e+00	3.348250e+00	2.826686e-01	-8.032831e-01	-1.410272e-01	1.025958e+01
8.796334e+01	2.883969e-01	-8.715636e-01	1.334400e+01	2.497147e+00	3.344517e+00	2.939939e-01	-6.993337e-01	-9.141170e-02	1.021985e+01
1.143664e+02	2.723191e-01	-8.511468e-01	1.336466e+01	2.474242e+00	3.316175e+00	2.958369e-01	-6.340309e-01	-5.911895e-02	1.019609e+01
9.488053e+01	2.518900e-01	-8.595036e-01	1.341966e+01	2.401731e+00	3.252651e+00	2.770442e-01	-5.971711e-01	-3.465531e-02	1.018766e+01
1.093789e+02	2.249306e-01	-8.843346e-01	1.344906e+01	2.363594e+00	3.224868e+00	2.426698e-01	-5.726278e-01	-1.843456e-02	1.018950e+01
1.026745e+02	2.557110e-01	-8.815357e-01	1.340704e+01	2.386883e+00	3.257945e+00	2.458941e-01	-5.625772e-01	-1.154910e-03	1.018595e+01
9.356374e+01	2.755085e-01	-8.748897e-01	1.336921e+01	2.417504e+00	3.289992e+00	2.579510e-01	-5.600812e-01	1.476891e-02	1.018325e+01
9.499575e+01	2.851085e-01	-8.667378e-01	1.332163e+01	2.470101e+00	3.334083e+00	2.737833e-01	-5.628646e-01	2.963140e-02	1.018186e+01
9.252420e+01	2.838815e-01	-8.738646e-01	1.330493e+01	2.472505e+00	3.348510e+00	2.765729e-01	-5.704698e-01	3.897798e-02	1.018604e+01
8.957198e+01	2.576637e-01	-8.822532e-01	1.330767e+01	2.460934e+00	3.352092e+00	2.802572e-01	-5.777872e-01	4.429298e-02	1.019045e+01
9.244739e+01	2.367318e-01	-9.008420e-01	1.330804e+01	2.451673e+00	3.351512e+00	2.690827e-01	-5.889520e-01	4.975654e-02	1.019924e+01
9.176020e+01	2.391415e-01	-9.060796e-01	1.327517e+01	2.473318e+00	3.384627e+00	2.723533e-01	-5.978882e-01	5.398574e-02	1.020351e+01
8.709189e+01	2.430011e-01	-9.006464e-01	1.325172e+01	2.493254e+00	3.399537e+00	2.872699e-01	-6.092188e-01	5.841442e-02	1.020261e+01
9.600373e+01	2.760851e-01	-8.927960e-01	1.320540e+01	2.527607e+00	3.436387e+00	3.034831e-01	-6.205577e-01	6.128174e-02	1.020201e+01
8.678326e+01	2.046248e-01	-9.127959e-01	1.325635e+01	2.485899e+00	3.383569e+00	2.884295e-01	-6.290716e-01	6.233998e-02	1.020750e+01
1.063513e+02	1.338800e-01	-9.322428e-01	1.330848e+01	2.439462e+00	3.329210e+00	2.725757e-01	-6.441503e-01	5.481987e-02	1.021081e+01
8.249859e+01	1.364203e-01	-9.138172e-01	1.329397e+01	2.460466e+00	3.338476e+00	3.042341e-01	-6.635836e-01	4.240031e-02	1.020701e+01
1.353775e+03	-7.114286e-01	-1.150000e+00	1.408171e+01	2.895333e+00	2.124000e+00	4.839048e-01	-9.640952e-01	8.000000e-02	9.422286e+00
4.905725e+02	-5.890570e-01	-1.027628e+00	1.395934e+01	3.017705e+00	2.246372e+00	6.062763e-01	-8.417237e-01	2.023716e-01	9.299914e+00
4.969925e+02	-5.001557e-01	-1.022647e+00	1.389442e+01	3.048818e+00	2.314638e+00	6.012392e-01	-7.983681e-01	2.453128e-01	9.286703e+00
2.267784e+02	-4.680733e-01	-1.063604e+00	1.392068e+01	2.998841e+00	2.274418e+00	5.400087e-01	-7.821961e-01	2.610012e-01	9.298534e+00
1.577685e+02	-4.155645e-01	-1.104813e+00	1.390884e+01	2.964089e+00	2.279976e+00	4.825417e-01	-7.763605e-01	2.665661e-01	9.319834e+00
1.586575e+02	-3.395915e-01	-1.118638e+00	1.383932e+01	2.982763e+00	2.340961e+00	4.598975e-01	-7.737558e-01	2.688540e-01	9.329878e+00
1.468042e+02	-2.513462e-01	-1.115838e+00	1.375168e+01	3.026009e+00	2.419660e+00	4.580613e-01	-7.712547e-01	2.705500e-01	9.331047e+00
1.297975e+02	-1.443917e-01	-1.109076e+00	1.364086e+01	3.077497e+00	2.513539e+00	4.609480e-01	-7.700261e-01	2.713450e-01	9.330624e+00
1.180233e+02	-5.856330e-02	-1.100639e+00	1.354687e+01	3.138490e+00	2.592265e+00	4.652134e-01	-7.677696e-01	2.726611e-01	9.329127e+00
1.082111e+02	5.164279e-02	-1.099545e+00	1.342531e+01	3.202559e+00	2.692532e+00	4.598816e-01	-7.668837e-01	2.731417e-01	9.333468e+00
1.041057e+02	1.064196e-01	-1.099632e+00	1.340139e+01	3.192676e+00	2.685219e+00	4.525821e-01	-7.646006e-01	2.745386e-01	9.332899e+00
1.002955e+02	1.727149e-01	-1.098349e+00	1.336027e+01	3.193891e+00	2.688533e+00	4.462646e-01	-7.618188e-01	2.762412e-01	9.331329e+00
9.719125e+01	2.301501e-01	-1.100311e+00	1.332873e+01	3.188163e+00	2.683130e+00	4.378204e-01	-7.606492e-01	2.769095e-01	9.332838e+00
1.001875e+02	2.917930e-01	-1.092855e+00	1.325808e+01	3.232809e+00	2.723682e+00	4.434252e-01	-7.594119e-01	2.776603e-01	9.331370e+00
9.823834e+01	2.799650e-01	-1.104471e+00	1.332981e+01	3.145187e+00	2.624634e+00	4.228507e-01	-7.575513e-01	2.787330e-01	9.333013e+00
9.639156e+01	3.393356e-01	-1.102816e+00	1.329717e+01	3.139840e+00	2.618804e+00	4.176682e-01	-7.556486e-01	2.798193e-01	9.329920e+00
9.344556e+01	3.657056e-01	-1.091792e+00	1.327566e+01	3.164576e+00	2.614395e+00	4.291365e-01	-7.537085e-01	2.808192e-01	9.326564e+00
9.446709e+01	3.848025e-01	-1.086448e+00	1.325441e+01	3.184654e+00	2.613059e+00	4.298367e-01	-7.528017e-01	2.812498e-01	9.322471e+00
9.321935e+01	3.657275e-01	-1.092079e+00	1.330969e+01	3.129761e+00	2.544718e+00	4.212381e-01	-7.505770e-01	2.824321e-01	9.324814e+00
9.524781e+01	3.418192e-01	-1.089096e+00	1.337203e+01	3.078179e+00	2.480682e+00	4.242035e-01	-7.473815e-01	2.841810e-01	9.322289e+00
9.142182e+01	4.053196e-01	-1.083249e+00	1.330949e+01	3.122317e+00	2.510940e+00	4.249823e-01	-7.462001e-01	2.846635e-01	9.322322e+00
9.466597e+01	4.474272e-01	-1.077049e+00	1.326017e+01	3.170990e+00	2.533810e+00	4.274367e-01	-7.433633e-01	2.861472e-01	9.323253e+00
9.347293e+01	3.961784e-01	-1.086821e+00	1.334213e+01	3.099320e+00	2.463126e+00	4.125363e-01	-7.427242e-01	2.862538e-01	9.325236e+00
9.133272e+01	4.089578e-01	-1.080199e+00	1.335378e+01	3.084278e+00	2.426344e+00	4.187457e-01	-7.400953e-01	2.875050e-01	9.324282e+00
9.016840e+01	4.255122e-01	-1.075729e+00	1.332027e+01	3.112477e+00	2.451856e+00	4.194545e-01	-7.391873e-01	2.877767e-01	9.323083e+00
9.020441e+01	3.990013e-01	-1.075478e+00	1.331317e+01	3.142387e+00	2.471276e+00	4.176324e-01	-7.371067e-01	2.886891e-01	9.326762e+00
9.011990e+01	4.153891e-01	-1.077308e+00	1.332318e+01	3.115200e+00	2.438483e+00	4.099083e-01	-7.360282e-01	2.890616e-01	9.326117e+00
8.958131e+01	4.609373e-01	-1.071403e+00	1.328710e+01	3.134146e+00	2.445824e+00	4.113712e-01	-7.335683e-01	2.900977e-01	9.323970e+00
9.154903e+01	4.106391e-01	-1.077057e+00	1.334128e+01	3.101230e+00	2.404910e+00	4.025256e-01	-7.325302e-01	2.905160e-01	9.327874e+00
8.932701e+01	3.914596e-01	-1.067930e+00	1.334310e+01	3.120378e+00	2.414222e+00	4.120773e-01	-7.303435e-01	2.914359e-01	9.326481e+00
8.952666e+01	4.150015e-01	-1.071875e+00	1.333010e+01	3.118995e+00	2.405038e+00	4.017793e-01	-7.290854e-01	2.919218e-01	9.330404e+00
8.853419e+01	4.329145e-01	-1.065221e+00	1.330586e+01	3.143054e+00	2.414648e+00	4.049280e-01	-7.285325e-01	2.919328e-01	9.327717e+00
8.937487e+01	4.260283e-01	-1.070356e+00	1.331724e+01	3.128249e+00	2.395455e+00	3.964041e-01	-7.264223e-01	2.928697e-01	9.335144e+00
9.318133e+01	4.314477e-01	-1.056565e+00	1.327278e+01	3.175900e+00	2.443240e+00	4.109464e-01	-7.257068e-01	2.931964e-01	9.329725e+00
9.005016e+01	3.785191e-01	-1.068088e+00	1.334970e+01	3.103826e+00	2.352651e+00	3.999240e-01	-7.241786e-01	2.935140e-01	9.338351e+00
8.909218e+01	3.713172e-01	-1.062965e+00	1.334859e+01	3.112472e+00	2.352805e+00	4.095294e-01	-7.226712e-01	2.941827e-01	9.342727e+00
8.944056e+01	4.002498e-01	-1.066925e+00	1.333753e+01	3.102744e+00	2.335825e+00	3.977493e-01	-7.212802e-01	2.943834e-01	9.345373e+00
8.833738e+01	4.599349e-01	-1.065312e+00	1.330910e+01	3.096211e+00	2.322413e+00	3.976322e-01	-7.198965e-01	2.949464e-01	9.351392e+00
8.821009e+01	4.254599e-01	-1.057303e+00	1.330463e+01	3.131480e+00	2.348703e+00	4.039882e-01	-7.183963e-01	2.951991e-01	9.349151e+00
8.908276e+01	3.576398e-01	-1.055011e+00	1.335730e+01	3.108489e+00	2.317930e+00	4.072055e-01	-7.159380e-01	2.962218e-01	9.346757e+00
8.972714e+01	3.835529e-01	-1.064085e+00	1.332824e+01	3.113018e+00	2.330530e+00	3.897073e-01	-7.156778e-01	2.958026e-01	9.355610e+00
8.751064e+01	3.993984e-01	-1.058016e+00	1.331502e+01	3.123185e+00	2.321205e+00	3.925046e-01	-7.155030e-01	2.957340e-01	9.352167e+00
9.013332e+01	4.272203e-01	-1.050319e+00	1.327208e+01	3.160314e+00	2.361051e+00	4.015084e-01	-7.139194e-01	2.959213e-01	9.356422e+00
9.287565e+01	4.330209e-01	-1.052788e+00	1.322603e+01	3.211098e+00	2.408698e+00	3.989831e-01	-7.129434e-01	2.963494e-01	9.371902e+00
1.130112e+02	3.112968e-01	-1.076673e+00	1.338621e+01	3.076999e+00	2.269218e+00	3.700697e-01	-7.122275e-01	2.958787e-01	9.378203e+00
8.944277e+01	3.597104e-01	-1.048358e+00	1.334857e+01	3.127823e+00	2.291837e+00	4.058709e-01	-7.089156e-01	2.970480e-01	9.370506e+00
9.378578e+01	3.460438e-01	-1.062116e+00	1.337536e+01	3.086040e+00	2.257697e+00	3.847203e-01	-7.091811e-01	2.960119e-01	9.377218e+00
9.764158e+01	3.565131e-01	-1.063048e+00	1.338033e+01	3.069507e+00	2.236086e+00	3.775457e-01	-7.075901e-01	2.961134e-01	9.377521e+00
1.040966e+02	4.437575e-01	-1.034216e+00	1.328463e+01	3.156616e+00	2.320700e+00	4.134980e-01	-7.067837e-01	2.961272e-01	9.373949e+00
1.289668e+02	4.221476e-01	-1.028256e+00	1.325772e+01	3.197671e+00	2.385389e+00	4.264826e-01	-7.075561e-01	2.946264e-01	9.378474e+00
2.546642e+02	2.536118e-01	-1.118957e+00	1.346273e+01	2.979724e+00	2.171365e+00	3.138266e-01	-7.074299e-01	2.941638e-01	9.417543e+00
1.751212e+02	2.961577e-01	-1.095979e+00	1.341152e+01	3.013830e+00	2.198477e+00	3.377618e-01	-7.037105e-01	2.948451e-01	9.402390e+00
1.153850e+02	4.048606e-01	-1.031338e+00	1.329961e+01	3.125463e+00	2.287999e+00	4.295356e-01	-7.018035e-01	2.951539e-01	9.382271e+00
8.320098e+02	-4.645714e-01	-1.406000e+00	1.389886e+01	1.850000e+00	1.441333e+00	4.046667e-01	-6.197143e-01	-5.508571e-01	9.266857e+00
1.058645e+03	-3.421998e-01	-1.283628e+00	1.377649e+01	1.972372e+00	1.563705e+00	5.270382e-01	-7.420859e-01	-4.284856e-01	9.144486e+00
2.524327e+02	-2.136506e-01	-1.154783e+00	1.363009e+01	2.114633e+00	1.459634e+00	4.499878e-01	-6.198264e-01	-5.502398e-01	9.021442e+00
2.437256e+02	-1.073284e-01	-1.074645e+00	1.349764e+01	2.241111e+00	1.452904e+00	4.219089e-01	-5.475935e-01	-6.197806e-01	8.948667e+00
2.436344e+02	5.136810e-04	-1.014873e+00	1.336144e+01	2.377244e+00	1.537260e+00	4.118754e-01	-4.956005e-01	-6.655294e-01	8.895912e+00
2.587988e+02	7.735406e-02	-9.787224e-01	1.322985e+01	2.503674e+00	1.646569e+00	3.948017e-01	-4.613887e-01	-6.891616e-01	8.861336e+00
2.815693e+02	1.743876e-01	-9.529450e-01	1.310267e+01	2.621346e+00	1.740655e+00	3.818753e-01	-4.362990e-01	-7.064711e-01	8.836282e+00
2.687503e+02	1.642137e-01	-9.437310e-01	1.300465e+01	2.667414e+00	1.847449e+00	3.515710e-01	-4.196839e-01	-7.112311e-01	8.821113e+00
2.529034e+02	1.404712e-01	-9.407684e-01	1.291064e+01	2.709938e+00	1.953409e+00	3.199445e-01	-4.079494e-01	-7.123942e-01	8.810981e+00
2.413553e+02	6.971783e-02	-9.455429e-01	1.283801e+01	2.695670e+00	2.065544e+00	2.834708e-01	-4.009676e-01	-7.046655e-01	8.807101e+00
2.355013e+02	2.393291e-03	-9.490431e-01	1.274935e+01	2.731824e+00	2.174312e+00	2.671631e-01	-3.962223e-01	-6.971064e-01	8.805044e+00
2.228419e+02	-4.081518e-02	-9.511386e-01	1.265111e+01	2.786800e+00	2.277943e+00	2.686282e-01	-3.930243e-01	-6.896856e-01	8.804384e+00
2.121577e+02	-1.209392e-01	-9.553680e-01	1.256280e+01	2.825195e+00	2.382648e+00	2.698805e-01	-3.920720e-01	-6.773202e-01	8.805584e+00
2.055541e+02	-1.811759e-01	-9.576200e-01	1.250822e+01	2.840012e+00	2.456688e+00	2.761971e-01	-3.913508e-01	-6.679934e-01	8.806487e+00
1.991421e+02	-2.650163e-01	-9.632974e-01	1.245686e+01	2.837249e+00	2.533420e+00	2.816374e-01	-3.920422e-01	-6.554169e-01	8.808818e+00
1.951129e+02	-3.421171e-01	-9.693205e-01	1.239383e+01	2.847132e+00	2.610407e+00	2.921819e-01	-3.933300e-01	-6.423694e-01	8.811562e+00
1.912749e+02	-4.191162e-01	-9.762754e-01	1.240338e+01	2.792460e+00	2.646590e+00	2.926384e-01	-3.945014e-01	-6.318409e-01	8.813962e+00
1.878679e+02	-4.475677e-01	-9.804670e-01	1.239767e+01	2.760663e+00	2.677348e+00	3.023345e-01	-3.953895e-01	-6.238526e-01	8.816101e+00
1.843468e+02	-4.970212e-01	-9.874124e-01	1.239621e+01	2.717652e+00	2.711705e+00	3.069412e-01	-3.976853e-01	-6.114694e-01	8.818917e+00
1.857122e+02	-5.194473e-01	-9.949973e-01	1.240346e+01	2.666567e+00	2.733759e+00	3.054692e-01	-3.994270e-01	-6.020724e-01	8.821523e+00
1.763523e+02	-5.291858e-01	-9.991696e-01	1.236529e+01	2.661569e+00	2.775686e+00	3.212623e-01	-4.022444e-01	-5.890666e-01	8.825960e+00
1.707310e+02	-5.272094e-01	-1.002551e+00	1.232927e+01	2.649230e+00	2.812772e+00	3.361498e-01	-4.046601e-01	-5.780210e-01	8.829483e+00
1.675074e+02	-5.195304e-01	-1.007146e+00	1.229597e+01	2.638728e+00	2.846139e+00	3.477926e-01	-4.075281e-01	-5.657851e-01	8.834242e+00
1.646793e+02	-5.144392e-01	-1.014118e+00	1.225786e+01	2.630385e+00	2.881701e+00	3.546429e-01	-4.109557e-01	-5.518383e-01	8.839881e+00
1.613259e+02	-5.101385e-01	-1.020561e+00	1.227166e+01	2.578837e+00	2.891971e+00	3.544974e-01	-4.134637e-01	-5.416336e-01	8.844069e+00
1.614949e+02	-5.161435e-01	-1.026274e+00	1.231182e+01	2.507617e+00	2.886312e+00	3.542903e-01	-4.155046e-01	-5.333709e-01	8.847296e+00
1.603056e+02	-4.926372e-01	-1.031452e+00	1.230531e+01	2.473846e+00	2.899115e+00	3.562687e-01	-4.179878e-01	-5.236679e-01	8.851153e+00
1.553089e+02	-4.512718e-01	-1.035818e+00	1.226541e+01	2.477006e+00	2.925618e+00	3.656205e-01	-4.208462e-01	-5.127244e-01	8.855524e+00
1.534059e+02	-4.218491e-01	-1.039261e+00	1.226299e+01	2.445533e+00	2.934193e+00	3.699157e-01	-4.230595e-01	-5.042706e-01	8.858638e+00
1.509524e+02	-3.946691e-01	-1.043149e+00	1.225149e+01	2.427131e+00	2.945943e+00	3.753656e-01	-4.254363e-01	-4.953564e-01	8.862025e+00
1.483275e+02	-3.653449e-01	-1.046074e+00	1.224921e+01	2.400233e+00	2.952690e+00	3.819660e-01	-4.279844e-01	-4.863223e-01	8.865725e+00
1.456806e+02	-3.353064e-01	-1.048260e+00	1.222200e+01	2.405641e+00	2.968241e+00	3.915024e-01	-4.310554e-01	-4.757601e-01	8.870177e+00
1.437664e+02	-3.208989e-01	-1.053202e+00	1.224435e+01	2.361409e+00	2.964111e+00	3.918402e-01	-4.338502e-01	-4.663862e-01	8.874306e+00
1.450918e+02	-3.085843e-01	-1.058490e+00	1.228093e+01	2.296503e+00	2.951604e+00	3.886904e-01	-4.361535e-01	-4.586717e-01	8.877719e+00
1.406764e+02	-2.945475e-01	-1.061675e+00	1.228568e+01	2.273390e+00	2.951129e+00	3.960823e-01	-4.392376e-01	-4.485589e-01	8.882081e+00
1.358305e+02	-2.736771e-01	-1.064488e+00	1.227539e+01	2.261907e+00	2.955455e+00	4.032142e-01	-4.423873e-01	-4.382546e-01	8.886321e+00
1.307278e+02	-2.517976e-01	-1.066092e+00	1.226044e+01	2.261337e+00	2.961289e+00	4.141837e-01	-4.453811e-01	-4.286598e-01	8.890291e+00
1.267522e+02	-2.298881e-01	-1.068642e+00	1.224506e+01	2.255932e+00	2.968841e+00	4.246833e-01	-4.486303e-01	-4.183247e-01	8.894353e+00
1.243137e+02	-2.218854e-01	-1.071779e+00	1.224253e+01	2.248567e+00	2.968298e+00	4.269892e-01	-4.513743e-01	-4.097674e-01	8.897747e+00
1.213829e+02	-2.127784e-01	-1.076064e+00	1.223509e+01	2.244009e+00	2.971339e+00	4.309420e-01	-4.549482e-01	-3.991536e-01	8.902182e+00
1.205912e+02	-2.210570e-01	-1.080699e+00	1.224808e+01	2.225306e+00	2.963575e+00	4.260601e-01	-4.577671e-01	-3.908896e-01	8.905907e+00
1.211229e+02	-2.307258e-01	-1.085549e+00	1.224506e+01	2.229985e+00	2.960888e+00	4.197694e-01	-4.606127e-01	-3.825501e-01	8.909291e+00
1.182077e+02	-2.294285e-01	-1.087842e+00	1.224389e+01	2.227026e+00	2.957716e+00	4.248434e-01	-4.635212e-01	-3.743959e-01	8.912664e+00
1.137322e+02	-2.201806e-01	-1.086353e+00	1.223102e+01	2.240434e+00	2.956491e+00	4.382192e-01	-4.659149e-01	-3.677002e-01	8.914938e+00
1.119282e+02	-2.228106e-01	-1.089924e+00	1.223640e+01	2.231133e+00	2.951507e+00	4.407002e-01	-4.694300e-01	-3.586967e-01	8.918964e+00
1.102626e+02	-2.320697e-01	-1.092910e+00	1.224464e+01	2.224067e+00	2.943319e+00	4.456120e-01	-4.730353e-01	-3.495121e-01	8.922855e+00
1.094629e+02	-2.272961e-01	-1.096774e+00	1.224376e+01	2.216047e+00	2.939564e+00	4.440207e-01	-4.764985e-01	-3.411022e-01	8.926641e+00
1.093130e+02	-2.270478e-01	-1.100071e+00	1.223831e+01	2.218599e+00	2.936449e+00	4.410693e-01	-4.796121e-01	-3.334098e-01	8.929745e+00
1.078617e+02	-2.114768e-01	-1.102356e+00	1.222695e+01	2.219955e+00	2.935500e+00	4.428550e-01	-4.829416e-01	-3.256305e-01	8.933027e+00
1.070644e+02	-2.121610e-01	-1.104650e+00	1.222779e+01	2.217951e+00	2.930169e+00	4.450092e-01	-4.860417e-01	-3.183040e-01	8.935935e+00
1.047107e+02	-1.917297e-01	-1.105034e+00	1.220892e+01	2.228763e+00	2.930556e+00	4.509024e-01	-4.891052e-01	-3.113414e-01	8.938648e+00
1.040440e+02	-1.944640e-01	-1.105841e+00	1.222043e+01	2.219782e+00	2.918275e+00	4.541860e-01	-4.918150e-01	-3.052729e-01	8.940995e+00
1.031104e+02	-1.815584e-01	-1.106699e+00	1.221010e+01	2.226353e+00	2.914991e+00	4.562044e-01	-4.946263e-01	-2.990967e-01	8.943477e+00
1.026049e+02	-1.589918e-01	-1.108382e+00	1.219417e+01	2.233510e+00	2.913835e+00	4.550352e-01	-4.973161e-01	-2.932755e-01	8.945837e+00
1.022132e+02	-1.694732e-01	-1.109680e+00	1.220475e+01	2.226459e+00	2.901391e+00	4.544582e-01	-5.003943e-01	-2.872566e-01	8.948468e+00
1.026839e+02	-1.679084e-01	-1.111375e+00	1.221744e+01	2.213366e+00	2.888292e+00	4.519167e-01	-5.031492e-01	-2.816924e-01	8.950688e+00
1.018337e+02	-1.797182e-01	-1.111732e+00	1.222396e+01	2.215361e+00	2.877580e+00	4.547744e-01	-5.062741e-01	-2.759942e-01	8.953280e+00
1.002281e+02	-1.932087e-01	-1.111742e+00	1.222242e+01	2.229902e+00	2.869046e+00	4.624907e-01	-5.099013e-01	-2.695828e-01	8.956271e+00
9.996783e+01	-1.943176e-01	-1.112277e+00	1.222613e+01	2.227426e+00	2.858743e+00	4.623694e-01	-5.127177e-01	-2.646140e-01	8.958459e+00
9.937290e+01	-1.721938e-01	-1.112177e+00	1.221576e+01	2.233365e+00	2.851928e+00	4.596471e-01	-5.151159e-01	-2.602403e-01	8.959946e+00
9.957429e+01	-1.748766e-01	-1.113202e+00	1.221990e+01	2.228470e+00	2.840649e+00	4.575579e-01	-5.178728e-01	-2.556766e-01	8.962017e+00
9.927197e+01	-1.770247e-01	-1.112912e+00	1.222773e+01	2.217551e+00	2.828617e+00	4.596933e-01	-5.203072e-01	-2.514913e-01	8.963600e+00
9.897377e+01	-1.718692e-01	-1.113298e+00	1.222192e+01	2.222226e+00	2.820038e+00	4.583563e-01	-5.229239e-01	-2.473310e-01	8.965473e+00
9.924869e+01	-1.835354e-01	-1.113348e+00	1.223495e+01	2.224904e+00	2.802191e+00	4.572329e-01	-5.257116e-01	-2.431825e-01	8.967251e+00
9.786040e+01	-1.654395e-01	-1.112671e+00	1.221692e+01	2.238004e+00	2.799298e+00	4.586129e-01	-5.280780e-01	-2.394420e-01	8.968788e+00
9.689685e+01	-1.736936e-01	-1.111569e+00	1.220637e+01	2.263372e+00	2.793388e+00	4.638462e-01	-5.306033e-01	-2.357230e-01	8.970503e+00
9.704486e+01	-1.588637e-01	-1.112537e+00	1.220346e+01	2.259050e+00	2.783445e+00	4.572483e-01	-5.327665e-01	-2.323886e-01	8.971848e+00
1.005312e+02	-1.449340e-01	-1.115196e+00	1.221783e+01	2.223428e+00	2.766653e+00	4.464040e-01	-5.353977e-01	-2.284685e-01	8.973480e+00
9.838138e+01	-1.402932e-01	-1.113280e+00	1.221233e+01	2.233469e+00	2.756902e+00	4.498498e-01	-5.373443e-01	-2.255687e-01	8.974477e+00
9.605896e+01	-1.052260e-01	-1.109474e+00	1.217667e+01	2.268710e+00	2.759714e+00	4.634397e-01	-5.392502e-01	-2.225801e-01	8.975571e+00
9.593779e+01	-1.371494e-01	-1.110347e+00	1.220818e+01	2.252843e+00	2.736387e+00	4.559104e-01	-5.411793e-01	-2.198465e-01	8.976483e+00
9.800215e+01	-1.350365e-01	-1.111336e+00	1.222211e+01	2.231134e+00	2.717887e+00	4.477365e-01	-5.430791e-01	-2.173684e-01	8.977558e+00
9.858692e+01	-1.596005e-01	-1.110489e+00	1.223766e+01	2.232199e+00	2.700501e+00	4.466975e-01	-5.449629e-01	-2.146515e-01	8.978331e+00
9.907777e+01	-1.626523e-01	-1.109510e+00	1.224800e+01	2.220843e+00	2.685020e+00	4.458213e-01	-5.468328e-01	-2.121503e-01	8.979037e+00
9.519792e+01	-1.595995e-01	-1.105666e+00	1.223174e+01	2.248536e+00	2.681032e+00	4.550983e-01	-5.486698e-01	-2.094726e-01	8.979717e+00
9.501597e+01	-1.456555e-01	-1.105170e+00	1.221907e+01	2.253830e+00	2.675926e+00	4.499116e-01	-5.506710e-01	-2.067992e-01	8.980633e+00
9.380980e+01	-1.419448e-01	-1.102039e+00	1.220424e+01	2.277244e+00	2.669843e+00	4.568357e-01	-5.524087e-01	-2.043034e-01	8.981303e+00
9.474083e+01	-1.793278e-01	-1.102456e+00	1.223449e+01	2.268844e+00	2.645641e+00	4.509338e-01	-5.536997e-01	-2.024602e-01	8.981917e+00
9.404585e+01	-1.671003e-01	-1.101490e+00	1.222575e+01	2.277816e+00	2.637474e+00	4.499573e-01	-5.555317e-01	-1.999456e-01	8.982707e+00
9.324305e+01	-1.257022e-01	-1.098505e+00	1.219031e+01	2.305303e+00	2.640311e+00	4.544808e-01	-5.572506e-01	-1.974067e-01	8.983292e+00
9.360385e+01	-1.368289e-01	-1.100541e+00	1.221016e+01	2.287940e+00	2.620249e+00	4.430204e-01	-5.590333e-01	-1.951040e-01	8.984253e+00
9.505018e+01	-1.622811e-01	-1.099948e+00	1.223582e+01	2.276132e+00	2.595705e+00	4.390043e-01	-5.605880e-01	-1.930586e-01	8.984676e+00
9.581658e+01	-1.589395e-01	-1.099928e+00	1.223711e+01	2.273494e+00	2.583140e+00	4.353866e-01	-5.623723e-01	-1.907209e-01	8.985593e+00
9.604186e+01	-1.444012e-01	-1.099809e+00	1.222526e+01	2.277584e+00	2.574947e+00	4.314993e-01	-5.642460e-01	-1.884128e-01	8.986600e+00
9.233060e+01	-1.264193e-01	-1.096203e+00	1.220585e+01	2.294985e+00	2.571915e+00	4.408128e-01	-5.659429e-01	-1.861202e-01	8.987302e+00
9.158121e+01	-1.182676e-01	-1.093186e+00	1.219951e+01	2.309348e+00	2.558115e+00	4.456908e-01	-5.674329e-01	-1.840550e-01	8.987768e+00
9.139202e+01	-1.186191e-01	-1.092807e+00	1.220109e+01	2.305927e+00	2.546076e+00	4.435826e-01	-5.691479e-01	-1.818542e-01	8.988660e+00
9.798659e+01	-1.180742e-01	-1.097371e+00	1.222641e+01	2.265059e+00	2.518041e+00	4.219690e-01	-5.704769e-01	-1.801298e-01	8.989653e+00
9.436234e+01	-1.210949e-01	-1.094971e+00	1.222094e+01	2.273862e+00	2.508843e+00	4.288757e-01	-5.722459e-01	-1.777793e-01	8.990460e+00
9.324843e+01	-1.406193e-01	-1.093989e+00	1.223101e+01	2.278802e+00	2.490527e+00	4.341451e-01	-5.740885e-01	-1.755315e-01	8.991692e+00
9.093697e+01	-1.266573e-01	-1.089127e+00	1.220447e+01	2.302659e+00	2.490751e+00	4.477545e-01	-5.757254e-01	-1.733226e-01	8.992233e+00
9.871382e+01	-1.191078e-01	-1.082245e+00	1.218069e+01	2.336909e+00	2.487518e+00	4.664198e-01	-5.772544e-01	-1.711248e-01	8.992363e+00
9.239414e+01	-1.429448e-01	-1.091438e+00	1.221282e+01	2.294599e+00	2.455323e+00	4.304634e-01	-5.788562e-01	-1.692367e-01	8.993809e+00
1.062255e+02	-1.467512e-01	-1.097490e+00	1.221727e+01	2.283056e+00	2.434430e+00	4.046331e-01	-5.801673e-01	-1.676359e-01	8.995081e+00
1.027921e+02	-1.363367e-01	-1.096082e+00	1.220048e+01	2.292449e+00	2.428863e+00	4.067048e-01	-5.817813e-01	-1.655694e-01	8.995944e+00
9.115609e+01	-9.773087e-02	-1.090692e+00	1.215807e+01	2.323624e+00	2.435103e+00	4.270260e-01	-5.831755e-01	-1.637307e-01	8.996829e+00
9.046075e+01	-1.102731e-01	-1.085155e+00	1.215263e+01	2.337901e+00	2.423126e+00	4.446098e-01	-5.847694e-01	-1.617008e-01	8.997338e+00
9.252160e+01	-1.646617e-01	-1.081394e+00	1.217068e+01	2.348875e+00	2.400500e+00	4.528947e-01	-5.863753e-01	-1.598932e-01	8.997742e+00
9.058061e+01	-1.887484e-01	-1.085537e+00	1.219999e+01	2.321443e+00	2.369990e+00	4.369771e-01	-5.878328e-01	-1.581373e-01	8.998837e+00
8.984827e+01	-1.662663e-01	-1.084970e+00	1.219051e+01	2.320936e+00	2.359472e+00	4.359329e-01	-5.894431e-01	-1.563558e-01	8.999806e+00
9.536688e+01	-1.697460e-01	-1.089063e+00	1.220359e+01	2.300037e+00	2.337073e+00	4.175393e-01	-5.907716e-01	-1.547540e-01	9.000765e+00
9.104795e+01	-1.432618e-01	-1.086605e+00	1.217017e+01	2.319310e+00	2.341992e+00	4.222563e-01	-5.923128e-01	-1.528656e-01	9.001555e+00
9.088559e+01	-1.318539e-01	-1.085727e+00	1.216570e+01	2.316205e+00	2.327695e+00	4.207931e-01	-5.935634e-01	-1.513222e-01	9.002149e+00
8.902494e+01	-1.330893e-01	-1.084023e+00	1.214674e+01	2.338291e+00	2.321932e+00	4.260871e-01	-5.947917e-01	-1.496269e-01	9.002893e+00
8.845275e+01	-1.229088e-01	-1.082033e+00	1.214293e+01	2.332203e+00	2.306274e+00	4.279394e-01	-5.960714e-01	-1.481291e-01	9.003372e+00
9.159373e+01	-1.364261e-01	-1.084736e+00	1.216003e+01	2.307794e+00	2.283348e+00	4.171257e-01	-5.972686e-01	-1.465913e-01	9.004189e+00
8.880835e+01	-1.236014e-01	-1.081424e+00	1.214621e+01	2.314785e+00	2.273910e+00	4.236845e-01	-5.985625e-01	-1.450954e-01	9.004708e+00
8.787870e+01	-1.169053e-01	-1.077918e+00	1.213407e+01	2.315071e+00	2.267804e+00	4.321841e-01	-6.001051e-01	-1.433134e-01	9.005365e+00
8.766778e+01	-1.195247e-01	-1.077450e+00	1.213096e+01	2.318544e+00	2.252457e+00	4.291354e-01	-6.013136e-01	-1.419139e-01	9.006007e+00
8.926188e+01	-1.636126e-01	-1.077888e+00	1.215936e+01	2.306894e+00	2.222102e+00	4.215289e-01	-6.024083e-01	-1.404926e-01	9.006213e+00
8.981586e+01	-1.557102e-01	-1.078087e+00	1.215153e+01	2.311077e+00	2.211319e+00	4.161682e-01	-6.036620e-01	-1.390884e-01	9.006968e+00
8.972022e+01	-1.114604e-01	-1.078488e+00	1.211271e+01	2.326469e+00	2.218488e+00	4.099511e-01	-6.052263e-01	-1.372999e-01	9.007979e+00
8.765487e+01	-1.171806e-01	-1.075607e+00	1.210755e+01	2.336017e+00	2.205611e+00	4.161863e-01	-6.064011e-01	-1.359510e-01	9.008501e+00
9.064262e+01	-1.494985e-01	-1.077447e+00	1.213905e+01	2.307604e+00	2.171561e+00	4.106879e-01	-6.074937e-01	-1.345440e-01	9.009421e+00
8.731384e+01	-1.457163e-01	-1.073460e+00	1.212082e+01	2.322429e+00	2.164492e+00	4.194807e-01	-6.087227e-01	-1.331461e-01	9.009823e+00
8.721838e+01	-1.709836e-01	-1.070724e+00	1.211586e+01	2.339523e+00	2.154158e+00	4.283877e-01	-6.101938e-01	-1.315000e-01	9.010704e+00
8.682996e+01	-1.573166e-01	-1.071705e+00	1.210285e+01	2.338433e+00	2.143910e+00	4.185237e-01	-6.113386e-01	-1.302074e-01	9.011298e+00
8.801379e+01	-1.752657e-01	-1.071899e+00	1.210757e+01	2.334058e+00	2.123990e+00	4.122063e-01	-6.124218e-01	-1.288288e-01	9.011624e+00
8.778350e+01	-1.487691e-01	-1.071640e+00	1.208567e+01	2.337828e+00	2.120227e+00	4.078419e-01	-6.136059e-01	-1.275345e-01	9.012326e+00
8.366165e+02	7.057143e-01	-9.991429e-01	1.252743e+01	1.722000e+00	2.038667e+00	7.857143e-02	-7.934286e-01	3.634286e-01	1.043714e+01
2.636759e+02	5.833427e-01	-8.767713e-01	1.264980e+01	1.844372e+00	2.161038e+00	2.009430e-01	-6.710570e-01	4.858002e-01	1.031477e+01
2.443284e+02	4.823013e-01	-7.998247e-01	1.272413e+01	1.957642e+00	2.289062e+00	2.826783e-01	-6.342862e-01	5.239136e-01	1.021660e+01
1.340398e+02	3.964638e-01	-8.809979e-01	1.279742e+01	1.954597e+00	2.364691e+00	2.491531e-01	-6.248687e-01	5.281200e-01	1.025363e+01
1.324246e+02	3.549410e-01	-8.976028e-01	1.283228e+01	1.970611e+00	2.394751e+00	2.533799e-01	-6.269262e-01	5.237343e-01	1.024092e+01
1.092916e+02	3.333746e-01	-8.749990e-01	1.284240e+01	2.010401e+00	2.420370e+00	2.826646e-01	-6.313585e-01	5.177407e-01	1.019834e+01
1.066258e+02	3.059675e-01	-8.746978e-01	1.286070e+01	2.048414e+00	2.438117e+00	2.952142e-01	-6.430351e-01	5.061624e-01	1.019452e+01
1.024732e+02	2.789352e-01	-8.818022e-01	1.288171e+01	2.061283e+00	2.445173e+00	3.031139e-01	-6.546935e-01	4.919087e-01	1.017558e+01
1.159264e+02	2.641590e-01	-9.199980e-01	1.288609e+01	2.097127e+00	2.462409e+00	2.745458e-01	-6.617514e-01	4.841373e-01	1.022023e+01
9.473646e+01	2.456673e-01	-9.018244e-01	1.289258e+01	2.144761e+00	2.480267e+00	2.934594e-01	-6.812816e-01	4.785430e-01	1.019830e+01
9.930409e+01	2.400194e-01	-8.838496e-01	1.288811e+01	2.195300e+00	2.498348e+00	3.098795e-01	-6.957703e-01	4.688303e-01	1.019231e+01
1.010109e+02	2.257447e-01	-9.200511e-01	1.289512e+01	2.214686e+00	2.504794e+00	2.830224e-01	-7.054211e-01	4.577710e-01	1.021565e+01
8.947082e+01	2.187334e-01	-9.024423e-01	1.288900e+01	2.266603e+00	2.525900e+00	2.961510e-01	-7.105107e-01	4.530453e-01	1.018520e+01
9.006654e+01	2.133089e-01	-8.952573e-01	1.288369e+01	2.300266e+00	2.546566e+00	3.017849e-01	-7.322400e-01	4.245724e-01	1.017100e+01
1.037018e+02	1.977369e-01	-9.298807e-01	1.289246e+01	2.315814e+00	2.550213e+00	2.761671e-01	-7.413431e-01	4.111034e-01	1.019266e+01
8.594335e+01	1.850291e-01	-9.101525e-01	1.289109e+01	2.366089e+00	2.576615e+00	2.950878e-01	-7.538346e-01	3.965446e-01	1.015206e+01
8.900564e+01	1.791305e-01	-9.200878e-01	1.289029e+01	2.397009e+00	2.581748e+00	2.880452e-01	-7.588178e-01	3.891830e-01	1.017042e+01
9.100711e+01	1.695438e-01	-9.008964e-01	1.289345e+01	2.426094e+00	2.583565e+00	3.091449e-01	-7.612620e-01	3.836825e-01	1.014930e+01
1.095089e+02	1.612455e-01	-9.435255e-01	1.289672e+01	2.425431e+00	2.589529e+00	2.733565e-01	-7.698774e-01	3.703032e-01	1.017826e+01
9.368852e+01	1.635300e-01	-8.981925e-01	1.288245e+01	2.490422e+00	2.607739e+00	3.047813e-01	-8.215068e-01	3.034378e-01	1.012931e+01
7.942861e+01	1.463656e-01	-9.228716e-01	1.289401e+01	2.476645e+00	2.609800e+00	2.997373e-01	-8.358179e-01	2.796453e-01	1.014585e+01
8.036808e+01	1.353103e-01	-9.401122e-01	1.290430e+01	2.466842e+00	2.599381e+00	2.947687e-01	-8.601163e-01	2.427331e-01	1.016037e+01
7.660091e+01	1.318605e-01	-9.184598e-01	1.289663e+01	2.510828e+00	2.622034e+00	3.136863e-01	-8.872803e-01	2.115767e-01	1.015031e+01
7.583241e+01	1.240725e-01	-9.384651e-01	1.290224e+01	2.491535e+00	2.624652e+00	3.004813e-01	-8.839248e-01	2.036792e-01	1.014408e+01
9.275829e+01	1.209298e-01	-9.078990e-01	1.289589e+01	2.534561e+00	2.635954e+00	3.267289e-01	-8.663331e-01	2.136536e-01	1.013354e+01
3.091746e+02	1.145588e-01	-9.873935e-01	1.290459e+01	2.492863e+00	2.627064e+00	2.500176e-01	-8.928351e-01	1.823337e-01	1.020210e+01
1.606498e+03	1.238022e-01	-7.561104e-01	1.287860e+01	2.635431e+00	2.659400e+00	4.342129e-01	-5.977271e-01	4.774338e-01	9.953452e+00
1.270121e+02	3.459748e-02	-9.427493e-01	1.302072e+01	2.393390e+00	2.479004e+00	2.886808e-01	-4.941586e-01	5.740445e-01	1.007380e+01
2.007685e+02	1.122786e-02	-9.810070e-01	1.305543e+01	2.340997e+00	2.435755e+00	2.655425e-01	-4.634436e-01	6.028031e-01	1.008880e+01
1.282170e+02	1.473350e-02	-9.384810e-01	1.304095e+01	2.379568e+00	2.461996e+00	3.355101e-01	-4.559742e-01	6.102989e-01	1.005247e+01
1.368183e+02	2.497397e-02	-9.291789e-01	1.302375e+01	2.405093e+00	2.485672e+00	3.512828e-01	-4.589919e-01	6.068828e-01	1.005503e+01
1.262648e+02	3.402394e-02	-9.510859e-01	1.300703e+01	2.418989e+00	2.508580e+00	3.145593e-01	-4.629382e-01	6.017396e-01	1.007357e+01
1.197630e+02	4.453318e-02	-9.407364e-01	1.298860e+01	2.447278e+00	2.532069e+00	3.220787e-01	-4.691589e-01	5.953164e-01	1.006241e+01
1.285778e+02	6.037315e-02	-9.224741e-01	1.296007e+01	2.483702e+00	2.567764e+00	3.348604e-01	-4.725863e-01	5.922643e-01	1.004023e+01
1.196300e+02	5.976792e-02	-9.463054e-01	1.295691e+01	2.486802e+00	2.571686e+00	2.999073e-01	-4.809067e-01	5.825482e-01	1.005651e+01
1.150380e+02	6.933872e-02	-9.405849e-01	1.293855e+01	2.516433e+00	2.593950e+00	2.963625e-01	-4.895799e-01	5.736180e-01	1.004513e+01
1.137288e+02	7.236592e-02	-9.287407e-01	1.292561e+01	2.538886e+00	2.615453e+00	3.142095e-01	-4.931508e-01	5.700670e-01	1.003534e+01
1.111246e+02	7.126981e-02	-9.387826e-01	1.292559e+01	2.541904e+00	2.612876e+00	3.041273e-01	-4.976716e-01	5.653721e-01	1.004737e+01
1.111381e+02	7.559460e-02	-9.310477e-01	1.291118e+01	2.566099e+00	2.637844e+00	3.100728e-01	-5.022240e-01	5.609002e-01	1.003516e+01
1.099320e+02	7.387225e-02	-9.354507e-01	1.290741e+01	2.567742e+00	2.650813e+00	3.064446e-01	-5.030216e-01	5.596959e-01	1.003835e+01
1.087308e+02	7.550903e-02	-9.330583e-01	1.289999e+01	2.585152e+00	2.658856e+00	3.045859e-01	-5.100189e-01	5.529749e-01	1.002687e+01
1.065225e+02	6.940090e-02	-9.345143e-01	1.290352e+01	2.586442e+00	2.653360e+00	2.998169e-01	-5.174148e-01	5.455350e-01	1.001687e+01
1.064564e+02	7.265943e-02	-9.334122e-01	1.289269e+01	2.602096e+00	2.667843e+00	3.007674e-01	-5.204648e-01	5.425699e-01	1.001278e+01
1.930793e+03	1.205714e-01	-1.250571e+00	1.324057e+01	9.433333e-01	4.386667e-01	4.412381e-01	-9.549524e-01	2.125714e-01	8.919429e+00
2.150689e+02	2.429430e-01	-1.128200e+00	1.311820e+01	1.065705e+00	3.162951e-01	5.636097e-01	-8.325808e-01	3.349430e-01	8.797057e+00
2.808301e+02	3.070813e-01	-1.095158e+00	1.304559e+01	1.172626e+00	2.933547e-01	5.983265e-01	-8.019609e-01	3.663015e-01	8.765721e+00
2.361477e+02	1.770926e-01	-1.107197e+00	1.317465e+01	1.309944e+00	4.232736e-01	5.802546e-01	-7.923410e-01	3.757698e-01	8.763647e+00
1.995682e+02	1.561576e-01	-1.129253e+00	1.319303e+01	1.402675e+00	4.873849e-01	5.487562e-01	-7.897086e-01	3.783305e-01	8.771404e+00
1.952089e+02	1.766256e-01	-1.144901e+00	1.317248e+01	1.490223e+00	5.569845e-01	5.259740e-01	-7.875817e-01	3.800838e-01	8.777649e+00
1.899152e+02	2.015773e-01	-1.142189e+00	1.314670e+01	1.579865e+00	6.225319e-01	5.226933e-01	-7.868078e-01	3.806813e-01	8.777441e+00
1.834176e+02	2.454780e-01	-1.140356e+00	1.309858e+01	1.667509e+00	6.930282e-01	5.189341e-01	-7.863665e-01	3.809765e-01	8.778017e+00
1.741712e+02	2.546455e-01	-1.133588e+00	1.307264e+01	1.782524e+00	7.915451e-01	5.210579e-01	-7.844419e-01	3.824112e-01	8.776337e+00
1.731194e+02	2.451416e-01	-1.139366e+00	1.305989e+01	1.882541e+00	8.661944e-01	5.059426e-01	-7.830859e-01	3.834351e-01	8.777739e+00
1.560596e+02	2.941264e-01	-1.127973e+00	1.299697e+01	2.008972e+00	9.909046e-01	5.139128e-01	-7.813924e-01	3.845623e-01	8.775532e+00
1.443009e+02	3.408391e-01	-1.118850e+00	1.293334e+01	2.140575e+00	1.099938e+00	5.187783e-01	-7.792576e-01	3.860425e-01	8.775114e+00
1.355902e+02	2.940074e-01	-1.125526e+00	1.291850e+01	2.248277e+00	1.239236e+00	5.039814e-01	-7.784320e-01	3.864996e-01	8.777548e+00
1.271625e+02	2.377904e-01	-1.121125e+00	1.291007e+01	2.366788e+00	1.365749e+00	5.018057e-01	-7.775094e-01	3.870887e-01	8.776481e+00
1.170093e+02	2.840998e-01	-1.125078e+00	1.284202e+01	2.463987e+00	1.482537e+00	4.904117e-01	-7.757696e-01	3.882569e-01	8.778928e+00
1.093200e+02	3.462667e-01	-1.128212e+00	1.276166e+01	2.570882e+00	1.592404e+00	4.760196e-01	-7.742918e-01	3.893746e-01	8.779495e+00
1.002718e+02	2.811271e-01	-1.120925e+00	1.274417e+01	2.671965e+00	1.720095e+00	4.815185e-01	-7.726248e-01	3.903408e-01	8.777997e+00
9.938624e+01	2.851331e-01	-1.118483e+00	1.273506e+01	2.684484e+00	1.718922e+00	4.811012e-01	-7.703837e-01	3.916321e-01	8.778463e+00
9.566469e+01	2.406979e-01	-1.120821e+00	1.270935e+01	2.765701e+00	1.835186e+00	4.705286e-01	-7.695733e-01	3.921603e-01	8.776916e+00
9.475949e+01	2.161505e-01	-1.121853e+00	1.269822e+01	2.803613e+00	1.872082e+00	4.661742e-01	-7.691943e-01	3.921407e-01	8.779030e+00
9.306651e+01	2.280716e-01	-1.118986e+00	1.266754e+01	2.834807e+00	1.916315e+00	4.612877e-01	-7.672548e-01	3.934817e-01	8.774730e+00
1.015454e+02	2.333021e-01	-1.126261e+00	1.269204e+01	2.760806e+00	1.840361e+00	4.454622e-01	-7.643696e-01	3.955989e-01	8.772403e+00
9.265394e+01	2.283348e-01	-1.110139e+00	1.264791e+01	2.857925e+00	1.937253e+00	4.613238e-01	-7.637457e-01	3.958135e-01	8.767786e+00
9.219989e+01	1.374411e-01	-1.112031e+00	1.267302e+01	2.866711e+00	1.961406e+00	4.536747e-01	-7.633493e-01	3.960175e-01	8.765399e+00
9.235734e+01	1.583581e-01	-1.112409e+00	1.266899e+01	2.845592e+00	1.933241e+00	4.484692e-01	-7.617322e-01	3.968586e-01	8.765187e+00
9.255450e+01	1.763978e-01	-1.111113e+00	1.265985e+01	2.824836e+00	1.923335e+00	4.430157e-01	-7.599990e-01	3.976591e-01	8.762511e+00
9.055340e+01	1.959482e-01	-1.104806e+00	1.263397e+01	2.862347e+00	1.944693e+00	4.466469e-01	-7.589468e-01	3.982927e-01	8.761159e+00
9.399423e+01	1.755006e-01	-1.109378e+00	1.265665e+01	2.823933e+00	1.881134e+00	4.330157e-01	-7.564022e-01	4.000345e-01	8.758368e+00
9.047619e+01	1.920711e-01	-1.097879e+00	1.261772e+01	2.871292e+00	1.938133e+00	4.450157e-01	-7.561084e-01	3.999378e-01	8.756114e+00
1.012738e+02	2.039215e-01	-1.089596e+00	1.257198e+01	2.936048e+00	2.014246e+00	4.537896e-01	-7.569293e-01	3.987076e-01	8.756020e+00
1.456386e+02	6.629831e-02	-1.129092e+00	1.273643e+01	2.726735e+00	1.806861e+00	4.009025e-01	-7.553796e-01	3.997060e-01	8.760537e+00
9.499553e+01	1.157426e-01	-1.100882e+00	1.269541e+01	2.767043e+00	1.833906e+00	4.361988e-01	-7.530881e-01	4.008628e-01	8.751175e+00
9.673471e+01	1.732228e-01	-1.081121e+00	1.263224e+01	2.833585e+00	1.895638e+00	4.553304e-01	-7.512674e-01	4.021406e-01	8.746238e+00
1.053872e+02	1.591590e-01	-1.109482e+00	1.265553e+01	2.759150e+00	1.848477e+00	4.125420e-01	-7.506831e-01	4.024731e-01	8.752717e+00
8.923179e+01	1.789099e-01	-1.092594e+00	1.261977e+01	2.815031e+00	1.887977e+00	4.285766e-01	-7.480651e-01	4.038819e-01	8.748355e+00
9.147133e+01	2.404774e-01	-1.085045e+00	1.256809e+01	2.856994e+00	1.932305e+00	4.274491e-01	-7.462279e-01	4.051250e-01	8.742141e+00
9.559705e+01	9.602983e-02	-1.095575e+00	1.266091e+01	2.782083e+00	1.858771e+00	4.182348e-01	-7.462547e-01	4.042137e-01	8.747313e+00
8.933867e+01	1.455946e-01	-1.088225e+00	1.262583e+01	2.805104e+00	1.879008e+00	4.214399e-01	-7.450317e-01	4.042333e-01	8.748049e+00
8.865283e+01	1.082440e-01	-1.080474e+00	1.262928e+01	2.819703e+00	1.897699e+00	4.295609e-01	-7.441474e-01	4.046187e-01	8.745088e+00
9.638028e+01	6.286062e-02	-1.089161e+00	1.265793e+01	2.780823e+00	1.861451e+00	4.094582e-01	-7.418487e-01	4.061223e-01	8.740827e+00
9.221298e+01	1.378586e-01	-1.070478e+00	1.258704e+01	2.843193e+00	1.928991e+00	4.331825e-01	-7.419598e-01	4.055105e-01	8.741983e+00
9.148143e+01	1.277322e-01	-1.086548e+00	1.260449e+01	2.804557e+00	1.897594e+00	4.062547e-01	-7.446068e-01	4.023723e-01	8.744502e+00
9.466238e+01	1.350647e-01	-1.089093e+00	1.259483e+01	2.798480e+00	1.896348e+00	3.995893e-01	-7.423297e-01	4.035034e-01	8.747766e+00
9.319943e+01	1.165331e-01	-1.064511e+00	1.256296e+01	2.860946e+00	1.955117e+00	4.271366e-01	-7.390160e-01	4.055852e-01	8.739625e+00
9.071214e+01	1.144543e-01	-1.083361e+00	1.259495e+01	2.786533e+00	1.878031e+00	4.067572e-01	-7.407045e-01	4.030556e-01	8.751307e+00
8.798936e+01	9.477564e-02	-1.073941e+00	1.260437e+01	2.781135e+00	1.858512e+00	4.138645e-01	-7.385551e-01	4.040526e-01	8.745620e+00
8.738578e+01	1.410965e-01	-1.071049e+00	1.257040e+01	2.793581e+00	1.883676e+00	4.166848e-01	-7.397461e-01	4.022706e-01	8.752790e+00
9.246123e+01	1.390410e-01	-1.081853e+00	1.256423e+01	2.774056e+00	1.892215e+00	3.961589e-01	-7.380382e-01	4.030882e-01	8.752753e+00
8.820848e+01	1.378138e-01	-1.066560e+00	1.255132e+01	2.800688e+00	1.902057e+00	4.174776e-01	-7.384744e-01	4.020666e-01	8.755303e+00
9.232739e+01	1.540487e-01	-1.059855e+00	1.254770e+01	2.805459e+00	1.875974e+00	4.234550e-01	-7.363971e-01	4.033023e-01	8.754342e+00
1.190599e+02	4.004635e-02	-1.093105e+00	1.263140e+01	2.700348e+00	1.795945e+00	3.831189e-01	-7.387689e-01	4.002195e-01	8.766201e+00
9.411967e+01	6.834353e-02	-1.078280e+00	1.259746e+01	2.730075e+00	1.820321e+00	4.002552e-01	-7.388443e-01	3.992916e-01	8.766075e+00
1.001488e+02	1.344844e-01	-1.050063e+00	1.252493e+01	2.799845e+00	1.905185e+00	4.274502e-01	-7.367556e-01	4.003432e-01	8.758438e+00
1.039620e+02	1.910318e-01	-1.054665e+00	1.247928e+01	2.824927e+00	1.933943e+00	4.254375e-01	-7.382530e-01	3.977308e-01	8.771837e+00
2.034717e+02	-4.253027e-02	-1.116666e+00	1.270540e+01	2.602669e+00	1.719644e+00	3.515663e-01	-7.385324e-01	3.970706e-01	8.780902e+00
9.601828e+01	-2.335720e-03	-1.071599e+00	1.264785e+01	2.676668e+00	1.787114e+00	4.094216e-01	-7.355205e-01	3.981070e-01	8.772499e+00
8.882356e+01	6.483102e-02	-1.065386e+00	1.259866e+01	2.698603e+00	1.827844e+00	4.152940e-01	-7.337955e-01	3.990219e-01	8.774750e+00
8.878260e+01	1.397822e-01	-1.059758e+00	1.254928e+01	2.722387e+00	1.849630e+00	4.187681e-01	-7.324954e-01	3.998005e-01	8.778477e+00
1.008378e+02	7.393696e-02	-1.081084e+00	1.257774e+01	2.689593e+00	1.849113e+00	3.887861e-01	-7.334318e-01	3.978844e-01	8.786497e+00
8.665175e+01	9.148400e-02	-1.061666e+00	1.254276e+01	2.726383e+00	1.897656e+00	4.069707e-01	-7.314325e-01	3.986888e-01	8.777994e+00
9.097386e+01	1.104160e-01	-1.055939e+00	1.250257e+01	2.768890e+00	1.948200e+00	4.167861e-01	-7.329026e-01	3.964418e-01	8.788690e+00
1.068961e+02	4.641002e-02	-1.086514e+00	1.257767e+01	2.673200e+00	1.864168e+00	3.878674e-01	-7.326098e-01	3.961852e-01	8.805700e+00
1.073288e+02	8.695909e-02	-1.044387e+00	1.252713e+01	2.735756e+00	1.908731e+00	4.381036e-01	-7.308780e-01	3.965381e-01	8.796575e+00
1.030136e+02	1.056773e-01	-1.050485e+00	1.249777e+01	2.749030e+00	1.944407e+00	4.350239e-01	-7.303621e-01	3.966185e-01	8.814034e+00
2.056123e+02	-4.444525e-03	-1.120533e+00	1.264290e+01	2.573099e+00	1.768009e+00	3.491647e-01	-7.329266e-01	3.929263e-01	8.835626e+00
9.016579e+01	4.825278e-02	-1.066206e+00	1.258486e+01	2.646885e+00	1.844667e+00	4.255746e-01	-7.314966e-01	3.930446e-01	8.821929e+00
1.382735e+02	1.232048e-01	-1.037486e+00	1.252779e+01	2.700048e+00	1.888301e+00	4.610097e-01	-7.288759e-01	3.944371e-01	8.821067e+00
2.219898e+02	6.888030e-02	-1.137276e+00	1.258827e+01	2.593955e+00	1.806796e+00	3.469845e-01	-7.277784e-01	3.949913e-01	8.865455e+00
1.127616e+02	1.400852e-01	-1.102793e+00	1.248354e+01	2.697093e+00	1.912664e+00	3.853095e-01	-7.229127e-01	3.974819e-01	8.852197e+00
3.339014e+03	1.428000e+00	-4.185714e-01	1.523371e+01	3.514000e+00	2.466667e-01	1.395238e-01	-6.105714e-01	6.560000e-01	1.091257e+01
8.172800e+02	1.305628e+00	-5.409430e-01	1.535609e+01	3.391628e+00	3.690382e-01	1.715223e-02	-4.881998e-01	5.336284e-01	1.103494e+01
4.487601e+02	1.205481e+00	-6.191059e-01	1.545920e+01	3.302067e+00	4.530119e-01	3.329141e-02	-4.119449e-01	4.279121e-01	1.096227e+01
3.686204e+02	1.152639e+00	-6.572408e-01	1.551369e+01	3.256302e+00	5.024153e-01	6.069090e-02	-3.817464e-01	3.666390e-01	1.089639e+01
2.611009e+02	1.123939e+00	-6.737828e-01	1.554308e+01	3.231528e+00	5.354049e-01	1.247584e-01	-3.669478e-01	3.306135e-01	1.080553e+01
2.134273e+02	1.107567e+00	-6.805528e-01	1.555984e+01	3.217613e+00	5.573659e-01	1.822490e-01	-3.691442e-01	3.054906e-01	1.071545e+01
2.125388e+02	1.099317e+00	-6.866544e-01	1.556822e+01	3.210124e+00	5.725453e-01	2.053892e-01	-3.669964e-01	2.875190e-01	1.066606e+01
1.999972e+02	1.094259e+00	-6.953709e-01	1.557352e+01	3.204126e+00	5.810785e-01	1.924015e-01	-3.715571e-01	2.750038e-01	1.063453e+01
1.947495e+02	1.091622e+00	-7.027691e-01	1.557620e+01	3.200977e+00	5.886393e-01	1.766138e-01	-3.721599e-01	2.604811e-01	1.062312e+01
1.970368e+02	1.090386e+00	-7.093430e-01	1.557734e+01	3.199182e+00	5.989649e-01	1.612784e-01	-3.722786e-01	2.532328e-01	1.061685e+01
1.935650e+02	1.090203e+00	-7.125987e-01	1.557723e+01	3.199035e+00	6.104100e-01	1.605644e-01	-3.798082e-01	2.491905e-01	1.059733e+01
1.899187e+02	1.090429e+00	-7.161194e-01	1.557664e+01	3.198947e+00	6.250859e-01	1.618543e-01	-3.876626e-01	2.528801e-01	1.058198e+01
1.823653e+02	1.091227e+00	-7.167511e-01	1.557534e+01	3.200243e+00	6.391691e-01	1.750800e-01	-3.989261e-01	2.484144e-01	1.055595e+01
1.813897e+02	1.093135e+00	-7.206994e-01	1.557258e+01	3.202058e+00	6.541197e-01	1.672046e-01	-4.084480e-01	2.390761e-01	1.055165e+01
1.759631e+02	1.093635e+00	-7.226974e-01	1.557143e+01	3.202783e+00	6.681317e-01	1.773054e-01	-4.210142e-01	2.394958e-01	1.053392e+01
1.749259e+02	1.094187e+00	-7.286332e-01	1.557019e+01	3.202837e+00	6.831343e-01	1.685950e-01	-4.331845e-01	2.337009e-01	1.053627e+01
1.691995e+02	1.095398e+00	-7.301079e-01	1.556805e+01	3.204354e+00	6.981055e-01	1.785507e-01	-4.454124e-01	2.333714e-01	1.051832e+01
1.655111e+02	1.097487e+00	-7.321413e-01	1.556504e+01	3.207062e+00	7.145933e-01	1.831925e-01	-4.595216e-01	2.288252e-01	1.050633e+01
1.629400e+02	1.098388e+00	-7.371758e-01	1.556361e+01	3.207416e+00	7.282515e-01	1.784958e-01	-4.715259e-01	2.274610e-01	1.050011e+01
1.587229e+02	1.099551e+00	-7.401959e-01	1.556188e+01	3.208214e+00	7.436242e-01	1.864027e-01	-4.849725e-01	2.257463e-01	1.047980e+01
1.615248e+02	1.100987e+00	-7.473966e-01	1.555988e+01	3.209129e+00	7.578804e-01	1.690420e-01	-4.970224e-01	2.242707e-01	1.048869e+01
1.577062e+02	1.102920e+00	-7.516463e-01	1.555692e+01	3.211288e+00	7.738583e-01	1.748783e-01	-5.123209e-01	2.193285e-01	1.049394e+01
1.516387e+02	1.105102e+00	-7.535655e-01	1.555342e+01	3.213741e+00	7.922042e-01	1.843816e-01	-5.236025e-01	2.230002e-01	1.047895e+01
1.467494e+02	1.107571e+00	-7.557603e-01	1.554967e+01	3.216644e+00	8.135740e-01	1.982176e-01	-5.384024e-01	2.273419e-01	1.046721e+01
1.477310e+02	1.109574e+00	-7.616460e-01	1.554673e+01	3.218048e+00	8.275176e-01	1.843117e-01	-5.479353e-01	2.268758e-01	1.046275e+01
1.524906e+02	1.112495e+00	-7.676439e-01	1.554253e+01	3.219844e+00	8.422873e-01	1.735143e-01	-5.582264e-01	2.251463e-01	1.045854e+01
1.401829e+02	1.115173e+00	-7.660807e-01	1.553835e+01	3.223812e+00	8.624875e-01	2.039301e-01	-5.691113e-01	2.281460e-01	1.043989e+01
1.427454e+02	1.117464e+00	-7.728797e-01	1.553477e+01	3.225941e+00	8.790806e-01	1.858667e-01	-5.832268e-01	2.351486e-01	1.044283e+01
1.368919e+02	1.120447e+00	-7.745882e-01	1.553007e+01	3.229352e+00	8.975536e-01	1.987945e-01	-5.937553e-01	2.303448e-01	1.043525e+01
1.339841e+02	1.123781e+00	-7.766116e-01	1.552535e+01	3.232812e+00	9.158855e-01	2.052017e-01	-6.066858e-01	2.310676e-01	1.042871e+01
1.324387e+02	1.126626e+00	-7.808812e-01	1.552105e+01	3.235657e+00	9.331310e-01	2.054599e-01	-6.163867e-01	2.249400e-01	1.042458e+01
1.320955e+02	1.129094e+00	-7.852962e-01	1.551745e+01	3.237878e+00	9.481760e-01	2.024169e-01	-6.216791e-01	2.183627e-01	1.041236e+01
1.299536e+02	1.132749e+00	-7.884214e-01	1.551190e+01	3.241776e+00	9.674541e-01	2.061893e-01	-6.333452e-01	2.165343e-01	1.040955e+01
1.291561e+02	1.136840e+00	-7.914985e-01	1.550554e+01	3.246045e+00	9.886952e-01	2.048352e-01	-6.444285e-01	2.168326e-01	1.040289e+01
1.259649e+02	1.140432e+00	-7.935579e-01	1.550023e+01	3.250117e+00	1.007172e+00	2.141193e-01	-6.535663e-01	2.145268e-01	1.039663e+01
1.324540e+02	1.144750e+00	-7.993918e-01	1.549360e+01	3.254775e+00	1.027783e+00	1.983194e-01	-6.616229e-01	2.117795e-01	1.041261e+01
1.250789e+02	1.148471e+00	-8.000895e-01	1.548774e+01	3.259094e+00	1.046296e+00	2.122186e-01	-6.697324e-01	2.108908e-01	1.039504e+01
1.222355e+02	1.153058e+00	-8.012163e-01	1.548046e+01	3.264595e+00	1.067748e+00	2.212449e-01	-6.746018e-01	2.102291e-01	1.038270e+01
1.208097e+02	1.156770e+00	-8.030984e-01	1.547494e+01	3.268576e+00	1.085593e+00	2.275088e-01	-6.825976e-01	2.082926e-01	1.037237e+01
1.352135e+02	1.159694e+00	-8.115595e-01	1.547077e+01	3.269591e+00	1.097298e+00	1.915256e-01	-6.910409e-01	2.043782e-01	1.036585e+01
1.264343e+02	1.164515e+00	-8.119629e-01	1.546297e+01	3.275800e+00	1.119887e+00	2.042168e-01	-6.969447e-01	2.036368e-01	1.035988e+01
1.181411e+02	1.169870e+00	-8.098406e-01	1.545440e+01	3.282721e+00	1.142548e+00	2.293807e-01	-7.012881e-01	2.020543e-01	1.035035e+01
1.204311e+02	1.174383e+00	-8.091461e-01	1.544737e+01	3.288684e+00	1.165043e+00	2.477813e-01	-7.070906e-01	2.010911e-01	1.034166e+01
1.183642e+02	1.177261e+00	-8.183913e-01	1.544340e+01	3.289028e+00	1.175400e+00	2.240948e-01	-7.107158e-01	1.937526e-01	1.035564e+01
1.169498e+02	1.181993e+00	-8.198655e-01	1.543650e+01	3.294933e+00	1.196795e+00	2.266863e-01	-7.157216e-01	1.937542e-01	1.034939e+01
1.143719e+02	1.186879e+00	-8.211543e-01	1.542980e+01	3.300163e+00	1.215709e+00	2.336553e-01	-7.241339e-01	1.785578e-01	1.033115e+01
1.179945e+02	1.191488e+00	-8.260792e-01	1.542271e+01	3.305378e+00	1.236697e+00	2.183388e-01	-7.311611e-01	1.732029e-01	1.033627e+01
1.121915e+02	1.196771e+00	-8.255341e-01	1.541449e+01	3.313675e+00	1.262083e+00	2.266973e-01	-7.485513e-01	1.666337e-01	1.031828e+01
1.093511e+02	1.201531e+00	-8.300312e-01	1.540778e+01	3.318470e+00	1.283119e+00	2.281615e-01	-7.626383e-01	1.494468e-01	1.032828e+01
1.061329e+02	1.206455e+00	-8.328957e-01	1.540040e+01	3.323000e+00	1.303313e+00	2.335066e-01	-7.712943e-01	1.368516e-01	1.032723e+01
1.033584e+02	1.211587e+00	-8.362794e-01	1.539203e+01	3.329172e+00	1.326156e+00	2.317734e-01	-7.886920e-01	1.162334e-01	1.033689e+01
9.858473e+01	1.217524e+00	-8.369038e-01	1.538279e+01	3.337533e+00	1.353014e+00	2.386184e-01	-8.045782e-01	1.027610e-01	1.034579e+01
9.499075e+01	1.222474e+00	-8.396488e-01	1.537558e+01	3.342830e+00	1.373494e+00	2.391778e-01	-8.213391e-01	7.869032e-02	1.034759e+01
9.309970e+01	1.230572e+00	-8.403437e-01	1.536285e+01	3.353294e+00	1.401888e+00	2.362955e-01	-8.327906e-01	6.373474e-02	1.035799e+01
1.057254e+02	1.234043e+00	-8.441065e-01	1.535712e+01	3.356088e+00	1.420328e+00	2.276474e-01	-8.737641e-01	2.415546e-03	1.035511e+01
1.263440e+02	1.237887e+00	-8.447570e-01	1.535072e+01	3.359628e+00	1.438065e+00	2.322199e-01	-8.901654e-01	-3.008400e-02	1.034370e+01
1.913755e+02	1.246724e+00	-8.055169e-01	1.533780e+01	3.376213e+00	1.462395e+00	2.962764e-01	-7.454177e-01	6.870756e-02	1.021881e+01
1.239759e+02	1.250025e+00	-8.198393e-01	1.533439e+01	3.374522e+00	1.465531e+00	1.906496e-01	-6.758708e-01	1.080262e-01	1.020710e+01
1.600794e+02	1.252747e+00	-8.263521e-01	1.533002e+01	3.377262e+00	1.480490e+00	1.547440e-01	-6.465705e-01	1.326894e-01	1.020650e+01
1.211740e+02	1.256261e+00	-8.217502e-01	1.532351e+01	3.383768e+00	1.509431e+00	1.996249e-01	-6.379519e-01	1.514189e-01	1.019702e+01
1.225279e+02	1.260597e+00	-8.176858e-01	1.531452e+01	3.393001e+00	1.542928e+00	2.419182e-01	-6.379901e-01	1.651244e-01	1.019691e+01
1.268560e+02	1.261457e+00	-8.334629e-01	1.531232e+01	3.391384e+00	1.556263e+00	1.935766e-01	-6.411798e-01	1.727900e-01	1.022359e+01
1.187718e+02	1.265248e+00	-8.364827e-01	1.530504e+01	3.397698e+00	1.586199e+00	2.070735e-01	-6.488990e-01	1.777208e-01	1.022942e+01
1.098810e+02	1.272140e+00	-8.341648e-01	1.529325e+01	3.409686e+00	1.625064e+00	2.322515e-01	-6.623752e-01	1.882714e-01	1.023132e+01
1.145726e+02	1.273542e+00	-8.442762e-01	1.529003e+01	3.410548e+00	1.645279e+00	2.162898e-01	-6.682393e-01	1.873742e-01	1.024219e+01
1.109705e+02	1.275313e+00	-8.465692e-01	1.528533e+01	3.415496e+00	1.670315e+00	2.244672e-01	-6.741524e-01	1.894876e-01	1.024397e+01
1.066929e+02	1.279749e+00	-8.485267e-01	1.527686e+01	3.421277e+00	1.697461e+00	2.375961e-01	-6.810052e-01	1.884966e-01	1.024247e+01
1.084328e+02	1.280831e+00	-8.550656e-01	1.527396e+01	3.421604e+00	1.712846e+00	2.333113e-01	-6.839231e-01	1.847492e-01	1.024141e+01
1.053214e+02	1.286530e+00	-8.558121e-01	1.526444e+01	3.429358e+00	1.742003e+00	2.416591e-01	-6.910094e-01	1.850386e-01	1.024049e+01
1.037214e+02	1.295487e+00	-8.530908e-01	1.525060e+01	3.442345e+00	1.777015e+00	2.485544e-01	-6.974661e-01	1.871560e-01	1.023168e+01
1.052084e+02	1.296758e+00	-8.600343e-01	1.524824e+01	3.442161e+00	1.792417e+00	2.393633e-01	-7.019054e-01	1.838635e-01	1.023608e+01
1.101570e+02	1.295474e+00	-8.671345e-01	1.524981e+01	3.438575e+00	1.799706e+00	2.304551e-01	-7.050769e-01	1.794123e-01	1.023039e+01
1.027734e+02	1.301291e+00	-8.670931e-01	1.523997e+01	3.447455e+00	1.831069e+00	2.447592e-01	-7.170229e-01	1.676185e-01	1.023160e+01
1.000982e+02	1.305784e+00	-8.684464e-01	1.523229e+01	3.452811e+00	1.853408e+00	2.466815e-01	-7.329942e-01	1.499957e-01	1.022837e+01
9.661824e+01	1.310838e+00	-8.697066e-01	1.522231e+01	3.460438e+00	1.881729e+00	2.558025e-01	-7.420753e-01	1.383694e-01	1.022935e+01
9.788098e+01	1.316738e+00	-8.764789e-01	1.521309e+01	3.464674e+00	1.904949e+00	2.428125e-01	-7.550240e-01	1.180346e-01	1.024233e+01
9.040069e+01	1.320434e+00	-8.747909e-01	1.520517e+01	3.471746e+00	1.930498e+00	2.635081e-01	-7.695775e-01	1.001044e-01	1.023644e+01
5.585540e+03	-4.097143e-01	-5.145714e-01	1.373429e+01	9.326667e-01	3.660000e+00	3.101905e-01	-9.686667e-01	-4.640000e-01	9.440571e+00
9.713941e+02	-2.873427e-01	-6.369430e-01	1.385666e+01	8.102951e-01	3.537628e+00	1.878189e-01	-8.462951e-01	-5.863716e-01	9.562943e+00
3.517221e+02	-1.520617e-01	-7.187577e-01	1.373977e+01	9.044514e-01	3.653924e+00	1.101091e-01	-8.947743e-01	-5.278335e-01	9.658854e+00
3.214967e+02	-2.530887e-02	-7.615863e-01	1.362034e+01	1.010256e+00	3.770836e+00	7.340113e-02	-9.709310e-01	-4.448675e-01	9.714373e+00
3.107568e+02	9.838894e-02	-7.834104e-01	1.350923e+01	1.114421e+00	3.877718e+00	5.919667e-02	-1.048308e+00	-3.677902e-01	9.750706e+00
3.458287e+02	2.238185e-01	-7.934280e-01	1.340343e+01	1.210864e+00	3.979418e+00	5.710138e-02	-1.118275e+00	-3.094719e-01	9.772898e+00
3.038771e+02	3.367849e-01	-7.909867e-01	1.329335e+01	1.313706e+00	4.089358e+00	6.079293e-02	-1.014324e+00	-3.753220e-01	9.760158e+00
2.848460e+02	3.280828e-01	-7.883654e-01	1.321310e+01	1.424499e+00	4.195010e+00	6.989323e-02	-9.691802e-01	-3.772411e-01	9.757611e+00
2.480023e+02	2.597083e-01	-7.840522e-01	1.313088e+01	1.537161e+00	4.313135e+00	8.226143e-02	-9.531868e-01	-3.693724e-01	9.759717e+00
2.014058e+02	1.439117e-01	-7.790171e-01	1.307886e+01	1.659625e+00	4.405349e+00	9.799405e-02	-9.561599e-01	-3.417662e-01	9.767767e+00
1.685537e+02	1.282595e-02	-7.766074e-01	1.303088e+01	1.763163e+00	4.510987e+00	1.099425e-01	-9.660829e-01	-3.136812e-01	9.776171e+00
1.394769e+02	-3.930896e-02	-7.740001e-01	1.295779e+01	1.867067e+00	4.623600e+00	1.237599e-01	-9.873655e-01	-2.724636e-01	9.785154e+00
1.257860e+02	-1.693441e-01	-7.747641e-01	1.296546e+01	1.934201e+00	4.642504e+00	1.313730e-01	-1.002670e+00	-2.492492e-01	9.798639e+00
1.214270e+02	-2.413869e-01	-7.749375e-01	1.295219e+01	1.981601e+00	4.682296e+00	1.395472e-01	-1.016799e+00	-2.277126e-01	9.811169e+00
1.180627e+02	-3.235563e-01	-7.774585e-01	1.297403e+01	2.007168e+00	4.650175e+00	1.429937e-01	-1.012410e+00	-2.225066e-01	9.827065e+00
1.143684e+02	-4.007658e-01	-7.812490e-01	1.301838e+01	1.997532e+00	4.582439e+00	1.443392e-01	-9.956401e-01	-2.242979e-01	9.844492e+00
1.107945e+02	-4.088938e-01	-7.834332e-01	1.300942e+01	2.021616e+00	4.586920e+00	1.474631e-01	-9.924522e-01	-2.190264e-01	9.862219e+00
1.118199e+02	-4.501277e-01	-7.880934e-01	1.304097e+01	2.009843e+00	4.538863e+00	1.483357e-01	-9.912433e-01	-2.159049e-01	9.883735e+00
1.036714e+02	-3.971015e-01	-7.876394e-01	1.299606e+01	2.045348e+00	4.584383e+00	1.524026e-01	-9.600820e-01	-2.195167e-01	9.889634e+00
1.011217e+02	-3.614565e-01	-7.891954e-01	1.295605e+01	2.074977e+00	4.624963e+00	1.552242e-01	-9.555581e-01	-2.126762e-01	9.898812e+00
9.849856e+01	-3.352524e-01	-7.912344e-01	1.294845e+01	2.080028e+00	4.622100e+00	1.582758e-01	-9.536022e-01	-2.103014e-01	9.916127e+00
9.633219e+01	-3.462508e-01	-7.939098e-01	1.297911e+01	2.063870e+00	4.563105e+00	1.612724e-01	-9.550949e-01	-2.079154e-01	9.934283e+00
1.252182e+02	-3.346337e-01	-7.980929e-01	1.297674e+01	2.060824e+00	4.555354e+00	1.632526e-01	-9.915349e-01	-2.044528e-01	9.947902e+00
1.061049e+02	-3.249696e-01	-7.952383e-01	1.301397e+01	2.006558e+00	4.496987e+00	1.631131e-01	-8.796333e-01	-2.368264e-01	9.932585e+00
1.139089e+02	-2.921667e-01	-7.928940e-01	1.299900e+01	2.021843e+00	4.495224e+00	1.660820e-01	-8.301103e-01	-2.481001e-01	9.926263e+00
1.147250e+02	-2.338642e-01	-7.924020e-01	1.295406e+01	2.059790e+00	4.530381e+00	1.691792e-01	-8.135642e-01	-2.380724e-01	9.927026e+00
1.112545e+02	-2.752653e-01	-7.954769e-01	1.298584e+01	2.040188e+00	4.478759e+00	1.703952e-01	-8.101645e-01	-2.280289e-01	9.941319e+00
1.106937e+02	-3.551889e-01	-8.019791e-01	1.305313e+01	1.990051e+00	4.389041e+00	1.685004e-01	-8.146806e-01	-2.124703e-01	9.964886e+00
1.019597e+02	-3.288226e-01	-8.031141e-01	1.302118e+01	2.022751e+00	4.416885e+00	1.732164e-01	-8.270254e-01	-1.933821e-01	9.977926e+00
9.434216e+01	-3.169278e-01	-8.064053e-01	1.300270e+01	2.046199e+00	4.424993e+00	1.758511e-01	-8.437459e-01	-1.792084e-01	1.000029e+01
8.789018e+01	-2.780665e-01	-8.072731e-01	1.296344e+01	2.083567e+00	4.460585e+00	1.808366e-01	-8.601056e-01	-1.606684e-01	1.001285e+01
8.230173e+01	-2.629720e-01	-8.110946e-01	1.295250e+01	2.097997e+00	4.454065e+00	1.811306e-01	-8.727600e-01	-1.430846e-01	1.003121e+01
7.909209e+01	-2.595876e-01	-8.123145e-01	1.295818e+01	2.093130e+00	4.436546e+00	1.855905e-01	-8.871399e-01	-1.337668e-01	1.004152e+01
7.854918e+01	-2.685441e-01	-8.159457e-01	1.298339e+01	2.080554e+00	4.385194e+00	1.861194e-01	-8.952473e-01	-1.316051e-01	1.005863e+01
7.863225e+01	-2.657732e-01	-8.160865e-01	1.299160e+01	2.072383e+00	4.365684e+00	1.908580e-01	-9.009939e-01	-1.272095e-01	1.006585e+01
7.784732e+01	-2.584106e-01	-8.154235e-01	1.300059e+01	2.078969e+00	4.333089e+00	1.961206e-01	-9.018827e-01	-1.281911e-01	1.006983e+01
8.063991e+01	-2.483066e-01	-8.164979e-01	1.301151e+01	2.059081e+00	4.309817e+00	1.980337e-01	-9.114320e-01	-1.250119e-01	1.007759e+01
7.555394e+01	-2.025824e-01	-8.178916e-01	1.301297e+01	2.030167e+00	4.291085e+00	1.969613e-01	-8.904994e-01	-1.191664e-01	1.008384e+01
7.382056e+01	-2.063239e-01	-8.174646e-01	1.301817e+01	2.031220e+00	4.267027e+00	1.999673e-01	-8.783334e-01	-1.176578e-01	1.009240e+01
7.444934e+01	-2.397011e-01	-8.182782e-01	1.303953e+01	2.025248e+00	4.227005e+00	2.025921e-01	-8.847501e-01	-1.241053e-01	1.010162e+01
7.516951e+01	-2.113120e-01	-8.198528e-01	1.302326e+01	2.038214e+00	4.228267e+00	2.040797e-01	-8.903835e-01	-1.261104e-01	1.011271e+01
7.195272e+01	-1.763283e-01	-8.199140e-01	1.302049e+01	2.028212e+00	4.213140e+00	2.070377e-01	-8.779498e-01	-1.258315e-01	1.012896e+01
7.122289e+01	-1.670228e-01	-8.212678e-01	1.300714e+01	2.044267e+00	4.206622e+00	2.075672e-01	-8.747254e-01	-1.234616e-01	1.014260e+01
7.148960e+01	-1.759401e-01	-8.237645e-01	1.301373e+01	2.027425e+00	4.192238e+00	2.065297e-01	-8.687599e-01	-1.252617e-01	1.015507e+01
7.080283e+01	-1.636396e-01	-8.240356e-01	1.300558e+01	2.045289e+00	4.177530e+00	2.091093e-01	-8.696746e-01	-1.213291e-01	1.016281e+01
6.933655e+01	-1.771445e-01	-8.221652e-01	1.299885e+01	2.077136e+00	4.161928e+00	2.158930e-01	-8.679929e-01	-1.160101e-01	1.016628e+01
6.944260e+01	-1.684767e-01	-8.244194e-01	1.300960e+01	2.058056e+00	4.124438e+00	2.146042e-01	-8.658612e-01	-1.144375e-01	1.018154e+01
7.062999e+01	-1.237029e-01	-8.268751e-01	1.299398e+01	2.047083e+00	4.117791e+00	2.134958e-01	-8.648205e-01	-1.118894e-01	1.020294e+01
6.888163e+01	-1.517133e-01	-8.271114e-01	1.302014e+01	2.036169e+00	4.069232e+00	2.144884e-01	-8.530527e-01	-1.066304e-01	1.021102e+01
6.878269e+01	-1.599087e-01	-8.286306e-01	1.301524e+01	2.051380e+00	4.042811e+00	2.139268e-01	-8.470971e-01	-1.075668e-01	1.021824e+01
6.839112e+01	-1.604804e-01	-8.280262e-01	1.301656e+01	2.054481e+00	4.025087e+00	2.175246e-01	-8.519656e-01	-1.056965e-01	1.022362e+01
6.968640e+01	-1.598357e-01	-8.286656e-01	1.303148e+01	2.027186e+00	3.995455e+00	2.184987e-01	-8.545060e-01	-1.079336e-01	1.022497e+01
6.730349e+01	-1.395831e-01	-8.274702e-01	1.300265e+01	2.056600e+00	4.000742e+00	2.224511e-01	-8.527910e-01	-1.016099e-01	1.022889e+01
6.766937e+01	-1.409532e-01	-8.283802e-01	1.298925e+01	2.088066e+00	3.985986e+00	2.227179e-01	-8.525957e-01	-1.005973e-01	1.024208e+01
6.650315e+01	-1.383169e-01	-8.280566e-01	1.299954e+01	2.070952e+00	3.951719e+00	2.251062e-01	-8.472636e-01	-9.509853e-02	1.024743e+01
6.618402e+01	-1.275556e-01	-8.288991e-01	1.298808e+01	2.064334e+00	3.953075e+00	2.274235e-01	-8.449594e-01	-9.473188e-02	1.025579e+01
6.783958e+01	-1.451484e-01	-8.299135e-01	1.302089e+01	2.039190e+00	3.890204e+00	2.273427e-01	-8.485553e-01	-9.561535e-02	1.025936e+01
6.995889e+01	-1.147737e-01	-8.323095e-01	1.303931e+01	1.994511e+00	3.838210e+00	2.245667e-01	-8.446412e-01	-9.496089e-02	1.026363e+01
6.776919e+01	-1.174411e-01	-8.309431e-01	1.302358e+01	2.017717e+00	3.830297e+00	2.280252e-01	-8.452078e-01	-9.227057e-02	1.026376e+01
6.730834e+01	-9.313346e-02	-8.316096e-01	1.300989e+01	2.019996e+00	3.820735e+00	2.283233e-01	-8.423455e-01	-9.577475e-02	1.026774e+01
6.672479e+01	-1.045703e-01	-8.304602e-01	1.299733e+01	2.048201e+00	3.817181e+00	2.316588e-01	-8.453505e-01	-9.195910e-02	1.027444e+01
6.606953e+01	-6.706916e-02	-8.294714e-01	1.296174e+01	2.079179e+00	3.832357e+00	2.334550e-01	-8.435614e-01	-8.832858e-02	1.027521e+01
6.680514e+01	-1.337869e-01	-8.309385e-01	1.301197e+01	2.054257e+00	3.762866e+00	2.332644e-01	-8.437920e-01	-8.741835e-02	1.028090e+01
6.944467e+01	-1.978937e-01	-8.309457e-01	1.304964e+01	2.047168e+00	3.706649e+00	2.349326e-01	-8.486878e-01	-8.651632e-02	1.028348e+01
6.716876e+01	-1.748469e-01	-8.318262e-01	1.304052e+01	2.042963e+00	3.695082e+00	2.339774e-01	-8.362092e-01	-8.089861e-02	1.028463e+01
7.368703e+01	-1.805323e-01	-8.356725e-01	1.307524e+01	2.002317e+00	3.623913e+00	2.299302e-01	-8.407907e-01	-9.057249e-02	1.029348e+01
7.284475e+01	-1.088338e-01	-8.340732e-01	1.300851e+01	2.052294e+00	3.685472e+00	2.332662e-01	-8.550161e-01	-9.121181e-02	1.030452e+01
6.651841e+02	-9.125714e-01	-6.288571e-01	1.111943e+01	1.572667e+00	6.262667e+00	1.914286e-02	-6.212381e-01	3.908571e-01	1.039143e+01
1.907274e+03	-1.034943e+00	-5.064856e-01	1.124180e+01	1.695038e+00	6.140295e+00	1.415144e-01	-7.436097e-01	2.684856e-01	1.026906e+01
4.977920e+02	-1.163853e+00	-6.245987e-01	1.136482e+01	1.573442e+00	6.002108e+00	2.688713e-02	-8.231527e-01	1.889425e-01	1.038852e+01
6.510214e+02	-1.241257e+00	-6.937819e-01	1.144451e+01	1.493952e+00	5.915261e+00	-4.079354e-02	-8.674655e-01	1.446297e-01	1.045818e+01
7.770664e+02	-1.299921e+00	-7.286962e-01	1.149695e+01	1.446861e+00	5.834409e+00	-6.584581e-02	-9.620562e-01	4.916861e-02	1.049745e+01
7.904554e+02	-1.344404e+00	-7.416772e-01	1.152913e+01	1.423033e+00	5.759884e+00	-6.429370e-02	-1.073870e+00	-6.353960e-02	1.051495e+01
1.137607e+03	-1.374744e+00	-7.429803e-01	1.155078e+01	1.407880e+00	5.712092e+00	-4.877847e-02	-1.175584e+00	-1.072007e-01	1.052354e+01
5.385011e+02	-1.392170e+00	-7.244439e-01	1.156550e+01	1.396882e+00	5.681444e+00	-3.448631e-02	-1.077388e+00	-2.151933e-01	1.052289e+01
3.310918e+02	-1.408884e+00	-7.020484e-01	1.157848e+01	1.389272e+00	5.657108e+00	-1.165420e-02	-9.822335e-01	-3.115306e-01	1.051715e+01
2.496408e+02	-1.421858e+00	-6.823133e-01	1.158938e+01	1.383322e+00	5.639062e+00	1.495829e-02	-9.249334e-01	-3.665511e-01	1.050956e+01
1.978473e+02	-1.436458e+00	-6.633414e-01	1.160171e+01	1.378319e+00	5.620415e+00	4.703151e-02	-8.841226e-01	-4.027670e-01	1.050068e+01
1.818214e+02	-1.455041e+00	-6.491615e-01	1.161739e+01	1.371865e+00	5.599244e+00	7.603416e-02	-8.600674e-01	-4.192012e-01	1.049183e+01
1.845816e+02	-1.470492e+00	-6.425304e-01	1.163463e+01	1.358841e+00	5.581997e+00	9.540242e-02	-8.433598e-01	-4.352384e-01	1.048549e+01
1.862642e+02	-1.488297e+00	-6.408399e-01	1.165449e+01	1.342926e+00	5.564465e+00	1.078512e-01	-8.331574e-01	-4.462844e-01	1.048208e+01
1.696372e+02	-1.505326e+00	-6.495319e-01	1.167601e+01	1.323707e+00	5.545481e+00	1.074318e-01	-8.276787e-01	-4.578024e-01	1.048225e+01
1.572422e+02	-1.518311e+00	-6.591217e-01	1.169634e+01	1.304419e+00	5.528524e+00	1.053725e-01	-8.279819e-01	-4.648397e-01	1.048229e+01
1.504526e+02	-1.533029e+00	-6.689923e-01	1.171618e+01	1.287382e+00	5.510307e+00	1.027199e-01	-8.303513e-01	-4.699481e-01	1.048330e+01
1.475721e+02	-1.542445e+00	-6.763394e-01	1.173069e+01	1.275460e+00	5.494493e+00	1.021137e-01	-8.382473e-01	-4.707461e-01	1.048386e+01
1.431908e+02	-1.552011e+00	-6.805976e-01	1.174572e+01	1.263745e+00	5.479819e+00	1.067392e-01	-8.470747e-01	-4.655714e-01	1.048188e+01
1.369333e+02	-1.557920e+00	-6.804450e-01	1.175692e+01	1.255680e+00	5.469150e+00	1.179995e-01	-8.584240e-01	-4.539521e-01	1.047709e+01
1.330781e+02	-1.563305e+00	-6.830073e-01	1.176823e+01	1.247306e+00	5.457094e+00	1.239658e-01	-8.698386e-01	-4.442350e-01	1.047468e+01
1.291152e+02	-1.568972e+00	-6.859751e-01	1.178008e+01	1.238664e+00	5.443909e+00	1.299284e-01	-8.837636e-01	-4.267772e-01	1.047166e+01
1.266418e+02	-1.570843e+00	-6.899068e-01	1.178873e+01	1.232160e+00	5.435041e+00	1.334654e-01	-8.924997e-01	-4.171269e-01	1.046968e+01
1.250912e+02	-1.570332e+00	-6.923406e-01	1.179558e+01	1.226663e+00	5.427944e+00	1.381281e-01	-8.973702e-01	-4.109731e-01	1.046684e+01
1.230240e+02	-1.570447e+00	-6.975704e-01	1.180353e+01	1.220852e+00	5.420580e+00	1.394797e-01	-9.034306e-01	-3.985966e-01	1.046482e+01
1.232055e+02	-1.570039e+00	-7.050944e-01	1.181175e+01	1.215142e+00	5.412554e+00	1.375250e-01	-9.137179e-01	-3.851327e-01	1.046398e+01
1.201852e+02	-1.567702e+00	-7.064424e-01	1.181744e+01	1.211257e+00	5.407354e+00	1.424586e-01	-9.083606e-01	-3.746581e-01	1.045947e+01
1.166054e+02	-1.565262e+00	-7.068963e-01	1.182239e+01	1.208114e+00	5.402238e+00	1.460898e-01	-8.912826e-01	-3.682198e-01	1.045353e+01
1.143858e+02	-1.561161e+00	-7.088394e-01	1.182721e+01	1.205018e+00	5.398311e+00	1.503254e-01	-8.882878e-01	-3.555597e-01	1.044950e+01
1.127437e+02	-1.556870e+00	-7.155646e-01	1.183175e+01	1.201643e+00	5.394058e+00	1.518981e-01	-8.894741e-01	-3.453684e-01	1.044868e+01
1.099687e+02	-1.551687e+00	-7.164528e-01	1.183592e+01	1.199487e+00	5.390708e+00	1.557047e-01	-8.827530e-01	-3.310290e-01	1.044367e+01
1.076872e+02	-1.545970e+00	-7.176914e-01	1.183968e+01	1.197928e+00	5.386506e+00	1.583439e-01	-8.805582e-01	-3.134449e-01	1.043850e+01
1.054500e+02	-1.540212e+00	-7.202341e-01	1.184322e+01	1.195907e+00	5.383534e+00	1.614205e-01	-8.736777e-01	-2.999584e-01	1.043476e+01
1.030260e+02	-1.532836e+00	-7.228818e-01	1.184476e+01	1.196324e+00	5.381880e+00	1.646311e-01	-8.751247e-01	-2.768743e-01	1.043070e+01
1.007970e+02	-1.526979e+00	-7.274933e-01	1.184857e+01	1.193689e+00	5.378355e+00	1.651776e-01	-8.674854e-01	-2.656657e-01	1.042821e+01
9.880348e+01	-1.518543e+00	-7.309605e-01	1.184985e+01	1.194674e+00	5.375365e+00	1.663438e-01	-8.623135e-01	-2.472659e-01	1.042707e+01
9.712522e+01	-1.512500e+00	-7.355619e-01	1.185326e+01	1.192208e+00	5.372340e+00	1.678504e-01	-8.596865e-01	-2.356139e-01	1.042420e+01
9.721273e+01	-1.506394e+00	-7.414851e-01	1.185770e+01	1.189173e+00	5.367406e+00	1.648190e-01	-8.516068e-01	-2.286375e-01	1.042196e+01
9.455332e+01	-1.498912e+00	-7.428369e-01	1.185953e+01	1.189247e+00	5.364822e+00	1.715779e-01	-8.551365e-01	-2.124269e-01	1.041824e+01
9.368818e+01	-1.492086e+00	-7.437721e-01	1.186070e+01	1.191101e+00	5.361180e+00	1.807788e-01	-8.546606e-01	-1.969965e-01	1.041360e+01
9.153610e+01	-1.483741e+00	-7.473199e-01	1.186270e+01	1.190813e+00	5.357949e+00	1.829808e-01	-8.606539e-01	-1.828787e-01	1.041141e+01
9.021695e+01	-1.474504e+00	-7.540381e-01	1.186431e+01	1.191314e+00	5.355581e+00	1.831374e-01	-8.721746e-01	-1.695107e-01	1.041148e+01
9.010243e+01	-1.465914e+00	-7.535214e-01	1.186560e+01	1.191387e+00	5.352091e+00	1.859499e-01	-8.478293e-01	-1.528688e-01	1.040568e+01
9.033000e+01	-1.456016e+00	-7.536835e-01	1.186573e+01	1.194002e+00	5.347914e+00	1.900085e-01	-8.444973e-01	-1.442339e-01	1.040227e+01
8.861929e+01	-1.447958e+00	-7.585188e-01	1.186765e+01	1.193776e+00	5.344137e+00	1.895112e-01	-8.443826e-01	-1.330137e-01	1.040045e+01
8.761797e+01	-1.440697e+00	-7.678403e-01	1.186866e+01	1.193981e+00	5.341557e+00	1.860359e-01	-8.610757e-01	-1.279636e-01	1.040217e+01
8.617910e+01	-1.431430e+00	-7.673538e-01	1.187001e+01	1.195261e+00	5.336406e+00	1.912100e-01	-8.542327e-01	-1.185408e-01	1.039809e+01
8.514369e+01	-1.420537e+00	-7.682507e-01	1.187067e+01	1.196765e+00	5.333458e+00	1.981731e-01	-8.555740e-01	-1.110714e-01	1.039537e+01
8.601406e+01	-1.411712e+00	-7.675814e-01	1.187204e+01	1.198575e+00	5.327033e+00	2.019539e-01	-8.452691e-01	-9.972585e-02	1.039128e+01
8.801607e+01	-1.402482e+00	-7.673861e-01	1.187533e+01	1.196685e+00	5.321611e+00	2.061831e-01	-8.355815e-01	-8.937779e-02	1.038805e+01
8.558277e+01	-1.394089e+00	-7.722019e-01	1.187647e+01	1.199367e+00	5.313213e+00	2.043595e-01	-8.394018e-01	-8.244067e-02	1.038898e+01
8.330755e+01	-1.384278e+00	-7.768992e-01	1.187656e+01	1.201977e+00	5.304499e+00	2.035163e-01	-8.458232e-01	-8.214730e-02	1.038892e+01
8.424113e+01	-1.375837e+00	-7.822045e-01	1.187767e+01	1.204475e+00	5.296061e+00	2.024405e-01	-8.651431e-01	-8.220433e-02	1.039008e+01
8.909273e+01	-1.363485e+00	-7.833741e-01	1.187604e+01	1.210095e+00	5.290328e+00	2.056533e-01	-8.853667e-01	-7.932236e-02	1.039025e+01
9.103338e+01	-1.354272e+00	-7.744117e-01	1.187744e+01	1.210886e+00	5.285035e+00	2.104037e-01	-8.080150e-01	-5.102818e-02	1.037998e+01
1.027539e+02	-1.342921e+00	-7.686172e-01	1.187770e+01	1.212477e+00	5.280703e+00	2.166347e-01	-7.673463e-01	-3.209144e-02	1.037252e+01
1.001242e+02	-1.337468e+00	-7.757404e-01	1.188181e+01	1.213519e+00	5.267478e+00	2.079082e-01	-7.511464e-01	-2.537544e-02	1.037085e+01
9.939598e+01	-1.330533e+00	-7.839811e-01	1.188570e+01	1.215716e+00	5.253495e+00	2.004030e-01	-7.482393e-01	-2.418513e-02	1.037148e+01
9.696039e+01	-1.325737e+00	-7.897700e-01	1.188901e+01	1.219495e+00	5.234331e+00	1.971051e-01	-7.657003e-01	-2.697856e-02	1.037031e+01
9.249121e+01	-1.321049e+00	-7.915520e-01	1.189186e+01	1.224048e+00	5.214966e+00	1.999016e-01	-7.842428e-01	-3.010152e-02	1.036908e+01
8.604420e+01	-1.313436e+00	-7.904685e-01	1.189238e+01	1.229977e+00	5.200820e+00	2.079220e-01	-8.122367e-01	-3.288360e-02	1.036592e+01
8.386998e+01	-1.304167e+00	-7.845861e-01	1.189243e+01	1.236320e+00	5.187604e+00	2.225782e-01	-8.379676e-01	-3.390712e-02	1.036115e+01
8.224876e+01	-1.295568e+00	-7.917412e-01	1.189426e+01	1.239100e+00	5.177980e+00	2.215001e-01	-8.776935e-01	-4.796383e-02	1.036177e+01
8.133392e+01	-1.285076e+00	-7.883447e-01	1.189383e+01	1.243194e+00	5.171687e+00	2.251968e-01	-8.600466e-01	-3.554623e-02	1.035623e+01
7.835626e+01	-1.274623e+00	-7.947551e-01	1.189594e+01	1.242802e+00	5.166247e+00	2.173844e-01	-8.525497e-01	-5.256207e-02	1.035427e+01
8.353418e+01	-1.264013e+00	-8.011709e-01	1.189682e+01	1.244547e+00	5.162066e+00	2.131373e-01	-8.718542e-01	-7.316774e-02	1.035446e+01
7.956169e+01	-1.251428e+00	-7.974784e-01	1.189756e+01	1.245064e+00	5.159065e+00	2.136409e-01	-8.306601e-01	-7.158605e-02	1.034693e+01
8.335730e+01	-1.237812e+00	-7.986074e-01	1.189890e+01	1.245585e+00	5.154658e+00	2.089886e-01	-8.080574e-01	-7.068148e-02	1.034287e+01
7.945632e+01	-1.226173e+00	-7.975209e-01	1.189874e+01	1.248399e+00	5.149216e+00	2.160188e-01	-8.252346e-01	-7.961879e-02	1.033967e+01
7.858677e+01	-1.215742e+00	-7.943524e-01	1.189893e+01	1.251151e+00	5.143737e+00	2.263339e-01	-8.488086e-01	-8.500495e-02	1.033681e+01
9.128351e+01	-1.203869e+00	-8.021852e-01	1.189968e+01	1.252110e+00	5.138350e+00	2.248148e-01	-8.874096e-01	-1.011721e-01	1.033954e+01
1.473064e+02	-1.190703e+00	-8.091363e-01	1.190098e+01	1.253534e+00	5.133372e+00	2.237685e-01	-9.150773e-01	-1.108217e-01	1.034318e+01
9.929945e+01	-1.176620e+00	-7.815157e-01	1.190166e+01	1.252103e+00	5.132390e+00	2.260143e-01	-7.595200e-01	-8.877508e-02	1.031925e+01
3.620481e+03	1.571429e-01	-5.648571e-01	1.455714e+01	3.631333e+00	2.529333e+00	2.111429e-01	-9.000952e-01	3.771429e-01	9.056571e+00
4.952348e+02	3.477128e-02	-6.872287e-01	1.467951e+01	3.508962e+00	2.406962e+00	8.877128e-02	-1.022467e+00	2.547713e-01	9.178943e+00
3.623287e+02	8.624262e-03	-7.143064e-01	1.470471e+01	3.482110e+00	2.387025e+00	5.613905e-02	-9.172412e-01	1.764164e-01	9.200286e+00
3.294059e+02	-1.914665e-03	-7.262311e-01	1.470684e+01	3.477365e+00	2.396087e+00	6.599237e-02	-8.925573e-01	9.572674e-02	9.214682e+00
2.917901e+02	-9.827289e-03	-7.472999e-01	1.471132e+01	3.469330e+00	2.397485e+00	5.643988e-02	-1.010607e+00	2.047413e-01	9.250062e+00
2.697378e+02	-1.122171e-02	-7.635139e-01	1.470846e+01	3.469247e+00	2.406433e+00	6.418217e-02	-8.911289e-01	1.130966e-01	9.293981e+00
2.466715e+02	-9.056659e-03	-7.652857e-01	1.469813e+01	3.475932e+00	2.427054e+00	8.819171e-02	-8.937931e-01	8.028019e-02	9.303110e+00
2.183225e+02	-1.394460e-02	-7.807238e-01	1.469977e+01	3.471178e+00	2.431273e+00	9.928920e-02	-9.797778e-01	1.480248e-01	9.339746e+00
3.201851e+02	-7.309036e-03	-7.834200e-01	1.468512e+01	3.480147e+00	2.456168e+00	1.136907e-01	-1.128132e+00	5.555871e-02	9.349254e+00
3.772499e+02	1.561439e-02	-7.292579e-01	1.467475e+01	3.491456e+00	2.450725e+00	1.365393e-01	-8.807829e-01	-1.816512e-01	9.184869e+00
2.675773e+02	7.879637e-03	-7.629079e-01	1.468622e+01	3.471229e+00	2.439413e+00	9.090387e-02	-8.622370e-01	-1.081291e-01	9.210436e+00
2.431154e+02	5.714115e-03	-7.852140e-01	1.467959e+01	3.469950e+00	2.456136e+00	8.647362e-02	-8.649984e-01	-2.444547e-02	9.243148e+00
2.121227e+02	8.541731e-03	-7.894270e-01	1.466750e+01	3.477634e+00	2.479804e+00	1.181700e-01	-8.690878e-01	4.619654e-02	9.260565e+00
2.065843e+02	8.635403e-03	-8.002570e-01	1.466535e+01	3.473843e+00	2.487080e+00	1.139869e-01	-8.717677e-01	8.658769e-02	9.276544e+00
1.837278e+02	1.760428e-02	-8.065243e-01	1.464411e+01	3.486596e+00	2.517667e+00	1.459713e-01	-8.722088e-01	8.472478e-02	9.299205e+00
1.725161e+02	2.381717e-02	-8.142422e-01	1.462802e+01	3.494921e+00	2.541575e+00	1.628756e-01	-8.714435e-01	7.424077e-02	9.318608e+00
1.655915e+02	2.716410e-02	-8.279413e-01	1.462674e+01	3.487289e+00	2.545047e+00	1.525807e-01	-8.720639e-01	7.664383e-02	9.336027e+00
1.523935e+02	3.193616e-02	-8.388842e-01	1.461937e+01	3.486748e+00	2.557077e+00	1.698335e-01	-8.711130e-01	6.494635e-02	9.357611e+00
1.486349e+02	4.632861e-02	-8.398947e-01	1.459947e+01	3.498583e+00	2.581601e+00	1.745772e-01	-8.712482e-01	6.312146e-02	9.364389e+00
1.442084e+02	5.428479e-02	-8.417450e-01	1.458658e+01	3.504435e+00	2.600939e+00	1.890125e-01	-8.711443e-01	5.980832e-02	9.369128e+00
1.383056e+02	6.488004e-02	-8.538734e-01	1.457726e+01	3.504057e+00	2.610694e+00	1.820836e-01	-8.699517e-01	4.431150e-02	9.396416e+00
1.425687e+02	7.476056e-02	-8.691840e-01	1.456585e+01	3.503891e+00	2.625894e+00	1.715493e-01	-8.742617e-01	2.527721e-02	9.430566e+00
1.311729e+02	9.404946e-02	-8.565671e-01	1.453733e+01	3.527749e+00	2.658660e+00	2.233687e-01	-8.814352e-01	1.358400e-02	9.431444e+00
1.183102e+02	8.866074e-02	-8.725146e-01	1.455075e+01	3.508388e+00	2.648600e+00	2.112409e-01	-8.857153e-01	-4.371554e-03	9.455751e+00
1.165914e+02	1.102994e-01	-8.758958e-01	1.452461e+01	3.520014e+00	2.670978e+00	2.065547e-01	-8.843103e-01	-3.015348e-02	9.464853e+00
1.085977e+02	1.258243e-01	-8.802472e-01	1.450255e+01	3.532259e+00	2.696749e+00	2.263881e-01	-8.919291e-01	-4.112662e-02	9.495244e+00
1.095620e+02	1.358969e-01	-8.869376e-01	1.449803e+01	3.526144e+00	2.697929e+00	2.111575e-01	-8.907788e-01	-6.816923e-02	9.502832e+00
1.056971e+02	1.473729e-01	-8.916141e-01	1.448067e+01	3.532882e+00	2.716482e+00	2.143137e-01	-9.004130e-01	-7.582736e-02	9.525991e+00
9.909731e+01	1.630277e-01	-8.905995e-01	1.445712e+01	3.542880e+00	2.740023e+00	2.332929e-01	-9.007477e-01	-1.233052e-01	9.535841e+00
9.301052e+01	1.812389e-01	-8.969614e-01	1.443321e+01	3.548446e+00	2.765322e+00	2.397141e-01	-9.053642e-01	-1.313484e-01	9.570226e+00
9.466332e+01	1.853422e-01	-9.069748e-01	1.443389e+01	3.541319e+00	2.761880e+00	2.302049e-01	-9.033738e-01	-1.669145e-01	9.592354e+00
9.182692e+01	2.092121e-01	-9.025306e-01	1.440181e+01	3.561229e+00	2.792908e+00	2.398328e-01	-8.852700e-01	-2.159506e-01	9.590702e+00
8.971729e+01	2.182197e-01	-9.074426e-01	1.440134e+01	3.553538e+00	2.788778e+00	2.373505e-01	-8.859851e-01	-1.945296e-01	9.602576e+00
8.689841e+01	2.318223e-01	-9.074549e-01	1.438835e+01	3.556415e+00	2.797458e+00	2.474937e-01	-8.892415e-01	-1.816544e-01	9.613722e+00
8.528701e+01	2.454681e-01	-9.120453e-01	1.437365e+01	3.558362e+00	2.808989e+00	2.475433e-01	-8.882886e-01	-1.961499e-01	9.645648e+00
8.486793e+01	2.612692e-01	-9.121659e-01	1.435136e+01	3.571277e+00	2.827825e+00	2.669034e-01	-8.716073e-01	-2.320381e-01	9.669237e+00
8.876847e+01	2.677039e-01	-9.256966e-01	1.436002e+01	3.550129e+00	2.809601e+00	2.378992e-01	-8.730807e-01	-2.334663e-01	9.695956e+00
9.305357e+01	2.736843e-01	-9.262634e-01	1.435966e+01	3.545553e+00	2.804777e+00	2.370691e-01	-8.528213e-01	-2.879341e-01	9.695165e+00
8.783492e+01	3.080417e-01	-9.134101e-01	1.431110e+01	3.579115e+00	2.849655e+00	2.772255e-01	-8.546159e-01	-2.478613e-01	9.702453e+00
8.930811e+01	3.020501e-01	-9.322887e-01	1.432553e+01	3.555733e+00	2.838378e+00	2.638702e-01	-8.805141e-01	-2.056622e-01	9.763622e+00
7.953875e+01	3.272597e-01	-9.217678e-01	1.430142e+01	3.565742e+00	2.846607e+00	2.654507e-01	-8.445267e-01	-2.331549e-01	9.728592e+00
8.419517e+01	3.323929e-01	-9.182819e-01	1.429855e+01	3.564151e+00	2.847775e+00	2.792729e-01	-8.436054e-01	-2.083314e-01	9.724951e+00
9.698065e+01	3.351455e-01	-9.402335e-01	1.430859e+01	3.538273e+00	2.833641e+00	2.427053e-01	-8.668443e-01	-2.177610e-01	9.785049e+00
1.132530e+02	3.685066e-01	-9.083387e-01	1.427180e+01	3.569379e+00	2.850118e+00	2.675560e-01	-7.712946e-01	-4.093907e-01	9.685562e+00
1.028135e+02	3.650216e-01	-9.249184e-01	1.429169e+01	3.540243e+00	2.833332e+00	2.373014e-01	-7.689222e-01	-3.007165e-01	9.716996e+00
9.050810e+01	3.749228e-01	-9.233865e-01	1.427956e+01	3.545991e+00	2.844220e+00	2.511807e-01	-7.741277e-01	-2.127049e-01	9.721827e+00
8.345838e+01	3.858322e-01	-9.254665e-01	1.426152e+01	3.551623e+00	2.866168e+00	2.682463e-01	-7.910647e-01	-1.263877e-01	9.744046e+00
8.330569e+01	3.970753e-01	-9.338150e-01	1.424842e+01	3.550967e+00	2.874668e+00	2.498516e-01	-8.009063e-01	-1.086539e-01	9.762454e+00
7.783895e+01	4.026897e-01	-9.324986e-01	1.424531e+01	3.548798e+00	2.877339e+00	2.780074e-01	-8.128812e-01	-1.351830e-01	9.785608e+00
7.488987e+01	4.019628e-01	-9.427927e-01	1.426393e+01	3.528619e+00	2.854119e+00	2.717150e-01	-8.224861e-01	-1.631303e-01	9.829394e+00
7.316402e+01	4.189760e-01	-9.409189e-01	1.424172e+01	3.539361e+00	2.872169e+00	2.885173e-01	-8.234542e-01	-1.691933e-01	9.843461e+00
1.024646e+02	4.182574e-01	-9.547328e-01	1.425615e+01	3.518023e+00	2.852800e+00	2.683678e-01	-8.467427e-01	-1.976249e-01	9.889238e+00
1.357704e+02	4.637074e-01	-9.080167e-01	1.420533e+01	3.561547e+00	2.862210e+00	3.058305e-01	-6.993275e-01	-1.508371e-01	9.743007e+00
9.361276e+01	4.449229e-01	-9.281888e-01	1.423764e+01	3.526686e+00	2.842448e+00	2.566184e-01	-6.901577e-01	-9.454426e-02	9.752742e+00
9.313927e+01	4.456709e-01	-9.319460e-01	1.425476e+01	3.504810e+00	2.814947e+00	2.580248e-01	-6.920549e-01	-6.952206e-02	9.763886e+00
9.130573e+01	4.493246e-01	-9.286898e-01	1.425170e+01	3.506447e+00	2.814873e+00	2.806913e-01	-6.954630e-01	-4.565125e-02	9.774401e+00
9.309149e+01	4.579482e-01	-9.393840e-01	1.424902e+01	3.493190e+00	2.813584e+00	2.578224e-01	-6.976018e-01	-2.552448e-02	9.785538e+00
9.459078e+01	4.662084e-01	-9.414928e-01	1.424311e+01	3.490049e+00	2.814747e+00	2.546154e-01	-6.995365e-01	-1.595433e-02	9.787927e+00
9.603173e+01	4.866330e-01	-9.309258e-01	1.420835e+01	3.515725e+00	2.846960e+00	2.984391e-01	-7.031968e-01	-9.414671e-04	9.793271e+00
9.166626e+01	4.977530e-01	-9.339454e-01	1.420228e+01	3.506956e+00	2.846918e+00	2.934891e-01	-7.041009e-01	-7.420401e-03	9.797979e+00
1.019225e+02	4.744256e-01	-9.528316e-01	1.425948e+01	3.457435e+00	2.794671e+00	2.528606e-01	-7.057648e-01	-4.334924e-04	9.820506e+00
4.478505e+03	6.142857e-01	-8.300000e-01	1.269200e+01	6.766667e-01	4.173333e-01	3.543810e-01	-8.482857e-01	-1.577143e-01	9.248571e+00
7.036061e+02	4.919141e-01	-9.523716e-01	1.281437e+01	7.990382e-01	5.397049e-01	2.320094e-01	-7.259141e-01	-2.800859e-01	9.370943e+00
6.460624e+02	3.455686e-01	-1.063899e+00	1.296518e+01	9.402810e-01	6.675145e-01	1.769674e-01	-5.891835e-01	-4.201410e-01	9.512697e+00
6.905514e+02	2.556617e-01	-1.109400e+00	1.305767e+01	1.027054e+00	7.465119e-01	1.942490e-01	-5.326901e-01	-4.840130e-01	9.597829e+00
6.527515e+02	1.866435e-01	-1.130086e+00	1.312870e+01	1.093666e+00	8.067766e-01	2.321741e-01	-5.025166e-01	-5.236824e-01	9.659564e+00
4.954609e+02	1.381814e-01	-1.121810e+00	1.317837e+01	1.140689e+00	8.497139e-01	2.985805e-01	-5.046626e-01	-5.305513e-01	9.696872e+00
3.566187e+02	1.014070e-01	-1.108016e+00	1.321590e+01	1.176706e+00	8.825914e-01	3.603501e-01	-5.189379e-01	-5.270088e-01	9.723776e+00
2.534011e+02	7.442102e-02	-1.088062e+00	1.324332e+01	1.203703e+00	9.071483e-01	4.187315e-01	-5.350873e-01	-5.212031e-01	9.741335e+00
2.043233e+02	5.392625e-02	-1.063353e+00	1.326403e+01	1.224506e+00	9.262673e-01	4.777440e-01	-5.658420e-01	-5.019845e-01	9.751022e+00
2.253936e+02	3.851810e-02	-1.044648e+00	1.327939e+01	1.240697e+00	9.411618e-01	5.222837e-01	-6.028840e-01	-4.805372e-01	9.759362e+00
2.362234e+02	2.695171e-02	-1.042974e+00	1.329085e+01	1.253304e+00	9.526984e-01	5.397490e-01	-6.449375e-01	-4.587383e-01	9.772848e+00
1.996348e+02	1.824808e-02	-1.058319e+00	1.329931e+01	1.263286e+00	9.618262e-01	5.319487e-01	-6.866537e-01	-4.386379e-01	9.790197e+00
2.222559e+02	1.178416e-02	-1.077520e+00	1.330544e+01	1.271296e+00	9.689835e-01	5.174765e-01	-7.435126e-01	-4.207011e-01	9.813618e+00
1.766342e+02	6.946548e-03	-1.069696e+00	1.330993e+01	1.277941e+00	9.746930e-01	5.093821e-01	-6.796303e-01	-4.032390e-01	9.790052e+00
1.772793e+02	3.481830e-03	-1.074150e+00	1.331300e+01	1.283321e+00	9.792333e-01	4.882118e-01	-6.373957e-01	-3.889762e-01	9.777696e+00
1.833460e+02	9.215650e-04	-1.079496e+00	1.331520e+01	1.287801e+00	9.828928e-01	4.676062e-01	-6.097617e-01	-3.759257e-01	9.769840e+00
1.890366e+02	-7.906618e-04	-1.080946e+00	1.331640e+01	1.291673e+00	9.860127e-01	4.559016e-01	-5.954050e-01	-3.605397e-01	9.765570e+00
1.885980e+02	-1.937587e-03	-1.077041e+00	1.331704e+01	1.295140e+00	9.886632e-01	4.530171e-01	-5.876791e-01	-3.449493e-01	9.759243e+00
1.854726e+02	-2.608662e-03	-1.073183e+00	1.331725e+01	1.298130e+00	9.909403e-01	4.528555e-01	-5.914601e-01	-3.288829e-01	9.758829e+00
1.824541e+02	-2.898311e-03	-1.070266e+00	1.331711e+01	1.300864e+00	9.929325e-01	4.519086e-01	-5.999429e-01	-3.126355e-01	9.760766e+00
1.763926e+02	-2.933699e-03	-1.062216e+00	1.331662e+01	1.303374e+00	9.947044e-01	4.587871e-01	-6.129837e-01	-2.973373e-01	9.763302e+00
1.732918e+02	-2.702588e-03	-1.058933e+00	1.331590e+01	1.305775e+00	9.963141e-01	4.580662e-01	-6.260181e-01	-2.843612e-01	9.768327e+00
1.694484e+02	-2.336876e-03	-1.051866e+00	1.331507e+01	1.308030e+00	9.977803e-01	4.646705e-01	-6.487827e-01	-2.715728e-01	9.773026e+00
1.693821e+02	-1.807681e-03	-1.042604e+00	1.331394e+01	1.310398e+00	9.991861e-01	4.733162e-01	-6.765247e-01	-2.603445e-01	9.777595e+00
1.645837e+02	-1.173880e-03	-1.043982e+00	1.331274e+01	1.312494e+00	1.000457e+00	4.679507e-01	-6.989977e-01	-2.506343e-01	9.786172e+00
1.609486e+02	-3.226411e-04	-1.045581e+00	1.331134e+01	1.314626e+00	1.001719e+00	4.653920e-01	-7.177132e-01	-2.426427e-01	9.801953e+00
1.645278e+02	4.758569e-04	-1.052226e+00	1.331005e+01	1.316711e+00	1.002864e+00	4.536260e-01	-7.326162e-01	-2.356780e-01	9.818130e+00
1.748272e+02	1.490933e-03	-1.054235e+00	1.330843e+01	1.318875e+00	1.004048e+00	4.440316e-01	-7.433103e-01	-2.299048e-01	9.829123e+00
1.595674e+02	2.409860e-03	-1.037152e+00	1.330696e+01	1.321010e+00	1.005085e+00	4.413009e-01	-6.948319e-01	-2.141999e-01	9.822218e+00
1.670160e+02	3.405296e-03	-1.015974e+00	1.330548e+01	1.323068e+00	1.006084e+00	4.457222e-01	-6.583428e-01	-2.018437e-01	9.813061e+00
1.653037e+02	4.434787e-03	-1.013599e+00	1.330383e+01	1.325282e+00	1.007169e+00	4.318254e-01	-6.390930e-01	-1.911480e-01	9.819121e+00
1.648868e+02	5.586779e-03	-1.012382e+00	1.330211e+01	1.327561e+00	1.008317e+00	4.170049e-01	-6.280524e-01	-1.819759e-01	9.825198e+00
1.650445e+02	6.675162e-03	-1.011703e+00	1.330038e+01	1.329832e+00	1.009433e+00	4.049456e-01	-6.286730e-01	-1.739804e-01	9.835911e+00
1.647484e+02	7.796976e-03	-1.009308e+00	1.329853e+01	1.332189e+00	1.010587e+00	3.965629e-01	-6.343369e-01	-1.657670e-01	9.847725e+00
1.616836e+02	8.952211e-03	-1.003863e+00	1.329663e+01	1.334547e+00	1.011751e+00	3.941304e-01	-6.467827e-01	-1.591623e-01	9.856684e+00
1.584108e+02	1.014795e-02	-9.984708e-01	1.329477e+01	1.336870e+00	1.012916e+00	3.929029e-01	-6.614338e-01	-1.536073e-01	9.867169e+00
1.545193e+02	1.136483e-02	-9.895749e-01	1.329278e+01	1.339359e+00	1.014132e+00	3.962001e-01	-6.793607e-01	-1.474907e-01	9.874473e+00
1.521596e+02	1.274988e-02	-9.813677e-01	1.329066e+01	1.342094e+00	1.015455e+00	4.013381e-01	-7.006046e-01	-1.455104e-01	9.888404e+00
1.486098e+02	1.398100e-02	-9.800030e-01	1.328877e+01	1.344609e+00	1.016686e+00	3.968020e-01	-7.208556e-01	-1.422471e-01	9.901501e+00
1.450659e+02	1.517512e-02	-9.783923e-01	1.328696e+01	1.347170e+00	1.017923e+00	3.925638e-01	-7.433752e-01	-1.399300e-01	9.913056e+00
1.414608e+02	1.648869e-02	-9.789541e-01	1.328506e+01	1.349808e+00	1.019191e+00	3.844546e-01	-7.620007e-01	-1.371987e-01	9.928004e+00
1.405576e+02	1.780888e-02	-9.694099e-01	1.328315e+01	1.352706e+00	1.020430e+00	3.885790e-01	-7.778150e-01	-1.341779e-01	9.939431e+00
1.403685e+02	1.918701e-02	-9.699967e-01	1.328110e+01	1.355423e+00	1.021733e+00	3.760207e-01	-7.839765e-01	-1.294455e-01	9.949193e+00
1.384396e+02	2.053932e-02	-9.641211e-01	1.327910e+01	1.358234e+00	1.022976e+00	3.723924e-01	-7.855698e-01	-1.247980e-01	9.958957e+00
1.368004e+02	2.197508e-02	-9.568557e-01	1.327706e+01	1.361084e+00	1.024324e+00	3.639547e-01	-7.729152e-01	-1.137811e-01	9.958610e+00
1.371645e+02	2.344436e-02	-9.568674e-01	1.327476e+01	1.364226e+00	1.025783e+00	3.497410e-01	-7.801885e-01	-1.129911e-01	9.967804e+00
1.346183e+02	2.489508e-02	-9.486636e-01	1.327262e+01	1.367173e+00	1.027160e+00	3.464909e-01	-7.852409e-01	-1.107421e-01	9.970997e+00
1.327281e+02	2.639165e-02	-9.359175e-01	1.327044e+01	1.370239e+00	1.028566e+00	3.499986e-01	-7.895291e-01	-1.074810e-01	9.974223e+00
1.318348e+02	2.785998e-02	-9.339119e-01	1.326823e+01	1.373326e+00	1.030005e+00	3.427570e-01	-8.081993e-01	-1.118898e-01	9.989648e+00
1.325261e+02	2.958976e-02	-9.296812e-01	1.326578e+01	1.376618e+00	1.031625e+00	3.368284e-01	-8.217885e-01	-1.133792e-01	1.000012e+01
1.312903e+02	3.101754e-02	-9.146053e-01	1.326368e+01	1.379819e+00	1.033056e+00	3.350774e-01	-7.971197e-01	-1.015985e-01	9.993063e+00
1.316942e+02	3.244871e-02	-9.090774e-01	1.326156e+01	1.383118e+00	1.034507e+00	3.225523e-01	-7.794818e-01	-9.177554e-02	9.993982e+00
1.334317e+02	3.390452e-02	-9.003219e-01	1.325946e+01	1.386445e+00	1.036034e+00	3.194855e-01	-7.701147e-01	-8.272756e-02	9.999617e+00
1.342592e+02	3.526612e-02	-8.928177e-01	1.325739e+01	1.389932e+00	1.037602e+00	3.187724e-01	-7.697183e-01	-7.381386e-02	1.001114e+01
1.301583e+02	3.674323e-02	-8.947578e-01	1.325515e+01	1.393325e+00	1.039209e+00	3.079444e-01	-7.756473e-01	-6.910415e-02	1.003021e+01
1.280134e+02	3.812927e-02	-8.987154e-01	1.325292e+01	1.396613e+00	1.040866e+00	2.979750e-01	-7.888177e-01	-6.480503e-02	1.005430e+01
1.256748e+02	3.961869e-02	-8.958975e-01	1.325061e+01	1.400203e+00	1.042549e+00	2.958522e-01	-8.006877e-01	-6.131521e-02	1.007278e+01
1.222313e+02	4.111497e-02	-8.869827e-01	1.324826e+01	1.404042e+00	1.044373e+00	3.015643e-01	-8.109642e-01	-5.812844e-02	1.008978e+01
1.205968e+02	4.259371e-02	-8.861479e-01	1.324601e+01	1.407706e+00	1.046099e+00	2.975074e-01	-8.337602e-01	-6.768111e-02	1.010992e+01
1.189314e+02	4.404487e-02	-8.760865e-01	1.324377e+01	1.411629e+00	1.047768e+00	2.983755e-01	-8.360694e-01	-6.481721e-02	1.011169e+01
1.180241e+02	4.548627e-02	-8.709802e-01	1.324157e+01	1.415345e+00	1.049567e+00	2.952763e-01	-8.359961e-01	-6.173281e-02	1.012306e+01
1.205839e+02	4.656901e-02	-8.616568e-01	1.323972e+01	1.418813e+00	1.051316e+00	2.981442e-01	-8.329807e-01	-5.691946e-02	1.013170e+01
1.156546e+02	4.806164e-02	-8.665448e-01	1.323745e+01	1.422707e+00	1.053188e+00	2.829285e-01	-8.316155e-01	-5.229838e-02	1.015437e+01
1.188962e+02	4.972335e-02	-8.697587e-01	1.323503e+01	1.426680e+00	1.055267e+00	2.681831e-01	-8.319497e-01	-4.633824e-02	1.017202e+01
1.182316e+02	5.111001e-02	-8.663603e-01	1.323282e+01	1.430734e+00	1.057171e+00	2.650738e-01	-8.322273e-01	-4.106680e-02	1.018962e+01
1.137364e+02	5.246683e-02	-8.578833e-01	1.323057e+01	1.434883e+00	1.058971e+00	2.688913e-01	-8.353734e-01	-3.511814e-02	1.020503e+01
1.136664e+02	5.380109e-02	-8.457852e-01	1.322812e+01	1.439053e+00	1.061003e+00	2.757199e-01	-8.303418e-01	-2.554635e-02	1.021189e+01
1.218476e+02	5.495631e-02	-8.333049e-01	1.322566e+01	1.443252e+00	1.063227e+00	2.853781e-01	-8.319951e-01	-1.689180e-02	1.021756e+01
1.104497e+02	5.624230e-02	-8.418502e-01	1.322312e+01	1.447386e+00	1.065256e+00	2.687992e-01	-8.313186e-01	-1.151304e-02	1.025789e+01
1.150032e+02	5.765088e-02	-8.504729e-01	1.322044e+01	1.451810e+00	1.067266e+00	2.573474e-01	-8.444295e-01	-1.907175e-02	1.030624e+01
1.246283e+02	5.885331e-02	-8.508329e-01	1.321783e+01	1.456058e+00	1.069415e+00	2.528766e-01	-8.544912e-01	-2.118943e-02	1.033601e+01
1.086394e+02	6.014291e-02	-8.306117e-01	1.321528e+01	1.460443e+00	1.071458e+00	2.680018e-01	-8.316167e-01	6.528021e-03	1.031989e+01
1.135147e+02	6.124575e-02	-8.230734e-01	1.321274e+01	1.464772e+00	1.073689e+00	2.687672e-01	-8.168894e-01	2.748909e-02	1.031234e+01
1.216776e+02	6.224819e-02	-8.135920e-01	1.321004e+01	1.469334e+00	1.076238e+00	2.744861e-01	-8.113952e-01	4.312644e-02	1.030938e+01
1.120079e+02	6.325421e-02	-8.297314e-01	1.320764e+01	1.473486e+00	1.078428e+00	2.509915e-01	-8.117294e-01	4.881877e-02	1.033564e+01
1.170764e+02	6.466376e-02	-8.371608e-01	1.320499e+01	1.477684e+00	1.080793e+00	2.414955e-01	-8.144775e-01	5.109034e-02	1.035989e+01
1.165342e+02	6.556240e-02	-8.376009e-01	1.320265e+01	1.482133e+00	1.083087e+00	2.394027e-01	-8.226290e-01	5.332933e-02	1.037102e+01
1.061138e+02	6.635100e-02	-8.281565e-01	1.320029e+01	1.487041e+00	1.085803e+00	2.526121e-01	-8.487053e-01	4.014693e-02	1.038080e+01
1.072776e+02	6.729045e-02	-8.255090e-01	1.319802e+01	1.491599e+00	1.088126e+00	2.569638e-01	-8.707402e-01	2.851879e-02	1.039321e+01
1.129146e+02	6.769929e-02	-8.083282e-01	1.319621e+01	1.495834e+00	1.090339e+00	2.731597e-01	-8.503923e-01	4.786083e-02	1.038136e+01
1.119862e+02	6.871997e-02	-8.078321e-01	1.319369e+01	1.500412e+00	1.092753e+00	2.679560e-01	-8.368639e-01	6.022250e-02	1.038318e+01
1.071906e+02	7.005438e-02	-8.158813e-01	1.319104e+01	1.504870e+00	1.095228e+00	2.526430e-01	-8.320672e-01	6.541184e-02	1.038749e+01
1.096539e+02	7.080247e-02	-8.226158e-01	1.318871e+01	1.509450e+00	1.097726e+00	2.419996e-01	-8.301755e-01	6.771784e-02	1.040975e+01
1.062124e+02	7.182443e-02	-8.186536e-01	1.318615e+01	1.514144e+00	1.100151e+00	2.434364e-01	-8.586675e-01	3.964181e-02	1.042959e+01
1.160342e+02	7.245291e-02	-8.163095e-01	1.318384e+01	1.518902e+00	1.102828e+00	2.431534e-01	-8.802380e-01	2.074656e-02	1.044907e+01
1.063833e+02	7.257183e-02	-8.038458e-01	1.318179e+01	1.523785e+00	1.105495e+00	2.569988e-01	-8.397335e-01	4.555769e-02	1.041744e+01
1.123919e+02	7.328280e-02	-8.002878e-01	1.317930e+01	1.528552e+00	1.108196e+00	2.591968e-01	-8.097625e-01	6.319266e-02	1.040986e+01
1.124716e+02	7.449000e-02	-8.135977e-01	1.317644e+01	1.533235e+00	1.110931e+00	2.422756e-01	-7.898515e-01	7.296601e-02	1.043291e+01
1.152278e+02	7.496931e-02	-8.180939e-01	1.317409e+01	1.538108e+00	1.113736e+00	2.384273e-01	-7.859685e-01	7.462767e-02	1.043823e+01
1.127176e+02	7.524370e-02	-8.154399e-01	1.317154e+01	1.543547e+00	1.116951e+00	2.416548e-01	-7.898940e-01	7.554901e-02	1.043697e+01
1.086303e+02	7.580397e-02	-8.123850e-01	1.316911e+01	1.548515e+00	1.119802e+00	2.499342e-01	-8.022646e-01	6.851168e-02	1.043518e+01
1.082372e+02	7.622987e-02	-8.052657e-01	1.316642e+01	1.554065e+00	1.123145e+00	2.626390e-01	-8.157043e-01	5.850661e-02	1.043415e+01
1.037361e+02	7.674444e-02	-8.106129e-01	1.316395e+01	1.558927e+00	1.125980e+00	2.617712e-01	-8.341608e-01	4.720260e-02	1.044266e+01
1.034312e+02	7.755169e-02	-8.210854e-01	1.316134e+01	1.563559e+00	1.128703e+00	2.522278e-01	-8.536214e-01	3.573130e-02	1.045374e+01
1.011354e+02	7.801121e-02	-8.170879e-01	1.315874e+01	1.568638e+00	1.131680e+00	2.544818e-01	-8.417891e-01	4.923872e-02	1.044056e+01
1.041871e+02	7.800042e-02	-8.093388e-01	1.315635e+01	1.574172e+00	1.134839e+00	2.619713e-01	-8.369930e-01	5.918184e-02	1.043043e+01
1.017581e+02	7.857832e-02	-8.128535e-01	1.315363e+01	1.579169e+00	1.137859e+00	2.607468e-01	-8.442577e-01	6.316237e-02	1.044046e+01
1.000525e+02	7.986291e-02	-8.155480e-01	1.315058e+01	1.584019e+00	1.140880e+00	2.597809e-01	-8.524064e-01	6.338125e-02	1.044189e+01
1.025066e+02	8.018531e-02	-8.220186e-01	1.314810e+01	1.589149e+00	1.144007e+00	2.549717e-01	-8.646512e-01	5.700039e-02	1.045402e+01
1.018743e+02	8.008692e-02	-8.166951e-01	1.314583e+01	1.594853e+00	1.147243e+00	2.565253e-01	-8.428550e-01	7.974135e-02	1.044807e+01
1.052209e+02	8.060175e-02	-8.101131e-01	1.314323e+01	1.600081e+00	1.150434e+00	2.617444e-01	-8.293525e-01	9.461034e-02	1.043410e+01
1.064145e+02	8.167276e-02	-8.095106e-01	1.314049e+01	1.604884e+00	1.153535e+00	2.587647e-01	-8.219021e-01	1.041036e-01	1.042628e+01
1.044409e+02	8.190320e-02	-8.149916e-01	1.313816e+01	1.610171e+00	1.156842e+00	2.535685e-01	-8.250989e-01	1.012848e-01	1.042993e+01
1.047999e+02	8.272437e-02	-8.228382e-01	1.313562e+01	1.614943e+00	1.160029e+00	2.475132e-01	-8.317160e-01	9.482122e-02	1.043018e+01
1.025635e+02	8.291501e-02	-8.227287e-01	1.313317e+01	1.620546e+00	1.163471e+00	2.494738e-01	-8.410272e-01	8.761567e-02	1.043110e+01
1.007471e+02	8.277879e-02	-8.144283e-01	1.313092e+01	1.626217e+00	1.167134e+00	2.636174e-01	-8.539776e-01	8.129212e-02	1.042581e+01
1.010242e+02	8.312628e-02	-8.237264e-01	1.312849e+01	1.631748e+00	1.170580e+00	2.589532e-01	-8.717485e-01	4.156823e-02	1.042836e+01
9.767821e+01	8.270397e-02	-8.219235e-01	1.312660e+01	1.637242e+00	1.174045e+00	2.592865e-01	-8.468056e-01	4.438636e-02	1.040382e+01
1.022885e+02	8.332752e-02	-8.150835e-01	1.312379e+01	1.643025e+00	1.177568e+00	2.642228e-01	-8.283526e-01	4.606642e-02	1.038723e+01
1.051544e+02	8.317201e-02	-8.128628e-01	1.312146e+01	1.648837e+00	1.181215e+00	2.666511e-01	-8.194208e-01	4.433531e-02	1.037309e+01
1.010773e+02	8.381266e-02	-8.224560e-01	1.311861e+01	1.654457e+00	1.184779e+00	2.546525e-01	-8.169030e-01	3.891043e-02	1.038528e+01
1.017183e+02	8.379033e-02	-8.306249e-01	1.311619e+01	1.660144e+00	1.188471e+00	2.485962e-01	-8.188662e-01	3.100127e-02	1.039947e+01
1.032703e+02	8.452585e-02	-8.347413e-01	1.311332e+01	1.666136e+00	1.192219e+00	2.471691e-01	-8.414137e-01	1.102483e-02	1.040662e+01
9.919235e+01	8.465609e-02	-8.179725e-01	1.311078e+01	1.672366e+00	1.196084e+00	2.628790e-01	-8.292401e-01	1.746435e-02	1.037729e+01
1.033646e+02	8.548764e-02	-8.119279e-01	1.310772e+01	1.678559e+00	1.199906e+00	2.672604e-01	-8.242744e-01	2.234909e-02	1.037018e+01
9.931050e+01	8.673793e-02	-8.172604e-01	1.310463e+01	1.684214e+00	1.203435e+00	2.589310e-01	-8.248850e-01	2.347488e-02	1.037440e+01
9.716115e+01	8.714489e-02	-8.252319e-01	1.310173e+01	1.690242e+00	1.207375e+00	2.492605e-01	-8.436186e-01	2.240824e-02	1.040238e+01
9.614176e+01	8.817529e-02	-8.196706e-01	1.309842e+01	1.697078e+00	1.211348e+00	2.464705e-01	-8.450847e-01	3.442817e-02	1.041435e+01
9.457790e+01	8.837460e-02	-8.153013e-01	1.309559e+01	1.703219e+00	1.215428e+00	2.519823e-01	-8.489861e-01	4.126835e-02	1.041780e+01
1.292611e+03	-2.177143e-01	-5.968571e-01	1.494114e+01	1.658000e+00	1.761333e+00	8.466667e-02	-7.964762e-01	3.588571e-01	8.535429e+00
5.940514e+02	-3.400859e-01	-7.192287e-01	1.481877e+01	1.535628e+00	1.883705e+00	-3.770491e-02	-9.188478e-01	4.812287e-01	8.657800e+00
6.648158e+02	-2.753051e-01	-7.822922e-01	1.469486e+01	1.629495e+00	2.016782e+00	-7.260176e-02	-1.051784e+00	5.564595e-01	8.729613e+00
7.889119e+02	-1.773844e-01	-8.148070e-01	1.457877e+01	1.736230e+00	2.135613e+00	-6.690632e-02	-1.154258e+00	4.477185e-01	8.778273e+00
4.771891e+02	-6.104330e-02	-7.754999e-01	1.445791e+01	1.852760e+00	2.239509e+00	2.771341e-03	-1.033614e+00	5.668885e-01	8.688005e+00
3.591306e+02	7.124905e-02	-7.518670e-01	1.431828e+01	1.983590e+00	2.375144e+00	6.767417e-02	-9.819081e-01	6.120326e-01	8.648994e+00
3.085234e+02	1.934215e-01	-7.553662e-01	1.418386e+01	2.112318e+00	2.512178e+00	1.090875e-01	-9.581887e-01	6.328244e-01	8.650201e+00
2.722903e+02	3.101156e-01	-7.714011e-01	1.405755e+01	2.219573e+00	2.641567e+00	1.177935e-01	-9.470161e-01	6.406963e-01	8.657417e+00
2.324094e+02	4.439429e-01	-7.902252e-01	1.391505e+01	2.347682e+00	2.787419e+00	1.337824e-01	-9.421990e-01	6.440123e-01	8.674894e+00
2.109807e+02	5.005195e-01	-8.076447e-01	1.382435e+01	2.437623e+00	2.899522e+00	1.362546e-01	-9.389024e-01	6.475752e-01	8.688065e+00
1.894117e+02	6.048307e-01	-8.260381e-01	1.370355e+01	2.550576e+00	3.038963e+00	1.474831e-01	-9.385350e-01	6.447664e-01	8.703976e+00
1.671511e+02	5.027816e-01	-8.344692e-01	1.365551e+01	2.640078e+00	3.177539e+00	1.742279e-01	-9.369557e-01	6.464521e-01	8.713208e+00
1.556219e+02	4.664167e-01	-8.549967e-01	1.363308e+01	2.649337e+00	3.239803e+00	1.719583e-01	-9.376019e-01	6.413455e-01	8.728848e+00
1.473331e+02	3.936468e-01	-8.665134e-01	1.361663e+01	2.690409e+00	3.313276e+00	1.782617e-01	-9.362445e-01	6.429194e-01	8.738729e+00
1.381262e+02	4.037874e-01	-8.775534e-01	1.355677e+01	2.746613e+00	3.392111e+00	1.884301e-01	-9.363958e-01	6.399102e-01	8.751860e+00
1.326773e+02	3.427946e-01	-8.907840e-01	1.356609e+01	2.727333e+00	3.426405e+00	1.973426e-01	-9.363283e-01	6.367605e-01	8.765290e+00
1.252902e+02	3.825704e-01	-8.944294e-01	1.347428e+01	2.818808e+00	3.516032e+00	2.112281e-01	-9.352643e-01	6.386820e-01	8.772603e+00
1.213920e+02	3.393286e-01	-9.013024e-01	1.344812e+01	2.865950e+00	3.572766e+00	2.225109e-01	-9.358444e-01	6.344902e-01	8.783336e+00
1.216488e+02	2.518870e-01	-9.127744e-01	1.354524e+01	2.760293e+00	3.507551e+00	2.186301e-01	-9.341681e-01	6.384764e-01	8.791950e+00
1.168150e+02	2.795905e-01	-9.204514e-01	1.352007e+01	2.775980e+00	3.531651e+00	2.271812e-01	-9.338035e-01	6.376395e-01	8.802460e+00
1.104152e+02	3.238970e-01	-9.216174e-01	1.347319e+01	2.811973e+00	3.575513e+00	2.389585e-01	-9.314893e-01	6.436297e-01	8.807547e+00
1.075070e+02	3.001218e-01	-9.292008e-01	1.347424e+01	2.811045e+00	3.592452e+00	2.464399e-01	-9.301507e-01	6.473424e-01	8.817307e+00
1.061426e+02	3.432759e-01	-9.319410e-01	1.345129e+01	2.817374e+00	3.604520e+00	2.522093e-01	-9.288591e-01	6.489145e-01	8.822156e+00
1.111649e+02	2.665155e-01	-9.375762e-01	1.353590e+01	2.721470e+00	3.534384e+00	2.495122e-01	-9.275384e-01	6.522871e-01	8.825005e+00
1.024731e+02	3.446150e-01	-9.386692e-01	1.346694e+01	2.782524e+00	3.587901e+00	2.635498e-01	-9.264239e-01	6.531517e-01	8.833877e+00
1.095103e+02	4.337565e-01	-9.403622e-01	1.338628e+01	2.854760e+00	3.652670e+00	2.800444e-01	-9.258793e-01	6.506860e-01	8.843673e+00
1.115578e+02	3.445896e-01	-9.565258e-01	1.349894e+01	2.724323e+00	3.540761e+00	2.579407e-01	-9.251680e-01	6.513484e-01	8.851367e+00
1.106953e+02	3.187281e-01	-9.604908e-01	1.352346e+01	2.700500e+00	3.519663e+00	2.662177e-01	-9.242953e-01	6.510868e-01	8.859412e+00
9.836642e+01	4.023891e-01	-9.572921e-01	1.343534e+01	2.774420e+00	3.585738e+00	2.813453e-01	-9.224247e-01	6.562641e-01	8.864317e+00
1.041643e+02	4.711619e-01	-9.567219e-01	1.336771e+01	2.833531e+00	3.637996e+00	2.930395e-01	-9.189241e-01	6.680974e-01	8.870842e+00
1.002281e+02	3.948444e-01	-9.676742e-01	1.345325e+01	2.751744e+00	3.565500e+00	2.813507e-01	-9.207618e-01	6.554582e-01	8.877873e+00
9.968633e+01	4.003764e-01	-9.688556e-01	1.346602e+01	2.739422e+00	3.540825e+00	2.846343e-01	-9.190619e-01	6.591667e-01	8.881086e+00
9.619210e+01	4.205375e-01	-9.704022e-01	1.343471e+01	2.768243e+00	3.570384e+00	2.933634e-01	-9.198140e-01	6.518465e-01	8.888296e+00
9.535714e+01	4.394935e-01	-9.713808e-01	1.341572e+01	2.786310e+00	3.581703e+00	2.997555e-01	-9.172580e-01	6.594730e-01	8.892969e+00
9.509461e+01	4.444487e-01	-9.755858e-01	1.341093e+01	2.787370e+00	3.582392e+00	3.013898e-01	-9.187726e-01	6.484203e-01	8.902153e+00
9.857673e+01	4.570094e-01	-9.820031e-01	1.341280e+01	2.766725e+00	3.571700e+00	2.942127e-01	-9.219012e-01	6.303483e-01	8.908302e+00
9.600576e+01	4.603332e-01	-9.830714e-01	1.340061e+01	2.788122e+00	3.578933e+00	3.014386e-01	-9.192806e-01	6.367873e-01	8.916297e+00
9.781972e+01	4.991425e-01	-9.815940e-01	1.335710e+01	2.835470e+00	3.606690e+00	3.091367e-01	-9.170969e-01	6.404507e-01	8.920949e+00
9.539741e+01	4.214171e-01	-9.884769e-01	1.343195e+01	2.767443e+00	3.530121e+00	3.066968e-01	-9.156346e-01	6.440206e-01	8.929453e+00
9.318895e+01	4.426573e-01	-9.875406e-01	1.341497e+01	2.784523e+00	3.535522e+00	3.134125e-01	-9.161270e-01	6.380857e-01	8.933575e+00
9.339895e+01	4.360473e-01	-9.914111e-01	1.342484e+01	2.775617e+00	3.520766e+00	3.146860e-01	-9.137587e-01	6.453846e-01	8.942687e+00
9.320034e+01	4.852330e-01	-9.893917e-01	1.339181e+01	2.799581e+00	3.537172e+00	3.229422e-01	-9.095300e-01	6.611451e-01	8.946033e+00
9.460150e+01	4.590655e-01	-9.969846e-01	1.341855e+01	2.781208e+00	3.510530e+00	3.146090e-01	-9.110568e-01	6.487323e-01	8.955684e+00
9.572948e+01	5.314938e-01	-9.980422e-01	1.336389e+01	2.827781e+00	3.540104e+00	3.179579e-01	-9.094811e-01	6.517109e-01	8.965470e+00
9.328748e+01	4.637406e-01	-1.000384e+00	1.340928e+01	2.807536e+00	3.508203e+00	3.204687e-01	-9.108109e-01	6.404898e-01	8.971194e+00
9.472579e+01	4.994863e-01	-9.968865e-01	1.337080e+01	2.854440e+00	3.537775e+00	3.344477e-01	-9.081228e-01	6.481322e-01	8.977736e+00
9.508590e+01	4.307473e-01	-1.005806e+00	1.344958e+01	2.788221e+00	3.465410e+00	3.220469e-01	-9.103718e-01	6.317701e-01	8.984699e+00
1.043154e+02	4.584229e-01	-1.013526e+00	1.344113e+01	2.782704e+00	3.462115e+00	3.111895e-01	-9.073351e-01	6.397880e-01	8.994629e+00
9.374554e+01	4.943319e-01	-1.000022e+00	1.339407e+01	2.853293e+00	3.509108e+00	3.450237e-01	-9.075971e-01	6.345404e-01	8.994613e+00
9.102223e+01	4.391016e-01	-1.006852e+00	1.344996e+01	2.801414e+00	3.448337e+00	3.359473e-01	-9.085665e-01	6.232395e-01	9.002110e+00
9.032246e+01	4.694420e-01	-1.004401e+00	1.342386e+01	2.825242e+00	3.454573e+00	3.430896e-01	-9.080032e-01	6.226316e-01	9.005968e+00
9.035404e+01	4.795202e-01	-1.005574e+00	1.344664e+01	2.781925e+00	3.394720e+00	3.404667e-01	-9.063168e-01	6.282394e-01	9.007201e+00
9.089168e+01	5.087856e-01	-1.007996e+00	1.341581e+01	2.813148e+00	3.416303e+00	3.386791e-01	-9.057792e-01	6.254418e-01	9.017467e+00
9.638422e+01	5.574702e-01	-1.004592e+00	1.336198e+01	2.878765e+00	3.458977e+00	3.450840e-01	-9.055224e-01	6.198067e-01	9.022578e+00
9.816492e+01	5.006967e-01	-1.017191e+00	1.343281e+01	2.795625e+00	3.374406e+00	3.252158e-01	-9.043437e-01	6.218555e-01	9.032964e+00
9.180481e+01	5.359003e-01	-1.011590e+00	1.339249e+01	2.833381e+00	3.393413e+00	3.388202e-01	-8.990295e-01	6.402778e-01	9.034230e+00
9.261941e+01	5.160092e-01	-1.015819e+00	1.341197e+01	2.808681e+00	3.363265e+00	3.365856e-01	-9.003446e-01	6.285596e-01	9.044608e+00
9.084368e+01	4.890893e-01	-1.013851e+00	1.342814e+01	2.802425e+00	3.346779e+00	3.421457e-01	-8.971584e-01	6.375708e-01	9.046595e+00
9.102126e+01	5.312201e-01	-1.014429e+00	1.338970e+01	2.830953e+00	3.365059e+00	3.447484e-01	-8.988365e-01	6.242653e-01	9.057745e+00
9.082748e+01	5.037698e-01	-1.015017e+00	1.340841e+01	2.824879e+00	3.335806e+00	3.430695e-01	-9.020546e-01	6.045257e-01	9.062161e+00
9.165060e+01	5.405306e-01	-1.016416e+00	1.337676e+01	2.844632e+00	3.347456e+00	3.441094e-01	-8.995663e-01	6.098700e-01	9.072957e+00
9.164384e+01	4.914501e-01	-1.020152e+00	1.342005e+01	2.816078e+00	3.308672e+00	3.436059e-01	-8.948226e-01	6.257568e-01	9.082190e+00
9.129574e+01	5.408628e-01	-1.017468e+00	1.337331e+01	2.856080e+00	3.334164e+00	3.493612e-01	-8.949156e-01	6.200262e-01	9.088284e+00
9.608783e+01	5.898488e-01	-1.018522e+00	1.332924e+01	2.900956e+00	3.352543e+00	3.482990e-01	-8.979982e-01	6.003787e-01	9.099722e+00
9.509230e+01	5.124296e-01	-1.025334e+00	1.341347e+01	2.832803e+00	3.270488e+00	3.380077e-01	-8.951802e-01	6.076010e-01	9.104078e+00
9.088725e+01	4.702844e-01	-1.024463e+00	1.343730e+01	2.831013e+00	3.257344e+00	3.511556e-01	-8.920527e-01	6.181468e-01	9.112126e+00
8.976831e+01	5.163935e-01	-1.020641e+00	1.340417e+01	2.859796e+00	3.273818e+00	3.543838e-01	-8.905761e-01	6.185781e-01	9.114015e+00
9.116752e+01	5.330346e-01	-1.021293e+00	1.337520e+01	2.893032e+00	3.297973e+00	3.543437e-01	-8.887182e-01	6.238485e-01	9.124462e+00
9.196095e+01	5.359686e-01	-1.024769e+00	1.340097e+01	2.863274e+00	3.247042e+00	3.451667e-01	-8.892130e-01	6.147824e-01	9.129868e+00
9.154244e+01	5.559892e-01	-1.022699e+00	1.341232e+01	2.850599e+00	3.202754e+00	3.463158e-01	-8.878009e-01	6.125553e-01	9.132357e+00
9.084327e+01	5.646162e-01	-1.021269e+00	1.339220e+01	2.876085e+00	3.218798e+00	3.520159e-01	-8.871192e-01	6.118722e-01	9.139146e+00
9.062085e+01	5.179971e-01	-1.025499e+00	1.341147e+01	2.871154e+00	3.212105e+00	3.504570e-01	-8.866259e-01	6.069255e-01	9.152887e+00
9.051226e+01	5.482899e-01	-1.022903e+00	1.338852e+01	2.890589e+00	3.213087e+00	3.542163e-01	-8.856527e-01	6.077842e-01	9.157091e+00
8.972850e+01	5.297049e-01	-1.021227e+00	1.341076e+01	2.872095e+00	3.171700e+00	3.529753e-01	-8.820823e-01	6.201026e-01	9.156259e+00
9.104736e+01	5.487209e-01	-1.024546e+00	1.339477e+01	2.881769e+00	3.168929e+00	3.489770e-01	-8.836411e-01	6.078127e-01	9.169449e+00
1.018796e+02	5.004931e-01	-1.033184e+00	1.345357e+01	2.831798e+00	3.096030e+00	3.369534e-01	-8.841078e-01	5.984862e-01	9.184584e+00
9.283043e+01	5.734925e-01	-1.019492e+00	1.338213e+01	2.909692e+00	3.166761e+00	3.668658e-01	-8.826691e-01	6.000795e-01	9.184991e+00
2.953778e+02	-8.394286e-01	-1.154571e+00	1.179600e+01	2.756667e+00	4.385333e+00	4.442857e-01	-8.711429e-01	3.428571e-02	8.215429e+00
5.232542e+02	-9.618002e-01	-1.276943e+00	1.191837e+01	2.634295e+00	4.262962e+00	3.219141e-01	-7.487713e-01	1.566573e-01	8.093057e+00
2.041874e+02	-8.487793e-01	-1.154658e+00	1.181674e+01	2.749275e+00	4.357545e+00	4.442015e-01	-6.262890e-01	2.790956e-01	7.970489e+00
1.996400e+02	-8.709427e-01	-1.135250e+00	1.187060e+01	2.723822e+00	4.287348e+00	4.615688e-01	-6.003115e-01	3.050402e-01	7.944286e+00
1.699822e+02	-9.182653e-01	-1.136188e+00	1.192869e+01	2.689488e+00	4.215690e+00	4.574525e-01	-5.965811e-01	3.083226e-01	7.939479e+00
1.511832e+02	-9.319778e-01	-1.139899e+00	1.197927e+01	2.649299e+00	4.156262e+00	4.451826e-01	-5.959058e-01	3.088642e-01	7.937931e+00
1.445701e+02	-9.503099e-01	-1.140755e+00	1.201699e+01	2.626263e+00	4.113726e+00	4.425419e-01	-5.962285e-01	3.083740e-01	7.937318e+00
1.381786e+02	-9.615497e-01	-1.138251e+00	1.206234e+01	2.591440e+00	4.061789e+00	4.447288e-01	-5.965880e-01	3.070652e-01	7.937491e+00
1.386698e+02	-9.296107e-01	-1.129380e+00	1.205773e+01	2.596307e+00	4.066792e+00	4.526380e-01	-5.964788e-01	3.069814e-01	7.936762e+00
1.345176e+02	-9.248169e-01	-1.134606e+00	1.209943e+01	2.558380e+00	4.026672e+00	4.359010e-01	-5.968223e-01	3.064661e-01	7.936159e+00
1.349804e+02	-8.941705e-01	-1.120402e+00	1.209677e+01	2.566111e+00	4.028241e+00	4.579024e-01	-5.990532e-01	3.031314e-01	7.936371e+00
1.338792e+02	-8.780123e-01	-1.114130e+00	1.211699e+01	2.552360e+00	4.006161e+00	4.592286e-01	-5.994673e-01	3.025226e-01	7.934878e+00
1.276135e+02	-8.631448e-01	-1.125285e+00	1.214532e+01	2.522809e+00	3.978999e+00	4.359019e-01	-6.000325e-01	3.017710e-01	7.935964e+00
1.237934e+02	-8.443398e-01	-1.117526e+00	1.216742e+01	2.503087e+00	3.952311e+00	4.443185e-01	-6.022641e-01	2.983565e-01	7.936351e+00
1.239289e+02	-8.000061e-01	-1.112707e+00	1.215776e+01	2.506339e+00	3.962507e+00	4.447276e-01	-6.029692e-01	2.973956e-01	7.936141e+00
1.223759e+02	-7.706264e-01	-1.116967e+00	1.217512e+01	2.485917e+00	3.943541e+00	4.277839e-01	-6.060927e-01	2.970972e-01	7.936031e+00
1.255162e+02	-7.376849e-01	-1.099187e+00	1.217247e+01	2.492006e+00	3.942908e+00	4.511393e-01	-6.065477e-01	2.971687e-01	7.934472e+00
1.256772e+02	-7.293851e-01	-1.119059e+00	1.220047e+01	2.456087e+00	3.910266e+00	4.122866e-01	-6.066919e-01	2.971702e-01	7.935929e+00
1.170959e+02	-6.802088e-01	-1.103237e+00	1.218993e+01	2.465311e+00	3.916120e+00	4.266358e-01	-6.083184e-01	2.946810e-01	7.935363e+00
1.161789e+02	-6.479344e-01	-1.096799e+00	1.219229e+01	2.460857e+00	3.908278e+00	4.279119e-01	-6.119707e-01	2.897254e-01	7.936357e+00
1.139853e+02	-6.316116e-01	-1.092399e+00	1.222013e+01	2.441548e+00	3.879110e+00	4.320294e-01	-6.124578e-01	2.889524e-01	7.936493e+00
1.195949e+02	-5.893093e-01	-1.083747e+00	1.222122e+01	2.439242e+00	3.872099e+00	4.437264e-01	-6.122390e-01	2.889854e-01	7.937146e+00
1.145052e+02	-5.997700e-01	-1.101176e+00	1.226411e+01	2.396672e+00	3.822464e+00	4.069394e-01	-6.125112e-01	2.887549e-01	7.937063e+00
1.071978e+02	-5.800194e-01	-1.086756e+00	1.228067e+01	2.383991e+00	3.799907e+00	4.243197e-01	-6.125074e-01	2.887661e-01	7.935728e+00
1.085317e+02	-5.304879e-01	-1.081769e+00	1.225959e+01	2.399701e+00	3.813122e+00	4.266034e-01	-6.160226e-01	2.842129e-01	7.937899e+00
1.167829e+02	-4.854438e-01	-1.070145e+00	1.225142e+01	2.401266e+00	3.814720e+00	4.365766e-01	-6.198499e-01	2.784870e-01	7.939500e+00
1.193481e+02	-5.121162e-01	-1.098181e+00	1.230448e+01	2.354790e+00	3.752508e+00	3.885097e-01	-6.208368e-01	2.772760e-01	7.943065e+00
1.423450e+02	-4.470846e-01	-1.054710e+00	1.225709e+01	2.407258e+00	3.788318e+00	4.521728e-01	-6.219320e-01	2.753776e-01	7.941298e+00
1.121844e+02	-5.174293e-01	-1.092788e+00	1.236638e+01	2.301101e+00	3.673028e+00	4.019665e-01	-6.238730e-01	2.733773e-01	7.946905e+00
1.007110e+02	-4.665313e-01	-1.076773e+00	1.234269e+01	2.320731e+00	3.687848e+00	4.203109e-01	-6.241049e-01	2.730758e-01	7.947028e+00
1.008131e+02	-4.354010e-01	-1.069990e+00	1.233717e+01	2.319544e+00	3.682730e+00	4.244158e-01	-6.270907e-01	2.693544e-01	7.949055e+00
1.005003e+02	-3.863813e-01	-1.067009e+00	1.232470e+01	2.315972e+00	3.687880e+00	4.223638e-01	-6.318263e-01	2.640165e-01	7.953376e+00
1.023188e+02	-3.956667e-01	-1.078279e+00	1.234943e+01	2.304677e+00	3.654717e+00	3.972657e-01	-6.317212e-01	2.636727e-01	7.954494e+00
1.166237e+02	-3.498047e-01	-1.049984e+00	1.231840e+01	2.336434e+00	3.676062e+00	4.348538e-01	-6.301049e-01	2.644608e-01	7.952048e+00
1.204313e+02	-3.782390e-01	-1.090095e+00	1.237696e+01	2.291839e+00	3.614213e+00	3.772485e-01	-6.309066e-01	2.636754e-01	7.956902e+00
9.781882e+01	-3.163320e-01	-1.068594e+00	1.233927e+01	2.329841e+00	3.637539e+00	4.039437e-01	-6.307358e-01	2.637351e-01	7.955863e+00
9.729768e+01	-3.135545e-01	-1.068379e+00	1.234955e+01	2.324676e+00	3.618750e+00	4.023970e-01	-6.332199e-01	2.607191e-01	7.959661e+00
9.633004e+01	-3.446248e-01	-1.068974e+00	1.239643e+01	2.292638e+00	3.563433e+00	4.096227e-01	-6.370807e-01	2.567249e-01	7.964237e+00
1.006850e+02	-2.882212e-01	-1.054064e+00	1.234912e+01	2.331290e+00	3.591633e+00	4.162592e-01	-6.365382e-01	2.566876e-01	7.963860e+00
1.023494e+02	-2.581263e-01	-1.069909e+00	1.234693e+01	2.325596e+00	3.584580e+00	3.788685e-01	-6.366375e-01	2.566388e-01	7.965730e+00
1.139121e+02	-2.711278e-01	-1.041725e+00	1.235915e+01	2.337462e+00	3.561924e+00	4.279888e-01	-6.381260e-01	2.545768e-01	7.966238e+00
1.078508e+02	-2.544078e-01	-1.072830e+00	1.235542e+01	2.330904e+00	3.558265e+00	3.696615e-01	-6.428661e-01	2.490819e-01	7.973205e+00
1.005680e+02	-2.570153e-01	-1.049433e+00	1.235831e+01	2.349823e+00	3.539972e+00	4.117420e-01	-6.434438e-01	2.483073e-01	7.973731e+00
1.008238e+02	-2.606976e-01	-1.068415e+00	1.238899e+01	2.329997e+00	3.504215e+00	3.801063e-01	-6.425917e-01	2.487330e-01	7.976585e+00
9.956712e+01	-2.556713e-01	-1.064483e+00	1.238935e+01	2.338487e+00	3.490552e+00	3.781717e-01	-6.450846e-01	2.464271e-01	7.979028e+00
9.989753e+01	-2.281706e-01	-1.045812e+00	1.235686e+01	2.379113e+00	3.500113e+00	4.015126e-01	-6.453801e-01	2.460567e-01	7.980371e+00
9.729260e+01	-2.632315e-01	-1.058032e+00	1.241589e+01	2.326901e+00	3.434340e+00	3.778815e-01	-6.492393e-01	2.422455e-01	7.983898e+00
9.643767e+01	-2.313809e-01	-1.043478e+00	1.239334e+01	2.350471e+00	3.442449e+00	4.023258e-01	-6.511934e-01	2.396607e-01	7.987905e+00
9.501177e+01	-2.526562e-01	-1.039655e+00	1.242779e+01	2.323446e+00	3.394546e+00	4.025242e-01	-6.519345e-01	2.390450e-01	7.987912e+00
1.170661e+02	-2.706753e-01	-1.069412e+00	1.245315e+01	2.307797e+00	3.358676e+00	3.581923e-01	-6.552452e-01	2.357402e-01	7.995999e+00
9.358634e+01	-1.928601e-01	-1.041826e+00	1.239055e+01	2.360432e+00	3.405184e+00	3.815195e-01	-6.553407e-01	2.351924e-01	7.994133e+00
9.824466e+01	-1.909218e-01	-1.031187e+00	1.237365e+01	2.393498e+00	3.404660e+00	3.840228e-01	-6.592516e-01	2.321660e-01	7.996202e+00
1.000015e+02	-2.301055e-01	-1.053326e+00	1.244357e+01	2.337886e+00	3.337039e+00	3.638411e-01	-6.585795e-01	2.320987e-01	8.001036e+00
9.519313e+01	-2.202379e-01	-1.036104e+00	1.243935e+01	2.353536e+00	3.327471e+00	4.000551e-01	-6.560458e-01	2.325558e-01	8.002515e+00
1.054585e+02	-1.932947e-01	-1.027345e+00	1.243183e+01	2.360113e+00	3.322951e+00	4.102003e-01	-6.602551e-01	2.290252e-01	8.006554e+00
9.157079e+01	-2.216291e-01	-1.038918e+00	1.245203e+01	2.352872e+00	3.292051e+00	3.883827e-01	-6.646932e-01	2.246463e-01	8.011215e+00
9.330125e+01	-1.897098e-01	-1.048510e+00	1.244243e+01	2.354728e+00	3.288934e+00	3.748816e-01	-6.655051e-01	2.238970e-01	8.017947e+00
9.243591e+01	-1.767789e-01	-1.039563e+00	1.242461e+01	2.383649e+00	3.284754e+00	3.881108e-01	-6.660718e-01	2.222244e-01	8.023275e+00
9.205121e+01	-1.579025e-01	-1.043307e+00	1.242379e+01	2.382695e+00	3.277352e+00	3.765965e-01	-6.663187e-01	2.219911e-01	8.024390e+00
9.476169e+01	-1.314074e-01	-1.030991e+00	1.242599e+01	2.377508e+00	3.261519e+00	3.896162e-01	-6.644043e-01	2.224613e-01	8.022085e+00
9.109670e+01	-1.757501e-01	-1.041602e+00	1.244266e+01	2.385020e+00	3.235489e+00	3.827056e-01	-6.681020e-01	2.194091e-01	8.030698e+00
9.157497e+01	-2.169271e-01	-1.036929e+00	1.248500e+01	2.352871e+00	3.190539e+00	3.940664e-01	-6.700048e-01	2.171283e-01	8.032288e+00
9.156882e+01	-1.622577e-01	-1.044579e+00	1.244231e+01	2.395514e+00	3.211199e+00	3.765512e-01	-6.699273e-01	2.167550e-01	8.039950e+00
1.076457e+02	-1.190155e-01	-1.029395e+00	1.242563e+01	2.412676e+00	3.211971e+00	4.110937e-01	-6.697402e-01	2.168862e-01	8.044469e+00
1.202280e+02	-1.844324e-01	-1.067532e+00	1.246750e+01	2.388308e+00	3.164008e+00	3.460234e-01	-6.719833e-01	2.140184e-01	8.050970e+00
1.413684e+02	-1.365730e-01	-1.018594e+00	1.241050e+01	2.458291e+00	3.191095e+00	4.281436e-01	-6.703465e-01	2.129494e-01	8.052151e+00
2.047657e+02	-1.971390e-01	-1.096128e+00	1.248163e+01	2.375420e+00	3.114132e+00	3.066842e-01	-6.703909e-01	2.127168e-01	8.056930e+00
1.046693e+02	-1.668166e-01	-1.030667e+00	1.243707e+01	2.437666e+00	3.147775e+00	4.104289e-01	-6.744797e-01	2.120028e-01	8.051288e+00
9.696022e+01	-1.117081e-01	-1.054081e+00	1.242817e+01	2.423260e+00	3.136522e+00	3.637713e-01	-6.749447e-01	2.119868e-01	8.054392e+00
6.562263e+03	6.874286e-01	-6.928571e-01	1.113771e+01	2.735333e+00	4.534667e+00	9.076190e-02	-7.279048e-01	6.377143e-01	1.003486e+01
2.062672e+03	5.650570e-01	-8.152287e-01	1.126009e+01	2.612962e+00	4.412295e+00	-3.160968e-02	-7.279048e-01	6.377143e-01	1.015723e+01
1.401042e+03	4.469305e-01	-9.185027e-01	1.137421e+01	2.509595e+00	4.291255e+00	-1.273933e-01	-8.502763e-01	5.153427e-01	1.027364e+01
1.105853e+03	3.679285e-01	-9.842799e-01	1.144101e+01	2.435722e+00	4.265040e+00	-1.741778e-01	-7.586222e-01	6.068683e-01	1.035099e+01
1.061268e+03	3.057002e-01	-1.032780e+00	1.149511e+01	2.378563e+00	4.238511e+00	-2.019193e-01	-7.055407e-01	6.671443e-01	1.040878e+01
1.058443e+03	2.586740e-01	-1.064036e+00	1.153637e+01	2.342897e+00	4.205417e+00	-2.140908e-01	-7.141089e-01	6.714767e-01	1.044824e+01
1.059017e+03	2.224550e-01	-1.087191e+00	1.156880e+01	2.314158e+00	4.186902e+00	-2.190241e-01	-7.057259e-01	6.901680e-01	1.047883e+01
1.067611e+03	1.937337e-01	-1.105477e+00	1.159431e+01	2.291190e+00	4.173751e+00	-2.226967e-01	-7.163691e-01	7.002517e-01	1.050233e+01
1.099124e+03	1.719867e-01	-1.116954e+00	1.161289e+01	2.277256e+00	4.161131e+00	-2.174111e-01	-7.416958e-01	6.966322e-01	1.051950e+01
1.054131e+03	1.557006e-01	-1.115852e+00	1.162665e+01	2.269003e+00	4.156408e+00	-1.947565e-01	-6.681116e-01	7.684977e-01	1.052845e+01
1.050785e+03	1.415384e-01	-1.112816e+00	1.163826e+01	2.265872e+00	4.143275e+00	-1.713792e-01	-6.248145e-01	8.084778e-01	1.053454e+01
1.044077e+03	1.304956e-01	-1.109409e+00	1.164704e+01	2.263627e+00	4.134504e+00	-1.500876e-01	-5.936599e-01	8.379567e-01	1.053904e+01
1.014408e+03	1.180690e-01	-1.104518e+00	1.165826e+01	2.266357e+00	4.108205e+00	-1.270399e-01	-5.883910e-01	8.370869e-01	1.054183e+01
9.735428e+02	1.071492e-01	-1.097784e+00	1.166807e+01	2.270821e+00	4.081830e+00	-9.970935e-02	-5.920005e-01	8.274555e-01	1.054329e+01
9.324282e+02	9.678439e-02	-1.091373e+00	1.167732e+01	2.275755e+00	4.054506e+00	-7.530638e-02	-6.015214e-01	8.124419e-01	1.054387e+01
8.880319e+02	8.713504e-02	-1.084342e+00	1.168575e+01	2.280776e+00	4.028274e+00	-5.007344e-02	-6.153662e-01	7.937781e-01	1.054331e+01
8.326894e+02	7.875288e-02	-1.075316e+00	1.169310e+01	2.286239e+00	4.006223e+00	-1.893839e-02	-6.285240e-01	7.771169e-01	1.054222e+01
7.562451e+02	7.046928e-02	-1.063443e+00	1.169995e+01	2.292159e+00	3.987268e+00	2.247846e-02	-6.416667e-01	7.618371e-01	1.054054e+01
6.886284e+02	6.330878e-02	-1.053025e+00	1.170644e+01	2.296490e+00	3.970618e+00	5.719444e-02	-6.541065e-01	7.478163e-01	1.053808e+01
6.220028e+02	5.721080e-02	-1.042385e+00	1.171201e+01	2.299972e+00	3.957639e+00	9.115381e-02	-6.648059e-01	7.364142e-01	1.053484e+01
5.410329e+02	4.957639e-02	-1.029163e+00	1.171895e+01	2.302525e+00	3.944597e+00	1.342030e-01	-6.758683e-01	7.253922e-01	1.053082e+01
4.622452e+02	4.229578e-02	-1.014163e+00	1.172561e+01	2.304351e+00	3.933363e+00	1.809914e-01	-6.865329e-01	7.150400e-01	1.052550e+01
4.041920e+02	3.318810e-02	-1.001305e+00	1.173418e+01	2.303231e+00	3.921939e+00	2.242077e-01	-6.968045e-01	7.057393e-01	1.051986e+01
3.668895e+02	2.075699e-02	-9.923163e-01	1.174624e+01	2.297384e+00	3.910449e+00	2.610871e-01	-7.037878e-01	7.003352e-01	1.051483e+01
3.467413e+02	1.040481e-02	-9.823905e-01	1.175719e+01	2.291150e+00	3.899105e+00	2.968157e-01	-7.148090e-01	6.901625e-01	1.050797e+01
3.413616e+02	1.009839e-03	-9.748198e-01	1.176789e+01	2.282931e+00	3.888098e+00	3.250971e-01	-7.270911e-01	6.782430e-01	1.050079e+01
3.319917e+02	-1.279793e-02	-9.728849e-01	1.178287e+01	2.269240e+00	3.874278e+00	3.446647e-01	-7.370157e-01	6.684368e-01	1.049440e+01
3.116445e+02	-2.700674e-02	-9.764696e-01	1.179895e+01	2.251401e+00	3.859439e+00	3.529377e-01	-7.496223e-01	6.547525e-01	1.048964e+01
2.898083e+02	-4.240092e-02	-9.806987e-01	1.181605e+01	2.233349e+00	3.843760e+00	3.587925e-01	-7.583802e-01	6.454120e-01	1.048385e+01
2.651287e+02	-6.016269e-02	-9.867991e-01	1.183505e+01	2.213942e+00	3.826575e+00	3.616285e-01	-7.634671e-01	6.403018e-01	1.047812e+01
2.435093e+02	-7.490240e-02	-9.934818e-01	1.185193e+01	2.194654e+00	3.810279e+00	3.603923e-01	-7.714419e-01	6.314938e-01	1.047240e+01
2.250702e+02	-8.867146e-02	-1.002841e+00	1.186898e+01	2.173878e+00	3.793212e+00	3.521511e-01	-7.789236e-01	6.230196e-01	1.046713e+01
2.122812e+02	-1.020647e-01	-1.006812e+00	1.188479e+01	2.156723e+00	3.777435e+00	3.546815e-01	-7.849908e-01	6.163480e-01	1.046053e+01
2.017819e+02	-1.130659e-01	-1.008225e+00	1.189767e+01	2.142851e+00	3.764370e+00	3.602277e-01	-7.923212e-01	6.085273e-01	1.045380e+01
1.912822e+02	-1.247976e-01	-1.009739e+00	1.191180e+01	2.127563e+00	3.749349e+00	3.654161e-01	-7.964350e-01	6.039607e-01	1.044629e+01
1.824047e+02	-1.347864e-01	-1.009277e+00	1.192420e+01	2.114026e+00	3.735995e+00	3.740673e-01	-7.996891e-01	6.002423e-01	1.043919e+01
1.741673e+02	-1.448965e-01	-1.009148e+00	1.193700e+01	2.100518e+00	3.722016e+00	3.800651e-01	-8.030526e-01	5.964968e-01	1.043127e+01
1.672907e+02	-1.534012e-01	-1.008251e+00	1.194842e+01	2.087699e+00	3.709460e+00	3.860697e-01	-8.060389e-01	5.929905e-01	1.042301e+01
1.610189e+02	-1.621588e-01	-1.007729e+00	1.196003e+01	2.075599e+00	3.696470e+00	3.910277e-01	-8.087647e-01	5.899056e-01	1.041531e+01
1.551516e+02	-1.702061e-01	-1.007669e+00	1.197084e+01	2.063043e+00	3.684233e+00	3.940682e-01	-8.108887e-01	5.873184e-01	1.040705e+01
1.503834e+02	-1.776330e-01	-1.006962e+00	1.198086e+01	2.052105e+00	3.672329e+00	3.976006e-01	-8.130373e-01	5.847977e-01	1.039998e+01
1.456467e+02	-1.844327e-01	-1.007103e+00	1.199068e+01	2.040469e+00	3.660758e+00	3.992506e-01	-8.141523e-01	5.830816e-01	1.039289e+01
1.417068e+02	-1.907491e-01	-1.006432e+00	1.199978e+01	2.030561e+00	3.649911e+00	4.009598e-01	-8.160730e-01	5.807869e-01	1.038624e+01
1.393747e+02	-1.955660e-01	-1.003507e+00	1.200752e+01	2.021806e+00	3.640558e+00	4.056505e-01	-8.182991e-01	5.781966e-01	1.037844e+01
1.353277e+02	-2.012233e-01	-1.003940e+00	1.201585e+01	2.012198e+00	3.630283e+00	4.040863e-01	-8.195703e-01	5.764855e-01	1.037249e+01
1.325320e+02	-2.066661e-01	-1.002598e+00	1.202409e+01	2.003542e+00	3.620030e+00	4.058237e-01	-8.220747e-01	5.737449e-01	1.036630e+01
1.288483e+02	-2.113801e-01	-1.003483e+00	1.203150e+01	1.994439e+00	3.610742e+00	4.020390e-01	-8.225367e-01	5.727468e-01	1.036063e+01
1.261041e+02	-2.156621e-01	-1.002781e+00	1.203827e+01	1.986167e+00	3.602311e+00	4.003354e-01	-8.234665e-01	5.713961e-01	1.035417e+01
1.235548e+02	-2.195333e-01	-1.002858e+00	1.204501e+01	1.977979e+00	3.593861e+00	3.973730e-01	-8.234472e-01	5.708355e-01	1.034868e+01
1.215847e+02	-2.229929e-01	-1.000987e+00	1.205115e+01	1.971055e+00	3.585993e+00	3.979804e-01	-8.247388e-01	5.691509e-01	1.034278e+01
1.195623e+02	-2.261572e-01	-1.000262e+00	1.205699e+01	1.963626e+00	3.578409e+00	3.957722e-01	-8.240964e-01	5.691342e-01	1.033718e+01
1.185676e+02	-2.278756e-01	-9.968783e-01	1.206107e+01	1.958615e+00	3.572725e+00	3.984817e-01	-8.250153e-01	5.679101e-01	1.033205e+01
1.165973e+02	-2.308003e-01	-9.960056e-01	1.206649e+01	1.951388e+00	3.565389e+00	3.958497e-01	-8.240426e-01	5.682073e-01	1.032636e+01
1.146716e+02	-2.337618e-01	-9.967091e-01	1.207223e+01	1.943260e+00	3.557464e+00	3.900750e-01	-8.215809e-01	5.697653e-01	1.032144e+01
1.132427e+02	-2.360050e-01	-9.939409e-01	1.207675e+01	1.937229e+00	3.551150e+00	3.908496e-01	-8.211477e-01	5.696295e-01	1.031558e+01
1.126414e+02	-2.383161e-01	-9.891271e-01	1.208144e+01	1.931631e+00	3.544713e+00	3.956281e-01	-8.223717e-01	5.681288e-01	1.030921e+01
1.114310e+02	-2.400847e-01	-9.871479e-01	1.208568e+01	1.925950e+00	3.538931e+00	3.942739e-01	-8.215623e-01	5.683166e-01	1.030394e+01
1.105562e+02	-2.416292e-01	-9.844040e-01	1.209007e+01	1.919718e+00	3.533145e+00	3.939962e-01	-8.196158e-01	5.693995e-01	1.029773e+01
1.087730e+02	-2.432102e-01	-9.836198e-01	1.209407e+01	1.914320e+00	3.527597e+00	3.898410e-01	-8.193366e-01	5.690839e-01	1.029310e+01
1.071269e+02	-2.449709e-01	-9.829497e-01	1.209799e+01	1.909819e+00	3.522084e+00	3.844342e-01	-8.180499e-01	5.697338e-01	1.028853e+01
1.059592e+02	-2.461736e-01	-9.814649e-01	1.210161e+01	1.904573e+00	3.516945e+00	3.816429e-01	-8.180492e-01	5.691690e-01	1.028385e+01
1.050574e+02	-2.473029e-01	-9.782591e-01	1.210502e+01	1.900036e+00	3.512046e+00	3.809843e-01	-8.188525e-01	5.680218e-01	1.027832e+01
1.040242e+02	-2.482541e-01	-9.765781e-01	1.210849e+01	1.895130e+00	3.507233e+00	3.784745e-01	-8.183892e-01	5.678380e-01	1.027385e+01
1.028366e+02	-2.495571e-01	-9.758255e-01	1.211237e+01	1.889447e+00	3.501689e+00	3.746023e-01	-8.187839e-01	5.669439e-01	1.026982e+01
1.020825e+02	-2.501831e-01	-9.730618e-01	1.211523e+01	1.885229e+00	3.497423e+00	3.736269e-01	-8.179854e-01	5.670405e-01	1.026517e+01
1.012770e+02	-2.503546e-01	-9.703075e-01	1.211768e+01	1.881015e+00	3.493649e+00	3.716384e-01	-8.180099e-01	5.665378e-01	1.026011e+01
1.007477e+02	-2.509580e-01	-9.673287e-01	1.212051e+01	1.877024e+00	3.489445e+00	3.711825e-01	-8.170593e-01	5.667630e-01	1.025564e+01
1.005502e+02	-2.514308e-01	-9.637154e-01	1.212293e+01	1.873566e+00	3.485799e+00	3.713951e-01	-8.175524e-01	5.658875e-01	1.025140e+01
9.960818e+01	-2.519747e-01	-9.619234e-01	1.212592e+01	1.869346e+00	3.481536e+00	3.683525e-01	-8.164109e-01	5.662155e-01	1.024717e+01
9.898425e+01	-2.523265e-01	-9.595628e-01	1.212828e+01	1.866311e+00	3.478039e+00	3.658716e-01	-8.142886e-01	5.673995e-01	1.024265e+01
9.784996e+01	-2.528136e-01	-9.583768e-01	1.213136e+01	1.861888e+00	3.473766e+00	3.616769e-01	-8.138264e-01	5.671631e-01	1.023866e+01
9.811970e+01	-2.531371e-01	-9.539446e-01	1.213414e+01	1.858331e+00	3.469610e+00	3.631887e-01	-8.132069e-01	5.670137e-01	1.023398e+01
9.635721e+01	-2.535510e-01	-9.542364e-01	1.213687e+01	1.853921e+00	3.465562e+00	3.561319e-01	-8.128171e-01	5.667264e-01	1.023033e+01
9.553306e+01	-2.534294e-01	-9.531598e-01	1.213889e+01	1.850631e+00	3.462339e+00	3.514560e-01	-8.131626e-01	5.659306e-01	1.022685e+01
9.487165e+01	-2.537498e-01	-9.519977e-01	1.214136e+01	1.846588e+00	3.458503e+00	3.472542e-01	-8.124727e-01	5.658795e-01	1.022292e+01
9.471517e+01	-2.538554e-01	-9.523608e-01	1.214362e+01	1.842255e+00	3.454974e+00	3.398377e-01	-8.129404e-01	5.649295e-01	1.021934e+01
9.378175e+01	-2.538799e-01	-9.480590e-01	1.214564e+01	1.839178e+00	3.451651e+00	3.418985e-01	-8.118130e-01	5.652365e-01	1.021512e+01
9.413343e+01	-2.533436e-01	-9.422258e-01	1.214719e+01	1.836663e+00	3.448869e+00	3.473949e-01	-8.115701e-01	5.649695e-01	1.021102e+01
9.423881e+01	-2.534526e-01	-9.391081e-01	1.214938e+01	1.833469e+00	3.445531e+00	3.472500e-01	-8.105160e-01	5.652046e-01	1.020715e+01
9.354936e+01	-2.537861e-01	-9.377277e-01	1.215154e+01	1.830545e+00	3.442279e+00	3.441561e-01	-8.087258e-01	5.660054e-01	1.020409e+01
9.286306e+01	-2.538199e-01	-9.360614e-01	1.215363e+01	1.827028e+00	3.438894e+00	3.410382e-01	-8.083716e-01	5.656979e-01	1.020054e+01
9.194269e+01	-2.539002e-01	-9.354219e-01	1.215549e+01	1.823527e+00	3.435812e+00	3.366328e-01	-8.087010e-01	5.648828e-01	1.019740e+01
9.141282e+01	-2.538336e-01	-9.337338e-01	1.215742e+01	1.820209e+00	3.432544e+00	3.334986e-01	-8.082306e-01	5.646232e-01	1.019403e+01
9.107613e+01	-2.531377e-01	-9.313512e-01	1.215844e+01	1.818456e+00	3.430405e+00	3.307717e-01	-8.082676e-01	5.640952e-01	1.019097e+01
9.072563e+01	-2.531496e-01	-9.293357e-01	1.216038e+01	1.815028e+00	3.427097e+00	3.288482e-01	-8.077181e-01	5.638580e-01	1.018763e+01
9.009891e+01	-2.537044e-01	-9.290480e-01	1.216273e+01	1.811226e+00	3.423295e+00	3.235798e-01	-8.075837e-01	5.633983e-01	1.018472e+01
8.998877e+01	-2.534022e-01	-9.257777e-01	1.216425e+01	1.808409e+00	3.420495e+00	3.244504e-01	-8.069416e-01	5.632072e-01	1.018142e+01
9.144770e+01	-2.527443e-01	-9.208037e-01	1.216517e+01	1.806950e+00	3.418292e+00	3.295155e-01	-8.057483e-01	5.634744e-01	1.017895e+01
9.074163e+01	-2.526048e-01	-9.196025e-01	1.216705e+01	1.803585e+00	3.415301e+00	3.264339e-01	-8.054122e-01	5.630272e-01	1.017581e+01
8.908072e+01	-2.524910e-01	-9.206520e-01	1.216890e+01	1.800249e+00	3.412160e+00	3.172442e-01	-8.060055e-01	5.619519e-01	1.017320e+01
8.878307e+01	-2.523139e-01	-9.195357e-01	1.217066e+01	1.797120e+00	3.409338e+00	3.145266e-01	-8.053553e-01	5.617237e-01	1.017029e+01
8.870696e+01	-2.526270e-01	-9.201475e-01	1.217273e+01	1.794018e+00	3.406241e+00	3.082350e-01	-8.057298e-01	5.608031e-01	1.016799e+01
8.835206e+01	-2.521001e-01	-9.161942e-01	1.217406e+01	1.791701e+00	3.403945e+00	3.114572e-01	-8.047022e-01	5.608405e-01	1.016490e+01
8.944423e+01	-2.511586e-01	-9.111899e-01	1.217498e+01	1.789764e+00	3.402100e+00	3.167610e-01	-8.042203e-01	5.605301e-01	1.016143e+01
8.928617e+01	-2.508591e-01	-9.096310e-01	1.217658e+01	1.787180e+00	3.399592e+00	3.151005e-01	-8.033670e-01	5.604563e-01	1.015902e+01
8.831208e+01	-2.507786e-01	-9.093522e-01	1.217790e+01	1.785466e+00	3.397322e+00	3.099617e-01	-8.039752e-01	5.594728e-01	1.015677e+01
8.806373e+01	-2.504389e-01	-9.082893e-01	1.217955e+01	1.782633e+00	3.394771e+00	3.079230e-01	-8.031352e-01	5.593283e-01	1.015470e+01
2.083542e+02	-5.011429e-01	-6.197143e-01	1.453886e+01	1.807333e+00	3.062667e+00	1.517143e-01	-9.534286e-01	-1.028571e-01	1.059257e+01
4.647070e+02	-3.787713e-01	-7.420859e-01	1.466123e+01	1.684962e+00	2.940295e+00	2.934271e-02	-8.310570e-01	-2.252287e-01	1.071494e+01
2.830870e+02	-2.428322e-01	-7.297429e-01	1.453997e+01	1.781253e+00	3.061993e+00	8.458032e-02	-7.957536e-01	-1.739216e-01	1.068308e+01
1.436506e+02	-1.187552e-01	-6.825256e-01	1.441589e+01	1.898772e+00	3.188937e+00	1.615029e-01	-7.618845e-01	-6.725151e-02	1.059424e+01
1.573043e+02	1.250698e-03	-6.800998e-01	1.431105e+01	1.990830e+00	3.292423e+00	1.908958e-01	-7.703002e-01	-3.320489e-02	1.056812e+01
1.287822e+02	1.022523e-01	-7.307630e-01	1.424541e+01	2.005995e+00	3.352180e+00	1.597402e-01	-7.787547e-01	-2.792752e-02	1.058888e+01
1.152791e+02	2.100850e-01	-7.509027e-01	1.414036e+01	2.081482e+00	3.447774e+00	1.631729e-01	-8.435566e-01	-2.266089e-02	1.058341e+01
9.402667e+01	3.215238e-01	-7.422615e-01	1.402538e+01	2.180041e+00	3.561170e+00	1.923904e-01	-8.858870e-01	-1.760792e-02	1.055451e+01
9.276141e+01	3.903224e-01	-7.462063e-01	1.396077e+01	2.219834e+00	3.626266e+00	2.023772e-01	-8.162311e-01	-3.356616e-02	1.053881e+01
8.264340e+01	4.024698e-01	-7.683032e-01	1.391136e+01	2.237315e+00	3.694483e+00	2.078896e-01	-8.455747e-01	-6.591568e-02	1.052792e+01
9.898344e+01	3.818173e-01	-7.918264e-01	1.388832e+01	2.236533e+00	3.735674e+00	2.010267e-01	-8.510601e-01	-8.011462e-02	1.052478e+01
1.095501e+02	4.556005e-01	-7.592417e-01	1.378837e+01	2.309819e+00	3.828080e+00	2.301433e-01	-7.533849e-01	-5.528303e-02	1.047851e+01
1.008613e+02	3.483971e-01	-7.722969e-01	1.384474e+01	2.258708e+00	3.813765e+00	2.352933e-01	-7.337927e-01	-5.825220e-02	1.046312e+01
9.549315e+01	2.454561e-01	-8.074900e-01	1.393061e+01	2.170286e+00	3.754836e+00	2.228102e-01	-7.498969e-01	-7.368513e-02	1.046145e+01
8.425826e+01	2.399893e-01	-8.139528e-01	1.390010e+01	2.192139e+00	3.801426e+00	2.361209e-01	-7.814294e-01	-7.085634e-02	1.047026e+01
8.001204e+01	2.317403e-01	-8.213571e-01	1.388121e+01	2.204497e+00	3.835208e+00	2.555060e-01	-8.268991e-01	-6.296470e-02	1.046901e+01
1.158969e+02	2.911323e-01	-7.904656e-01	1.380280e+01	2.267687e+00	3.913537e+00	2.764675e-01	-7.612346e-01	-9.445508e-03	1.043419e+01
1.471005e+02	3.570659e-01	-7.844703e-01	1.372450e+01	2.332824e+00	3.985095e+00	2.854168e-01	-7.395585e-01	1.576588e-02	1.043225e+01
2.671143e+02	2.845989e-01	-9.000706e-01	1.381115e+01	2.204607e+00	3.887031e+00	1.666807e-01	-7.256487e-01	5.864658e-03	1.050522e+01
1.460786e+02	2.827670e-01	-8.756269e-01	1.379158e+01	2.202146e+00	3.900007e+00	2.161811e-01	-7.339080e-01	9.156981e-03	1.047620e+01
7.695303e+01	3.286500e-01	-8.488531e-01	1.372341e+01	2.248303e+00	3.963213e+00	2.578714e-01	-7.914700e-01	-3.633517e-03	1.046095e+01
8.330508e+01	3.650391e-01	-8.267908e-01	1.367722e+01	2.274225e+00	4.005423e+00	2.891446e-01	-8.313508e-01	-1.283820e-02	1.043628e+01
7.676101e+01	3.662746e-01	-8.403182e-01	1.364924e+01	2.297605e+00	4.036324e+00	2.753004e-01	-8.419438e-01	-1.150118e-02	1.046240e+01
1.053194e+02	3.528871e-01	-8.176649e-01	1.364439e+01	2.312948e+00	4.039343e+00	2.841320e-01	-7.257032e-01	8.623306e-02	1.044637e+01
1.222927e+02	3.058430e-01	-8.634027e-01	1.368746e+01	2.252629e+00	3.994561e+00	2.308577e-01	-6.824302e-01	1.113300e-01	1.047520e+01
1.069056e+02	2.939395e-01	-8.574517e-01	1.366132e+01	2.265340e+00	4.026766e+00	2.396656e-01	-6.902048e-01	1.024024e-01	1.046395e+01
8.787700e+01	3.219939e-01	-8.379528e-01	1.362216e+01	2.293680e+00	4.065027e+00	2.606803e-01	-7.115121e-01	9.428704e-02	1.043505e+01
9.232659e+01	3.364267e-01	-8.264107e-01	1.360108e+01	2.308699e+00	4.082387e+00	2.765916e-01	-7.492004e-01	7.202410e-02	1.040706e+01
8.439378e+01	2.932980e-01	-8.628388e-01	1.363330e+01	2.269142e+00	4.059722e+00	2.463875e-01	-7.796992e-01	4.133872e-02	1.041713e+01
8.764211e+01	3.141121e-01	-8.708645e-01	1.360979e+01	2.273499e+00	4.090367e+00	2.418200e-01	-8.050408e-01	1.966812e-02	1.040510e+01
7.685547e+01	3.144050e-01	-8.376895e-01	1.358532e+01	2.302872e+00	4.121079e+00	2.728619e-01	-7.986871e-01	1.999231e-02	1.036156e+01
7.459879e+01	2.395813e-01	-8.415876e-01	1.363308e+01	2.272482e+00	4.087189e+00	2.743504e-01	-8.100093e-01	8.100126e-03	1.033920e+01
1.519258e+02	2.461394e-01	-8.755972e-01	1.362596e+01	2.265165e+00	4.093056e+00	2.501858e-01	-8.690540e-01	-1.451416e-02	1.037212e+01
1.859398e+02	3.142149e-01	-8.648524e-01	1.356605e+01	2.304880e+00	4.149464e+00	2.680259e-01	-8.960049e-01	-3.159919e-02	1.037917e+01
1.503374e+03	3.446174e-01	-6.729259e-01	1.356157e+01	2.334429e+00	4.125140e+00	3.635638e-01	-6.568640e-01	2.009311e-01	1.017464e+01
2.047816e+02	1.330565e-01	-8.464830e-01	1.377212e+01	2.118674e+00	3.906762e+00	1.550129e-01	-5.205111e-01	3.167813e-01	1.031087e+01
5.659771e+02	5.069302e-02	-9.255461e-01	1.383672e+01	2.039030e+00	3.838835e+00	6.195833e-02	-4.559221e-01	3.767616e-01	1.037334e+01
5.586031e+02	3.533224e-02	-9.332323e-01	1.383678e+01	2.021722e+00	3.833989e+00	7.535976e-02	-4.248141e-01	4.107726e-01	1.038470e+01
4.863534e+02	5.085972e-02	-9.238785e-01	1.380258e+01	2.046324e+00	3.868979e+00	9.833125e-02	-4.138822e-01	4.288752e-01	1.038053e+01
2.693390e+02	7.929736e-02	-8.856750e-01	1.375337e+01	2.091471e+00	3.923022e+00	1.683533e-01	-4.142166e-01	4.393038e-01	1.035718e+01
1.570114e+02	1.277645e-01	-8.547215e-01	1.369291e+01	2.143924e+00	3.986516e+00	2.167432e-01	-4.186458e-01	4.404119e-01	1.033365e+01
1.245354e+02	1.706405e-01	-8.326410e-01	1.363256e+01	2.195372e+00	4.054629e+00	2.497441e-01	-4.292769e-01	4.334105e-01	1.031460e+01
1.276959e+02	2.037194e-01	-8.236892e-01	1.359663e+01	2.224291e+00	4.089222e+00	2.642058e-01	-4.378860e-01	4.237482e-01	1.030170e+01
8.652867e+02	4.040000e-01	-5.922857e-01	1.463029e+01	2.351333e+00	3.105333e+00	2.355238e-01	-5.343810e-01	-3.542857e-01	1.028171e+01
3.293259e+02	2.816284e-01	-7.146573e-01	1.475266e+01	2.228962e+00	2.982962e+00	1.131522e-01	-4.120094e-01	-4.766573e-01	1.040409e+01
5.700201e+02	2.895770e-01	-8.036101e-01	1.465516e+01	2.267914e+00	3.086630e+00	3.708102e-02	-5.088419e-01	-3.761238e-01	1.049273e+01
6.198970e+02	3.839201e-01	-8.430265e-01	1.454871e+01	2.338095e+00	3.191969e+00	1.853895e-02	-6.089487e-01	-2.806446e-01	1.054014e+01
5.380646e+02	5.059615e-01	-8.557860e-01	1.442377e+01	2.442875e+00	3.315045e+00	3.213656e-02	-7.284649e-01	-1.661100e-01	1.056485e+01
4.695734e+02	6.297024e-01	-8.460763e-01	1.430159e+01	2.552770e+00	3.430371e+00	6.679387e-02	-8.360820e-01	-6.610233e-02	1.056987e+01
2.005854e+02	7.610628e-01	-8.113358e-01	1.417576e+01	2.668334e+00	3.544802e+00	1.118424e-01	-7.734216e-01	3.115752e-02	1.054886e+01
1.394351e+02	8.910372e-01	-7.769944e-01	1.405121e+01	2.783736e+00	3.658511e+00	1.566742e-01	-7.294426e-01	1.076191e-01	1.052844e+01
1.963604e+02	8.508041e-01	-7.484160e-01	1.399619e+01	2.864634e+00	3.764389e+00	1.995808e-01	-6.987232e-01	1.627735e-01	1.050806e+01
2.600552e+02	7.786882e-01	-7.356566e-01	1.401116e+01	2.871065e+00	3.806677e+00	2.283657e-01	-6.717545e-01	1.991899e-01	1.049366e+01
2.254388e+02	6.787123e-01	-7.430968e-01	1.407021e+01	2.831518e+00	3.825007e+00	2.397663e-01	-6.493875e-01	2.204663e-01	1.049095e+01
1.380413e+02	5.716236e-01	-7.691484e-01	1.415098e+01	2.759348e+00	3.799399e+00	2.329563e-01	-6.299207e-01	2.287320e-01	1.049776e+01
1.112550e+02	4.809819e-01	-7.927117e-01	1.421775e+01	2.699101e+00	3.780866e+00	2.260938e-01	-6.155445e-01	2.320348e-01	1.050412e+01
1.157057e+02	4.054670e-01	-8.135464e-01	1.427158e+01	2.649874e+00	3.768925e+00	2.193908e-01	-6.057337e-01	2.316500e-01	1.050998e+01
1.259670e+02	3.528906e-01	-8.269689e-01	1.430377e+01	2.620761e+00	3.773652e+00	2.183340e-01	-6.013606e-01	2.304383e-01	1.051052e+01
1.277506e+02	3.191649e-01	-8.329930e-01	1.431833e+01	2.608633e+00	3.791691e+00	2.228886e-01	-6.001420e-01	2.292116e-01	1.050541e+01
1.207108e+02	2.992049e-01	-8.327814e-01	1.431973e+01	2.608557e+00	3.817224e+00	2.330566e-01	-6.027680e-01	2.268369e-01	1.049853e+01
1.134864e+02	2.913619e-01	-8.305629e-01	1.430856e+01	2.619068e+00	3.851372e+00	2.437762e-01	-6.068888e-01	2.243740e-01	1.049218e+01
1.083260e+02	2.917654e-01	-8.246870e-01	1.429198e+01	2.634895e+00	3.887738e+00	2.569300e-01	-6.137333e-01	2.206746e-01	1.048238e+01
1.104806e+02	2.984945e-01	-8.185942e-01	1.426944e+01	2.655584e+00	3.927121e+00	2.691230e-01	-6.206420e-01	2.166978e-01	1.047315e+01
1.139151e+02	3.084707e-01	-8.168516e-01	1.424728e+01	2.671775e+00	3.962638e+00	2.756924e-01	-6.292428e-01	2.101962e-01	1.046622e+01
1.170690e+02	3.185524e-01	-8.168416e-01	1.422669e+01	2.685989e+00	3.995382e+00	2.805023e-01	-6.365821e-01	2.033439e-01	1.046024e+01
1.103443e+02	3.318366e-01	-8.235428e-01	1.420631e+01	2.695567e+00	4.024549e+00	2.766642e-01	-6.452644e-01	1.946535e-01	1.045940e+01
1.029789e+02	3.398341e-01	-8.344127e-01	1.419365e+01	2.695983e+00	4.044916e+00	2.692979e-01	-6.529710e-01	1.852660e-01	1.046094e+01
1.008224e+02	3.573703e-01	-8.421806e-01	1.417146e+01	2.706662e+00	4.074483e+00	2.632158e-01	-6.611250e-01	1.766593e-01	1.046140e+01
9.981654e+01	3.792470e-01	-8.465436e-01	1.414229e+01	2.724134e+00	4.110623e+00	2.603578e-01	-6.697366e-01	1.687875e-01	1.046062e+01
9.879110e+01	3.996756e-01	-8.492741e-01	1.411607e+01	2.739447e+00	4.142830e+00	2.594043e-01	-6.769018e-01	1.613287e-01	1.045714e+01
9.761459e+01	4.207412e-01	-8.511601e-01	1.409053e+01	2.754133e+00	4.172608e+00	2.593722e-01	-6.885295e-01	1.486378e-01	1.045290e+01
9.580753e+01	4.411805e-01	-8.508626e-01	1.406191e+01	2.772316e+00	4.206753e+00	2.621111e-01	-6.988821e-01	1.351865e-01	1.044752e+01
9.377755e+01	4.614178e-01	-8.519962e-01	1.403316e+01	2.791219e+00	4.241663e+00	2.624272e-01	-7.137703e-01	1.156310e-01	1.044344e+01
9.210305e+01	4.762866e-01	-8.525141e-01	1.401146e+01	2.803240e+00	4.269410e+00	2.655008e-01	-7.289543e-01	9.332702e-02	1.043758e+01
8.953638e+01	4.877449e-01	-8.549601e-01	1.399747e+01	2.806272e+00	4.287038e+00	2.665882e-01	-7.411344e-01	7.245750e-02	1.043333e+01
8.679464e+01	4.956308e-01	-8.571791e-01	1.398342e+01	2.810894e+00	4.307229e+00	2.682891e-01	-7.562702e-01	4.966436e-02	1.042869e+01
8.386694e+01	4.962337e-01	-8.589186e-01	1.397447e+01	2.813361e+00	4.325044e+00	2.717795e-01	-7.754796e-01	2.291802e-02	1.042402e+01
7.778436e+01	4.982969e-01	-8.639095e-01	1.396922e+01	2.808642e+00	4.335234e+00	2.706552e-01	-7.895822e-01	-1.486645e-03	1.042111e+01
7.563884e+01	4.990476e-01	-8.690668e-01	1.396895e+01	2.798358e+00	4.338564e+00	2.700670e-01	-8.020703e-01	-2.404260e-02	1.041711e+01
7.741355e+01	4.993637e-01	-8.717418e-01	1.396568e+01	2.793648e+00	4.347241e+00	2.705988e-01	-8.088706e-01	-4.295112e-02	1.041310e+01
7.919854e+01	5.055266e-01	-8.721206e-01	1.395860e+01	2.791767e+00	4.356782e+00	2.720504e-01	-8.111012e-01	-5.573398e-02	1.040860e+01
8.029419e+01	5.058030e-01	-8.719659e-01	1.395420e+01	2.789726e+00	4.366760e+00	2.747201e-01	-8.113963e-01	-7.036746e-02	1.040308e+01
7.970009e+01	5.055940e-01	-8.694381e-01	1.394628e+01	2.793969e+00	4.382850e+00	2.782866e-01	-8.083137e-01	-7.950566e-02	1.039580e+01
7.853499e+01	5.045070e-01	-8.700143e-01	1.394547e+01	2.787639e+00	4.387727e+00	2.794619e-01	-8.037119e-01	-9.168274e-02	1.039072e+01
7.693181e+01	5.036402e-01	-8.698563e-01	1.394560e+01	2.779602e+00	4.390582e+00	2.813023e-01	-7.970439e-01	-1.033734e-01	1.038521e+01
7.525600e+01	5.010287e-01	-8.723789e-01	1.394691e+01	2.770714e+00	4.393079e+00	2.798979e-01	-7.916560e-01	-1.134193e-01	1.038535e+01
7.398838e+01	4.964058e-01	-8.743158e-01	1.394637e+01	2.765807e+00	4.400154e+00	2.786215e-01	-7.854475e-01	-1.222138e-01	1.038477e+01
7.374378e+01	4.964132e-01	-8.758740e-01	1.394478e+01	2.759774e+00	4.405336e+00	2.782348e-01	-7.816403e-01	-1.299281e-01	1.038739e+01
7.504547e+01	5.051298e-01	-8.729411e-01	1.393297e+01	2.765723e+00	4.419928e+00	2.825653e-01	-7.799537e-01	-1.350223e-01	1.038696e+01
7.461025e+01	5.038887e-01	-8.756497e-01	1.393180e+01	2.759015e+00	4.425450e+00	2.807305e-01	-7.778244e-01	-1.411136e-01	1.039189e+01
7.486223e+01	5.045400e-01	-8.780000e-01	1.392949e+01	2.752277e+00	4.430735e+00	2.785815e-01	-7.768029e-01	-1.464836e-01	1.039458e+01
7.532402e+01	5.050503e-01	-8.787533e-01	1.392406e+01	2.750530e+00	4.440403e+00	2.791502e-01	-7.764184e-01	-1.499744e-01	1.039559e+01
7.600410e+01	5.086574e-01	-8.764748e-01	1.391309e+01	2.753750e+00	4.455671e+00	2.835614e-01	-7.764772e-01	-1.525879e-01	1.039428e+01
7.840603e+01	5.094885e-01	-8.783279e-01	1.390629e+01	2.753647e+00	4.466496e+00	2.845845e-01	-7.846543e-01	-1.544036e-01	1.039876e+01
8.395516e+01	5.119537e-01	-8.814860e-01	1.390239e+01	2.747522e+00	4.471428e+00	2.837373e-01	-7.941491e-01	-1.554300e-01	1.040080e+01
7.662239e+01	5.132582e-01	-8.777616e-01	1.389511e+01	2.750236e+00	4.482809e+00	2.870293e-01	-7.757067e-01	-1.380405e-01	1.039756e+01
3.266963e+02	1.309143e+00	-8.985714e-01	1.532514e+01	3.076667e+00	5.409333e+00	3.894286e-01	-5.572381e-01	3.040000e-01	8.946857e+00
2.233575e+02	1.186771e+00	-1.020943e+00	1.544751e+01	2.954295e+00	5.286962e+00	2.670570e-01	-6.796097e-01	1.816284e-01	9.069229e+00
1.376027e+02	1.298571e+00	-9.935778e-01	1.535261e+01	3.026018e+00	5.374817e+00	2.974555e-01	-6.657980e-01	1.357790e-01	9.066300e+00
1.048495e+02	1.391600e+00	-9.778619e-01	1.526134e+01	3.089742e+00	5.452680e+00	3.191869e-01	-6.617776e-01	1.236834e-01	9.085024e+00
1.042816e+02	1.476378e+00	-9.614964e-01	1.518531e+01	3.153405e+00	5.525678e+00	3.420193e-01	-7.836549e-01	9.753815e-02	9.100085e+00
5.853296e+02	1.499653e+00	-1.014663e+00	1.517838e+01	3.136540e+00	5.522113e+00	2.918445e-01	-9.630982e-01	-8.856740e-02	9.205045e+00
2.906931e+02	1.666843e+00	-8.608579e-01	1.504821e+01	3.258385e+00	5.523239e+00	2.969790e-01	-7.594704e-01	-2.923714e-01	9.004796e+00
3.815326e+02	1.489616e+00	-9.833941e-01	1.525023e+01	3.057991e+00	5.311816e+00	1.343533e-01	-7.557230e-01	-2.548602e-01	9.030210e+00
1.980761e+02	1.540405e+00	-9.543428e-01	1.518244e+01	3.116709e+00	5.388133e+00	1.915995e-01	-7.643302e-01	-1.775259e-01	9.043849e+00
1.275559e+02	1.574991e+00	-9.069441e-01	1.512912e+01	3.171510e+00	5.455747e+00	2.906075e-01	-7.670598e-01	-1.552841e-01	9.046895e+00
1.031600e+02	1.547252e+00	-9.389420e-01	1.516225e+01	3.133945e+00	5.421296e+00	2.699741e-01	-7.722656e-01	-1.252029e-01	9.068629e+00
1.007077e+02	1.551782e+00	-9.495426e-01	1.515194e+01	3.138442e+00	5.437220e+00	2.742414e-01	-7.787003e-01	-1.101333e-01	9.094367e+00
9.911495e+01	1.586380e+00	-9.391794e-01	1.511779e+01	3.168961e+00	5.477069e+00	2.998177e-01	-7.801475e-01	-1.050668e-01	9.098403e+00
9.572598e+01	1.557032e+00	-9.520135e-01	1.514272e+01	3.143834e+00	5.459842e+00	2.872172e-01	-7.816545e-01	-9.821128e-02	9.102400e+00
8.926705e+01	1.587015e+00	-9.640527e-01	1.511506e+01	3.163168e+00	5.491687e+00	2.999932e-01	-7.966174e-01	-7.454539e-02	9.127201e+00
9.108805e+01	1.605333e+00	-9.748403e-01	1.510748e+01	3.158655e+00	5.490925e+00	2.950656e-01	-8.006806e-01	-7.587468e-02	9.137785e+00
9.069339e+01	1.632217e+00	-9.644377e-01	1.506337e+01	3.198335e+00	5.545604e+00	3.304602e-01	-8.108077e-01	-6.935945e-02	9.158155e+00
8.802593e+01	1.605055e+00	-9.886858e-01	1.509074e+01	3.167857e+00	5.515100e+00	3.045377e-01	-8.210510e-01	-7.133438e-02	9.174989e+00
8.051123e+01	1.653730e+00	-9.817948e-01	1.504580e+01	3.204657e+00	5.562365e+00	3.307145e-01	-8.247181e-01	-8.628225e-02	9.195864e+00
8.762266e+01	1.634287e+00	-1.003567e+00	1.505636e+01	3.189430e+00	5.560633e+00	3.096137e-01	-8.303845e-01	-1.022748e-01	9.217992e+00
8.218513e+01	1.688926e+00	-9.839882e-01	1.501137e+01	3.230732e+00	5.600020e+00	3.422548e-01	-8.301455e-01	-1.105228e-01	9.226217e+00
7.621609e+01	1.698223e+00	-9.983136e-01	1.502442e+01	3.207831e+00	5.568805e+00	3.346576e-01	-8.340058e-01	-1.211835e-01	9.243356e+00
7.619189e+01	1.688843e+00	-1.005616e+00	1.501762e+01	3.215614e+00	5.588210e+00	3.285891e-01	-8.380382e-01	-1.373512e-01	9.257267e+00
8.988942e+01	1.629806e+00	-1.016052e+00	1.505589e+01	3.189511e+00	5.566753e+00	3.313075e-01	-8.582154e-01	-1.777642e-01	9.292787e+00
9.051961e+01	1.735446e+00	-9.916221e-01	1.496692e+01	3.260784e+00	5.647538e+00	3.679787e-01	-8.577407e-01	-1.828694e-01	9.299892e+00
1.687833e+02	1.674118e+00	-1.047913e+00	1.504061e+01	3.176481e+00	5.555807e+00	2.878116e-01	-8.440592e-01	-1.978029e-01	9.305200e+00
1.354199e+02	1.784625e+00	-9.486208e-01	1.492886e+01	3.282238e+00	5.639256e+00	3.380259e-01	-8.243887e-01	-3.676978e-01	9.284176e+00
2.913301e+02	1.642525e+00	-1.056588e+00	1.509843e+01	3.099281e+00	5.433657e+00	2.210628e-01	-8.421006e-01	-3.069902e-01	9.348321e+00
9.188278e+01	1.721244e+00	-9.739154e-01	1.500289e+01	3.185828e+00	5.523083e+00	3.476408e-01	-8.271505e-01	-3.572278e-01	9.305688e+00
7.723246e+01	1.738752e+00	-9.988974e-01	1.499940e+01	3.172635e+00	5.513041e+00	3.220232e-01	-8.408180e-01	-3.014082e-01	9.335686e+00
7.605070e+01	1.692076e+00	-9.972174e-01	1.500966e+01	3.171713e+00	5.541411e+00	3.515751e-01	-8.477581e-01	-2.215701e-01	9.453728e+00
9.209029e+01	1.719138e+00	-9.849715e-01	1.502343e+01	3.148194e+00	5.487190e+00	3.045641e-01	-7.717231e-01	-2.960386e-01	9.341016e+00
1.156116e+02	1.730846e+00	-9.606403e-01	1.498200e+01	3.198097e+00	5.558546e+00	3.570854e-01	-7.723258e-01	-2.648644e-01	9.372118e+00
2.811997e+02	1.647897e+00	-1.065894e+00	1.507211e+01	3.083636e+00	5.461886e+00	2.361979e-01	-7.814931e-01	-2.382180e-01	9.423599e+00
7.514962e+01	1.732046e+00	-1.007272e+00	1.496967e+01	3.176064e+00	5.556101e+00	3.448392e-01	-7.759647e-01	-2.386726e-01	9.470352e+00
7.693982e+01	1.766869e+00	-1.012873e+00	1.494154e+01	3.189262e+00	5.573231e+00	3.347486e-01	-7.767577e-01	-2.456391e-01	9.481026e+00
7.819917e+01	1.742581e+00	-1.002778e+00	1.493650e+01	3.205191e+00	5.603226e+00	3.743297e-01	-7.997570e-01	-2.082931e-01	9.548676e+00
7.279622e+01	1.784635e+00	-1.020652e+00	1.491068e+01	3.216027e+00	5.615294e+00	3.496875e-01	-7.944149e-01	-2.260116e-01	9.580636e+00
7.851585e+01	1.724754e+00	-9.990898e-01	1.495489e+01	3.190800e+00	5.578832e+00	3.546770e-01	-7.528567e-01	-2.320786e-01	9.508840e+00
7.500151e+01	1.725049e+00	-1.021332e+00	1.493431e+01	3.202152e+00	5.615388e+00	3.418631e-01	-7.719796e-01	-2.079226e-01	9.561143e+00
8.513444e+01	1.711126e+00	-1.027238e+00	1.494295e+01	3.192859e+00	5.610501e+00	3.478299e-01	-8.079567e-01	-2.165447e-01	9.591681e+00
1.910379e+02	1.779814e+00	-9.396483e-01	1.490682e+01	3.231947e+00	5.607867e+00	3.683079e-01	-6.598912e-01	-2.405108e-01	9.445991e+00
1.066806e+02	1.615228e+00	-1.006186e+00	1.506267e+01	3.104116e+00	5.485034e+00	3.169695e-01	-6.614664e-01	-2.187586e-01	9.484705e+00
9.745371e+01	1.658563e+00	-9.807520e-01	1.501310e+01	3.150602e+00	5.545815e+00	3.617868e-01	-6.677896e-01	-1.845434e-01	9.487680e+00
9.051813e+01	1.641075e+00	-1.014555e+00	1.502777e+01	3.130769e+00	5.534227e+00	3.403840e-01	-6.819187e-01	-1.606996e-01	9.525753e+00
1.010323e+02	1.718229e+00	-9.860518e-01	1.494784e+01	3.194899e+00	5.602771e+00	3.727717e-01	-6.917158e-01	-1.516493e-01	9.525581e+00
1.370137e+02	1.624499e+00	-1.046706e+00	1.502574e+01	3.116488e+00	5.536752e+00	3.107537e-01	-7.057903e-01	-1.484187e-01	9.569578e+00
8.799401e+01	1.696109e+00	-1.000957e+00	1.494685e+01	3.195017e+00	5.624014e+00	3.782534e-01	-7.207631e-01	-1.418556e-01	9.582290e+00
1.163623e+02	1.671891e+00	-1.046494e+00	1.497446e+01	3.157880e+00	5.593464e+00	3.193433e-01	-7.313876e-01	-1.511061e-01	9.610750e+00
2.640340e+02	1.172000e+00	-9.717143e-01	1.397200e+01	2.852667e+00	1.057333e+00	2.553333e-01	-5.435238e-01	7.085714e-02	1.042800e+01
3.154070e+02	1.049628e+00	-8.493427e-01	1.384963e+01	2.975038e+00	1.179705e+00	3.777049e-01	-6.658954e-01	1.932287e-01	1.030563e+01
1.134312e+02	9.231694e-01	-9.414123e-01	1.397147e+01	2.881581e+00	1.323401e+00	3.177806e-01	-7.358046e-01	1.806423e-01	1.036344e+01
1.744704e+02	8.361271e-01	-9.787606e-01	1.405217e+01	2.838570e+00	1.428169e+00	3.076635e-01	-8.259554e-01	1.017269e-01	1.036210e+01
1.024625e+02	7.908988e-01	-9.464503e-01	1.408742e+01	2.856822e+00	1.516327e+00	3.496705e-01	-7.311972e-01	1.973292e-01	1.029393e+01
1.179478e+02	7.682153e-01	-9.234515e-01	1.410057e+01	2.885839e+00	1.587296e+00	3.779114e-01	-6.905799e-01	2.351628e-01	1.025378e+01
1.036051e+02	7.478944e-01	-9.429401e-01	1.411616e+01	2.886747e+00	1.626536e+00	3.435359e-01	-6.637606e-01	2.581615e-01	1.023873e+01
1.157235e+02	7.401017e-01	-9.545534e-01	1.411823e+01	2.902511e+00	1.665510e+00	3.180659e-01	-6.478139e-01	2.706494e-01	1.022367e+01
1.034704e+02	7.359730e-01	-9.429556e-01	1.411396e+01	2.931033e+00	1.706601e+00	3.246811e-01	-6.403177e-01	2.786088e-01	1.019478e+01
1.067721e+02	7.337515e-01	-9.185868e-01	1.410570e+01	2.966407e+00	1.750996e+00	3.474473e-01	-6.370992e-01	2.833438e-01	1.015417e+01
9.712162e+01	7.339054e-01	-9.300556e-01	1.409854e+01	2.982535e+00	1.780625e+00	3.289372e-01	-6.413469e-01	2.798979e-01	1.015760e+01
9.973204e+01	7.385586e-01	-9.403096e-01	1.408767e+01	2.998172e+00	1.806657e+00	3.119753e-01	-6.488095e-01	2.726371e-01	1.015692e+01
9.544052e+01	7.393863e-01	-9.356217e-01	1.407697e+01	3.024493e+00	1.842664e+00	3.159507e-01	-6.567195e-01	2.676875e-01	1.014923e+01
9.672263e+01	7.399888e-01	-9.225376e-01	1.406277e+01	3.062549e+00	1.888568e+00	3.314545e-01	-6.633898e-01	2.647208e-01	1.013725e+01
9.325565e+01	7.373793e-01	-9.358216e-01	1.405949e+01	3.064354e+00	1.907521e+00	3.131790e-01	-6.720616e-01	2.574068e-01	1.013714e+01
1.068561e+02	7.386441e-01	-9.506026e-01	1.405436e+01	3.063561e+00	1.922801e+00	2.940534e-01	-6.767199e-01	2.524426e-01	1.014170e+01
9.119431e+01	7.385382e-01	-9.321092e-01	1.404473e+01	3.091575e+00	1.958688e+00	3.181632e-01	-6.831027e-01	2.477179e-01	1.011966e+01
9.068161e+01	7.277257e-01	-9.350442e-01	1.404761e+01	3.095656e+00	1.982565e+00	3.163636e-01	-6.882731e-01	2.414036e-01	1.010594e+01
9.188207e+01	7.286872e-01	-9.284333e-01	1.403703e+01	3.115756e+00	2.013835e+00	3.234204e-01	-6.929965e-01	2.375916e-01	1.009620e+01
9.038021e+01	7.216465e-01	-9.322547e-01	1.403554e+01	3.120385e+00	2.038634e+00	3.208009e-01	-6.965428e-01	2.351043e-01	1.009399e+01
9.312933e+01	7.191035e-01	-9.452269e-01	1.403203e+01	3.120171e+00	2.056685e+00	3.034917e-01	-6.993770e-01	2.305037e-01	1.009755e+01
1.077044e+02	7.221509e-01	-9.578929e-01	1.402330e+01	3.127928e+00	2.078481e+00	2.858679e-01	-7.005977e-01	2.255112e-01	1.010711e+01
9.020935e+01	7.243475e-01	-9.305977e-01	1.400905e+01	3.165964e+00	2.120614e+00	3.176253e-01	-7.013101e-01	2.231738e-01	1.007812e+01
8.962472e+01	7.187957e-01	-9.326649e-01	1.400367e+01	3.184391e+00	2.154574e+00	3.166999e-01	-7.035736e-01	2.213365e-01	1.008312e+01
8.819619e+01	7.123525e-01	-9.382186e-01	1.400586e+01	3.177000e+00	2.166588e+00	3.099734e-01	-7.027725e-01	2.175463e-01	1.007500e+01
8.947542e+01	7.143608e-01	-9.450195e-01	1.399765e+01	3.183201e+00	2.187140e+00	3.040583e-01	-7.001670e-01	2.150365e-01	1.008733e+01
9.341070e+01	7.051305e-01	-9.540766e-01	1.400112e+01	3.173724e+00	2.200063e+00	2.939489e-01	-7.186622e-01	1.902176e-01	1.007698e+01
8.601704e+01	6.997033e-01	-9.513746e-01	1.399523e+01	3.187304e+00	2.235835e+00	2.943381e-01	-7.500114e-01	1.498269e-01	1.006135e+01
7.914537e+01	6.974664e-01	-9.391311e-01	1.398999e+01	3.199206e+00	2.258505e+00	3.117097e-01	-7.763683e-01	1.168694e-01	1.005172e+01
8.086926e+01	6.997316e-01	-9.369299e-01	1.398115e+01	3.209782e+00	2.281525e+00	3.275173e-01	-7.997005e-01	8.918790e-02	1.007078e+01
7.948606e+01	6.865096e-01	-9.619087e-01	1.399352e+01	3.176036e+00	2.273898e+00	3.004038e-01	-8.154782e-01	5.925372e-02	1.008605e+01
8.453034e+01	6.857934e-01	-9.623174e-01	1.399209e+01	3.166536e+00	2.279704e+00	2.931193e-01	-7.929336e-01	5.883839e-02	1.008035e+01
8.069773e+01	6.859080e-01	-9.329062e-01	1.398239e+01	3.192369e+00	2.306989e+00	3.222063e-01	-7.733276e-01	5.549478e-02	1.005844e+01
9.011372e+01	6.765224e-01	-9.245741e-01	1.398052e+01	3.207981e+00	2.333756e+00	3.328422e-01	-7.985793e-01	1.794760e-02	1.005569e+01
1.211639e+02	6.610245e-01	-9.750577e-01	1.400652e+01	3.142488e+00	2.300071e+00	2.796984e-01	-8.086423e-01	-9.375145e-03	1.009029e+01
1.100747e+02	6.678331e-01	-9.701604e-01	1.399862e+01	3.146500e+00	2.310374e+00	2.673152e-01	-7.704478e-01	-1.788735e-02	1.007503e+01
9.249166e+01	6.747879e-01	-9.200679e-01	1.397948e+01	3.187567e+00	2.345563e+00	3.227771e-01	-7.147874e-01	-4.768394e-03	1.005346e+01
1.108457e+02	6.775125e-01	-9.098471e-01	1.397707e+01	3.179900e+00	2.346303e+00	3.344990e-01	-7.202713e-01	-1.906073e-02	1.006081e+01
1.121897e+02	6.546934e-01	-9.699086e-01	1.400662e+01	3.119083e+00	2.320143e+00	2.742132e-01	-7.230087e-01	-3.306914e-02	1.012364e+01
1.091462e+02	6.466723e-01	-9.780063e-01	1.400423e+01	3.119302e+00	2.343584e+00	2.841215e-01	-7.302641e-01	-4.251679e-02	1.013835e+01
7.410234e+01	6.535752e-01	-9.567063e-01	1.398279e+01	3.153029e+00	2.380993e+00	3.154197e-01	-7.480301e-01	-5.045670e-02	1.013286e+01
8.378443e+01	6.558776e-01	-9.584530e-01	1.397088e+01	3.167834e+00	2.406355e+00	3.303588e-01	-8.118273e-01	-5.814796e-02	1.016152e+01
8.227660e+01	6.645106e-01	-9.410545e-01	1.395237e+01	3.194217e+00	2.430737e+00	3.487748e-01	-8.098220e-01	-5.384817e-02	1.015653e+01
8.765781e+01	6.645762e-01	-9.407980e-01	1.395618e+01	3.182480e+00	2.414116e+00	3.499418e-01	-7.311851e-01	-6.503990e-03	1.015827e+01
1.021441e+02	6.546936e-01	-9.839157e-01	1.397302e+01	3.139427e+00	2.389061e+00	3.027427e-01	-7.126888e-01	-4.074008e-03	1.019027e+01
1.109319e+02	6.551230e-01	-9.878508e-01	1.396526e+01	3.144972e+00	2.403830e+00	2.955173e-01	-7.053731e-01	-6.394396e-03	1.018520e+01
7.522870e+01	6.668094e-01	-9.605188e-01	1.394017e+01	3.178309e+00	2.438180e+00	3.298110e-01	-7.268312e-01	-2.474219e-02	1.016237e+01
5.267012e+03	-5.194286e-01	-1.378571e+00	1.457543e+01	3.578000e+00	4.769333e+00	3.879048e-01	-9.061905e-01	2.080000e-01	1.057429e+01
2.553794e+02	-3.970570e-01	-1.256200e+00	1.445306e+01	3.700372e+00	4.891705e+00	5.102763e-01	-7.838189e-01	3.303716e-01	1.045191e+01
1.939169e+02	-3.052061e-01	-1.179660e+00	1.436696e+01	3.779735e+00	4.976366e+00	5.871580e-01	-7.209834e-01	3.926620e-01	1.035187e+01
2.829473e+02	-2.490590e-01	-1.142120e+00	1.433274e+01	3.810847e+00	5.006173e+00	6.220453e-01	-6.918042e-01	4.210506e-01	1.028714e+01
2.277439e+02	-2.550916e-01	-1.153085e+00	1.437065e+01	3.776250e+00	4.959030e+00	6.019232e-01	-6.780678e-01	4.337441e-01	1.029953e+01
1.919245e+02	-2.629954e-01	-1.165045e+00	1.441628e+01	3.736572e+00	4.906746e+00	5.823516e-01	-6.714707e-01	4.392811e-01	1.030010e+01
1.745966e+02	-2.604204e-01	-1.177797e+00	1.444893e+01	3.706010e+00	4.868424e+00	5.602344e-01	-6.685066e-01	4.415690e-01	1.029586e+01
1.703956e+02	-2.228151e-01	-1.178710e+00	1.444903e+01	3.697451e+00	4.862634e+00	5.510528e-01	-6.670771e-01	4.425282e-01	1.027719e+01
1.670420e+02	-2.029279e-01	-1.181523e+00	1.446046e+01	3.682156e+00	4.845433e+00	5.400175e-01	-6.667492e-01	4.424576e-01	1.025217e+01
1.624827e+02	-1.668392e-01	-1.174664e+00	1.445105e+01	3.682836e+00	4.848497e+00	5.390087e-01	-6.667797e-01	4.421029e-01	1.021250e+01
1.588265e+02	-1.306315e-01	-1.173318e+00	1.444851e+01	3.675188e+00	4.843547e+00	5.322175e-01	-6.669727e-01	4.416745e-01	1.018456e+01
1.554002e+02	-1.016030e-01	-1.170089e+00	1.444979e+01	3.667472e+00	4.835418e+00	5.279781e-01	-6.675138e-01	4.408517e-01	1.015314e+01
1.521831e+02	-5.122839e-02	-1.164327e+00	1.443398e+01	3.668763e+00	4.842649e+00	5.249125e-01	-6.677957e-01	4.403989e-01	1.012560e+01
1.515229e+02	1.058910e-02	-1.156654e+00	1.439990e+01	3.683481e+00	4.869099e+00	5.236594e-01	-6.683513e-01	4.395911e-01	1.010283e+01
1.466794e+02	4.316444e-02	-1.155476e+00	1.440719e+01	3.667858e+00	4.851677e+00	5.156238e-01	-6.687120e-01	4.390499e-01	1.007623e+01
1.423614e+02	8.310157e-02	-1.154601e+00	1.441073e+01	3.654459e+00	4.835546e+00	5.063497e-01	-6.695082e-01	4.379845e-01	1.005528e+01
1.391791e+02	1.215770e-01	-1.151277e+00	1.440780e+01	3.646187e+00	4.828115e+00	5.003319e-01	-6.698864e-01	4.374400e-01	1.002931e+01
1.366753e+02	1.656626e-01	-1.145402e+00	1.439985e+01	3.641231e+00	4.824411e+00	4.964392e-01	-6.707738e-01	4.362764e-01	1.000486e+01
1.336621e+02	2.074942e-01	-1.142132e+00	1.439431e+01	3.634797e+00	4.817596e+00	4.900600e-01	-6.709895e-01	4.359430e-01	9.981242e+00
1.303007e+02	2.430725e-01	-1.141768e+00	1.439740e+01	3.621779e+00	4.802013e+00	4.810150e-01	-6.717049e-01	4.350063e-01	9.961958e+00
1.281347e+02	2.912625e-01	-1.134823e+00	1.438366e+01	3.620671e+00	4.800502e+00	4.780699e-01	-6.718244e-01	4.347679e-01	9.936833e+00
1.251875e+02	3.315903e-01	-1.131365e+00	1.438076e+01	3.613131e+00	4.789904e+00	4.706319e-01	-6.717962e-01	4.347312e-01	9.914838e+00
1.235932e+02	3.773550e-01	-1.125094e+00	1.437150e+01	3.609314e+00	4.783727e+00	4.673425e-01	-6.722531e-01	4.341088e-01	9.894706e+00
1.231464e+02	4.239709e-01	-1.117944e+00	1.436287e+01	3.604896e+00	4.776203e+00	4.654823e-01	-6.730308e-01	4.330996e-01	9.873326e+00
1.183017e+02	4.545200e-01	-1.118504e+00	1.437109e+01	3.588319e+00	4.753492e+00	4.544403e-01	-6.734247e-01	4.325953e-01	9.859237e+00
1.155898e+02	4.893041e-01	-1.119765e+00	1.437850e+01	3.569815e+00	4.731908e+00	4.421286e-01	-6.732736e-01	4.326261e-01	9.841676e+00
1.136589e+02	5.268019e-01	-1.113893e+00	1.437511e+01	3.566148e+00	4.718770e+00	4.404109e-01	-6.738783e-01	4.318323e-01	9.826190e+00
1.126437e+02	5.643423e-01	-1.106961e+00	1.437244e+01	3.562931e+00	4.705117e+00	4.409056e-01	-6.749451e-01	4.315677e-01	9.811566e+00
1.116250e+02	6.027781e-01	-1.101486e+00	1.436866e+01	3.557243e+00	4.692620e+00	4.381809e-01	-6.759972e-01	4.308614e-01	9.795735e+00
1.086079e+02	6.234427e-01	-1.098693e+00	1.439132e+01	3.532112e+00	4.655259e+00	4.331436e-01	-6.772499e-01	4.297683e-01	9.778395e+00
1.075279e+02	6.594774e-01	-1.093827e+00	1.438248e+01	3.528547e+00	4.645693e+00	4.290907e-01	-6.775478e-01	4.294703e-01	9.765701e+00
1.047402e+02	6.729167e-01	-1.094803e+00	1.441362e+01	3.498453e+00	4.605207e+00	4.174143e-01	-6.778901e-01	4.291406e-01	9.747588e+00
1.039536e+02	7.189652e-01	-1.086083e+00	1.439216e+01	3.507024e+00	4.608673e+00	4.183836e-01	-6.779237e-01	4.290015e-01	9.736150e+00
1.116268e+02	7.594626e-01	-1.070930e+00	1.437071e+01	3.519386e+00	4.611658e+00	4.251974e-01	-6.782117e-01	4.286666e-01	9.717449e+00
1.011565e+02	7.716352e-01	-1.083250e+00	1.439364e+01	3.489712e+00	4.577807e+00	4.039627e-01	-6.790659e-01	4.277320e-01	9.714768e+00
1.081926e+02	7.719589e-01	-1.092986e+00	1.442807e+01	3.454335e+00	4.535695e+00	3.871006e-01	-6.818262e-01	4.243062e-01	9.714119e+00
1.004174e+02	8.194778e-01	-1.068829e+00	1.439347e+01	3.473770e+00	4.544298e+00	4.064515e-01	-6.834958e-01	4.223577e-01	9.694507e+00
1.040994e+02	8.442161e-01	-1.059748e+00	1.438837e+01	3.468724e+00	4.533116e+00	4.107685e-01	-6.845560e-01	4.211908e-01	9.681895e+00
9.948102e+01	8.574694e-01	-1.059499e+00	1.439882e+01	3.454333e+00	4.508552e+00	4.020839e-01	-6.854598e-01	4.201373e-01	9.673077e+00
9.587139e+01	8.547806e-01	-1.066225e+00	1.443309e+01	3.422768e+00	4.469779e+00	3.881848e-01	-6.859488e-01	4.195962e-01	9.667943e+00
9.564715e+01	8.777856e-01	-1.055266e+00	1.442731e+01	3.425774e+00	4.462198e+00	3.936943e-01	-6.882938e-01	4.168119e-01	9.658701e+00
1.068576e+02	9.252831e-01	-1.042052e+00	1.438169e+01	3.454650e+00	4.482575e+00	3.999831e-01	-6.918034e-01	4.126995e-01	9.655370e+00
9.352699e+01	8.935204e-01	-1.055714e+00	1.444744e+01	3.404475e+00	4.425672e+00	3.786443e-01	-6.942083e-01	4.099463e-01	9.651448e+00
1.020714e+02	8.917009e-01	-1.063025e+00	1.448722e+01	3.365399e+00	4.382678e+00	3.629406e-01	-6.973517e-01	4.063291e-01	9.643488e+00
9.363408e+01	9.190778e-01	-1.038124e+00	1.446542e+01	3.383728e+00	4.389360e+00	3.864634e-01	-6.980740e-01	4.050690e-01	9.630539e+00
1.079208e+02	9.372066e-01	-1.023887e+00	1.445603e+01	3.391665e+00	4.387360e+00	3.988767e-01	-6.981375e-01	4.045632e-01	9.622487e+00
9.096362e+01	9.383060e-01	-1.039885e+00	1.447523e+01	3.366467e+00	4.360888e+00	3.766905e-01	-6.983603e-01	4.041244e-01	9.627208e+00
9.064251e+01	9.490503e-01	-1.037381e+00	1.447657e+01	3.358992e+00	4.350028e+00	3.750354e-01	-6.977765e-01	4.043694e-01	9.620370e+00
9.108795e+01	9.681036e-01	-1.041793e+00	1.447173e+01	3.354461e+00	4.342619e+00	3.648478e-01	-7.000161e-01	4.018394e-01	9.622939e+00
9.079589e+01	1.007322e+00	-1.030943e+00	1.444004e+01	3.373697e+00	4.356280e+00	3.690451e-01	-7.033927e-01	3.983514e-01	9.618232e+00
8.986581e+01	1.015850e+00	-1.032544e+00	1.444387e+01	3.367319e+00	4.347366e+00	3.641396e-01	-7.043505e-01	3.970069e-01	9.618707e+00
9.035577e+01	1.029124e+00	-1.036366e+00	1.445623e+01	3.348155e+00	4.325853e+00	3.563558e-01	-7.070927e-01	3.939393e-01	9.620000e+00
9.204869e+01	1.037757e+00	-1.022322e+00	1.444336e+01	3.361737e+00	4.332640e+00	3.695000e-01	-7.075538e-01	3.929743e-01	9.615089e+00
1.058750e+02	1.043150e+00	-1.010520e+00	1.442658e+01	3.379979e+00	4.343830e+00	3.794302e-01	-7.081051e-01	3.922277e-01	9.610967e+00
9.395033e+01	9.964972e-01	-1.037599e+00	1.448911e+01	3.325294e+00	4.289433e+00	3.482921e-01	-7.105604e-01	3.892353e-01	9.618766e+00
8.956448e+01	1.027901e+00	-1.019209e+00	1.446436e+01	3.342198e+00	4.298809e+00	3.631551e-01	-7.135691e-01	3.860660e-01	9.608850e+00
9.040762e+01	1.004201e+00	-1.030326e+00	1.449414e+01	3.316778e+00	4.273278e+00	3.517627e-01	-7.141548e-01	3.849961e-01	9.615006e+00
8.836964e+01	1.002913e+00	-1.023697e+00	1.449504e+01	3.319742e+00	4.268004e+00	3.614457e-01	-7.142532e-01	3.845083e-01	9.617356e+00
8.938335e+01	1.019599e+00	-1.016724e+00	1.448232e+01	3.322313e+00	4.270161e+00	3.651646e-01	-7.152238e-01	3.830054e-01	9.614230e+00
9.405948e+01	1.017757e+00	-1.031705e+00	1.450540e+01	3.293649e+00	4.243294e+00	3.440534e-01	-7.180077e-01	3.800503e-01	9.622466e+00
9.415911e+01	1.050111e+00	-1.007007e+00	1.446697e+01	3.321098e+00	4.265494e+00	3.686295e-01	-7.179259e-01	3.792777e-01	9.612249e+00
1.278757e+02	1.091332e+00	-9.914534e-01	1.442313e+01	3.351224e+00	4.287250e+00	3.847408e-01	-7.182225e-01	3.786387e-01	9.615703e+00
1.126159e+02	1.020394e+00	-1.042570e+00	1.451035e+01	3.276305e+00	4.225354e+00	3.270346e-01	-7.206856e-01	3.755635e-01	9.631503e+00
1.337563e+02	1.011631e+00	-1.049806e+00	1.452663e+01	3.262404e+00	4.213044e+00	3.140255e-01	-7.212760e-01	3.738567e-01	9.629851e+00
9.534812e+01	1.057884e+00	-1.002916e+00	1.446569e+01	3.312643e+00	4.256480e+00	3.678044e-01	-7.207945e-01	3.734568e-01	9.612650e+00
1.567767e+02	1.054837e+00	-9.808962e-01	1.444382e+01	3.340621e+00	4.282142e+00	3.976496e-01	-7.230002e-01	3.710016e-01	9.610242e+00
1.326617e+02	9.986377e-01	-1.051823e+00	1.452607e+01	3.252112e+00	4.201779e+00	3.190565e-01	-7.239670e-01	3.695407e-01	9.631089e+00
2.509382e+02	-2.268571e-01	-7.934286e-01	1.464857e+01	3.738000e+00	2.273333e+00	2.309524e-01	-7.690476e-01	2.217143e-01	9.623429e+00
3.319416e+02	-3.492287e-01	-9.158002e-01	1.477094e+01	3.615628e+00	2.150962e+00	1.085808e-01	-8.914192e-01	9.934271e-02	9.745800e+00
3.338161e+02	-2.779105e-01	-9.288699e-01	1.469208e+01	3.656048e+00	2.236936e+00	1.114539e-01	-7.778268e-01	1.701835e-01	9.783362e+00
1.557315e+02	-1.860706e-01	-8.906947e-01	1.459320e+01	3.734088e+00	2.339259e+00	1.788814e-01	-7.456700e-01	1.976421e-01	9.783892e+00
1.381215e+02	-8.023404e-02	-8.520775e-01	1.448602e+01	3.822306e+00	2.449342e+00	2.425235e-01	-7.204884e-01	2.114668e-01	9.803868e+00
1.848186e+02	-1.966157e-02	-8.437729e-01	1.444691e+01	3.837572e+00	2.485568e+00	2.662767e-01	-7.035608e-01	2.020317e-01	9.820837e+00
1.055360e+02	5.212486e-03	-8.867654e-01	1.445339e+01	3.802675e+00	2.480212e+00	2.333739e-01	-7.047509e-01	1.622633e-01	9.896456e+00
1.371604e+02	2.888551e-02	-9.218980e-01	1.446283e+01	3.767646e+00	2.470236e+00	2.046307e-01	-7.158300e-01	1.244126e-01	9.947123e+00
1.468942e+02	9.206072e-02	-9.328565e-01	1.442489e+01	3.775639e+00	2.502377e+00	1.986252e-01	-7.275321e-01	9.055021e-02	9.983840e+00
1.053845e+02	1.664564e-01	-9.205070e-01	1.436417e+01	3.810135e+00	2.553169e+00	2.200577e-01	-7.489592e-01	7.317260e-02	9.999537e+00
8.267385e+01	2.463650e-01	-9.069175e-01	1.429932e+01	3.846056e+00	2.606505e+00	2.413787e-01	-8.104257e-01	-9.584294e-03	1.001539e+01
9.599301e+01	3.236171e-01	-8.951759e-01	1.423532e+01	3.879682e+00	2.659474e+00	2.583083e-01	-8.518596e-01	-8.283670e-02	1.002250e+01
8.146570e+01	3.329949e-01	-9.103306e-01	1.426919e+01	3.833456e+00	2.624093e+00	2.399828e-01	-7.989708e-01	-5.779728e-02	1.002856e+01
1.152394e+02	3.173627e-01	-9.392710e-01	1.432976e+01	3.763066e+00	2.565941e+00	2.115776e-01	-7.822908e-01	-7.487784e-02	1.005638e+01
1.177143e+02	3.467431e-01	-9.411021e-01	1.433210e+01	3.748467e+00	2.559534e+00	2.113721e-01	-7.828702e-01	-7.253821e-02	1.006155e+01
1.064717e+02	3.758230e-01	-9.333589e-01	1.432930e+01	3.741153e+00	2.556767e+00	2.198833e-01	-7.485270e-01	-2.676524e-02	1.004736e+01
8.886510e+01	4.376664e-01	-9.052868e-01	1.428337e+01	3.771909e+00	2.589780e+00	2.510713e-01	-7.480772e-01	3.432769e-03	1.001954e+01
9.296202e+01	4.583294e-01	-9.007787e-01	1.427408e+01	3.769819e+00	2.597842e+00	2.606278e-01	-7.722851e-01	-4.408603e-03	1.001119e+01
8.063875e+01	4.687165e-01	-9.089076e-01	1.428350e+01	3.745641e+00	2.584010e+00	2.577557e-01	-8.038939e-01	-3.754763e-02	1.002592e+01
1.329203e+02	4.426098e-01	-9.368921e-01	1.432908e+01	3.686359e+00	2.538850e+00	2.362296e-01	-8.512134e-01	-9.970471e-02	1.006024e+01
9.232972e+01	4.714379e-01	-8.980142e-01	1.432047e+01	3.690287e+00	2.533724e+00	2.580007e-01	-7.417158e-01	7.195765e-03	9.973379e+00
1.323360e+02	4.961364e-01	-8.751560e-01	1.431126e+01	3.692920e+00	2.534290e+00	2.688590e-01	-6.732672e-01	7.832681e-02	9.915445e+00
9.886458e+01	4.651607e-01	-8.947870e-01	1.436395e+01	3.635263e+00	2.484579e+00	2.450563e-01	-6.259689e-01	1.212387e-01	9.899983e+00
1.315363e+02	4.291424e-01	-9.247744e-01	1.442184e+01	3.571448e+00	2.430202e+00	2.129073e-01	-5.929384e-01	1.498648e-01	9.902553e+00
1.410915e+02	4.363647e-01	-9.296881e-01	1.442693e+01	3.553609e+00	2.422991e+00	2.102861e-01	-5.778947e-01	1.710235e-01	9.899484e+00
1.059885e+02	4.661062e-01	-9.116670e-01	1.440427e+01	3.564287e+00	2.439439e+00	2.368956e-01	-5.733382e-01	1.817436e-01	9.888102e+00
1.022539e+02	5.002133e-01	-8.984376e-01	1.437647e+01	3.578600e+00	2.462786e+00	2.592495e-01	-5.745531e-01	1.936121e-01	9.889280e+00
1.071724e+02	5.210177e-01	-8.951544e-01	1.436434e+01	3.576779e+00	2.471383e+00	2.689541e-01	-5.759262e-01	2.004180e-01	9.889149e+00
9.756181e+01	5.340237e-01	-9.108401e-01	1.435928e+01	3.564292e+00	2.475024e+00	2.572473e-01	-5.830739e-01	2.030440e-01	9.911068e+00
1.059473e+02	5.343701e-01	-9.276485e-01	1.436689e+01	3.542421e+00	2.468705e+00	2.420009e-01	-5.938027e-01	2.043741e-01	9.924487e+00
9.757903e+01	5.605534e-01	-9.248056e-01	1.434355e+01	3.549093e+00	2.487603e+00	2.521977e-01	-6.060596e-01	1.982089e-01	9.935420e+00
9.623975e+01	5.726160e-01	-9.273519e-01	1.433635e+01	3.540526e+00	2.493316e+00	2.556452e-01	-6.154346e-01	1.939795e-01	9.940139e+00
9.287296e+01	6.063350e-01	-9.167364e-01	1.430203e+01	3.557942e+00	2.520279e+00	2.722373e-01	-6.293122e-01	1.854064e-01	9.944877e+00
9.488538e+01	6.384094e-01	-9.141827e-01	1.428049e+01	3.559579e+00	2.529909e+00	2.770454e-01	-6.406813e-01	1.804723e-01	9.954215e+00
9.039635e+01	6.330484e-01	-9.277689e-01	1.428398e+01	3.544097e+00	2.532141e+00	2.673580e-01	-6.532813e-01	1.678504e-01	9.967592e+00
1.037685e+02	6.213998e-01	-9.440659e-01	1.430008e+01	3.516681e+00	2.521692e+00	2.512639e-01	-6.642043e-01	1.593361e-01	9.973122e+00
9.637689e+01	6.317715e-01	-9.407877e-01	1.428478e+01	3.520839e+00	2.537105e+00	2.590693e-01	-6.740624e-01	1.516709e-01	9.975554e+00
9.459376e+01	6.488380e-01	-9.414507e-01	1.427279e+01	3.516378e+00	2.546128e+00	2.598811e-01	-6.948755e-01	1.447267e-01	9.982600e+00
8.988090e+01	6.670664e-01	-9.244272e-01	1.424621e+01	3.535204e+00	2.571599e+00	2.816632e-01	-7.094457e-01	1.404735e-01	9.979066e+00
8.703999e+01	6.407151e-01	-9.283263e-01	1.426166e+01	3.518204e+00	2.566620e+00	2.790686e-01	-7.215978e-01	1.351000e-01	9.972921e+00
8.380753e+01	6.416680e-01	-9.322866e-01	1.425824e+01	3.510903e+00	2.573174e+00	2.792499e-01	-7.391892e-01	1.101200e-01	9.983051e+00
8.058105e+01	6.312104e-01	-9.387228e-01	1.425985e+01	3.503127e+00	2.580356e+00	2.764032e-01	-7.607100e-01	7.307264e-02	9.990533e+00
7.910274e+01	6.338986e-01	-9.473673e-01	1.425882e+01	3.491037e+00	2.583097e+00	2.716500e-01	-7.879942e-01	2.705706e-02	1.000679e+01
7.291341e+01	6.518557e-01	-9.365442e-01	1.423555e+01	3.505185e+00	2.608529e+00	2.883492e-01	-8.077435e-01	-9.035319e-03	1.000517e+01
2.559520e+02	6.429711e-01	-9.504081e-01	1.425028e+01	3.475039e+00	2.596983e+00	2.677965e-01	-8.810444e-01	-1.286839e-01	1.005439e+01
9.552447e+01	6.735972e-01	-8.883142e-01	1.423275e+01	3.484931e+00	2.590640e+00	2.641976e-01	-7.646042e-01	-2.014110e-01	9.971217e+00
1.075744e+02	6.612360e-01	-8.754143e-01	1.425760e+01	3.453982e+00	2.562785e+00	2.341058e-01	-6.937407e-01	-2.383009e-01	9.941783e+00
1.148764e+02	6.404828e-01	-8.706222e-01	1.427997e+01	3.426779e+00	2.549197e+00	2.168078e-01	-6.540098e-01	-2.327222e-01	9.925029e+00
1.264895e+02	6.075411e-01	-8.805972e-01	1.430469e+01	3.397908e+00	2.541479e+00	1.984968e-01	-6.310167e-01	-2.116382e-01	9.933412e+00
1.243370e+02	5.818121e-01	-8.846987e-01	1.431031e+01	3.390690e+00	2.555315e+00	1.994806e-01	-6.228661e-01	-1.608173e-01	9.949975e+00
1.060559e+02	5.780780e-01	-8.748568e-01	1.429471e+01	3.400837e+00	2.587548e+00	2.212826e-01	-6.216681e-01	-1.023769e-01	9.955257e+00
9.958422e+01	5.510024e-01	-8.809719e-01	1.430080e+01	3.390828e+00	2.607366e+00	2.322938e-01	-6.270015e-01	-4.174081e-02	9.977167e+00
9.768484e+01	5.542198e-01	-8.795696e-01	1.428218e+01	3.399413e+00	2.637117e+00	2.459826e-01	-6.329880e-01	5.475570e-03	9.988245e+00
9.426620e+01	5.630837e-01	-8.869458e-01	1.425883e+01	3.407008e+00	2.669713e+00	2.485530e-01	-6.416380e-01	5.212425e-02	1.001040e+01
9.477916e+01	5.513146e-01	-9.029696e-01	1.426507e+01	3.389785e+00	2.675361e+00	2.405890e-01	-6.490939e-01	7.771879e-02	1.002540e+01
1.021499e+02	5.376540e-01	-9.155111e-01	1.427679e+01	3.366769e+00	2.674974e+00	2.375967e-01	-6.559101e-01	9.787580e-02	1.002820e+01
9.066564e+01	5.554225e-01	-9.076789e-01	1.425068e+01	3.378699e+00	2.700182e+00	2.550989e-01	-6.633279e-01	1.131072e-01	1.003066e+01
9.710112e+01	5.756773e-01	-8.946136e-01	1.422630e+01	3.391441e+00	2.721903e+00	2.774621e-01	-6.713148e-01	1.217274e-01	1.002296e+01
9.113164e+01	5.708935e-01	-9.162221e-01	1.423326e+01	3.368790e+00	2.720039e+00	2.563374e-01	-6.766377e-01	1.270361e-01	1.003866e+01
1.057557e+02	5.761710e-01	-9.298766e-01	1.423338e+01	3.351708e+00	2.720704e+00	2.408418e-01	-6.827060e-01	1.315249e-01	1.004903e+01
9.338623e+01	5.913271e-01	-9.254015e-01	1.421783e+01	3.355356e+00	2.736275e+00	2.544832e-01	-6.940430e-01	1.173968e-01	1.005230e+01
8.704209e+01	6.259210e-01	-9.135963e-01	1.418410e+01	3.368638e+00	2.761778e+00	2.734039e-01	-7.014626e-01	1.016918e-01	1.004626e+01
8.630066e+01	6.263675e-01	-9.131260e-01	1.417949e+01	3.364902e+00	2.770719e+00	2.820047e-01	-7.157633e-01	7.421572e-02	1.005126e+01
7.979881e+01	6.134811e-01	-9.298574e-01	1.418785e+01	3.347246e+00	2.772693e+00	2.713819e-01	-7.405761e-01	2.360624e-02	1.006516e+01
7.876717e+01	6.111117e-01	-9.374674e-01	1.418961e+01	3.334413e+00	2.774778e+00	2.691570e-01	-7.623587e-01	-2.343591e-02	1.007652e+01
7.022341e+01	6.127180e-01	-9.355358e-01	1.418397e+01	3.331073e+00	2.783239e+00	2.821259e-01	-7.895170e-01	-7.129614e-02	1.009423e+01
7.180848e+01	6.245818e-01	-9.336726e-01	1.417120e+01	3.331867e+00	2.794360e+00	2.861943e-01	-8.066007e-01	-1.063362e-01	1.010481e+01
7.719377e+01	6.308217e-01	-9.308160e-01	1.416307e+01	3.329727e+00	2.803665e+00	2.909166e-01	-8.194238e-01	-1.274198e-01	1.010504e+01
8.917243e+01	6.507611e-01	-9.079113e-01	1.414941e+01	3.336465e+00	2.804672e+00	2.984085e-01	-7.702037e-01	-4.099541e-02	1.002425e+01
9.084376e+01	6.422645e-01	-9.055419e-01	1.416624e+01	3.312627e+00	2.785300e+00	2.891939e-01	-7.409204e-01	9.037292e-03	9.970809e+00
9.653699e+01	6.156651e-01	-9.372876e-01	1.419980e+01	3.264895e+00	2.757865e+00	2.494621e-01	-7.310054e-01	2.791817e-02	9.964553e+00
1.117176e+02	6.237722e-01	-9.464319e-01	1.419460e+01	3.256457e+00	2.759637e+00	2.395347e-01	-7.298382e-01	3.663049e-02	9.964028e+00
8.388394e+01	6.404289e-01	-9.314100e-01	1.417035e+01	3.272975e+00	2.782874e+00	2.638223e-01	-7.387550e-01	3.457859e-02	9.957279e+00
7.912185e+01	6.421088e-01	-9.236969e-01	1.416544e+01	3.272316e+00	2.791169e+00	2.837168e-01	-7.499886e-01	2.614966e-02	9.960092e+00
8.949049e+01	6.578214e-01	-9.139203e-01	1.413932e+01	3.288042e+00	2.815771e+00	3.023604e-01	-7.687103e-01	4.450469e-03	9.963678e+00
7.288751e+01	6.397479e-01	-9.272100e-01	1.415628e+01	3.258163e+00	2.804908e+00	2.913679e-01	-7.899880e-01	-2.862263e-02	9.969457e+00
7.341224e+01	6.310656e-01	-9.432321e-01	1.416252e+01	3.239349e+00	2.803382e+00	2.789624e-01	-8.058538e-01	-5.146266e-02	9.987586e+00
7.259937e+01	6.262341e-01	-9.413477e-01	1.415703e+01	3.237357e+00	2.812148e+00	2.840736e-01	-8.181897e-01	-6.791221e-02	9.990152e+00
6.859788e+01	6.462512e-01	-9.312857e-01	1.413540e+01	3.246409e+00	2.826869e+00	2.880748e-01	-8.058253e-01	-6.881610e-02	9.968608e+00
6.970464e+01	6.637054e-01	-9.321943e-01	1.412555e+01	3.239781e+00	2.827570e+00	2.788217e-01	-8.009473e-01	-7.715790e-02	9.955200e+00
7.271381e+01	6.674419e-01	-9.386373e-01	1.411490e+01	3.240369e+00	2.841636e+00	2.765956e-01	-8.208316e-01	-1.126123e-01	9.970530e+00
7.498028e+01	6.739119e-01	-9.184575e-01	1.410386e+01	3.247785e+00	2.851865e+00	2.833912e-01	-7.868186e-01	-1.027570e-01	9.937284e+00
7.961769e+01	6.697414e-01	-9.142146e-01	1.409928e+01	3.247269e+00	2.861684e+00	2.835311e-01	-7.697361e-01	-9.478185e-02	9.929753e+00
7.565500e+01	6.493737e-01	-9.239751e-01	1.412389e+01	3.216429e+00	2.848580e+00	2.741050e-01	-7.648062e-01	-8.815608e-02	9.933039e+00
7.971383e+01	6.330946e-01	-9.352751e-01	1.413067e+01	3.203534e+00	2.852878e+00	2.644940e-01	-7.658148e-01	-8.514048e-02	9.948950e+00
7.446808e+01	6.312709e-01	-9.374556e-01	1.411990e+01	3.207044e+00	2.871915e+00	2.734140e-01	-7.798367e-01	-8.868608e-02	9.972207e+00
8.005250e+01	6.333261e-01	-9.366516e-01	1.410538e+01	3.212605e+00	2.892633e+00	2.780596e-01	-8.280447e-01	-1.415359e-01	1.001423e+01
7.354186e+01	6.225390e-01	-9.096346e-01	1.410413e+01	3.214865e+00	2.901658e+00	2.829045e-01	-7.908776e-01	-1.616180e-01	9.994470e+00
9.025692e+01	6.316565e-01	-8.926849e-01	1.409285e+01	3.215630e+00	2.910372e+00	2.853082e-01	-7.760504e-01	-1.694040e-01	9.983573e+00
8.875322e+01	6.391595e-01	-8.934612e-01	1.408247e+01	3.213044e+00	2.919863e+00	2.850081e-01	-7.776793e-01	-1.812899e-01	9.993805e+00
1.084271e+02	5.881450e-01	-9.394809e-01	1.413413e+01	3.148920e+00	2.888210e+00	2.332485e-01	-7.878718e-01	-1.848501e-01	1.001835e+01
1.232848e+02	5.701974e-01	-9.451470e-01	1.414175e+01	3.135563e+00	2.892465e+00	2.298522e-01	-7.968835e-01	-1.823677e-01	1.002161e+01
8.242144e+01	5.975803e-01	-8.967094e-01	1.410399e+01	3.170404e+00	2.923870e+00	2.660687e-01	-7.497760e-01	-1.524433e-01	9.959582e+00
9.607200e+01	5.887467e-01	-8.826842e-01	1.410519e+01	3.166459e+00	2.927417e+00	2.668935e-01	-7.230276e-01	-1.266233e-01	9.924188e+00
9.165322e+01	5.865575e-01	-8.883346e-01	1.409956e+01	3.160567e+00	2.939303e+00	2.639531e-01	-7.136202e-01	-1.022480e-01	9.925460e+00
1.184256e+02	5.560057e-01	-9.298160e-01	1.413199e+01	3.114472e+00	2.925222e+00	2.258807e-01	-7.083169e-01	-9.055661e-02	9.952939e+00
1.194514e+02	5.672887e-01	-9.379650e-01	1.410590e+01	3.122639e+00	2.952079e+00	2.277516e-01	-7.175074e-01	-6.381659e-02	9.967172e+00
2.790148e+02	-4.280000e-01	-9.442857e-01	1.285657e+01	3.919333e+00	1.633333e+00	3.513333e-01	-6.364762e-01	-5.280000e-01	8.096571e+00
3.163561e+02	-5.503716e-01	-1.066657e+00	1.297894e+01	3.796962e+00	1.510962e+00	2.289618e-01	-7.588478e-01	-4.056284e-01	8.218943e+00
1.357536e+02	-4.694684e-01	-9.763102e-01	1.288111e+01	3.885656e+00	1.619742e+00	3.398967e-01	-8.727537e-01	-2.947444e-01	8.336911e+00
1.217961e+02	-5.093972e-01	-1.012345e+00	1.294912e+01	3.823657e+00	1.552160e+00	3.094188e-01	-8.786347e-01	-2.892199e-01	8.338697e+00
1.099891e+02	-4.345115e-01	-1.003334e+00	1.291247e+01	3.836552e+00	1.591389e+00	3.181113e-01	-8.869195e-01	-2.841518e-01	8.351036e+00
1.120323e+02	-3.632124e-01	-9.913887e-01	1.288379e+01	3.838431e+00	1.620320e+00	3.304451e-01	-8.930113e-01	-2.790298e-01	8.355563e+00
1.247311e+02	-3.676366e-01	-1.032184e+00	1.292842e+01	3.786808e+00	1.575761e+00	2.999844e-01	-8.810661e-01	-2.884683e-01	8.359991e+00
1.233733e+02	-2.533216e-01	-9.853109e-01	1.284551e+01	3.833675e+00	1.643039e+00	3.346825e-01	-8.742948e-01	-2.934655e-01	8.352060e+00
2.798080e+02	-3.153942e-01	-1.097979e+00	1.294862e+01	3.717299e+00	1.556719e+00	2.418670e-01	-9.081749e-01	-2.703636e-01	8.399313e+00
1.624676e+03	-1.999921e-01	-9.895856e-01	1.282935e+01	3.827789e+00	1.653432e+00	3.494936e-01	-1.135899e+00	-2.309692e-01	8.639190e+00
2.507023e+02	-2.406747e-01	-1.069761e+00	1.294632e+01	3.690756e+00	1.521828e+00	2.331320e-01	-9.450243e-01	-3.815627e-01	8.524986e+00
9.990649e+01	-1.311342e-01	-9.980011e-01	1.285493e+01	3.755644e+00	1.591342e+00	2.933607e-01	-9.465040e-01	-3.751723e-01	8.520194e+00
1.353002e+02	-8.020229e-02	-9.715052e-01	1.281776e+01	3.779218e+00	1.623147e+00	3.320394e-01	-9.670743e-01	-3.375315e-01	8.540815e+00
3.704048e+02	-2.005480e-01	-1.085459e+00	1.298565e+01	3.619545e+00	1.482583e+00	2.618380e-01	-9.990328e-01	-3.048562e-01	8.604277e+00
6.515678e+02	4.050312e-02	-7.910862e-01	1.286726e+01	3.771710e+00	1.380488e+00	2.053194e-01	-6.810985e-01	-6.230634e-01	8.285080e+00
8.350367e+02	-2.258130e-01	-9.576109e-01	1.314044e+01	3.521153e+00	1.150562e+00	-1.282129e-02	-6.776489e-01	-6.266005e-01	8.293988e+00
3.858118e+02	-2.015031e-01	-9.070255e-01	1.306481e+01	3.589536e+00	1.294115e+00	1.191516e-01	-6.840829e-01	-6.071082e-01	8.349840e+00
2.601395e+02	-2.095933e-01	-8.809926e-01	1.298266e+01	3.658571e+00	1.478979e+00	2.465357e-01	-7.085834e-01	-5.401345e-01	8.389154e+00
2.906962e+02	-2.718571e-01	-9.426611e-01	1.305325e+01	3.567322e+00	1.422348e+00	1.749910e-01	-7.127694e-01	-5.299781e-01	8.395985e+00
2.099868e+02	-2.665551e-01	-9.124909e-01	1.300424e+01	3.608180e+00	1.514726e+00	2.760361e-01	-7.262531e-01	-4.951784e-01	8.406959e+00
1.956482e+02	-2.619719e-01	-9.555899e-01	1.299484e+01	3.592565e+00	1.541362e+00	2.349462e-01	-7.357323e-01	-4.752199e-01	8.420394e+00
1.905058e+02	-2.462975e-01	-9.335497e-01	1.297746e+01	3.609735e+00	1.566895e+00	2.967807e-01	-7.391223e-01	-4.675642e-01	8.423182e+00
1.617482e+02	-2.430788e-01	-9.540901e-01	1.297106e+01	3.594508e+00	1.590747e+00	2.878927e-01	-7.510179e-01	-4.472472e-01	8.431334e+00
1.473797e+02	-2.286710e-01	-9.637134e-01	1.295376e+01	3.594667e+00	1.620849e+00	3.038144e-01	-7.605289e-01	-4.288526e-01	8.443214e+00
1.396978e+02	-2.497251e-01	-9.993908e-01	1.297544e+01	3.557406e+00	1.623982e+00	2.813026e-01	-7.818225e-01	-3.906136e-01	8.465781e+00
1.304106e+02	-2.527472e-01	-9.817689e-01	1.296093e+01	3.576382e+00	1.654994e+00	3.522732e-01	-8.003839e-01	-3.571184e-01	8.481134e+00
1.094691e+02	-2.107362e-01	-9.984548e-01	1.293632e+01	3.570535e+00	1.676589e+00	3.346723e-01	-8.038995e-01	-3.521267e-01	8.485416e+00
1.041192e+02	-1.953457e-01	-1.011095e+00	1.293252e+01	3.555991e+00	1.682643e+00	3.313524e-01	-8.094948e-01	-3.432632e-01	8.489499e+00
1.024493e+02	-1.818163e-01	-1.016333e+00	1.293234e+01	3.540626e+00	1.684291e+00	3.290094e-01	-8.172586e-01	-3.321079e-01	8.495343e+00
1.087992e+02	-1.820536e-01	-1.030111e+00	1.295213e+01	3.506618e+00	1.666293e+00	3.222038e-01	-8.270593e-01	-3.178992e-01	8.501851e+00
1.199545e+02	-1.284468e-01	-1.000926e+00	1.289787e+01	3.549426e+00	1.712068e+00	3.692805e-01	-8.272967e-01	-3.174760e-01	8.501318e+00
1.178081e+02	-1.364592e-01	-1.038580e+00	1.293534e+01	3.487685e+00	1.676082e+00	3.098748e-01	-8.283926e-01	-3.159552e-01	8.502764e+00
1.102836e+02	-9.739459e-02	-1.009992e+00	1.289149e+01	3.520041e+00	1.711841e+00	3.716780e-01	-8.339458e-01	-3.076517e-01	8.505699e+00
9.781899e+01	-8.643855e-02	-1.039367e+00	1.290234e+01	3.483031e+00	1.698935e+00	3.325979e-01	-8.367847e-01	-3.042578e-01	8.509047e+00
9.387098e+01	-6.896926e-02	-1.024221e+00	1.290129e+01	3.476855e+00	1.698485e+00	3.620028e-01	-8.376351e-01	-3.027341e-01	8.508579e+00
9.959518e+01	-3.830038e-02	-1.017801e+00	1.288575e+01	3.477526e+00	1.704750e+00	3.685384e-01	-8.383625e-01	-3.014159e-01	8.508245e+00
1.670498e+02	-6.961107e-02	-1.069855e+00	1.295588e+01	3.386715e+00	1.653092e+00	2.918336e-01	-8.404214e-01	-2.989760e-01	8.510992e+00
8.804590e+01	1.238518e-03	-1.031450e+00	1.287004e+01	3.458956e+00	1.716304e+00	3.531235e-01	-8.425628e-01	-2.959736e-01	8.511507e+00
1.123203e+02	-3.367992e-02	-1.054400e+00	1.294162e+01	3.379906e+00	1.657051e+00	3.245803e-01	-8.431291e-01	-2.949003e-01	8.511849e+00
1.101501e+02	-1.177385e-02	-1.017799e+00	1.291465e+01	3.417117e+00	1.672931e+00	3.948384e-01	-8.501561e-01	-2.935702e-01	8.511388e+00
1.222807e+02	-6.636026e-03	-1.060973e+00	1.295055e+01	3.342974e+00	1.640199e+00	3.191508e-01	-8.511959e-01	-2.925957e-01	8.512483e+00
1.965222e+02	4.507449e-02	-1.001631e+00	1.288645e+01	3.411857e+00	1.685126e+00	4.344698e-01	-8.616201e-01	-2.826260e-01	8.521008e+00
2.608824e+02	-7.257601e-02	-1.118090e+00	1.307140e+01	3.196568e+00	1.541270e+00	2.944653e-01	-8.611307e-01	-2.828757e-01	8.523997e+00
8.306965e+01	-1.845338e-03	-1.056197e+00	1.298987e+01	3.272978e+00	1.595713e+00	4.007182e-01	-8.675483e-01	-2.787526e-01	8.529737e+00
8.211634e+01	2.102459e-02	-1.053240e+00	1.297663e+01	3.268829e+00	1.601513e+00	4.039516e-01	-8.728741e-01	-2.754392e-01	8.533003e+00
8.528940e+01	5.589592e-02	-1.050270e+00	1.294224e+01	3.288067e+00	1.624542e+00	4.167297e-01	-8.874383e-01	-2.666214e-01	8.543445e+00
1.620820e+02	5.326546e-02	-1.099710e+00	1.298431e+01	3.208650e+00	1.578156e+00	3.254546e-01	-8.767963e-01	-2.768778e-01	8.539955e+00
8.074660e+01	1.030321e-01	-1.051952e+00	1.291425e+01	3.278288e+00	1.628109e+00	4.103887e-01	-8.972475e-01	-2.610263e-01	8.556542e+00
1.260393e+02	1.163786e-01	-1.089436e+00	1.293497e+01	3.228810e+00	1.597707e+00	3.357643e-01	-8.810048e-01	-2.739900e-01	8.549993e+00
7.420992e+01	1.532002e-01	-1.056803e+00	1.288639e+01	3.267639e+00	1.631870e+00	3.783608e-01	-8.833552e-01	-2.723644e-01	8.550656e+00
8.436225e+01	1.729496e-01	-1.037729e+00	1.287681e+01	3.272469e+00	1.627010e+00	3.969502e-01	-8.792387e-01	-2.782195e-01	8.548665e+00
9.875163e+01	1.143061e-01	-1.082251e+00	1.295814e+01	3.203624e+00	1.583126e+00	3.644512e-01	-8.876893e-01	-2.729050e-01	8.555637e+00
9.537436e+01	1.802212e-01	-1.026132e+00	1.289099e+01	3.256810e+00	1.609859e+00	3.916128e-01	-8.424073e-01	-3.077497e-01	8.521865e+00
1.430199e+02	1.189399e-01	-1.076831e+00	1.298717e+01	3.147383e+00	1.545700e+00	3.251736e-01	-8.443718e-01	-3.047705e-01	8.523659e+00
1.065857e+02	1.780771e-01	-1.023169e+00	1.290671e+01	3.219536e+00	1.599743e+00	4.108415e-01	-8.561650e-01	-2.924639e-01	8.532389e+00
7.902719e+01	1.558148e-01	-1.050500e+00	1.294044e+01	3.177873e+00	1.586161e+00	3.837837e-01	-8.570150e-01	-2.909537e-01	8.534197e+00
8.679326e+01	1.562657e-01	-1.060374e+00	1.295009e+01	3.156723e+00	1.571517e+00	3.651241e-01	-8.615538e-01	-2.890221e-01	8.538513e+00
1.168374e+02	2.021481e-01	-1.028064e+00	1.289305e+01	3.197383e+00	1.603447e+00	4.307947e-01	-8.810886e-01	-2.730051e-01	8.553808e+00
1.158695e+02	1.205742e-01	-1.086519e+00	1.299443e+01	3.091699e+00	1.545450e+00	3.582196e-01	-8.779706e-01	-2.765853e-01	8.554547e+00
1.018645e+02	1.904844e-01	-1.036396e+00	1.290406e+01	3.157092e+00	1.593879e+00	4.302314e-01	-8.789429e-01	-2.787264e-01	8.555688e+00
2.902754e+02	1.028995e-01	-1.130112e+00	1.302269e+01	3.023762e+00	1.517853e+00	3.106160e-01	-8.969196e-01	-2.709918e-01	8.570214e+00
4.626664e+02	2.370386e-01	-8.369832e-01	1.292120e+01	3.158978e+00	1.466421e+00	2.260105e-01	-4.903945e-01	-6.340333e-01	8.206305e+00
5.012210e+02	-2.433960e-02	-9.392583e-01	1.310002e+01	3.018571e+00	1.534202e+00	1.228983e-01	-4.967380e-01	-6.078677e-01	8.218555e+00
3.387972e+02	-5.468571e-01	-1.209429e+00	1.068057e+01	2.970000e+00	1.356000e+00	2.736190e-01	-6.562857e-01	5.325714e-01	9.349143e+00
2.573067e+02	-4.244856e-01	-1.087057e+00	1.055820e+01	3.092372e+00	1.478372e+00	3.959906e-01	-7.786573e-01	4.101998e-01	9.226771e+00
2.569357e+02	-5.406939e-01	-1.187752e+00	1.067580e+01	2.991125e+00	1.359405e+00	3.033480e-01	-8.295064e-01	3.714096e-01	9.304543e+00
1.508398e+02	-5.248552e-01	-1.105031e+00	1.066831e+01	3.054195e+00	1.360727e+00	4.082783e-01	-6.776833e-01	4.898672e-01	9.209605e+00
1.339187e+02	-5.443099e-01	-1.112395e+00	1.069605e+01	3.038448e+00	1.326157e+00	4.064971e-01	-7.978754e-01	3.485047e-01	9.204543e+00
3.030377e+02	-6.371022e-01	-1.202696e+00	1.081110e+01	2.900681e+00	1.204580e+00	3.185634e-01	-7.872152e-01	3.499668e-01	9.189472e+00
1.450708e+02	-5.861770e-01	-1.089730e+00	1.077342e+01	2.970820e+00	1.245274e+00	4.580793e-01	-8.434305e-01	2.174058e-01	9.138869e+00
3.351773e+02	-5.874420e-01	-1.167080e+00	1.080463e+01	2.900058e+00	1.210851e+00	3.803398e-01	-8.492698e-01	7.860471e-02	9.218056e+00
1.462734e+03	-4.568998e-01	-9.508820e-01	1.069052e+01	3.096174e+00	1.263519e+00	5.772619e-01	-6.207826e-01	3.067263e-01	8.989997e+00
1.268211e+02	-6.752179e-01	-1.109554e+00	1.090001e+01	2.903410e+00	1.037586e+00	4.042926e-01	-6.106590e-01	3.144637e-01	9.021519e+00
1.255878e+02	-6.780805e-01	-1.110469e+00	1.090968e+01	2.892112e+00	1.031419e+00	4.110311e-01	-6.123208e-01	3.123169e-01	9.023822e+00
1.164654e+02	-6.623848e-01	-1.101077e+00	1.090353e+01	2.894460e+00	1.042743e+00	4.272719e-01	-6.145489e-01	3.095045e-01	9.023812e+00
1.155660e+02	-6.514239e-01	-1.101282e+00	1.090432e+01	2.888031e+00	1.041381e+00	4.237306e-01	-6.148611e-01	3.091775e-01	9.023466e+00
1.137106e+02	-6.374151e-01	-1.094805e+00	1.090090e+01	2.887612e+00	1.047070e+00	4.334879e-01	-6.147334e-01	3.093520e-01	9.023109e+00
1.129298e+02	-6.275031e-01	-1.101319e+00	1.090474e+01	2.876756e+00	1.043810e+00	4.229053e-01	-6.167979e-01	3.085286e-01	9.023298e+00
1.105071e+02	-6.073960e-01	-1.093968e+00	1.089869e+01	2.874635e+00	1.052213e+00	4.286605e-01	-6.165309e-01	3.087694e-01	9.019657e+00
1.100210e+02	-6.033277e-01	-1.099614e+00	1.090672e+01	2.863816e+00	1.044259e+00	4.234194e-01	-6.199910e-01	3.077840e-01	9.022217e+00
1.084546e+02	-5.817285e-01	-1.092551e+00	1.089893e+01	2.864020e+00	1.053554e+00	4.291380e-01	-6.206224e-01	3.075198e-01	9.020027e+00
1.095385e+02	-5.834383e-01	-1.103694e+00	1.091573e+01	2.840820e+00	1.035972e+00	4.165924e-01	-6.245114e-01	3.069100e-01	9.025218e+00
1.094617e+02	-5.581362e-01	-1.088200e+00	1.090419e+01	2.845950e+00	1.050050e+00	4.391748e-01	-6.281658e-01	3.029937e-01	9.024168e+00
1.172419e+02	-5.664065e-01	-1.114110e+00	1.092755e+01	2.812645e+00	1.023593e+00	4.026928e-01	-6.284952e-01	3.027738e-01	9.028939e+00
1.059279e+02	-5.451014e-01	-1.091619e+00	1.091613e+01	2.821151e+00	1.038921e+00	4.370449e-01	-6.302217e-01	3.005218e-01	9.025021e+00
1.034853e+02	-5.407177e-01	-1.101182e+00	1.092983e+01	2.798519e+00	1.020325e+00	4.269240e-01	-6.304814e-01	3.002676e-01	9.029008e+00
1.030880e+02	-5.386754e-01	-1.099893e+00	1.094168e+01	2.784977e+00	1.006931e+00	4.296858e-01	-6.303987e-01	3.002039e-01	9.027914e+00
1.013347e+02	-5.146822e-01	-1.102697e+00	1.093554e+01	2.776544e+00	1.015622e+00	4.235378e-01	-6.337195e-01	2.963541e-01	9.030187e+00
9.987246e+01	-4.989227e-01	-1.103490e+00	1.093502e+01	2.767840e+00	1.015106e+00	4.255188e-01	-6.343144e-01	2.957827e-01	9.032763e+00
9.818953e+01	-4.863879e-01	-1.099029e+00	1.093911e+01	2.756759e+00	1.012126e+00	4.282392e-01	-6.368331e-01	2.926245e-01	9.029896e+00
9.699432e+01	-4.652153e-01	-1.100624e+00	1.093506e+01	2.745792e+00	1.016694e+00	4.204167e-01	-6.375787e-01	2.920922e-01	9.028830e+00
9.619041e+01	-4.634756e-01	-1.100838e+00	1.094876e+01	2.728956e+00	1.001114e+00	4.252986e-01	-6.399750e-01	2.889962e-01	9.030650e+00
9.626108e+01	-4.681809e-01	-1.100065e+00	1.096950e+01	2.704544e+00	9.785476e-01	4.244620e-01	-6.435192e-01	2.850949e-01	9.029078e+00
9.375128e+01	-4.378238e-01	-1.098467e+00	1.095597e+01	2.702758e+00	9.920165e-01	4.282067e-01	-6.428678e-01	2.854624e-01	9.030885e+00
9.493156e+01	-4.229006e-01	-1.091461e+00	1.095100e+01	2.703933e+00	9.944389e-01	4.371061e-01	-6.461505e-01	2.817647e-01	9.031482e+00
1.024348e+02	-4.253156e-01	-1.112824e+00	1.098113e+01	2.659464e+00	9.673032e-01	4.064281e-01	-6.458660e-01	2.819581e-01	9.033689e+00
9.577550e+01	-3.943719e-01	-1.088830e+00	1.096502e+01	2.666373e+00	9.845533e-01	4.451153e-01	-6.465352e-01	2.806349e-01	9.030222e+00
9.903699e+01	-4.106871e-01	-1.113415e+00	1.100564e+01	2.618829e+00	9.458357e-01	4.150617e-01	-6.467440e-01	2.803784e-01	9.034505e+00
9.067317e+01	-4.077806e-01	-1.101337e+00	1.101954e+01	2.602001e+00	9.302577e-01	4.332003e-01	-6.473661e-01	2.789992e-01	9.030007e+00
9.720223e+01	-3.691965e-01	-1.086197e+00	1.099308e+01	2.613160e+00	9.550188e-01	4.553716e-01	-6.474492e-01	2.789055e-01	9.029809e+00
1.248416e+02	-3.938139e-01	-1.126582e+00	1.104352e+01	2.542860e+00	9.034240e-01	3.938162e-01	-6.478935e-01	2.784645e-01	9.033564e+00
8.990003e+01	-3.605684e-01	-1.090536e+00	1.102151e+01	2.559550e+00	9.238114e-01	4.504834e-01	-6.477220e-01	2.777731e-01	9.028111e+00
9.692994e+01	-3.496998e-01	-1.113935e+00	1.102890e+01	2.534331e+00	9.133603e-01	4.127015e-01	-6.484273e-01	2.774197e-01	9.032819e+00
8.689554e+01	-3.294220e-01	-1.103668e+00	1.102017e+01	2.531486e+00	9.226643e-01	4.256133e-01	-6.489855e-01	2.759637e-01	9.030718e+00
9.601390e+01	-3.093382e-01	-1.082913e+00	1.100426e+01	2.543132e+00	9.349521e-01	4.548560e-01	-6.477011e-01	2.765217e-01	9.027402e+00
1.526762e+02	-3.307468e-01	-1.138058e+00	1.105746e+01	2.473830e+00	8.897783e-01	3.740118e-01	-6.528095e-01	2.711346e-01	9.038073e+00
1.046551e+02	-2.779378e-01	-1.079683e+00	1.100787e+01	2.512781e+00	9.310743e-01	4.644499e-01	-6.519673e-01	2.705363e-01	9.029008e+00
1.064520e+02	-3.141723e-01	-1.122110e+00	1.105645e+01	2.456943e+00	8.890000e-01	4.062134e-01	-6.531469e-01	2.697835e-01	9.034936e+00
8.709076e+01	-2.895592e-01	-1.092627e+00	1.103679e+01	2.467784e+00	9.043224e-01	4.544325e-01	-6.532217e-01	2.698798e-01	9.032901e+00
9.000320e+01	-2.880550e-01	-1.087060e+00	1.104462e+01	2.454339e+00	8.959450e-01	4.590056e-01	-6.554803e-01	2.666852e-01	9.028993e+00
1.175995e+02	-3.168256e-01	-1.128828e+00	1.108337e+01	2.408699e+00	8.613930e-01	4.046867e-01	-6.585201e-01	2.630128e-01	9.039055e+00
8.621570e+01	-2.749979e-01	-1.106174e+00	1.105353e+01	2.419389e+00	8.819150e-01	4.274360e-01	-6.577889e-01	2.633812e-01	9.033075e+00
9.088536e+01	-2.469571e-01	-1.085798e+00	1.103238e+01	2.428093e+00	8.948008e-01	4.547476e-01	-6.554144e-01	2.645476e-01	9.029284e+00
8.699143e+01	-2.756961e-01	-1.108262e+00	1.107398e+01	2.385046e+00	8.641570e-01	4.303429e-01	-6.594565e-01	2.605485e-01	9.036443e+00
8.287737e+01	-2.664411e-01	-1.099004e+00	1.106532e+01	2.390466e+00	8.683709e-01	4.421524e-01	-6.592963e-01	2.607830e-01	9.034473e+00
8.289590e+01	-2.590147e-01	-1.094790e+00	1.106742e+01	2.372900e+00	8.651116e-01	4.452053e-01	-6.601535e-01	2.588765e-01	9.033461e+00
8.327842e+01	-2.453339e-01	-1.096745e+00	1.105892e+01	2.374481e+00	8.674980e-01	4.383307e-01	-6.581033e-01	2.597943e-01	9.034291e+00
8.560088e+01	-2.581448e-01	-1.103165e+00	1.107964e+01	2.344672e+00	8.543882e-01	4.301950e-01	-6.610971e-01	2.571294e-01	9.035290e+00
9.531143e+01	-2.387298e-01	-1.079939e+00	1.106736e+01	2.352976e+00	8.608791e-01	4.661806e-01	-6.595588e-01	2.577892e-01	9.033202e+00
1.296188e+02	-2.722556e-01	-1.127885e+00	1.110404e+01	2.299239e+00	8.320766e-01	3.932787e-01	-6.635845e-01	2.535179e-01	9.040383e+00
2.667965e+03	9.891429e-01	-7.248571e-01	1.298457e+01	3.460667e+00	1.292000e+00	1.639048e-01	-7.705714e-01	6.651429e-01	8.242857e+00
7.156626e+02	8.667713e-01	-8.472287e-01	1.310694e+01	3.338295e+00	1.414372e+00	4.153318e-02	-6.481998e-01	5.427713e-01	8.365229e+00
3.406273e+02	8.030676e-01	-9.067818e-01	1.317235e+01	3.275731e+00	1.474172e+00	1.396118e-01	-7.694341e-01	4.166502e-01	8.473052e+00
1.950003e+02	7.605983e-01	-9.371589e-01	1.321591e+01	3.244693e+00	1.513659e+00	2.407546e-01	-8.239868e-01	3.748039e-01	8.540760e+00
1.658478e+02	7.407705e-01	-9.514687e-01	1.323648e+01	3.230687e+00	1.531227e+00	2.908852e-01	-8.445560e-01	3.146152e-01	8.576834e+00
1.597058e+02	7.289376e-01	-9.609552e-01	1.324895e+01	3.222246e+00	1.540734e+00	3.213895e-01	-8.519448e-01	2.944716e-01	8.600266e+00
1.310282e+02	7.163526e-01	-9.813898e-01	1.326468e+01	3.204249e+00	1.545108e+00	2.941119e-01	-8.389611e-01	2.781641e-01	8.638929e+00
1.308000e+02	7.054115e-01	-9.945481e-01	1.327758e+01	3.192626e+00	1.550692e+00	2.838305e-01	-8.360261e-01	2.634266e-01	8.661930e+00
1.117510e+02	6.986603e-01	-9.979846e-01	1.328478e+01	3.190057e+00	1.555036e+00	3.118681e-01	-8.524290e-01	1.286304e-01	8.691104e+00
1.025693e+02	6.941920e-01	-1.000122e+00	1.329010e+01	3.185906e+00	1.556523e+00	3.415252e-01	-9.228423e-01	-3.177891e-02	8.735797e+00
9.961429e+01	6.871829e-01	-1.005475e+00	1.329718e+01	3.183931e+00	1.561172e+00	3.431606e-01	-8.539726e-01	-1.016985e-01	8.716853e+00
9.311420e+01	6.825511e-01	-1.014718e+00	1.330238e+01	3.179649e+00	1.563782e+00	3.387783e-01	-8.913480e-01	-8.826972e-02	8.793152e+00
2.618266e+02	6.759437e-01	-1.025916e+00	1.330916e+01	3.175379e+00	1.568235e+00	3.412789e-01	-9.564952e-01	-6.306704e-02	8.940602e+00
1.299308e+02	6.698324e-01	-9.855069e-01	1.331398e+01	3.191482e+00	1.571744e+00	3.664590e-01	-7.674135e-01	-6.133843e-02	8.766113e+00
1.324139e+02	6.663311e-01	-9.780757e-01	1.331824e+01	3.189716e+00	1.571299e+00	3.530886e-01	-6.919345e-01	-4.981080e-02	8.700067e+00
1.150807e+02	6.620976e-01	-9.856781e-01	1.332432e+01	3.181141e+00	1.570496e+00	3.336982e-01	-6.629550e-01	4.100423e-02	8.681148e+00
1.110986e+02	6.549685e-01	-9.971884e-01	1.333238e+01	3.172216e+00	1.572968e+00	3.108649e-01	-6.555354e-01	1.049503e-01	8.678960e+00
1.102443e+02	6.492056e-01	-1.004395e+00	1.333872e+01	3.166866e+00	1.576468e+00	3.107595e-01	-6.584175e-01	1.759674e-01	8.682287e+00
1.024047e+02	6.439208e-01	-1.004595e+00	1.334309e+01	3.169322e+00	1.581887e+00	3.458567e-01	-6.598019e-01	2.063892e-01	8.686534e+00
9.979182e+01	6.391119e-01	-1.012038e+00	1.334727e+01	3.169985e+00	1.586426e+00	3.457466e-01	-6.611209e-01	2.281150e-01	8.693700e+00
9.773882e+01	6.343932e-01	-1.016149e+00	1.335177e+01	3.167769e+00	1.589796e+00	3.568900e-01	-6.656355e-01	1.825884e-01	8.698811e+00
9.698267e+01	6.317664e-01	-1.019967e+00	1.335402e+01	3.166052e+00	1.592341e+00	3.681469e-01	-6.708192e-01	1.296013e-01	8.706250e+00
9.616786e+01	6.267329e-01	-1.028674e+00	1.335921e+01	3.163441e+00	1.595541e+00	3.527305e-01	-6.732314e-01	1.158944e-01	8.711374e+00
9.417870e+01	6.216670e-01	-1.032696e+00	1.336291e+01	3.166742e+00	1.602219e+00	3.621553e-01	-6.746961e-01	1.213763e-01	8.716015e+00
9.308565e+01	6.190279e-01	-1.034176e+00	1.336515e+01	3.167881e+00	1.604673e+00	3.700864e-01	-6.768765e-01	1.049263e-01	8.719395e+00
1.067636e+02	6.155675e-01	-1.045162e+00	1.336828e+01	3.164391e+00	1.607861e+00	3.396733e-01	-6.789688e-01	7.958513e-02	8.724320e+00
1.013178e+02	6.137743e-01	-1.032958e+00	1.336817e+01	3.175774e+00	1.613078e+00	4.065033e-01	-6.804733e-01	8.444720e-02	8.725661e+00
1.226441e+02	6.129885e-01	-1.031595e+00	1.336785e+01	3.179756e+00	1.615926e+00	4.329122e-01	-6.816858e-01	9.620780e-02	8.730511e+00
1.239594e+02	6.080678e-01	-1.060251e+00	1.337468e+01	3.165969e+00	1.614850e+00	3.315206e-01	-6.832090e-01	7.128587e-02	8.737551e+00
1.205504e+02	6.071826e-01	-1.060411e+00	1.337468e+01	3.171074e+00	1.617697e+00	3.350986e-01	-6.841552e-01	5.538494e-02	8.738936e+00
9.111353e+01	6.049061e-01	-1.048579e+00	1.337386e+01	3.185298e+00	1.625649e+00	3.949632e-01	-6.844945e-01	4.831957e-02	8.739610e+00
9.913557e+01	6.004488e-01	-1.045676e+00	1.337779e+01	3.188122e+00	1.629641e+00	4.193332e-01	-6.830759e-01	2.774777e-02	8.739840e+00
9.595406e+01	5.991079e-01	-1.059883e+00	1.337818e+01	3.187682e+00	1.632253e+00	3.720292e-01	-6.847403e-01	2.660060e-02	8.746297e+00
1.004276e+02	5.963524e-01	-1.062833e+00	1.337958e+01	3.191248e+00	1.636677e+00	3.646754e-01	-6.852804e-01	3.727709e-03	8.748524e+00
9.154656e+01	5.962611e-01	-1.052993e+00	1.337678e+01	3.203553e+00	1.642462e+00	4.065453e-01	-6.862313e-01	1.482975e-02	8.750351e+00
9.036812e+01	5.925711e-01	-1.057121e+00	1.337913e+01	3.206638e+00	1.647431e+00	4.047593e-01	-6.885559e-01	2.968518e-02	8.755169e+00
8.979386e+01	5.921873e-01	-1.059274e+00	1.337862e+01	3.209094e+00	1.649451e+00	3.979043e-01	-6.875668e-01	1.402516e-02	8.757421e+00
9.982480e+01	5.907675e-01	-1.069702e+00	1.337965e+01	3.207822e+00	1.650806e+00	3.700906e-01	-6.889060e-01	1.877388e-02	8.765053e+00
8.957271e+01	5.898997e-01	-1.064850e+00	1.337813e+01	3.216567e+00	1.656300e+00	3.912339e-01	-6.998572e-01	-4.961646e-02	8.775821e+00
8.790424e+01	5.864509e-01	-1.064006e+00	1.338077e+01	3.218244e+00	1.660070e+00	4.118336e-01	-7.159541e-01	-7.266394e-02	8.791465e+00
8.760699e+01	5.861754e-01	-1.065871e+00	1.337921e+01	3.223940e+00	1.664592e+00	4.191385e-01	-7.247839e-01	-1.009479e-01	8.803618e+00
9.230678e+01	5.842175e-01	-1.078366e+00	1.338103e+01	3.220431e+00	1.665921e+00	3.863859e-01	-7.272727e-01	-1.347789e-01	8.813924e+00
8.443392e+01	5.837714e-01	-1.075051e+00	1.337910e+01	3.228743e+00	1.671339e+00	4.112615e-01	-7.441489e-01	-3.948004e-02	8.834883e+00
8.207023e+01	5.844582e-01	-1.078476e+00	1.337688e+01	3.233088e+00	1.674437e+00	4.091068e-01	-7.667489e-01	-8.383265e-02	8.861449e+00
7.878261e+01	5.824965e-01	-1.079894e+00	1.337714e+01	3.238106e+00	1.679522e+00	4.222994e-01	-7.900970e-01	-1.838196e-01	8.887995e+00
7.831577e+01	5.812035e-01	-1.089586e+00	1.337785e+01	3.235765e+00	1.682011e+00	4.101339e-01	-8.144329e-01	-2.450580e-01	8.923904e+00
7.649905e+01	5.802223e-01	-1.084015e+00	1.337663e+01	3.245349e+00	1.687427e+00	4.301081e-01	-8.254395e-01	-2.409219e-01	8.936134e+00
