# loss | a0 ... a5
3.762587e+03	-3.000000e+00	-2.306667e+00	-2.774400e+00	1.973333e+00	2.673333e+00	-2.257956e+00
4.740763e+03	-3.000000e+00	-6.000000e-01	-1.544773e+00	1.333333e+00	2.720000e+00	-1.667736e+00
1.034904e+04	-3.000000e+00	-6.000000e-01	-3.889241e-01	2.560000e+00	2.906667e+00	-3.889241e-01
5.662973e+03	-3.000000e+00	-3.866667e-01	-7.578121e-01	5.066667e-01	8.766667e-01	-9.299598e-01
2.370939e+03	-3.000000e+00	5.200000e-01	-1.921839e-01	3.066667e+00	1.343333e+00	-3.151465e-01
1.193635e+04	-2.976667e+00	-1.773333e+00	-1.913661e+00	2.853333e+00	1.133333e+00	3.242592e-01
8.209474e+03	-2.976667e+00	-1.346667e+00	-3.889241e-01	2.800000e+00	7.133333e-01	4.472219e-01
9.402608e+03	-2.976667e+00	-1.266667e+00	-1.028330e+00	2.800000e+00	2.416667e+00	-6.840345e-01
3.953993e+03	-2.976667e+00	2.266667e-01	2.258891e-01	3.760000e+00	3.166667e-01	4.964069e-01
7.674477e+03	-2.976667e+00	8.933333e-01	-2.676029e+00	1.066667e+00	2.906667e+00	-1.962846e+00
1.427796e+04	-2.953333e+00	-2.573333e+00	1.029265e-01	3.946667e+00	8.333333e-02	-1.766106e+00
6.451352e+03	-2.953333e+00	-2.093333e+00	-2.848177e+00	2.506667e+00	2.486667e+00	-2.413689e-01
4.515239e+03	-2.953333e+00	-1.266667e+00	-2.380919e+00	1.146667e+00	5.966667e-01	-2.208771e+00
1.190535e+04	-2.953333e+00	-5.733333e-01	4.226294e-01	3.200000e+00	1.576667e+00	-1.913661e+00
1.280563e+04	-2.953333e+00	7.066667e-01	-1.372625e+00	1.893333e+00	-2.900000e-01	-6.102569e-01
4.363733e+03	-2.930000e+00	-2.893333e+00	2.012966e-01	2.426667e+00	1.880000e+00	-2.577659e+00
9.135639e+03	-2.930000e+00	-1.080000e+00	-4.381092e-01	2.106667e+00	1.903333e+00	-2.282549e+00
9.924232e+03	-2.930000e+00	-1.053333e+00	-2.380919e+00	3.173333e+00	-3.333333e-02	-5.118868e-01
8.420465e+03	-2.930000e+00	-3.333333e-01	5.374141e-02	1.706667e+00	-4.766667e-01	-2.331734e+00
6.935134e+03	-2.930000e+00	2.266667e-01	-1.938253e+00	2.346667e+00	2.370000e+00	-1.593958e+00
4.737738e+03	-2.906667e+00	-3.000000e+00	2.750742e-01	6.400000e-01	-1.500000e-01	-2.012031e+00
3.288390e+03	-2.906667e+00	-2.760000e+00	-1.544773e+00	1.280000e+00	2.933333e-01	-1.864476e+00
6.620968e+03	-2.906667e+00	-9.466667e-01	-1.052922e+00	1.866667e+00	2.696667e+00	-1.077515e+00
3.829957e+03	-2.906667e+00	-2.000000e-01	-1.815291e+00	1.093333e+00	9.466667e-01	-2.749807e+00
1.048555e+04	-2.906667e+00	-1.200000e-01	5.701845e-01	8.800000e-01	6.433333e-01	-5.118868e-01
8.445923e+03	-2.883333e+00	-2.866667e+00	-2.036624e+00	2.746667e+00	-3.333333e-02	-1.667736e+00
6.688373e+03	-2.883333e+00	-2.280000e+00	-2.061216e+00	1.653333e+00	2.700000e-01	-4.135167e-01
4.793394e+03	-2.883333e+00	-1.213333e+00	-1.716921e+00	1.306667e+00	6.666667e-01	-5.610718e-01
8.928606e+03	-2.883333e+00	-6.533333e-01	7.833394e-02	2.213333e+00	-4.066667e-01	-2.971140e+00
2.023485e+03	-2.883333e+00	-5.733333e-01	-2.036624e+00	1.280000e+00	1.460000e+00	-4.381092e-01
5.784189e+03	-2.860000e+00	-2.946667e+00	-1.544773e+00	2.773333e+00	1.436667e+00	3.980368e-01
3.819748e+03	-2.860000e+00	-9.200000e-01	-1.372625e+00	8.800000e-01	1.670000e+00	-6.348494e-01
4.505278e+03	-2.860000e+00	-8.666667e-01	-1.225070e+00	5.866667e-01	1.533333e-01	-1.446403e+00
1.232414e+04	-2.860000e+00	-7.866667e-01	6.439621e-01	6.400000e-01	7.833333e-01	-3.151465e-01
4.920080e+03	-2.860000e+00	6.533333e-01	2.914888e-02	1.786667e+00	1.133333e+00	-4.627017e-01
2.700830e+03	-2.836667e+00	-2.786667e+00	-1.520180e+00	3.466667e-01	2.976667e+00	-1.151293e+00
4.297161e+03	-2.836667e+00	-6.800000e-01	-3.889241e-01	1.546667e+00	1.296667e+00	5.374141e-02
4.752897e+03	-2.836667e+00	-4.666667e-01	-1.225070e+00	2.400000e-01	1.950000e+00	-2.725214e+00
4.242409e+03	-2.836667e+00	4.000000e-02	-1.864476e+00	3.413333e+00	1.366667e+00	-2.798992e+00
5.569362e+03	-2.836667e+00	6.666667e-02	-2.208771e+00	1.680000e+00	-8.000000e-02	1.521115e-01
7.916212e+03	-2.813333e+00	-1.533333e+00	-8.315897e-01	1.840000e+00	1.413333e+00	4.472219e-01
5.105728e+03	-2.813333e+00	-8.400000e-01	-2.971140e+00	2.106667e+00	1.533333e-01	-2.003618e-02
1.410571e+04	-2.813333e+00	-4.400000e-01	5.455920e-01	2.666667e-02	3.633333e-01	-6.348494e-01
5.925673e+03	-2.813333e+00	3.333333e-01	-2.134994e+00	1.626667e+00	1.973333e+00	-2.430104e+00
6.694995e+03	-2.813333e+00	5.466667e-01	-1.864476e+00	2.533333e+00	2.233333e-01	-5.856644e-01
2.831146e+03	-2.790000e+00	-2.973333e+00	-4.872942e-01	2.400000e-01	2.743333e+00	1.275190e-01
5.547181e+03	-2.790000e+00	-2.680000e+00	7.833394e-02	1.920000e+00	2.976667e+00	-2.577659e+00
2.305282e+03	-2.790000e+00	-2.493333e+00	-1.938253e+00	9.866667e-01	1.903333e+00	-1.126700e+00
6.070504e+03	-2.790000e+00	-1.933333e+00	-2.971140e+00	9.866667e-01	2.066667e+00	-1.274255e+00
2.785944e+03	-2.790000e+00	3.866667e-01	-5.610718e-01	2.320000e+00	4.333333e-01	-5.610718e-01
1.157403e+04	-2.766667e+00	-1.986667e+00	-2.110401e+00	2.133333e+00	-4.766667e-01	-2.233364e+00
1.579467e+04	-2.766667e+00	-1.720000e+00	-7.578121e-01	3.493333e+00	8.333333e-02	3.734443e-01
6.748100e+03	-2.766667e+00	-7.066667e-01	1.029265e-01	2.933333e+00	1.646667e+00	2.012966e-01
4.159786e+03	-2.766667e+00	-3.600000e-01	-2.921955e+00	3.413333e+00	2.043333e+00	-1.397218e+00
4.260075e+03	-2.766667e+00	3.333333e-01	-6.922124e-02	1.840000e+00	2.000000e-01	1.275190e-01
3.957395e+03	-2.743333e+00	-2.333333e+00	-2.921955e+00	2.373333e+00	2.743333e+00	-1.225070e+00
7.262551e+03	-2.743333e+00	-2.226667e+00	5.455920e-01	1.333333e+00	1.506667e+00	-3.643316e-01
9.555186e+03	-2.743333e+00	-1.746667e+00	-2.405512e+00	3.200000e+00	3.400000e-01	-2.503882e+00
4.113676e+03	-2.743333e+00	-1.293333e+00	-2.602252e+00	1.866667e-01	1.766667e-01	-4.872942e-01
6.970402e+03	-2.743333e+00	-2.533333e-01	-5.856644e-01	3.466667e-01	2.346667e+00	-2.356327e+00
1.294519e+03	-2.720000e+00	-2.893333e+00	-1.766106e+00	1.386667e+00	1.460000e+00	-1.397218e+00
2.865474e+03	-2.720000e+00	-3.866667e-01	-2.823585e+00	2.186667e+00	-1.033333e-01	-2.626844e+00
8.174507e+03	-2.720000e+00	-6.666667e-02	-9.381377e-02	3.946667e+00	-3.833333e-01	-2.159586e+00
1.096525e+04	-2.720000e+00	3.866667e-01	3.734443e-01	9.066667e-01	5.966667e-01	-2.577659e+00
1.120723e+04	-2.720000e+00	8.666667e-01	-7.824046e-01	1.306667e+00	-1.266667e-01	-2.626844e+00
1.262876e+04	-2.696667e+00	-2.840000e+00	-9.545523e-01	3.013333e+00	-3.600000e-01	-1.569366e+00
5.057383e+03	-2.696667e+00	-2.840000e+00	6.685547e-01	2.133333e-01	-8.000000e-02	1.521115e-01
3.381041e+03	-2.696667e+00	-2.653333e+00	-6.348494e-01	2.026667e+00	2.113333e+00	-5.118868e-01
5.100903e+03	-2.696667e+00	-1.666667e+00	-2.528474e+00	1.146667e+00	1.506667e+00	-1.184063e-01
5.558212e+03	-2.696667e+00	-4.400000e-01	-1.643143e+00	3.040000e+00	2.953333e+00	-1.618551e+00
2.244177e+03	-2.673333e+00	-3.000000e+00	-1.184063e-01	3.573333e+00	1.110000e+00	-2.798992e+00
1.364397e+04	-2.673333e+00	-2.306667e+00	-2.651437e+00	2.240000e+00	-4.300000e-01	-6.922124e-02
2.481984e+03	-2.673333e+00	-1.133333e+00	-2.577659e+00	3.600000e+00	1.413333e+00	-2.553067e+00
5.850793e+03	-2.673333e+00	-1.106667e+00	-1.790698e+00	2.826667e+00	2.696667e+00	-7.578121e-01
5.109611e+03	-2.673333e+00	-9.733333e-01	-9.053672e-01	1.093333e+00	2.346667e+00	-3.397391e-01
1.827256e+03	-2.650000e+00	-2.520000e+00	-2.282549e+00	8.800000e-01	1.833333e+00	-3.397391e-01
9.841556e+03	-2.650000e+00	-1.026667e+00	1.767041e-01	3.760000e+00	1.693333e+00	-6.840345e-01
4.109408e+03	-2.650000e+00	-3.066667e-01	-2.061216e+00	1.946667e+00	2.580000e+00	-1.200478e+00
1.369548e+04	-2.650000e+00	2.000000e-01	-2.553067e+00	3.573333e+00	3.633333e-01	3.242592e-01
1.053343e+04	-2.650000e+00	9.733333e-01	5.701845e-01	1.226667e+00	-1.733333e-01	4.556349e-03
4.847460e+03	-2.626667e+00	-8.400000e-01	-8.807747e-01	4.800000e-01	2.393333e+00	-5.364793e-01
2.678386e+03	-2.626667e+00	-6.800000e-01	-2.208771e+00	6.933333e-01	4.100000e-01	-1.741513e+00
5.049408e+03	-2.626667e+00	1.200000e-01	-7.332195e-01	1.200000e+00	8.533333e-01	-2.134994e+00
6.725900e+03	-2.626667e+00	2.000000e-01	4.472219e-01	9.333333e-01	1.300000e-01	3.488518e-01
4.758569e+03	-2.626667e+00	6.266667e-01	4.964069e-01	3.253333e+00	6.200000e-01	-1.544773e+00
2.501587e+03	-2.603333e+00	-2.600000e+00	-2.823585e+00	4.000000e-01	2.603333e+00	-6.102569e-01
9.212285e+03	-2.603333e+00	-2.493333e+00	-1.618551e+00	1.946667e+00	-1.733333e-01	-4.627017e-01
6.923690e+03	-2.603333e+00	-2.226667e+00	-8.561822e-01	3.280000e+00	9.000000e-01	-9.791448e-01
3.280422e+03	-2.603333e+00	-2.000000e-01	-2.848177e+00	1.600000e+00	2.300000e+00	-1.249663e+00
8.737711e+03	-2.603333e+00	3.866667e-01	1.521115e-01	2.240000e+00	-2.666667e-01	-1.298848e+00
3.165369e+03	-2.580000e+00	-8.666667e-01	-1.790698e+00	2.426667e+00	1.390000e+00	5.947771e-01
6.188654e+03	-2.580000e+00	-7.066667e-01	-2.159586e+00	2.960000e+00	8.300000e-01	6.193696e-01
3.719321e+03	-2.580000e+00	-2.000000e-01	-1.766106e+00	5.866667e-01	1.833333e+00	-2.159586e+00
3.919973e+03	-2.580000e+00	2.533333e-01	-2.184179e+00	3.786667e+00	1.766667e-01	-2.159586e+00
6.422165e+03	-2.580000e+00	5.733333e-01	-1.667736e+00	4.533333e-01	1.180000e+00	-1.716921e+00
5.411979e+03	-2.556667e+00	-2.200000e+00	-6.840345e-01	7.200000e-01	1.390000e+00	-2.676029e+00
6.455980e+03	-2.556667e+00	-1.960000e+00	-1.839883e+00	3.200000e-01	-1.500000e-01	2.012966e-01
7.267782e+03	-2.556667e+00	-1.373333e+00	-1.184063e-01	1.706667e+00	3.633333e-01	-7.824046e-01
8.941701e+03	-2.556667e+00	-1.080000e+00	-1.495588e+00	3.253333e+00	-5.666667e-02	-1.421810e+00
6.723541e+03	-2.556667e+00	-1.333333e-02	5.209995e-01	1.093333e+00	8.533333e-01	-4.381092e-01
1.068982e+04	-2.533333e+00	-2.493333e+00	-1.692328e+00	3.093333e+00	-5.666667e-02	-1.593958e+00
8.813644e+03	-2.533333e+00	-2.360000e+00	5.209995e-01	2.293333e+00	-3.600000e-01	-2.577659e+00
7.815314e+03	-2.533333e+00	-2.120000e+00	-2.413689e-01	2.480000e+00	2.836667e+00	-1.938253e+00
9.397984e+03	-2.533333e+00	-1.800000e+00	2.750742e-01	2.266667e+00	2.233333e-01	-2.700622e+00
4.298602e+03	-2.533333e+00	4.133333e-01	-2.749807e+00	7.466667e-01	1.226667e+00	-2.626844e+00
7.761782e+03	-2.510000e+00	-2.440000e+00	1.029265e-01	2.373333e+00	5.266667e-01	4.226294e-01
2.889680e+03	-2.510000e+00	-1.426667e+00	-2.897362e+00	2.053333e+00	1.623333e+00	-1.839883e+00
3.416319e+03	-2.510000e+00	-1.106667e+00	-1.569366e+00	1.333333e+00	2.066667e+00	-9.545523e-01
3.016841e+03	-2.510000e+00	-6.666667e-02	-1.470995e+00	8.000000e-01	8.066667e-01	-1.274255e+00
5.333067e+03	-2.510000e+00	6.533333e-01	-1.987439e+00	1.413333e+00	1.553333e+00	-1.839883e+00
5.518231e+03	-2.486667e+00	-2.733333e+00	-1.921839e-01	2.666667e+00	2.976667e+00	-2.659615e-01
2.285175e+03	-2.486667e+00	-2.440000e+00	-2.233364e+00	3.493333e+00	9.466667e-01	-2.921955e+00
9.852924e+03	-2.486667e+00	4.400000e-01	1.275190e-01	2.293333e+00	2.276667e+00	-1.569366e+00
7.766368e+03	-2.486667e+00	5.733333e-01	-1.323440e+00	8.266667e-01	2.206667e+00	-2.012031e+00
1.375578e+04	-2.486667e+00	7.333333e-01	-1.889068e+00	1.893333e+00	-4.533333e-01	4.556349e-03
1.284143e+04	-2.463333e+00	-1.826667e+00	-9.791448e-01	2.906667e+00	2.233333e-01	5.374141e-02
5.502518e+03	-2.463333e+00	-1.773333e+00	-2.626844e+00	1.600000e-01	1.203333e+00	-9.791448e-01
9.586166e+03	-2.463333e+00	-1.400000e+00	-2.774400e+00	2.746667e+00	-4.066667e-01	-2.430104e+00
7.877477e+03	-2.463333e+00	-1.373333e+00	-8.069971e-01	2.613333e+00	2.743333e+00	5.209995e-01
6.904879e+03	-2.463333e+00	-7.066667e-01	-1.921839e-01	2.240000e+00	2.813333e+00	4.226294e-01
5.238561e+03	-2.440000e+00	-2.280000e+00	-8.069971e-01	1.840000e+00	9.000000e-01	-1.429988e-01
5.738120e+03	-2.440000e+00	-1.506667e+00	-1.692328e+00	1.866667e+00	5.266667e-01	-2.405512e+00
1.139125e+04	-2.440000e+00	-1.186667e+00	-2.479289e+00	3.573333e+00	-3.133333e-01	-2.159586e+00
6.805607e+03	-2.440000e+00	7.333333e-01	-1.249663e+00	1.946667e+00	1.670000e+00	-2.307141e+00
5.312288e+03	-2.440000e+00	9.466667e-01	-2.356327e+00	1.653333e+00	2.230000e+00	-1.921839e-01
6.482147e+03	-2.416667e+00	-2.253333e+00	4.226294e-01	1.626667e+00	4.100000e-01	-1.593958e+00
9.284212e+03	-2.416667e+00	-1.986667e+00	1.767041e-01	3.226667e+00	9.933333e-01	1.767041e-01
4.950398e+03	-2.416667e+00	-1.746667e+00	-2.553067e+00	6.666667e-01	2.090000e+00	-2.167764e-01
5.068747e+03	-2.416667e+00	-4.666667e-01	-4.135167e-01	6.133333e-01	1.180000e+00	-2.602252e+00
7.045224e+03	-2.416667e+00	4.666667e-01	1.767041e-01	1.573333e+00	-1.966667e-01	-2.167764e-01
6.125976e+03	-2.393333e+00	-1.693333e+00	-1.052922e+00	9.600000e-01	6.666667e-01	-3.397391e-01
6.581282e+03	-2.393333e+00	-7.866667e-01	1.275190e-01	8.266667e-01	6.000000e-02	-1.643143e+00
5.442404e+03	-2.393333e+00	-4.666667e-01	-5.364793e-01	1.200000e+00	2.930000e+00	-2.184179e+00
3.178365e+03	-2.393333e+00	6.266667e-01	-1.151293e+00	1.973333e+00	8.300000e-01	-1.667736e+00
7.584373e+03	-2.393333e+00	6.533333e-01	1.275190e-01	1.040000e+00	6.433333e-01	-1.790698e+00
8.801831e+03	-2.370000e+00	-1.880000e+00	-3.397391e-01	3.813333e+00	2.206667e+00	-1.643143e+00
5.367213e+03	-2.370000e+00	-1.506667e+00	-2.159586e+00	2.453333e+00	9.933333e-01	-3.151465e-01
2.476869e+03	-2.370000e+00	-1.266667e+00	-2.676029e+00	6.933333e-01	1.553333e+00	-1.225070e+00
2.806786e+03	-2.370000e+00	-4.000000e-02	-1.397218e+00	6.933333e-01	2.700000e-01	-5.856644e-01
2.765055e+03	-2.370000e+00	3.066667e-01	-2.798992e+00	2.906667e+00	1.156667e+00	-2.430104e+00
2.690139e+03	-2.346667e+00	-2.893333e+00	-1.421810e+00	3.306667e+00	1.133333e+00	-9.791448e-01
4.572266e+03	-2.346667e+00	-2.360000e+00	-2.651437e+00	3.120000e+00	2.370000e+00	-2.905540e-01
9.078655e+03	-2.346667e+00	-2.040000e+00	-3.397391e-01	3.226667e+00	2.836667e+00	7.833394e-02
2.652234e+03	-2.346667e+00	-3.066667e-01	-2.110401e+00	2.053333e+00	2.160000e+00	-2.905540e-01
6.158905e+03	-2.346667e+00	8.400000e-01	-2.479289e+00	3.466667e-01	2.510000e+00	-7.578121e-01
1.891501e+03	-2.323333e+00	-1.106667e+00	-2.208771e+00	1.280000e+00	1.763333e+00	-4.462871e-02
4.677435e+03	-2.323333e+00	-1.026667e+00	-9.791448e-01	2.533333e+00	4.800000e-01	-2.651437e+00
7.297723e+03	-2.323333e+00	-4.133333e-01	4.964069e-01	2.586667e+00	1.740000e+00	-1.520180e+00
4.542563e+03	-2.323333e+00	-3.066667e-01	-2.413689e-01	1.066667e+00	7.366667e-01	-2.208771e+00
3.419341e+03	-2.323333e+00	-1.333333e-02	-1.225070e+00	1.146667e+00	9.466667e-01	-2.356327e+00
1.528210e+03	-2.300000e+00	-2.946667e+00	-1.249663e+00	3.413333e+00	1.273333e+00	-2.946547e+00
1.205921e+04	-2.300000e+00	-2.306667e+00	-1.962846e+00	3.866667e+00	8.533333e-01	-9.381377e-02
6.862670e+03	-2.300000e+00	-9.466667e-01	-1.618551e+00	3.040000e+00	-2.900000e-01	-8.561822e-01
1.951091e+03	-2.300000e+00	6.666667e-02	-4.627017e-01	1.520000e+00	5.033333e-01	5.455920e-01
5.244284e+03	-2.300000e+00	5.200000e-01	1.767041e-01	3.626667e+00	1.716667e+00	-1.421810e+00
5.652091e+03	-2.276667e+00	-1.586667e+00	-2.659615e-01	1.946667e+00	1.693333e+00	-1.520180e+00
5.265253e+03	-2.276667e+00	-1.373333e+00	-1.766106e+00	1.813333e+00	1.533333e-01	2.750742e-01
1.257266e+04	-2.276667e+00	-1.293333e+00	-2.257956e+00	3.440000e+00	-2.433333e-01	-1.618551e+00
5.772085e+03	-2.276667e+00	-5.200000e-01	-1.716921e+00	3.600000e+00	2.766667e+00	-1.102107e+00
6.018102e+03	-2.276667e+00	3.600000e-01	-1.348033e+00	4.000000e-01	1.856667e+00	-2.085809e+00
3.303638e+03	-2.253333e+00	-2.786667e+00	-6.594420e-01	2.933333e-01	-3.133333e-01	-2.036624e+00
4.376635e+03	-2.253333e+00	-1.853333e+00	-1.675914e-01	1.333333e+00	-4.066667e-01	3.734443e-01
5.534455e+03	-2.253333e+00	-1.693333e+00	-2.233364e+00	9.600000e-01	2.233333e-01	-2.553067e+00
4.547172e+02	-2.253333e+00	-2.800000e-01	-1.028330e+00	2.106667e+00	4.800000e-01	-2.905540e-01
3.036113e+03	-2.253333e+00	2.533333e-01	-1.889068e+00	1.253333e+00	6.900000e-01	-2.208771e+00
3.539713e+03	-2.230000e+00	-2.333333e+00	-1.175885e+00	3.413333e+00	1.600000e+00	-1.298848e+00
5.436145e+03	-2.230000e+00	-2.066667e+00	-4.135167e-01	6.933333e-01	2.556667e+00	-8.807747e-01
6.690789e+03	-2.230000e+00	-1.480000e+00	5.701845e-01	1.440000e+00	7.600000e-01	-1.913661e+00
2.018442e+03	-2.230000e+00	-1.026667e+00	-2.503882e+00	2.213333e+00	7.600000e-01	-2.184179e+00
1.610560e+03	-2.230000e+00	6.000000e-01	-2.577659e+00	3.920000e+00	1.016667e+00	-1.470995e+00
6.525415e+03	-2.206667e+00	-1.346667e+00	-9.381377e-02	2.666667e-01	2.790000e+00	-1.200478e+00
5.401508e+03	-2.206667e+00	-3.866667e-01	-3.643316e-01	1.306667e+00	2.626667e+00	-1.987439e+00
9.697636e+03	-2.206667e+00	-3.866667e-01	5.455920e-01	2.720000e+00	2.463333e+00	-2.134994e+00
3.117061e+03	-2.206667e+00	-3.333333e-01	-2.479289e+00	3.520000e+00	1.856667e+00	-1.962846e+00
5.279414e+03	-2.206667e+00	4.000000e-02	-9.053672e-01	3.200000e-01	2.090000e+00	-2.872770e+00
4.746136e+03	-2.183333e+00	-2.306667e+00	3.980368e-01	8.000000e-01	1.413333e+00	-2.995732e+00
6.601371e+03	-2.183333e+00	-1.933333e+00	-1.200478e+00	9.600000e-01	-2.666667e-01	-4.872942e-01
7.505306e+03	-2.183333e+00	-1.933333e+00	2.914888e-02	3.200000e+00	2.556667e+00	-2.257956e+00
7.294715e+03	-2.183333e+00	2.266667e-01	-2.085809e+00	1.893333e+00	-3.833333e-01	-1.397218e+00
2.563276e+03	-2.183333e+00	5.466667e-01	-2.356327e+00	2.213333e+00	5.500000e-01	-1.323440e+00
5.236479e+03	-2.160000e+00	-1.320000e+00	2.012966e-01	2.826667e+00	1.180000e+00	2.750742e-01
3.139926e+03	-2.160000e+00	-1.293333e+00	-1.298848e+00	1.360000e+00	5.733333e-01	2.750742e-01
2.768069e+03	-2.160000e+00	-1.733333e-01	-1.962846e+00	2.933333e-01	5.033333e-01	-1.298848e+00
5.919482e+03	-2.160000e+00	4.400000e-01	-1.298848e+00	2.666667e-01	8.333333e-02	-1.126700e+00
9.882372e+03	-2.160000e+00	7.333333e-01	-2.749807e+00	3.146667e+00	-1.000000e-02	-2.307141e+00
2.649941e+03	-2.136667e+00	-2.840000e+00	-2.995732e+00	1.866667e-01	2.906667e+00	-9.053672e-01
2.237717e+03	-2.136667e+00	-2.706667e+00	-2.528474e+00	1.386667e+00	2.276667e+00	-6.594420e-01
6.539696e+03	-2.136667e+00	-1.800000e+00	-1.962846e+00	1.466667e+00	-1.000000e-02	-2.651437e+00
4.467242e+03	-2.136667e+00	6.800000e-01	-2.774400e+00	2.933333e-01	1.553333e+00	4.472219e-01
5.810564e+03	-2.136667e+00	8.133333e-01	-6.102569e-01	1.360000e+00	9.000000e-01	-2.503882e+00
4.189298e+03	-2.113333e+00	-2.066667e+00	-1.692328e+00	1.120000e+00	7.366667e-01	-2.626844e+00
4.437288e+03	-2.113333e+00	-1.853333e+00	-2.282549e+00	9.333333e-01	1.740000e+00	-1.962846e+00
4.019378e+03	-2.113333e+00	-1.666667e+00	-1.667736e+00	2.720000e+00	1.576667e+00	-1.175885e+00
2.817682e+03	-2.113333e+00	-6.000000e-01	-9.299598e-01	1.866667e-01	-4.300000e-01	-9.053672e-01
6.238519e+03	-2.113333e+00	9.466667e-01	-2.651437e+00	1.973333e+00	2.626667e+00	-2.626844e+00
5.541957e+03	-2.090000e+00	-1.480000e+00	-1.470995e+00	3.813333e+00	1.903333e+00	-1.298848e+00
3.744412e+03	-2.090000e+00	-1.426667e+00	-2.380919e+00	4.533333e-01	8.333333e-02	-2.454697e+00
3.564955e+03	-2.090000e+00	6.000000e-01	-2.307141e+00	3.520000e+00	4.566667e-01	-2.503882e+00
4.835720e+03	-2.090000e+00	8.933333e-01	-1.225070e+00	3.120000e+00	5.966667e-01	-7.086270e-01
7.189290e+03	-2.090000e+00	9.466667e-01	-1.274255e+00	5.333333e-01	2.346667e+00	-6.594420e-01
2.981922e+03	-2.066667e+00	-2.520000e+00	-1.495588e+00	8.000000e-02	1.066667e-01	-2.577659e+00
4.518498e+03	-2.066667e+00	-2.333333e+00	3.488518e-01	5.333333e-01	2.790000e+00	-2.167764e-01
3.252528e+03	-2.066667e+00	-1.533333e+00	-2.700622e+00	1.733333e+00	8.066667e-01	-8.315897e-01
2.430885e+03	-2.066667e+00	-1.053333e+00	-2.626844e+00	0.000000e+00	1.810000e+00	-2.946547e+00
3.437509e+03	-2.066667e+00	-1.333333e-02	-1.864476e+00	1.066667e-01	1.646667e+00	5.209995e-01
6.633943e+03	-2.043333e+00	-1.026667e+00	-2.012031e+00	2.746667e+00	1.333333e-02	-1.569366e+00
3.583080e+03	-2.043333e+00	-2.800000e-01	-9.053672e-01	8.000000e-02	1.766667e-01	-1.790698e+00
1.976078e+03	-2.043333e+00	-1.466667e-01	-2.872770e+00	7.200000e-01	1.506667e+00	-1.003737e+00
5.822251e+03	-2.043333e+00	6.266667e-01	-1.175885e+00	3.120000e+00	1.973333e+00	-1.028330e+00
9.501562e+03	-2.043333e+00	8.933333e-01	-1.889068e+00	1.573333e+00	1.333333e-02	4.964069e-01
3.461142e+03	-2.020000e+00	-2.626667e+00	2.504816e-01	2.186667e+00	2.136667e+00	-1.675914e-01
2.114467e+03	-2.020000e+00	-2.573333e+00	-2.602252e+00	1.013333e+00	2.136667e+00	-8.807747e-01
9.499331e+03	-2.020000e+00	-1.266667e+00	-2.905540e-01	3.840000e+00	1.390000e+00	5.947771e-01
1.943541e+03	-2.020000e+00	-8.133333e-01	-1.470995e+00	5.600000e-01	1.390000e+00	-2.676029e+00
1.225045e+03	-2.020000e+00	-3.333333e-01	-2.405512e+00	2.080000e+00	1.320000e+00	-2.307141e+00
1.974770e+03	-1.996667e+00	-3.000000e+00	3.980368e-01	1.920000e+00	1.786667e+00	-5.118868e-01
1.392284e+04	-1.996667e+00	-2.813333e+00	-2.577659e+00	2.746667e+00	-3.333333e-02	-1.921839e-01
4.494413e+03	-1.996667e+00	-1.213333e+00	2.996667e-01	2.266667e+00	-5.666667e-02	-5.610718e-01
5.580819e+03	-1.996667e+00	-1.186667e+00	-2.003618e-02	1.093333e+00	2.766667e+00	-1.593958e+00
1.578419e+03	-1.996667e+00	-5.466667e-01	-8.807747e-01	3.093333e+00	1.273333e+00	-6.348494e-01
3.012610e+04	-1.973333e+00	-2.413333e+00	-1.298848e+00	3.653333e+00	-3.366667e-01	5.947771e-01
4.532908e+03	-1.973333e+00	-1.880000e+00	-2.257956e+00	6.400000e-01	4.800000e-01	-1.126700e+00
3.209962e+03	-1.973333e+00	-7.333333e-01	-9.381377e-02	3.546667e+00	9.933333e-01	-1.429988e-01
1.122143e+03	-1.973333e+00	-4.400000e-01	-2.798992e+00	2.720000e+00	1.366667e+00	-1.151293e+00
2.465911e+03	-1.973333e+00	-2.800000e-01	-2.848177e+00	4.266667e-01	-1.033333e-01	-1.372625e+00
2.630814e+03	-1.950000e+00	-2.546667e+00	-1.446403e+00	8.266667e-01	2.813333e+00	-9.381377e-02
1.439259e+04	-1.950000e+00	-2.333333e+00	-2.356327e+00	2.560000e+00	2.000000e-01	6.685547e-01
1.013464e+04	-1.950000e+00	-1.933333e+00	1.521115e-01	3.546667e+00	4.566667e-01	-4.135167e-01
5.308427e+03	-1.950000e+00	-1.080000e+00	-1.126700e+00	2.480000e+00	-1.966667e-01	-3.889241e-01
7.490799e+03	-1.950000e+00	9.466667e-01	-2.905540e-01	5.333333e-01	2.650000e+00	5.374141e-02
3.944714e+03	-1.926667e+00	-2.200000e+00	-1.200478e+00	2.666667e-02	1.413333e+00	-2.356327e+00
4.240639e+03	-1.926667e+00	-1.933333e+00	-2.257956e+00	4.800000e-01	2.090000e+00	-1.372625e+00
7.041217e+03	-1.926667e+00	1.466667e-01	-1.421810e+00	3.066667e+00	-1.266667e-01	-1.175885e+00
4.084469e+03	-1.926667e+00	1.466667e-01	-4.462871e-02	1.413333e+00	-1.733333e-01	-2.413689e-01
3.457616e+03	-1.926667e+00	7.866667e-01	-2.012031e+00	2.960000e+00	1.600000e+00	-1.495588e+00
2.612214e+03	-1.903333e+00	-2.733333e+00	-1.741513e+00	8.000000e-02	5.500000e-01	-1.987439e+00
3.379450e+03	-1.903333e+00	-1.960000e+00	-2.085809e+00	1.013333e+00	1.670000e+00	-2.905540e-01
5.534480e+03	-1.903333e+00	-1.800000e+00	5.701845e-01	3.973333e+00	1.693333e+00	-2.061216e+00
3.880997e+03	-1.903333e+00	-1.133333e+00	-2.307141e+00	1.280000e+00	-3.833333e-01	-1.741513e+00
7.458358e+03	-1.903333e+00	1.733333e-01	7.833394e-02	2.240000e+00	-4.533333e-01	5.374141e-02
3.185294e+03	-1.880000e+00	-2.520000e+00	-4.872942e-01	1.066667e-01	1.786667e+00	-1.618551e+00
2.840664e+03	-1.880000e+00	-2.306667e+00	-2.798992e+00	0.000000e+00	1.766667e-01	-1.470995e+00
6.277322e+03	-1.880000e+00	-8.933333e-01	3.980368e-01	1.520000e+00	2.720000e+00	-2.257956e+00
7.539994e+03	-1.880000e+00	1.333333e-02	6.193696e-01	1.573333e+00	2.580000e+00	-1.618551e+00
1.029281e+04	-1.880000e+00	8.933333e-01	-5.118868e-01	3.600000e+00	6.900000e-01	4.226294e-01
2.770274e+03	-1.856667e+00	-2.786667e+00	-1.372625e+00	1.600000e-01	3.666667e-02	-8.807747e-01
8.560018e+03	-1.856667e+00	-1.053333e+00	6.685547e-01	3.893333e+00	2.230000e+00	5.701845e-01
4.671346e+03	-1.856667e+00	-1.026667e+00	4.556349e-03	2.400000e-01	2.090000e+00	-2.725214e+00
5.916781e+03	-1.856667e+00	-4.933333e-01	-2.921955e+00	3.253333e+00	1.066667e-01	-2.061216e+00
7.297597e+03	-1.856667e+00	4.933333e-01	-1.003737e+00	3.920000e+00	2.090000e+00	-2.257956e+00
2.722162e+03	-1.833333e+00	-2.600000e+00	-6.840345e-01	2.666667e-01	7.600000e-01	-8.069971e-01
4.224899e+03	-1.833333e+00	-2.226667e+00	-2.430104e+00	1.040000e+00	-2.200000e-01	-2.798992e+00
8.763553e+03	-1.833333e+00	-2.120000e+00	-1.962846e+00	3.946667e+00	2.953333e+00	-2.003618e-02
4.638771e+03	-1.833333e+00	-1.466667e-01	-1.815291e+00	2.666667e+00	2.976667e+00	5.374141e-02
7.773204e+03	-1.833333e+00	7.066667e-01	-2.659615e-01	2.506667e+00	2.486667e+00	-1.692328e+00
1.741416e+03	-1.810000e+00	-2.840000e+00	-2.110401e+00	1.813333e+00	8.766667e-01	-2.528474e+00
9.758077e+03	-1.810000e+00	-2.360000e+00	-1.323440e+00	3.760000e+00	3.166667e-01	-1.520180e+00
3.293002e+03	-1.810000e+00	-2.120000e+00	-6.594420e-01	6.133333e-01	1.366667e+00	3.734443e-01
2.766000e+03	-1.810000e+00	-9.200000e-01	-2.872770e+00	3.120000e+00	2.066667e+00	-1.692328e+00
5.321079e+03	-1.810000e+00	4.133333e-01	6.439621e-01	3.493333e+00	2.556667e+00	5.701845e-01
7.939321e+03	-1.786667e+00	-2.733333e+00	-1.643143e+00	3.013333e+00	1.553333e+00	6.439621e-01
2.479118e+03	-1.786667e+00	-2.626667e+00	-2.921955e+00	1.333333e-01	1.016667e+00	-5.118868e-01
8.582187e+03	-1.786667e+00	-2.466667e+00	-1.593958e+00	2.986667e+00	-1.966667e-01	-2.405512e+00
7.434388e+03	-1.786667e+00	-4.666667e-01	-2.553067e+00	3.360000e+00	-5.666667e-02	-1.323440e+00
2.014032e+03	-1.786667e+00	3.600000e-01	-4.872942e-01	3.466667e+00	1.086667e+00	-2.405512e+00
2.290042e+03	-1.763333e+00	-2.946667e+00	-7.578121e-01	2.400000e-01	1.436667e+00	-1.348033e+00
3.623052e+03	-1.763333e+00	-2.200000e+00	-8.315897e-01	1.066667e-01	2.883333e+00	6.439621e-01
2.540012e+03	-1.763333e+00	-1.666667e+00	-2.946547e+00	1.893333e+00	1.833333e+00	-9.299598e-01
2.557916e+03	-1.763333e+00	-4.400000e-01	-7.578121e-01	2.133333e-01	2.440000e+00	6.685547e-01
2.631206e+03	-1.763333e+00	2.266667e-01	-1.151293e+00	2.693333e+00	1.413333e+00	-2.134994e+00
2.694038e+03	-1.740000e+00	-2.786667e+00	-2.626844e+00	2.613333e+00	2.020000e+00	-4.627017e-01
2.682334e+03	-1.740000e+00	-2.466667e+00	-2.823585e+00	4.533333e-01	2.930000e+00	-2.085809e+00
3.096998e+03	-1.740000e+00	-1.453333e+00	-1.520180e+00	7.733333e-01	2.883333e+00	1.029265e-01
9.806764e+02	-1.740000e+00	-5.733333e-01	-1.077515e+00	9.866667e-01	6.000000e-02	3.734443e-01
4.247781e+03	-1.740000e+00	4.000000e-02	4.556349e-03	3.226667e+00	2.253333e+00	6.439621e-01
1.031961e+04	-1.716667e+00	-2.386667e+00	-2.700622e+00	2.960000e+00	1.040000e+00	5.947771e-01
3.799784e+03	-1.716667e+00	-1.986667e+00	-4.381092e-01	1.866667e-01	1.110000e+00	-2.823585e+00
7.041245e+03	-1.716667e+00	-8.933333e-01	3.980368e-01	3.866667e+00	2.650000e+00	-2.553067e+00
2.924750e+03	-1.716667e+00	-1.733333e-01	-2.798992e+00	3.360000e+00	7.133333e-01	-2.430104e+00
5.426795e+03	-1.716667e+00	3.600000e-01	-4.627017e-01	4.266667e-01	-3.333333e-02	-2.725214e+00
5.807290e+03	-1.693333e+00	-2.573333e+00	-2.946547e+00	2.933333e+00	1.530000e+00	3.488518e-01
1.297409e+03	-1.693333e+00	-6.266667e-01	-5.856644e-01	6.666667e-01	9.466667e-01	-2.167764e-01
1.756443e+03	-1.693333e+00	-5.733333e-01	-1.323440e+00	1.520000e+00	2.933333e-01	-1.790698e+00
4.844084e+03	-1.693333e+00	-4.933333e-01	2.996667e-01	1.333333e-01	3.166667e-01	-2.282549e+00
2.219814e+03	-1.693333e+00	-4.133333e-01	-2.110401e+00	3.733333e-01	2.230000e+00	-2.528474e+00
5.544081e+03	-1.670000e+00	-2.173333e+00	-2.307141e+00	3.146667e+00	2.603333e+00	-2.167764e-01
3.380342e+03	-1.670000e+00	-2.146667e+00	-2.995732e+00	6.400000e-01	4.566667e-01	7.833394e-02
9.284330e+03	-1.670000e+00	-1.160000e+00	-1.495588e+00	2.986667e+00	3.666667e-02	-4.462871e-02
2.841433e+03	-1.670000e+00	-6.266667e-01	4.556349e-03	3.226667e+00	1.553333e+00	-2.602252e+00
5.363842e+03	-1.670000e+00	6.666667e-02	-6.348494e-01	3.546667e+00	2.113333e+00	-1.372625e+00
3.527177e+03	-1.646667e+00	-1.773333e+00	-9.299598e-01	3.200000e-01	1.156667e+00	-2.331734e+00
1.533390e+04	-1.646667e+00	-1.400000e+00	-2.380919e+00	2.800000e+00	-3.833333e-01	4.718144e-01
5.249887e+03	-1.646667e+00	-1.053333e+00	-1.667736e+00	3.840000e+00	1.156667e+00	-3.643316e-01
5.837228e+03	-1.646667e+00	-2.266667e-01	-2.971140e+00	3.680000e+00	2.976667e+00	-1.052922e+00
3.076098e+03	-1.646667e+00	1.333333e-02	-1.815291e+00	2.320000e+00	2.323333e+00	5.701845e-01
7.420688e+03	-1.623333e+00	-7.866667e-01	-1.470995e+00	3.173333e+00	-1.033333e-01	-7.824046e-01
3.838913e+03	-1.623333e+00	-7.333333e-01	-2.995732e+00	3.120000e+00	6.200000e-01	-1.372625e+00
2.093982e+03	-1.623333e+00	-3.600000e-01	-3.397391e-01	1.680000e+00	1.226667e+00	-2.946547e+00
7.063984e+03	-1.623333e+00	6.800000e-01	4.472219e-01	0.000000e+00	1.436667e+00	1.767041e-01
5.646253e+03	-1.623333e+00	8.400000e-01	-2.167764e-01	3.653333e+00	4.333333e-01	-2.946547e+00
3.325016e+03	-1.600000e+00	-1.773333e+00	-1.987439e+00	1.546667e+00	2.160000e+00	4.964069e-01
3.941776e+03	-1.600000e+00	-1.480000e+00	-4.135167e-01	2.506667e+00	1.880000e+00	3.980368e-01
1.356342e+03	-1.600000e+00	-8.133333e-01	-1.225070e+00	1.520000e+00	2.486667e+00	6.439621e-01
5.031201e+03	-1.600000e+00	-8.133333e-01	2.012966e-01	3.360000e+00	3.666667e-02	-2.872770e+00
2.681715e+03	-1.600000e+00	-3.866667e-01	-1.643143e+00	2.426667e+00	2.230000e+00	-2.798992e+00
2.265029e+03	-1.576667e+00	-2.760000e+00	-3.151465e-01	5.333333e-01	2.416667e+00	2.914888e-02
2.785460e+03	-1.576667e+00	-2.013333e+00	3.980368e-01	5.866667e-01	1.250000e+00	-7.824046e-01
2.131873e+03	-1.576667e+00	-1.613333e+00	-2.651437e+00	1.573333e+00	1.716667e+00	-1.495588e+00
1.537227e+03	-1.576667e+00	1.200000e-01	-1.716921e+00	2.213333e+00	1.483333e+00	-1.052922e+00
9.475027e+03	-1.576667e+00	8.933333e-01	-1.274255e+00	1.440000e+00	-3.366667e-01	-4.381092e-01
3.235582e+03	-1.553333e+00	-2.893333e+00	-4.462871e-02	1.573333e+00	1.226667e+00	6.685547e-01
2.358726e+03	-1.553333e+00	-2.653333e+00	-5.364793e-01	1.120000e+00	1.156667e+00	3.242592e-01
3.185326e+03	-1.553333e+00	-2.413333e+00	-2.257956e+00	1.386667e+00	3.400000e-01	-2.061216e+00
2.578282e+03	-1.553333e+00	-2.280000e+00	-1.397218e+00	2.720000e+00	1.226667e+00	-7.332195e-01
7.536297e+02	-1.553333e+00	6.666667e-02	-1.921839e-01	2.853333e+00	6.666667e-01	-5.610718e-01
2.468624e+03	-1.530000e+00	-2.626667e+00	-2.651437e+00	2.666667e-01	7.133333e-01	-2.282549e+00
6.035495e+03	-1.530000e+00	-2.493333e+00	4.718144e-01	1.840000e+00	-2.200000e-01	-1.102107e+00
1.888652e+03	-1.530000e+00	-7.066667e-01	-2.413689e-01	3.386667e+00	1.296667e+00	-5.364793e-01
9.238335e+03	-1.530000e+00	-2.266667e-01	2.750742e-01	3.680000e+00	-3.133333e-01	-1.003737e+00
1.091912e+04	-1.530000e+00	9.733333e-01	-2.159586e+00	3.066667e+00	1.333333e-02	-1.716921e+00
1.455539e+04	-1.506667e+00	-2.706667e+00	-1.675914e-01	3.626667e+00	4.566667e-01	2.914888e-02
3.622137e+03	-1.506667e+00	-2.013333e+00	-1.397218e+00	1.333333e+00	8.766667e-01	2.258891e-01
1.548299e+03	-1.506667e+00	-1.200000e-01	-2.454697e+00	2.186667e+00	7.133333e-01	-9.791448e-01
2.891876e+03	-1.506667e+00	-1.200000e-01	-1.249663e+00	3.733333e-01	2.533333e+00	-1.495588e+00
6.669228e+03	-1.506667e+00	1.333333e-02	-1.618551e+00	1.973333e+00	1.333333e-02	4.472219e-01
3.333476e+03	-1.483333e+00	-2.173333e+00	-1.593958e+00	1.040000e+00	4.800000e-01	-8.069971e-01
2.371478e+03	-1.483333e+00	-2.120000e+00	-2.577659e+00	3.466667e+00	1.016667e+00	-2.848177e+00
1.930248e+03	-1.483333e+00	-2.120000e+00	-6.102569e-01	1.760000e+00	1.436667e+00	-6.102569e-01
7.691158e+03	-1.483333e+00	-1.240000e+00	-1.274255e+00	3.733333e+00	1.203333e+00	1.521115e-01
2.523608e+03	-1.483333e+00	-6.266667e-01	2.258891e-01	1.813333e+00	7.366667e-01	-2.897362e+00
4.235419e+03	-1.460000e+00	-2.946667e+00	-1.593958e+00	3.333333e+00	2.440000e+00	-2.061216e+00
3.649327e+03	-1.460000e+00	-2.200000e+00	-7.086270e-01	2.560000e+00	2.230000e+00	-2.749807e+00
1.910483e+03	-1.460000e+00	-8.933333e-01	-1.429988e-01	1.093333e+00	-2.433333e-01	-4.381092e-01
2.597136e+03	-1.460000e+00	-4.933333e-01	1.275190e-01	2.346667e+00	3.400000e-01	-2.184179e+00
3.517784e+03	-1.460000e+00	1.333333e-02	-4.872942e-01	1.120000e+00	-2.900000e-01	-3.889241e-01
3.302149e+03	-1.436667e+00	-2.813333e+00	-2.184179e+00	1.600000e+00	4.333333e-01	-1.249663e+00
2.936836e+03	-1.436667e+00	-2.386667e+00	-5.856644e-01	0.000000e+00	-2.433333e-01	6.685547e-01
1.487091e+03	-1.436667e+00	-1.160000e+00	-2.184179e+00	1.493333e+00	1.973333e+00	5.455920e-01
1.965533e+03	-1.436667e+00	-1.160000e+00	4.556349e-03	9.066667e-01	1.950000e+00	2.258891e-01
9.465405e+02	-1.436667e+00	4.133333e-01	4.226294e-01	3.813333e+00	8.533333e-01	-8.315897e-01
2.498841e+03	-1.413333e+00	-2.866667e+00	-2.282549e+00	6.666667e-01	2.626667e+00	-6.840345e-01
7.394138e+03	-1.413333e+00	-2.866667e+00	-2.012031e+00	3.466667e+00	2.933333e-01	-1.889068e+00
7.289154e+03	-1.413333e+00	-2.706667e+00	-1.003737e+00	3.706667e+00	2.346667e+00	3.488518e-01
9.269399e+02	-1.413333e+00	-5.200000e-01	-2.921955e+00	1.626667e+00	1.693333e+00	-8.561822e-01
1.346593e+03	-1.413333e+00	1.200000e-01	-5.610718e-01	2.293333e+00	1.506667e+00	-1.077515e+00
2.155285e+03	-1.390000e+00	-2.946667e+00	6.193696e-01	8.000000e-01	6.200000e-01	1.521115e-01
6.783534e+03	-1.390000e+00	-1.986667e+00	-2.946547e+00	2.480000e+00	1.066667e-01	-1.938253e+00
3.054716e+03	-1.390000e+00	-1.613333e+00	-8.807747e-01	5.866667e-01	2.836667e+00	-1.446403e+00
3.424055e+03	-1.390000e+00	-1.186667e+00	-2.430104e+00	1.066667e+00	-1.266667e-01	-1.102107e+00
1.738976e+03	-1.390000e+00	-1.733333e-01	-1.200478e+00	1.493333e+00	5.500000e-01	-2.479289e+00
2.130158e+04	-1.366667e+00	-2.813333e+00	-1.520180e+00	3.893333e+00	1.533333e-01	-1.184063e-01
2.587803e+03	-1.366667e+00	-2.466667e+00	-1.249663e+00	1.333333e-01	1.646667e+00	5.701845e-01
6.780897e+03	-1.366667e+00	-5.466667e-01	3.488518e-01	3.920000e+00	2.813333e+00	-1.544773e+00
1.703618e+03	-1.366667e+00	-4.133333e-01	-1.126700e+00	6.666667e-01	2.696667e+00	2.012966e-01
3.026685e+03	-1.366667e+00	1.200000e-01	-1.741513e+00	1.706667e+00	2.183333e+00	-1.274255e+00
5.547699e+03	-1.343333e+00	-2.680000e+00	-9.545523e-01	1.786667e+00	6.900000e-01	5.209995e-01
2.712453e+03	-1.343333e+00	-2.520000e+00	-1.429988e-01	1.200000e+00	2.276667e+00	-2.774400e+00
1.721146e+03	-1.343333e+00	-7.866667e-01	-1.790698e+00	2.586667e+00	1.926667e+00	-2.848177e+00
2.788128e+03	-1.343333e+00	-7.600000e-01	3.488518e-01	7.733333e-01	1.926667e+00	-1.151293e+00
4.875164e+03	-1.343333e+00	5.200000e-01	3.734443e-01	1.920000e+00	6.000000e-02	-1.741513e+00
2.583649e+03	-1.320000e+00	-2.173333e+00	-1.815291e+00	2.373333e+00	1.273333e+00	-4.135167e-01
6.289650e+02	-1.320000e+00	-6.800000e-01	-1.151293e+00	1.440000e+00	9.933333e-01	-2.233364e+00
2.445851e+03	-1.320000e+00	-6.533333e-01	-2.659615e-01	1.173333e+00	2.206667e+00	-2.454697e+00
1.619878e+03	-1.320000e+00	-4.666667e-01	-9.791448e-01	1.360000e+00	2.043333e+00	-1.470995e+00
3.700165e+03	-1.320000e+00	-6.666667e-02	-7.824046e-01	2.800000e+00	2.183333e+00	-2.331734e+00
1.767018e+03	-1.296667e+00	-2.546667e+00	-2.003618e-02	1.813333e+00	1.903333e+00	-9.053672e-01
4.273228e+03	-1.296667e+00	-1.826667e+00	-3.151465e-01	2.160000e+00	5.266667e-01	-4.872942e-01
5.103171e+03	-1.296667e+00	-1.720000e+00	-1.593958e+00	1.653333e+00	4.800000e-01	5.455920e-01
2.828356e+03	-1.296667e+00	-1.200000e-01	-9.791448e-01	5.333333e-02	2.930000e+00	-2.085809e+00
5.260351e+03	-1.296667e+00	5.733333e-01	3.734443e-01	5.333333e-02	1.133333e+00	-1.003737e+00
1.902054e+03	-1.273333e+00	-2.813333e+00	-4.135167e-01	5.066667e-01	1.506667e+00	-1.249663e+00
3.344779e+03	-1.273333e+00	-5.200000e-01	-2.905540e-01	2.506667e+00	2.953333e+00	-2.454697e+00
4.067399e+03	-1.273333e+00	-1.466667e-01	4.556349e-03	1.973333e+00	2.860000e+00	-2.233364e+00
1.179476e+04	-1.273333e+00	-1.200000e-01	-7.086270e-01	2.773333e+00	-1.966667e-01	4.964069e-01
3.478959e+03	-1.273333e+00	7.600000e-01	-8.807747e-01	9.333333e-01	1.810000e+00	-4.627017e-01
3.428183e+03	-1.250000e+00	-2.786667e+00	-1.446403e+00	3.040000e+00	6.666667e-01	-1.864476e+00
3.282372e+03	-1.250000e+00	-1.906667e+00	-1.618551e+00	1.200000e+00	2.673333e+00	-2.823585e+00
1.051883e+04	-1.250000e+00	-1.880000e+00	-2.331734e+00	2.000000e+00	-3.833333e-01	-9.381377e-02
6.020518e+03	-1.250000e+00	-1.506667e+00	-2.036624e+00	1.466667e+00	-4.766667e-01	1.275190e-01
1.956349e+03	-1.250000e+00	7.866667e-01	-1.913661e+00	3.466667e+00	9.700000e-01	-1.077515e+00
2.560030e+03	-1.226667e+00	-2.600000e+00	-2.700622e+00	3.920000e+00	1.343333e+00	-1.323440e+00
2.636807e+04	-1.226667e+00	-1.906667e+00	-1.348033e+00	3.920000e+00	-4.533333e-01	-2.413689e-01
2.436164e+03	-1.226667e+00	-3.066667e-01	-7.332195e-01	2.320000e+00	1.996667e+00	-2.872770e+00
1.961513e+03	-1.226667e+00	-2.000000e-01	-2.012031e+00	1.813333e+00	1.950000e+00	-1.839883e+00
2.333561e+03	-1.226667e+00	5.200000e-01	-2.307141e+00	2.160000e+00	5.733333e-01	-1.421810e+00
4.209724e+03	-1.203333e+00	-1.960000e+00	-1.544773e+00	1.173333e+00	2.933333e-01	4.556349e-03
5.679675e+03	-1.203333e+00	-1.560000e+00	-1.348033e+00	2.613333e+00	4.333333e-01	-8.561822e-01
1.004239e+04	-1.203333e+00	-1.373333e+00	-2.061216e+00	2.800000e+00	2.700000e-01	1.275190e-01
2.241177e+03	-1.203333e+00	-1.346667e+00	-1.175885e+00	2.533333e+00	1.483333e+00	-9.381377e-02
1.476890e+03	-1.203333e+00	1.466667e-01	-5.118868e-01	1.600000e+00	1.203333e+00	-1.913661e+00
2.842159e+03	-1.180000e+00	-2.546667e+00	-2.700622e+00	2.053333e+00	2.416667e+00	-5.856644e-01
5.346888e+03	-1.180000e+00	-1.266667e+00	-2.676029e+00	3.200000e+00	5.500000e-01	-1.175885e+00
1.800287e+03	-1.180000e+00	-1.240000e+00	-5.364793e-01	1.386667e+00	5.500000e-01	5.209995e-01
1.356475e+04	-1.180000e+00	4.933333e-01	-2.184179e+00	2.773333e+00	2.000000e-01	4.472219e-01
3.947823e+03	-1.180000e+00	6.533333e-01	-1.372625e+00	2.186667e+00	1.786667e+00	-2.848177e+00
5.576151e+03	-1.156667e+00	-2.146667e+00	-5.856644e-01	2.266667e+00	2.933333e-01	-1.052922e+00
8.795744e+03	-1.156667e+00	-1.613333e+00	-1.200478e+00	3.306667e+00	-2.200000e-01	-2.528474e+00
2.528409e+03	-1.156667e+00	-1.480000e+00	-2.676029e+00	5.333333e-02	-3.366667e-01	-7.824046e-01
2.148916e+03	-1.156667e+00	4.400000e-01	-1.077515e+00	3.840000e+00	8.300000e-01	-2.897362e+00
4.997595e+03	-1.156667e+00	7.866667e-01	-8.069971e-01	8.000000e-02	2.323333e+00	-2.208771e+00
3.274357e+03	-1.133333e+00	-1.853333e+00	-1.126700e+00	2.480000e+00	1.926667e+00	1.521115e-01
4.076023e+03	-1.133333e+00	-8.400000e-01	1.029265e-01	2.906667e+00	2.603333e+00	-1.225070e+00
1.180042e+04	-1.133333e+00	-4.133333e-01	-1.446403e+00	3.386667e+00	-3.600000e-01	-8.807747e-01
2.968000e+03	-1.133333e+00	-4.000000e-02	6.193696e-01	1.493333e+00	2.370000e+00	-3.889241e-01
3.896866e+03	-1.133333e+00	9.200000e-01	-2.946547e+00	3.173333e+00	1.856667e+00	-2.479289e+00
1.689789e+03	-1.110000e+00	-2.146667e+00	-1.766106e+00	1.680000e+00	9.700000e-01	-1.249663e+00
1.505187e+03	-1.110000e+00	-1.506667e+00	5.947771e-01	2.346667e+00	7.833333e-01	-1.470995e+00
4.394874e+03	-1.110000e+00	6.800000e-01	-1.323440e+00	2.666667e-01	1.300000e-01	-2.676029e+00
4.294429e+03	-1.110000e+00	8.400000e-01	-3.151465e-01	5.066667e-01	2.183333e+00	-4.381092e-01
1.091461e+04	-1.110000e+00	8.400000e-01	-4.462871e-02	3.306667e+00	-1.500000e-01	-1.643143e+00
2.469187e+03	-1.086667e+00	-2.440000e+00	-2.749807e+00	1.600000e-01	1.623333e+00	-1.495588e+00
3.043537e+03	-1.086667e+00	-8.666667e-01	-2.331734e+00	3.066667e+00	5.266667e-01	-2.553067e+00
2.072043e+03	-1.086667e+00	-8.666667e-01	-1.429988e-01	2.480000e+00	5.033333e-01	-2.872770e+00
5.227261e+03	-1.086667e+00	3.600000e-01	-1.741513e+00	3.973333e+00	2.720000e+00	-2.995732e+00
3.447194e+03	-1.086667e+00	7.866667e-01	-1.429988e-01	2.373333e+00	2.043333e+00	-1.077515e+00
4.248276e+03	-1.063333e+00	-2.040000e+00	-1.839883e+00	2.853333e+00	2.766667e+00	-1.938253e+00
1.832177e+03	-1.063333e+00	-1.533333e+00	-2.454697e+00	1.626667e+00	2.136667e+00	-1.429988e-01
3.297147e+03	-1.063333e+00	-1.133333e+00	-2.184179e+00	2.880000e+00	2.720000e+00	-1.889068e+00
4.382617e+03	-1.063333e+00	1.733333e-01	-1.618551e+00	1.413333e+00	2.466667e-01	4.226294e-01
5.052529e+03	-1.063333e+00	9.200000e-01	-7.332195e-01	6.400000e-01	3.666667e-02	-2.659615e-01
3.195291e+03	-1.040000e+00	-1.400000e+00	-2.553067e+00	2.160000e+00	1.740000e+00	5.701845e-01
1.423194e+03	-1.040000e+00	-7.866667e-01	-1.052922e+00	2.400000e-01	1.273333e+00	-2.479289e+00
9.702764e+02	-1.040000e+00	9.333333e-02	-1.716921e+00	2.213333e+00	1.040000e+00	-1.716921e+00
2.252860e+03	-1.040000e+00	9.333333e-02	2.504816e-01	5.066667e-01	1.460000e+00	5.209995e-01
3.309240e+03	-1.040000e+00	1.466667e-01	-7.332195e-01	2.933333e+00	1.996667e+00	-1.520180e+00
2.989637e+03	-1.016667e+00	-2.040000e+00	-7.086270e-01	2.000000e+00	2.463333e+00	-2.774400e+00
1.566486e+04	-1.016667e+00	-1.906667e+00	-1.077515e+00	3.600000e+00	-5.666667e-02	-8.315897e-01
1.370583e+03	-1.016667e+00	-1.906667e+00	1.275190e-01	1.786667e+00	1.763333e+00	-1.348033e+00
1.838067e+03	-1.016667e+00	-1.333333e-02	-9.299598e-01	2.640000e+00	1.600000e+00	-2.553067e+00
3.734642e+03	-1.016667e+00	6.800000e-01	-2.159586e+00	3.466667e-01	2.020000e+00	-2.356327e+00
2.170115e+03	-9.933333e-01	-3.000000e+00	-1.675914e-01	9.066667e-01	2.463333e+00	-6.102569e-01
2.803404e+03	-9.933333e-01	-1.800000e+00	-2.602252e+00	2.933333e-01	2.790000e+00	-1.323440e+00
1.373170e+03	-9.933333e-01	-1.320000e+00	-2.085809e+00	5.866667e-01	1.180000e+00	-1.790698e+00
4.031186e+03	-9.933333e-01	4.666667e-01	-2.798992e+00	2.133333e+00	2.696667e+00	-1.225070e+00
2.851712e+03	-9.933333e-01	6.000000e-01	3.242592e-01	3.706667e+00	1.763333e+00	-4.462871e-02
2.143806e+03	-9.700000e-01	-2.093333e+00	-2.134994e+00	1.120000e+00	1.810000e+00	-1.766106e+00
1.574374e+03	-9.700000e-01	2.533333e-01	-9.299598e-01	1.253333e+00	1.250000e+00	-1.593958e+00
2.753551e+03	-9.700000e-01	3.866667e-01	-6.922124e-02	2.586667e+00	2.136667e+00	-2.659615e-01
2.047361e+03	-9.700000e-01	6.266667e-01	-1.790698e+00	2.853333e+00	1.320000e+00	-2.651437e+00
2.147377e+03	-9.700000e-01	8.666667e-01	-2.282549e+00	2.400000e+00	1.250000e+00	-2.995732e+00
3.671204e+03	-9.466667e-01	-2.920000e+00	-1.052922e+00	2.533333e+00	2.813333e+00	-1.889068e+00
1.285158e+03	-9.466667e-01	-2.146667e+00	-6.102569e-01	1.760000e+00	9.933333e-01	-1.274255e+00
7.278051e+02	-9.466667e-01	-4.133333e-01	3.242592e-01	2.400000e+00	7.600000e-01	-8.315897e-01
1.511420e+03	-9.466667e-01	-1.333333e-02	-2.725214e+00	3.386667e+00	1.226667e+00	-1.544773e+00
8.497583e+03	-9.466667e-01	7.333333e-01	-2.012031e+00	3.440000e+00	6.000000e-02	-2.356327e+00
4.227088e+03	-9.233333e-01	-1.640000e+00	-6.840345e-01	1.546667e+00	2.466667e-01	4.718144e-01
1.520372e+03	-9.233333e-01	-1.213333e+00	-2.528474e+00	6.133333e-01	2.440000e+00	5.455920e-01
4.080208e+03	-9.233333e-01	-1.213333e+00	-1.102107e+00	2.453333e+00	-1.000000e-02	-2.971140e+00
1.633161e+03	-9.233333e-01	-5.466667e-01	-1.913661e+00	1.466667e+00	5.966667e-01	-2.725214e+00
2.426385e+03	-9.233333e-01	-2.533333e-01	-3.397391e-01	2.426667e+00	3.166667e-01	-2.823585e+00
2.290469e+03	-9.000000e-01	-2.866667e+00	-2.110401e+00	3.200000e-01	2.043333e+00	6.193696e-01
2.108862e+03	-9.000000e-01	-2.706667e+00	-2.774400e+00	3.973333e+00	1.040000e+00	-2.503882e+00
5.225820e+03	-9.000000e-01	-1.666667e+00	-1.987439e+00	2.293333e+00	1.250000e+00	6.193696e-01
1.611319e+03	-9.000000e-01	-1.293333e+00	6.685547e-01	8.533333e-01	1.856667e+00	-9.545523e-01
1.862902e+03	-9.000000e-01	-1.240000e+00	-8.561822e-01	8.000000e-01	2.580000e+00	-1.544773e+00
3.353522e+03	-8.766667e-01	-2.040000e+00	-5.118868e-01	1.653333e+00	1.533333e-01	-2.897362e+00
2.453748e+03	-8.766667e-01	-1.800000e+00	6.439621e-01	2.933333e-01	-5.000000e-01	-1.274255e+00
1.569105e+03	-8.766667e-01	-9.733333e-01	-6.594420e-01	1.333333e-01	1.320000e+00	-1.962846e+00
2.380900e+03	-8.766667e-01	-6.266667e-01	5.374141e-02	1.173333e+00	2.860000e+00	-2.798992e+00
5.025765e+03	-8.766667e-01	-2.533333e-01	-1.397218e+00	3.653333e+00	1.320000e+00	4.556349e-03
2.691855e+03	-8.533333e-01	-2.093333e+00	-1.692328e+00	4.266667e-01	3.633333e-01	-9.545523e-01
1.805717e+03	-8.533333e-01	-1.400000e+00	-2.331734e+00	7.466667e-01	9.233333e-01	2.750742e-01
1.720148e+03	-8.533333e-01	-8.666667e-01	-8.315897e-01	9.866667e-01	2.440000e+00	-2.282549e+00
3.530868e+03	-8.533333e-01	1.200000e-01	6.685547e-01	3.333333e+00	2.020000e+00	-2.405512e+00
3.299067e+03	-8.533333e-01	1.466667e-01	-2.003618e-02	8.266667e-01	-1.266667e-01	-2.110401e+00
1.540570e+04	-8.300000e-01	-1.613333e+00	-2.167764e-01	3.600000e+00	2.466667e-01	2.012966e-01
6.077006e+03	-8.300000e-01	-1.533333e+00	-2.626844e+00	3.840000e+00	2.160000e+00	-4.462871e-02
2.215912e+03	-8.300000e-01	-1.453333e+00	-1.003737e+00	2.453333e+00	2.183333e+00	-5.364793e-01
1.192711e+03	-8.300000e-01	-1.400000e+00	-1.741513e+00	3.306667e+00	1.530000e+00	-2.110401e+00
2.628375e+03	-8.300000e-01	5.466667e-01	6.193696e-01	1.040000e+00	9.466667e-01	-2.676029e+00
6.823477e+03	-8.066667e-01	-2.386667e+00	-1.864476e+00	3.546667e+00	2.510000e+00	3.980368e-01
1.331540e+03	-8.066667e-01	-1.853333e+00	4.718144e-01	6.133333e-01	1.763333e+00	1.029265e-01
2.146249e+03	-8.066667e-01	-1.133333e+00	-2.725214e+00	1.066667e-01	-1.733333e-01	2.258891e-01
9.824794e+03	-8.066667e-01	-4.000000e-02	-1.889068e+00	3.786667e+00	1.366667e+00	4.964069e-01
2.634373e+03	-8.066667e-01	3.600000e-01	3.734443e-01	1.013333e+00	1.436667e+00	-2.921955e+00
2.902624e+03	-7.833333e-01	-2.066667e+00	-2.331734e+00	7.466667e-01	2.233333e-01	-2.971140e+00
3.052830e+03	-7.833333e-01	-1.453333e+00	-1.249663e+00	2.986667e+00	2.416667e+00	-2.700622e+00
6.590657e+03	-7.833333e-01	-5.733333e-01	-8.069971e-01	3.200000e+00	-4.066667e-01	-2.430104e+00
2.034406e+04	-7.833333e-01	4.400000e-01	4.964069e-01	3.520000e+00	-4.533333e-01	-2.413689e-01
3.015794e+03	-7.833333e-01	7.600000e-01	2.996667e-01	1.360000e+00	4.566667e-01	-1.864476e+00
1.878632e+03	-7.600000e-01	-2.253333e+00	-1.175885e+00	1.280000e+00	1.063333e+00	-1.921839e-01
7.140326e+03	-7.600000e-01	-1.586667e+00	-1.569366e+00	3.760000e+00	3.666667e-02	-2.995732e+00
1.188635e+03	-7.600000e-01	-3.600000e-01	6.193696e-01	2.080000e+00	6.433333e-01	-1.397218e+00
9.468040e+03	-7.600000e-01	1.733333e-01	-1.495588e+00	3.866667e+00	-4.066667e-01	-2.971140e+00
2.715418e+03	-7.600000e-01	9.200000e-01	-1.569366e+00	3.733333e+00	1.040000e+00	-9.791448e-01
2.009706e+03	-7.366667e-01	-2.386667e+00	-1.839883e+00	5.066667e-01	1.390000e+00	7.833394e-02
1.917257e+03	-7.366667e-01	-1.560000e+00	2.258891e-01	6.133333e-01	2.533333e+00	-1.003737e+00
2.882244e+03	-7.366667e-01	4.400000e-01	-7.332195e-01	9.866667e-01	2.673333e+00	7.833394e-02
1.147528e+03	-7.366667e-01	6.000000e-01	5.947771e-01	3.840000e+00	1.460000e+00	-1.815291e+00
2.892722e+03	-7.366667e-01	7.066667e-01	-6.840345e-01	9.600000e-01	9.233333e-01	-2.971140e+00
2.944767e+03	-7.133333e-01	-2.440000e+00	-2.971140e+00	4.800000e-01	-8.000000e-02	-2.897362e+00
1.583846e+03	-7.133333e-01	-1.106667e+00	5.455920e-01	8.533333e-01	4.100000e-01	-6.348494e-01
1.429829e+03	-7.133333e-01	9.333333e-02	-1.667736e+00	3.360000e+00	1.110000e+00	-2.700622e+00
3.007883e+03	-7.133333e-01	3.333333e-01	-1.003737e+00	2.133333e-01	2.160000e+00	-8.069971e-01
1.970076e+03	-7.133333e-01	8.133333e-01	-2.167764e-01	2.160000e+00	1.600000e+00	2.012966e-01
5.707647e+03	-6.900000e-01	-2.733333e+00	-2.061216e+00	1.466667e+00	-1.000000e-02	-6.348494e-01
4.168990e+03	-6.900000e-01	-1.880000e+00	-5.118868e-01	1.306667e+00	-5.000000e-01	-2.380919e+00
2.871052e+03	-6.900000e-01	9.333333e-02	-3.643316e-01	2.666667e-02	-4.766667e-01	-2.307141e+00
4.261505e+03	-6.900000e-01	2.000000e-01	1.029265e-01	2.933333e+00	2.696667e+00	4.718144e-01
3.126335e+03	-6.900000e-01	5.733333e-01	-1.643143e+00	3.706667e+00	1.716667e+00	-1.520180e+00
2.597741e+03	-6.666667e-01	-2.520000e+00	-1.323440e+00	5.333333e-02	3.866667e-01	-6.922124e-02
1.603182e+03	-6.666667e-01	-1.533333e+00	5.947771e-01	7.200000e-01	2.370000e+00	-2.659615e-01
1.915658e+04	-6.666667e-01	-1.000000e+00	-2.331734e+00	3.733333e+00	3.866667e-01	3.980368e-01
2.174040e+03	-6.666667e-01	-9.733333e-01	-2.995732e+00	8.000000e-02	2.466667e-01	-2.897362e+00
6.210480e+03	-6.666667e-01	7.600000e-01	-9.545523e-01	3.813333e+00	2.440000e+00	-1.446403e+00
2.480177e+03	-6.433333e-01	-2.920000e+00	-1.815291e+00	3.733333e-01	1.786667e+00	-2.749807e+00
1.026408e+04	-6.433333e-01	-2.040000e+00	-2.946547e+00	2.400000e+00	-1.033333e-01	-7.086270e-01
1.227883e+04	-6.433333e-01	-1.133333e+00	-2.725214e+00	2.453333e+00	-2.433333e-01	-6.922124e-02
5.173075e+03	-6.433333e-01	2.800000e-01	4.718144e-01	3.973333e+00	2.300000e+00	-8.561822e-01
6.772480e+03	-6.433333e-01	4.933333e-01	-1.839883e+00	3.866667e+00	6.900000e-01	-7.086270e-01
3.046550e+03	-6.200000e-01	-2.200000e+00	-2.405512e+00	1.733333e+00	2.930000e+00	-2.380919e+00
3.588348e+03	-6.200000e-01	-8.933333e-01	-2.003618e-02	2.693333e+00	2.860000e+00	-5.856644e-01
2.438916e+03	-6.200000e-01	-2.266667e-01	-2.897362e+00	0.000000e+00	7.833333e-01	-2.659615e-01
1.233666e+03	-6.200000e-01	-6.666667e-02	-2.413689e-01	2.960000e+00	8.066667e-01	-2.036624e+00
4.619070e+03	-6.200000e-01	7.066667e-01	-5.856644e-01	3.893333e+00	1.926667e+00	-3.397391e-01
1.656678e+03	-5.966667e-01	-2.813333e+00	-3.151465e-01	1.013333e+00	8.766667e-01	-8.315897e-01
3.615907e+03	-5.966667e-01	-2.173333e+00	-2.282549e+00	2.560000e+00	2.650000e+00	-2.085809e+00
2.421989e+03	-5.966667e-01	-2.173333e+00	-9.053672e-01	9.066667e-01	2.603333e+00	-1.151293e+00
6.117014e+03	-5.966667e-01	-9.333333e-02	-6.922124e-02	3.493333e+00	3.866667e-01	-9.545523e-01
8.276699e+03	-5.966667e-01	1.733333e-01	-1.126700e+00	3.946667e+00	1.063333e+00	2.914888e-02
9.780076e+03	-5.733333e-01	-2.973333e+00	-2.036624e+00	3.440000e+00	-1.733333e-01	-2.380919e+00
2.124681e+03	-5.733333e-01	-9.466667e-01	-1.200478e+00	1.493333e+00	2.673333e+00	-1.938253e+00
2.293265e+03	-5.733333e-01	-9.333333e-02	-2.479289e+00	4.266667e-01	2.020000e+00	-1.913661e+00
3.085741e+03	-5.733333e-01	3.066667e-01	2.914888e-02	1.413333e+00	2.276667e+00	-2.995732e+00
9.973438e+03	-5.733333e-01	5.200000e-01	-8.807747e-01	3.146667e+00	-3.366667e-01	-2.233364e+00
4.757561e+03	-5.500000e-01	-1.746667e+00	5.209995e-01	3.546667e+00	2.580000e+00	-9.545523e-01
6.057085e+02	-5.500000e-01	-1.586667e+00	4.718144e-01	1.253333e+00	1.110000e+00	-1.175885e+00
1.740069e+03	-5.500000e-01	-1.293333e+00	-2.233364e+00	4.266667e-01	1.483333e+00	-2.184179e+00
2.895287e+03	-5.500000e-01	-1.466667e-01	-6.922124e-02	3.333333e+00	1.996667e+00	-1.200478e+00
3.105854e+03	-5.500000e-01	3.866667e-01	-1.028330e+00	3.200000e-01	2.813333e+00	-2.921955e+00
1.140540e+03	-5.266667e-01	-1.480000e+00	-1.446403e+00	8.800000e-01	1.203333e+00	-1.692328e+00
1.275515e+04	-5.266667e-01	-8.400000e-01	-2.307141e+00	2.880000e+00	-2.900000e-01	-7.332195e-01
2.502404e+03	-5.266667e-01	-8.133333e-01	-2.626844e+00	1.706667e+00	2.533333e+00	-1.766106e+00
3.459192e+03	-5.266667e-01	7.866667e-01	2.504816e-01	1.226667e+00	2.510000e+00	-2.134994e+00
2.440593e+03	-5.266667e-01	9.733333e-01	-2.725214e+00	2.053333e+00	6.900000e-01	-1.815291e+00
1.725124e+03	-5.033333e-01	-1.693333e+00	7.833394e-02	1.893333e+00	1.156667e+00	-2.003618e-02
8.726428e+03	-5.033333e-01	-1.213333e+00	-8.561822e-01	3.413333e+00	1.086667e+00	3.488518e-01
1.966088e+03	-5.033333e-01	-7.600000e-01	-2.036624e+00	1.333333e-01	1.086667e+00	-2.921955e+00
5.045240e+03	-5.033333e-01	5.466667e-01	2.750742e-01	2.960000e+00	3.400000e-01	-1.446403e+00
3.390597e+03	-5.033333e-01	6.000000e-01	-2.577659e+00	1.786667e+00	3.400000e-01	-2.159586e+00
3.120961e+03	-4.800000e-01	-2.920000e+00	-4.381092e-01	2.400000e+00	2.463333e+00	-2.823585e+00
2.429338e+03	-4.800000e-01	-2.653333e+00	-1.151293e+00	8.533333e-01	5.033333e-01	-1.298848e+00
1.768814e+03	-4.800000e-01	-1.880000e+00	5.455920e-01	3.253333e+00	9.700000e-01	-1.323440e+00
5.499142e+03	-4.800000e-01	-1.746667e+00	-1.421810e+00	3.893333e+00	2.300000e+00	-5.364793e-01
1.712337e+03	-4.800000e-01	-1.000000e+00	-3.151465e-01	1.226667e+00	2.463333e+00	-7.578121e-01
2.448948e+03	-4.566667e-01	-2.013333e+00	-4.627017e-01	3.866667e+00	8.300000e-01	-2.848177e+00
1.841635e+04	-4.566667e-01	-9.733333e-01	2.996667e-01	3.973333e+00	6.666667e-01	6.193696e-01
9.449979e+02	-4.566667e-01	-4.933333e-01	3.734443e-01	2.240000e+00	1.670000e+00	-1.495588e+00
1.155291e+04	-4.566667e-01	3.066667e-01	-2.676029e+00	3.440000e+00	-3.133333e-01	-2.110401e+00
7.197006e+03	-4.566667e-01	4.933333e-01	-8.315897e-01	3.893333e+00	2.370000e+00	2.504816e-01
9.534762e+03	-4.333333e-01	-2.973333e+00	-1.052922e+00	3.440000e+00	1.300000e-01	-1.667736e+00
2.090571e+03	-4.333333e-01	-2.920000e+00	-1.102107e+00	8.533333e-01	1.880000e+00	-1.618551e+00
1.857776e+03	-4.333333e-01	-2.626667e+00	-2.003618e-02	4.533333e-01	2.020000e+00	1.767041e-01
5.087863e+03	-4.333333e-01	-6.000000e-01	5.374141e-02	3.520000e+00	2.393333e+00	1.275190e-01
1.905314e+03	-4.333333e-01	-5.466667e-01	-8.561822e-01	1.600000e-01	5.733333e-01	-1.028330e+00
1.035176e+04	-4.100000e-01	-2.973333e+00	3.242592e-01	2.000000e+00	-1.500000e-01	2.996667e-01
5.223641e+03	-4.100000e-01	-1.426667e+00	-1.397218e+00	3.786667e+00	2.906667e+00	-1.421810e+00
9.437928e+02	-4.100000e-01	-3.600000e-01	-6.594420e-01	1.253333e+00	9.000000e-01	-1.151293e+00
4.522208e+03	-4.100000e-01	-1.733333e-01	-4.462871e-02	3.040000e+00	7.366667e-01	-3.643316e-01
3.677029e+03	-4.100000e-01	4.000000e-02	-6.348494e-01	2.853333e+00	1.740000e+00	2.996667e-01
3.858494e+03	-3.866667e-01	-2.840000e+00	-1.716921e+00	2.613333e+00	1.576667e+00	1.767041e-01
1.910090e+03	-3.866667e-01	-2.706667e+00	4.472219e-01	3.680000e+00	9.233333e-01	-2.774400e+00
3.119023e+03	-3.866667e-01	-2.266667e-01	-3.643316e-01	2.506667e+00	2.486667e+00	3.242592e-01
5.479313e+03	-3.866667e-01	6.800000e-01	2.012966e-01	2.586667e+00	2.000000e-01	-1.667736e+00
1.729923e+04	-3.866667e-01	8.133333e-01	6.685547e-01	3.786667e+00	-4.300000e-01	-1.421810e+00
1.876787e+03	-3.633333e-01	-2.760000e+00	4.226294e-01	8.266667e-01	2.486667e+00	-2.003618e-02
5.065585e+03	-3.633333e-01	-2.466667e+00	-1.028330e+00	3.706667e+00	2.393333e+00	-1.200478e+00
3.487026e+03	-3.633333e-01	-1.853333e+00	-3.643316e-01	3.680000e+00	1.973333e+00	-1.028330e+00
1.976247e+03	-3.633333e-01	-7.333333e-01	-1.028330e+00	2.613333e+00	1.903333e+00	-2.602252e+00
1.360115e+03	-3.633333e-01	-7.066667e-01	-2.528474e+00	1.146667e+00	1.296667e+00	-2.602252e+00
1.617586e+03	-3.400000e-01	-2.573333e+00	2.914888e-02	1.760000e+00	1.926667e+00	-1.003737e+00
3.223094e+03	-3.400000e-01	-2.253333e+00	-2.413689e-01	2.080000e+00	2.860000e+00	-9.299598e-01
3.760365e+03	-3.400000e-01	-9.333333e-02	-2.356327e+00	7.733333e-01	-8.000000e-02	-6.922124e-02
4.028136e+03	-3.400000e-01	-9.333333e-02	-1.126700e+00	3.013333e+00	2.743333e+00	-1.839883e+00
1.167891e+04	-3.400000e-01	2.800000e-01	-2.725214e+00	3.173333e+00	1.063333e+00	6.685547e-01
2.217952e+04	-3.166667e-01	-2.066667e+00	-1.421810e+00	3.653333e+00	3.866667e-01	5.455920e-01
1.864849e+03	-3.166667e-01	-1.693333e+00	1.521115e-01	4.533333e-01	6.200000e-01	-3.643316e-01
5.092063e+03	-3.166667e-01	-1.640000e+00	-2.872770e+00	1.253333e+00	1.333333e-02	-1.921839e-01
1.308517e+04	-3.166667e-01	-1.640000e+00	-1.962846e+00	2.666667e+00	-1.500000e-01	-3.397391e-01
1.725403e+04	-3.166667e-01	-6.800000e-01	-2.233364e+00	3.706667e+00	-3.133333e-01	-1.126700e+00
2.332344e+03	-2.933333e-01	-2.626667e+00	2.504816e-01	5.333333e-02	1.460000e+00	-8.561822e-01
1.070681e+03	-2.933333e-01	-1.000000e+00	1.767041e-01	1.760000e+00	1.716667e+00	-1.429988e-01
1.950174e+03	-2.933333e-01	-5.466667e-01	-2.897362e+00	2.533333e+00	1.716667e+00	-4.135167e-01
1.079785e+04	-2.933333e-01	4.000000e-02	-1.913661e+00	3.280000e+00	-8.000000e-02	-1.446403e+00
2.015729e+03	-2.933333e-01	3.066667e-01	-1.151293e+00	5.600000e-01	8.766667e-01	-1.028330e+00
2.810353e+03	-2.700000e-01	-2.280000e+00	-4.381092e-01	2.720000e+00	1.786667e+00	-1.184063e-01
2.143316e+03	-2.700000e-01	-1.746667e+00	-1.298848e+00	1.866667e+00	1.996667e+00	-2.036624e+00
4.018877e+03	-2.700000e-01	-3.333333e-01	-9.381377e-02	3.013333e+00	2.253333e+00	2.258891e-01
3.332215e+03	-2.700000e-01	-1.733333e-01	-2.159586e+00	2.640000e+00	2.883333e+00	-2.700622e+00
6.690723e+03	-2.700000e-01	7.600000e-01	-1.667736e+00	3.680000e+00	2.790000e+00	-2.905540e-01
1.099828e+04	-2.466667e-01	-2.386667e+00	-9.791448e-01	3.573333e+00	6.200000e-01	-2.413689e-01
2.779181e+03	-2.466667e-01	-1.506667e+00	-6.102569e-01	3.733333e-01	-2.900000e-01	-1.225070e+00
2.121670e+03	-2.466667e-01	-7.333333e-01	-6.922124e-02	5.333333e-01	2.720000e+00	-7.086270e-01
2.616986e+03	-2.466667e-01	-6.533333e-01	-5.610718e-01	2.160000e+00	2.323333e+00	-2.602252e+00
2.239639e+03	-2.466667e-01	-4.400000e-01	-2.061216e+00	2.026667e+00	7.833333e-01	-8.069971e-01
2.318458e+03	-2.233333e-01	-2.546667e+00	-2.503882e+00	3.466667e-01	7.600000e-01	-9.053672e-01
2.619193e+03	-2.233333e-01	-2.093333e+00	-1.864476e+00	2.453333e+00	1.973333e+00	-2.872770e+00
2.311850e+03	-2.233333e-01	-1.080000e+00	-7.086270e-01	9.333333e-01	2.766667e+00	-1.470995e+00
2.637442e+03	-2.233333e-01	2.800000e-01	-3.643316e-01	1.066667e-01	1.623333e+00	-2.233364e+00
2.576433e+03	-2.233333e-01	9.200000e-01	-1.077515e+00	5.600000e-01	1.203333e+00	6.193696e-01
3.770727e+03	-2.000000e-01	-2.013333e+00	-1.102107e+00	2.826667e+00	1.530000e+00	2.914888e-02
3.262926e+03	-2.000000e-01	-1.720000e+00	-2.085809e+00	2.906667e+00	1.740000e+00	-1.184063e-01
2.119134e+03	-2.000000e-01	-1.613333e+00	-2.823585e+00	1.386667e+00	7.366667e-01	-8.069971e-01
1.652489e+03	-2.000000e-01	-1.000000e+00	-1.348033e+00	1.440000e+00	1.996667e+00	3.242592e-01
2.079966e+03	-2.000000e-01	-9.200000e-01	-1.184063e-01	2.693333e+00	7.133333e-01	-2.282549e+00
1.232655e+04	-1.766667e-01	-2.866667e+00	1.521115e-01	3.626667e+00	-3.333333e-02	-1.569366e+00
3.476607e+03	-1.766667e-01	-1.720000e+00	-2.167764e-01	1.920000e+00	3.166667e-01	-2.036624e+00
3.457269e+03	-1.766667e-01	1.333333e-02	-1.987439e+00	7.466667e-01	-3.600000e-01	-2.405512e+00
3.079845e+03	-1.766667e-01	3.333333e-01	3.242592e-01	8.533333e-01	1.066667e-01	-2.036624e+00
1.979485e+03	-1.766667e-01	8.666667e-01	-9.053672e-01	6.666667e-01	1.343333e+00	-1.348033e+00
1.651596e+03	-1.533333e-01	-2.333333e+00	4.718144e-01	1.066667e+00	1.320000e+00	1.029265e-01
3.733477e+03	-1.533333e-01	-1.986667e+00	-9.299598e-01	3.280000e+00	2.206667e+00	-1.741513e+00
2.758860e+03	-1.533333e-01	-7.600000e-01	3.488518e-01	3.280000e+00	9.233333e-01	-1.102107e+00
1.194492e+03	-1.533333e-01	-5.200000e-01	-1.675914e-01	1.520000e+00	1.483333e+00	-2.012031e+00
2.566185e+03	-1.533333e-01	-1.466667e-01	-1.987439e+00	1.600000e-01	2.700000e-01	-6.840345e-01
2.750615e+03	-1.300000e-01	-2.680000e+00	-2.454697e+00	2.933333e+00	1.833333e+00	-5.364793e-01
1.470564e+03	-1.300000e-01	-2.653333e+00	-1.175885e+00	2.000000e+00	1.646667e+00	-6.594420e-01
1.817004e+04	-1.300000e-01	-1.560000e+00	-1.790698e+00	2.773333e+00	-4.533333e-01	-1.429988e-01
4.233228e+03	-1.300000e-01	-1.240000e+00	-2.454697e+00	3.146667e+00	2.416667e+00	-6.840345e-01
2.258040e+03	-1.300000e-01	-3.333333e-01	-1.274255e+00	3.013333e+00	1.810000e+00	-1.987439e+00
3.505664e+03	-1.066667e-01	-2.493333e+00	-2.503882e+00	2.400000e+00	2.673333e+00	-2.110401e+00
8.032652e+03	-1.066667e-01	-1.560000e+00	-1.913661e+00	3.360000e+00	1.296667e+00	2.750742e-01
5.311609e+03	-1.066667e-01	-2.800000e-01	2.258891e-01	3.306667e+00	3.866667e-01	-2.110401e+00
2.015666e+03	-1.066667e-01	-4.000000e-02	-2.503882e+00	7.466667e-01	1.483333e+00	-2.503882e+00
2.445227e+03	-1.066667e-01	2.266667e-01	-2.749807e+00	2.346667e+00	2.066667e+00	-7.332195e-01
4.661247e+03	-8.333333e-02	-2.973333e+00	2.914888e-02	2.320000e+00	2.466667e-01	-2.134994e+00
4.313808e+03	-8.333333e-02	-2.760000e+00	-1.077515e+00	2.026667e+00	8.066667e-01	-2.003618e-02
2.313628e+03	-8.333333e-02	-8.400000e-01	1.521115e-01	4.000000e-01	2.790000e+00	-1.675914e-01
2.236448e+03	-8.333333e-02	-5.200000e-01	-6.348494e-01	2.106667e+00	1.950000e+00	7.833394e-02
1.566715e+03	-8.333333e-02	2.533333e-01	-1.520180e+00	2.133333e+00	1.576667e+00	-2.184179e+00
4.994780e+03	-6.000000e-02	-1.320000e+00	-2.134994e+00	1.733333e+00	-3.366667e-01	-2.749807e+00
4.031674e+03	-6.000000e-02	-6.533333e-01	-1.520180e+00	1.360000e+00	-2.666667e-01	-2.848177e+00
2.403413e+03	-6.000000e-02	-6.266667e-01	4.472219e-01	1.226667e+00	2.883333e+00	1.029265e-01
2.229047e+03	-6.000000e-02	-2.533333e-01	2.996667e-01	3.813333e+00	1.273333e+00	-1.348033e+00
2.566390e+03	-6.000000e-02	-2.000000e-01	-1.348033e+00	1.066667e+00	2.253333e+00	-2.380919e+00
3.241486e+03	-3.666667e-02	-2.760000e+00	-4.381092e-01	2.080000e+00	2.930000e+00	-2.331734e+00
1.242292e+04	-3.666667e-02	-2.600000e+00	-1.003737e+00	3.146667e+00	2.700000e-01	-3.151465e-01
5.136931e+03	-3.666667e-02	-2.466667e+00	-2.454697e+00	1.680000e+00	2.000000e-01	-7.578121e-01
2.211059e+03	-3.666667e-02	4.133333e-01	-9.381377e-02	4.800000e-01	1.530000e+00	5.947771e-01
5.273116e+03	-3.666667e-02	7.066667e-01	-2.134994e+00	1.306667e+00	-5.000000e-01	-2.061216e+00
3.559325e+03	-1.333333e-02	-2.680000e+00	-3.397391e-01	2.560000e+00	9.233333e-01	-4.872942e-01
2.261442e+03	-1.333333e-02	-1.960000e+00	-8.561822e-01	3.173333e+00	1.670000e+00	-1.052922e+00
5.202037e+03	-1.333333e-02	-9.200000e-01	-7.578121e-01	2.640000e+00	4.100000e-01	-1.372625e+00
2.683437e+03	-1.333333e-02	-6.000000e-01	5.701845e-01	1.920000e+00	8.533333e-01	-4.872942e-01
2.436294e+03	-1.333333e-02	4.133333e-01	-2.430104e+00	1.600000e+00	1.950000e+00	-2.749807e+00
8.059498e+03	1.000000e-02	-2.440000e+00	4.226294e-01	3.226667e+00	1.250000e+00	2.996667e-01
2.406980e+03	1.000000e-02	-2.266667e-01	-2.602252e+00	1.706667e+00	2.253333e+00	3.734443e-01
7.821516e+03	1.000000e-02	9.333333e-02	-2.085809e+00	1.493333e+00	-3.600000e-01	-3.889241e-01
2.768887e+03	1.000000e-02	3.333333e-01	-2.848177e+00	1.680000e+00	2.836667e+00	2.504816e-01
2.461494e+03	1.000000e-02	4.666667e-01	-6.348494e-01	8.800000e-01	2.533333e+00	-7.332195e-01
1.768961e+03	3.333333e-02	-2.013333e+00	-2.848177e+00	2.880000e+00	1.623333e+00	-1.889068e+00
2.585073e+03	3.333333e-02	-9.466667e-01	-8.315897e-01	7.200000e-01	2.533333e+00	-9.053672e-01
2.741100e+03	3.333333e-02	-6.533333e-01	-2.208771e+00	2.266667e+00	2.113333e+00	-1.544773e+00
4.456109e+03	3.333333e-02	-6.666667e-02	-4.872942e-01	3.653333e+00	2.626667e+00	-2.528474e+00
9.800919e+03	3.333333e-02	1.733333e-01	-1.643143e+00	3.253333e+00	1.086667e+00	3.488518e-01
3.774494e+03	5.666667e-02	-2.600000e+00	-6.594420e-01	3.520000e+00	1.296667e+00	-6.102569e-01
2.559974e+03	5.666667e-02	-2.280000e+00	-1.429988e-01	1.866667e-01	2.300000e+00	-1.675914e-01
1.056461e+04	5.666667e-02	-1.826667e+00	-5.610718e-01	3.386667e+00	6.433333e-01	-1.675914e-01
2.306489e+03	5.666667e-02	-1.320000e+00	-1.675914e-01	1.013333e+00	1.646667e+00	-2.946547e+00
1.802244e+03	5.666667e-02	-1.160000e+00	-5.364793e-01	1.546667e+00	1.086667e+00	-2.921955e+00
3.124430e+03	8.000000e-02	-2.413333e+00	-2.479289e+00	1.733333e+00	2.743333e+00	-1.028330e+00
7.225185e+03	8.000000e-02	-1.826667e+00	5.209995e-01	2.373333e+00	1.766667e-01	-1.077515e+00
1.897520e+03	8.000000e-02	2.000000e-01	-1.470995e+00	6.933333e-01	1.576667e+00	-1.348033e+00
3.231125e+03	8.000000e-02	4.666667e-01	-7.086270e-01	2.026667e+00	2.650000e+00	-1.864476e+00
1.291986e+04	8.000000e-02	5.733333e-01	4.964069e-01	3.573333e+00	-1.266667e-01	-1.716921e+00
1.944446e+03	1.033333e-01	-2.653333e+00	-2.823585e+00	7.200000e-01	1.856667e+00	-7.824046e-01
3.636566e+03	1.033333e-01	-2.226667e+00	-2.774400e+00	3.040000e+00	2.346667e+00	-2.676029e+00
3.043890e+03	1.033333e-01	-2.146667e+00	-1.593958e+00	2.773333e+00	1.623333e+00	-1.921839e-01
4.063704e+03	1.033333e-01	-1.346667e+00	-1.184063e-01	3.280000e+00	2.066667e+00	-5.856644e-01
1.009355e+04	1.033333e-01	-1.186667e+00	-1.446403e+00	3.493333e+00	8.333333e-02	-1.790698e+00
3.704712e+03	1.266667e-01	-3.000000e+00	-2.897362e+00	2.746667e+00	2.650000e+00	-2.331734e+00
2.816397e+03	1.266667e-01	-2.226667e+00	2.258891e-01	4.000000e-01	2.113333e+00	-2.651437e+00
7.963910e+03	1.266667e-01	-1.720000e+00	-2.659615e-01	2.026667e+00	-1.033333e-01	-1.126700e+00
2.629290e+03	1.266667e-01	-1.000000e+00	-2.503882e+00	2.133333e-01	7.833333e-01	-1.643143e+00
3.922632e+03	1.266667e-01	4.933333e-01	-4.462871e-02	3.093333e+00	6.433333e-01	-1.987439e+00
7.307621e+03	1.500000e-01	-1.053333e+00	-1.421810e+00	2.880000e+00	1.300000e-01	-1.987439e+00
5.251949e+03	1.500000e-01	-9.200000e-01	-5.364793e-01	1.146667e+00	-2.200000e-01	-1.569366e+00
2.780854e+03	1.500000e-01	-8.933333e-01	2.504816e-01	3.733333e-01	1.063333e+00	2.258891e-01
3.146462e+03	1.500000e-01	2.800000e-01	3.242592e-01	1.733333e+00	2.906667e+00	-2.257956e+00
2.145646e+03	1.500000e-01	9.733333e-01	-2.208771e+00	4.000000e-01	1.366667e+00	4.718144e-01
5.917356e+03	1.733333e-01	-1.586667e+00	-6.840345e-01	9.333333e-01	-4.766667e-01	-7.086270e-01
2.165454e+03	1.733333e-01	-3.600000e-01	2.012966e-01	2.826667e+00	9.700000e-01	-2.208771e+00
3.892187e+03	1.733333e-01	6.266667e-01	-1.692328e+00	1.946667e+00	3.633333e-01	-1.815291e+00
4.428653e+03	1.733333e-01	8.133333e-01	-2.995732e+00	3.760000e+00	2.556667e+00	-2.479289e+00
2.484931e+03	1.733333e-01	8.133333e-01	-1.372625e+00	9.600000e-01	2.836667e+00	-7.578121e-01
4.165896e+03	1.966667e-01	-2.893333e+00	-1.544773e+00	2.666667e+00	2.603333e+00	2.996667e-01
5.009724e+03	1.966667e-01	-2.413333e+00	-2.700622e+00	3.066667e+00	1.880000e+00	2.504816e-01
2.802194e+03	1.966667e-01	-1.960000e+00	-2.233364e+00	2.666667e-02	2.860000e+00	-1.675914e-01
3.227038e+03	1.966667e-01	-1.640000e+00	4.964069e-01	1.786667e+00	2.580000e+00	2.996667e-01
2.547146e+03	1.966667e-01	8.666667e-01	-5.610718e-01	2.586667e+00	1.016667e+00	-9.299598e-01
2.155533e+04	2.200000e-01	-1.773333e+00	-1.741513e+00	3.626667e+00	1.300000e-01	2.914888e-02
5.300672e+03	2.200000e-01	-7.333333e-01	2.750742e-01	3.786667e+00	2.300000e+00	-1.839883e+00
2.439976e+03	2.200000e-01	-2.800000e-01	7.833394e-02	7.733333e-01	2.136667e+00	1.767041e-01
1.687245e+03	2.200000e-01	2.000000e-01	-2.872770e+00	2.640000e+00	9.700000e-01	-1.962846e+00
7.560627e+03	2.200000e-01	3.066667e-01	5.947771e-01	1.600000e+00	-2.666667e-01	-1.102107e+00
3.040126e+03	2.433333e-01	-2.360000e+00	-2.257956e+00	2.133333e+00	2.276667e+00	-2.454697e+00
3.364799e+03	2.433333e-01	-1.666667e+00	5.947771e-01	5.600000e-01	4.333333e-01	-9.299598e-01
2.338437e+03	2.433333e-01	-1.320000e+00	-2.430104e+00	1.040000e+00	8.300000e-01	-2.528474e+00
2.981383e+03	2.433333e-01	-3.066667e-01	-1.569366e+00	4.800000e-01	2.393333e+00	-2.700622e+00
3.478940e+03	2.433333e-01	-4.000000e-02	-2.167764e-01	1.840000e+00	2.953333e+00	-9.381377e-02
2.419127e+03	2.666667e-01	-2.413333e+00	-1.766106e+00	1.653333e+00	2.043333e+00	-1.766106e+00
8.630214e+03	2.666667e-01	-9.333333e-02	6.439621e-01	2.986667e+00	4.100000e-01	-1.052922e+00
6.050220e+03	2.666667e-01	4.666667e-01	-3.889241e-01	2.986667e+00	5.733333e-01	-1.200478e+00
1.399059e+04	2.666667e-01	6.533333e-01	-2.405512e+00	2.053333e+00	-5.000000e-01	2.504816e-01
1.095537e+04	2.666667e-01	9.466667e-01	-1.839883e+00	3.733333e+00	-2.666667e-01	-2.454697e+00
2.829520e+03	2.900000e-01	-2.573333e+00	-4.627017e-01	1.440000e+00	2.253333e+00	-1.741513e+00
8.601127e+03	2.900000e-01	-2.360000e+00	-1.921839e-01	2.346667e+00	5.033333e-01	1.029265e-01
4.785199e+03	2.900000e-01	-1.586667e+00	-2.872770e+00	3.946667e+00	2.113333e+00	-1.692328e+00
3.771016e+03	2.900000e-01	-1.186667e+00	6.439621e-01	1.866667e+00	2.323333e+00	-2.307141e+00
1.993978e+03	2.900000e-01	-4.933333e-01	-1.495588e+00	2.133333e+00	1.063333e+00	-2.774400e+00
3.903123e+03	3.133333e-01	-2.093333e+00	-1.184063e-01	2.293333e+00	2.556667e+00	-2.479289e+00
2.952410e+03	3.133333e-01	-2.066667e+00	-4.627017e-01	5.600000e-01	1.110000e+00	4.718144e-01
2.166804e+04	3.133333e-01	-1.560000e+00	-1.102107e+00	3.733333e+00	5.266667e-01	3.980368e-01
1.775856e+03	3.133333e-01	-1.346667e+00	-1.938253e+00	2.426667e+00	1.180000e+00	-2.380919e+00
2.040761e+04	3.133333e-01	7.600000e-01	-8.069971e-01	3.626667e+00	-5.000000e-01	-1.175885e+00
1.130762e+03	3.366667e-01	-2.680000e+00	-2.356327e+00	2.186667e+00	1.343333e+00	-1.864476e+00
2.643773e+03	3.366667e-01	-1.240000e+00	-2.971140e+00	3.333333e+00	1.693333e+00	-2.012031e+00
5.376333e+03	3.366667e-01	-1.160000e+00	-1.102107e+00	3.386667e+00	2.323333e+00	-8.807747e-01
3.745723e+03	3.366667e-01	-1.106667e+00	-9.545523e-01	3.093333e+00	8.066667e-01	-1.692328e+00
1.569519e+03	3.366667e-01	9.200000e-01	-7.824046e-01	1.200000e+00	1.040000e+00	-2.725214e+00
2.548858e+03	3.600000e-01	-1.453333e+00	-2.905540e-01	2.693333e+00	1.016667e+00	-1.889068e+00
3.401296e+03	3.600000e-01	-1.373333e+00	-2.405512e+00	1.760000e+00	2.883333e+00	6.439621e-01
3.155714e+03	3.600000e-01	-8.133333e-01	-6.102569e-01	2.666667e+00	1.810000e+00	-1.766106e+00
3.209347e+03	3.600000e-01	2.533333e-01	-2.659615e-01	2.320000e+00	2.206667e+00	-1.913661e+00
2.287098e+03	3.600000e-01	8.400000e-01	-2.905540e-01	1.226667e+00	2.510000e+00	-6.594420e-01
2.797406e+03	3.833333e-01	-1.906667e+00	-2.897362e+00	3.093333e+00	1.833333e+00	-1.815291e+00
7.156638e+03	3.833333e-01	-1.826667e+00	-5.118868e-01	2.880000e+00	1.530000e+00	4.226294e-01
9.972428e+03	3.833333e-01	-1.080000e+00	-1.274255e+00	2.106667e+00	-2.200000e-01	-1.249663e+00
3.229964e+03	3.833333e-01	7.333333e-01	-7.824046e-01	2.693333e+00	2.183333e+00	-4.627017e-01
5.111951e+03	3.833333e-01	9.733333e-01	-2.602252e+00	3.333333e+00	2.626667e+00	-3.151465e-01
6.295165e+03	4.066667e-01	-2.253333e+00	-3.889241e-01	1.626667e+00	1.066667e-01	-7.332195e-01
4.166770e+03	4.066667e-01	-1.693333e+00	-2.380919e+00	2.266667e+00	2.953333e+00	4.556349e-03
3.931464e+03	4.066667e-01	-9.733333e-01	5.374141e-02	8.000000e-01	2.510000e+00	-1.815291e+00
6.267912e+03	4.066667e-01	-9.466667e-01	-1.889068e+00	1.866667e+00	5.733333e-01	-4.462871e-02
4.742656e+03	4.066667e-01	8.666667e-01	-2.528474e+00	1.546667e+00	5.966667e-01	2.504816e-01
3.509255e+03	4.300000e-01	-2.733333e+00	-9.545523e-01	2.080000e+00	2.766667e+00	-1.716921e+00
2.561617e+03	4.300000e-01	-1.453333e+00	-2.749807e+00	7.733333e-01	9.000000e-01	-4.135167e-01
4.937364e+03	4.300000e-01	-7.600000e-01	5.374141e-02	2.826667e+00	1.880000e+00	-1.184063e-01
5.662807e+03	4.300000e-01	6.666667e-02	5.209995e-01	1.466667e+00	-1.000000e-02	-2.085809e+00
2.486898e+03	4.300000e-01	5.466667e-01	-2.430104e+00	2.666667e-02	2.393333e+00	-5.610718e-01
2.026419e+04	4.533333e-01	-2.920000e+00	3.488518e-01	2.906667e+00	-4.300000e-01	-3.643316e-01
2.752378e+03	4.533333e-01	-2.253333e+00	-2.553067e+00	2.133333e-01	2.160000e+00	-2.823585e+00
5.286939e+03	4.533333e-01	-7.600000e-01	-1.298848e+00	1.173333e+00	6.000000e-02	-1.643143e+00
3.014015e+03	4.533333e-01	-6.800000e-01	-1.938253e+00	1.173333e+00	1.763333e+00	-2.774400e+00
2.682585e+03	4.533333e-01	-2.533333e-01	-4.135167e-01	1.120000e+00	1.343333e+00	-2.651437e+00
1.747726e+03	4.766667e-01	-2.546667e+00	-2.134994e+00	9.066667e-01	1.133333e+00	-2.012031e+00
3.089622e+03	4.766667e-01	-1.640000e+00	-1.569366e+00	3.466667e+00	1.600000e+00	-1.397218e+00
6.559482e+03	4.766667e-01	-1.426667e+00	-1.938253e+00	1.413333e+00	-4.300000e-01	-1.938253e+00
1.609425e+04	4.766667e-01	-1.426667e+00	-7.824046e-01	2.640000e+00	-2.433333e-01	-6.594420e-01
1.362350e+04	4.766667e-01	2.800000e-01	4.472219e-01	2.000000e+00	-1.966667e-01	-6.922124e-02
1.096104e+03	-1.118431e+00	-5.094678e-01	-6.034371e-01	6.368627e-01	9.286275e-01	-1.317240e+00
9.673432e+02	-1.080543e+00	-5.473557e-01	-6.413250e-01	6.747507e-01	9.665154e-01	-1.279353e+00
8.628478e+02	-1.040036e+00	-5.877619e-01	-6.816644e-01	7.148714e-01	9.647588e-01	-1.249700e+00
7.904050e+02	-1.008097e+00	-6.183301e-01	-7.105497e-01	7.471538e-01	9.709681e-01	-1.223584e+00
7.269956e+02	-9.913537e-01	-6.428487e-01	-7.336693e-01	7.782133e-01	9.898984e-01	-1.192965e+00
6.697234e+02	-9.749390e-01	-6.652949e-01	-7.551296e-01	8.101479e-01	1.008485e+00	-1.166783e+00
6.263238e+02	-9.710487e-01	-6.816702e-01	-7.694582e-01	8.339542e-01	1.029401e+00	-1.140995e+00
5.837543e+02	-9.662739e-01	-6.958858e-01	-7.832965e-01	8.612298e-01	1.049591e+00	-1.121010e+00
5.472611e+02	-9.658273e-01	-7.099409e-01	-7.956551e-01	8.839175e-01	1.068500e+00	-1.095839e+00
5.074867e+02	-9.664685e-01	-7.212605e-01	-8.069541e-01	9.103866e-01	1.094790e+00	-1.070759e+00
4.796516e+02	-9.664317e-01	-7.325375e-01	-8.184930e-01	9.321631e-01	1.104481e+00	-1.051015e+00
4.477296e+02	-9.712716e-01	-7.416043e-01	-8.255533e-01	9.555491e-01	1.129577e+00	-1.028370e+00
4.241041e+02	-9.704945e-01	-7.498437e-01	-8.375724e-01	9.781646e-01	1.132077e+00	-1.011007e+00
3.990599e+02	-9.704504e-01	-7.571112e-01	-8.483288e-01	1.000252e+00	1.144248e+00	-9.875054e-01
3.773083e+02	-9.729853e-01	-7.610937e-01	-8.566249e-01	1.023069e+00	1.150657e+00	-9.747847e-01
3.506366e+02	-9.762107e-01	-7.636888e-01	-8.647880e-01	1.050322e+00	1.165421e+00	-9.564758e-01
3.342236e+02	-9.789908e-01	-7.663671e-01	-8.715366e-01	1.068749e+00	1.170944e+00	-9.441674e-01
3.142235e+02	-9.821670e-01	-7.670246e-01	-8.750214e-01	1.089407e+00	1.191035e+00	-9.295549e-01
2.988978e+02	-9.848678e-01	-7.689056e-01	-8.831060e-01	1.109477e+00	1.189154e+00	-9.161253e-01
2.169273e+03	-9.803922e-03	-1.574342e+00	-1.330880e+00	7.650420e-01	1.670588e+00	-2.485696e+00
2.049953e+03	-4.769185e-02	-1.536454e+00	-1.292992e+00	8.029299e-01	1.632700e+00	-2.447808e+00
1.932351e+03	-8.473654e-02	-1.493324e+00	-1.259633e+00	8.342499e-01	1.598056e+00	-2.404846e+00
1.813281e+03	-1.229226e-01	-1.455610e+00	-1.222957e+00	8.674886e-01	1.566484e+00	-2.367105e+00
1.717179e+03	-1.473928e-01	-1.443700e+00	-1.198442e+00	8.996050e-01	1.533362e+00	-2.331843e+00
1.621082e+03	-1.643536e-01	-1.419692e+00	-1.162892e+00	9.341212e-01	1.495167e+00	-2.292951e+00
1.533684e+03	-1.923603e-01	-1.393843e+00	-1.132000e+00	9.631470e-01	1.477741e+00	-2.267194e+00
1.424782e+03	-2.233770e-01	-1.362487e+00	-1.106002e+00	9.959197e-01	1.445087e+00	-2.234114e+00
1.351554e+03	-2.451726e-01	-1.330375e+00	-1.068373e+00	1.023535e+00	1.436544e+00	-2.209694e+00
1.273032e+03	-2.728368e-01	-1.308791e+00	-1.041196e+00	1.047002e+00	1.421542e+00	-2.186637e+00
1.196080e+03	-2.917601e-01	-1.274525e+00	-1.004151e+00	1.077829e+00	1.407884e+00	-2.157633e+00
1.101426e+03	-3.154140e-01	-1.233856e+00	-9.622104e-01	1.113478e+00	1.386209e+00	-2.123050e+00
1.039470e+03	-3.333804e-01	-1.216802e+00	-9.381594e-01	1.138275e+00	1.373196e+00	-2.098261e+00
9.622618e+02	-3.598749e-01	-1.186618e+00	-9.022596e-01	1.164618e+00	1.359750e+00	-2.072504e+00
9.068535e+02	-3.746341e-01	-1.176206e+00	-8.878861e-01	1.190919e+00	1.344843e+00	-2.045716e+00
8.355940e+02	-3.924796e-01	-1.158002e+00	-8.630978e-01	1.224268e+00	1.321674e+00	-2.010973e+00
7.883392e+02	-4.088670e-01	-1.147798e+00	-8.490863e-01	1.246509e+00	1.312129e+00	-1.988748e+00
7.453783e+02	-4.183529e-01	-1.142798e+00	-8.457954e-01	1.273263e+00	1.295363e+00	-1.962257e+00
6.954186e+02	-4.382062e-01	-1.126686e+00	-8.252893e-01	1.296071e+00	1.288935e+00	-1.939078e+00
2.111812e+03	-2.494510e+00	-4.305882e-01	-9.762516e-01	3.230028e+00	8.250980e-01	1.785640e-01
1.739631e+03	-2.532398e+00	-3.927003e-01	-9.383637e-01	3.192140e+00	8.629860e-01	1.406761e-01
1.395221e+03	-2.569146e+00	-3.555425e-01	-8.985369e-01	3.149162e+00	8.556547e-01	9.623327e-02
1.140607e+03	-2.597876e+00	-3.243810e-01	-8.639070e-01	3.114508e+00	8.452995e-01	5.898014e-02
8.707725e+02	-2.632260e+00	-2.862979e-01	-8.239952e-01	3.073949e+00	8.217939e-01	1.742192e-02
6.747007e+02	-2.651986e+00	-2.575495e-01	-7.908491e-01	3.040842e+00	7.911968e-01	-1.884238e-02
4.950125e+02	-2.679604e+00	-2.233384e-01	-7.540200e-01	3.004637e+00	7.696905e-01	-5.587670e-02
3.679345e+02	-2.701005e+00	-1.990731e-01	-7.212090e-01	2.974338e+00	7.449923e-01	-9.077279e-02
2.633523e+02	-2.724012e+00	-1.702744e-01	-6.877365e-01	2.943402e+00	7.213001e-01	-1.217439e-01
1.911628e+02	-2.743620e+00	-1.423604e-01	-6.578237e-01	2.915420e+00	6.954455e-01	-1.497368e-01
1.485121e+02	-2.761945e+00	-1.186567e-01	-6.279940e-01	2.890216e+00	6.736588e-01	-1.754326e-01
1.290747e+02	-2.776842e+00	-9.769311e-02	-5.997801e-01	2.868396e+00	6.537451e-01	-1.969418e-01
1.272187e+02	-2.789991e+00	-7.970504e-02	-5.741947e-01	2.849171e+00	6.353762e-01	-2.170443e-01
1.362441e+02	-2.798719e+00	-6.562914e-02	-5.514352e-01	2.833842e+00	6.198383e-01	-2.334290e-01
1.522931e+02	-2.806592e+00	-5.394897e-02	-5.300727e-01	2.820387e+00	6.065312e-01	-2.483440e-01
1.706618e+02	-2.807502e+00	-4.432265e-02	-5.122783e-01	2.810956e+00	5.934424e-01	-2.579794e-01
1.849074e+02	-2.809859e+00	-3.949943e-02	-4.954187e-01	2.803062e+00	5.871377e-01	-2.679577e-01
1.151399e+03	-2.477255e+00	-4.700280e-01	-6.534488e-01	1.484818e+00	3.505882e-01	-3.897508e-01
9.322228e+02	-2.439367e+00	-4.321401e-01	-6.913367e-01	1.522706e+00	3.884762e-01	-3.518628e-01
8.025185e+02	-2.405379e+00	-3.944776e-01	-7.106477e-01	1.546078e+00	3.591306e-01	-3.232843e-01
6.956585e+02	-2.371968e+00	-3.682833e-01	-7.422532e-01	1.580785e+00	3.430657e-01	-2.924666e-01
6.486100e+02	-2.366883e+00	-3.843789e-01	-7.480844e-01	1.595740e+00	3.680573e-01	-2.771668e-01
6.095202e+02	-2.365444e+00	-3.890953e-01	-7.546933e-01	1.608160e+00	3.975812e-01	-2.597562e-01
5.418061e+02	-2.336062e+00	-3.827267e-01	-7.761830e-01	1.639325e+00	3.852785e-01	-2.355204e-01
4.995244e+02	-2.321418e+00	-4.071456e-01	-7.877777e-01	1.663381e+00	3.972379e-01	-2.215557e-01
4.666641e+02	-2.312710e+00	-3.780682e-01	-7.922598e-01	1.674129e+00	4.118244e-01	-1.986992e-01
4.303639e+02	-2.303512e+00	-3.830502e-01	-7.975879e-01	1.691843e+00	4.325864e-01	-1.806759e-01
4.058037e+02	-2.294317e+00	-3.831015e-01	-8.008607e-01	1.706598e+00	4.445465e-01	-1.682646e-01
3.813566e+02	-2.286041e+00	-3.657933e-01	-8.033382e-01	1.719342e+00	4.609588e-01	-1.492661e-01
3.574074e+02	-2.278557e+00	-3.889591e-01	-8.019270e-01	1.736095e+00	4.785496e-01	-1.420732e-01
3.336131e+02	-2.277175e+00	-3.931923e-01	-8.049808e-01	1.751561e+00	5.106731e-01	-1.301471e-01
3.169227e+02	-2.260978e+00	-3.764747e-01	-8.021400e-01	1.762813e+00	5.039930e-01	-1.130306e-01
3.021066e+02	-2.243109e+00	-3.767659e-01	-8.057926e-01	1.782646e+00	5.017359e-01	-1.000443e-01
2.853379e+02	-2.252079e+00	-3.742001e-01	-7.915064e-01	1.783797e+00	5.372296e-01	-9.301352e-02
2.756813e+02	-2.246194e+00	-3.876814e-01	-7.865325e-01	1.795897e+00	5.471539e-01	-8.937263e-02
2.575666e+02	-2.239430e+00	-3.649987e-01	-7.824484e-01	1.805695e+00	5.631399e-01	-7.145512e-02
1.013248e+03	-9.933333e-01	-1.298599e-01	1.488934e-02	2.554622e+00	1.450588e+00	-2.076509e+00
8.137240e+02	-9.554454e-01	-1.677479e-01	-2.299858e-02	2.592510e+00	1.412700e+00	-2.038621e+00
6.345923e+02	-9.312757e-01	-2.079940e-01	-4.486197e-02	2.623155e+00	1.368958e+00	-1.996285e+00
4.937623e+02	-9.025961e-01	-2.437206e-01	-7.547653e-02	2.657864e+00	1.330920e+00	-1.956473e+00
4.094800e+02	-8.860661e-01	-2.758213e-01	-8.556822e-02	2.665478e+00	1.304934e+00	-1.929093e+00
3.403338e+02	-8.683705e-01	-3.054833e-01	-9.820428e-02	2.681083e+00	1.280070e+00	-1.903133e+00
2.911023e+02	-8.570210e-01	-3.312951e-01	-1.064888e-01	2.681187e+00	1.260857e+00	-1.876327e+00
2.484051e+02	-8.454954e-01	-3.545024e-01	-1.172303e-01	2.677927e+00	1.240547e+00	-1.847112e+00
2.227853e+02	-8.396468e-01	-3.756239e-01	-1.213420e-01	2.670164e+00	1.230307e+00	-1.824453e+00
2.024883e+02	-8.346415e-01	-3.949360e-01	-1.267957e-01	2.663466e+00	1.224515e+00	-1.799576e+00
1.848440e+02	-8.329139e-01	-4.120687e-01	-1.282263e-01	2.647227e+00	1.217116e+00	-1.779667e+00
1.725878e+02	-8.377557e-01	-4.251113e-01	-1.231287e-01	2.625798e+00	1.212305e+00	-1.765447e+00
1.581837e+02	-8.357621e-01	-4.402506e-01	-1.277137e-01	2.608908e+00	1.207148e+00	-1.744027e+00
1.464632e+02	-8.373493e-01	-4.537223e-01	-1.261026e-01	2.580635e+00	1.207084e+00	-1.723310e+00
1.354137e+02	-8.363733e-01	-4.658176e-01	-1.335753e-01	2.568332e+00	1.202457e+00	-1.703737e+00
1.232296e+02	-8.277920e-01	-4.765474e-01	-1.463399e-01	2.548428e+00	1.193812e+00	-1.680249e+00
1.156342e+02	-8.327026e-01	-4.870587e-01	-1.499057e-01	2.534584e+00	1.193629e+00	-1.663859e+00
1.085386e+02	-8.342155e-01	-4.948679e-01	-1.557143e-01	2.519862e+00	1.193677e+00	-1.645737e+00
1.016755e+02	-8.394313e-01	-5.042947e-01	-1.600559e-01	2.503515e+00	1.193490e+00	-1.629804e+00
1.923472e+03	-1.692157e+00	2.103081e-01	-1.858276e+00	1.120000e+00	1.372941e+00	-6.443558e-01
1.698831e+03	-1.654269e+00	1.724202e-01	-1.896164e+00	1.157888e+00	1.335053e+00	-6.064679e-01
1.456258e+03	-1.610148e+00	1.242492e-01	-1.940056e+00	1.207394e+00	1.289122e+00	-5.600478e-01
1.276041e+03	-1.569656e+00	8.170060e-02	-1.977788e+00	1.250636e+00	1.247698e+00	-5.183076e-01
1.139708e+03	-1.532902e+00	4.236279e-02	-2.005229e+00	1.292176e+00	1.209892e+00	-4.826493e-01
1.036947e+03	-1.499369e+00	4.607383e-03	-2.021042e+00	1.329834e+00	1.174852e+00	-4.505160e-01
9.597639e+02	-1.468548e+00	-3.076351e-02	-2.026242e+00	1.366948e+00	1.145207e+00	-4.243968e-01
9.009525e+02	-1.443862e+00	-6.436356e-02	-2.021617e+00	1.399822e+00	1.121190e+00	-4.098828e-01
8.545718e+02	-1.419617e+00	-9.667843e-02	-2.011815e+00	1.432085e+00	1.099667e+00	-3.941366e-01
8.181318e+02	-1.399621e+00	-1.271579e-01	-1.998831e+00	1.461842e+00	1.082341e+00	-3.828450e-01
7.830673e+02	-1.382388e+00	-1.561818e-01	-1.976728e+00	1.488048e+00	1.070822e+00	-3.791109e-01
7.478573e+02	-1.369501e+00	-1.822143e-01	-1.949796e+00	1.510113e+00	1.066823e+00	-3.811126e-01
7.138925e+02	-1.358758e+00	-2.073361e-01	-1.922506e+00	1.530744e+00	1.063957e+00	-3.867075e-01
6.778472e+02	-1.351477e+00	-2.332063e-01	-1.893231e+00	1.548471e+00	1.062577e+00	-3.966734e-01
6.422379e+02	-1.345948e+00	-2.533734e-01	-1.862081e+00	1.563632e+00	1.067735e+00	-4.089937e-01
6.111481e+02	-1.341785e+00	-2.686668e-01	-1.832845e+00	1.575177e+00	1.073345e+00	-4.227528e-01
5.752943e+02	-1.340241e+00	-2.852924e-01	-1.800823e+00	1.586131e+00	1.083716e+00	-4.388927e-01
5.402034e+02	-1.340373e+00	-2.989025e-01	-1.767363e+00	1.593652e+00	1.096147e+00	-4.583830e-01
5.086569e+02	-1.340182e+00	-3.120870e-01	-1.736264e+00	1.601801e+00	1.108811e+00	-4.747246e-01
1.143313e+03	-8.121569e-01	-2.215238e+00	-4.488555e-01	2.875070e+00	1.122745e+00	-1.662776e+00
1.006141e+03	-7.742689e-01	-2.177350e+00	-4.109676e-01	2.837182e+00	1.160633e+00	-1.700664e+00
9.198381e+02	-7.329086e-01	-2.164432e+00	-3.734156e-01	2.804319e+00	1.184940e+00	-1.731235e+00
8.496340e+02	-7.000124e-01	-2.148625e+00	-3.386065e-01	2.772874e+00	1.212950e+00	-1.756809e+00
7.941299e+02	-6.665531e-01	-2.120299e+00	-3.029470e-01	2.744397e+00	1.232398e+00	-1.781893e+00
7.520163e+02	-6.470458e-01	-2.095205e+00	-2.740940e-01	2.713024e+00	1.253462e+00	-1.807990e+00
7.164659e+02	-6.198502e-01	-2.061968e+00	-2.405408e-01	2.693021e+00	1.269233e+00	-1.823318e+00
6.914454e+02	-5.946941e-01	-2.035913e+00	-2.105592e-01	2.674914e+00	1.286359e+00	-1.836004e+00
6.665457e+02	-5.759670e-01	-2.002653e+00	-1.802546e-01	2.656805e+00	1.296275e+00	-1.844246e+00
6.462940e+02	-5.666059e-01	-1.974216e+00	-1.545085e-01	2.645073e+00	1.300896e+00	-1.843084e+00
6.247541e+02	-5.514757e-01	-1.941302e+00	-1.261313e-01	2.628589e+00	1.307319e+00	-1.846028e+00
5.998190e+02	-5.543956e-01	-1.908067e+00	-9.905901e-02	2.612785e+00	1.308417e+00	-1.838627e+00
5.808328e+02	-5.409293e-01	-1.877116e+00	-7.334929e-02	2.599243e+00	1.311493e+00	-1.838189e+00
5.596706e+02	-5.295558e-01	-1.839776e+00	-4.233592e-02	2.589980e+00	1.313903e+00	-1.839256e+00
5.436628e+02	-5.221084e-01	-1.815721e+00	-2.245154e-02	2.576953e+00	1.312810e+00	-1.831776e+00
5.352772e+02	-4.991142e-01	-1.794972e+00	-5.630034e-03	2.567526e+00	1.310780e+00	-1.819268e+00
5.151801e+02	-5.038695e-01	-1.768577e+00	1.459431e-02	2.554957e+00	1.308282e+00	-1.811556e+00
4.950366e+02	-5.075301e-01	-1.738895e+00	3.434268e-02	2.540593e+00	1.307059e+00	-1.806163e+00
4.764394e+02	-5.126978e-01	-1.714399e+00	5.335455e-02	2.530065e+00	1.303720e+00	-1.795885e+00
2.947399e+02	-1.528235e+00	-5.591036e-02	-7.580187e-01	2.529972e+00	1.092549e+00	-5.943441e-01
2.312866e+02	-1.490347e+00	-9.379829e-02	-7.201308e-01	2.492084e+00	1.054661e+00	-6.322320e-01
1.855729e+02	-1.464822e+00	-1.147140e-01	-6.741343e-01	2.445995e+00	1.021993e+00	-6.525618e-01
1.504374e+02	-1.494031e+00	-1.243254e-01	-6.347266e-01	2.405694e+00	1.000248e+00	-6.774385e-01
1.295254e+02	-1.489183e+00	-1.498938e-01	-5.985733e-01	2.380759e+00	9.772901e-01	-6.840534e-01
1.168658e+02	-1.495952e+00	-1.705864e-01	-5.703012e-01	2.362883e+00	9.644920e-01	-6.938039e-01
1.083633e+02	-1.483285e+00	-1.893908e-01	-5.403139e-01	2.345658e+00	9.516180e-01	-6.865565e-01
1.104281e+02	-1.457256e+00	-2.147904e-01	-5.147427e-01	2.340242e+00	9.349215e-01	-6.725119e-01
9.921905e+01	-1.458500e+00	-2.162206e-01	-4.900311e-01	2.325033e+00	9.397765e-01	-6.631361e-01
8.648811e+01	-1.476464e+00	-2.183286e-01	-4.628986e-01	2.303067e+00	9.478473e-01	-6.629633e-01
7.973812e+01	-1.469414e+00	-2.150297e-01	-4.466347e-01	2.298218e+00	9.573619e-01	-6.488820e-01
7.334068e+01	-1.456455e+00	-1.980339e-01	-4.335663e-01	2.293311e+00	9.715606e-01	-6.317127e-01
6.946360e+01	-1.450294e+00	-2.004735e-01	-4.186316e-01	2.291133e+00	9.782258e-01	-6.202451e-01
6.967699e+01	-1.432045e+00	-2.061631e-01	-4.090112e-01	2.299782e+00	9.806663e-01	-6.035193e-01
6.547157e+01	-1.431734e+00	-2.061325e-01	-3.945296e-01	2.294349e+00	9.878037e-01	-5.991696e-01
6.203179e+01	-1.433512e+00	-2.099586e-01	-3.798440e-01	2.289722e+00	9.934822e-01	-5.987710e-01
5.969153e+01	-1.429927e+00	-2.084655e-01	-3.676091e-01	2.285451e+00	9.978340e-01	-5.956620e-01
5.739169e+01	-1.423633e+00	-1.967159e-01	-3.552164e-01	2.276031e+00	1.001633e+00	-5.943228e-01
5.614827e+01	-1.417417e+00	-1.996403e-01	-3.448536e-01	2.276035e+00	1.002954e+00	-5.915412e-01
1.763110e+03	-1.562745e+00	-7.214566e-01	-2.503882e+00	1.790476e+00	2.447059e+00	1.058197e-01
1.682941e+03	-1.524857e+00	-6.835687e-01	-2.465994e+00	1.752588e+00	2.409171e+00	6.793178e-02
1.566873e+03	-1.510260e+00	-6.940265e-01	-2.417728e+00	1.704192e+00	2.363513e+00	6.062929e-02
1.475822e+03	-1.509954e+00	-7.000990e-01	-2.375592e+00	1.668350e+00	2.323000e+00	7.002383e-02
1.378433e+03	-1.492603e+00	-7.104191e-01	-2.333174e+00	1.627082e+00	2.279980e+00	5.700886e-02
1.298501e+03	-1.466656e+00	-7.090465e-01	-2.299793e+00	1.589627e+00	2.242542e+00	4.246839e-02
1.217856e+03	-1.456455e+00	-7.204554e-01	-2.262015e+00	1.552707e+00	2.202765e+00	2.562385e-02
1.145661e+03	-1.438594e+00	-7.221734e-01	-2.227021e+00	1.518418e+00	2.164403e+00	1.009767e-02
1.078871e+03	-1.431676e+00	-7.338007e-01	-2.191428e+00	1.485465e+00	2.127904e+00	-9.276743e-03
1.020766e+03	-1.431781e+00	-7.426689e-01	-2.156337e+00	1.455200e+00	2.093435e+00	-2.783265e-02
9.645073e+02	-1.423795e+00	-7.540708e-01	-2.123170e+00	1.425957e+00	2.058963e+00	-4.918519e-02
9.116494e+02	-1.411436e+00	-7.726210e-01	-2.090108e+00	1.398946e+00	2.025984e+00	-6.746947e-02
8.656465e+02	-1.405543e+00	-7.802566e-01	-2.058439e+00	1.373361e+00	1.993529e+00	-9.034026e-02
8.249273e+02	-1.405405e+00	-7.802819e-01	-2.027774e+00	1.344116e+00	1.962169e+00	-1.198931e-01
7.860597e+02	-1.398499e+00	-7.880259e-01	-1.997697e+00	1.325274e+00	1.931576e+00	-1.376195e-01
7.492769e+02	-1.394429e+00	-7.956443e-01	-1.969723e+00	1.307084e+00	1.899846e+00	-1.550096e-01
7.167143e+02	-1.386669e+00	-8.012947e-01	-1.941238e+00	1.291047e+00	1.871855e+00	-1.737777e-01
6.860117e+02	-1.374914e+00	-8.034856e-01	-1.912502e+00	1.277253e+00	1.845796e+00	-1.930283e-01
6.576959e+02	-1.368078e+00	-8.078788e-01	-1.885811e+00	1.263826e+00	1.819104e+00	-2.126691e-01
1.142698e+03	-1.450588e+00	-1.372213e+00	-2.099242e+00	2.909580e+00	1.360000e+00	-2.358393e+00
9.884967e+02	-1.412700e+00	-1.334325e+00	-2.061354e+00	2.871692e+00	1.322112e+00	-2.396281e+00
8.377231e+02	-1.369722e+00	-1.294575e+00	-2.087975e+00	2.858974e+00	1.286699e+00	-2.365616e+00
7.344405e+02	-1.334649e+00	-1.259799e+00	-2.106525e+00	2.862436e+00	1.261389e+00	-2.329689e+00
6.644662e+02	-1.302805e+00	-1.233553e+00	-2.098293e+00	2.840744e+00	1.260816e+00	-2.318180e+00
6.167203e+02	-1.273310e+00	-1.213261e+00	-2.076304e+00	2.816861e+00	1.287888e+00	-2.306289e+00
5.643148e+02	-1.252403e+00	-1.191630e+00	-2.057683e+00	2.798131e+00	1.280044e+00	-2.288579e+00
5.199536e+02	-1.223087e+00	-1.173506e+00	-2.058538e+00	2.794251e+00	1.272570e+00	-2.259478e+00
4.842868e+02	-1.212498e+00	-1.154683e+00	-2.032248e+00	2.773879e+00	1.270842e+00	-2.250944e+00
4.591125e+02	-1.192149e+00	-1.143466e+00	-2.014817e+00	2.745818e+00	1.273936e+00	-2.251688e+00
4.288536e+02	-1.186803e+00	-1.125792e+00	-1.986190e+00	2.735703e+00	1.272145e+00	-2.235525e+00
3.973829e+02	-1.192020e+00	-1.105400e+00	-1.951194e+00	2.733032e+00	1.261166e+00	-2.213712e+00
3.743399e+02	-1.180021e+00	-1.092153e+00	-1.929179e+00	2.718088e+00	1.266800e+00	-2.201056e+00
3.557754e+02	-1.170624e+00	-1.084195e+00	-1.912643e+00	2.696389e+00	1.263765e+00	-2.187330e+00
3.338318e+02	-1.161387e+00	-1.069171e+00	-1.886517e+00	2.686763e+00	1.269726e+00	-2.173919e+00
3.137148e+02	-1.142722e+00	-1.058330e+00	-1.865495e+00	2.684156e+00	1.262911e+00	-2.155850e+00
2.948833e+02	-1.139830e+00	-1.043967e+00	-1.839597e+00	2.669521e+00	1.270193e+00	-2.143586e+00
2.801928e+02	-1.134942e+00	-1.030546e+00	-1.814763e+00	2.663556e+00	1.282575e+00	-2.129088e+00
2.618445e+02	-1.131111e+00	-1.018117e+00	-1.789692e+00	2.647326e+00	1.279081e+00	-2.116536e+00
4.292391e+02	-1.053725e+00	-6.327171e-01	-2.078900e-01	1.085490e+00	1.135686e+00	5.126149e-02
4.013226e+02	-1.015838e+00	-6.706050e-01	-2.457780e-01	1.123378e+00	1.097798e+00	1.337356e-02
3.608626e+02	-1.017730e+00	-6.685668e-01	-2.789106e-01	1.164606e+00	1.119083e+00	-2.651048e-02
3.264346e+02	-1.002987e+00	-6.434610e-01	-3.135130e-01	1.203095e+00	1.136406e+00	-5.688739e-02
2.950648e+02	-1.013132e+00	-6.384261e-01	-3.391381e-01	1.234818e+00	1.157753e+00	-9.451558e-02
2.682532e+02	-1.024146e+00	-6.447198e-01	-3.616689e-01	1.266735e+00	1.179876e+00	-1.301754e-01
2.449593e+02	-1.032308e+00	-6.342955e-01	-3.857391e-01	1.294165e+00	1.190959e+00	-1.640303e-01
2.234876e+02	-1.040360e+00	-6.212361e-01	-4.087455e-01	1.320928e+00	1.196854e+00	-1.995921e-01
2.059403e+02	-1.045784e+00	-6.137362e-01	-4.303007e-01	1.346340e+00	1.199969e+00	-2.275875e-01
1.917614e+02	-1.043816e+00	-6.146416e-01	-4.528222e-01	1.370292e+00	1.180697e+00	-2.579341e-01
1.764711e+02	-1.051765e+00	-6.053775e-01	-4.703564e-01	1.393864e+00	1.187332e+00	-2.843207e-01
1.653465e+02	-1.059776e+00	-5.958433e-01	-4.840892e-01	1.409844e+00	1.187365e+00	-3.097811e-01
1.526796e+02	-1.066800e+00	-5.917835e-01	-5.002921e-01	1.433010e+00	1.191864e+00	-3.358310e-01
1.420383e+02	-1.066820e+00	-6.041530e-01	-5.200831e-01	1.459177e+00	1.183889e+00	-3.589481e-01
1.315760e+02	-1.074728e+00	-5.934856e-01	-5.312749e-01	1.477359e+00	1.190665e+00	-3.856818e-01
1.230284e+02	-1.080222e+00	-5.828935e-01	-5.417768e-01	1.493501e+00	1.192100e+00	-4.118998e-01
1.151678e+02	-1.084161e+00	-5.775289e-01	-5.520584e-01	1.511558e+00	1.195288e+00	-4.356693e-01
1.085828e+02	-1.086211e+00	-5.646631e-01	-5.607508e-01	1.526564e+00	1.196295e+00	-4.617778e-01
1.018589e+02	-1.088083e+00	-5.700870e-01	-5.701194e-01	1.544612e+00	1.195392e+00	-4.818234e-01
1.550876e+03	-5.447059e-01	-6.770868e-01	1.249791e-03	1.184090e+00	4.843137e-01	-5.306928e-01
1.374798e+03	-5.825938e-01	-6.391989e-01	3.913772e-02	1.146202e+00	5.222017e-01	-5.685808e-01
1.202726e+03	-6.222939e-01	-6.255720e-01	1.829550e-02	1.125743e+00	5.723023e-01	-5.785013e-01
1.074710e+03	-6.581837e-01	-6.005468e-01	2.249615e-03	1.102678e+00	6.151252e-01	-5.868797e-01
9.505516e+02	-6.966532e-01	-5.974025e-01	-2.688690e-02	1.091522e+00	6.613197e-01	-5.957116e-01
8.518713e+02	-7.325147e-01	-5.898085e-01	-5.558362e-02	1.082289e+00	7.031241e-01	-6.082633e-01
7.609310e+02	-7.670317e-01	-5.897765e-01	-8.962807e-02	1.081920e+00	7.454981e-01	-6.132357e-01
6.785953e+02	-7.967968e-01	-5.964713e-01	-1.252385e-01	1.092929e+00	7.859048e-01	-6.103297e-01
6.096455e+02	-8.268605e-01	-5.963035e-01	-1.593416e-01	1.101361e+00	8.233062e-01	-6.118380e-01
5.525010e+02	-8.511969e-01	-5.919501e-01	-1.937809e-01	1.112961e+00	8.565151e-01	-6.113426e-01
4.957257e+02	-8.765361e-01	-5.920873e-01	-2.285211e-01	1.129493e+00	8.903852e-01	-6.101453e-01
4.456525e+02	-8.989415e-01	-5.901436e-01	-2.635860e-01	1.148384e+00	9.214247e-01	-6.093897e-01
3.984664e+02	-9.201230e-01	-5.900756e-01	-2.976447e-01	1.170131e+00	9.519755e-01	-6.061951e-01
3.587173e+02	-9.402002e-01	-5.887441e-01	-3.275385e-01	1.190447e+00	9.801495e-01	-6.027319e-01
3.202075e+02	-9.574582e-01	-5.881271e-01	-3.599244e-01	1.215045e+00	1.007391e+00	-5.983446e-01
2.866880e+02	-9.730384e-01	-5.860356e-01	-3.908416e-01	1.239561e+00	1.032493e+00	-5.944497e-01
2.556366e+02	-9.868693e-01	-5.854335e-01	-4.217399e-01	1.265776e+00	1.056513e+00	-5.893842e-01
2.280379e+02	-9.995035e-01	-5.851332e-01	-4.501750e-01	1.292352e+00	1.079570e+00	-5.839695e-01
2.038746e+02	-1.010392e+00	-5.852971e-01	-4.789134e-01	1.318987e+00	1.100275e+00	-5.789635e-01
1.104558e+03	-1.774118e+00	1.215686e-01	-1.535473e+00	1.598207e+00	8.164706e-01	-9.035073e-01
1.019902e+03	-1.736230e+00	8.368070e-02	-1.573361e+00	1.636095e+00	7.785827e-01	-8.656194e-01
8.792818e+02	-1.689136e+00	3.801139e-02	-1.535610e+00	1.684701e+00	8.040374e-01	-8.188769e-01
7.765523e+02	-1.649261e+00	-3.421781e-03	-1.498301e+00	1.725348e+00	8.168648e-01	-7.883848e-01
6.777675e+02	-1.609462e+00	-4.188309e-02	-1.459914e+00	1.768557e+00	8.446116e-01	-7.501846e-01
6.019493e+02	-1.573597e+00	-7.989269e-02	-1.422088e+00	1.804462e+00	8.601504e-01	-7.191020e-01
5.343570e+02	-1.545985e+00	-1.129003e-01	-1.386758e+00	1.840469e+00	8.864490e-01	-6.880460e-01
4.751770e+02	-1.524277e+00	-1.443021e-01	-1.350382e+00	1.872201e+00	9.139824e-01	-6.599783e-01
4.227795e+02	-1.510230e+00	-1.755989e-01	-1.313656e+00	1.900153e+00	9.409913e-01	-6.393216e-01
3.785403e+02	-1.496731e+00	-2.071489e-01	-1.276302e+00	1.923769e+00	9.613220e-01	-6.205366e-01
3.387822e+02	-1.492940e+00	-2.355592e-01	-1.240184e+00	1.943660e+00	9.859278e-01	-6.092759e-01
3.044078e+02	-1.490331e+00	-2.652223e-01	-1.203763e+00	1.962946e+00	1.006051e+00	-5.988984e-01
2.752685e+02	-1.492766e+00	-2.902034e-01	-1.168550e+00	1.974755e+00	1.028037e+00	-5.955262e-01
2.513188e+02	-1.495721e+00	-3.166381e-01	-1.134301e+00	1.987544e+00	1.045709e+00	-5.905976e-01
2.313961e+02	-1.498445e+00	-3.383565e-01	-1.100288e+00	1.993159e+00	1.063723e+00	-5.906175e-01
1.399921e+03	-7.301961e-01	-2.126499e+00	-7.716583e-01	2.396863e+00	1.679216e+00	-1.403624e+00
1.293425e+03	-6.923082e-01	-2.164387e+00	-7.337704e-01	2.358975e+00	1.641328e+00	-1.441512e+00
1.174673e+03	-6.489956e-01	-2.146119e+00	-6.921649e-01	2.315314e+00	1.605620e+00	-1.422504e+00
1.093625e+03	-6.087432e-01	-2.157754e+00	-6.676089e-01	2.301393e+00	1.571480e+00	-1.388601e+00
1.014189e+03	-5.943716e-01	-2.138401e+00	-6.326035e-01	2.269930e+00	1.540190e+00	-1.389225e+00
9.435213e+02	-5.925160e-01	-2.111495e+00	-5.959319e-01	2.255252e+00	1.509812e+00	-1.374620e+00
8.876835e+02	-5.751963e-01	-2.096499e+00	-5.699368e-01	2.230164e+00	1.482825e+00	-1.378267e+00
8.453608e+02	-5.639935e-01	-2.084639e+00	-5.492560e-01	2.201550e+00	1.460691e+00	-1.387397e+00
8.020710e+02	-5.487056e-01	-2.064511e+00	-5.215553e-01	2.185922e+00	1.437207e+00	-1.388695e+00
7.626630e+02	-5.428226e-01	-2.044484e+00	-4.970510e-01	2.165250e+00	1.413372e+00	-1.393649e+00
7.308641e+02	-5.287346e-01	-2.022193e+00	-4.695140e-01	2.154197e+00	1.395165e+00	-1.396629e+00
7.014312e+02	-5.228277e-01	-2.002481e+00	-4.470953e-01	2.142463e+00	1.373122e+00	-1.397865e+00
6.765774e+02	-5.110107e-01	-1.977833e+00	-4.195329e-01	2.132585e+00	1.360430e+00	-1.404669e+00
6.517346e+02	-4.986328e-01	-1.947926e+00	-3.884830e-01	2.124833e+00	1.351915e+00	-1.417010e+00
6.316141e+02	-4.916715e-01	-1.925882e+00	-3.646923e-01	2.116031e+00	1.340518e+00	-1.424131e+00
6.186082e+02	-4.747110e-01	-1.907854e+00	-3.464999e-01	2.105672e+00	1.329052e+00	-1.435277e+00
5.978753e+02	-4.755384e-01	-1.882741e+00	-3.213193e-01	2.099099e+00	1.320728e+00	-1.442880e+00
5.772778e+02	-4.775363e-01	-1.855939e+00	-2.978816e-01	2.091863e+00	1.314949e+00	-1.454082e+00
5.578931e+02	-4.787532e-01	-1.830895e+00	-2.732479e-01	2.087205e+00	1.308284e+00	-1.461312e+00
1.352941e+03	-2.300392e+00	9.691877e-02	-2.331114e+00	1.726387e+00	9.631373e-01	-4.761346e-01
1.289707e+03	-2.262504e+00	5.903084e-02	-2.369002e+00	1.764274e+00	9.252493e-01	-5.140225e-01
1.307027e+03	-2.222395e+00	5.903149e-02	-2.417723e+00	1.799641e+00	9.027201e-01	-4.855921e-01
1.315004e+03	-2.188862e+00	6.774845e-02	-2.402842e+00	1.818459e+00	8.837678e-01	-4.799053e-01
1.284971e+03	-2.151600e+00	7.062918e-02	-2.372020e+00	1.845574e+00	8.828146e-01	-5.001538e-01
1.298250e+03	-2.114401e+00	7.654736e-02	-2.351142e+00	1.871556e+00	8.634711e-01	-4.880092e-01
1.265908e+03	-2.084614e+00	8.102525e-02	-2.320033e+00	1.890943e+00	8.718654e-01	-5.047098e-01
1.251090e+03	-2.054852e+00	9.308031e-02	-2.289556e+00	1.907268e+00	8.757972e-01	-5.141169e-01
1.213423e+03	-2.028254e+00	9.642425e-02	-2.255182e+00	1.921983e+00	8.875803e-01	-5.333927e-01
1.176140e+03	-2.005206e+00	9.933292e-02	-2.220659e+00	1.931349e+00	9.011692e-01	-5.531469e-01
1.142950e+03	-1.980173e+00	1.031270e-01	-2.185250e+00	1.943553e+00	9.129781e-01	-5.723820e-01
1.124671e+03	-1.954515e+00	1.145372e-01	-2.151111e+00	1.956287e+00	9.222868e-01	-5.829229e-01
1.094279e+03	-1.930549e+00	1.160364e-01	-2.115913e+00	1.968348e+00	9.324969e-01	-5.997476e-01
1.063543e+03	-1.908253e+00	1.152326e-01	-2.081941e+00	1.979307e+00	9.432934e-01	-6.176239e-01
1.037826e+03	-1.884489e+00	1.157111e-01	-2.047595e+00	1.992520e+00	9.501515e-01	-6.310759e-01
1.016068e+03	-1.860682e+00	1.185118e-01	-2.013465e+00	2.005407e+00	9.557415e-01	-6.429066e-01
9.918001e+02	-1.837392e+00	1.171751e-01	-1.979459e+00	2.019434e+00	9.595437e-01	-6.535704e-01
9.673588e+02	-1.814499e+00	1.155383e-01	-1.943604e+00	2.033817e+00	9.636476e-01	-6.621749e-01
9.444656e+02	-1.791791e+00	1.127491e-01	-1.910731e+00	2.047846e+00	9.646564e-01	-6.704029e-01
3.290141e+03	-1.282353e+00	2.448179e-01	-2.185625e+00	2.658151e+00	2.058824e+00	-9.080538e-01
3.016553e+03	-1.244465e+00	2.069300e-01	-2.223513e+00	2.620263e+00	2.020936e+00	-8.701659e-01
2.698862e+03	-1.197259e+00	1.575141e-01	-2.254517e+00	2.572851e+00	1.974167e+00	-8.259394e-01
2.450913e+03	-1.155113e+00	1.156906e-01	-2.260348e+00	2.530771e+00	1.933534e+00	-8.150070e-01
2.204312e+03	-1.117282e+00	7.036758e-02	-2.264750e+00	2.491083e+00	1.888883e+00	-7.861232e-01
1.999064e+03	-1.081229e+00	3.532297e-02	-2.260504e+00	2.452550e+00	1.847059e+00	-7.573147e-01
1.809288e+03	-1.048709e+00	-3.795010e-03	-2.246895e+00	2.414836e+00	1.806437e+00	-7.306907e-01
1.644084e+03	-1.017434e+00	-4.016236e-02	-2.223177e+00	2.379268e+00	1.767953e+00	-7.080108e-01
1.491501e+03	-9.906093e-01	-7.765418e-02	-2.196486e+00	2.343083e+00	1.729473e+00	-6.862532e-01
1.360149e+03	-9.671297e-01	-1.138918e-01	-2.166158e+00	2.307846e+00	1.694320e+00	-6.653492e-01
1.238468e+03	-9.468663e-01	-1.499137e-01	-2.132519e+00	2.273778e+00	1.658558e+00	-6.513334e-01
1.129323e+03	-9.301835e-01	-1.840089e-01	-2.097041e+00	2.241609e+00	1.623537e+00	-6.433489e-01
1.030735e+03	-9.183268e-01	-2.180986e-01	-2.060164e+00	2.209478e+00	1.590896e+00	-6.381568e-01
9.410575e+02	-9.100637e-01	-2.493612e-01	-2.026472e+00	2.178082e+00	1.558244e+00	-6.384693e-01
8.584589e+02	-9.071881e-01	-2.821054e-01	-1.990236e+00	2.148082e+00	1.529406e+00	-6.420812e-01
7.819713e+02	-9.079822e-01	-3.121733e-01	-1.954312e+00	2.119364e+00	1.502300e+00	-6.522727e-01
7.087321e+02	-9.133625e-01	-3.429379e-01	-1.917174e+00	2.091429e+00	1.476774e+00	-6.640462e-01
6.341435e+02	-9.247593e-01	-3.753398e-01	-1.878283e+00	2.063301e+00	1.451811e+00	-6.811978e-01
5.718631e+02	-9.354111e-01	-4.025619e-01	-1.844360e+00	2.037878e+00	1.429953e+00	-6.983124e-01
2.840866e+03	-1.221961e+00	-2.249748e+00	-1.215062e-01	1.336919e+00	4.368627e-01	-1.399078e+00
2.634709e+03	-1.184073e+00	-2.287636e+00	-8.361827e-02	1.299031e+00	4.747507e-01	-1.361190e+00
2.404258e+03	-1.141050e+00	-2.332460e+00	-4.056964e-02	1.253888e+00	5.190313e-01	-1.388519e+00
2.227559e+03	-1.100711e+00	-2.373126e+00	-4.214765e-03	1.214888e+00	5.554205e-01	-1.420713e+00
2.081890e+03	-1.076059e+00	-2.390889e+00	3.152439e-02	1.182684e+00	5.931057e-01	-1.435303e+00
1.965454e+03	-1.063166e+00	-2.386091e+00	7.026985e-02	1.152701e+00	6.272376e-01	-1.459631e+00
1.863461e+03	-1.037838e+00	-2.404313e+00	8.735692e-02	1.129814e+00	6.591891e-01	-1.467338e+00
1.778161e+03	-1.012104e+00	-2.420984e+00	1.067629e-01	1.113792e+00	6.866698e-01	-1.472075e+00
1.701410e+03	-9.909387e-01	-2.435105e+00	1.247567e-01	1.097194e+00	7.146464e-01	-1.480562e+00
1.626423e+03	-9.639565e-01	-2.456784e+00	1.386596e-01	1.089893e+00	7.431493e-01	-1.482825e+00
1.569803e+03	-9.484536e-01	-2.463952e+00	1.586981e-01	1.078444e+00	7.666136e-01	-1.490684e+00
1.522273e+03	-9.345717e-01	-2.467887e+00	1.828513e-01	1.063997e+00	7.870983e-01	-1.501191e+00
1.471621e+03	-9.183299e-01	-2.475636e+00	2.001353e-01	1.062291e+00	8.094822e-01	-1.504635e+00
1.425913e+03	-9.005628e-01	-2.482393e+00	2.208353e-01	1.056112e+00	8.304229e-01	-1.511536e+00
1.380621e+03	-8.857306e-01	-2.488546e+00	2.378814e-01	1.061098e+00	8.509922e-01	-1.512126e+00
1.338911e+03	-8.634887e-01	-2.505379e+00	2.439089e-01	1.065856e+00	8.720225e-01	-1.509357e+00
1.298058e+03	-8.524770e-01	-2.505752e+00	2.642748e-01	1.074194e+00	8.904468e-01	-1.510155e+00
1.258760e+03	-8.386665e-01	-2.507253e+00	2.857205e-01	1.082638e+00	9.077741e-01	-1.510302e+00
1.219786e+03	-8.277291e-01	-2.507711e+00	3.043005e-01	1.094146e+00	9.256718e-01	-1.509331e+00
1.612676e+03	-1.420392e+00	-1.115854e+00	-2.090149e+00	9.770308e-01	6.137255e-01	-2.153800e+00
1.506460e+03	-1.458280e+00	-1.077966e+00	-2.052261e+00	1.014919e+00	6.516134e-01	-2.115912e+00
1.397767e+03	-1.497371e+00	-1.039135e+00	-2.008046e+00	1.024417e+00	6.969744e-01	-2.107476e+00
1.324120e+03	-1.519443e+00	-1.011039e+00	-1.968002e+00	1.008851e+00	7.324794e-01	-2.114103e+00
1.236350e+03	-1.547772e+00	-9.796433e-01	-1.933608e+00	1.030920e+00	7.724160e-01	-2.094624e+00
1.143327e+03	-1.536826e+00	-9.656637e-01	-1.904116e+00	1.057940e+00	8.099867e-01	-2.069016e+00
1.064143e+03	-1.537671e+00	-9.480221e-01	-1.872629e+00	1.083732e+00	8.436238e-01	-2.047934e+00
9.996724e+02	-1.515159e+00	-9.569584e-01	-1.850147e+00	1.109406e+00	8.719950e-01	-2.026699e+00
9.261964e+02	-1.508332e+00	-9.475549e-01	-1.821474e+00	1.139600e+00	9.029332e-01	-2.003430e+00
8.605286e+02	-1.505237e+00	-9.447974e-01	-1.796351e+00	1.170783e+00	9.338404e-01	-1.976666e+00
7.935927e+02	-1.488655e+00	-9.408962e-01	-1.770555e+00	1.201996e+00	9.606314e-01	-1.953746e+00
7.314894e+02	-1.480357e+00	-9.346655e-01	-1.744748e+00	1.235889e+00	9.863721e-01	-1.928934e+00
6.720394e+02	-1.459437e+00	-9.362040e-01	-1.721953e+00	1.266425e+00	1.010994e+00	-1.904801e+00
6.173425e+02	-1.448315e+00	-9.318636e-01	-1.699573e+00	1.299607e+00	1.033500e+00	-1.880219e+00
5.651280e+02	-1.426783e+00	-9.354634e-01	-1.677989e+00	1.329307e+00	1.056307e+00	-1.855162e+00
5.205786e+02	-1.397801e+00	-9.482211e-01	-1.661283e+00	1.356550e+00	1.077329e+00	-1.832175e+00
4.754701e+02	-1.383545e+00	-9.469299e-01	-1.639538e+00	1.386963e+00	1.097447e+00	-1.806407e+00
4.222976e+02	-1.367077e+00	-9.400078e-01	-1.615168e+00	1.421028e+00	1.122227e+00	-1.776772e+00
3.884704e+02	-1.355378e+00	-9.390204e-01	-1.595554e+00	1.448458e+00	1.137177e+00	-1.752800e+00
8.095025e+02	-1.549804e+00	-4.946779e-01	-9.216934e-01	8.784314e-01	3.807843e-01	1.488934e-02
7.306998e+02	-1.587692e+00	-5.325658e-01	-8.838055e-01	9.163193e-01	4.186722e-01	-2.299858e-02
6.559083e+02	-1.575762e+00	-5.688735e-01	-9.022603e-01	9.562656e-01	4.596217e-01	1.009167e-02
6.266235e+02	-1.583357e+00	-5.626281e-01	-8.840996e-01	9.686280e-01	4.845693e-01	3.235188e-02
5.786006e+02	-1.590073e+00	-5.837036e-01	-8.946868e-01	9.993350e-01	5.176497e-01	5.783999e-02
5.460773e+02	-1.594107e+00	-6.039421e-01	-8.860261e-01	1.021661e+00	5.436542e-01	7.816964e-02
5.130385e+02	-1.615150e+00	-5.964737e-01	-8.810200e-01	1.042721e+00	5.710635e-01	9.965620e-02
4.914828e+02	-1.604965e+00	-5.915272e-01	-8.647008e-01	1.057552e+00	5.873092e-01	1.168299e-01
4.609647e+02	-1.623872e+00	-5.826348e-01	-8.626631e-01	1.079727e+00	6.138060e-01	1.378598e-01
4.416190e+02	-1.643189e+00	-5.807256e-01	-8.513934e-01	1.094468e+00	6.329285e-01	1.483154e-01
4.146779e+02	-1.638167e+00	-5.708745e-01	-8.491683e-01	1.117868e+00	6.550567e-01	1.702900e-01
3.910712e+02	-1.649087e+00	-5.663533e-01	-8.343607e-01	1.137096e+00	6.789972e-01	1.903455e-01
3.726018e+02	-1.640437e+00	-5.597845e-01	-8.326861e-01	1.157812e+00	6.945790e-01	2.027410e-01
3.541497e+02	-1.649710e+00	-5.650795e-01	-8.190091e-01	1.177453e+00	7.139059e-01	2.109564e-01
3.389485e+02	-1.644468e+00	-5.533617e-01	-8.133554e-01	1.195278e+00	7.284999e-01	2.209378e-01
3.174740e+02	-1.643958e+00	-5.492583e-01	-8.261935e-01	1.226253e+00	7.532367e-01	2.400640e-01
3.089170e+02	-1.656634e+00	-5.424417e-01	-8.014945e-01	1.232643e+00	7.633972e-01	2.339133e-01
2.977775e+02	-1.655847e+00	-5.371236e-01	-7.887370e-01	1.247586e+00	7.764441e-01	2.353040e-01
2.888346e+02	-1.664873e+00	-5.342006e-01	-7.748786e-01	1.259661e+00	7.884579e-01	2.326445e-01
1.970643e+03	-1.019216e+00	4.321569e-01	-4.876191e-02	1.253109e+00	1.290980e+00	-1.667322e+00
1.746839e+03	-9.813278e-01	3.942689e-01	-8.664984e-02	1.290997e+00	1.253092e+00	-1.629434e+00
1.526599e+03	-9.407004e-01	3.501657e-01	-7.055795e-02	1.327046e+00	1.218932e+00	-1.582405e+00
1.336120e+03	-9.021507e-01	3.096760e-01	-7.660741e-02	1.364033e+00	1.183323e+00	-1.540610e+00
1.181047e+03	-8.682886e-01	2.704265e-01	-6.208205e-02	1.395758e+00	1.156609e+00	-1.499596e+00
1.067029e+03	-8.457997e-01	2.344460e-01	-3.789591e-02	1.422026e+00	1.139567e+00	-1.467882e+00
9.506191e+02	-8.171364e-01	1.977095e-01	-2.946510e-02	1.453305e+00	1.118287e+00	-1.431749e+00
8.546343e+02	-7.922807e-01	1.631851e-01	-1.872248e-02	1.482258e+00	1.101248e+00	-1.397466e+00
7.709943e+02	-7.688691e-01	1.294040e-01	-1.065557e-02	1.511810e+00	1.086381e+00	-1.365077e+00
7.033190e+02	-7.478234e-01	9.807500e-02	8.002282e-04	1.538710e+00	1.070052e+00	-1.333719e+00
6.423241e+02	-7.306366e-01	6.704929e-02	8.173502e-03	1.566128e+00	1.063693e+00	-1.304847e+00
5.908320e+02	-7.170630e-01	3.712183e-02	2.042510e-02	1.591920e+00	1.056684e+00	-1.278667e+00
5.428959e+02	-7.060134e-01	8.947322e-03	2.687695e-02	1.616934e+00	1.057294e+00	-1.252898e+00
4.973490e+02	-6.999476e-01	-1.901362e-02	3.384062e-02	1.641191e+00	1.060943e+00	-1.228482e+00
4.573191e+02	-6.943845e-01	-4.449056e-02	4.061509e-02	1.663770e+00	1.066182e+00	-1.206058e+00
4.176784e+02	-6.925517e-01	-6.959509e-02	4.696559e-02	1.685927e+00	1.075424e+00	-1.185202e+00
3.830847e+02	-6.919151e-01	-9.286154e-02	5.392205e-02	1.706329e+00	1.083195e+00	-1.165668e+00
3.510374e+02	-6.916019e-01	-1.147903e-01	5.843718e-02	1.726218e+00	1.092029e+00	-1.145838e+00
3.204884e+02	-6.954515e-01	-1.363577e-01	6.553954e-02	1.744840e+00	1.101174e+00	-1.129235e+00
9.052614e+02	-7.819608e-01	-4.996078e-01	-1.476369e+00	1.539048e+00	1.739608e+00	-1.430903e+00
7.656610e+02	-8.198487e-01	-5.374958e-01	-1.438481e+00	1.576936e+00	1.701720e+00	-1.393015e+00
6.172620e+02	-8.664334e-01	-5.825077e-01	-1.401737e+00	1.582214e+00	1.653518e+00	-1.369081e+00
4.916223e+02	-9.082905e-01	-6.237939e-01	-1.364817e+00	1.593756e+00	1.610649e+00	-1.342480e+00
3.775769e+02	-9.478913e-01	-6.646009e-01	-1.327547e+00	1.604888e+00	1.566322e+00	-1.314028e+00
2.933086e+02	-9.826038e-01	-7.022691e-01	-1.291464e+00	1.608083e+00	1.528672e+00	-1.291210e+00
2.156624e+02	-1.017741e+00	-7.388939e-01	-1.257949e+00	1.623838e+00	1.487345e+00	-1.262901e+00
1.604828e+02	-1.050952e+00	-7.726871e-01	-1.225368e+00	1.642893e+00	1.451554e+00	-1.237388e+00
1.188544e+02	-1.078768e+00	-8.040074e-01	-1.196107e+00	1.662944e+00	1.413627e+00	-1.210598e+00
9.474986e+01	-1.097758e+00	-8.291166e-01	-1.169884e+00	1.680446e+00	1.380315e+00	-1.188176e+00
8.033943e+01	-1.114331e+00	-8.511116e-01	-1.147145e+00	1.702209e+00	1.346590e+00	-1.165083e+00
7.476584e+01	-1.125794e+00	-8.677145e-01	-1.127131e+00	1.725818e+00	1.315823e+00	-1.144693e+00
7.376851e+01	-1.128584e+00	-8.783391e-01	-1.110341e+00	1.747302e+00	1.287502e+00	-1.127165e+00
7.661059e+01	-1.129424e+00	-8.851967e-01	-1.093188e+00	1.768746e+00	1.262882e+00	-1.113035e+00
7.789453e+01	-1.121607e+00	-8.854722e-01	-1.081732e+00	1.788809e+00	1.241182e+00	-1.101883e+00
7.790861e+01	-1.107958e+00	-8.815541e-01	-1.072070e+00	1.807586e+00	1.223109e+00	-1.093683e+00
7.748415e+01	-1.094909e+00	-8.744797e-01	-1.062431e+00	1.825143e+00	1.208572e+00	-1.089014e+00
7.759649e+01	-1.082491e+00	-8.677747e-01	-1.052863e+00	1.842860e+00	1.197438e+00	-1.085385e+00
7.372567e+01	-1.067327e+00	-8.559895e-01	-1.042687e+00	1.856748e+00	1.189920e+00	-1.087065e+00
2.157361e+03	-2.020000e+00	-1.545098e-01	-2.094695e+00	3.042689e+00	1.588627e+00	-1.167205e+00
1.923329e+03	-1.982112e+00	-1.923977e-01	-2.132583e+00	3.004801e+00	1.550740e+00	-1.129317e+00
1.742212e+03	-1.943017e+00	-2.345055e-01	-2.148167e+00	2.983408e+00	1.520191e+00	-1.087753e+00
1.660026e+03	-1.927691e+00	-2.694972e-01	-2.122685e+00	2.950259e+00	1.527302e+00	-1.079325e+00
1.525669e+03	-1.895655e+00	-3.045124e-01	-2.134531e+00	2.930317e+00	1.503932e+00	-1.064808e+00
1.434424e+03	-1.860912e+00	-3.384307e-01	-2.153877e+00	2.907707e+00	1.498503e+00	-1.038089e+00
1.334164e+03	-1.844212e+00	-3.648797e-01	-2.149304e+00	2.881739e+00	1.484196e+00	-1.056774e+00
1.265676e+03	-1.826521e+00	-3.885325e-01	-2.134213e+00	2.855562e+00	1.489284e+00	-1.076326e+00
1.177960e+03	-1.811508e+00	-4.142525e-01	-2.134451e+00	2.829290e+00	1.479592e+00	-1.098825e+00
1.111511e+03	-1.788709e+00	-4.426016e-01	-2.145283e+00	2.804604e+00	1.482796e+00	-1.104812e+00
1.041039e+03	-1.778233e+00	-4.632425e-01	-2.140300e+00	2.779368e+00	1.475953e+00	-1.130571e+00
9.964280e+02	-1.767458e+00	-4.779899e-01	-2.142682e+00	2.755040e+00	1.481129e+00	-1.156251e+00
9.336491e+02	-1.755164e+00	-4.991526e-01	-2.139679e+00	2.731842e+00	1.474902e+00	-1.175668e+00
8.787114e+02	-1.737701e+00	-5.156111e-01	-2.139533e+00	2.709145e+00	1.472544e+00	-1.200650e+00
8.328060e+02	-1.728082e+00	-5.320015e-01	-2.138726e+00	2.688203e+00	1.467594e+00	-1.212864e+00
7.893165e+02	-1.721934e+00	-5.471332e-01	-2.134128e+00	2.667088e+00	1.460134e+00	-1.221946e+00
7.530654e+02	-1.708299e+00	-5.589407e-01	-2.137187e+00	2.647722e+00	1.458054e+00	-1.235235e+00
7.040015e+02	-1.695073e+00	-5.744194e-01	-2.141283e+00	2.626781e+00	1.447653e+00	-1.252614e+00
6.797536e+02	-1.682428e+00	-5.804444e-01	-2.139247e+00	2.608792e+00	1.448065e+00	-1.262714e+00
1.219063e+03	-4.843137e-01	-1.850420e+00	-2.124366e-01	9.523810e-01	9.070588e-01	-1.139926e+00
1.112871e+03	-5.222017e-01	-1.812532e+00	-1.745486e-01	9.902689e-01	9.449468e-01	-1.102038e+00
1.024690e+03	-5.592209e-01	-1.775723e+00	-1.366204e-01	1.015755e+00	9.762123e-01	-1.129319e+00
9.617027e+02	-5.819016e-01	-1.742561e+00	-1.072785e-01	1.024561e+00	1.005163e+00	-1.133924e+00
8.962293e+02	-6.039013e-01	-1.720948e+00	-8.417400e-02	1.064389e+00	1.029621e+00	-1.136559e+00
8.373388e+02	-6.234952e-01	-1.688930e+00	-5.578711e-02	1.081295e+00	1.059233e+00	-1.135532e+00
7.912221e+02	-6.293588e-01	-1.671812e+00	-3.815367e-02	1.116914e+00	1.075056e+00	-1.131427e+00
7.448114e+02	-6.682508e-01	-1.651559e+00	-2.561970e-02	1.152454e+00	1.097197e+00	-1.105524e+00
7.006523e+02	-6.413429e-01	-1.623520e+00	3.163281e-03	1.168849e+00	1.116363e+00	-1.121138e+00
6.644992e+02	-6.015776e-01	-1.602968e+00	2.440708e-02	1.187973e+00	1.138594e+00	-1.150997e+00
6.248823e+02	-6.368872e-01	-1.577301e+00	4.118943e-02	1.217279e+00	1.152306e+00	-1.120904e+00
6.030953e+02	-6.678858e-01	-1.548163e+00	6.380944e-02	1.225182e+00	1.160401e+00	-1.115254e+00
5.629009e+02	-6.493272e-01	-1.531040e+00	7.188789e-02	1.263760e+00	1.179889e+00	-1.102737e+00
5.355398e+02	-6.616754e-01	-1.496561e+00	9.485449e-02	1.275331e+00	1.195247e+00	-1.108115e+00
5.096745e+02	-6.499098e-01	-1.488309e+00	9.649024e-02	1.310144e+00	1.203451e+00	-1.088641e+00
4.871291e+02	-6.485766e-01	-1.462065e+00	1.137016e-01	1.322199e+00	1.222364e+00	-1.102956e+00
4.663142e+02	-6.509216e-01	-1.449853e+00	1.137267e-01	1.354899e+00	1.218639e+00	-1.072539e+00
4.500196e+02	-6.342243e-01	-1.429393e+00	1.123392e-01	1.374464e+00	1.215693e+00	-1.053579e+00
4.275342e+02	-6.531650e-01	-1.410180e+00	1.284321e-01	1.397019e+00	1.231661e+00	-1.063452e+00
3.268990e+02	-5.490196e-01	-9.630252e-01	-9.535190e-01	1.755966e+00	1.252157e+00	-9.126003e-01
2.541166e+02	-5.869075e-01	-9.251373e-01	-9.156311e-01	1.718078e+00	1.290045e+00	-9.504883e-01
2.179894e+02	-6.158958e-01	-9.235078e-01	-8.927572e-01	1.743071e+00	1.301982e+00	-9.711166e-01
1.805801e+02	-6.489019e-01	-9.091109e-01	-8.655160e-01	1.771353e+00	1.312414e+00	-9.893626e-01
1.567057e+02	-6.701244e-01	-8.996205e-01	-8.434775e-01	1.790001e+00	1.317890e+00	-1.010408e+00
1.306118e+02	-6.978740e-01	-8.866271e-01	-8.171271e-01	1.812878e+00	1.323474e+00	-1.028734e+00
1.134196e+02	-7.149354e-01	-8.749293e-01	-7.999221e-01	1.833006e+00	1.319034e+00	-1.045409e+00
9.493270e+01	-7.334957e-01	-8.537645e-01	-7.801357e-01	1.850817e+00	1.315430e+00	-1.065531e+00
8.111522e+01	-7.519610e-01	-8.491427e-01	-7.630188e-01	1.870288e+00	1.308493e+00	-1.077280e+00
7.005327e+01	-7.720240e-01	-8.481474e-01	-7.504035e-01	1.888107e+00	1.306228e+00	-1.083875e+00
5.782221e+01	-7.873744e-01	-8.342031e-01	-7.320111e-01	1.902127e+00	1.297196e+00	-1.100988e+00
4.712507e+01	-7.999789e-01	-8.126092e-01	-7.139407e-01	1.913001e+00	1.291030e+00	-1.119902e+00
3.946155e+01	-8.159909e-01	-8.101577e-01	-7.004811e-01	1.926554e+00	1.284296e+00	-1.130340e+00
3.064457e+01	-8.351966e-01	-7.983281e-01	-6.847528e-01	1.938713e+00	1.277232e+00	-1.144546e+00
2.677385e+01	-8.448196e-01	-7.945125e-01	-6.758479e-01	1.949491e+00	1.273009e+00	-1.153024e+00
2.242798e+01	-8.566272e-01	-7.870419e-01	-6.668596e-01	1.972800e+00	1.264654e+00	-1.160252e+00
1.937385e+01	-8.652277e-01	-7.799176e-01	-6.580192e-01	1.971381e+00	1.266481e+00	-1.171933e+00
1.648597e+01	-8.751416e-01	-7.738754e-01	-6.501540e-01	1.974499e+00	1.263140e+00	-1.183269e+00
1.452952e+01	-8.820811e-01	-7.675366e-01	-6.453752e-01	1.980460e+00	1.260121e+00	-1.190253e+00
4.243560e+02	-5.533333e-01	-1.140504e+00	-6.443558e-01	1.884146e+00	1.351373e+00	-2.090149e+00
3.396382e+02	-5.912213e-01	-1.102616e+00	-6.064679e-01	1.922034e+00	1.313485e+00	-2.052261e+00
2.864244e+02	-6.272773e-01	-1.059714e+00	-5.699799e-01	1.952627e+00	1.309898e+00	-2.013572e+00
2.409237e+02	-6.567273e-01	-1.027462e+00	-5.644430e-01	1.979043e+00	1.295143e+00	-1.979394e+00
2.063925e+02	-6.878924e-01	-9.926596e-01	-5.460305e-01	2.008262e+00	1.295301e+00	-1.947416e+00
1.715349e+02	-7.146600e-01	-9.608724e-01	-5.540650e-01	2.038771e+00	1.285921e+00	-1.913559e+00
1.502570e+02	-7.382048e-01	-9.337768e-01	-5.606926e-01	2.060784e+00	1.286853e+00	-1.889778e+00
1.291302e+02	-7.527259e-01	-9.066244e-01	-5.895522e-01	2.082673e+00	1.283866e+00	-1.863107e+00
1.138262e+02	-7.726644e-01	-8.853563e-01	-6.037493e-01	2.099604e+00	1.284025e+00	-1.842490e+00
1.005504e+02	-7.964904e-01	-8.590902e-01	-6.271258e-01	2.107611e+00	1.282925e+00	-1.828312e+00
8.864694e+01	-8.097008e-01	-8.452864e-01	-6.470791e-01	2.124439e+00	1.282369e+00	-1.806233e+00
7.762732e+01	-8.139883e-01	-8.348660e-01	-6.748756e-01	2.139032e+00	1.277724e+00	-1.784891e+00
6.878496e+01	-8.292483e-01	-8.233399e-01	-6.937789e-01	2.150900e+00	1.278237e+00	-1.765501e+00
5.911324e+01	-8.401623e-01	-8.240164e-01	-7.172630e-01	2.159712e+00	1.271444e+00	-1.746177e+00
5.330596e+01	-8.540295e-01	-8.121254e-01	-7.335344e-01	2.167832e+00	1.274237e+00	-1.728829e+00
4.976919e+01	-8.635074e-01	-8.034835e-01	-7.530085e-01	2.172462e+00	1.282145e+00	-1.708517e+00
4.426598e+01	-8.756647e-01	-7.969247e-01	-7.679002e-01	2.177525e+00	1.279350e+00	-1.694111e+00
4.044932e+01	-8.851769e-01	-7.925869e-01	-7.866512e-01	2.178242e+00	1.280582e+00	-1.678822e+00
3.576396e+01	-8.954427e-01	-7.898003e-01	-7.985885e-01	2.180649e+00	1.276271e+00	-1.665648e+00
1.347569e+03	-1.349020e-01	-4.897479e-01	-1.169597e-01	1.341849e+00	1.830196e+00	-5.170533e-01
1.225312e+03	-1.727899e-01	-5.276358e-01	-7.907175e-02	1.379737e+00	1.792308e+00	-4.791653e-01
1.117564e+03	-2.052252e-01	-5.613006e-01	-8.724361e-02	1.421842e+00	1.751202e+00	-4.396651e-01
1.029423e+03	-2.309662e-01	-5.932909e-01	-1.123951e-01	1.452336e+00	1.712261e+00	-4.355877e-01
9.429628e+02	-2.644143e-01	-6.269389e-01	-9.493460e-02	1.483700e+00	1.688996e+00	-4.454639e-01
8.611278e+02	-2.957658e-01	-6.621400e-01	-8.058991e-02	1.505251e+00	1.662870e+00	-4.531620e-01
7.883142e+02	-3.233313e-01	-6.874579e-01	-7.050327e-02	1.532660e+00	1.640078e+00	-4.861887e-01
7.188347e+02	-3.505315e-01	-7.149382e-01	-6.703952e-02	1.568840e+00	1.616753e+00	-5.117451e-01
6.547397e+02	-3.754005e-01	-7.374927e-01	-6.031260e-02	1.581315e+00	1.592852e+00	-5.462455e-01
5.921701e+02	-3.995211e-01	-7.610834e-01	-5.024729e-02	1.591530e+00	1.566415e+00	-5.821047e-01
5.384832e+02	-4.228364e-01	-7.800080e-01	-5.377177e-02	1.612250e+00	1.544701e+00	-6.095460e-01
4.881096e+02	-4.487162e-01	-8.117209e-01	-6.842011e-02	1.650585e+00	1.522421e+00	-6.089056e-01
4.432131e+02	-4.687869e-01	-8.164238e-01	-6.005106e-02	1.655484e+00	1.500662e+00	-6.436317e-01
3.976412e+02	-4.898076e-01	-8.273723e-01	-5.853669e-02	1.664758e+00	1.473984e+00	-6.713762e-01
3.623243e+02	-5.092849e-01	-8.304708e-01	-5.206745e-02	1.677635e+00	1.457789e+00	-7.006334e-01
3.353198e+02	-5.238981e-01	-8.364827e-01	-5.401162e-02	1.702305e+00	1.443725e+00	-7.197677e-01
3.004514e+02	-5.448241e-01	-8.384151e-01	-4.713697e-02	1.712154e+00	1.424668e+00	-7.506638e-01
2.687562e+02	-5.679380e-01	-8.459852e-01	-2.703051e-02	1.716864e+00	1.406507e+00	-7.786540e-01
2.428650e+02	-5.837204e-01	-8.451830e-01	-3.741259e-02	1.736106e+00	1.389406e+00	-8.035644e-01
5.023099e+02	-9.631373e-01	-1.367283e+00	-1.578783e-01	2.130644e+00	1.165882e+00	-1.194484e+00
3.942721e+02	-9.252493e-01	-1.329395e+00	-1.199904e-01	2.092756e+00	1.203770e+00	-1.232372e+00
3.110918e+02	-8.804525e-01	-1.286114e+00	-1.327296e-01	2.064327e+00	1.230787e+00	-1.258906e+00
2.623574e+02	-8.494683e-01	-1.251957e+00	-1.170609e-01	2.041891e+00	1.254438e+00	-1.282672e+00
2.202518e+02	-8.131507e-01	-1.214262e+00	-1.374965e-01	2.025946e+00	1.270724e+00	-1.303135e+00
1.876565e+02	-7.773706e-01	-1.177446e+00	-1.678652e-01	2.020652e+00	1.277811e+00	-1.316329e+00
1.688628e+02	-7.544570e-01	-1.148068e+00	-1.836128e-01	2.015920e+00	1.283450e+00	-1.329371e+00
1.546848e+02	-7.359198e-01	-1.120982e+00	-2.020890e-01	2.013421e+00	1.286266e+00	-1.338836e+00
1.423186e+02	-7.199484e-01	-1.095443e+00	-2.203187e-01	2.018917e+00	1.282384e+00	-1.345276e+00
1.309001e+02	-7.035396e-01	-1.067747e+00	-2.441891e-01	2.027799e+00	1.275604e+00	-1.348918e+00
1.233739e+02	-6.957913e-01	-1.047326e+00	-2.601093e-01	2.036094e+00	1.269040e+00	-1.352180e+00
3.515548e+02	-1.541176e+00	-6.376471e-01	-2.149253e+00	1.864426e+00	1.329804e+00	-1.112647e+00
3.189799e+02	-1.503289e+00	-6.755350e-01	-2.111365e+00	1.826538e+00	1.367692e+00	-1.150535e+00
2.764044e+02	-1.464587e+00	-7.009194e-01	-2.073119e+00	1.813576e+00	1.336409e+00	-1.178176e+00
2.491144e+02	-1.448154e+00	-7.315909e-01	-2.035283e+00	1.789154e+00	1.311798e+00	-1.210561e+00
2.225713e+02	-1.417584e+00	-7.571199e-01	-1.997132e+00	1.797576e+00	1.286317e+00	-1.234903e+00
2.016578e+02	-1.385593e+00	-7.875504e-01	-1.959015e+00	1.803344e+00	1.265841e+00	-1.256427e+00
1.839264e+02	-1.359550e+00	-8.088687e-01	-1.923612e+00	1.821696e+00	1.261423e+00	-1.280780e+00
1.700580e+02	-1.336315e+00	-8.364714e-01	-1.891812e+00	1.842378e+00	1.260584e+00	-1.298170e+00
1.541676e+02	-1.310877e+00	-8.490175e-01	-1.857185e+00	1.863826e+00	1.269095e+00	-1.321747e+00
1.432387e+02	-1.294381e+00	-8.665752e-01	-1.821721e+00	1.888222e+00	1.274570e+00	-1.340535e+00
1.315588e+02	-1.272141e+00	-8.752003e-01	-1.789772e+00	1.909254e+00	1.287187e+00	-1.362594e+00
1.218679e+02	-1.248347e+00	-8.811382e-01	-1.757201e+00	1.924861e+00	1.301983e+00	-1.385379e+00
1.137683e+02	-1.229040e+00	-8.855537e-01	-1.727762e+00	1.945464e+00	1.307580e+00	-1.403400e+00
1.065904e+02	-1.208689e+00	-8.875966e-01	-1.697480e+00	1.960877e+00	1.314831e+00	-1.422553e+00
9.861377e+01	-1.192235e+00	-8.887445e-01	-1.670113e+00	1.980992e+00	1.312236e+00	-1.435290e+00
9.018992e+01	-1.173436e+00	-8.893626e-01	-1.644438e+00	2.001918e+00	1.305174e+00	-1.446511e+00
8.271515e+01	-1.160516e+00	-8.873377e-01	-1.618188e+00	2.019707e+00	1.298221e+00	-1.456497e+00
7.624353e+01	-1.150426e+00	-8.857292e-01	-1.593601e+00	2.040457e+00	1.287562e+00	-1.462295e+00
7.026275e+01	-1.139851e+00	-8.814109e-01	-1.568405e+00	2.055941e+00	1.281135e+00	-1.470213e+00
1.544233e+03	1.607843e-02	-1.983529e+00	-7.989374e-01	1.292549e+00	1.674902e+00	-3.215530e-01
1.466633e+03	-2.180950e-02	-2.021417e+00	-8.368253e-01	1.330437e+00	1.637014e+00	-3.594409e-01
1.379554e+03	-6.853211e-02	-1.995589e+00	-8.115674e-01	1.343696e+00	1.589164e+00	-4.019713e-01
1.312980e+03	-9.897110e-02	-1.968435e+00	-7.799500e-01	1.368008e+00	1.546906e+00	-4.398645e-01
1.238643e+03	-1.371794e-01	-1.934404e+00	-7.440888e-01	1.384249e+00	1.511769e+00	-4.820757e-01
1.168007e+03	-1.728643e-01	-1.897806e+00	-7.071657e-01	1.395771e+00	1.479223e+00	-5.227827e-01
1.102784e+03	-2.058529e-01	-1.865018e+00	-6.765160e-01	1.417020e+00	1.448191e+00	-5.595050e-01
1.036721e+03	-2.386184e-01	-1.829402e+00	-6.424089e-01	1.443219e+00	1.427624e+00	-5.965884e-01
9.749544e+02	-2.680311e-01	-1.793116e+00	-6.068904e-01	1.464674e+00	1.401846e+00	-6.318530e-01
9.224009e+02	-2.910104e-01	-1.763842e+00	-5.767162e-01	1.488484e+00	1.380602e+00	-6.675630e-01
8.656799e+02	-3.173366e-01	-1.729128e+00	-5.415725e-01	1.510135e+00	1.360195e+00	-7.014888e-01
8.068035e+02	-3.444703e-01	-1.691537e+00	-5.037729e-01	1.534375e+00	1.342513e+00	-7.351543e-01
7.569944e+02	-3.661154e-01	-1.660624e+00	-4.719377e-01	1.554851e+00	1.328977e+00	-7.683562e-01
7.040713e+02	-3.875579e-01	-1.626777e+00	-4.390136e-01	1.573104e+00	1.325708e+00	-8.023971e-01
6.572424e+02	-4.065820e-01	-1.595430e+00	-4.066691e-01	1.593500e+00	1.316881e+00	-8.336371e-01
6.141555e+02	-4.254169e-01	-1.562769e+00	-3.775492e-01	1.619089e+00	1.303494e+00	-8.592313e-01
5.698915e+02	-4.415200e-01	-1.530131e+00	-3.453274e-01	1.636014e+00	1.301469e+00	-8.889686e-01
5.296335e+02	-4.550267e-01	-1.500190e+00	-3.150527e-01	1.645813e+00	1.304210e+00	-9.201305e-01
4.903221e+02	-4.691630e-01	-1.467184e+00	-2.850680e-01	1.663263e+00	1.303578e+00	-9.466558e-01
5.086633e+02	-1.127059e+00	-2.432493e-01	-1.276322e+00	2.421513e+00	1.183137e+00	-1.771892e+00
4.381014e+02	-1.089171e+00	-2.811372e-01	-1.238434e+00	2.383625e+00	1.145249e+00	-1.734004e+00
3.800088e+02	-1.053857e+00	-3.181498e-01	-1.211630e+00	2.382573e+00	1.140388e+00	-1.693316e+00
3.526855e+02	-1.016870e+00	-3.427257e-01	-1.204122e+00	2.355077e+00	1.125300e+00	-1.666073e+00
3.025617e+02	-1.016140e+00	-3.761549e-01	-1.170912e+00	2.355145e+00	1.136302e+00	-1.636637e+00
2.654183e+02	-1.022646e+00	-4.094318e-01	-1.138396e+00	2.356561e+00	1.132518e+00	-1.616521e+00
2.247232e+02	-1.017436e+00	-4.308869e-01	-1.114848e+00	2.335493e+00	1.157929e+00	-1.597279e+00
1.876962e+02	-1.022162e+00	-4.544681e-01	-1.085017e+00	2.303471e+00	1.182810e+00	-1.592186e+00
1.637530e+02	-1.015895e+00	-4.770450e-01	-1.069761e+00	2.297094e+00	1.184496e+00	-1.568168e+00
1.367195e+02	-1.037948e+00	-5.030819e-01	-1.047588e+00	2.296712e+00	1.193820e+00	-1.545483e+00
1.186859e+02	-1.024382e+00	-5.234929e-01	-1.032820e+00	2.278439e+00	1.190491e+00	-1.529874e+00
1.023122e+02	-1.016643e+00	-5.458732e-01	-1.016867e+00	2.266066e+00	1.184195e+00	-1.508930e+00
8.538877e+01	-1.018174e+00	-5.634846e-01	-1.000674e+00	2.247424e+00	1.194726e+00	-1.501274e+00
7.217626e+01	-1.023751e+00	-5.776961e-01	-9.874420e-01	2.230980e+00	1.206750e+00	-1.492722e+00
5.932828e+01	-1.024770e+00	-5.966058e-01	-9.718247e-01	2.216372e+00	1.211199e+00	-1.482437e+00
5.201271e+01	-1.012287e+00	-6.146106e-01	-9.594861e-01	2.211615e+00	1.199376e+00	-1.468065e+00
4.119140e+01	-1.020915e+00	-6.291475e-01	-9.469464e-01	2.193040e+00	1.213176e+00	-1.459879e+00
3.330241e+01	-1.029606e+00	-6.432440e-01	-9.329118e-01	2.169382e+00	1.223476e+00	-1.456323e+00
2.791078e+01	-1.026590e+00	-6.556944e-01	-9.259440e-01	2.162338e+00	1.225708e+00	-1.443654e+00
2.612246e+03	-4.541176e-01	-9.285154e-01	-6.694798e-02	1.312269e+00	2.729412e-01	-3.988438e-01
2.493710e+03	-4.920056e-01	-9.664033e-01	-1.048359e-01	1.350157e+00	3.108291e-01	-3.609559e-01
2.124748e+03	-5.404130e-01	-9.314149e-01	-7.437353e-02	1.312925e+00	3.610410e-01	-3.912669e-01
1.861668e+03	-5.794649e-01	-9.024206e-01	-4.729605e-02	1.282681e+00	4.022305e-01	-4.075888e-01
1.596727e+03	-6.237614e-01	-8.656402e-01	-1.946922e-02	1.247282e+00	4.481292e-01	-4.350168e-01
1.393043e+03	-6.633001e-01	-8.312113e-01	5.162046e-03	1.215787e+00	4.897358e-01	-4.557583e-01
1.217615e+03	-7.031383e-01	-7.952919e-01	2.014659e-02	1.185821e+00	5.323273e-01	-4.786636e-01
1.080887e+03	-7.397115e-01	-7.635812e-01	2.178535e-02	1.162343e+00	5.724919e-01	-4.963733e-01
9.695850e+02	-7.744969e-01	-7.304613e-01	2.054087e-02	1.139650e+00	6.113832e-01	-5.135661e-01
8.803477e+02	-8.068675e-01	-6.983223e-01	1.108070e-02	1.120819e+00	6.486378e-01	-5.289389e-01
8.087338e+02	-8.361808e-01	-6.695654e-01	-4.874150e-03	1.106476e+00	6.839558e-01	-5.389910e-01
7.464518e+02	-8.613652e-01	-6.466337e-01	-2.904964e-02	1.100966e+00	7.177778e-01	-5.432482e-01
6.952819e+02	-8.854958e-01	-6.227886e-01	-5.146215e-02	1.095059e+00	7.497665e-01	-5.465499e-01
6.554123e+02	-9.080384e-01	-6.000883e-01	-7.220883e-02	1.089641e+00	7.787688e-01	-5.522756e-01
6.140774e+02	-9.271903e-01	-5.822637e-01	-9.910566e-02	1.091805e+00	8.077725e-01	-5.497771e-01
5.762248e+02	-9.432397e-01	-5.633757e-01	-1.281923e-01	1.096308e+00	8.352658e-01	-5.430597e-01
5.390239e+02	-9.581719e-01	-5.521409e-01	-1.579771e-01	1.104553e+00	8.613044e-01	-5.365772e-01
5.077533e+02	-9.720749e-01	-5.406495e-01	-1.852833e-01	1.112004e+00	8.851647e-01	-5.306779e-01
4.727465e+02	-9.834837e-01	-5.353486e-01	-2.156955e-01	1.124940e+00	9.084963e-01	-5.211986e-01
8.012905e+02	-1.165882e+00	-9.042017e-02	-9.422709e-02	2.332773e+00	1.411765e+00	-1.526380e+00
6.272743e+02	-1.127994e+00	-1.283081e-01	-5.633916e-02	2.294885e+00	1.373877e+00	-1.488492e+00
4.332109e+02	-1.086321e+00	-1.743145e-01	-7.248397e-02	2.330974e+00	1.331112e+00	-1.447951e+00
2.944661e+02	-1.053078e+00	-2.136327e-01	-9.357932e-02	2.367395e+00	1.293116e+00	-1.411278e+00
1.967323e+02	-1.020716e+00	-2.505457e-01	-1.036695e-01	2.391357e+00	1.260195e+00	-1.377635e+00
1.363097e+02	-9.933048e-01	-2.786372e-01	-1.115886e-01	2.407710e+00	1.233032e+00	-1.351350e+00
9.609451e+01	-9.742052e-01	-3.077379e-01	-1.126131e-01	2.423667e+00	1.209200e+00	-1.325605e+00
7.240790e+01	-9.568348e-01	-3.304666e-01	-1.129309e-01	2.433051e+00	1.189131e+00	-1.303494e+00
5.937379e+01	-9.492203e-01	-3.521441e-01	-1.063259e-01	2.437888e+00	1.173975e+00	-1.284644e+00
5.161841e+01	-9.414887e-01	-3.729902e-01	-1.013370e-01	2.443846e+00	1.160371e+00	-1.264930e+00
4.781707e+01	-9.418440e-01	-3.864745e-01	-9.045238e-02	2.437297e+00	1.153018e+00	-1.253016e+00
4.501335e+01	-9.455003e-01	-3.976809e-01	-7.743068e-02	2.426002e+00	1.147675e+00	-1.243452e+00
4.313947e+01	-9.485473e-01	-4.060066e-01	-6.863854e-02	2.416577e+00	1.145022e+00	-1.234088e+00
4.160501e+01	-9.489603e-01	-4.114930e-01	-6.757919e-02	2.408934e+00	1.143159e+00	-1.223245e+00
4.020001e+01	-9.536585e-01	-4.159932e-01	-5.969092e-02	2.396635e+00	1.143468e+00	-1.216476e+00
3.900135e+01	-9.568897e-01	-4.193930e-01	-5.359844e-02	2.384668e+00	1.144303e+00	-1.209742e+00
3.800233e+01	-9.604232e-01	-4.208612e-01	-5.062106e-02	2.372842e+00	1.145781e+00	-1.203273e+00
3.787973e+01	-9.664838e-01	-4.198348e-01	-4.241454e-02	2.356166e+00	1.149384e+00	-1.200764e+00
3.661227e+01	-9.662204e-01	-4.199050e-01	-4.623569e-02	2.347557e+00	1.150378e+00	-1.192584e+00
6.388628e+02	-1.679216e+00	-5.390476e-01	-2.394765e+00	2.746891e+00	1.338431e+00	-1.853730e+00
5.975866e+02	-1.641328e+00	-5.769355e-01	-2.356877e+00	2.709003e+00	1.376319e+00	-1.815842e+00
5.077377e+02	-1.603882e+00	-6.182685e-01	-2.333215e+00	2.667334e+00	1.350721e+00	-1.772945e+00
4.476572e+02	-1.585042e+00	-6.562332e-01	-2.305425e+00	2.648705e+00	1.324617e+00	-1.732628e+00
3.954598e+02	-1.555292e+00	-6.902923e-01	-2.278559e+00	2.615865e+00	1.306261e+00	-1.731928e+00
3.585192e+02	-1.533641e+00	-7.149088e-01	-2.255735e+00	2.582677e+00	1.278232e+00	-1.730553e+00
3.299114e+02	-1.512529e+00	-7.393195e-01	-2.230341e+00	2.555991e+00	1.281201e+00	-1.744810e+00
3.065926e+02	-1.489763e+00	-7.573206e-01	-2.211151e+00	2.528095e+00	1.270004e+00	-1.751230e+00
2.882075e+02	-1.472224e+00	-7.714510e-01	-2.186823e+00	2.505343e+00	1.276413e+00	-1.768317e+00
2.720275e+02	-1.454383e+00	-7.823487e-01	-2.165616e+00	2.477506e+00	1.277260e+00	-1.785685e+00
2.597673e+02	-1.438222e+00	-7.875525e-01	-2.142442e+00	2.460643e+00	1.278961e+00	-1.794504e+00
2.481764e+02	-1.425528e+00	-8.037832e-01	-2.120095e+00	2.446753e+00	1.284971e+00	-1.792976e+00
2.366668e+02	-1.408426e+00	-7.999497e-01	-2.096755e+00	2.429181e+00	1.279581e+00	-1.797373e+00
2.227413e+02	-1.384212e+00	-7.971813e-01	-2.071588e+00	2.412690e+00	1.272596e+00	-1.787981e+00
2.146718e+02	-1.372793e+00	-7.934722e-01	-2.050860e+00	2.396588e+00	1.268018e+00	-1.791261e+00
2.039954e+02	-1.353230e+00	-7.928285e-01	-2.026606e+00	2.380841e+00	1.261885e+00	-1.791435e+00
1.976539e+02	-1.345506e+00	-7.895078e-01	-2.006652e+00	2.365815e+00	1.259095e+00	-1.792379e+00
1.915904e+02	-1.343226e+00	-7.908700e-01	-1.980860e+00	2.348749e+00	1.250074e+00	-1.798146e+00
1.847054e+02	-1.331358e+00	-7.873587e-01	-1.962222e+00	2.335371e+00	1.251193e+00	-1.795322e+00
3.086805e+02	-7.258824e-01	-1.214454e+00	-9.717051e-01	2.648291e+00	1.226275e+00	-1.826450e+00
2.745206e+02	-7.637703e-01	-1.176566e+00	-9.338172e-01	2.686179e+00	1.264162e+00	-1.788563e+00
2.374420e+02	-8.074042e-01	-1.136966e+00	-8.950358e-01	2.649698e+00	1.307368e+00	-1.755242e+00
2.073278e+02	-8.465390e-01	-1.101411e+00	-8.640453e-01	2.614063e+00	1.316903e+00	-1.718332e+00
1.723240e+02	-8.512672e-01	-1.066518e+00	-8.503177e-01	2.588007e+00	1.298004e+00	-1.729579e+00
1.477335e+02	-8.512385e-01	-1.031773e+00	-8.482212e-01	2.573269e+00	1.290865e+00	-1.728444e+00
1.259622e+02	-8.553673e-01	-1.005276e+00	-8.457069e-01	2.547399e+00	1.273051e+00	-1.729253e+00
1.067546e+02	-8.615946e-01	-9.783674e-01	-8.690362e-01	2.516048e+00	1.259813e+00	-1.743291e+00
9.394240e+01	-8.729634e-01	-9.561642e-01	-8.646703e-01	2.500251e+00	1.261520e+00	-1.728536e+00
8.091076e+01	-8.849724e-01	-9.334024e-01	-8.649033e-01	2.479005e+00	1.256445e+00	-1.708132e+00
7.218858e+01	-8.987467e-01	-9.152866e-01	-8.664557e-01	2.465231e+00	1.269821e+00	-1.694073e+00
6.776541e+01	-9.147762e-01	-8.955808e-01	-8.795065e-01	2.456184e+00	1.290493e+00	-1.678366e+00
5.904868e+01	-9.226294e-01	-8.810488e-01	-8.856279e-01	2.438593e+00	1.284074e+00	-1.660924e+00
5.035157e+01	-9.303295e-01	-8.686483e-01	-8.971238e-01	2.414559e+00	1.274450e+00	-1.652465e+00
4.472077e+01	-9.366880e-01	-8.557749e-01	-9.043925e-01	2.402218e+00	1.267509e+00	-1.634319e+00
4.149964e+01	-9.468326e-01	-8.437567e-01	-9.053764e-01	2.393447e+00	1.271902e+00	-1.616833e+00
3.711417e+01	-9.493940e-01	-8.337533e-01	-9.138925e-01	2.378128e+00	1.267797e+00	-1.601564e+00
3.248360e+01	-9.536295e-01	-8.244233e-01	-9.211699e-01	2.356760e+00	1.262664e+00	-1.591519e+00
2.999695e+01	-9.566861e-01	-8.168875e-01	-9.254083e-01	2.344879e+00	1.263395e+00	-1.578683e+00
5.862582e+02	-1.778431e+00	-7.904762e-01	-1.335427e+00	1.346779e+00	1.269412e+00	-4.806811e-01
4.966587e+02	-1.740543e+00	-7.525883e-01	-1.373314e+00	1.384667e+00	1.231524e+00	-5.185691e-01
4.362484e+02	-1.696407e+00	-7.338982e-01	-1.397076e+00	1.419871e+00	1.191925e+00	-5.023620e-01
3.973084e+02	-1.659496e+00	-7.205186e-01	-1.404929e+00	1.454373e+00	1.167608e+00	-5.138563e-01
3.556898e+02	-1.625777e+00	-7.014019e-01	-1.394947e+00	1.481727e+00	1.184912e+00	-5.356618e-01
3.270703e+02	-1.604266e+00	-6.877456e-01	-1.381449e+00	1.509465e+00	1.213124e+00	-5.698660e-01
2.988423e+02	-1.574863e+00	-6.725373e-01	-1.364106e+00	1.532162e+00	1.223427e+00	-5.791441e-01
2.748489e+02	-1.547651e+00	-6.587003e-01	-1.352666e+00	1.564495e+00	1.231600e+00	-5.795481e-01
2.556778e+02	-1.523206e+00	-6.493208e-01	-1.329294e+00	1.575020e+00	1.232212e+00	-5.996337e-01
2.393163e+02	-1.498800e+00	-6.406275e-01	-1.320272e+00	1.585164e+00	1.219381e+00	-6.249672e-01
2.239665e+02	-1.478011e+00	-6.361542e-01	-1.295908e+00	1.597697e+00	1.217474e+00	-6.428080e-01
2.119467e+02	-1.460878e+00	-6.421591e-01	-1.269059e+00	1.605735e+00	1.205730e+00	-6.684393e-01
1.975724e+02	-1.440624e+00	-6.376030e-01	-1.248043e+00	1.620489e+00	1.209611e+00	-6.819681e-01
1.854626e+02	-1.424721e+00	-6.346552e-01	-1.223509e+00	1.640512e+00	1.201165e+00	-7.040368e-01
1.725294e+02	-1.405188e+00	-6.325997e-01	-1.203896e+00	1.651818e+00	1.211425e+00	-7.163679e-01
1.632302e+02	-1.393990e+00	-6.364231e-01	-1.175952e+00	1.660261e+00	1.217573e+00	-7.375899e-01
1.517242e+02	-1.374112e+00	-6.354661e-01	-1.161254e+00	1.673458e+00	1.223399e+00	-7.482266e-01
1.404971e+02	-1.352045e+00	-6.417479e-01	-1.144063e+00	1.686650e+00	1.218977e+00	-7.484888e-01
1.309227e+02	-1.335547e+00	-6.405743e-01	-1.129254e+00	1.698644e+00	1.223702e+00	-7.657210e-01
1.826960e+03	-1.564706e-01	-1.086275e+00	-1.321787e+00	9.030812e-01	6.913725e-01	-1.244496e+00
1.680031e+03	-1.943585e-01	-1.048387e+00	-1.283899e+00	9.409692e-01	7.292605e-01	-1.206608e+00
1.518324e+03	-2.372251e-01	-1.005302e+00	-1.241736e+00	9.599371e-01	7.719134e-01	-1.215731e+00
1.398313e+03	-2.651342e-01	-1.014710e+00	-1.207562e+00	9.850532e-01	8.102041e-01	-1.199168e+00
1.270758e+03	-3.006979e-01	-9.887592e-01	-1.170136e+00	1.018984e+00	8.423729e-01	-1.204076e+00
1.153477e+03	-3.320538e-01	-9.899633e-01	-1.135722e+00	1.057690e+00	8.758182e-01	-1.180969e+00
1.051885e+03	-3.609463e-01	-9.679861e-01	-1.101425e+00	1.086507e+00	9.027604e-01	-1.188889e+00
9.455275e+02	-3.866572e-01	-9.322355e-01	-1.066782e+00	1.124894e+00	9.346415e-01	-1.191103e+00
8.656088e+02	-4.128073e-01	-9.353246e-01	-1.034823e+00	1.148054e+00	9.571455e-01	-1.191190e+00
7.807207e+02	-4.352929e-01	-9.284189e-01	-1.002712e+00	1.185779e+00	9.840780e-01	-1.177529e+00
7.131898e+02	-4.599822e-01	-9.292744e-01	-9.722474e-01	1.202533e+00	1.004964e+00	-1.180346e+00
6.515536e+02	-4.827839e-01	-9.348898e-01	-9.373584e-01	1.217673e+00	1.025777e+00	-1.196554e+00
5.880934e+02	-5.051569e-01	-9.256310e-01	-9.121452e-01	1.243424e+00	1.047090e+00	-1.189586e+00
5.325037e+02	-5.266827e-01	-9.073584e-01	-8.851028e-01	1.263104e+00	1.065631e+00	-1.201981e+00
4.770697e+02	-5.469678e-01	-9.027269e-01	-8.604331e-01	1.291399e+00	1.086468e+00	-1.191365e+00
4.228476e+02	-5.647210e-01	-8.956739e-01	-8.307036e-01	1.321051e+00	1.111129e+00	-1.186325e+00
3.801428e+02	-5.843117e-01	-8.892064e-01	-8.099072e-01	1.345751e+00	1.126645e+00	-1.179730e+00
3.435304e+02	-6.052428e-01	-8.633753e-01	-7.903049e-01	1.360807e+00	1.138707e+00	-1.176861e+00
3.069740e+02	-6.218757e-01	-8.653037e-01	-7.685227e-01	1.388569e+00	1.154685e+00	-1.172236e+00
3.811258e+03	-2.347843e+00	-9.186555e-01	-9.853446e-01	3.091989e+00	1.804314e+00	-1.062635e+00
3.368262e+03	-2.309955e+00	-8.807675e-01	-1.023233e+00	3.054101e+00	1.766426e+00	-1.100523e+00
2.891907e+03	-2.263817e+00	-8.423362e-01	-1.073444e+00	3.012101e+00	1.717843e+00	-1.114576e+00
2.509677e+03	-2.223414e+00	-8.042086e-01	-1.116635e+00	2.973124e+00	1.675198e+00	-1.131590e+00
2.156867e+03	-2.179322e+00	-7.751939e-01	-1.162713e+00	2.932546e+00	1.629425e+00	-1.150589e+00
1.863120e+03	-2.139171e+00	-7.437832e-01	-1.204925e+00	2.894158e+00	1.587325e+00	-1.174092e+00
1.607589e+03	-2.098416e+00	-7.197161e-01	-1.245476e+00	2.856247e+00	1.544854e+00	-1.196396e+00
1.396290e+03	-2.061408e+00	-6.960406e-01	-1.281707e+00	2.819478e+00	1.504486e+00	-1.221590e+00
1.215907e+03	-2.024203e+00	-6.752684e-01	-1.317793e+00	2.785255e+00	1.466061e+00	-1.246176e+00
1.069687e+03	-1.990231e+00	-6.623561e-01	-1.351163e+00	2.753772e+00	1.430058e+00	-1.268907e+00
9.453892e+02	-1.956588e+00	-6.454055e-01	-1.382197e+00	2.722585e+00	1.395538e+00	-1.295033e+00
1.381829e+03	-5.317647e-01	-1.702521e+00	-4.397625e-01	1.608067e+00	8.552941e-01	-7.943909e-01
1.218940e+03	-5.696526e-01	-1.664633e+00	-4.018745e-01	1.645955e+00	8.931820e-01	-8.322788e-01
1.016609e+03	-5.980349e-01	-1.620395e+00	-3.574842e-01	1.610151e+00	9.375551e-01	-8.774217e-01
8.850433e+02	-6.323023e-01	-1.581457e+00	-3.206196e-01	1.587534e+00	9.690915e-01	-9.054643e-01
7.601080e+02	-6.505355e-01	-1.543508e+00	-2.823616e-01	1.565833e+00	1.005487e+00	-9.406184e-01
6.588157e+02	-6.680417e-01	-1.509839e+00	-2.475206e-01	1.559801e+00	1.041096e+00	-9.720361e-01
5.863386e+02	-6.823025e-01	-1.476438e+00	-2.165454e-01	1.550081e+00	1.067080e+00	-9.976816e-01
5.272198e+02	-6.943183e-01	-1.445933e+00	-1.869711e-01	1.551052e+00	1.090060e+00	-1.021532e+00
4.770742e+02	-7.046264e-01	-1.416066e+00	-1.619122e-01	1.555326e+00	1.111891e+00	-1.040932e+00
4.302370e+02	-7.058319e-01	-1.384864e+00	-1.398096e-01	1.573131e+00	1.132631e+00	-1.053449e+00
3.950904e+02	-7.137687e-01	-1.359568e+00	-1.186953e-01	1.584145e+00	1.150036e+00	-1.069564e+00
3.659544e+02	-7.252698e-01	-1.335059e+00	-9.710391e-02	1.588469e+00	1.167473e+00	-1.086602e+00
3.383162e+02	-7.261203e-01	-1.310973e+00	-8.186903e-02	1.607463e+00	1.181262e+00	-1.098045e+00
3.108294e+02	-7.165902e-01	-1.285258e+00	-6.982059e-02	1.628737e+00	1.193810e+00	-1.109456e+00
2.900379e+02	-7.189795e-01	-1.263831e+00	-5.785255e-02	1.648915e+00	1.204817e+00	-1.117877e+00
2.684329e+02	-7.129578e-01	-1.239072e+00	-4.802076e-02	1.671486e+00	1.214136e+00	-1.125857e+00
2.526575e+02	-7.167812e-01	-1.220220e+00	-3.957881e-02	1.691371e+00	1.222959e+00	-1.132596e+00
2.355238e+02	-7.065985e-01	-1.198351e+00	-3.380170e-02	1.714127e+00	1.229794e+00	-1.140076e+00
2.231237e+02	-7.138997e-01	-1.180936e+00	-2.823304e-02	1.732753e+00	1.236805e+00	-1.145426e+00
1.609757e+03	-1.972549e+00	-3.024090e-01	-1.867369e+00	2.387003e+00	1.640392e+00	-1.512741e+00
1.555121e+03	-1.934661e+00	-2.645210e-01	-1.905257e+00	2.424891e+00	1.602504e+00	-1.474853e+00
1.320582e+03	-1.888286e+00	-2.929362e-01	-1.917346e+00	2.390454e+00	1.553623e+00	-1.435476e+00
1.176085e+03	-1.853915e+00	-3.101641e-01	-1.909167e+00	2.374323e+00	1.518022e+00	-1.405485e+00
1.003189e+03	-1.812926e+00	-3.385922e-01	-1.915965e+00	2.344155e+00	1.476267e+00	-1.368134e+00
8.814755e+02	-1.773836e+00	-3.541025e-01	-1.921397e+00	2.313120e+00	1.438895e+00	-1.346388e+00
7.616814e+02	-1.737447e+00	-3.794298e-01	-1.916501e+00	2.282270e+00	1.401797e+00	-1.317843e+00
6.668795e+02	-1.709463e+00	-4.037726e-01	-1.901033e+00	2.248639e+00	1.367320e+00	-1.297224e+00
5.845881e+02	-1.677103e+00	-4.293105e-01	-1.889326e+00	2.221801e+00	1.336572e+00	-1.275264e+00
5.196220e+02	-1.651904e+00	-4.537700e-01	-1.868363e+00	2.194053e+00	1.308464e+00	-1.260955e+00
4.631135e+02	-1.623175e+00	-4.789148e-01	-1.852453e+00	2.167481e+00	1.284735e+00	-1.246713e+00
4.126241e+02	-1.593387e+00	-5.056577e-01	-1.834230e+00	2.141778e+00	1.264809e+00	-1.234389e+00
3.730827e+02	-1.568735e+00	-5.295585e-01	-1.813270e+00	2.116280e+00	1.248314e+00	-1.226921e+00
3.412843e+02	-1.545094e+00	-5.491449e-01	-1.793459e+00	2.091305e+00	1.236450e+00	-1.224336e+00
3.105742e+02	-1.523454e+00	-5.716886e-01	-1.770393e+00	2.067290e+00	1.226597e+00	-1.222241e+00
2.822461e+02	-1.502253e+00	-5.929975e-01	-1.745912e+00	2.043597e+00	1.220714e+00	-1.223130e+00
2.576001e+02	-1.482987e+00	-6.134954e-01	-1.723872e+00	2.022105e+00	1.216734e+00	-1.225166e+00
2.356500e+02	-1.462142e+00	-6.321764e-01	-1.706662e+00	2.002556e+00	1.214638e+00	-1.227548e+00
2.153517e+02	-1.445629e+00	-6.505311e-01	-1.685624e+00	1.983587e+00	1.215376e+00	-1.233033e+00
1.137517e+03	-4.239216e-01	-8.545658e-01	-7.943909e-01	1.489748e+00	1.847451e+00	-1.421810e+00
1.007013e+03	-4.618095e-01	-8.924538e-01	-8.322788e-01	1.527636e+00	1.809563e+00	-1.383922e+00
8.840493e+02	-5.054837e-01	-9.353382e-01	-7.950920e-01	1.553834e+00	1.774336e+00	-1.358425e+00
7.662081e+02	-5.434730e-01	-9.369517e-01	-7.806595e-01	1.589485e+00	1.736779e+00	-1.323886e+00
6.895990e+02	-5.751566e-01	-9.505336e-01	-7.535081e-01	1.606496e+00	1.711938e+00	-1.307217e+00
6.135738e+02	-6.024716e-01	-9.562759e-01	-7.319806e-01	1.629255e+00	1.684635e+00	-1.285028e+00
5.449886e+02	-6.293893e-01	-9.429551e-01	-7.226373e-01	1.650862e+00	1.659561e+00	-1.266408e+00
4.819037e+02	-6.555760e-01	-9.384413e-01	-7.127600e-01	1.676360e+00	1.635439e+00	-1.246813e+00
4.216688e+02	-6.769575e-01	-9.151356e-01	-7.229255e-01	1.698941e+00	1.610348e+00	-1.227011e+00
3.695181e+02	-6.987747e-01	-8.889672e-01	-7.221713e-01	1.718353e+00	1.587932e+00	-1.207474e+00
3.204104e+02	-7.166899e-01	-8.759395e-01	-7.417342e-01	1.742378e+00	1.564379e+00	-1.188979e+00
2.674994e+02	-7.311587e-01	-8.821285e-01	-7.721013e-01	1.772861e+00	1.534847e+00	-1.165058e+00
2.350727e+02	-7.486942e-01	-8.668745e-01	-7.819974e-01	1.790418e+00	1.517789e+00	-1.151165e+00
2.071570e+02	-7.631890e-01	-8.408217e-01	-7.895756e-01	1.808763e+00	1.501685e+00	-1.138370e+00
1.799556e+02	-7.798610e-01	-8.425414e-01	-7.967694e-01	1.826759e+00	1.484656e+00	-1.125239e+00
1.548446e+02	-7.960515e-01	-8.394958e-01	-7.978931e-01	1.846533e+00	1.467274e+00	-1.112386e+00
1.355402e+02	-8.100356e-01	-8.379506e-01	-8.064955e-01	1.862240e+00	1.452524e+00	-1.101729e+00
1.208974e+02	-8.239186e-01	-8.335441e-01	-8.099714e-01	1.875863e+00	1.441144e+00	-1.092802e+00
1.057369e+02	-8.359423e-01	-8.257703e-01	-8.169329e-01	1.890685e+00	1.427232e+00	-1.084408e+00
1.218320e+03	-1.584314e+00	-8.003361e-01	-1.180845e+00	1.869356e+00	2.037255e+00	-1.351458e-01
1.110742e+03	-1.546426e+00	-8.382241e-01	-1.218733e+00	1.831468e+00	1.999367e+00	-9.725783e-02
9.653600e+02	-1.504962e+00	-8.122456e-01	-1.264960e+00	1.785830e+00	1.956451e+00	-5.226734e-02
8.837107e+02	-1.465802e+00	-7.805579e-01	-1.306015e+00	1.795219e+00	1.918182e+00	-1.190408e-02
8.027478e+02	-1.439415e+00	-7.464901e-01	-1.325335e+00	1.772001e+00	1.881903e+00	-7.711402e-03
7.492094e+02	-1.418065e+00	-7.460994e-01	-1.334262e+00	1.753842e+00	1.849607e+00	1.550761e-03
6.917444e+02	-1.395218e+00	-7.266774e-01	-1.341118e+00	1.732903e+00	1.817418e+00	-2.052779e-05
6.492879e+02	-1.375879e+00	-7.041547e-01	-1.347186e+00	1.723272e+00	1.787741e+00	-5.367418e-04
6.050412e+02	-1.356651e+00	-6.920966e-01	-1.341588e+00	1.704312e+00	1.759031e+00	-6.507419e-03
5.651280e+02	-1.338189e+00	-6.834724e-01	-1.332307e+00	1.684239e+00	1.734453e+00	-1.870348e-02
5.301223e+02	-1.322905e+00	-6.769270e-01	-1.320100e+00	1.670183e+00	1.708098e+00	-2.581062e-02
4.965253e+02	-1.311626e+00	-6.588503e-01	-1.304498e+00	1.654186e+00	1.684445e+00	-4.238213e-02
4.672979e+02	-1.298274e+00	-6.608025e-01	-1.287501e+00	1.643903e+00	1.660335e+00	-4.922170e-02
4.358322e+02	-1.283553e+00	-6.649763e-01	-1.270143e+00	1.627043e+00	1.635015e+00	-5.818590e-02
4.126010e+02	-1.273453e+00	-6.668644e-01	-1.250450e+00	1.621228e+00	1.614283e+00	-6.789284e-02
3.901243e+02	-1.262135e+00	-6.707183e-01	-1.233873e+00	1.611834e+00	1.592639e+00	-7.469863e-02
3.694715e+02	-1.254474e+00	-6.701257e-01	-1.212153e+00	1.607996e+00	1.574350e+00	-8.876125e-02
3.488367e+02	-1.245217e+00	-6.695234e-01	-1.188668e+00	1.602414e+00	1.556873e+00	-1.039316e-01
3.302394e+02	-1.239123e+00	-6.678133e-01	-1.167994e+00	1.599849e+00	1.539616e+00	-1.194900e-01
2.172738e+03	-1.588627e+00	3.039776e-01	-1.812811e+00	2.303193e+00	1.700784e+00	-4.397625e-01
1.998469e+03	-1.550740e+00	2.660897e-01	-1.850699e+00	2.341081e+00	1.662896e+00	-4.018745e-01
1.785889e+03	-1.506692e+00	2.233269e-01	-1.844506e+00	2.326682e+00	1.614155e+00	-3.965464e-01
1.615390e+03	-1.471622e+00	1.852764e-01	-1.833171e+00	2.304956e+00	1.572973e+00	-3.989486e-01
1.451844e+03	-1.434063e+00	1.445177e-01	-1.815514e+00	2.287041e+00	1.529997e+00	-4.064387e-01
1.321400e+03	-1.407970e+00	1.082135e-01	-1.792517e+00	2.270725e+00	1.494537e+00	-4.230783e-01
1.191424e+03	-1.380351e+00	7.047733e-02	-1.766898e+00	2.249398e+00	1.457262e+00	-4.417329e-01
1.087004e+03	-1.353596e+00	3.670560e-02	-1.748737e+00	2.232539e+00	1.423846e+00	-4.550564e-01
9.846898e+02	-1.337680e+00	1.738910e-03	-1.720902e+00	2.210013e+00	1.392367e+00	-4.782949e-01
8.974523e+02	-1.324945e+00	-3.039520e-02	-1.692758e+00	2.188537e+00	1.365383e+00	-5.003106e-01
8.147193e+02	-1.318530e+00	-6.192786e-02	-1.661625e+00	2.165227e+00	1.339788e+00	-5.263396e-01
7.400213e+02	-1.317189e+00	-9.197631e-02	-1.628380e+00	2.141114e+00	1.317820e+00	-5.530091e-01
6.738351e+02	-1.317662e+00	-1.199976e-01	-1.596911e+00	2.118266e+00	1.297595e+00	-5.791755e-01
6.136113e+02	-1.320994e+00	-1.474012e-01	-1.565347e+00	2.096316e+00	1.279086e+00	-6.042213e-01
5.602161e+02	-1.325543e+00	-1.723374e-01	-1.532863e+00	2.074191e+00	1.263576e+00	-6.291464e-01
5.107291e+02	-1.335680e+00	-1.975380e-01	-1.498597e+00	2.051693e+00	1.251235e+00	-6.550714e-01
4.682219e+02	-1.341856e+00	-2.200146e-01	-1.466877e+00	2.031701e+00	1.239309e+00	-6.771500e-01
4.294403e+02	-1.347859e+00	-2.420313e-01	-1.434191e+00	2.013298e+00	1.229494e+00	-6.970365e-01
3.955395e+02	-1.354519e+00	-2.621727e-01	-1.403332e+00	1.995338e+00	1.220517e+00	-7.164402e-01
1.668371e+03	-9.156863e-01	-2.308908e+00	-4.943207e-01	1.691877e+00	7.949020e-01	-1.867369e+00
1.540439e+03	-8.777983e-01	-2.346795e+00	-4.564328e-01	1.653989e+00	8.327899e-01	-1.905257e+00
1.406805e+03	-8.399336e-01	-2.388586e+00	-4.132884e-01	1.666156e+00	8.776913e-01	-1.881060e+00
1.299802e+03	-8.024338e-01	-2.425960e+00	-3.909677e-01	1.695138e+00	9.178952e-01	-1.845916e+00
1.213030e+03	-7.780865e-01	-2.421158e+00	-3.560569e-01	1.700380e+00	9.512778e-01	-1.838456e+00
1.134203e+03	-7.543387e-01	-2.403746e+00	-3.188874e-01	1.704425e+00	9.828208e-01	-1.839939e+00
1.070194e+03	-7.313057e-01	-2.401502e+00	-2.941575e-01	1.717898e+00	1.011352e+00	-1.826982e+00
1.027179e+03	-7.009670e-01	-2.408069e+00	-2.702993e-01	1.725664e+00	1.031682e+00	-1.822948e+00
9.737671e+02	-6.867009e-01	-2.396578e+00	-2.439138e-01	1.744764e+00	1.056816e+00	-1.808793e+00
9.208936e+02	-6.756818e-01	-2.380766e+00	-2.162388e-01	1.767375e+00	1.082442e+00	-1.791456e+00
8.801667e+02	-6.604810e-01	-2.365799e+00	-1.898440e-01	1.785463e+00	1.101899e+00	-1.779417e+00
8.341576e+02	-6.572077e-01	-2.339564e+00	-1.588735e-01	1.810889e+00	1.122239e+00	-1.758838e+00
8.036016e+02	-6.401574e-01	-2.325940e+00	-1.343482e-01	1.826455e+00	1.137518e+00	-1.750555e+00
7.733889e+02	-6.181023e-01	-2.311557e+00	-1.091655e-01	1.842837e+00	1.152847e+00	-1.734919e+00
7.462486e+02	-6.075928e-01	-2.291870e+00	-8.297180e-02	1.859364e+00	1.165070e+00	-1.728005e+00
7.127996e+02	-6.125900e-01	-2.260038e+00	-5.116538e-02	1.879710e+00	1.177752e+00	-1.719430e+00
6.908656e+02	-5.988313e-01	-2.243497e+00	-2.710449e-02	1.895373e+00	1.187434e+00	-1.710242e+00
6.654474e+02	-5.944116e-01	-2.218584e+00	1.102562e-03	1.910783e+00	1.197222e+00	-1.701898e+00
6.453594e+02	-5.821890e-01	-2.199599e+00	2.516267e-02	1.926255e+00	1.204910e+00	-1.691386e+00
3.243600e+02	-9.243137e-01	-1.249300e-01	1.785640e-01	2.451092e+00	8.941176e-01	-1.039903e+00
2.304739e+02	-9.622017e-01	-8.704204e-02	2.164519e-01	2.413205e+00	9.320056e-01	-1.077791e+00
1.621049e+02	-9.867234e-01	-1.204764e-01	1.936365e-01	2.417527e+00	9.652083e-01	-1.086850e+00
1.123977e+02	-1.001851e+00	-1.509385e-01	1.570612e-01	2.428007e+00	9.949056e-01	-1.054596e+00
9.242739e+01	-1.021957e+00	-1.518982e-01	1.600000e-01	2.416075e+00	1.012680e+00	-1.070915e+00
7.560439e+01	-1.018955e+00	-1.570160e-01	1.197546e-01	2.427704e+00	1.028581e+00	-1.048235e+00
6.290789e+01	-1.040642e+00	-1.664373e-01	1.362799e-01	2.415044e+00	1.045124e+00	-1.057720e+00
5.817573e+01	-1.054819e+00	-1.689382e-01	1.387251e-01	2.408942e+00	1.059812e+00	-1.070353e+00
4.800316e+01	-1.048114e+00	-1.820641e-01	1.202635e-01	2.418282e+00	1.066678e+00	-1.039259e+00
4.181421e+01	-1.040722e+00	-1.821317e-01	9.194730e-02	2.428831e+00	1.077730e+00	-1.020989e+00
3.820778e+01	-1.047664e+00	-1.933450e-01	9.677252e-02	2.426009e+00	1.083756e+00	-1.010983e+00
3.513669e+01	-1.054706e+00	-2.029411e-01	1.037601e-01	2.422939e+00	1.093475e+00	-1.003598e+00
3.378685e+01	-1.050978e+00	-1.965394e-01	8.713714e-02	2.423856e+00	1.097013e+00	-9.922196e-01
3.198347e+01	-1.052206e+00	-2.105446e-01	8.405021e-02	2.430135e+00	1.101123e+00	-9.809094e-01
3.148898e+01	-1.052094e+00	-1.977911e-01	7.743704e-02	2.421363e+00	1.106693e+00	-9.736363e-01
3.307766e+01	-1.062639e+00	-1.844350e-01	7.230176e-02	2.408925e+00	1.114445e+00	-9.802656e-01
3.018661e+01	-1.052192e+00	-2.022103e-01	7.115415e-02	2.418885e+00	1.113310e+00	-9.568373e-01
3.054940e+01	-1.068142e+00	-2.182269e-01	9.481029e-02	2.409911e+00	1.120411e+00	-9.616989e-01
2.962360e+01	-1.048646e+00	-2.098456e-01	6.520267e-02	2.419406e+00	1.116031e+00	-9.371230e-01
2.648034e+03	-2.028627e+00	1.905882e-01	-1.790078e+00	2.426443e+00	1.493725e+00	-1.599125e+00
2.348818e+03	-1.990740e+00	1.527003e-01	-1.827966e+00	2.464331e+00	1.455838e+00	-1.561237e+00
2.018645e+03	-1.942648e+00	1.097309e-01	-1.876684e+00	2.432843e+00	1.408506e+00	-1.520477e+00
1.764689e+03	-1.905115e+00	6.951871e-02	-1.912290e+00	2.413765e+00	1.366943e+00	-1.481592e+00
1.540907e+03	-1.862406e+00	3.364898e-02	-1.953395e+00	2.384604e+00	1.323969e+00	-1.443095e+00
1.381661e+03	-1.825606e+00	5.676037e-03	-1.971123e+00	2.362592e+00	1.287010e+00	-1.411749e+00
1.234795e+03	-1.788882e+00	-2.673584e-02	-1.994579e+00	2.336583e+00	1.248948e+00	-1.376481e+00
1.117868e+03	-1.753128e+00	-5.748293e-02	-2.002624e+00	2.315104e+00	1.214998e+00	-1.342417e+00
1.029581e+03	-1.723165e+00	-8.562431e-02	-2.008879e+00	2.292575e+00	1.184021e+00	-1.312100e+00
9.590059e+02	-1.692907e+00	-1.110236e-01	-2.010839e+00	2.267239e+00	1.156417e+00	-1.282594e+00
9.037671e+02	-1.668900e+00	-1.358236e-01	-1.999712e+00	2.246761e+00	1.134063e+00	-1.257426e+00
8.557571e+02	-1.650022e+00	-1.619085e-01	-1.979142e+00	2.227716e+00	1.114492e+00	-1.234633e+00
8.150222e+02	-1.629908e+00	-1.832469e-01	-1.958760e+00	2.206377e+00	1.101537e+00	-1.213486e+00
7.768460e+02	-1.609921e+00	-2.046535e-01	-1.934936e+00	2.192975e+00	1.090450e+00	-1.191516e+00
7.411758e+02	-1.593700e+00	-2.231420e-01	-1.907613e+00	2.171499e+00	1.085890e+00	-1.175860e+00
7.070833e+02	-1.581513e+00	-2.392894e-01	-1.878841e+00	2.145478e+00	1.087515e+00	-1.165771e+00
6.719461e+02	-1.567879e+00	-2.566255e-01	-1.848008e+00	2.126395e+00	1.088329e+00	-1.152899e+00
6.397336e+02	-1.555967e+00	-2.710479e-01	-1.819619e+00	2.106706e+00	1.092453e+00	-1.141467e+00
6.052920e+02	-1.544632e+00	-2.875458e-01	-1.787804e+00	2.088092e+00	1.097386e+00	-1.131127e+00
1.386187e+03	-4.756863e-01	-2.195518e+00	-5.170533e-01	1.568627e+00	1.001961e+00	-7.080070e-01
1.240334e+03	-5.135742e-01	-2.157630e+00	-4.791653e-01	1.530740e+00	1.039849e+00	-7.458950e-01
1.113018e+03	-5.524550e-01	-2.117961e+00	-4.386249e-01	1.514530e+00	1.081017e+00	-7.811280e-01
1.019757e+03	-5.671838e-01	-2.088587e+00	-4.048333e-01	1.514978e+00	1.116688e+00	-8.128237e-01
9.354126e+02	-5.984923e-01	-2.051869e+00	-3.668428e-01	1.504809e+00	1.150232e+00	-8.440720e-01
8.638450e+02	-6.344828e-01	-2.013127e+00	-3.275339e-01	1.494031e+00	1.181858e+00	-8.762047e-01
8.159101e+02	-6.463519e-01	-1.989549e+00	-3.011971e-01	1.501599e+00	1.207008e+00	-8.996770e-01
7.719469e+02	-6.464153e-01	-1.968078e+00	-2.743187e-01	1.516488e+00	1.229498e+00	-9.231473e-01
7.349169e+02	-6.600329e-01	-1.942984e+00	-2.476133e-01	1.531537e+00	1.248755e+00	-9.422881e-01
6.998240e+02	-6.780547e-01	-1.915582e+00	-2.190724e-01	1.550950e+00	1.266651e+00	-9.623108e-01
6.702047e+02	-6.848884e-01	-1.892156e+00	-1.937410e-01	1.570198e+00	1.280536e+00	-9.779793e-01
6.404248e+02	-6.801781e-01	-1.870313e+00	-1.686015e-01	1.595378e+00	1.290510e+00	-9.912863e-01
6.152659e+02	-6.888821e-01	-1.846548e+00	-1.438221e-01	1.614679e+00	1.300836e+00	-1.005576e+00
5.905108e+02	-6.901602e-01	-1.823388e+00	-1.195883e-01	1.636274e+00	1.306933e+00	-1.016749e+00
5.682262e+02	-6.972813e-01	-1.800132e+00	-9.573867e-02	1.656197e+00	1.314185e+00	-1.029881e+00
5.481807e+02	-7.105521e-01	-1.775650e+00	-7.044072e-02	1.674570e+00	1.322588e+00	-1.044756e+00
5.270820e+02	-7.099991e-01	-1.753575e+00	-4.881626e-02	1.695585e+00	1.325424e+00	-1.054866e+00
5.068641e+02	-7.093960e-01	-1.732639e+00	-2.728004e-02	1.717104e+00	1.324905e+00	-1.065139e+00
4.873821e+02	-7.085537e-01	-1.710328e+00	-6.729545e-03	1.736416e+00	1.326215e+00	-1.074136e+00
1.744482e+03	-1.364314e+00	2.891877e-01	-1.021717e+00	1.780616e+00	5.274510e-01	-1.135380e+00
1.531901e+03	-1.326426e+00	2.512997e-01	-1.059605e+00	1.818504e+00	5.653389e-01	-1.097492e+00
1.282222e+03	-1.334807e+00	2.012061e-01	-1.060969e+00	1.844687e+00	6.129427e-01	-1.086822e+00
1.095310e+03	-1.333200e+00	1.583850e-01	-1.070849e+00	1.876699e+00	6.549723e-01	-1.066986e+00
9.237392e+02	-1.345715e+00	1.133609e-01	-1.069649e+00	1.904551e+00	6.979980e-01	-1.052809e+00
7.918791e+02	-1.359755e+00	7.333530e-02	-1.065194e+00	1.930982e+00	7.355593e-01	-1.041561e+00
6.745149e+02	-1.375202e+00	3.389182e-02	-1.059351e+00	1.960330e+00	7.743781e-01	-1.023886e+00
5.801972e+02	-1.389231e+00	-1.932375e-03	-1.052337e+00	1.989938e+00	8.102171e-01	-1.003845e+00
5.015265e+02	-1.403547e+00	-3.625837e-02	-1.041398e+00	2.018231e+00	8.435911e-01	-9.835728e-01
4.365943e+02	-1.416585e+00	-6.841494e-02	-1.029476e+00	2.046841e+00	8.746973e-01	-9.614791e-01
3.840039e+02	-1.425581e+00	-9.755686e-02	-1.013830e+00	2.072399e+00	9.023279e-01	-9.391853e-01
3.396334e+02	-1.431590e+00	-1.259116e-01	-9.936629e-01	2.095886e+00	9.254042e-01	-9.176566e-01
3.038516e+02	-1.435261e+00	-1.504270e-01	-9.758243e-01	2.118405e+00	9.478414e-01	-8.948141e-01
2.728244e+02	-1.442181e+00	-1.747486e-01	-9.552830e-01	2.138846e+00	9.688690e-01	-8.731257e-01
2.479558e+02	-1.438737e+00	-1.955077e-01	-9.353966e-01	2.157604e+00	9.861912e-01	-8.499837e-01
2.288925e+02	-1.430233e+00	-2.132799e-01	-9.180926e-01	2.175526e+00	1.000639e+00	-8.272294e-01
2.110552e+02	-1.423259e+00	-2.312409e-01	-8.970295e-01	2.189274e+00	1.013795e+00	-8.052624e-01
1.951659e+02	-1.412099e+00	-2.493625e-01	-8.744324e-01	2.201324e+00	1.023713e+00	-7.825441e-01
1.824524e+02	-1.402617e+00	-2.645749e-01	-8.529503e-01	2.210061e+00	1.033314e+00	-7.626889e-01
3.555576e+03	-6.827451e-01	-7.559664e-01	-3.033669e-01	2.500392e+00	3.462745e-01	-9.807981e-01
3.059662e+03	-7.206330e-01	-7.180785e-01	-2.654790e-01	2.462504e+00	3.841624e-01	-1.018686e+00
2.633220e+03	-7.577120e-01	-6.793091e-01	-2.268445e-01	2.423750e+00	4.177014e-01	-1.055652e+00
2.263431e+03	-7.912163e-01	-6.431414e-01	-1.930538e-01	2.389399e+00	4.524706e-01	-1.089648e+00
2.087025e+03	-8.112196e-01	-6.286415e-01	-1.793187e-01	2.373719e+00	4.711698e-01	-1.105022e+00
1.820573e+03	-8.388113e-01	-5.982417e-01	-1.498308e-01	2.345363e+00	5.013185e-01	-1.129352e+00
1.701303e+03	-8.550257e-01	-5.872471e-01	-1.435132e-01	2.334476e+00	5.163380e-01	-1.142143e+00
1.545061e+03	-8.750135e-01	-5.652672e-01	-1.308307e-01	2.316696e+00	5.360835e-01	-1.162848e+00
1.402392e+03	-8.937443e-01	-5.498601e-01	-1.164099e-01	2.301448e+00	5.576748e-01	-1.175335e+00
1.296470e+03	-9.090949e-01	-5.344129e-01	-1.056622e-01	2.288247e+00	5.737750e-01	-1.188538e+00
1.159348e+03	-9.286243e-01	-5.144271e-01	-9.168101e-02	2.271170e+00	5.974793e-01	-1.202643e+00
9.955926e+02	-9.529415e-01	-4.882177e-01	-7.475597e-02	2.250007e+00	6.296451e-01	-1.221734e+00
9.500551e+02	-9.619064e-01	-4.776706e-01	-6.980978e-02	2.241239e+00	6.382379e-01	-1.226645e+00
8.500943e+02	-9.785864e-01	-4.637849e-01	-6.412788e-02	2.230435e+00	6.623710e-01	-1.241199e+00
8.048643e+02	-9.874726e-01	-4.481954e-01	-5.790815e-02	2.218791e+00	6.719826e-01	-1.243875e+00
7.709806e+02	-9.956975e-01	-4.299622e-01	-5.016425e-02	2.206240e+00	6.786393e-01	-1.247971e+00
7.012221e+02	-1.008053e+00	-4.200954e-01	-4.970572e-02	2.197916e+00	6.989415e-01	-1.253664e+00
6.433191e+02	-1.018503e+00	-4.085413e-01	-4.778364e-02	2.188978e+00	7.166180e-01	-1.255540e+00
6.034734e+02	-1.027269e+00	-3.968073e-01	-4.713837e-02	2.180834e+00	7.293619e-01	-1.260437e+00
2.731688e+03	-3.074510e-01	-3.467787e-01	-8.058754e-02	2.046835e+00	2.451373e+00	-1.235403e+00
2.584224e+03	-3.453389e-01	-3.846666e-01	-1.184755e-01	2.008947e+00	2.413485e+00	-1.197515e+00
2.450156e+03	-3.803517e-01	-4.230977e-01	-1.588551e-01	1.969361e+00	2.383311e+00	-1.176840e+00
2.350249e+03	-4.179065e-01	-4.559293e-01	-2.000702e-01	1.936566e+00	2.365588e+00	-1.181547e+00
2.226037e+03	-4.397520e-01	-4.904928e-01	-2.302371e-01	1.911296e+00	2.331829e+00	-1.149663e+00
2.110154e+03	-4.707130e-01	-5.242165e-01	-2.630609e-01	1.888397e+00	2.306129e+00	-1.118196e+00
1.996977e+03	-4.899605e-01	-5.525858e-01	-3.020220e-01	1.864453e+00	2.276154e+00	-1.092987e+00
1.878381e+03	-5.080364e-01	-5.867189e-01	-3.468782e-01	1.839919e+00	2.247816e+00	-1.057115e+00
1.777066e+03	-5.334995e-01	-6.085682e-01	-3.722920e-01	1.820377e+00	2.220842e+00	-1.037667e+00
1.666589e+03	-5.648767e-01	-6.382087e-01	-4.087870e-01	1.818547e+00	2.192227e+00	-1.002731e+00
1.570429e+03	-5.825960e-01	-6.584703e-01	-4.373996e-01	1.791906e+00	2.165877e+00	-9.859133e-01
1.470634e+03	-6.059944e-01	-6.830240e-01	-4.740287e-01	1.789389e+00	2.137695e+00	-9.545388e-01
1.376811e+03	-6.237920e-01	-7.032031e-01	-5.033299e-01	1.764006e+00	2.111011e+00	-9.358585e-01
1.297442e+03	-6.398474e-01	-7.220355e-01	-5.128985e-01	1.736275e+00	2.088486e+00	-9.184210e-01
1.204946e+03	-6.605550e-01	-7.425063e-01	-5.518747e-01	1.728633e+00	2.059808e+00	-8.916248e-01
1.122485e+03	-6.764878e-01	-7.548258e-01	-5.727408e-01	1.703589e+00	2.031767e+00	-8.763587e-01
1.043590e+03	-6.963373e-01	-7.753426e-01	-6.084868e-01	1.704151e+00	2.006282e+00	-8.469899e-01
9.606669e+02	-7.130131e-01	-7.941077e-01	-6.398371e-01	1.717375e+00	1.975530e+00	-8.103102e-01
8.982338e+02	-7.303130e-01	-8.065197e-01	-6.653758e-01	1.701298e+00	1.953076e+00	-7.958129e-01
1.230455e+03	-4.498039e-01	1.314286e-01	-2.140160e+00	2.150364e+00	1.528235e+00	-1.503648e+00
1.135242e+03	-4.876918e-01	9.354064e-02	-2.178048e+00	2.112476e+00	1.490347e+00	-1.465760e+00
1.070639e+03	-4.521372e-01	5.416889e-02	-2.165067e+00	2.085768e+00	1.466565e+00	-1.448908e+00
1.018204e+03	-4.357510e-01	2.030492e-02	-2.174634e+00	2.053109e+00	1.442571e+00	-1.429333e+00
9.690372e+02	-4.495524e-01	-7.838286e-03	-2.154774e+00	2.059936e+00	1.419153e+00	-1.412533e+00
9.362640e+02	-4.312313e-01	-3.001360e-02	-2.148395e+00	2.067412e+00	1.397557e+00	-1.393334e+00
8.937383e+02	-4.627750e-01	-5.709385e-02	-2.122993e+00	2.064638e+00	1.378482e+00	-1.383479e+00
8.598372e+02	-4.901306e-01	-7.934093e-02	-2.101078e+00	2.083474e+00	1.364022e+00	-1.376253e+00
8.196432e+02	-5.187492e-01	-1.066224e-01	-2.072366e+00	2.066453e+00	1.346789e+00	-1.368646e+00
7.691242e+02	-5.569628e-01	-1.433701e-01	-2.028186e+00	2.079567e+00	1.331120e+00	-1.356723e+00
7.440391e+02	-5.739431e-01	-1.603688e-01	-2.011906e+00	2.061328e+00	1.319003e+00	-1.354999e+00
6.989062e+02	-6.103344e-01	-1.938445e-01	-1.975308e+00	2.055599e+00	1.310781e+00	-1.346395e+00
6.709350e+02	-6.281427e-01	-2.126694e-01	-1.948098e+00	2.047022e+00	1.300585e+00	-1.347556e+00
6.367680e+02	-6.487546e-01	-2.359088e-01	-1.911639e+00	2.048560e+00	1.290419e+00	-1.347770e+00
5.954141e+02	-6.797720e-01	-2.642567e-01	-1.876234e+00	2.041829e+00	1.284763e+00	-1.346828e+00
5.324509e+02	-7.245120e-01	-3.075794e-01	-1.824348e+00	2.034892e+00	1.280152e+00	-1.344773e+00
5.000009e+02	-7.444845e-01	-3.292740e-01	-1.794581e+00	2.036463e+00	1.275696e+00	-1.343706e+00
4.749832e+02	-7.675484e-01	-3.447316e-01	-1.778878e+00	2.041613e+00	1.271470e+00	-1.342542e+00
4.180138e+02	-8.014310e-01	-3.838819e-01	-1.729574e+00	2.037870e+00	1.269049e+00	-1.342538e+00
1.455341e+03	-2.274510e-02	-2.348347e+00	-1.135380e+00	1.770756e+00	1.006275e+00	-1.117194e+00
1.338478e+03	-6.063303e-02	-2.310459e+00	-1.097492e+00	1.732868e+00	1.044162e+00	-1.155082e+00
1.222727e+03	-9.984002e-02	-2.271069e+00	-1.056510e+00	1.710331e+00	1.090623e+00	-1.201756e+00
1.146249e+03	-1.268972e-01	-2.236785e+00	-1.017520e+00	1.701483e+00	1.128473e+00	-1.233218e+00
1.073129e+03	-1.621851e-01	-2.197048e+00	-9.755430e-01	1.692754e+00	1.167859e+00	-1.270551e+00
1.018772e+03	-1.934039e-01	-2.157739e+00	-9.353275e-01	1.682056e+00	1.200690e+00	-1.305665e+00
9.687166e+02	-2.254643e-01	-2.117093e+00	-8.940044e-01	1.687728e+00	1.232588e+00	-1.332805e+00
9.280989e+02	-2.490624e-01	-2.078761e+00	-8.538811e-01	1.704746e+00	1.260234e+00	-1.351304e+00
8.894798e+02	-2.772849e-01	-2.039404e+00	-8.138105e-01	1.717754e+00	1.283303e+00	-1.369725e+00
8.506560e+02	-3.064039e-01	-1.999686e+00	-7.738353e-01	1.737472e+00	1.302923e+00	-1.382996e+00
8.155561e+02	-3.290690e-01	-1.959196e+00	-7.331203e-01	1.754153e+00	1.317504e+00	-1.393683e+00
7.781759e+02	-3.585111e-01	-1.918840e+00	-6.926242e-01	1.766618e+00	1.330895e+00	-1.406270e+00
7.501000e+02	-3.711994e-01	-1.886487e+00	-6.610887e-01	1.785520e+00	1.336997e+00	-1.409877e+00
7.238754e+02	-3.762987e-01	-1.853713e+00	-6.291694e-01	1.805015e+00	1.339912e+00	-1.409368e+00
6.899772e+02	-3.909473e-01	-1.817534e+00	-5.941209e-01	1.823591e+00	1.340786e+00	-1.410140e+00
6.503937e+02	-4.098881e-01	-1.779002e+00	-5.561365e-01	1.843060e+00	1.337936e+00	-1.408951e+00
6.147030e+02	-4.248458e-01	-1.741807e+00	-5.221116e-01	1.860028e+00	1.335539e+00	-1.408144e+00
5.825415e+02	-4.308943e-01	-1.703661e+00	-4.881556e-01	1.876719e+00	1.331433e+00	-1.404812e+00
5.442266e+02	-4.489660e-01	-1.665026e+00	-4.528746e-01	1.891967e+00	1.327056e+00	-1.404156e+00
1.896238e+03	-4.670588e-01	2.300280e-01	5.796309e-03	5.924930e-01	8.854902e-01	-1.203578e+00
1.774856e+03	-4.291709e-01	1.921401e-01	4.368424e-02	6.303809e-01	9.233781e-01	-1.165690e+00
1.672950e+03	-3.888065e-01	1.566502e-01	3.307307e-02	6.662421e-01	9.615113e-01	-1.126071e+00
1.589019e+03	-3.481342e-01	1.232358e-01	1.791161e-02	7.034441e-01	9.941394e-01	-1.089783e+00
1.525739e+03	-3.632809e-01	9.755667e-02	2.857315e-02	7.260732e-01	1.017083e+00	-1.070582e+00
1.458697e+03	-3.636821e-01	7.117005e-02	3.723660e-02	7.534038e-01	1.045528e+00	-1.045427e+00
1.395994e+03	-3.844341e-01	4.637501e-02	4.354558e-02	7.778331e-01	1.062450e+00	-1.026178e+00
1.333929e+03	-4.264035e-01	1.846641e-02	7.794344e-02	7.931274e-01	1.082275e+00	-1.004783e+00
1.273617e+03	-4.187497e-01	-6.246095e-03	6.258277e-02	8.243260e-01	1.098262e+00	-9.822887e-01
1.215696e+03	-4.048763e-01	-3.076877e-02	4.210173e-02	8.573283e-01	1.122097e+00	-9.621942e-01
1.159412e+03	-4.244977e-01	-5.688991e-02	4.969660e-02	8.784425e-01	1.134135e+00	-9.387761e-01
1.107272e+03	-4.158339e-01	-8.219247e-02	3.490539e-02	9.096814e-01	1.147934e+00	-9.144044e-01
1.052857e+03	-4.438911e-01	-1.076189e-01	4.723977e-02	9.264587e-01	1.162503e+00	-8.966339e-01
9.882212e+02	-4.799579e-01	-1.401933e-01	6.675432e-02	9.474727e-01	1.171008e+00	-8.844692e-01
9.448749e+02	-4.850086e-01	-1.604406e-01	5.792009e-02	9.692543e-01	1.184983e+00	-8.609259e-01
9.071772e+02	-5.040372e-01	-1.799124e-01	6.865747e-02	9.819237e-01	1.204092e+00	-8.426627e-01
8.541604e+02	-5.106041e-01	-2.069280e-01	5.249570e-02	1.010035e+00	1.204910e+00	-8.201873e-01
7.992762e+02	-5.250585e-01	-2.352068e-01	3.906087e-02	1.036954e+00	1.205989e+00	-8.001186e-01
7.562876e+02	-5.375702e-01	-2.582770e-01	3.281112e-02	1.057729e+00	1.212045e+00	-7.823901e-01
1.103393e+03	-8.811765e-01	-4.112045e-02	-4.806811e-01	1.179160e+00	9.760784e-01	-1.680962e+00
1.009489e+03	-8.432885e-01	-7.900838e-02	-5.185691e-01	1.217048e+00	9.381905e-01	-1.643074e+00
8.835525e+02	-8.034516e-01	-1.235370e-01	-5.643242e-01	1.266242e+00	9.631751e-01	-1.607567e+00
7.806344e+02	-7.809723e-01	-1.618514e-01	-5.869189e-01	1.306675e+00	9.955769e-01	-1.572881e+00
6.928576e+02	-7.534982e-01	-2.047746e-01	-6.192005e-01	1.351891e+00	1.005281e+00	-1.536384e+00
6.243500e+02	-7.367099e-01	-2.429688e-01	-6.400546e-01	1.389439e+00	1.011026e+00	-1.501636e+00
5.522205e+02	-7.252561e-01	-2.828096e-01	-6.580513e-01	1.430165e+00	1.025464e+00	-1.466174e+00
4.817265e+02	-7.254682e-01	-3.194464e-01	-6.672715e-01	1.468295e+00	1.045224e+00	-1.432552e+00
4.158715e+02	-7.304885e-01	-3.558411e-01	-6.728617e-01	1.505334e+00	1.062572e+00	-1.399511e+00
3.593882e+02	-7.350602e-01	-3.887986e-01	-6.807925e-01	1.540770e+00	1.078670e+00	-1.368295e+00
2.999160e+02	-7.502837e-01	-4.219150e-01	-6.764375e-01	1.574350e+00	1.097828e+00	-1.337692e+00
2.455088e+02	-7.680753e-01	-4.529339e-01	-6.655996e-01	1.605359e+00	1.118084e+00	-1.308844e+00
1.966654e+02	-7.886033e-01	-4.828711e-01	-6.561879e-01	1.635957e+00	1.136701e+00	-1.280711e+00
1.543059e+02	-8.105705e-01	-5.115650e-01	-6.454717e-01	1.665388e+00	1.152737e+00	-1.254070e+00
1.183462e+02	-8.328580e-01	-5.384085e-01	-6.338697e-01	1.693061e+00	1.169352e+00	-1.228545e+00
8.950363e+01	-8.529613e-01	-5.634526e-01	-6.218648e-01	1.719687e+00	1.184157e+00	-1.204279e+00
6.627827e+01	-8.743914e-01	-5.872702e-01	-6.112551e-01	1.744613e+00	1.197430e+00	-1.181398e+00
4.875653e+01	-8.925578e-01	-6.093704e-01	-6.042048e-01	1.769187e+00	1.210381e+00	-1.159026e+00
3.603404e+01	-9.111913e-01	-6.300095e-01	-5.972271e-01	1.791388e+00	1.219412e+00	-1.139021e+00
2.602412e+03	-1.381569e+00	2.645378e-01	-2.299288e+00	2.179944e+00	2.002745e+00	-4.352159e-01
2.378124e+03	-1.343681e+00	2.266499e-01	-2.337176e+00	2.142056e+00	1.964857e+00	-3.973280e-01
2.133881e+03	-1.300439e+00	1.832832e-01	-2.379808e+00	2.092804e+00	1.915805e+00	-3.630429e-01
1.946489e+03	-1.260395e+00	1.479472e-01	-2.419693e+00	2.049775e+00	1.872779e+00	-3.290784e-01
1.780057e+03	-1.224940e+00	1.065785e-01	-2.446523e+00	2.009028e+00	1.830907e+00	-3.041137e-01
1.647529e+03	-1.193198e+00	7.646956e-02	-2.459849e+00	1.969322e+00	1.791220e+00	-3.052515e-01
1.529897e+03	-1.162347e+00	4.101610e-02	-2.477616e+00	1.934755e+00	1.753983e+00	-2.960352e-01
1.437178e+03	-1.132915e+00	1.229451e-02	-2.486401e+00	1.903146e+00	1.720943e+00	-2.901204e-01
1.346357e+03	-1.107910e+00	-1.914971e-02	-2.491693e+00	1.870292e+00	1.686939e+00	-2.958971e-01
1.262802e+03	-1.087913e+00	-4.867068e-02	-2.483301e+00	1.837150e+00	1.654902e+00	-3.105102e-01
1.189696e+03	-1.068057e+00	-7.698068e-02	-2.477099e+00	1.807599e+00	1.624590e+00	-3.261819e-01
1.120595e+03	-1.049618e+00	-1.057687e-01	-2.462509e+00	1.781344e+00	1.595278e+00	-3.462157e-01
1.060290e+03	-1.034423e+00	-1.303277e-01	-2.446105e+00	1.754181e+00	1.568491e+00	-3.686753e-01
1.003923e+03	-1.021880e+00	-1.532749e-01	-2.427347e+00	1.726611e+00	1.542451e+00	-3.949922e-01
9.524395e+02	-1.010866e+00	-1.765287e-01	-2.403028e+00	1.702897e+00	1.519023e+00	-4.201363e-01
9.017906e+02	-1.003187e+00	-2.019870e-01	-2.373296e+00	1.681025e+00	1.497968e+00	-4.464306e-01
8.583462e+02	-9.958643e-01	-2.226019e-01	-2.346241e+00	1.660157e+00	1.477647e+00	-4.737208e-01
8.217859e+02	-9.888702e-01	-2.396624e-01	-2.321657e+00	1.641390e+00	1.458742e+00	-4.997704e-01
7.826263e+02	-9.855067e-01	-2.602470e-01	-2.291512e+00	1.623452e+00	1.441339e+00	-5.275754e-01
2.772193e+03	-1.122745e+00	-2.269468e+00	-7.843246e-03	1.815126e+00	4.929412e-01	-1.871916e+00
2.580576e+03	-1.084857e+00	-2.307356e+00	-4.573117e-02	1.777238e+00	5.308291e-01	-1.834028e+00
2.369754e+03	-1.072917e+00	-2.295604e+00	-8.754596e-03	1.733308e+00	5.702842e-01	-1.865173e+00
2.186866e+03	-1.047578e+00	-2.305436e+00	9.701924e-03	1.694920e+00	6.071306e-01	-1.877018e+00
2.038302e+03	-1.037950e+00	-2.294855e+00	4.065323e-02	1.663102e+00	6.406892e-01	-1.900633e+00
1.905184e+03	-1.037399e+00	-2.278167e+00	7.090375e-02	1.635444e+00	6.758030e-01	-1.903197e+00
1.795384e+03	-1.021343e+00	-2.274074e+00	9.626764e-02	1.610455e+00	7.028172e-01	-1.920036e+00
1.693424e+03	-9.992473e-01	-2.279900e+00	1.106299e-01	1.588846e+00	7.292057e-01	-1.919190e+00
1.606216e+03	-9.874582e-01	-2.272291e+00	1.351805e-01	1.571092e+00	7.542692e-01	-1.930146e+00
1.517730e+03	-9.745877e-01	-2.262516e+00	1.606622e-01	1.560836e+00	7.803798e-01	-1.919851e+00
1.447691e+03	-9.619297e-01	-2.256748e+00	1.814832e-01	1.547685e+00	8.024646e-01	-1.927916e+00
1.382153e+03	-9.455383e-01	-2.252601e+00	2.009262e-01	1.540038e+00	8.229825e-01	-1.933929e+00
1.320413e+03	-9.339096e-01	-2.245631e+00	2.210831e-01	1.532710e+00	8.440696e-01	-1.933177e+00
1.266212e+03	-9.150596e-01	-2.240700e+00	2.426689e-01	1.525636e+00	8.611976e-01	-1.942685e+00
1.211040e+03	-9.057157e-01	-2.232762e+00	2.611251e-01	1.525003e+00	8.815045e-01	-1.934262e+00
1.153641e+03	-8.968356e-01	-2.225576e+00	2.785290e-01	1.529143e+00	9.039953e-01	-1.924893e+00
1.106540e+03	-8.857313e-01	-2.216877e+00	2.971649e-01	1.531320e+00	9.209412e-01	-1.914645e+00
1.055566e+03	-8.743461e-01	-2.212436e+00	3.098845e-01	1.541632e+00	9.397819e-01	-1.892552e+00
1.014597e+03	-8.631338e-01	-2.202085e+00	3.293785e-01	1.545802e+00	9.544961e-01	-1.884454e+00
1.670886e+03	-1.174510e+00	4.268908e-02	-2.244730e+00	2.776471e+00	1.597255e+00	-1.321787e+00
1.488191e+03	-1.136622e+00	4.801149e-03	-2.282618e+00	2.738583e+00	1.559367e+00	-1.283899e+00
1.304048e+03	-1.098103e+00	-2.631934e-02	-2.249315e+00	2.691025e+00	1.510913e+00	-1.297132e+00
1.160294e+03	-1.077455e+00	-5.626877e-02	-2.213041e+00	2.649790e+00	1.468879e+00	-1.324990e+00
1.023464e+03	-1.045734e+00	-9.039036e-02	-2.176291e+00	2.606672e+00	1.426116e+00	-1.336260e+00
9.116687e+02	-1.012643e+00	-1.241283e-01	-2.145689e+00	2.568748e+00	1.386169e+00	-1.344059e+00
8.223617e+02	-9.888688e-01	-1.555137e-01	-2.109388e+00	2.530278e+00	1.351066e+00	-1.356256e+00
7.477909e+02	-9.719124e-01	-1.876353e-01	-2.072438e+00	2.494358e+00	1.320183e+00	-1.373079e+00
6.914160e+02	-9.537294e-01	-2.153366e-01	-2.044485e+00	2.460820e+00	1.291898e+00	-1.385938e+00
6.478990e+02	-9.374937e-01	-2.396784e-01	-2.018126e+00	2.429763e+00	1.268401e+00	-1.402739e+00
6.083421e+02	-9.264749e-01	-2.653834e-01	-1.987097e+00	2.400460e+00	1.247185e+00	-1.415513e+00
5.700466e+02	-9.244784e-01	-2.920759e-01	-1.952387e+00	2.371620e+00	1.229101e+00	-1.427950e+00
5.403586e+02	-9.185875e-01	-3.146411e-01	-1.924798e+00	2.346388e+00	1.216059e+00	-1.439542e+00
5.159570e+02	-9.138652e-01	-3.337731e-01	-1.901155e+00	2.322453e+00	1.206000e+00	-1.448013e+00
4.872448e+02	-9.136657e-01	-3.549260e-01	-1.872206e+00	2.300691e+00	1.199982e+00	-1.458097e+00
4.591723e+02	-9.153221e-01	-3.759387e-01	-1.844443e+00	2.282352e+00	1.195790e+00	-1.466505e+00
4.294830e+02	-9.190757e-01	-3.959075e-01	-1.814157e+00	2.263437e+00	1.195132e+00	-1.474114e+00
4.036160e+02	-9.210278e-01	-4.127893e-01	-1.789239e+00	2.245346e+00	1.197223e+00	-1.479823e+00
3.734670e+02	-9.282543e-01	-4.320709e-01	-1.759283e+00	2.229324e+00	1.200214e+00	-1.485077e+00
7.244690e+02	-6.698039e-01	-1.036975e+00	-9.989842e-01	1.652437e+00	8.682353e-01	-1.894648e+00
6.163554e+02	-7.076918e-01	-9.990869e-01	-9.610963e-01	1.614549e+00	9.061232e-01	-1.932536e+00
5.314712e+02	-7.221806e-01	-9.833789e-01	-9.436375e-01	1.648815e+00	9.369405e-01	-1.895070e+00
4.697879e+02	-7.494086e-01	-9.513555e-01	-9.115549e-01	1.663829e+00	9.570083e-01	-1.902822e+00
3.946314e+02	-7.663759e-01	-9.425841e-01	-9.013312e-01	1.696890e+00	9.884993e-01	-1.864586e+00
3.242341e+02	-7.873451e-01	-9.323220e-01	-8.888976e-01	1.726751e+00	1.020965e+00	-1.834742e+00
2.858275e+02	-8.055987e-01	-9.093921e-01	-8.695968e-01	1.749068e+00	1.034245e+00	-1.817849e+00
2.503752e+02	-8.261375e-01	-8.827348e-01	-8.542605e-01	1.766919e+00	1.047425e+00	-1.802135e+00
2.077512e+02	-8.399075e-01	-8.779312e-01	-8.426448e-01	1.800746e+00	1.070017e+00	-1.775414e+00
1.584714e+02	-8.486236e-01	-8.706466e-01	-8.362645e-01	1.840523e+00	1.100491e+00	-1.734214e+00
1.455946e+02	-8.664195e-01	-8.567059e-01	-8.256590e-01	1.851391e+00	1.105764e+00	-1.731063e+00
1.332919e+02	-8.799723e-01	-8.462907e-01	-8.177201e-01	1.860530e+00	1.112069e+00	-1.721368e+00
1.061297e+02	-8.892676e-01	-8.376297e-01	-8.170608e-01	1.893340e+00	1.130873e+00	-1.695739e+00
9.033858e+01	-8.989821e-01	-8.285765e-01	-8.213291e-01	1.915626e+00	1.141826e+00	-1.680495e+00
7.383807e+01	-9.063891e-01	-8.236647e-01	-8.173178e-01	1.937301e+00	1.155488e+00	-1.657116e+00
6.504355e+01	-9.182961e-01	-8.221754e-01	-8.135359e-01	1.951223e+00	1.163809e+00	-1.646866e+00
5.169815e+01	-9.201606e-01	-8.143360e-01	-8.215490e-01	1.973763e+00	1.175626e+00	-1.621698e+00
4.078083e+01	-9.258128e-01	-8.106262e-01	-8.203666e-01	1.995154e+00	1.187052e+00	-1.597512e+00
3.568953e+01	-9.290344e-01	-8.064804e-01	-8.294163e-01	2.006980e+00	1.192574e+00	-1.586998e+00
1.461726e+03	-1.096863e+00	1.803922e-02	-6.670884e-01	1.647507e+00	6.396078e-01	-2.021951e+00
1.304382e+03	-1.058975e+00	-1.984871e-02	-7.049763e-01	1.685395e+00	6.774958e-01	-1.984063e+00
1.155085e+03	-1.026620e+00	-6.625196e-02	-7.101239e-01	1.728607e+00	7.124003e-01	-1.947442e+00
1.048701e+03	-1.011834e+00	-1.039209e-01	-7.058415e-01	1.762482e+00	7.378601e-01	-1.921485e+00
9.231506e+02	-9.877430e-01	-1.453758e-01	-7.070501e-01	1.802681e+00	7.732910e-01	-1.885917e+00
8.131093e+02	-9.745634e-01	-1.843400e-01	-7.015759e-01	1.839837e+00	8.049214e-01	-1.852404e+00
7.093895e+02	-9.598100e-01	-2.194346e-01	-6.964423e-01	1.876481e+00	8.386878e-01	-1.819310e+00
6.153863e+02	-9.475523e-01	-2.501464e-01	-6.922514e-01	1.912100e+00	8.728170e-01	-1.788791e+00
5.306038e+02	-9.425110e-01	-2.817275e-01	-6.818562e-01	1.944605e+00	9.025437e-01	-1.758118e+00
4.522942e+02	-9.344529e-01	-3.105311e-01	-6.726190e-01	1.976658e+00	9.330164e-01	-1.726641e+00
3.864779e+02	-9.371376e-01	-3.388027e-01	-6.583758e-01	2.004499e+00	9.579256e-01	-1.700455e+00
3.222249e+02	-9.446987e-01	-3.678332e-01	-6.409650e-01	2.034322e+00	9.838385e-01	-1.673826e+00
2.733231e+02	-9.477205e-01	-3.923089e-01	-6.258293e-01	2.057045e+00	1.005054e+00	-1.650378e+00
2.291327e+02	-9.427852e-01	-4.150701e-01	-6.148530e-01	2.082099e+00	1.027024e+00	-1.625460e+00
1.933355e+02	-9.464377e-01	-4.371733e-01	-5.995040e-01	2.100323e+00	1.044841e+00	-1.605112e+00
1.631085e+02	-9.506331e-01	-4.570274e-01	-5.847730e-01	2.115895e+00	1.061848e+00	-1.586472e+00
1.376007e+02	-9.512671e-01	-4.770567e-01	-5.709560e-01	2.131520e+00	1.076494e+00	-1.567867e+00
1.164856e+02	-9.499369e-01	-4.958244e-01	-5.582089e-01	2.146484e+00	1.089439e+00	-1.550135e+00
9.869704e+01	-9.475067e-01	-5.135498e-01	-5.464149e-01	2.158761e+00	1.101602e+00	-1.533351e+00
4.747535e+02	-1.605882e+00	-8.200560e-01	-1.449089e+00	1.593277e+00	1.541176e+00	-8.353095e-01
3.893318e+02	-1.567994e+00	-7.821681e-01	-1.486977e+00	1.631165e+00	1.503289e+00	-7.974216e-01
3.225581e+02	-1.525332e+00	-7.657523e-01	-1.513385e+00	1.674770e+00	1.457209e+00	-7.474638e-01
2.851447e+02	-1.491855e+00	-7.529418e-01	-1.534756e+00	1.712343e+00	1.420236e+00	-7.188313e-01
2.483498e+02	-1.452352e+00	-7.382253e-01	-1.542455e+00	1.750155e+00	1.378835e+00	-7.294301e-01
2.222568e+02	-1.422664e+00	-7.278095e-01	-1.536063e+00	1.773223e+00	1.343110e+00	-7.541480e-01
1.997286e+02	-1.388764e+00	-7.175994e-01	-1.523965e+00	1.797663e+00	1.313198e+00	-7.839386e-01
1.824266e+02	-1.362419e+00	-7.073071e-01	-1.506028e+00	1.816394e+00	1.292071e+00	-8.161517e-01
1.643216e+02	-1.333276e+00	-7.010302e-01	-1.482435e+00	1.829601e+00	1.275176e+00	-8.524000e-01
1.466090e+02	-1.310858e+00	-6.965876e-01	-1.454268e+00	1.834903e+00	1.272258e+00	-8.893538e-01
1.301138e+02	-1.286074e+00	-6.947994e-01	-1.426745e+00	1.840855e+00	1.266360e+00	-9.255108e-01
1.145582e+02	-1.264313e+00	-6.948242e-01	-1.397128e+00	1.845715e+00	1.265098e+00	-9.608354e-01
9.966631e+01	-1.242657e+00	-6.968486e-01	-1.367303e+00	1.848886e+00	1.265438e+00	-9.969516e-01
8.606984e+01	-1.224728e+00	-7.017584e-01	-1.336046e+00	1.849098e+00	1.269757e+00	-1.032086e+00
7.401458e+01	-1.205712e+00	-7.068567e-01	-1.306257e+00	1.852696e+00	1.273198e+00	-1.066483e+00
6.321415e+01	-1.187117e+00	-7.141978e-01	-1.277407e+00	1.857603e+00	1.276049e+00	-1.099843e+00
5.402471e+01	-1.170169e+00	-7.216318e-01	-1.248240e+00	1.863856e+00	1.280071e+00	-1.131043e+00
4.621234e+01	-1.153666e+00	-7.284237e-01	-1.221370e+00	1.872569e+00	1.281739e+00	-1.159988e+00
3.942810e+01	-1.138381e+00	-7.370120e-01	-1.194038e+00	1.882054e+00	1.284682e+00	-1.187463e+00
1.518226e+03	-7.000000e-01	-1.155294e+00	-2.076509e+00	3.303978e+00	1.683529e+00	-2.112881e+00
1.374476e+03	-7.378879e-01	-1.193182e+00	-2.038621e+00	3.266090e+00	1.645641e+00	-2.150769e+00
1.241630e+03	-7.776393e-01	-1.234003e+00	-2.004365e+00	3.222791e+00	1.606192e+00	-2.163702e+00
1.106990e+03	-8.063557e-01	-1.208740e+00	-1.968605e+00	3.183102e+00	1.576876e+00	-2.188086e+00
9.764944e+02	-7.974538e-01	-1.171918e+00	-1.953336e+00	3.158109e+00	1.542637e+00	-2.191376e+00
9.134489e+02	-7.821285e-01	-1.140197e+00	-1.946379e+00	3.131904e+00	1.529143e+00	-2.188263e+00
8.060154e+02	-7.890174e-01	-1.103388e+00	-1.919397e+00	3.109374e+00	1.499993e+00	-2.187624e+00
7.139638e+02	-8.071794e-01	-1.068071e+00	-1.886432e+00	3.084829e+00	1.474402e+00	-2.212775e+00
6.301044e+02	-8.277969e-01	-1.048597e+00	-1.857627e+00	3.064337e+00	1.448278e+00	-2.199298e+00
5.626182e+02	-8.451818e-01	-1.028673e+00	-1.828771e+00	3.043213e+00	1.426717e+00	-2.191994e+00
4.926139e+02	-8.747153e-01	-1.007354e+00	-1.794651e+00	3.024361e+00	1.404017e+00	-2.175852e+00
4.341448e+02	-9.054222e-01	-9.992249e-01	-1.759535e+00	3.015530e+00	1.380555e+00	-2.146810e+00
3.798547e+02	-9.340204e-01	-9.706168e-01	-1.725546e+00	2.995486e+00	1.360829e+00	-2.137624e+00
3.306087e+02	-9.659695e-01	-9.270701e-01	-1.687312e+00	2.977232e+00	1.342756e+00	-2.134815e+00
2.967767e+02	-9.912910e-01	-9.146313e-01	-1.655565e+00	2.960912e+00	1.325339e+00	-2.118352e+00
2.675981e+02	-1.015170e+00	-8.995001e-01	-1.627273e+00	2.947142e+00	1.305002e+00	-2.100407e+00
2.459140e+02	-1.042883e+00	-8.823985e-01	-1.594376e+00	2.932119e+00	1.292552e+00	-2.086835e+00
2.301131e+02	-1.062296e+00	-8.775892e-01	-1.573754e+00	2.912217e+00	1.279610e+00	-2.074276e+00
2.173987e+02	-1.089348e+00	-8.553312e-01	-1.541434e+00	2.901484e+00	1.270185e+00	-2.062383e+00
2.169627e+03	-1.804314e+00	-8.496359e-01	-2.306226e-01	6.910924e-01	8.121569e-01	-1.942505e-01
1.854120e+03	-1.766426e+00	-8.117479e-01	-2.685106e-01	7.289804e-01	7.742689e-01	-1.563626e-01
1.569786e+03	-1.730063e+00	-7.892061e-01	-3.119429e-01	7.735192e-01	7.386159e-01	-1.176131e-01
1.346485e+03	-1.699571e+00	-7.653509e-01	-3.503929e-01	8.128586e-01	7.587104e-01	-8.263071e-02
1.141649e+03	-1.666883e+00	-7.393423e-01	-3.855173e-01	8.494448e-01	7.443579e-01	-4.539425e-02
9.831352e+02	-1.638391e+00	-7.210301e-01	-4.154459e-01	8.840890e-01	7.362908e-01	-1.169334e-02
8.450123e+02	-1.611939e+00	-6.971161e-01	-4.450339e-01	9.154962e-01	7.331580e-01	2.156086e-02
7.312832e+02	-1.589770e+00	-6.738502e-01	-4.729602e-01	9.461071e-01	7.516052e-01	5.204033e-02
6.429992e+02	-1.568934e+00	-6.542747e-01	-4.963543e-01	9.731590e-01	7.550845e-01	8.078348e-02
5.735822e+02	-1.550743e+00	-6.396512e-01	-5.180442e-01	9.995136e-01	7.573126e-01	1.053377e-01
5.160664e+02	-1.535300e+00	-6.238426e-01	-5.367719e-01	1.023618e+00	7.726262e-01	1.298284e-01
4.740273e+02	-1.523680e+00	-6.122243e-01	-5.519148e-01	1.044239e+00	7.901659e-01	1.488482e-01
4.340960e+02	-1.512230e+00	-6.003049e-01	-5.673024e-01	1.066600e+00	8.115952e-01	1.689434e-01
4.007399e+02	-1.501242e+00	-5.882634e-01	-5.824804e-01	1.088368e+00	8.274830e-01	1.871596e-01
3.743017e+02	-1.493593e+00	-5.800472e-01	-5.942299e-01	1.108018e+00	8.515724e-01	2.016168e-01
3.523248e+02	-1.487782e+00	-5.737236e-01	-6.058257e-01	1.126854e+00	8.737810e-01	2.117673e-01
3.337179e+02	-1.482460e+00	-5.679304e-01	-6.148680e-01	1.144526e+00	8.970076e-01	2.215359e-01
3.179676e+02	-1.478287e+00	-5.633323e-01	-6.228402e-01	1.161410e+00	9.194833e-01	2.285658e-01
3.045128e+02	-1.474709e+00	-5.595432e-01	-6.302493e-01	1.177620e+00	9.396130e-01	2.336086e-01
2.320032e+02	-1.079608e+00	3.927171e-01	1.149127e-01	3.003249e+00	1.187451e+00	-9.444260e-01
1.670562e+02	-1.117496e+00	3.548292e-01	1.528007e-01	2.965361e+00	1.149563e+00	-9.823139e-01
1.316820e+02	-1.156521e+00	3.157984e-01	1.894000e-01	2.928877e+00	1.156861e+00	-1.020734e+00
1.024063e+02	-1.183094e+00	2.794903e-01	2.210143e-01	2.915667e+00	1.147963e+00	-1.002702e+00
8.526280e+01	-1.187248e+00	2.628450e-01	2.387364e-01	2.911773e+00	1.131705e+00	-9.736778e-01
7.239793e+01	-1.198475e+00	2.426385e-01	2.548658e-01	2.906900e+00	1.131299e+00	-9.493112e-01
6.050106e+01	-1.207503e+00	2.241271e-01	2.735278e-01	2.899065e+00	1.123097e+00	-9.220013e-01
5.006563e+01	-1.221854e+00	1.987017e-01	2.913323e-01	2.903239e+00	1.114941e+00	-8.951873e-01
4.530659e+01	-1.230950e+00	1.922713e-01	3.039883e-01	2.878605e+00	1.123928e+00	-8.789026e-01
4.890122e+01	-1.256771e+00	1.743623e-01	3.241456e-01	2.848786e+00	1.144999e+00	-8.823390e-01
3.804924e+01	-1.240430e+00	1.738412e-01	3.254567e-01	2.859309e+00	1.116869e+00	-8.425632e-01
3.443005e+01	-1.250510e+00	1.570349e-01	3.427572e-01	2.848429e+00	1.112001e+00	-8.200474e-01
3.494418e+01	-1.245642e+00	1.601050e-01	3.385000e-01	2.848873e+00	1.114459e+00	-8.087795e-01
3.761371e+01	-1.237332e+00	1.621369e-01	3.375970e-01	2.852587e+00	1.105655e+00	-7.920784e-01
3.372782e+01	-1.255844e+00	1.540062e-01	3.467428e-01	2.826613e+00	1.125270e+00	-7.960710e-01
3.477169e+01	-1.260564e+00	1.528308e-01	3.460850e-01	2.817727e+00	1.132829e+00	-7.892004e-01
3.230242e+01	-1.258004e+00	1.485508e-01	3.538738e-01	2.816423e+00	1.114120e+00	-7.752202e-01
3.416516e+01	-1.253830e+00	1.418964e-01	3.524476e-01	2.832258e+00	1.106695e+00	-7.597779e-01
3.292359e+01	-1.268697e+00	1.432871e-01	3.596138e-01	2.800873e+00	1.126008e+00	-7.719895e-01
4.852667e+02	-7.474510e-01	-3.615686e-01	-1.490008e+00	1.785546e+00	1.131373e+00	-1.571845e+00
3.957990e+02	-7.853389e-01	-3.994566e-01	-1.452120e+00	1.823434e+00	1.169260e+00	-1.533958e+00
3.278835e+02	-8.258963e-01	-4.381532e-01	-1.415077e+00	1.847048e+00	1.180258e+00	-1.514313e+00
2.691163e+02	-8.578727e-01	-4.732662e-01	-1.381270e+00	1.875312e+00	1.191279e+00	-1.493416e+00
2.196113e+02	-8.893241e-01	-5.027520e-01	-1.351325e+00	1.896173e+00	1.207202e+00	-1.472216e+00
1.767984e+02	-9.188765e-01	-5.317446e-01	-1.321895e+00	1.915256e+00	1.217350e+00	-1.451706e+00
1.427831e+02	-9.430463e-01	-5.569483e-01	-1.297149e+00	1.935181e+00	1.229108e+00	-1.434423e+00
1.252291e+02	-9.560052e-01	-5.705754e-01	-1.287296e+00	1.952694e+00	1.237190e+00	-1.416713e+00
9.669270e+01	-9.803747e-01	-5.975251e-01	-1.259881e+00	1.968391e+00	1.243060e+00	-1.403820e+00
7.381466e+01	-1.000722e+00	-6.228485e-01	-1.233244e+00	1.979809e+00	1.249071e+00	-1.391364e+00
6.070166e+01	-1.014791e+00	-6.392457e-01	-1.217493e+00	1.992839e+00	1.250133e+00	-1.381337e+00
5.020023e+01	-1.023569e+00	-6.549235e-01	-1.202404e+00	2.005220e+00	1.249747e+00	-1.372703e+00
4.191563e+01	-1.034702e+00	-6.683979e-01	-1.187523e+00	2.011824e+00	1.252062e+00	-1.366946e+00
3.536808e+01	-1.037960e+00	-6.810103e-01	-1.172227e+00	2.015434e+00	1.256309e+00	-1.363701e+00
3.059059e+01	-1.044960e+00	-6.912835e-01	-1.160668e+00	2.021616e+00	1.255685e+00	-1.359499e+00
2.766566e+01	-1.052314e+00	-6.987924e-01	-1.153311e+00	2.026268e+00	1.254777e+00	-1.356830e+00
2.418073e+01	-1.050141e+00	-7.077998e-01	-1.140491e+00	2.029316e+00	1.255945e+00	-1.355621e+00
2.183878e+01	-1.047388e+00	-7.144819e-01	-1.130583e+00	2.030778e+00	1.255243e+00	-1.356703e+00
1.952359e+01	-1.045566e+00	-7.213059e-01	-1.119754e+00	2.032913e+00	1.257757e+00	-1.356444e+00
4.357324e+03	-1.480784e+00	-4.798880e-01	-4.761346e-01	3.294118e+00	3.721569e-01	-1.715179e-01
3.638806e+03	-1.518672e+00	-4.420000e-01	-4.382467e-01	3.256230e+00	4.100448e-01	-2.094058e-01
3.233936e+03	-1.541816e+00	-4.030100e-01	-4.027988e-01	3.228199e+00	4.272979e-01	-2.250092e-01
2.796926e+03	-1.570714e+00	-3.791253e-01	-3.683007e-01	3.197561e+00	4.495292e-01	-2.528618e-01
2.462582e+03	-1.593088e+00	-3.516752e-01	-3.473519e-01	3.175301e+00	4.741878e-01	-2.681483e-01
2.207864e+03	-1.612799e+00	-3.592384e-01	-3.325229e-01	3.160620e+00	5.008237e-01	-2.860532e-01
1.895924e+03	-1.638011e+00	-3.235974e-01	-3.033143e-01	3.132485e+00	5.198194e-01	-3.045650e-01
1.621517e+03	-1.661925e+00	-3.016281e-01	-2.844227e-01	3.109873e+00	5.452060e-01	-3.241328e-01
1.427029e+03	-1.681002e+00	-2.790211e-01	-2.622957e-01	3.089832e+00	5.606763e-01	-3.374966e-01
1.231386e+03	-1.700794e+00	-2.547046e-01	-2.438376e-01	3.070066e+00	5.817514e-01	-3.481190e-01
1.081547e+03	-1.718332e+00	-2.397803e-01	-2.274098e-01	3.053387e+00	5.974490e-01	-3.631911e-01
9.090011e+02	-1.739883e+00	-2.139605e-01	-2.069253e-01	3.031682e+00	6.169546e-01	-3.781790e-01
8.105502e+02	-1.752810e+00	-2.039965e-01	-1.983955e-01	3.020373e+00	6.324877e-01	-3.873947e-01
6.981040e+02	-1.769238e+00	-1.765092e-01	-1.821407e-01	3.002281e+00	6.459551e-01	-3.965273e-01
6.134211e+02	-1.782003e+00	-1.717412e-01	-1.763386e-01	2.992502e+00	6.641384e-01	-4.053797e-01
5.046416e+02	-1.799154e+00	-1.460908e-01	-1.686048e-01	2.975569e+00	6.852253e-01	-4.148750e-01
4.564834e+02	-1.808609e+00	-1.420301e-01	-1.609153e-01	2.967813e+00	6.965317e-01	-4.206263e-01
4.295548e+02	-1.813325e+00	-1.376189e-01	-1.594820e-01	2.963803e+00	7.044020e-01	-4.205461e-01
3.545484e+02	-1.828946e+00	-1.197657e-01	-1.493127e-01	2.949185e+00	7.221979e-01	-4.310538e-01
1.416543e+03	-1.347059e+00	-5.784874e-01	-6.216232e-01	1.139720e+00	5.058824e-01	-2.017404e+00
1.303235e+03	-1.309171e+00	-6.163753e-01	-6.595111e-01	1.177608e+00	5.437703e-01	-1.979516e+00
1.230827e+03	-1.289128e+00	-6.140748e-01	-6.888299e-01	1.209848e+00	5.694015e-01	-1.957668e+00
1.174338e+03	-1.266859e+00	-6.315871e-01	-7.062890e-01	1.227805e+00	5.889933e-01	-1.934635e+00
1.079001e+03	-1.240655e+00	-6.450709e-01	-7.356359e-01	1.266339e+00	6.271764e-01	-1.901806e+00
9.858073e+02	-1.207078e+00	-6.606759e-01	-7.629119e-01	1.305209e+00	6.636330e-01	-1.872429e+00
9.248081e+02	-1.197832e+00	-6.697179e-01	-7.750990e-01	1.324221e+00	6.902754e-01	-1.844470e+00
8.440864e+02	-1.182924e+00	-6.751026e-01	-7.939316e-01	1.355544e+00	7.243319e-01	-1.811973e+00
7.875718e+02	-1.163403e+00	-6.899183e-01	-8.053044e-01	1.379540e+00	7.475884e-01	-1.791695e+00
7.329318e+02	-1.147203e+00	-6.634150e-01	-8.166658e-01	1.397499e+00	7.695947e-01	-1.772186e+00
6.572025e+02	-1.130148e+00	-6.966009e-01	-8.290154e-01	1.433496e+00	8.027510e-01	-1.741800e+00
5.812865e+02	-1.109083e+00	-7.282912e-01	-8.421512e-01	1.470893e+00	8.368613e-01	-1.710692e+00
5.304299e+02	-1.100728e+00	-7.077200e-01	-8.483062e-01	1.490639e+00	8.595158e-01	-1.692407e+00
4.602792e+02	-1.085762e+00	-7.254501e-01	-8.590357e-01	1.528972e+00	8.927856e-01	-1.665695e+00
4.191274e+02	-1.077390e+00	-7.134163e-01	-8.633889e-01	1.543853e+00	9.127561e-01	-1.645966e+00
3.996579e+02	-1.070755e+00	-7.219185e-01	-8.697696e-01	1.559480e+00	9.218588e-01	-1.639473e+00
3.317341e+02	-1.058474e+00	-7.253109e-01	-8.741637e-01	1.591170e+00	9.577261e-01	-1.605834e+00
2.589718e+02	-1.053588e+00	-7.207841e-01	-8.792554e-01	1.633473e+00	9.996045e-01	-1.568717e+00
2.482574e+02	-1.041678e+00	-7.383142e-01	-8.822452e-01	1.640815e+00	1.005252e+00	-1.562405e+00
7.140358e+02	-1.700784e+00	-4.256583e-01	-4.079368e-01	1.124930e+00	6.180392e-01	-1.078666e-01
5.746164e+02	-1.662896e+00	-4.635462e-01	-4.458248e-01	1.162818e+00	6.559271e-01	-6.997872e-02
4.626777e+02	-1.619630e+00	-4.906148e-01	-4.897629e-01	1.201584e+00	6.845329e-01	-3.394175e-02
3.866982e+02	-1.584245e+00	-5.093645e-01	-5.283383e-01	1.236623e+00	7.137773e-01	-2.215531e-03
3.358577e+02	-1.559769e+00	-5.261560e-01	-5.581094e-01	1.267616e+00	7.454412e-01	2.721091e-02
2.976694e+02	-1.536600e+00	-5.446390e-01	-5.876437e-01	1.299941e+00	7.772600e-01	5.528034e-02
2.736732e+02	-1.530570e+00	-5.440197e-01	-6.056351e-01	1.320338e+00	8.070390e-01	7.296134e-02
2.545532e+02	-1.528159e+00	-5.418419e-01	-6.197807e-01	1.338819e+00	8.351229e-01	8.849419e-02
2.379543e+02	-1.531926e+00	-5.342001e-01	-6.318620e-01	1.355871e+00	8.624994e-01	9.708115e-02
2.237664e+02	-1.530292e+00	-5.345201e-01	-6.469899e-01	1.377867e+00	8.876580e-01	1.072958e-01
2.129767e+02	-1.540700e+00	-5.224131e-01	-6.528692e-01	1.389643e+00	9.123443e-01	1.068945e-01
2.051985e+02	-1.553953e+00	-5.070301e-01	-6.557876e-01	1.399500e+00	9.366725e-01	1.022352e-01
1.992141e+02	-1.561358e+00	-5.008496e-01	-6.614853e-01	1.412551e+00	9.555670e-01	9.906649e-02
2.259200e+03	-8.035294e-01	-1.579272e+00	-1.899195e+00	2.870140e+00	1.877647e+00	-2.199265e+00
2.052356e+03	-7.656415e-01	-1.541384e+00	-1.861307e+00	2.832252e+00	1.839759e+00	-2.161377e+00
1.846457e+03	-7.255500e-01	-1.499725e+00	-1.838709e+00	2.789056e+00	1.796528e+00	-2.192452e+00
1.671825e+03	-6.870091e-01	-1.459688e+00	-1.807364e+00	2.750313e+00	1.757505e+00	-2.228978e+00
1.539747e+03	-6.811515e-01	-1.432577e+00	-1.786438e+00	2.719759e+00	1.726407e+00	-2.232410e+00
1.418982e+03	-6.918148e-01	-1.403639e+00	-1.767258e+00	2.693307e+00	1.697781e+00	-2.243228e+00
1.305359e+03	-7.010039e-01	-1.375286e+00	-1.740849e+00	2.665694e+00	1.671311e+00	-2.249287e+00
1.197136e+03	-7.238230e-01	-1.342423e+00	-1.709404e+00	2.652073e+00	1.648423e+00	-2.240991e+00
1.103397e+03	-7.356284e-01	-1.318778e+00	-1.688667e+00	2.626526e+00	1.624296e+00	-2.253916e+00
1.006327e+03	-7.473435e-01	-1.293069e+00	-1.665680e+00	2.600038e+00	1.597710e+00	-2.271615e+00
9.335393e+02	-7.683873e-01	-1.268641e+00	-1.643877e+00	2.580538e+00	1.580640e+00	-2.277537e+00
8.624839e+02	-7.956661e-01	-1.240998e+00	-1.617126e+00	2.561429e+00	1.564691e+00	-2.287698e+00
7.972243e+02	-8.136402e-01	-1.217527e+00	-1.597498e+00	2.544801e+00	1.548050e+00	-2.291966e+00
7.374589e+02	-8.282762e-01	-1.194294e+00	-1.582068e+00	2.534032e+00	1.532221e+00	-2.293693e+00
6.792559e+02	-8.487665e-01	-1.169643e+00	-1.559967e+00	2.516898e+00	1.517496e+00	-2.297736e+00
6.245818e+02	-8.648685e-01	-1.145671e+00	-1.540324e+00	2.496021e+00	1.502263e+00	-2.303753e+00
5.784656e+02	-8.857042e-01	-1.121992e+00	-1.519698e+00	2.483406e+00	1.491359e+00	-2.302293e+00
5.303303e+02	-9.114999e-01	-1.096044e+00	-1.495961e+00	2.472146e+00	1.478480e+00	-2.305707e+00
4.924431e+02	-9.272098e-01	-1.074920e+00	-1.478069e+00	2.458962e+00	1.468952e+00	-2.299833e+00
1.159631e+03	3.137255e-03	-2.259608e+00	-2.049230e+00	1.612997e+00	1.334118e+00	-1.453636e+00
1.127965e+03	-3.475067e-02	-2.297496e+00	-2.087118e+00	1.650885e+00	1.296230e+00	-1.415748e+00
1.109967e+03	-7.157181e-02	-2.261431e+00	-2.050673e+00	1.682891e+00	1.260909e+00	-1.404269e+00
1.098741e+03	-8.978202e-02	-2.241956e+00	-2.028215e+00	1.715013e+00	1.248837e+00	-1.395592e+00
1.077473e+03	-1.222429e-01	-2.205465e+00	-1.991274e+00	1.742704e+00	1.277224e+00	-1.383046e+00
1.060318e+03	-1.534934e-01	-2.165940e+00	-1.950736e+00	1.763231e+00	1.295935e+00	-1.379144e+00
1.047351e+03	-1.735113e-01	-2.140349e+00	-1.922420e+00	1.788847e+00	1.308911e+00	-1.373974e+00
1.042429e+03	-1.850273e-01	-2.125148e+00	-1.904566e+00	1.810506e+00	1.332488e+00	-1.376383e+00
1.022223e+03	-2.064625e-01	-2.091142e+00	-1.867392e+00	1.832932e+00	1.312767e+00	-1.371853e+00
1.000828e+03	-2.338050e-01	-2.049152e+00	-1.822459e+00	1.856095e+00	1.283506e+00	-1.364621e+00
9.910365e+02	-2.387841e-01	-2.028511e+00	-1.798786e+00	1.873664e+00	1.283454e+00	-1.367821e+00
9.851316e+02	-2.315838e-01	-2.015508e+00	-1.780952e+00	1.888510e+00	1.290078e+00	-1.393734e+00
9.680107e+02	-2.449892e-01	-1.981011e+00	-1.742153e+00	1.903376e+00	1.292029e+00	-1.398938e+00
9.588315e+02	-2.422709e-01	-1.957797e+00	-1.715089e+00	1.917008e+00	1.292890e+00	-1.398617e+00
9.358258e+02	-2.601550e-01	-1.917804e+00	-1.672123e+00	1.929772e+00	1.294433e+00	-1.414276e+00
9.242463e+02	-2.605607e-01	-1.892303e+00	-1.648086e+00	1.939437e+00	1.296668e+00	-1.418455e+00
8.943496e+02	-2.828472e-01	-1.847699e+00	-1.602782e+00	1.951965e+00	1.294230e+00	-1.435792e+00
8.651132e+02	-3.029285e-01	-1.808595e+00	-1.561798e+00	1.966745e+00	1.291017e+00	-1.457644e+00
8.293891e+02	-3.242674e-01	-1.760491e+00	-1.516902e+00	1.975670e+00	1.288327e+00	-1.465197e+00
6.302329e+02	-8.078431e-01	-4.157983e-01	-1.699148e+00	2.175014e+00	1.032157e+00	-2.008311e+00
5.138382e+02	-8.457311e-01	-4.536862e-01	-1.661260e+00	2.137126e+00	1.070045e+00	-1.970423e+00
4.215386e+02	-8.863902e-01	-4.945122e-01	-1.620592e+00	2.126060e+00	1.093872e+00	-1.934822e+00
3.340247e+02	-9.239320e-01	-5.314793e-01	-1.583934e+00	2.159370e+00	1.123493e+00	-1.897503e+00
2.821330e+02	-9.405814e-01	-5.594369e-01	-1.553646e+00	2.175650e+00	1.140062e+00	-1.873450e+00
2.343979e+02	-9.666402e-01	-5.928190e-01	-1.519113e+00	2.146326e+00	1.151766e+00	-1.862019e+00
1.960671e+02	-9.767079e-01	-6.129893e-01	-1.496254e+00	2.168913e+00	1.170577e+00	-1.833920e+00
1.553001e+02	-9.971657e-01	-6.399143e-01	-1.466850e+00	2.186332e+00	1.188261e+00	-1.803645e+00
1.329791e+02	-1.002237e+00	-6.578477e-01	-1.445964e+00	2.191693e+00	1.200029e+00	-1.787468e+00
1.109398e+02	-1.010050e+00	-6.792792e-01	-1.421298e+00	2.198051e+00	1.209487e+00	-1.771436e+00
9.321807e+01	-1.017728e+00	-6.970490e-01	-1.400599e+00	2.200961e+00	1.219457e+00	-1.753112e+00
7.446105e+01	-1.037103e+00	-7.240332e-01	-1.368183e+00	2.190573e+00	1.221478e+00	-1.742045e+00
6.435091e+01	-1.035359e+00	-7.360911e-01	-1.355380e+00	2.199221e+00	1.232169e+00	-1.721258e+00
5.611415e+01	-1.042190e+00	-7.508874e-01	-1.339733e+00	2.196455e+00	1.232948e+00	-1.705198e+00
4.829094e+01	-1.040627e+00	-7.638884e-01	-1.322767e+00	2.199663e+00	1.242495e+00	-1.687902e+00
4.237762e+01	-1.039037e+00	-7.734440e-01	-1.310098e+00	2.192472e+00	1.252757e+00	-1.666400e+00
3.783129e+01	-1.039963e+00	-7.858258e-01	-1.292453e+00	2.192688e+00	1.253420e+00	-1.654786e+00
3.491291e+01	-1.043752e+00	-7.930490e-01	-1.281098e+00	2.206368e+00	1.254693e+00	-1.637219e+00
3.169893e+01	-1.040741e+00	-8.038661e-01	-1.264370e+00	2.187976e+00	1.256020e+00	-1.628521e+00
2.162944e+03	-1.049412e+00	-2.185994e-01	-8.625886e-01	2.165154e+00	4.541176e-01	-3.624717e-01
1.739252e+03	-1.087300e+00	-2.564874e-01	-8.247007e-01	2.127266e+00	4.920056e-01	-4.003596e-01
1.532366e+03	-1.108227e+00	-2.669070e-01	-7.984556e-01	2.106924e+00	5.156970e-01	-4.136471e-01
1.320342e+03	-1.136278e+00	-2.350450e-01	-7.721293e-01	2.076413e+00	5.436804e-01	-4.300712e-01
1.141009e+03	-1.156814e+00	-2.602370e-01	-7.454308e-01	2.061910e+00	5.662096e-01	-4.515284e-01
1.027495e+03	-1.170855e+00	-2.694075e-01	-7.250121e-01	2.052710e+00	5.855330e-01	-4.563519e-01
8.594256e+02	-1.197227e+00	-2.744315e-01	-6.996838e-01	2.029134e+00	6.105383e-01	-4.817674e-01
7.313997e+02	-1.219246e+00	-2.830106e-01	-6.794147e-01	2.012243e+00	6.337940e-01	-5.000848e-01
6.353933e+02	-1.237681e+00	-2.796003e-01	-6.583490e-01	1.996023e+00	6.534413e-01	-5.129179e-01
5.472198e+02	-1.256503e+00	-2.770723e-01	-6.386730e-01	1.980650e+00	6.744491e-01	-5.233080e-01
4.825829e+02	-1.271471e+00	-2.782077e-01	-6.224450e-01	1.969853e+00	6.911867e-01	-5.340210e-01
4.432257e+02	-1.281439e+00	-2.635581e-01	-6.121759e-01	1.960387e+00	7.050421e-01	-5.347494e-01
3.793567e+02	-1.298727e+00	-2.757384e-01	-5.931221e-01	1.950567e+00	7.236563e-01	-5.478578e-01
3.389081e+02	-1.311638e+00	-2.731964e-01	-5.762165e-01	1.940039e+00	7.374311e-01	-5.556909e-01
2.997451e+02	-1.323905e+00	-2.778706e-01	-5.655519e-01	1.935019e+00	7.541935e-01	-5.601967e-01
2.730349e+02	-1.335928e+00	-2.549466e-01	-5.521255e-01	1.921732e+00	7.690124e-01	-5.654431e-01
2.439610e+02	-1.344891e+00	-2.728228e-01	-5.433152e-01	1.922943e+00	7.825542e-01	-5.667433e-01
2.202511e+02	-1.352838e+00	-2.690905e-01	-5.423761e-01	1.923076e+00	7.997434e-01	-5.643207e-01
2.029890e+02	-1.361107e+00	-2.767516e-01	-5.283977e-01	1.919006e+00	8.084335e-01	-5.678467e-01
1.167293e+03	-1.219608e-01	-9.975350e-01	-8.807747e-01	1.834846e+00	1.049412e+00	-1.026263e+00
9.959550e+02	-1.598487e-01	-1.035423e+00	-8.428868e-01	1.796958e+00	1.087300e+00	-1.064151e+00
8.756580e+02	-1.811907e-01	-1.004822e+00	-8.052530e-01	1.774399e+00	1.125783e+00	-1.104076e+00
7.806055e+02	-2.121122e-01	-1.016211e+00	-7.708702e-01	1.783689e+00	1.149890e+00	-1.124409e+00
7.044844e+02	-2.313444e-01	-9.902427e-01	-7.368593e-01	1.770272e+00	1.178828e+00	-1.154738e+00
6.451123e+02	-2.506582e-01	-9.750147e-01	-7.056980e-01	1.767293e+00	1.201118e+00	-1.176665e+00
5.845277e+02	-2.751208e-01	-9.605889e-01	-6.742583e-01	1.781172e+00	1.218731e+00	-1.195724e+00
5.360637e+02	-2.956861e-01	-9.316651e-01	-6.414101e-01	1.798166e+00	1.232098e+00	-1.209725e+00
4.870387e+02	-3.198439e-01	-9.346801e-01	-6.132733e-01	1.815671e+00	1.244757e+00	-1.224930e+00
4.463533e+02	-3.409407e-01	-9.356958e-01	-5.901840e-01	1.839804e+00	1.254439e+00	-1.240159e+00
4.065393e+02	-3.633809e-01	-9.246910e-01	-5.592972e-01	1.854017e+00	1.262638e+00	-1.250876e+00
3.652180e+02	-3.901338e-01	-9.404082e-01	-5.295729e-01	1.877753e+00	1.266033e+00	-1.257754e+00
3.375160e+02	-4.067172e-01	-9.183433e-01	-5.033594e-01	1.889550e+00	1.272167e+00	-1.269236e+00
3.147676e+02	-4.227698e-01	-9.225229e-01	-4.850734e-01	1.899848e+00	1.277180e+00	-1.276051e+00
2.864148e+02	-4.421488e-01	-9.017517e-01	-4.570891e-01	1.917963e+00	1.277982e+00	-1.285866e+00
2.583173e+02	-4.627774e-01	-8.806943e-01	-4.275150e-01	1.936013e+00	1.277408e+00	-1.295463e+00
2.383672e+02	-4.790350e-01	-8.782180e-01	-4.096175e-01	1.950925e+00	1.276586e+00	-1.300355e+00
2.205220e+02	-4.942104e-01	-8.776820e-01	-3.955529e-01	1.974980e+00	1.272481e+00	-1.300307e+00
2.016733e+02	-5.111522e-01	-8.686453e-01	-3.745409e-01	1.981448e+00	1.272647e+00	-1.308827e+00
2.016781e+02	-1.998431e+00	4.025770e-01	-1.806109e-01	3.456807e+00	9.458824e-01	-8.807747e-01
1.476385e+02	-1.960543e+00	3.646891e-01	-1.427230e-01	3.494695e+00	9.837703e-01	-8.428868e-01
1.411486e+02	-1.979576e+00	3.401971e-01	-1.045903e-01	3.487884e+00	1.020864e+00	-8.298958e-01
1.245887e+02	-1.973709e+00	3.332351e-01	-7.785937e-02	3.487779e+00	1.013948e+00	-8.153081e-01
1.011823e+02	-1.956423e+00	3.200108e-01	-4.563757e-02	3.495503e+00	9.877332e-01	-7.866845e-01
9.758267e+01	-1.939776e+00	3.214500e-01	-3.151959e-02	3.495586e+00	9.686134e-01	-7.597536e-01
8.469114e+01	-1.953558e+00	2.986879e-01	-1.273452e-03	3.490389e+00	9.860458e-01	-7.477177e-01
8.048648e+01	-1.952944e+00	2.843136e-01	2.070703e-02	3.491947e+00	9.825344e-01	-7.310195e-01
7.375331e+01	-1.956168e+00	2.868758e-01	3.433693e-02	3.475566e+00	9.899263e-01	-7.147443e-01
7.201607e+01	-1.933969e+00	3.107528e-01	3.459461e-02	3.460005e+00	9.744806e-01	-6.873002e-01
6.457317e+01	-1.960122e+00	2.886204e-01	6.178440e-02	3.446485e+00	1.000874e+00	-6.859511e-01
5.717031e+01	-1.955767e+00	2.986022e-01	8.112202e-02	3.424284e+00	9.856847e-01	-6.640025e-01
5.697265e+01	-1.949531e+00	2.862214e-01	8.519967e-02	3.437905e+00	9.999354e-01	-6.522484e-01
6.407161e+01	-1.927429e+00	2.845716e-01	9.772253e-02	3.453660e+00	9.739013e-01	-6.377620e-01
5.255857e+01	-1.956152e+00	2.868324e-01	1.063981e-01	3.417927e+00	1.003699e+00	-6.333667e-01
4.934574e+01	-1.968325e+00	3.080391e-01	1.124154e-01	3.382625e+00	1.007184e+00	-6.265165e-01
4.704612e+01	-1.957629e+00	2.982264e-01	1.217226e-01	3.394512e+00	1.006868e+00	-6.112280e-01
4.492239e+01	-1.948955e+00	3.097708e-01	1.247638e-01	3.388051e+00	9.998787e-01	-6.011397e-01
4.436600e+01	-1.954867e+00	2.998988e-01	1.396951e-01	3.385788e+00	1.006045e+00	-5.934490e-01
3.167247e+03	-1.521569e-01	2.596078e-01	-4.852276e-01	1.322129e+00	2.901961e-01	-1.521834e+00
2.923816e+03	-1.900448e-01	2.217199e-01	-4.473397e-01	1.284241e+00	3.280840e-01	-1.559722e+00
2.793838e+03	-1.962581e-01	1.842261e-01	-4.335705e-01	1.278519e+00	3.603418e-01	-1.528376e+00
2.651657e+03	-2.188189e-01	1.504904e-01	-3.944471e-01	1.264864e+00	3.873613e-01	-1.505847e+00
2.509383e+03	-2.340577e-01	1.169703e-01	-4.116730e-01	1.255630e+00	4.204486e-01	-1.479079e+00
2.358715e+03	-2.583799e-01	8.734997e-02	-4.293050e-01	1.232069e+00	4.516447e-01	-1.447673e+00
2.233133e+03	-2.792798e-01	5.341473e-02	-4.210372e-01	1.235052e+00	4.789269e-01	-1.428022e+00
2.096659e+03	-3.045986e-01	1.904859e-02	-3.978581e-01	1.239807e+00	5.077829e-01	-1.407336e+00
1.974965e+03	-3.279613e-01	-1.102190e-02	-4.022332e-01	1.239298e+00	5.339272e-01	-1.377862e+00
1.838338e+03	-3.506452e-01	-4.758983e-02	-4.276094e-01	1.249958e+00	5.664182e-01	-1.333884e+00
1.728821e+03	-3.782307e-01	-7.417977e-02	-4.059381e-01	1.250566e+00	5.869266e-01	-1.325691e+00
1.602857e+03	-4.071146e-01	-1.002218e-01	-4.124811e-01	1.252713e+00	6.154615e-01	-1.306032e+00
1.495306e+03	-4.333754e-01	-1.334938e-01	-3.886550e-01	1.266407e+00	6.355947e-01	-1.286216e+00
1.373947e+03	-4.648370e-01	-1.742360e-01	-3.562081e-01	1.290096e+00	6.564403e-01	-1.263278e+00
1.272781e+03	-4.877796e-01	-1.976407e-01	-3.541894e-01	1.302662e+00	6.805320e-01	-1.240484e+00
1.164258e+03	-5.201419e-01	-2.249142e-01	-3.420892e-01	1.315521e+00	7.028533e-01	-1.232101e+00
1.065564e+03	-5.407160e-01	-2.535352e-01	-3.360131e-01	1.338767e+00	7.266949e-01	-1.200903e+00
9.725657e+02	-5.564542e-01	-2.846535e-01	-3.485882e-01	1.373245e+00	7.504692e-01	-1.161037e+00
8.777945e+02	-5.856460e-01	-3.096464e-01	-3.250256e-01	1.387485e+00	7.720604e-01	-1.148614e+00
5.470398e+03	-2.201176e+00	-1.332773e+00	-7.604102e-02	5.629132e-01	9.243137e-01	-5.761580e-01
5.179260e+03	-2.163289e+00	-1.370661e+00	-1.139289e-01	6.008011e-01	8.864258e-01	-5.382701e-01
4.771206e+03	-2.117883e+00	-1.352165e+00	-1.593382e-01	6.415078e-01	8.905829e-01	-4.973970e-01
4.514871e+03	-2.090723e+00	-1.346156e+00	-1.910471e-01	6.790508e-01	9.169575e-01	-4.636762e-01
4.195204e+03	-2.054632e+00	-1.326413e+00	-2.283191e-01	7.135917e-01	9.169857e-01	-4.255719e-01
3.906560e+03	-2.019837e+00	-1.312086e+00	-2.611642e-01	7.484412e-01	9.234062e-01	-3.871922e-01
3.653708e+03	-1.991419e+00	-1.291520e+00	-2.921502e-01	7.770160e-01	9.319588e-01	-3.584012e-01
3.466616e+03	-1.968234e+00	-1.285655e+00	-3.174698e-01	8.079146e-01	9.396943e-01	-3.273531e-01
3.238894e+03	-1.941741e+00	-1.264255e+00	-3.452879e-01	8.323182e-01	9.536288e-01	-3.003302e-01
2.986555e+03	-1.912972e+00	-1.236307e+00	-3.762034e-01	8.562198e-01	9.682359e-01	-2.708263e-01
2.809439e+03	-1.891132e+00	-1.220519e+00	-3.973799e-01	8.795486e-01	9.829708e-01	-2.455434e-01
2.669410e+03	-1.870772e+00	-1.212611e+00	-4.131351e-01	9.015006e-01	9.815268e-01	-2.177070e-01
2.497737e+03	-1.850023e+00	-1.193885e+00	-4.346795e-01	9.238281e-01	9.976914e-01	-1.935325e-01
2.335201e+03	-1.829972e+00	-1.176348e+00	-4.572064e-01	9.450355e-01	1.004989e+00	-1.668580e-01
2.180927e+03	-1.810690e+00	-1.157553e+00	-4.760517e-01	9.659976e-01	1.020041e+00	-1.438351e-01
2.031604e+03	-1.792036e+00	-1.139215e+00	-4.946197e-01	9.903103e-01	1.037532e+00	-1.194883e-01
1.894721e+03	-1.774098e+00	-1.120768e+00	-5.120818e-01	1.008122e+00	1.046523e+00	-9.689226e-02
1.763883e+03	-1.755966e+00	-1.103003e+00	-5.287042e-01	1.024785e+00	1.046133e+00	-7.284182e-02
1.641020e+03	-1.739572e+00	-1.084764e+00	-5.451128e-01	1.042536e+00	1.053755e+00	-5.091442e-02
1.622770e+03	-3.031373e-01	-6.721569e-01	-2.231091e+00	3.432157e+00	1.571373e+00	-1.730974e+00
1.454315e+03	-3.410252e-01	-7.100448e-01	-2.193203e+00	3.394269e+00	1.533485e+00	-1.693086e+00
1.304092e+03	-3.774985e-01	-7.470946e-01	-2.153867e+00	3.350952e+00	1.506410e+00	-1.711185e+00
1.154843e+03	-4.103921e-01	-7.861217e-01	-2.117158e+00	3.315191e+00	1.471904e+00	-1.740768e+00
1.051657e+03	-4.449241e-01	-7.987841e-01	-2.079308e+00	3.279713e+00	1.453013e+00	-1.750583e+00
9.657323e+02	-4.690679e-01	-8.189607e-01	-2.043471e+00	3.243678e+00	1.437677e+00	-1.768203e+00
8.778568e+02	-5.011703e-01	-8.296359e-01	-2.009561e+00	3.218751e+00	1.415957e+00	-1.780039e+00
7.854289e+02	-5.334257e-01	-8.252250e-01	-1.975877e+00	3.191464e+00	1.386056e+00	-1.802034e+00
7.255914e+02	-5.595069e-01	-8.436598e-01	-1.942934e+00	3.167476e+00	1.374681e+00	-1.813829e+00
6.670611e+02	-5.852962e-01	-8.784759e-01	-1.910827e+00	3.146408e+00	1.362290e+00	-1.835047e+00
6.155372e+02	-6.096890e-01	-8.787398e-01	-1.877698e+00	3.122713e+00	1.349450e+00	-1.845847e+00
5.733788e+02	-6.303071e-01	-8.699995e-01	-1.849364e+00	3.102672e+00	1.338226e+00	-1.862839e+00
5.274832e+02	-6.546570e-01	-8.777777e-01	-1.816524e+00	3.079882e+00	1.325650e+00	-1.873395e+00
4.871886e+02	-6.811143e-01	-8.883593e-01	-1.784696e+00	3.059246e+00	1.318060e+00	-1.877645e+00
4.510178e+02	-7.017391e-01	-8.917432e-01	-1.754061e+00	3.038054e+00	1.307670e+00	-1.890955e+00
4.196991e+02	-7.190861e-01	-9.004484e-01	-1.722528e+00	3.017424e+00	1.297810e+00	-1.901076e+00
3.896743e+02	-7.399300e-01	-8.995701e-01	-1.694020e+00	2.997636e+00	1.291124e+00	-1.913255e+00
3.611035e+02	-7.599718e-01	-9.140133e-01	-1.667606e+00	2.975090e+00	1.275786e+00	-1.925479e+00
3.365822e+02	-7.788950e-01	-9.073077e-01	-1.638502e+00	2.957149e+00	1.276043e+00	-1.934422e+00
1.140658e+03	-3.764706e-01	1.610084e-01	-1.039903e+00	1.302409e+00	1.407451e+00	-1.085368e+00
1.046440e+03	-4.143585e-01	1.231205e-01	-1.002015e+00	1.340297e+00	1.369563e+00	-1.047480e+00
9.679418e+02	-4.183802e-01	8.892250e-02	-9.893241e-01	1.380842e+00	1.329083e+00	-1.007465e+00
8.957728e+02	-4.473630e-01	5.356931e-02	-9.602499e-01	1.414617e+00	1.301370e+00	-9.872482e-01
8.369375e+02	-4.723755e-01	2.443643e-02	-9.392051e-01	1.442539e+00	1.278364e+00	-9.637644e-01
7.736144e+02	-5.063827e-01	-6.813605e-03	-9.082662e-01	1.473200e+00	1.269657e+00	-9.599516e-01
7.155129e+02	-5.370125e-01	-3.654804e-02	-8.848016e-01	1.494714e+00	1.250120e+00	-9.420743e-01
6.519419e+02	-5.800646e-01	-7.043277e-02	-8.493000e-01	1.510823e+00	1.254403e+00	-9.462524e-01
5.974073e+02	-5.993469e-01	-9.925427e-02	-8.269119e-01	1.537335e+00	1.233147e+00	-9.282192e-01
5.328805e+02	-6.338389e-01	-1.333184e-01	-7.968672e-01	1.560461e+00	1.222258e+00	-9.180184e-01
4.826496e+02	-6.567398e-01	-1.602659e-01	-7.695328e-01	1.582590e+00	1.213799e+00	-9.121997e-01
4.241386e+02	-6.901915e-01	-1.917530e-01	-7.333081e-01	1.602205e+00	1.223957e+00	-9.062575e-01
3.773722e+02	-7.134210e-01	-2.178259e-01	-7.115889e-01	1.623240e+00	1.209307e+00	-9.038172e-01
3.236357e+02	-7.483788e-01	-2.479434e-01	-6.865368e-01	1.643525e+00	1.208042e+00	-9.041192e-01
2.825077e+02	-7.691133e-01	-2.733426e-01	-6.600029e-01	1.662157e+00	1.198743e+00	-8.992380e-01
2.539777e+02	-7.836821e-01	-2.913739e-01	-6.516207e-01	1.685028e+00	1.190027e+00	-8.877735e-01
2.104741e+02	-8.136041e-01	-3.202413e-01	-6.183457e-01	1.698761e+00	1.191170e+00	-8.928690e-01
1.776360e+02	-8.320422e-01	-3.439151e-01	-5.968308e-01	1.723517e+00	1.194881e+00	-8.804335e-01
1.475747e+02	-8.593276e-01	-3.669954e-01	-5.719443e-01	1.732112e+00	1.193062e+00	-8.908461e-01
1.688496e+03	-5.576471e-01	-1.150700e-01	-7.671118e-01	1.110140e+00	5.360784e-01	-6.352627e-01
1.500131e+03	-5.955350e-01	-1.529580e-01	-7.292238e-01	1.072252e+00	5.739664e-01	-6.731507e-01
1.346060e+03	-6.321282e-01	-1.894147e-01	-6.982640e-01	1.039193e+00	6.097199e-01	-7.113807e-01
1.224932e+03	-6.647467e-01	-2.215106e-01	-6.752771e-01	1.018023e+00	6.426467e-01	-7.392590e-01
1.132180e+03	-6.927871e-01	-2.530344e-01	-6.423426e-01	1.000954e+00	6.677553e-01	-7.606546e-01
1.043351e+03	-7.216711e-01	-2.863468e-01	-6.128427e-01	9.944730e-01	6.921027e-01	-7.855235e-01
9.743891e+02	-7.433029e-01	-3.095953e-01	-5.886631e-01	9.955893e-01	7.143032e-01	-7.890630e-01
8.972887e+02	-7.658143e-01	-3.352724e-01	-5.640394e-01	1.009313e+00	7.382002e-01	-7.901068e-01
8.379297e+02	-7.861246e-01	-3.570665e-01	-5.446654e-01	1.018561e+00	7.568965e-01	-7.928597e-01
7.779721e+02	-8.093205e-01	-3.771678e-01	-5.288921e-01	1.030512e+00	7.779145e-01	-8.063356e-01
7.176191e+02	-8.263732e-01	-3.994045e-01	-5.096474e-01	1.052654e+00	7.961819e-01	-7.966787e-01
6.685056e+02	-8.398103e-01	-4.119466e-01	-4.994873e-01	1.075724e+00	8.138342e-01	-7.954316e-01
6.083549e+02	-8.588830e-01	-4.349166e-01	-4.809317e-01	1.101535e+00	8.332084e-01	-7.849759e-01
5.804414e+02	-8.805870e-01	-4.511068e-01	-4.596713e-01	1.098959e+00	8.478086e-01	-7.972575e-01
5.206130e+02	-8.929625e-01	-4.691033e-01	-4.533638e-01	1.136646e+00	8.687966e-01	-7.783407e-01
4.780616e+02	-9.078902e-01	-4.843397e-01	-4.437891e-01	1.160028e+00	8.863246e-01	-7.712480e-01
4.334725e+02	-9.191175e-01	-4.970150e-01	-4.389873e-01	1.190475e+00	9.051020e-01	-7.582629e-01
3.971526e+02	-9.331658e-01	-5.095874e-01	-4.333288e-01	1.215110e+00	9.217153e-01	-7.580179e-01
3.615888e+02	-9.422078e-01	-5.176836e-01	-4.306470e-01	1.241808e+00	9.395998e-01	-7.437982e-01
2.114482e+03	-2.183922e+00	-5.587675e-01	-1.876462e+00	3.057479e+00	1.282353e+00	-4.579485e-01
2.070832e+03	-2.221809e+00	-5.966554e-01	-1.838574e+00	3.019591e+00	1.244465e+00	-4.958365e-01
1.972425e+03	-2.186979e+00	-6.454404e-01	-1.791468e+00	2.969901e+00	1.200221e+00	-5.413779e-01
1.879182e+03	-2.152258e+00	-6.685935e-01	-1.750509e+00	2.927197e+00	1.162314e+00	-5.808579e-01
1.760337e+03	-2.120200e+00	-6.976545e-01	-1.705162e+00	2.880561e+00	1.159232e+00	-6.254204e-01
1.611341e+03	-2.088943e+00	-7.068625e-01	-1.662799e+00	2.837358e+00	1.172641e+00	-6.674306e-01
1.492388e+03	-2.056339e+00	-7.184186e-01	-1.631400e+00	2.795720e+00	1.173877e+00	-7.054323e-01
1.349220e+03	-2.028772e+00	-7.028237e-01	-1.602375e+00	2.755980e+00	1.181410e+00	-7.421982e-01
1.239677e+03	-1.996477e+00	-7.065921e-01	-1.574629e+00	2.718116e+00	1.184513e+00	-7.776967e-01
1.147972e+03	-1.963970e+00	-7.168524e-01	-1.546684e+00	2.682765e+00	1.186385e+00	-8.101980e-01
1.051679e+03	-1.931734e+00	-7.197088e-01	-1.524911e+00	2.647829e+00	1.190764e+00	-8.430238e-01
9.607413e+02	-1.903057e+00	-7.233813e-01	-1.501621e+00	2.613611e+00	1.201614e+00	-8.756961e-01
8.800492e+02	-1.871548e+00	-7.266640e-01	-1.485784e+00	2.581909e+00	1.205811e+00	-9.052933e-01
8.025311e+02	-1.838922e+00	-7.274809e-01	-1.472498e+00	2.551977e+00	1.209557e+00	-9.337108e-01
7.346945e+02	-1.808763e+00	-7.318704e-01	-1.460691e+00	2.522976e+00	1.214020e+00	-9.607331e-01
6.737558e+02	-1.777645e+00	-7.417857e-01	-1.450540e+00	2.495223e+00	1.218687e+00	-9.863422e-01
6.154102e+02	-1.748561e+00	-7.459327e-01	-1.442061e+00	2.468806e+00	1.223172e+00	-1.011035e+00
5.662772e+02	-1.719631e+00	-7.536829e-01	-1.434682e+00	2.444224e+00	1.223659e+00	-1.033141e+00
5.156428e+02	-1.691447e+00	-7.575208e-01	-1.429034e+00	2.420172e+00	1.228411e+00	-1.055780e+00
1.102472e+03	-3.203922e-01	-1.446162e+00	-4.306694e-01	9.375910e-01	1.213333e+00	-1.849183e+00
1.009880e+03	-3.582801e-01	-1.408275e+00	-3.927815e-01	9.754790e-01	1.175445e+00	-1.811295e+00
9.212611e+02	-4.011067e-01	-1.367925e+00	-3.546928e-01	1.018471e+00	1.133753e+00	-1.779362e+00
8.393283e+02	-4.379009e-01	-1.330373e+00	-3.226307e-01	1.045172e+00	1.160784e+00	-1.750597e+00
7.728437e+02	-4.689397e-01	-1.295587e+00	-2.922828e-01	1.080381e+00	1.144154e+00	-1.718101e+00
7.036034e+02	-5.002112e-01	-1.263403e+00	-2.603887e-01	1.113357e+00	1.159034e+00	-1.685338e+00
6.572514e+02	-5.216963e-01	-1.230520e+00	-2.517301e-01	1.141084e+00	1.146770e+00	-1.657068e+00
6.143303e+02	-5.444263e-01	-1.205111e+00	-2.400944e-01	1.167821e+00	1.137964e+00	-1.626821e+00
5.737394e+02	-5.609373e-01	-1.172839e+00	-2.457409e-01	1.193550e+00	1.136673e+00	-1.601893e+00
5.351740e+02	-5.710576e-01	-1.139474e+00	-2.674297e-01	1.218206e+00	1.143637e+00	-1.580136e+00
4.977813e+02	-5.890731e-01	-1.113542e+00	-2.724519e-01	1.242815e+00	1.143853e+00	-1.554181e+00
4.611645e+02	-6.028461e-01	-1.086762e+00	-2.999741e-01	1.267340e+00	1.145246e+00	-1.523221e+00
4.274663e+02	-6.195382e-01	-1.061429e+00	-3.056711e-01	1.290435e+00	1.149541e+00	-1.503364e+00
3.940694e+02	-6.378700e-01	-1.036529e+00	-3.195965e-01	1.314882e+00	1.148290e+00	-1.477180e+00
3.633893e+02	-6.507722e-01	-1.011491e+00	-3.375878e-01	1.336423e+00	1.156703e+00	-1.459181e+00
3.293378e+02	-6.746313e-01	-9.867106e-01	-3.475453e-01	1.358481e+00	1.164625e+00	-1.434327e+00
3.038550e+02	-6.811269e-01	-9.627597e-01	-3.771682e-01	1.379654e+00	1.170105e+00	-1.417080e+00
2.791237e+02	-6.938467e-01	-9.407774e-01	-3.868157e-01	1.395899e+00	1.185480e+00	-1.398219e+00
2.560077e+02	-7.015992e-01	-9.193783e-01	-4.200834e-01	1.418828e+00	1.182736e+00	-1.378564e+00
1.960340e+03	-4.325490e-01	-2.146218e+00	1.558314e-01	1.272829e+00	2.421176e+00	-7.034605e-01
1.853777e+03	-4.704369e-01	-2.108331e+00	1.937193e-01	1.234941e+00	2.383289e+00	-6.655726e-01
1.728187e+03	-5.196052e-01	-2.058043e+00	2.441855e-01	1.214254e+00	2.333568e+00	-6.145966e-01
1.628317e+03	-5.519355e-01	-2.014452e+00	2.877276e-01	1.192538e+00	2.290479e+00	-5.703597e-01
1.526894e+03	-5.924239e-01	-1.966630e+00	3.350988e-01	1.175443e+00	2.242533e+00	-5.223477e-01
1.443966e+03	-6.318103e-01	-1.922969e+00	3.777070e-01	1.177697e+00	2.198573e+00	-4.780485e-01
1.364404e+03	-6.557681e-01	-1.877893e+00	4.197509e-01	1.169777e+00	2.152494e+00	-4.344734e-01
1.290318e+03	-6.598608e-01	-1.839076e+00	4.438503e-01	1.171014e+00	2.108859e+00	-3.925348e-01
1.223518e+03	-6.715508e-01	-1.798144e+00	4.732704e-01	1.170437e+00	2.065459e+00	-3.548982e-01
1.163606e+03	-6.844744e-01	-1.761062e+00	4.962747e-01	1.176901e+00	2.023966e+00	-3.181300e-01
1.103861e+03	-6.873305e-01	-1.723107e+00	5.175458e-01	1.184130e+00	1.982442e+00	-2.836955e-01
1.053470e+03	-6.952832e-01	-1.685983e+00	5.407632e-01	1.192828e+00	1.943504e+00	-2.549361e-01
9.987015e+02	-6.910669e-01	-1.651490e+00	5.512596e-01	1.207138e+00	1.903893e+00	-2.244420e-01
9.478171e+02	-6.864239e-01	-1.623994e+00	5.517974e-01	1.224061e+00	1.864630e+00	-1.940858e-01
9.022535e+02	-6.787954e-01	-1.593311e+00	5.565357e-01	1.242592e+00	1.828427e+00	-1.692535e-01
8.628710e+02	-6.752454e-01	-1.563638e+00	5.607553e-01	1.264038e+00	1.794322e+00	-1.480402e-01
8.253933e+02	-6.665996e-01	-1.533535e+00	5.622017e-01	1.284748e+00	1.760152e+00	-1.291911e-01
7.909353e+02	-6.534613e-01	-1.503605e+00	5.595882e-01	1.307102e+00	1.726140e+00	-1.121299e-01
7.624717e+02	-6.470856e-01	-1.473526e+00	5.598533e-01	1.328007e+00	1.694863e+00	-1.008009e-01
3.921369e+02	-7.862745e-01	-8.101961e-01	-1.294508e+00	2.140504e+00	1.036471e+00	-1.217217e+00
2.729195e+02	-8.241624e-01	-8.480840e-01	-1.256620e+00	2.102616e+00	1.074359e+00	-1.255105e+00
1.718428e+02	-8.580167e-01	-8.148957e-01	-1.218888e+00	2.072254e+00	1.112730e+00	-1.290478e+00
1.085197e+02	-8.807313e-01	-7.801907e-01	-1.184685e+00	2.040613e+00	1.144435e+00	-1.326616e+00
7.147227e+01	-9.097532e-01	-7.838959e-01	-1.158094e+00	2.029621e+00	1.168792e+00	-1.340621e+00
4.685953e+01	-9.283209e-01	-7.706053e-01	-1.136417e+00	2.015318e+00	1.192176e+00	-1.356672e+00
3.172317e+01	-9.505727e-01	-7.828924e-01	-1.112759e+00	2.011453e+00	1.206407e+00	-1.365145e+00
2.267555e+01	-9.697700e-01	-7.733231e-01	-1.094095e+00	2.007778e+00	1.217691e+00	-1.373002e+00
1.671791e+01	-9.824749e-01	-7.857476e-01	-1.075463e+00	2.008189e+00	1.227636e+00	-1.377541e+00
1.355290e+01	-9.923811e-01	-7.901955e-01	-1.060620e+00	2.008821e+00	1.234668e+00	-1.379918e+00
1.133048e+01	-9.987053e-01	-7.900758e-01	-1.047031e+00	2.010440e+00	1.241819e+00	-1.383035e+00
1.002556e+01	-1.001552e+00	-7.807005e-01	-1.035416e+00	2.011692e+00	1.246703e+00	-1.386254e+00
9.178684e+00	-1.005348e+00	-7.824513e-01	-1.025396e+00	2.015518e+00	1.250601e+00	-1.385554e+00
8.745158e+00	-1.007323e+00	-7.883195e-01	-1.016807e+00	2.019755e+00	1.253147e+00	-1.384769e+00
8.247596e+00	-1.008232e+00	-7.816387e-01	-1.008470e+00	2.021918e+00	1.255458e+00	-1.384156e+00
8.043434e+00	-1.005811e+00	-7.879611e-01	-1.002308e+00	2.025092e+00	1.255797e+00	-1.380881e+00
7.639059e+00	-1.006321e+00	-7.750745e-01	-9.944764e-01	2.026899e+00	1.257712e+00	-1.381512e+00
7.589328e+00	-1.008863e+00	-7.674531e-01	-9.860418e-01	2.028685e+00	1.259050e+00	-1.381923e+00
7.302127e+00	-1.006331e+00	-7.672237e-01	-9.805238e-01	2.031288e+00	1.258850e+00	-1.379540e+00
1.876015e+03	-2.101961e+00	9.198880e-02	-1.530927e+00	2.633501e+00	1.424706e+00	-8.262165e-01
1.763785e+03	-2.064073e+00	1.298767e-01	-1.568815e+00	2.595613e+00	1.386818e+00	-8.641044e-01
1.520061e+03	-2.021478e+00	9.294057e-02	-1.615053e+00	2.572982e+00	1.342102e+00	-8.265128e-01
1.342269e+03	-1.986988e+00	6.026323e-02	-1.656131e+00	2.543643e+00	1.302419e+00	-7.999059e-01
1.174486e+03	-1.947867e+00	2.277360e-02	-1.661486e+00	2.514989e+00	1.262128e+00	-7.661569e-01
1.044539e+03	-1.914269e+00	-9.113382e-03	-1.646275e+00	2.484816e+00	1.226529e+00	-7.427385e-01
9.391227e+02	-1.880456e+00	-3.298909e-02	-1.633906e+00	2.449612e+00	1.193001e+00	-7.185359e-01
8.555434e+02	-1.852525e+00	-5.574077e-02	-1.615050e+00	2.413970e+00	1.164159e+00	-7.041512e-01
7.833558e+02	-1.823014e+00	-7.060563e-02	-1.591345e+00	2.378435e+00	1.136117e+00	-6.867412e-01
7.212086e+02	-1.795696e+00	-8.643111e-02	-1.565220e+00	2.345339e+00	1.109790e+00	-6.721444e-01
6.704085e+02	-1.771146e+00	-9.302181e-02	-1.534263e+00	2.309766e+00	1.088303e+00	-6.613960e-01
6.330441e+02	-1.748778e+00	-9.068556e-02	-1.507149e+00	2.276256e+00	1.069935e+00	-6.515163e-01
5.949273e+02	-1.728631e+00	-9.435065e-02	-1.475135e+00	2.242239e+00	1.053402e+00	-6.454047e-01
5.591101e+02	-1.708883e+00	-1.018370e-01	-1.443049e+00	2.212825e+00	1.037040e+00	-6.386038e-01
5.292383e+02	-1.692809e+00	-1.033971e-01	-1.409854e+00	2.181536e+00	1.024850e+00	-6.354062e-01
5.064576e+02	-1.678449e+00	-9.856039e-02	-1.377619e+00	2.150811e+00	1.015572e+00	-6.327204e-01
4.813618e+02	-1.665664e+00	-1.012560e-01	-1.344098e+00	2.123516e+00	1.006685e+00	-6.312664e-01
4.555029e+02	-1.654914e+00	-1.081059e-01	-1.309965e+00	2.099160e+00	9.991304e-01	-6.307109e-01
4.337235e+02	-1.644557e+00	-1.118486e-01	-1.277241e+00	2.076186e+00	9.928728e-01	-6.294967e-01
1.099007e+03	-4.023529e-01	-2.096919e+00	-7.762048e-01	1.361569e+00	1.070980e+00	-1.480915e+00
1.034338e+03	-3.644650e-01	-2.059031e+00	-7.383169e-01	1.399457e+00	1.108868e+00	-1.443027e+00
9.489956e+02	-3.777368e-01	-2.014604e+00	-6.940857e-01	1.443757e+00	1.153763e+00	-1.403872e+00
8.878042e+02	-3.800526e-01	-1.974834e+00	-6.544338e-01	1.481583e+00	1.188413e+00	-1.391396e+00
8.286876e+02	-3.946310e-01	-1.937480e+00	-6.184357e-01	1.519751e+00	1.222967e+00	-1.362488e+00
7.835351e+02	-3.977231e-01	-1.899294e+00	-5.822995e-01	1.554421e+00	1.245529e+00	-1.330522e+00
7.407882e+02	-4.111149e-01	-1.866766e+00	-5.489017e-01	1.586657e+00	1.270855e+00	-1.323297e+00
7.104071e+02	-4.136569e-01	-1.838267e+00	-5.166206e-01	1.613986e+00	1.297122e+00	-1.330393e+00
6.746310e+02	-4.253269e-01	-1.804865e+00	-4.846369e-01	1.642941e+00	1.307900e+00	-1.320218e+00
6.401680e+02	-4.389756e-01	-1.770674e+00	-4.499126e-01	1.666356e+00	1.319657e+00	-1.332448e+00
6.104964e+02	-4.427542e-01	-1.738619e+00	-4.210720e-01	1.691574e+00	1.321331e+00	-1.323197e+00
5.685299e+02	-4.654263e-01	-1.702360e+00	-3.869106e-01	1.716625e+00	1.316167e+00	-1.310668e+00
5.468679e+02	-4.600323e-01	-1.672338e+00	-3.610649e-01	1.736982e+00	1.316704e+00	-1.310506e+00
5.321992e+02	-4.441935e-01	-1.643149e+00	-3.377593e-01	1.758502e+00	1.313835e+00	-1.310755e+00
5.057492e+02	-4.507291e-01	-1.611592e+00	-3.103241e-01	1.775121e+00	1.313306e+00	-1.316411e+00
4.765382e+02	-4.574560e-01	-1.575111e+00	-2.814478e-01	1.791928e+00	1.305360e+00	-1.309855e+00
4.515789e+02	-4.671581e-01	-1.547028e+00	-2.555658e-01	1.806534e+00	1.306204e+00	-1.321830e+00
4.172864e+02	-4.889630e-01	-1.511966e+00	-2.249541e-01	1.819068e+00	1.306956e+00	-1.332067e+00
3.980727e+02	-4.935096e-01	-1.486102e+00	-2.031935e-01	1.833131e+00	1.305460e+00	-1.342498e+00
1.456581e+03	-7.647059e-01	-5.341176e-01	-2.176532e+00	2.697591e+00	8.423529e-01	-1.817357e+00
1.220994e+03	-8.025938e-01	-5.720056e-01	-2.138644e+00	2.659703e+00	8.802409e-01	-1.855245e+00
1.086375e+03	-8.430645e-01	-6.104447e-01	-2.098492e+00	2.645140e+00	9.005135e-01	-1.863866e+00
9.494492e+02	-8.698036e-01	-6.198347e-01	-2.064661e+00	2.633336e+00	9.300319e-01	-1.871099e+00
8.440199e+02	-9.025485e-01	-6.515416e-01	-2.033588e+00	2.609720e+00	9.467762e-01	-1.884248e+00
7.455735e+02	-9.311022e-01	-6.784903e-01	-2.002585e+00	2.583757e+00	9.645280e-01	-1.891193e+00
6.577978e+02	-9.563681e-01	-7.004852e-01	-1.975809e+00	2.569818e+00	9.842040e-01	-1.898388e+00
5.642620e+02	-9.843641e-01	-7.242254e-01	-1.943162e+00	2.547060e+00	1.005797e+00	-1.924121e+00
5.021011e+02	-1.000781e+00	-7.410719e-01	-1.922295e+00	2.536867e+00	1.023885e+00	-1.913647e+00
4.376050e+02	-1.013029e+00	-7.591099e-01	-1.906684e+00	2.526997e+00	1.046514e+00	-1.889184e+00
3.894060e+02	-1.032880e+00	-7.726845e-01	-1.880232e+00	2.513223e+00	1.060979e+00	-1.892988e+00
3.499854e+02	-1.047558e+00	-7.858221e-01	-1.858834e+00	2.491359e+00	1.073001e+00	-1.893091e+00
3.073213e+02	-1.064025e+00	-7.970779e-01	-1.834514e+00	2.485377e+00	1.090774e+00	-1.888310e+00
2.732981e+02	-1.078648e+00	-8.270880e-01	-1.808433e+00	2.485492e+00	1.105233e+00	-1.874201e+00
2.414586e+02	-1.088213e+00	-8.209664e-01	-1.788482e+00	2.471975e+00	1.122101e+00	-1.873531e+00
2.121294e+02	-1.085373e+00	-8.198876e-01	-1.778454e+00	2.462879e+00	1.142993e+00	-1.868357e+00
1.911940e+02	-1.098652e+00	-8.204519e-01	-1.754171e+00	2.452668e+00	1.154927e+00	-1.863357e+00
1.700759e+02	-1.109317e+00	-8.112427e-01	-1.737482e+00	2.438659e+00	1.171587e+00	-1.854437e+00
1.568840e+02	-1.113993e+00	-8.185809e-01	-1.715727e+00	2.433878e+00	1.180448e+00	-1.849865e+00
1.424492e+03	-1.532549e+00	-4.108683e-01	-1.926474e+00	3.136359e+00	1.618824e+00	-1.371799e+00
1.221603e+03	-1.494661e+00	-4.487563e-01	-1.964362e+00	3.098471e+00	1.580936e+00	-1.409687e+00
1.025471e+03	-1.454085e+00	-4.923320e-01	-2.012085e+00	3.052396e+00	1.543527e+00	-1.458282e+00
8.562810e+02	-1.418607e+00	-5.312082e-01	-1.994066e+00	3.012130e+00	1.507289e+00	-1.500158e+00
7.054044e+02	-1.381412e+00	-5.676008e-01	-1.970381e+00	2.969021e+00	1.471874e+00	-1.545602e+00
5.878730e+02	-1.347931e+00	-5.969921e-01	-1.939752e+00	2.931339e+00	1.440406e+00	-1.586488e+00
4.818323e+02	-1.316000e+00	-6.266026e-01	-1.914693e+00	2.891992e+00	1.406077e+00	-1.628408e+00
4.038304e+02	-1.285105e+00	-6.475774e-01	-1.892919e+00	2.853851e+00	1.376567e+00	-1.668502e+00
3.373017e+02	-1.259636e+00	-6.706876e-01	-1.862648e+00	2.820018e+00	1.345735e+00	-1.704455e+00
2.878866e+02	-1.242856e+00	-6.923814e-01	-1.828874e+00	2.789310e+00	1.319422e+00	-1.733705e+00
2.501823e+02	-1.221146e+00	-7.097128e-01	-1.798127e+00	2.758963e+00	1.293366e+00	-1.764465e+00
2.246537e+02	-1.197236e+00	-7.238119e-01	-1.773866e+00	2.730510e+00	1.270730e+00	-1.791234e+00
2.057130e+02	-1.180123e+00	-7.369916e-01	-1.743532e+00	2.703711e+00	1.249895e+00	-1.815597e+00
1.921593e+02	-1.161283e+00	-7.473435e-01	-1.715926e+00	2.679281e+00	1.236177e+00	-1.836917e+00
1.821282e+02	-1.148221e+00	-7.570911e-01	-1.684745e+00	2.655841e+00	1.221328e+00	-1.853999e+00
1.762152e+02	-1.139702e+00	-7.640947e-01	-1.653371e+00	2.635451e+00	1.207226e+00	-1.869807e+00
1.688150e+02	-1.128888e+00	-7.714059e-01	-1.622044e+00	2.614871e+00	1.198925e+00	-1.878518e+00
1.606659e+02	-1.121544e+00	-7.791425e-01	-1.588965e+00	2.595060e+00	1.193462e+00	-1.887153e+00
1.528114e+02	-1.112845e+00	-7.843053e-01	-1.558875e+00	2.577323e+00	1.190650e+00	-1.888649e+00
1.364766e+03	-9.717647e-01	-1.594062e+00	-3.806577e-01	8.587115e-01	8.768627e-01	-9.353329e-01
1.219191e+03	-9.338768e-01	-1.556174e+00	-3.427698e-01	8.965994e-01	9.147507e-01	-9.732209e-01
1.079835e+03	-8.918688e-01	-1.512355e+00	-3.144156e-01	9.350548e-01	9.493431e-01	-9.760594e-01
9.643129e+02	-8.535327e-01	-1.473111e+00	-2.943797e-01	9.725965e-01	9.798516e-01	-9.447243e-01
8.614261e+02	-8.224453e-01	-1.436922e+00	-2.667187e-01	1.006949e+00	1.013729e+00	-9.561809e-01
7.770918e+02	-7.950066e-01	-1.405378e+00	-2.430999e-01	1.041706e+00	1.042970e+00	-9.452543e-01
7.013918e+02	-7.705509e-01	-1.373017e+00	-2.222287e-01	1.073117e+00	1.072787e+00	-9.600111e-01
6.377292e+02	-7.407914e-01	-1.338403e+00	-2.014585e-01	1.096911e+00	1.098177e+00	-9.924869e-01
5.863141e+02	-7.275741e-01	-1.313987e+00	-1.889068e-01	1.127846e+00	1.123548e+00	-9.904049e-01
5.398184e+02	-7.164356e-01	-1.290554e+00	-1.839749e-01	1.159160e+00	1.149207e+00	-9.741699e-01
5.020303e+02	-7.067331e-01	-1.267771e+00	-1.757125e-01	1.186800e+00	1.168239e+00	-9.772256e-01
4.691370e+02	-6.956458e-01	-1.244292e+00	-1.690498e-01	1.210880e+00	1.186169e+00	-9.870923e-01
4.394183e+02	-6.908197e-01	-1.223810e+00	-1.669116e-01	1.237928e+00	1.200959e+00	-9.863639e-01
4.101283e+02	-6.901927e-01	-1.203233e+00	-1.630272e-01	1.267628e+00	1.214076e+00	-9.918244e-01
3.868250e+02	-6.867862e-01	-1.184052e+00	-1.668239e-01	1.291161e+00	1.225395e+00	-9.891897e-01
3.676969e+02	-6.764266e-01	-1.163229e+00	-1.822219e-01	1.311600e+00	1.229211e+00	-9.790762e-01
3.464262e+02	-6.786248e-01	-1.145439e+00	-1.849477e-01	1.335318e+00	1.239242e+00	-9.813179e-01
3.273639e+02	-6.755334e-01	-1.129230e+00	-1.932206e-01	1.359276e+00	1.252533e+00	-9.740931e-01
3.085725e+02	-6.811179e-01	-1.111344e+00	-1.989567e-01	1.381201e+00	1.256985e+00	-9.784973e-01
1.830113e+03	-1.066667e+00	-1.643697e-01	-2.249277e+00	1.943305e+00	2.101961e+00	-3.397391e-01
1.688462e+03	-1.028779e+00	-2.022577e-01	-2.211389e+00	1.905417e+00	2.064073e+00	-3.776270e-01
1.577857e+03	-9.923958e-01	-2.338142e-01	-2.197022e+00	1.893085e+00	2.030049e+00	-3.548732e-01
1.472488e+03	-1.006695e+00	-2.676995e-01	-2.164189e+00	1.871419e+00	2.000716e+00	-3.583530e-01
1.376671e+03	-9.868830e-01	-2.959091e-01	-2.148609e+00	1.852856e+00	1.968467e+00	-3.481026e-01
1.277233e+03	-9.887438e-01	-3.292143e-01	-2.121458e+00	1.829080e+00	1.938455e+00	-3.240885e-01
1.200008e+03	-9.932524e-01	-3.520168e-01	-2.095419e+00	1.811659e+00	1.911762e+00	-3.381156e-01
1.117526e+03	-1.019038e+00	-3.869917e-01	-2.055313e+00	1.795631e+00	1.892406e+00	-3.616099e-01
1.049445e+03	-1.028777e+00	-4.006950e-01	-2.041231e+00	1.775692e+00	1.862825e+00	-3.621665e-01
9.784087e+02	-1.040047e+00	-4.226754e-01	-2.012662e+00	1.751235e+00	1.839255e+00	-3.695047e-01
9.144753e+02	-1.065162e+00	-4.401496e-01	-1.992270e+00	1.737963e+00	1.812970e+00	-3.765684e-01
8.612003e+02	-1.077040e+00	-4.550169e-01	-1.973012e+00	1.728159e+00	1.789015e+00	-3.766948e-01
7.921655e+02	-1.109382e+00	-4.791186e-01	-1.940046e+00	1.710449e+00	1.765161e+00	-3.944767e-01
7.208993e+02	-1.147256e+00	-5.081795e-01	-1.899823e+00	1.691770e+00	1.741651e+00	-4.016064e-01
6.682918e+02	-1.167573e+00	-5.268996e-01	-1.871853e+00	1.680024e+00	1.719922e+00	-4.207498e-01
6.326925e+02	-1.173950e+00	-5.342383e-01	-1.861604e+00	1.669050e+00	1.698104e+00	-4.297615e-01
5.741112e+02	-1.204512e+00	-5.619719e-01	-1.819493e+00	1.657227e+00	1.677004e+00	-4.508310e-01
5.096721e+02	-1.234117e+00	-5.993803e-01	-1.771013e+00	1.642000e+00	1.653810e+00	-4.744494e-01
4.793380e+02	-1.251542e+00	-6.084356e-01	-1.748243e+00	1.635250e+00	1.635176e+00	-4.875216e-01
3.911722e+03	-1.437647e+00	-1.840560e+00	-5.785494e-02	2.051765e+00	3.937255e-01	-1.967393e+00
3.581424e+03	-1.399759e+00	-1.802672e+00	-1.996702e-02	2.013877e+00	4.316134e-01	-2.005280e+00
3.252324e+03	-1.360087e+00	-1.754704e+00	1.541410e-02	1.980388e+00	4.725768e-01	-2.054029e+00
2.990200e+03	-1.336261e+00	-1.712319e+00	5.192585e-02	1.946999e+00	5.118497e-01	-2.094577e+00
2.724415e+03	-1.301479e+00	-1.668139e+00	8.060294e-02	1.914914e+00	5.502180e-01	-2.114380e+00
2.497794e+03	-1.274111e+00	-1.631455e+00	1.085369e-01	1.884399e+00	5.878867e-01	-2.126183e+00
2.285548e+03	-1.241493e+00	-1.591653e+00	1.326025e-01	1.856029e+00	6.213922e-01	-2.140479e+00
2.097854e+03	-1.210094e+00	-1.557749e+00	1.511125e-01	1.832851e+00	6.528673e-01	-2.144016e+00
1.922378e+03	-1.179584e+00	-1.521461e+00	1.700283e-01	1.809176e+00	6.843677e-01	-2.153790e+00
1.770209e+03	-1.153944e+00	-1.490502e+00	1.881625e-01	1.789273e+00	7.158881e-01	-2.159735e+00
1.626293e+03	-1.125454e+00	-1.457151e+00	1.999700e-01	1.770398e+00	7.447543e-01	-2.162986e+00
1.501736e+03	-1.097749e+00	-1.425891e+00	2.109129e-01	1.753412e+00	7.704675e-01	-2.168355e+00
1.381854e+03	-1.071340e+00	-1.395372e+00	2.155768e-01	1.739924e+00	7.971318e-01	-2.165351e+00
1.276271e+03	-1.047453e+00	-1.371275e+00	2.183966e-01	1.730127e+00	8.231430e-01	-2.160160e+00
1.176068e+03	-1.022801e+00	-1.343800e+00	2.166126e-01	1.721257e+00	8.471026e-01	-2.152233e+00
1.085954e+03	-9.999891e-01	-1.318457e+00	2.121772e-01	1.714778e+00	8.692691e-01	-2.139807e+00
1.002448e+03	-9.772572e-01	-1.293243e+00	2.053111e-01	1.710269e+00	8.903202e-01	-2.128784e+00
9.222802e+02	-9.545698e-01	-1.268170e+00	1.952350e-01	1.707625e+00	9.105882e-01	-2.113255e+00
8.528786e+02	-9.339870e-01	-1.245372e+00	1.844696e-01	1.706831e+00	9.288944e-01	-2.099121e+00
8.546216e+02	-9.674510e-01	-6.228571e-01	-2.260761e-01	1.430588e+00	1.420392e+00	-2.240184e+00
7.979265e+02	-9.295631e-01	-6.607451e-01	-2.639640e-01	1.468476e+00	1.458280e+00	-2.202296e+00
6.633730e+02	-8.998844e-01	-6.987994e-01	-2.969219e-01	1.512158e+00	1.422274e+00	-2.159583e+00
5.454187e+02	-8.685710e-01	-7.346854e-01	-3.313837e-01	1.551711e+00	1.384703e+00	-2.119644e+00
4.845609e+02	-8.500181e-01	-7.581041e-01	-3.561786e-01	1.581715e+00	1.370466e+00	-2.092266e+00
4.277374e+02	-8.346355e-01	-7.837690e-01	-3.803585e-01	1.616194e+00	1.356538e+00	-2.064773e+00
3.840148e+02	-8.198184e-01	-7.956285e-01	-4.020473e-01	1.638348e+00	1.341524e+00	-2.038247e+00
3.587899e+02	-8.064034e-01	-7.882979e-01	-4.213008e-01	1.658958e+00	1.336944e+00	-2.017567e+00
3.201915e+02	-7.988195e-01	-8.007171e-01	-4.406570e-01	1.682658e+00	1.321549e+00	-1.990625e+00
2.974927e+02	-7.965386e-01	-8.044069e-01	-4.571740e-01	1.699847e+00	1.316739e+00	-1.968534e+00
2.654706e+02	-7.934219e-01	-8.139095e-01	-4.741749e-01	1.723982e+00	1.303062e+00	-1.942778e+00
2.333338e+02	-7.898301e-01	-8.167070e-01	-4.908543e-01	1.749049e+00	1.286794e+00	-1.912324e+00
2.127795e+02	-7.928364e-01	-8.224146e-01	-5.052928e-01	1.769381e+00	1.280157e+00	-1.891849e+00
1.897181e+02	-7.934087e-01	-8.234478e-01	-5.204649e-01	1.791498e+00	1.269490e+00	-1.865873e+00
1.741069e+02	-8.000550e-01	-8.252510e-01	-5.329945e-01	1.809811e+00	1.266631e+00	-1.847254e+00
1.551933e+02	-8.095632e-01	-8.256390e-01	-5.465777e-01	1.830175e+00	1.255052e+00	-1.827317e+00
1.424281e+02	-8.149619e-01	-8.233509e-01	-5.581739e-01	1.847240e+00	1.256217e+00	-1.807360e+00
1.324488e+02	-8.167103e-01	-8.177894e-01	-5.703052e-01	1.862442e+00	1.261766e+00	-1.788148e+00
1.193483e+02	-8.240821e-01	-8.147007e-01	-5.815947e-01	1.879536e+00	1.258617e+00	-1.768360e+00
4.277629e+03	-2.365098e+00	-4.848179e-01	-7.352861e-01	3.220168e+00	1.886275e+00	-8.513405e-02
3.983690e+03	-2.327210e+00	-5.227059e-01	-7.731741e-01	3.182280e+00	1.848387e+00	-1.230220e-01
3.569781e+03	-2.277441e+00	-4.988688e-01	-8.193410e-01	3.132053e+00	1.810464e+00	-8.959521e-02
3.235317e+03	-2.235289e+00	-4.675751e-01	-8.581172e-01	3.088322e+00	1.777583e+00	-8.433787e-02
2.912264e+03	-2.189184e+00	-4.497063e-01	-8.998882e-01	3.042572e+00	1.738459e+00	-6.163771e-02
2.643636e+03	-2.147872e+00	-4.314051e-01	-9.372057e-01	3.000943e+00	1.702078e+00	-4.377843e-02
2.394286e+03	-2.105950e+00	-4.124125e-01	-9.698196e-01	2.957462e+00	1.664572e+00	-2.628034e-02
2.203891e+03	-2.067592e+00	-4.073037e-01	-9.950379e-01	2.917327e+00	1.632965e+00	-2.989136e-03
2.011690e+03	-2.030262e+00	-3.926389e-01	-1.015744e+00	2.876084e+00	1.598573e+00	1.860659e-03
1.834833e+03	-1.995762e+00	-3.764615e-01	-1.026353e+00	2.835548e+00	1.565442e+00	-2.317850e-03
1.682106e+03	-1.962993e+00	-3.620498e-01	-1.035155e+00	2.798209e+00	1.534394e+00	-5.305280e-03
1.541123e+03	-1.935668e+00	-3.488349e-01	-1.037861e+00	2.762612e+00	1.505237e+00	-2.175464e-02
1.412138e+03	-1.907338e+00	-3.345910e-01	-1.036442e+00	2.726802e+00	1.476771e+00	-2.810730e-02
1.301926e+03	-1.881498e+00	-3.160815e-01	-1.029091e+00	2.692683e+00	1.454189e+00	-3.400554e-02
1.192340e+03	-1.856905e+00	-3.041515e-01	-1.019883e+00	2.658715e+00	1.428927e+00	-4.449885e-02
1.088959e+03	-1.834268e+00	-2.969535e-01	-1.005900e+00	2.625773e+00	1.404419e+00	-5.734701e-02
9.943022e+02	-1.813133e+00	-2.859967e-01	-9.913303e-01	2.593749e+00	1.381508e+00	-7.038522e-02
9.057778e+02	-1.794004e+00	-2.803148e-01	-9.737320e-01	2.562956e+00	1.359322e+00	-8.457316e-02
8.240497e+02	-1.775892e+00	-2.705752e-01	-9.553624e-01	2.532945e+00	1.338466e+00	-9.925878e-02
2.157690e+03	-1.392157e-01	-1.520112e+00	-1.571845e+00	7.749020e-01	6.094118e-01	-2.221998e+00
2.036770e+03	-1.771036e-01	-1.482224e+00	-1.533958e+00	8.127899e-01	6.472997e-01	-2.184110e+00
1.917091e+03	-2.152859e-01	-1.443067e+00	-1.494469e+00	8.549445e-01	6.798762e-01	-2.151078e+00
1.799308e+03	-2.505938e-01	-1.403763e+00	-1.456466e+00	8.889746e-01	7.124841e-01	-2.121533e+00
1.690025e+03	-2.774780e-01	-1.377946e+00	-1.424167e+00	9.277260e-01	7.452855e-01	-2.085837e+00
1.573511e+03	-3.071102e-01	-1.347992e+00	-1.392380e+00	9.679677e-01	7.788307e-01	-2.055311e+00
1.469825e+03	-3.312992e-01	-1.315766e+00	-1.358029e+00	9.978963e-01	8.082990e-01	-2.021811e+00
1.384273e+03	-3.457755e-01	-1.297494e+00	-1.335740e+00	1.028453e+00	8.375965e-01	-1.996521e+00
1.279435e+03	-3.731798e-01	-1.263338e+00	-1.300828e+00	1.061051e+00	8.643633e-01	-1.966518e+00
1.193426e+03	-4.013059e-01	-1.232633e+00	-1.269106e+00	1.088124e+00	8.830523e-01	-1.954222e+00
1.094116e+03	-4.247362e-01	-1.200549e+00	-1.237165e+00	1.122382e+00	9.103068e-01	-1.925391e+00
9.916503e+02	-4.492743e-01	-1.171085e+00	-1.206947e+00	1.160296e+00	9.398594e-01	-1.895325e+00
9.099865e+02	-4.720321e-01	-1.140266e+00	-1.176474e+00	1.188316e+00	9.603051e-01	-1.870792e+00
8.447194e+02	-4.982496e-01	-1.117602e+00	-1.151219e+00	1.211928e+00	9.716582e-01	-1.851487e+00
7.644827e+02	-5.195501e-01	-1.086087e+00	-1.120374e+00	1.242991e+00	9.938042e-01	-1.826737e+00
6.973437e+02	-5.386926e-01	-1.071436e+00	-1.097324e+00	1.271128e+00	1.015045e+00	-1.800618e+00
6.277341e+02	-5.615540e-01	-1.040893e+00	-1.068081e+00	1.300965e+00	1.032329e+00	-1.777027e+00
5.598014e+02	-5.854074e-01	-1.011729e+00	-1.041753e+00	1.334185e+00	1.049886e+00	-1.756038e+00
5.037400e+02	-6.059482e-01	-9.891808e-01	-1.016220e+00	1.360132e+00	1.064998e+00	-1.728870e+00
1.807448e+03	-7.992157e-01	2.941176e-01	-1.594578e+00	1.810196e+00	7.043137e-01	-2.294742e+00
1.700759e+03	-8.371036e-01	2.562297e-01	-1.556690e+00	1.772308e+00	7.422017e-01	-2.256854e+00
1.589478e+03	-8.364461e-01	2.206926e-01	-1.558231e+00	1.803009e+00	7.802540e-01	-2.218197e+00
1.530133e+03	-8.519781e-01	1.820344e-01	-1.532475e+00	1.820837e+00	7.881246e-01	-2.194510e+00
1.455640e+03	-8.400905e-01	1.638646e-01	-1.528355e+00	1.846039e+00	8.144634e-01	-2.160329e+00
1.380868e+03	-8.546855e-01	1.383830e-01	-1.511178e+00	1.866023e+00	8.415879e-01	-2.137031e+00
1.325536e+03	-8.382034e-01	1.147678e-01	-1.497476e+00	1.886675e+00	8.522716e-01	-2.104818e+00
1.251816e+03	-8.206870e-01	8.851384e-02	-1.482275e+00	1.917581e+00	8.733841e-01	-2.069769e+00
1.207846e+03	-8.243607e-01	6.478255e-02	-1.459679e+00	1.921316e+00	8.815771e-01	-2.050485e+00
1.146875e+03	-8.341093e-01	3.403973e-02	-1.432528e+00	1.930893e+00	8.927974e-01	-2.021768e+00
1.099684e+03	-8.323422e-01	1.309079e-02	-1.411020e+00	1.938385e+00	9.051602e-01	-2.005059e+00
1.055979e+03	-8.118181e-01	-9.770372e-03	-1.389336e+00	1.948616e+00	9.138043e-01	-1.985927e+00
9.922609e+02	-8.278611e-01	-3.528607e-02	-1.363224e+00	1.956315e+00	9.317967e-01	-1.963953e+00
9.076761e+02	-8.588140e-01	-6.214394e-02	-1.333472e+00	1.971274e+00	9.635426e-01	-1.939191e+00
8.618393e+02	-8.489910e-01	-9.083455e-02	-1.311463e+00	1.977503e+00	9.671111e-01	-1.916702e+00
7.899459e+02	-8.601588e-01	-1.281889e-01	-1.279826e+00	1.987900e+00	9.803552e-01	-1.888716e+00
7.464341e+02	-8.527447e-01	-1.505020e-01	-1.258015e+00	1.994207e+00	9.890152e-01	-1.870033e+00
7.049014e+02	-8.633338e-01	-1.743216e-01	-1.235937e+00	1.986157e+00	9.978281e-01	-1.860596e+00
6.428774e+02	-8.626407e-01	-2.035445e-01	-1.207630e+00	2.002128e+00	1.012274e+00	-1.834468e+00
7.753145e+02	-1.178824e+00	-3.714286e-01	-6.489023e-01	2.850420e+00	8.898039e-01	-2.190172e+00
7.035196e+02	-1.140936e+00	-3.335406e-01	-6.110144e-01	2.812532e+00	9.276918e-01	-2.228060e+00
5.883028e+02	-1.101489e+00	-3.656163e-01	-6.046989e-01	2.803718e+00	9.714316e-01	-2.192893e+00
4.960801e+02	-1.070351e+00	-3.851741e-01	-5.966934e-01	2.788862e+00	1.012144e+00	-2.158750e+00
4.323960e+02	-1.041075e+00	-4.172333e-01	-5.842913e-01	2.780417e+00	1.036521e+00	-2.134609e+00
3.742664e+02	-1.017858e+00	-4.464729e-01	-5.729181e-01	2.777799e+00	1.064731e+00	-2.110213e+00
3.311507e+02	-9.927450e-01	-4.763316e-01	-5.643661e-01	2.768242e+00	1.082630e+00	-2.089382e+00
2.996172e+02	-9.731527e-01	-5.084153e-01	-5.573185e-01	2.759737e+00	1.093065e+00	-2.072542e+00
2.676253e+02	-9.530203e-01	-5.323045e-01	-5.527469e-01	2.752581e+00	1.110836e+00	-2.052822e+00
2.465821e+02	-9.354316e-01	-5.579081e-01	-5.536209e-01	2.745593e+00	1.117700e+00	-2.033935e+00
2.233543e+02	-9.222984e-01	-5.787357e-01	-5.512322e-01	2.738472e+00	1.133724e+00	-2.016986e+00
1.464074e+03	-1.653333e+00	6.733894e-02	-1.981032e+00	2.416583e+00	8.078431e-01	-1.840090e+00
1.378189e+03	-1.615445e+00	1.052269e-01	-1.943144e+00	2.378695e+00	8.457311e-01	-1.802202e+00
1.332298e+03	-1.579880e+00	9.492941e-02	-1.908475e+00	2.374057e+00	8.484595e-01	-1.776761e+00
1.282570e+03	-1.571407e+00	8.977477e-02	-1.877601e+00	2.376262e+00	8.722867e-01	-1.746243e+00
1.240759e+03	-1.538760e+00	9.161797e-02	-1.847655e+00	2.360698e+00	8.778758e-01	-1.723133e+00
1.220133e+03	-1.543363e+00	9.452984e-02	-1.809126e+00	2.323177e+00	8.881037e-01	-1.715067e+00
1.177424e+03	-1.513297e+00	9.328770e-02	-1.794507e+00	2.332834e+00	8.995780e-01	-1.685597e+00
1.141593e+03	-1.490260e+00	6.653508e-02	-1.769302e+00	2.344408e+00	8.932716e-01	-1.663770e+00
1.104280e+03	-1.470419e+00	7.765630e-02	-1.749451e+00	2.335832e+00	9.139442e-01	-1.638878e+00
1.067202e+03	-1.459295e+00	7.659820e-02	-1.721115e+00	2.318457e+00	9.325789e-01	-1.614682e+00
1.037961e+03	-1.439145e+00	7.931082e-02	-1.700230e+00	2.317613e+00	9.442749e-01	-1.595522e+00
1.011971e+03	-1.417948e+00	8.134382e-02	-1.680000e+00	2.304381e+00	9.504394e-01	-1.576895e+00
9.785169e+02	-1.401726e+00	7.387954e-02	-1.655136e+00	2.308664e+00	9.627131e-01	-1.556761e+00
9.524004e+02	-1.408831e+00	6.159007e-02	-1.618268e+00	2.291121e+00	9.778491e-01	-1.546038e+00
9.185164e+02	-1.379207e+00	5.597267e-02	-1.603282e+00	2.299789e+00	9.827703e-01	-1.521878e+00
8.897409e+02	-1.353203e+00	5.361877e-02	-1.596220e+00	2.309550e+00	9.938750e-01	-1.495556e+00
8.581802e+02	-1.337935e+00	4.045810e-02	-1.567180e+00	2.303064e+00	9.977318e-01	-1.480043e+00
8.305877e+02	-1.323612e+00	3.074559e-02	-1.535484e+00	2.287845e+00	1.000252e+00	-1.468971e+00
7.982352e+02	-1.309482e+00	1.732576e-02	-1.512994e+00	2.288061e+00	1.009606e+00	-1.449660e+00
1.612677e+03	-1.597255e+00	3.249300e-03	-1.621857e+00	1.080560e+00	1.209020e+00	-1.249043e+00
1.418876e+03	-1.559367e+00	-3.463863e-02	-1.583969e+00	1.118448e+00	1.171132e+00	-1.211155e+00
1.235635e+03	-1.518273e+00	-7.144327e-02	-1.600615e+00	1.161918e+00	1.149260e+00	-1.162848e+00
1.094787e+03	-1.479156e+00	-1.035808e-01	-1.608783e+00	1.199863e+00	1.144355e+00	-1.120065e+00
9.549942e+02	-1.443801e+00	-1.407319e-01	-1.616005e+00	1.242570e+00	1.130601e+00	-1.078194e+00
8.417507e+02	-1.414751e+00	-1.765931e-01	-1.618779e+00	1.282901e+00	1.133880e+00	-1.039835e+00
7.352772e+02	-1.381528e+00	-2.123601e-01	-1.613081e+00	1.322114e+00	1.130582e+00	-9.997311e-01
6.404478e+02	-1.352298e+00	-2.487291e-01	-1.594413e+00	1.359321e+00	1.122403e+00	-9.636706e-01
5.634211e+02	-1.321853e+00	-2.794093e-01	-1.580012e+00	1.395639e+00	1.129760e+00	-9.265003e-01
4.998119e+02	-1.292383e+00	-3.065977e-01	-1.568756e+00	1.430799e+00	1.146943e+00	-8.903750e-01
4.404054e+02	-1.266417e+00	-3.363158e-01	-1.548053e+00	1.463644e+00	1.159191e+00	-8.579389e-01
3.902960e+02	-1.242000e+00	-3.638750e-01	-1.525914e+00	1.494189e+00	1.172370e+00	-8.280686e-01
3.446740e+02	-1.220672e+00	-3.923691e-01	-1.500393e+00	1.523744e+00	1.187781e+00	-8.009002e-01
3.030187e+02	-1.203227e+00	-4.219768e-01	-1.471280e+00	1.551870e+00	1.202992e+00	-7.776034e-01
2.698749e+02	-1.185939e+00	-4.485208e-01	-1.445196e+00	1.577757e+00	1.217116e+00	-7.563005e-01
2.392001e+02	-1.174000e+00	-4.768672e-01	-1.416344e+00	1.601027e+00	1.230108e+00	-7.378161e-01
2.156527e+02	-1.160810e+00	-5.007669e-01	-1.389993e+00	1.623222e+00	1.242740e+00	-7.234557e-01
1.947675e+02	-1.148802e+00	-5.241996e-01	-1.361767e+00	1.642974e+00	1.255827e+00	-7.127750e-01
1.773766e+02	-1.139499e+00	-5.461126e-01	-1.335591e+00	1.661403e+00	1.263752e+00	-7.054360e-01
1.115547e+03	-2.158039e+00	-4.601681e-01	-5.261463e-01	2.968739e+00	1.014902e+00	-2.760878e-01
8.925690e+02	-2.120151e+00	-4.222801e-01	-5.640342e-01	2.930852e+00	9.770140e-01	-3.139757e-01
6.516112e+02	-2.076122e+00	-3.725928e-01	-5.579385e-01	2.880615e+00	9.348520e-01	-3.096282e-01
4.860729e+02	-2.053770e+00	-3.295114e-01	-5.361478e-01	2.836902e+00	9.088189e-01	-3.240563e-01
3.493640e+02	-2.022983e+00	-2.859245e-01	-5.177120e-01	2.794678e+00	8.737076e-01	-3.277824e-01
2.549934e+02	-2.002883e+00	-2.464697e-01	-4.966285e-01	2.755776e+00	8.474136e-01	-3.347995e-01
1.878405e+02	-1.985384e+00	-2.089565e-01	-4.717403e-01	2.717706e+00	8.197546e-01	-3.453555e-01
1.477603e+02	-1.974369e+00	-1.770104e-01	-4.481768e-01	2.684385e+00	7.976868e-01	-3.604387e-01
1.213719e+02	-1.970074e+00	-1.467303e-01	-4.220173e-01	2.651474e+00	7.812651e-01	-3.756702e-01
1.056341e+02	-1.971851e+00	-1.211990e-01	-3.962229e-01	2.621973e+00	7.727974e-01	-3.915764e-01
9.905378e+01	-1.975868e+00	-9.814802e-02	-3.720395e-01	2.594890e+00	7.680644e-01	-4.061649e-01
9.772434e+01	-1.983324e+00	-7.795894e-02	-3.495697e-01	2.570174e+00	7.687993e-01	-4.198493e-01
9.929303e+01	-1.989494e+00	-6.246590e-02	-3.325085e-01	2.551173e+00	7.740963e-01	-4.283747e-01
9.945766e+01	-1.994589e+00	-5.070564e-02	-3.211241e-01	2.537113e+00	7.842595e-01	-4.285601e-01
1.006625e+02	-1.998499e+00	-4.154441e-02	-3.123737e-01	2.526222e+00	7.947084e-01	-4.293019e-01
9.795664e+01	-1.999622e+00	-3.621008e-02	-3.097498e-01	2.520778e+00	8.085528e-01	-4.233977e-01
9.604854e+01	-1.999475e+00	-3.197523e-02	-3.081703e-01	2.516988e+00	8.209769e-01	-4.175276e-01
9.340676e+01	-1.998006e+00	-2.906845e-02	-3.071553e-01	2.515110e+00	8.333320e-01	-4.080229e-01
8.917220e+01	-1.993651e+00	-2.861466e-02	-3.106453e-01	2.516999e+00	8.458283e-01	-3.978529e-01
1.405166e+03	-3.462745e-01	-1.544762e+00	-1.780985e+00	1.026331e+00	1.480784e+00	-2.031044e+00
1.289873e+03	-3.841624e-01	-1.506874e+00	-1.743097e+00	1.064218e+00	1.442896e+00	-1.993156e+00
1.200590e+03	-4.227355e-01	-1.471461e+00	-1.706416e+00	1.098972e+00	1.427262e+00	-1.971919e+00
1.126137e+03	-4.511180e-01	-1.443782e+00	-1.676879e+00	1.131288e+00	1.411289e+00	-1.958185e+00
1.030426e+03	-4.867816e-01	-1.407567e+00	-1.640973e+00	1.165030e+00	1.387422e+00	-1.929161e+00
9.602795e+02	-5.137335e-01	-1.376388e+00	-1.611579e+00	1.193498e+00	1.380106e+00	-1.905658e+00
8.729301e+02	-5.454688e-01	-1.342916e+00	-1.577828e+00	1.225061e+00	1.356112e+00	-1.878724e+00
8.069754e+02	-5.729790e-01	-1.312123e+00	-1.545744e+00	1.250791e+00	1.348914e+00	-1.860545e+00
7.306685e+02	-6.007627e-01	-1.281136e+00	-1.516754e+00	1.280463e+00	1.327503e+00	-1.833935e+00
6.667109e+02	-6.241149e-01	-1.255894e+00	-1.496893e+00	1.305154e+00	1.302532e+00	-1.806431e+00
6.030727e+02	-6.506031e-01	-1.224755e+00	-1.466598e+00	1.333008e+00	1.293411e+00	-1.784165e+00
5.486844e+02	-6.746024e-01	-1.194889e+00	-1.434571e+00	1.357599e+00	1.290961e+00	-1.769469e+00
4.949522e+02	-6.985533e-01	-1.168463e+00	-1.412022e+00	1.383530e+00	1.280286e+00	-1.746157e+00
4.492551e+02	-7.210530e-01	-1.140817e+00	-1.384171e+00	1.404719e+00	1.283432e+00	-1.729194e+00
4.036483e+02	-7.425738e-01	-1.117627e+00	-1.365942e+00	1.429953e+00	1.271239e+00	-1.706800e+00
3.578013e+02	-7.679665e-01	-1.087996e+00	-1.340262e+00	1.452337e+00	1.262606e+00	-1.689823e+00
3.236401e+02	-7.850524e-01	-1.069517e+00	-1.324523e+00	1.475704e+00	1.256419e+00	-1.669341e+00
2.982081e+02	-7.975744e-01	-1.056067e+00	-1.314303e+00	1.495088e+00	1.244168e+00	-1.650531e+00
2.660027e+02	-8.164526e-01	-1.035003e+00	-1.295518e+00	1.517790e+00	1.245432e+00	-1.632917e+00
2.207370e+03	-2.511765e+00	-1.890196e-01	-8.353095e-01	2.845490e+00	1.515294e+00	-3.296728e-03
1.970762e+03	-2.473877e+00	-2.269075e-01	-8.731975e-01	2.807602e+00	1.477406e+00	3.459120e-02
1.681548e+03	-2.423656e+00	-2.224765e-01	-9.105075e-01	2.757930e+00	1.427728e+00	8.482594e-02
1.482692e+03	-2.379971e+00	-2.044921e-01	-9.462983e-01	2.718892e+00	1.384699e+00	1.272872e-01
1.294782e+03	-2.342889e+00	-2.050039e-01	-9.352442e-01	2.674818e+00	1.339842e+00	1.358768e-01
1.137562e+03	-2.312916e+00	-2.168702e-01	-9.109667e-01	2.635147e+00	1.300923e+00	1.311998e-01
9.839713e+02	-2.280978e+00	-2.212025e-01	-8.871967e-01	2.593177e+00	1.260142e+00	1.260448e-01
8.488753e+02	-2.255221e+00	-2.173475e-01	-8.640935e-01	2.552569e+00	1.222754e+00	1.116662e-01
7.260510e+02	-2.228028e+00	-2.237814e-01	-8.344202e-01	2.515296e+00	1.185814e+00	9.864163e-02
6.197288e+02	-2.208029e+00	-2.329518e-01	-8.021211e-01	2.479079e+00	1.152722e+00	7.794916e-02
5.250505e+02	-2.185114e+00	-2.394259e-01	-7.717862e-01	2.445423e+00	1.119272e+00	6.292760e-02
4.435976e+02	-2.163776e+00	-2.484202e-01	-7.432431e-01	2.414089e+00	1.086991e+00	4.528649e-02
3.723512e+02	-2.143718e+00	-2.522900e-01	-7.129327e-01	2.383583e+00	1.056989e+00	2.921177e-02
3.108426e+02	-2.123516e+00	-2.499499e-01	-6.855054e-01	2.355374e+00	1.028330e+00	1.533918e-02
2.597147e+02	-2.106400e+00	-2.516259e-01	-6.564752e-01	2.328250e+00	1.001655e+00	-9.972441e-04
2.166173e+02	-2.087799e+00	-2.493102e-01	-6.317663e-01	2.303776e+00	9.752962e-01	-1.386439e-02
1.824685e+02	-2.073646e+00	-2.491560e-01	-6.048274e-01	2.279914e+00	9.520139e-01	-2.956874e-02
1.553864e+02	-2.061599e+00	-2.491821e-01	-5.784158e-01	2.257112e+00	9.301596e-01	-4.708269e-02
1.347001e+02	-2.049265e+00	-2.474098e-01	-5.540936e-01	2.237005e+00	9.098417e-01	-6.107480e-02
1.729951e+03	7.450980e-03	-1.815910e+00	-1.471822e+00	1.149580e+00	9.803922e-01	-2.303835e+00
1.626961e+03	-3.043695e-02	-1.853798e+00	-1.509710e+00	1.187468e+00	1.018280e+00	-2.265947e+00
1.546290e+03	-7.350182e-02	-1.821147e+00	-1.476470e+00	1.229640e+00	1.026651e+00	-2.236834e+00
1.458454e+03	-1.122399e-01	-1.783147e+00	-1.438358e+00	1.258328e+00	1.053597e+00	-2.206269e+00
1.387624e+03	-1.420138e-01	-1.748641e+00	-1.403847e+00	1.293820e+00	1.062829e+00	-2.172144e+00
1.329592e+03	-1.684992e-01	-1.710843e+00	-1.365329e+00	1.325232e+00	1.062949e+00	-2.149284e+00
1.247248e+03	-1.984345e-01	-1.670342e+00	-1.324976e+00	1.355247e+00	1.084330e+00	-2.115965e+00
1.153701e+03	-2.280422e-01	-1.627559e+00	-1.281922e+00	1.390099e+00	1.116870e+00	-2.079691e+00
1.088943e+03	-2.556047e-01	-1.590490e+00	-1.244784e+00	1.412028e+00	1.124703e+00	-2.054228e+00
1.016067e+03	-2.889245e-01	-1.548815e+00	-1.207040e+00	1.437596e+00	1.127491e+00	-2.024953e+00
9.483770e+02	-3.123671e-01	-1.510574e+00	-1.166211e+00	1.460540e+00	1.141554e+00	-1.999688e+00
8.619875e+02	-3.451213e-01	-1.463963e+00	-1.118749e+00	1.482174e+00	1.170799e+00	-1.972318e+00
8.108099e+02	-3.636697e-01	-1.437918e+00	-1.093931e+00	1.507408e+00	1.171464e+00	-1.945207e+00
7.437587e+02	-3.927016e-01	-1.401662e+00	-1.060611e+00	1.536569e+00	1.173632e+00	-1.921609e+00
6.920955e+02	-4.104371e-01	-1.372921e+00	-1.033120e+00	1.558460e+00	1.179808e+00	-1.894083e+00
6.357731e+02	-4.328470e-01	-1.338328e+00	-1.002793e+00	1.582441e+00	1.178594e+00	-1.866311e+00
5.824329e+02	-4.527558e-01	-1.308067e+00	-9.739504e-01	1.603934e+00	1.189428e+00	-1.841507e+00
5.227487e+02	-4.771057e-01	-1.268996e+00	-9.369035e-01	1.627534e+00	1.197393e+00	-1.820266e+00
4.768720e+02	-4.965401e-01	-1.243371e+00	-9.141335e-01	1.648238e+00	1.206474e+00	-1.795181e+00
1.373782e+03	-6.568627e-01	3.286275e-01	-5.352393e-01	2.357423e+00	7.647059e-01	-1.658229e+00
1.177081e+03	-6.947507e-01	2.907395e-01	-4.973514e-01	2.395311e+00	8.025938e-01	-1.620341e+00
9.889021e+02	-7.389888e-01	2.533698e-01	-4.537307e-01	2.387893e+00	8.382117e-01	-1.582352e+00
8.243122e+02	-7.785763e-01	2.172123e-01	-4.147819e-01	2.387795e+00	8.734749e-01	-1.544601e+00
6.961515e+02	-8.125611e-01	1.846458e-01	-3.766317e-01	2.396971e+00	9.024146e-01	-1.512757e+00
5.866464e+02	-8.497561e-01	1.491372e-01	-3.361733e-01	2.416681e+00	9.255487e-01	-1.489764e+00
4.982063e+02	-8.724785e-01	1.240900e-01	-3.185045e-01	2.432234e+00	9.527012e-01	-1.458147e+00
4.293235e+02	-8.982657e-01	1.032416e-01	-3.008126e-01	2.434907e+00	9.762915e-01	-1.437635e+00
3.615144e+02	-9.198430e-01	7.726365e-02	-2.768980e-01	2.455766e+00	9.989197e-01	-1.408733e+00
3.101759e+02	-9.339573e-01	5.751031e-02	-2.641616e-01	2.479779e+00	1.022482e+00	-1.382449e+00
2.621608e+02	-9.563445e-01	3.294084e-02	-2.380611e-01	2.495318e+00	1.039349e+00	-1.358385e+00
2.217321e+02	-9.785287e-01	1.068596e-02	-2.147014e-01	2.509991e+00	1.057481e+00	-1.335826e+00
1.907176e+02	-9.964384e-01	-1.022513e-02	-1.902412e-01	2.521605e+00	1.069544e+00	-1.315277e+00
1.638428e+02	-1.020300e+00	-3.208762e-02	-1.644375e-01	2.532322e+00	1.081686e+00	-1.300008e+00
1.440741e+02	-1.031535e+00	-4.913896e-02	-1.431037e-01	2.540262e+00	1.090542e+00	-1.280421e+00
1.287105e+02	-1.043464e+00	-6.426545e-02	-1.226410e-01	2.541891e+00	1.098240e+00	-1.263906e+00
1.149730e+02	-1.052842e+00	-7.940349e-02	-1.031973e-01	2.547759e+00	1.104644e+00	-1.246456e+00
1.029590e+02	-1.066546e+00	-9.594567e-02	-7.780609e-02	2.542674e+00	1.108501e+00	-1.231872e+00
9.411618e+01	-1.070656e+00	-1.075301e-01	-6.406320e-02	2.548239e+00	1.113464e+00	-1.215606e+00
5.992586e+02	-1.027843e+00	-5.489076e-01	-1.058089e+00	1.504538e+00	9.501961e-01	-2.117428e+00
5.015427e+02	-9.899552e-01	-5.867955e-01	-1.020201e+00	1.542426e+00	9.880840e-01	-2.079540e+00
4.657920e+02	-9.785467e-01	-6.126175e-01	-1.031338e+00	1.558895e+00	9.940774e-01	-2.051158e+00
4.263621e+02	-9.664676e-01	-6.453985e-01	-9.875900e-01	1.568812e+00	1.002040e+00	-2.023613e+00
3.739402e+02	-9.624225e-01	-6.584690e-01	-1.004833e+00	1.602372e+00	1.029064e+00	-1.998432e+00
3.221444e+02	-9.919904e-01	-6.835629e-01	-9.675069e-01	1.627107e+00	1.053508e+00	-1.972444e+00
2.899927e+02	-9.644318e-01	-6.974248e-01	-9.913899e-01	1.650361e+00	1.068124e+00	-1.946419e+00
2.845759e+02	-9.616305e-01	-7.178378e-01	-1.001341e+00	1.661271e+00	1.058886e+00	-1.931180e+00
2.329834e+02	-9.653161e-01	-7.279433e-01	-9.943625e-01	1.692388e+00	1.093367e+00	-1.897950e+00
1.954006e+02	-9.702714e-01	-7.426711e-01	-9.910206e-01	1.714641e+00	1.118671e+00	-1.864347e+00
1.804791e+02	-9.692816e-01	-7.515175e-01	-9.920968e-01	1.735551e+00	1.122913e+00	-1.849097e+00
1.670713e+02	-9.783462e-01	-7.667189e-01	-9.817287e-01	1.752528e+00	1.127566e+00	-1.837579e+00
1.416870e+02	-9.764554e-01	-7.703575e-01	-9.889878e-01	1.775207e+00	1.146216e+00	-1.806697e+00
1.225072e+02	-9.732921e-01	-7.720510e-01	-9.817696e-01	1.793123e+00	1.165079e+00	-1.785047e+00
1.088013e+02	-9.714428e-01	-7.823159e-01	-9.965592e-01	1.813975e+00	1.168415e+00	-1.760660e+00
9.599157e+01	-9.831690e-01	-7.863062e-01	-9.908806e-01	1.832776e+00	1.177750e+00	-1.742568e+00
8.370637e+01	-9.692758e-01	-7.916696e-01	-9.996138e-01	1.850449e+00	1.186179e+00	-1.719242e+00
6.769248e+01	-9.698440e-01	-7.998401e-01	-9.978073e-01	1.873268e+00	1.202703e+00	-1.689651e+00
6.304570e+01	-9.806971e-01	-7.962135e-01	-9.944977e-01	1.883941e+00	1.203400e+00	-1.678315e+00
1.473833e+03	-1.446275e+00	-1.791597e-01	-2.290195e+00	2.963810e+00	1.558431e+00	-1.535473e+00
1.282685e+03	-1.408387e+00	-2.170476e-01	-2.252307e+00	2.925922e+00	1.520543e+00	-1.573361e+00
1.079588e+03	-1.380592e+00	-2.658330e-01	-2.213617e+00	2.894720e+00	1.472127e+00	-1.599255e+00
9.226557e+02	-1.365526e+00	-3.075480e-01	-2.175569e+00	2.863382e+00	1.429689e+00	-1.630411e+00
7.884703e+02	-1.338046e+00	-3.524762e-01	-2.132832e+00	2.828828e+00	1.399833e+00	-1.655103e+00
6.862393e+02	-1.316026e+00	-3.894760e-01	-2.115704e+00	2.792645e+00	1.373830e+00	-1.686679e+00
5.943927e+02	-1.290831e+00	-4.294141e-01	-2.085819e+00	2.763918e+00	1.351447e+00	-1.707470e+00
5.185690e+02	-1.265548e+00	-4.687615e-01	-2.052158e+00	2.738888e+00	1.337869e+00	-1.725335e+00
4.564610e+02	-1.244828e+00	-5.014378e-01	-2.024748e+00	2.710833e+00	1.322928e+00	-1.745846e+00
4.057371e+02	-1.225804e+00	-5.302276e-01	-1.996943e+00	2.683120e+00	1.311674e+00	-1.759957e+00
3.597629e+02	-1.210192e+00	-5.599504e-01	-1.967489e+00	2.656453e+00	1.303651e+00	-1.778942e+00
3.190565e+02	-1.192706e+00	-5.885407e-01	-1.938154e+00	2.630022e+00	1.297118e+00	-1.792627e+00
2.847519e+02	-1.181609e+00	-6.152877e-01	-1.908185e+00	2.605135e+00	1.294326e+00	-1.808366e+00
2.548230e+02	-1.172601e+00	-6.411639e-01	-1.876998e+00	2.581759e+00	1.293893e+00	-1.825595e+00
2.292202e+02	-1.164718e+00	-6.648159e-01	-1.847664e+00	2.558585e+00	1.293648e+00	-1.836656e+00
2.068257e+02	-1.157377e+00	-6.869863e-01	-1.817744e+00	2.533505e+00	1.294789e+00	-1.847727e+00
1.883439e+02	-1.152177e+00	-7.075133e-01	-1.789275e+00	2.513260e+00	1.296253e+00	-1.854795e+00
1.725324e+02	-1.148556e+00	-7.277076e-01	-1.761142e+00	2.495291e+00	1.299518e+00	-1.858052e+00
1.590435e+02	-1.145079e+00	-7.451513e-01	-1.733104e+00	2.476768e+00	1.301377e+00	-1.861449e+00
1.601686e+03	-4.713725e-01	-2.461737e+00	-4.261229e-01	1.238319e+00	1.916471e+00	-9.626120e-01
1.557519e+03	-4.334846e-01	-2.423849e+00	-3.882350e-01	1.200431e+00	1.878583e+00	-1.000500e+00
1.451202e+03	-4.582120e-01	-2.377048e+00	-3.378343e-01	1.196652e+00	1.828268e+00	-9.800162e-01
1.352942e+03	-4.881727e-01	-2.335596e+00	-2.950751e-01	1.207122e+00	1.784504e+00	-9.554641e-01
1.257221e+03	-5.036239e-01	-2.288881e+00	-2.477999e-01	1.207375e+00	1.736782e+00	-9.333358e-01
1.181486e+03	-5.047356e-01	-2.245410e+00	-2.041546e-01	1.201797e+00	1.694940e+00	-9.201403e-01
1.098420e+03	-5.162477e-01	-2.200931e+00	-1.608958e-01	1.207999e+00	1.650292e+00	-8.999461e-01
1.021795e+03	-5.235283e-01	-2.158467e+00	-1.197312e-01	1.219461e+00	1.607604e+00	-8.766985e-01
9.544353e+02	-5.305729e-01	-2.115035e+00	-7.706745e-02	1.229726e+00	1.569131e+00	-8.609412e-01
8.935473e+02	-5.433580e-01	-2.072928e+00	-3.572610e-02	1.241706e+00	1.534454e+00	-8.452429e-01
8.377000e+02	-5.439488e-01	-2.030917e+00	5.579480e-03	1.256036e+00	1.499068e+00	-8.352800e-01
7.901354e+02	-5.450490e-01	-1.989671e+00	4.618394e-02	1.267331e+00	1.468224e+00	-8.308454e-01
7.456014e+02	-5.411791e-01	-1.950225e+00	8.538131e-02	1.284003e+00	1.436803e+00	-8.275143e-01
7.058325e+02	-5.401464e-01	-1.911416e+00	1.238199e-01	1.299584e+00	1.407764e+00	-8.277216e-01
6.696801e+02	-5.354205e-01	-1.872456e+00	1.615090e-01	1.317671e+00	1.380785e+00	-8.314611e-01
6.402864e+02	-5.260862e-01	-1.834130e+00	1.981033e-01	1.331762e+00	1.357728e+00	-8.405550e-01
6.097282e+02	-5.244106e-01	-1.795823e+00	2.342368e-01	1.350006e+00	1.335808e+00	-8.506025e-01
5.876116e+02	-5.091324e-01	-1.760206e+00	2.670308e-01	1.370264e+00	1.313883e+00	-8.616450e-01
5.604928e+02	-5.117438e-01	-1.723413e+00	3.009147e-01	1.388015e+00	1.298042e+00	-8.771486e-01
3.833939e+03	-1.411765e+00	-2.333894e-01	-3.761112e-01	2.944090e+00	2.039216e-01	-3.806577e-01
3.187527e+03	-1.449653e+00	-2.712773e-01	-3.382233e-01	2.906202e+00	2.418095e-01	-4.185457e-01
2.752524e+03	-1.478926e+00	-3.102405e-01	-2.992034e-01	2.878077e+00	2.694205e-01	-4.565858e-01
2.395643e+03	-1.507614e+00	-3.426086e-01	-2.673460e-01	2.851332e+00	2.988825e-01	-4.896768e-01
2.118940e+03	-1.533047e+00	-3.195648e-01	-2.493346e-01	2.825065e+00	3.240610e-01	-5.089366e-01
1.936975e+03	-1.551000e+00	-3.160716e-01	-2.378724e-01	2.808143e+00	3.426556e-01	-5.270864e-01
1.684099e+03	-1.577414e+00	-2.874781e-01	-2.232788e-01	2.781395e+00	3.709515e-01	-5.438989e-01
1.521698e+03	-1.596973e+00	-2.662056e-01	-2.076535e-01	2.761349e+00	3.895146e-01	-5.576020e-01
1.338055e+03	-1.618522e+00	-2.537080e-01	-2.058745e-01	2.741236e+00	4.160122e-01	-5.711461e-01
1.147312e+03	-1.642134e+00	-2.405047e-01	-2.118282e-01	2.719729e+00	4.472272e-01	-5.831445e-01
1.059313e+03	-1.655882e+00	-2.241694e-01	-2.039216e-01	2.705795e+00	4.606633e-01	-5.911841e-01
9.680999e+02	-1.673342e+00	-1.834473e-01	-1.871787e-01	2.685038e+00	4.745326e-01	-5.936152e-01
8.672874e+02	-1.686518e+00	-1.974798e-01	-1.991451e-01	2.676053e+00	4.960479e-01	-6.026834e-01
7.775744e+02	-1.700835e+00	-1.966371e-01	-2.057823e-01	2.664180e+00	5.159318e-01	-6.095720e-01
7.018707e+02	-1.713466e+00	-1.868402e-01	-2.126444e-01	2.652765e+00	5.335826e-01	-6.114048e-01
6.314748e+02	-1.728149e+00	-1.564257e-01	-2.081087e-01	2.636318e+00	5.500117e-01	-6.092159e-01
5.713106e+02	-1.737930e+00	-1.646017e-01	-2.216727e-01	2.630104e+00	5.670136e-01	-6.113793e-01
5.190739e+02	-1.748465e+00	-1.622372e-01	-2.256012e-01	2.621382e+00	5.822483e-01	-6.083397e-01
4.672929e+02	-1.758482e+00	-1.547289e-01	-2.374615e-01	2.613229e+00	5.984670e-01	-6.092048e-01
1.640561e+03	-7.215686e-01	2.053782e-01	-2.303835e+00	2.889860e+00	1.523922e+00	-1.976486e+00
1.478368e+03	-6.836807e-01	1.674902e-01	-2.341723e+00	2.851972e+00	1.486034e+00	-1.938598e+00
1.330974e+03	-6.366720e-01	1.194242e-01	-2.367062e+00	2.809269e+00	1.450218e+00	-1.912623e+00
1.219904e+03	-5.967675e-01	7.922655e-02	-2.396579e+00	2.770720e+00	1.416885e+00	-1.891283e+00
1.124204e+03	-5.643360e-01	3.717922e-02	-2.411730e+00	2.732396e+00	1.382625e+00	-1.865548e+00
1.055371e+03	-5.319433e-01	3.782848e-07	-2.427417e+00	2.702142e+00	1.351563e+00	-1.841058e+00
1.000086e+03	-5.189044e-01	-3.556881e-02	-2.433627e+00	2.667717e+00	1.322059e+00	-1.817537e+00
9.585496e+02	-5.154293e-01	-6.937120e-02	-2.428240e+00	2.633885e+00	1.301521e+00	-1.798178e+00
9.260849e+02	-5.144513e-01	-9.814530e-02	-2.426508e+00	2.602946e+00	1.279653e+00	-1.780309e+00
8.999215e+02	-5.188183e-01	-1.237898e-01	-2.417579e+00	2.574691e+00	1.263601e+00	-1.767092e+00
8.756613e+02	-5.286623e-01	-1.483459e-01	-2.409126e+00	2.545951e+00	1.248262e+00	-1.752986e+00
8.531648e+02	-5.429724e-01	-1.710523e-01	-2.400227e+00	2.517711e+00	1.234801e+00	-1.739260e+00
8.290424e+02	-5.598451e-01	-1.933085e-01	-2.383995e+00	2.490161e+00	1.226719e+00	-1.730509e+00
8.078330e+02	-5.752325e-01	-2.113002e-01	-2.370583e+00	2.461270e+00	1.220374e+00	-1.723312e+00
7.810363e+02	-5.965420e-01	-2.320464e-01	-2.349199e+00	2.436386e+00	1.218157e+00	-1.717260e+00
7.545984e+02	-6.193103e-01	-2.499403e-01	-2.330817e+00	2.409572e+00	1.218348e+00	-1.713517e+00
7.249637e+02	-6.429399e-01	-2.703256e-01	-2.305948e+00	2.387881e+00	1.220091e+00	-1.707813e+00
6.912166e+02	-6.685760e-01	-2.930885e-01	-2.276149e+00	2.367288e+00	1.223469e+00	-1.702670e+00
6.614020e+02	-6.918206e-01	-3.120467e-01	-2.251426e+00	2.347623e+00	1.227448e+00	-1.696651e+00
1.055841e+03	-7.690196e-01	-1.939496e-01	-1.344520e+00	1.938375e+00	7.690196e-01	-1.258136e+00
8.928777e+02	-8.069075e-01	-2.318375e-01	-1.306632e+00	1.900487e+00	8.069075e-01	-1.220248e+00
7.598636e+02	-8.446938e-01	-2.544953e-01	-1.271902e+00	1.872852e+00	8.425587e-01	-1.237961e+00
6.639225e+02	-8.740038e-01	-2.855326e-01	-1.242966e+00	1.853322e+00	8.686416e-01	-1.247002e+00
5.635671e+02	-9.033507e-01	-3.193975e-01	-1.210527e+00	1.838934e+00	8.997125e-01	-1.241906e+00
4.832666e+02	-9.293329e-01	-3.531533e-01	-1.181262e+00	1.834260e+00	9.248984e-01	-1.238901e+00
4.114162e+02	-9.510461e-01	-3.855684e-01	-1.154412e+00	1.829751e+00	9.496947e-01	-1.226936e+00
3.558185e+02	-9.724226e-01	-4.150850e-01	-1.126903e+00	1.803831e+00	9.695230e-01	-1.240549e+00
2.973726e+02	-9.897485e-01	-4.487462e-01	-1.103916e+00	1.820894e+00	9.914438e-01	-1.218950e+00
2.424884e+02	-1.001892e+00	-4.836723e-01	-1.083428e+00	1.850904e+00	1.015311e+00	-1.184087e+00
2.062128e+02	-1.018782e+00	-5.049965e-01	-1.060610e+00	1.848711e+00	1.031959e+00	-1.189168e+00
1.677757e+02	-1.033700e+00	-5.323003e-01	-1.039443e+00	1.868413e+00	1.051909e+00	-1.179823e+00
1.433675e+02	-1.045412e+00	-5.498194e-01	-1.020044e+00	1.863563e+00	1.066112e+00	-1.184893e+00
1.203928e+02	-1.057594e+00	-5.686859e-01	-9.997752e-01	1.858090e+00	1.081109e+00	-1.188901e+00
1.021825e+02	-1.063269e+00	-5.856589e-01	-9.848382e-01	1.867278e+00	1.094486e+00	-1.187299e+00
8.795803e+01	-1.061256e+00	-5.978417e-01	-9.744755e-01	1.876458e+00	1.107380e+00	-1.178495e+00
7.362009e+01	-1.069434e+00	-6.143748e-01	-9.586411e-01	1.884083e+00	1.119913e+00	-1.182473e+00
6.190824e+01	-1.074676e+00	-6.280458e-01	-9.433586e-01	1.891945e+00	1.132092e+00	-1.189292e+00
5.288866e+01	-1.076449e+00	-6.397660e-01	-9.325774e-01	1.899339e+00	1.142958e+00	-1.188760e+00
4.752585e+02	-1.351373e+00	-4.404482e-01	-1.235403e+00	1.164370e+00	1.472157e+00	-4.876191e-02
3.957928e+02	-1.313485e+00	-4.783361e-01	-1.197515e+00	1.202258e+00	1.434269e+00	-1.087398e-02
3.267442e+02	-1.287330e+00	-5.227588e-01	-1.152070e+00	1.243087e+00	1.392669e+00	-2.617465e-02
2.857317e+02	-1.255491e+00	-5.600949e-01	-1.123051e+00	1.282459e+00	1.353660e+00	-1.727419e-02
2.584436e+02	-1.249088e+00	-5.891039e-01	-1.085616e+00	1.301140e+00	1.327218e+00	-4.505631e-02
2.385570e+02	-1.242606e+00	-6.126288e-01	-1.053884e+00	1.324503e+00	1.305211e+00	-7.160708e-02
2.230931e+02	-1.239931e+00	-6.288469e-01	-1.021719e+00	1.339466e+00	1.282660e+00	-1.032249e-01
2.120231e+02	-1.229009e+00	-6.435066e-01	-9.929287e-01	1.357277e+00	1.262599e+00	-1.289447e-01
2.001145e+02	-1.229414e+00	-6.444514e-01	-9.654745e-01	1.371163e+00	1.246741e+00	-1.610355e-01
1.896289e+02	-1.227089e+00	-6.461797e-01	-9.384315e-01	1.385465e+00	1.228098e+00	-1.924242e-01
1.789149e+02	-1.224499e+00	-6.388439e-01	-9.161572e-01	1.400287e+00	1.219689e+00	-2.213146e-01
1.681721e+02	-1.228154e+00	-6.341822e-01	-8.927498e-01	1.421378e+00	1.218253e+00	-2.493868e-01
1.588841e+02	-1.217877e+00	-6.228601e-01	-8.756184e-01	1.434470e+00	1.209510e+00	-2.751941e-01
1.503843e+02	-1.200399e+00	-6.155757e-01	-8.610738e-01	1.455397e+00	1.203035e+00	-2.959361e-01
1.425882e+02	-1.194654e+00	-6.050794e-01	-8.446346e-01	1.466966e+00	1.196552e+00	-3.215661e-01
1.355552e+02	-1.187573e+00	-5.899575e-01	-8.253354e-01	1.472654e+00	1.190823e+00	-3.503812e-01
1.290315e+02	-1.183248e+00	-5.861932e-01	-8.113309e-01	1.488459e+00	1.187020e+00	-3.716902e-01
1.233708e+02	-1.175264e+00	-5.789970e-01	-8.009498e-01	1.502121e+00	1.180675e+00	-3.942606e-01
1.171741e+02	-1.171980e+00	-5.789097e-01	-7.863549e-01	1.518854e+00	1.179834e+00	-4.137038e-01
1.367150e+03	-1.152941e+00	-1.564482e+00	-1.071728e+00	2.830700e+00	1.023529e+00	-2.258370e+00
1.339312e+03	-1.115053e+00	-1.526594e+00	-1.033841e+00	2.792812e+00	9.856415e-01	-2.296258e+00
1.136855e+03	-1.072352e+00	-1.495571e+00	-9.906951e-01	2.749192e+00	1.020621e+00	-2.339937e+00
9.872645e+02	-1.034816e+00	-1.465009e+00	-9.831796e-01	2.709937e+00	1.047809e+00	-2.371538e+00
8.736408e+02	-1.006122e+00	-1.434745e+00	-9.527586e-01	2.684596e+00	1.070949e+00	-2.403012e+00
7.771737e+02	-9.801970e-01	-1.407329e+00	-9.206280e-01	2.660483e+00	1.096968e+00	-2.438408e+00
7.058344e+02	-9.584984e-01	-1.379926e+00	-9.009661e-01	2.637712e+00	1.112429e+00	-2.453168e+00
6.351801e+02	-9.280833e-01	-1.349786e+00	-8.862616e-01	2.610485e+00	1.127785e+00	-2.474424e+00
5.962385e+02	-9.198083e-01	-1.327924e+00	-8.675195e-01	2.596022e+00	1.134642e+00	-2.471332e+00
5.591953e+02	-9.094948e-01	-1.305769e+00	-8.550711e-01	2.577467e+00	1.139498e+00	-2.466599e+00
5.284583e+02	-9.037395e-01	-1.284787e+00	-8.382597e-01	2.565697e+00	1.142549e+00	-2.458507e+00
5.065241e+02	-9.136987e-01	-1.263961e+00	-8.096959e-01	2.551744e+00	1.142332e+00	-2.442288e+00
4.769187e+02	-9.036887e-01	-1.243761e+00	-8.044593e-01	2.539694e+00	1.145210e+00	-2.434223e+00
4.564073e+02	-9.077120e-01	-1.225615e+00	-7.885593e-01	2.525715e+00	1.145027e+00	-2.417984e+00
4.295120e+02	-8.986572e-01	-1.205807e+00	-7.866857e-01	2.513726e+00	1.147591e+00	-2.408301e+00
4.082959e+02	-8.919096e-01	-1.186415e+00	-7.781962e-01	2.496406e+00	1.148997e+00	-2.405838e+00
3.862959e+02	-8.889930e-01	-1.168511e+00	-7.765431e-01	2.486546e+00	1.149909e+00	-2.387974e+00
3.712642e+02	-8.971376e-01	-1.152631e+00	-7.652802e-01	2.478763e+00	1.153771e+00	-2.379968e+00
3.504440e+02	-8.930389e-01	-1.135053e+00	-7.666738e-01	2.466354e+00	1.152847e+00	-2.358811e+00
2.555846e+03	-1.994118e+00	2.694678e-01	-3.170065e-01	2.061625e+00	1.152941e+00	-1.708241e+00
2.199986e+03	-1.956230e+00	2.315799e-01	-3.548944e-01	2.099513e+00	1.115053e+00	-1.670353e+00
1.816080e+03	-1.911518e+00	1.831409e-01	-3.928869e-01	2.144788e+00	1.073384e+00	-1.621990e+00
1.522542e+03	-1.874129e+00	1.413315e-01	-4.306579e-01	2.184993e+00	1.040293e+00	-1.581079e+00
1.251277e+03	-1.834319e+00	9.791545e-02	-4.576594e-01	2.225349e+00	1.002384e+00	-1.537614e+00
1.072895e+03	-1.804164e+00	6.391496e-02	-4.765437e-01	2.257140e+00	9.767589e-01	-1.505569e+00
8.988906e+02	-1.771089e+00	2.665634e-02	-4.996862e-01	2.292196e+00	9.474421e-01	-1.469042e+00
7.638856e+02	-1.741248e+00	-7.685883e-03	-5.215021e-01	2.324302e+00	9.236843e-01	-1.434151e+00
6.617980e+02	-1.714326e+00	-3.915163e-02	-5.381852e-01	2.353714e+00	9.027345e-01	-1.402636e+00
5.847930e+02	-1.689132e+00	-6.533666e-02	-5.538782e-01	2.379589e+00	8.845886e-01	-1.372607e+00
5.277930e+02	-1.668413e+00	-9.170930e-02	-5.632628e-01	2.403626e+00	8.726997e-01	-1.345222e+00
4.897018e+02	-1.652090e+00	-1.138480e-01	-5.659791e-01	2.422119e+00	8.623815e-01	-1.322237e+00
4.550116e+02	-1.636087e+00	-1.350419e-01	-5.693398e-01	2.441062e+00	8.589093e-01	-1.297995e+00
4.280037e+02	-1.622794e+00	-1.511233e-01	-5.684586e-01	2.455402e+00	8.597063e-01	-1.276857e+00
4.036582e+02	-1.611309e+00	-1.670163e-01	-5.652348e-01	2.468835e+00	8.632751e-01	-1.255928e+00
3.842459e+02	-1.599568e+00	-1.802833e-01	-5.598862e-01	2.480109e+00	8.632428e-01	-1.236300e+00
3.639533e+02	-1.591772e+00	-1.910534e-01	-5.511359e-01	2.488359e+00	8.722379e-01	-1.218218e+00
3.460186e+02	-1.584985e+00	-1.969959e-01	-5.391717e-01	2.492140e+00	8.808720e-01	-1.202752e+00
3.279778e+02	-1.579357e+00	-2.041013e-01	-5.271908e-01	2.496859e+00	8.925144e-01	-1.186809e+00
1.112954e+03	-1.592941e+00	-6.573669e-01	-2.335661e+00	1.129860e+00	2.076078e+00	-1.669714e-01
1.065105e+03	-1.555053e+00	-6.194790e-01	-2.297773e+00	1.167748e+00	2.038191e+00	-1.290835e-01
9.714482e+02	-1.506618e+00	-6.415812e-01	-2.250492e+00	1.184580e+00	1.990300e+00	-8.420031e-02
9.062218e+02	-1.480940e+00	-6.614012e-01	-2.208510e+00	1.186805e+00	1.951578e+00	-5.563002e-02
8.385000e+02	-1.445536e+00	-6.844398e-01	-2.165238e+00	1.207385e+00	1.908916e+00	-1.926941e-02
7.900412e+02	-1.409281e+00	-6.947713e-01	-2.127576e+00	1.212649e+00	1.872046e+00	2.738524e-03
7.441860e+02	-1.384675e+00	-7.147098e-01	-2.087324e+00	1.231441e+00	1.834086e+00	2.840461e-02
7.085716e+02	-1.362379e+00	-7.344851e-01	-2.050626e+00	1.248791e+00	1.799074e+00	5.267638e-02
6.774524e+02	-1.342612e+00	-7.493736e-01	-2.012297e+00	1.264659e+00	1.766532e+00	6.015899e-02
6.502472e+02	-1.323162e+00	-7.563246e-01	-1.973991e+00	1.273519e+00	1.739932e+00	5.676036e-02
6.247860e+02	-1.308553e+00	-7.662907e-01	-1.938604e+00	1.286825e+00	1.711778e+00	5.128325e-02
5.997728e+02	-1.297109e+00	-7.751087e-01	-1.904139e+00	1.295129e+00	1.685720e+00	3.764889e-02
5.756643e+02	-1.287499e+00	-7.795416e-01	-1.869755e+00	1.305678e+00	1.661901e+00	2.160993e-02
5.550810e+02	-1.273130e+00	-7.879118e-01	-1.838499e+00	1.320645e+00	1.637040e+00	9.611758e-03
5.310354e+02	-1.268793e+00	-7.869482e-01	-1.805182e+00	1.326540e+00	1.617946e+00	-1.330470e-02
5.078247e+02	-1.267954e+00	-7.812826e-01	-1.772280e+00	1.343208e+00	1.599795e+00	-3.488083e-02
4.838613e+02	-1.265068e+00	-7.779312e-01	-1.740386e+00	1.344913e+00	1.582993e+00	-6.137230e-02
4.619193e+02	-1.258900e+00	-7.793325e-01	-1.710934e+00	1.348188e+00	1.563780e+00	-8.567215e-02
4.393755e+02	-1.257583e+00	-7.732376e-01	-1.680407e+00	1.350194e+00	1.549541e+00	-1.133657e-01
1.723276e+03	-6.137255e-01	-2.156078e+00	9.218015e-02	1.642577e+00	7.776471e-01	-7.398327e-01
1.506418e+03	-6.516134e-01	-2.118191e+00	1.300681e-01	1.604689e+00	8.155350e-01	-7.777206e-01
1.335682e+03	-6.376811e-01	-2.086383e+00	1.645041e-01	1.574811e+00	8.510824e-01	-8.152892e-01
1.261620e+03	-6.131583e-01	-2.060113e+00	1.889584e-01	1.573180e+00	8.686641e-01	-8.267564e-01
1.121621e+03	-6.418620e-01	-2.029987e+00	2.191904e-01	1.539086e+00	9.016781e-01	-8.590336e-01
1.035428e+03	-6.692597e-01	-1.996927e+00	2.497220e-01	1.526366e+00	9.208443e-01	-8.841428e-01
9.576986e+02	-6.591150e-01	-1.976628e+00	2.695932e-01	1.508776e+00	9.467483e-01	-8.980378e-01
8.760414e+02	-6.405836e-01	-1.946287e+00	2.990701e-01	1.481013e+00	9.714590e-01	-9.284429e-01
8.346850e+02	-6.616807e-01	-1.927948e+00	3.142469e-01	1.487237e+00	9.876704e-01	-9.289201e-01
7.776006e+02	-6.802164e-01	-1.901602e+00	3.384424e-01	1.479658e+00	1.010132e+00	-9.428284e-01
7.411129e+02	-6.704528e-01	-1.880395e+00	3.552066e-01	1.478787e+00	1.023334e+00	-9.521660e-01
6.906722e+02	-7.103091e-01	-1.851917e+00	3.809127e-01	1.469794e+00	1.049727e+00	-9.711298e-01
6.646063e+02	-6.750264e-01	-1.833154e+00	3.934392e-01	1.474492e+00	1.056131e+00	-9.744803e-01
6.303631e+02	-6.864951e-01	-1.816962e+00	4.080792e-01	1.487495e+00	1.075472e+00	-9.802467e-01
6.037965e+02	-6.690223e-01	-1.789880e+00	4.266433e-01	1.480574e+00	1.084309e+00	-9.914577e-01
5.783271e+02	-6.646987e-01	-1.775797e+00	4.358629e-01	1.490797e+00	1.099391e+00	-9.944800e-01
5.533956e+02	-6.665707e-01	-1.747459e+00	4.569263e-01	1.488566e+00	1.110005e+00	-1.007332e+00
5.350263e+02	-6.858379e-01	-1.731779e+00	4.700545e-01	1.497265e+00	1.121920e+00	-1.017870e+00
5.106436e+02	-6.650880e-01	-1.705809e+00	4.847112e-01	1.501338e+00	1.133054e+00	-1.022034e+00
6.167423e+02	-1.355686e+00	-1.125714e+00	-1.117194e+00	1.923585e+00	1.079608e+00	-1.958300e+00
4.581696e+02	-1.317798e+00	-1.087826e+00	-1.155082e+00	1.961473e+00	1.117496e+00	-1.920412e+00
3.533645e+02	-1.284388e+00	-1.049931e+00	-1.193051e+00	1.987573e+00	1.132678e+00	-1.903852e+00
2.848498e+02	-1.264135e+00	-1.027066e+00	-1.207786e+00	2.017929e+00	1.156224e+00	-1.880334e+00
2.210200e+02	-1.236166e+00	-1.002665e+00	-1.234326e+00	2.043660e+00	1.175730e+00	-1.856814e+00
1.735617e+02	-1.211500e+00	-9.798049e-01	-1.248593e+00	2.067311e+00	1.191607e+00	-1.833852e+00
1.430367e+02	-1.196300e+00	-9.659413e-01	-1.264919e+00	2.087687e+00	1.210659e+00	-1.812965e+00
1.127405e+02	-1.172389e+00	-9.470414e-01	-1.289424e+00	2.105242e+00	1.225470e+00	-1.793270e+00
9.800431e+01	-1.164051e+00	-9.354968e-01	-1.291334e+00	2.120601e+00	1.236103e+00	-1.773966e+00
8.349814e+01	-1.152552e+00	-9.171098e-01	-1.296533e+00	2.132774e+00	1.239996e+00	-1.763448e+00
7.394551e+01	-1.139391e+00	-9.133177e-01	-1.302136e+00	2.143898e+00	1.251642e+00	-1.739905e+00
6.770199e+01	-1.123371e+00	-9.084862e-01	-1.309066e+00	2.142425e+00	1.244082e+00	-1.726548e+00
5.929883e+01	-1.117171e+00	-8.973137e-01	-1.310284e+00	2.158240e+00	1.260991e+00	-1.706760e+00
5.385394e+01	-1.103456e+00	-8.919921e-01	-1.315050e+00	2.153068e+00	1.267113e+00	-1.687000e+00
4.980816e+01	-1.099287e+00	-8.831194e-01	-1.313598e+00	2.162866e+00	1.266433e+00	-1.677781e+00
4.451720e+01	-1.085322e+00	-8.719129e-01	-1.314440e+00	2.176833e+00	1.259213e+00	-1.664057e+00
4.329068e+01	-1.083908e+00	-8.717023e-01	-1.311081e+00	2.162222e+00	1.267210e+00	-1.653222e+00
4.157107e+01	-1.085138e+00	-8.673039e-01	-1.304888e+00	2.162656e+00	1.268673e+00	-1.644536e+00
3.916440e+01	-1.073241e+00	-8.650547e-01	-1.304655e+00	2.155388e+00	1.268963e+00	-1.631091e+00
6.421260e+02	-8.294118e-01	-4.605042e-02	1.467384e-01	2.643361e+00	1.260784e+00	-2.203811e+00
5.309784e+02	-7.915238e-01	-8.393835e-02	1.088504e-01	2.681249e+00	1.222896e+00	-2.165924e+00
4.554857e+02	-7.472709e-01	-1.258407e-01	8.082191e-02	2.714509e+00	1.200359e+00	-2.126540e+00
4.115324e+02	-7.097480e-01	-1.605844e-01	5.625038e-02	2.741713e+00	1.184499e+00	-2.091470e+00
3.795463e+02	-6.950771e-01	-1.940387e-01	4.560868e-02	2.760396e+00	1.168409e+00	-2.060080e+00
3.591919e+02	-6.890498e-01	-2.207520e-01	3.081767e-02	2.779417e+00	1.155721e+00	-2.034393e+00
3.364141e+02	-6.872623e-01	-2.485728e-01	3.674509e-02	2.776765e+00	1.149044e+00	-2.006130e+00
3.144186e+02	-6.945660e-01	-2.665199e-01	5.740754e-02	2.750930e+00	1.158342e+00	-1.984949e+00
2.941485e+02	-6.990575e-01	-2.908657e-01	5.910284e-02	2.749638e+00	1.155058e+00	-1.959413e+00
2.731798e+02	-7.165066e-01	-3.120900e-01	7.580677e-02	2.732293e+00	1.157397e+00	-1.940915e+00
2.569524e+02	-7.192166e-01	-3.320821e-01	7.191293e-02	2.729384e+00	1.158096e+00	-1.916988e+00
2.443571e+02	-7.170685e-01	-3.480505e-01	7.165945e-02	2.717677e+00	1.160539e+00	-1.896979e+00
2.292491e+02	-7.257103e-01	-3.654288e-01	6.693040e-02	2.710466e+00	1.163350e+00	-1.875322e+00
2.177746e+02	-7.277972e-01	-3.819857e-01	6.196359e-02	2.698638e+00	1.155326e+00	-1.855399e+00
2.037792e+02	-7.385245e-01	-3.961506e-01	5.762111e-02	2.686735e+00	1.163571e+00	-1.835691e+00
1.934500e+02	-7.541984e-01	-4.041937e-01	5.815181e-02	2.667467e+00	1.167603e+00	-1.822684e+00
1.822289e+02	-7.585345e-01	-4.186658e-01	4.756098e-02	2.656454e+00	1.173574e+00	-1.802188e+00
1.717888e+02	-7.561771e-01	-4.360575e-01	2.681282e-02	2.649659e+00	1.162832e+00	-1.779142e+00
1.620398e+02	-7.624302e-01	-4.462331e-01	2.020152e-02	2.633030e+00	1.171502e+00	-1.762053e+00
6.369197e+02	-1.109804e+00	-1.165154e+00	7.854060e-02	2.278543e+00	1.347059e+00	-8.716817e-01
5.051922e+02	-1.071916e+00	-1.127266e+00	4.065267e-02	2.240655e+00	1.309171e+00	-9.095696e-01
3.971098e+02	-1.033689e+00	-1.090021e+00	2.165964e-03	2.209055e+00	1.279152e+00	-9.457147e-01
3.225630e+02	-1.004824e+00	-1.059740e+00	-3.132722e-02	2.179206e+00	1.253656e+00	-9.763912e-01
2.694121e+02	-9.823922e-01	-1.032160e+00	-5.359191e-02	2.158461e+00	1.249956e+00	-1.001806e+00
2.162369e+02	-9.529331e-01	-9.997953e-01	-9.421996e-02	2.141508e+00	1.226509e+00	-1.017845e+00
1.869951e+02	-9.428024e-01	-9.814827e-01	-9.666209e-02	2.117921e+00	1.247274e+00	-1.046191e+00
1.530016e+02	-9.272078e-01	-9.546189e-01	-1.238231e-01	2.100334e+00	1.245218e+00	-1.071455e+00
1.338516e+02	-9.129786e-01	-9.394044e-01	-1.360640e-01	2.088719e+00	1.245104e+00	-1.083355e+00
1.063300e+02	-8.912968e-01	-9.121238e-01	-1.712429e-01	2.079729e+00	1.228238e+00	-1.096327e+00
9.627471e+01	-8.862123e-01	-9.012169e-01	-1.753056e-01	2.067961e+00	1.241693e+00	-1.111622e+00
8.012776e+01	-8.710491e-01	-8.810614e-01	-2.027324e-01	2.062763e+00	1.232601e+00	-1.120967e+00
7.236462e+01	-8.670757e-01	-8.691051e-01	-2.089017e-01	2.052841e+00	1.242701e+00	-1.135541e+00
6.306445e+01	-8.595988e-01	-8.533106e-01	-2.239554e-01	2.045880e+00	1.237265e+00	-1.146175e+00
5.640585e+01	-8.533765e-01	-8.414601e-01	-2.395261e-01	2.043362e+00	1.236352e+00	-1.154917e+00
4.918183e+01	-8.456335e-01	-8.267601e-01	-2.634937e-01	2.044338e+00	1.232847e+00	-1.159767e+00
4.493790e+01	-8.427412e-01	-8.162442e-01	-2.719578e-01	2.039725e+00	1.234214e+00	-1.169858e+00
3.948869e+01	-8.357919e-01	-8.015083e-01	-2.926378e-01	2.036748e+00	1.230863e+00	-1.177927e+00
3.702920e+01	-8.357671e-01	-7.938363e-01	-3.000677e-01	2.037450e+00	1.232959e+00	-1.183565e+00
1.318912e+03	-5.705882e-01	-1.209524e+00	-1.008077e+00	8.192717e-01	6.956863e-01	-1.339973e+00
1.191552e+03	-6.084762e-01	-1.171636e+00	-9.701893e-01	8.571596e-01	7.335742e-01	-1.302085e+00
1.057788e+03	-6.515801e-01	-1.130030e+00	-9.274640e-01	8.928454e-01	7.740430e-01	-1.268178e+00
9.421550e+02	-6.893323e-01	-1.091959e+00	-8.930840e-01	9.284769e-01	8.093995e-01	-1.234220e+00
8.401895e+02	-7.187001e-01	-1.058542e+00	-8.590734e-01	9.623472e-01	8.435781e-01	-1.202261e+00
7.501293e+02	-7.409744e-01	-1.031204e+00	-8.376434e-01	9.983782e-01	8.768193e-01	-1.166531e+00
6.697171e+02	-7.671522e-01	-1.000231e+00	-8.101113e-01	1.028019e+00	9.050480e-01	-1.140336e+00
5.899155e+02	-7.962718e-01	-9.683579e-01	-7.758949e-01	1.058890e+00	9.349570e-01	-1.120982e+00
5.305893e+02	-8.123007e-01	-9.437063e-01	-7.670405e-01	1.088466e+00	9.586635e-01	-1.093367e+00
4.828564e+02	-8.228774e-01	-9.241158e-01	-7.595511e-01	1.113542e+00	9.796412e-01	-1.063285e+00
4.297198e+02	-8.400560e-01	-9.004996e-01	-7.522775e-01	1.144463e+00	1.002481e+00	-1.041689e+00
3.789701e+02	-8.588635e-01	-8.736606e-01	-7.385821e-01	1.174450e+00	1.025505e+00	-1.029739e+00
3.393805e+02	-8.714214e-01	-8.564354e-01	-7.377525e-01	1.202745e+00	1.045175e+00	-1.005823e+00
3.023778e+02	-8.819808e-01	-8.369063e-01	-7.388933e-01	1.231593e+00	1.064291e+00	-9.902824e-01
2.711038e+02	-8.940418e-01	-8.226549e-01	-7.392383e-01	1.257941e+00	1.081605e+00	-9.677191e-01
2.365729e+02	-9.094444e-01	-8.084141e-01	-7.396931e-01	1.289805e+00	1.102914e+00	-9.457520e-01
2.152130e+02	-9.184457e-01	-7.954936e-01	-7.425731e-01	1.311709e+00	1.115597e+00	-9.289979e-01
1.945857e+02	-9.271409e-01	-7.809776e-01	-7.427798e-01	1.334782e+00	1.128146e+00	-9.188443e-01
1.768068e+02	-9.355075e-01	-7.710876e-01	-7.481485e-01	1.357303e+00	1.139844e+00	-9.036981e-01
2.339813e+03	-1.933725e+00	-7.954062e-01	-1.299054e+00	3.175798e+00	1.800000e+00	-9.671586e-01
2.107032e+03	-1.895838e+00	-7.575182e-01	-1.336942e+00	3.137910e+00	1.762112e+00	-9.292706e-01
1.821915e+03	-1.854198e+00	-7.189223e-01	-1.382886e+00	3.087813e+00	1.713321e+00	-9.522741e-01
1.607800e+03	-1.820734e+00	-7.246878e-01	-1.421580e+00	3.044647e+00	1.672932e+00	-9.740375e-01
1.384559e+03	-1.780492e+00	-7.123456e-01	-1.463309e+00	2.998135e+00	1.627593e+00	-1.002376e+00
1.199694e+03	-1.742905e+00	-6.932352e-01	-1.501860e+00	2.956557e+00	1.585845e+00	-1.031392e+00
1.028455e+03	-1.705592e+00	-6.930197e-01	-1.534597e+00	2.913369e+00	1.543312e+00	-1.061610e+00
8.892201e+02	-1.671417e+00	-6.959933e-01	-1.561575e+00	2.873947e+00	1.505130e+00	-1.088279e+00
7.616640e+02	-1.637304e+00	-7.022844e-01	-1.587588e+00	2.834263e+00	1.466193e+00	-1.118674e+00
6.601834e+02	-1.603362e+00	-7.144258e-01	-1.611439e+00	2.797499e+00	1.434571e+00	-1.144853e+00
5.711872e+02	-1.573557e+00	-7.240299e-01	-1.630450e+00	2.761399e+00	1.400955e+00	-1.174763e+00
4.968001e+02	-1.546393e+00	-7.397518e-01	-1.642333e+00	2.726246e+00	1.369342e+00	-1.204932e+00
4.372962e+02	-1.519434e+00	-7.485062e-01	-1.655189e+00	2.693857e+00	1.340511e+00	-1.234297e+00
3.896469e+02	-1.496673e+00	-7.558917e-01	-1.664036e+00	2.661788e+00	1.313534e+00	-1.263637e+00
3.511580e+02	-1.472686e+00	-7.642568e-01	-1.671571e+00	2.632906e+00	1.290506e+00	-1.292020e+00
3.195623e+02	-1.451676e+00	-7.709745e-01	-1.675448e+00	2.605524e+00	1.272011e+00	-1.320718e+00
2.935119e+02	-1.430231e+00	-7.784382e-01	-1.678513e+00	2.579524e+00	1.254819e+00	-1.347514e+00
2.733848e+02	-1.409152e+00	-7.816254e-01	-1.681602e+00	2.555345e+00	1.238294e+00	-1.371673e+00
2.533602e+02	-1.390259e+00	-7.877022e-01	-1.680357e+00	2.531844e+00	1.227837e+00	-1.396996e+00
1.391666e+03	-6.050980e-01	-3.270588e-01	-1.389985e+00	8.340616e-01	1.010588e+00	-2.444777e+00
1.289707e+03	-6.429860e-01	-3.649468e-01	-1.427873e+00	8.719496e-01	1.048476e+00	-2.406889e+00
1.189469e+03	-6.890781e-01	-4.114694e-01	-1.420664e+00	9.181759e-01	1.026721e+00	-2.366025e+00
1.106612e+03	-7.305020e-01	-4.515869e-01	-1.429660e+00	9.595040e-01	1.008476e+00	-2.326651e+00
1.031707e+03	-7.658059e-01	-4.934247e-01	-1.414258e+00	9.910080e-01	9.938941e-01	-2.294992e+00
9.596295e+02	-8.024464e-01	-5.334876e-01	-1.386465e+00	1.014332e+00	9.885389e-01	-2.267413e+00
8.957321e+02	-8.314799e-01	-5.679228e-01	-1.368051e+00	1.044632e+00	9.817614e-01	-2.235487e+00
8.224506e+02	-8.630747e-01	-6.013060e-01	-1.343833e+00	1.077107e+00	9.877422e-01	-2.201635e+00
7.660047e+02	-8.916893e-01	-6.338412e-01	-1.317060e+00	1.102726e+00	9.863570e-01	-2.173470e+00
7.035916e+02	-9.241071e-01	-6.679505e-01	-1.284331e+00	1.127443e+00	9.946612e-01	-2.144194e+00
6.541498e+02	-9.495160e-01	-6.967892e-01	-1.258376e+00	1.152348e+00	9.999513e-01	-2.116106e+00
6.058789e+02	-9.664882e-01	-7.205024e-01	-1.242301e+00	1.180189e+00	1.011287e+00	-2.086043e+00
5.615516e+02	-9.907872e-01	-7.468394e-01	-1.217072e+00	1.202935e+00	1.023278e+00	-2.058416e+00
5.213274e+02	-1.017441e+00	-7.743296e-01	-1.187443e+00	1.221802e+00	1.039353e+00	-2.032622e+00
4.840618e+02	-1.037586e+00	-7.958119e-01	-1.167817e+00	1.245370e+00	1.055905e+00	-2.003872e+00
4.453096e+02	-1.057674e+00	-8.123879e-01	-1.147345e+00	1.267754e+00	1.082927e+00	-1.974927e+00
4.164466e+02	-1.068696e+00	-8.274954e-01	-1.136474e+00	1.291838e+00	1.096577e+00	-1.945264e+00
3.867770e+02	-1.075163e+00	-8.407014e-01	-1.130868e+00	1.318257e+00	1.111447e+00	-1.915139e+00
3.584367e+02	-1.079157e+00	-8.478937e-01	-1.126375e+00	1.341871e+00	1.128542e+00	-1.885283e+00
2.084655e+03	2.470588e-02	-5.636975e-01	-4.715881e-01	1.455238e+00	1.743922e+00	-2.440230e+00
1.929950e+03	-1.318204e-02	-5.258096e-01	-5.094760e-01	1.493126e+00	1.706034e+00	-2.402342e+00
1.800800e+03	-5.469646e-02	-5.179588e-01	-5.040303e-01	1.512844e+00	1.681465e+00	-2.374313e+00
1.710288e+03	-8.388204e-02	-5.446998e-01	-4.705481e-01	1.521554e+00	1.665217e+00	-2.353019e+00
1.574660e+03	-1.196428e-01	-5.811775e-01	-4.452466e-01	1.550293e+00	1.634627e+00	-2.321003e+00
1.442135e+03	-1.517331e-01	-6.214848e-01	-4.187929e-01	1.579842e+00	1.603383e+00	-2.287110e+00
1.327195e+03	-1.821248e-01	-6.568337e-01	-3.814278e-01	1.605508e+00	1.577652e+00	-2.262287e+00
1.224125e+03	-2.127855e-01	-6.917603e-01	-3.623578e-01	1.624276e+00	1.557049e+00	-2.239052e+00
1.115170e+03	-2.393890e-01	-7.301062e-01	-3.281933e-01	1.652468e+00	1.530003e+00	-2.213102e+00
1.030679e+03	-2.610970e-01	-7.595131e-01	-2.949917e-01	1.677895e+00	1.508904e+00	-2.194350e+00
9.277449e+02	-2.878726e-01	-7.954150e-01	-2.740211e-01	1.705878e+00	1.481918e+00	-2.167294e+00
8.249730e+02	-3.192750e-01	-8.269936e-01	-2.546878e-01	1.734663e+00	1.455802e+00	-2.140685e+00
7.493373e+02	-3.395765e-01	-8.571290e-01	-2.428037e-01	1.760528e+00	1.433527e+00	-2.118401e+00
6.766668e+02	-3.622023e-01	-8.903561e-01	-2.318609e-01	1.782970e+00	1.412468e+00	-2.095189e+00
6.163501e+02	-3.816040e-01	-9.080036e-01	-2.252982e-01	1.808971e+00	1.393639e+00	-2.076152e+00
5.749387e+02	-3.978487e-01	-9.223306e-01	-2.161633e-01	1.830019e+00	1.382929e+00	-2.062816e+00
5.192905e+02	-4.180821e-01	-9.347805e-01	-2.191157e-01	1.855960e+00	1.363887e+00	-2.043337e+00
4.718202e+02	-4.348188e-01	-9.404885e-01	-2.306528e-01	1.879632e+00	1.346274e+00	-2.021980e+00
4.306333e+02	-4.541106e-01	-9.484745e-01	-2.345478e-01	1.902522e+00	1.332542e+00	-2.006961e+00
6.248575e+02	-7.129412e-01	-4.552381e-01	-3.624717e-01	9.622409e-01	1.390196e+00	-3.079134e-01
5.387525e+02	-7.508291e-01	-4.931260e-01	-4.003596e-01	1.000129e+00	1.352308e+00	-3.458014e-01
4.735240e+02	-7.712213e-01	-5.256639e-01	-4.401300e-01	1.040673e+00	1.330585e+00	-3.223223e-01
4.137352e+02	-7.961700e-01	-5.567046e-01	-4.810122e-01	1.078782e+00	1.299686e+00	-3.249642e-01
3.771590e+02	-8.227716e-01	-5.808668e-01	-4.850392e-01	1.098462e+00	1.294678e+00	-3.534687e-01
3.538269e+02	-8.508830e-01	-5.967243e-01	-4.863417e-01	1.109278e+00	1.301180e+00	-3.923058e-01
3.191531e+02	-8.698147e-01	-6.196936e-01	-5.094560e-01	1.137053e+00	1.282075e+00	-3.949525e-01
2.943032e+02	-8.877434e-01	-6.377487e-01	-5.255292e-01	1.159214e+00	1.273079e+00	-4.042292e-01
2.710534e+02	-9.058493e-01	-6.520706e-01	-5.471017e-01	1.182193e+00	1.263521e+00	-4.202274e-01
2.565772e+02	-9.239823e-01	-6.556331e-01	-5.597819e-01	1.197143e+00	1.272233e+00	-4.516484e-01
2.369992e+02	-9.372567e-01	-6.685588e-01	-5.829125e-01	1.221118e+00	1.259354e+00	-4.574046e-01
2.207656e+02	-9.462349e-01	-6.831268e-01	-6.130327e-01	1.247174e+00	1.232735e+00	-4.484421e-01
2.076105e+02	-9.624040e-01	-6.817548e-01	-6.209794e-01	1.263049e+00	1.249298e+00	-4.810739e-01
1.989154e+02	-9.741715e-01	-6.777450e-01	-6.296353e-01	1.277555e+00	1.269854e+00	-5.049633e-01
1.870692e+02	-9.832062e-01	-6.799721e-01	-6.453723e-01	1.296785e+00	1.265217e+00	-5.199308e-01
