#        weight    minuslogpost              A1             mu1         lnsig21   minuslogprior minuslogprior__0            chi2 chi2__likelihoods.EmulLike
              3       83.509653      -1.2329856     -0.97224504      -1.0308813       3.2262794        3.2262794       160.56675                  160.56675
              1       80.623035      -1.2335888     -0.96713842      -1.0414894       3.2262794        3.2262794       154.79351                  154.79351
              2       75.455547      -1.2147251      -0.9699764      -1.0439282       3.2262794        3.2262794       144.45853                  144.45853
              4       76.765292      -1.2177204     -0.97862545       -1.087766       3.2262794        3.2262794       147.07803                  147.07803
              1       75.742084      -1.2154669     -0.97742819      -1.0853285       3.2262794        3.2262794       145.03161                  145.03161
              1       66.919686      -1.2124429     -0.95950359      -1.0969288       3.2262794        3.2262794       127.38681                  127.38681
              1       61.094689      -1.2025754     -0.94688791      -1.0713967       3.2262794        3.2262794       115.73682                  115.73682
              1        53.08859      -1.1758281     -0.94543342      -1.0824524       3.2262794        3.2262794        99.72462                   99.72462
              1       45.474612       -1.181912     -0.91815049      -1.0935819       3.2262794        3.2262794       84.496664                  84.496664
              1       44.127356      -1.2067739     -0.89246944       -1.097385       3.2262794        3.2262794       81.802154                  81.802154
              1       45.500009      -1.2092299     -0.89288917      -1.0841636       3.2262794        3.2262794       84.547459                  84.547459
              1       24.012784        -1.15439     -0.83803209      -1.0722349       3.2262794        3.2262794       41.573009                  41.573009
              2       25.314548      -1.1492507       -0.856177      -1.0944253       3.2262794        3.2262794       44.176538                  44.176538
              1       24.776642      -1.1631819     -0.83953068      -1.1112633       3.2262794        3.2262794       43.100725                  43.100725
              1       21.756136       -1.162577     -0.81738102      -1.1695735       3.2262794        3.2262794       37.059713                  37.059713
              1       18.534091      -1.1413149     -0.80897788      -1.1661609       3.2262794        3.2262794       30.615624                  30.615624
              1       18.620686      -1.1389339     -0.81420606      -1.1681221       3.2262794        3.2262794       30.788813                  30.788813
              1       19.083831      -1.1423912     -0.81380464      -1.1811372       3.2262794        3.2262794       31.715103                  31.715103
              1       16.904998      -1.1252783     -0.80377765      -1.1853739       3.2262794        3.2262794       27.357437                  27.357437
              1       17.442337      -1.1106771     -0.83068694      -1.1900826       3.2262794        3.2262794       28.432115                  28.432115
              1       14.364667       -1.085536     -0.80812726      -1.1864433       3.2262794        3.2262794       22.276775                  22.276775
              1       13.999231      -1.0994768     -0.79913818      -1.1458595       3.2262794        3.2262794       21.545903                  21.545903
              1       13.701793      -1.0842247     -0.81764182      -1.1365219       3.2262794        3.2262794       20.951028                  20.951028
              1       13.305561      -1.0913961     -0.79233117      -1.1474603       3.2262794        3.2262794       20.158564                  20.158564
              1       13.040129      -1.0904031     -0.78892075      -1.1402199       3.2262794        3.2262794         19.6277                    19.6277
              1        11.67013      -1.0451466     -0.78049523      -1.1503949       3.2262794        3.2262794       16.887702                  16.887702
              3       11.880135      -1.0452336     -0.78430563      -1.1573261       3.2262794        3.2262794       17.307711                  17.307711
              3       11.870063      -1.0458561     -0.79658411        -1.15557       3.2262794        3.2262794       17.287568                  17.287568
              1       11.319039      -1.0378172     -0.78160862      -1.1423484       3.2262794        3.2262794        16.18552                   16.18552
              1        11.02586      -1.0523625     -0.78896882      -1.1251682       3.2262794        3.2262794       15.599161                  15.599161
              1       11.271869      -1.0118293     -0.82673847      -1.1070326       3.2262794        3.2262794       16.091178                  16.091178
              2       11.649197      -1.0042647     -0.83198304      -1.1083394       3.2262794        3.2262794       16.845835                  16.845835
              1       11.491988      -1.0010997     -0.82609399      -1.1136533       3.2262794        3.2262794       16.531417                  16.531417
              1       10.546476      -1.0100865     -0.80239167      -1.1141406       3.2262794        3.2262794       14.640394                  14.640394
              1       11.004659      -1.0255717     -0.80849576      -1.1254684       3.2262794        3.2262794        15.55676                   15.55676
              1       10.840678      -1.0356221     -0.81198528      -1.1098491       3.2262794        3.2262794       15.228798                  15.228798
              1       11.245885      -1.0391523     -0.81863274      -1.1101979       3.2262794        3.2262794       16.039211                  16.039211
              1       11.318021      -1.0200196     -0.82930041      -1.1005318       3.2262794        3.2262794       16.183484                  16.183484
              1       10.638017      -1.0348093     -0.82332819      -1.0646668       3.2262794        3.2262794       14.823476                  14.823476
              2       10.665981      -1.0347333     -0.82388887      -1.0640669       3.2262794        3.2262794       14.879403                  14.879403
              2       9.4102311      -1.0139883     -0.81220988      -1.0557791       3.2262794        3.2262794       12.367903                  12.367903
              1       8.7808068      -1.0016422     -0.80360819      -1.0425864       3.2262794        3.2262794       11.109055                  11.109055
              1       8.6369849      -1.0045811     -0.79660666      -1.0444011       3.2262794        3.2262794       10.821411                  10.821411
              1       8.6166849      -1.0028775     -0.79422656      -1.0453983       3.2262794        3.2262794       10.780811                  10.780811
              1       9.3374393      -1.0120361     -0.79942263      -1.0734465       3.2262794        3.2262794        12.22232                   12.22232
              3       9.2034386      -1.0255592     -0.78872353      -1.0710128       3.2262794        3.2262794       11.954318                  11.954318
              1       9.2658499      -1.0254659     -0.78630311      -1.0747247       3.2262794        3.2262794       12.079141                  12.079141
              6       9.6170818       -1.042305      -0.7846603      -1.0763507       3.2262794        3.2262794       12.781605                  12.781605
              2        10.62857      -1.0601858     -0.79248975      -1.0905653       3.2262794        3.2262794       14.804582                  14.804582
              1       11.112174      -1.0604851     -0.76124034       -1.107401       3.2262794        3.2262794       15.771788                  15.771788
              1        11.44663      -1.0401246     -0.75252378      -1.1203716       3.2262794        3.2262794         16.4407                    16.4407
              1       11.756005      -1.0401772     -0.74326757      -1.1142338       3.2262794        3.2262794       17.059452                  17.059452
              4       11.563684       -1.037988     -0.74483526      -1.1118509       3.2262794        3.2262794        16.67481                   16.67481
              3         11.4462      -1.0177552     -0.74104449      -1.0997527       3.2262794        3.2262794       16.439841                  16.439841
              1       11.938702      -1.0224341     -0.73574511      -1.1041725       3.2262794        3.2262794       17.424845                  17.424845
              2       11.450241      -1.0320785     -0.73850109      -1.0972671       3.2262794        3.2262794       16.447924                  16.447924
              1       10.027033      -1.0335742     -0.75050889      -1.0726181       3.2262794        3.2262794       13.601507                  13.601507
              1         9.96826      -1.0335798     -0.75236261      -1.0735215       3.2262794        3.2262794       13.483961                  13.483961
              4         10.0407      -1.0006226      -0.7532309      -1.0719446       3.2262794        3.2262794       13.628842                  13.628842
              1       10.114272      -1.0013335     -0.75319775      -1.0745035       3.2262794        3.2262794       13.775986                  13.775986
              2       9.6444634      -1.0495261     -0.76694651       -1.061293       3.2262794        3.2262794       12.836368                  12.836368
              1       9.0888707      -1.0261929     -0.77605113       -1.065973       3.2262794        3.2262794       11.725183                  11.725183
              1       8.7670587      -1.0205136     -0.76954912      -1.0503068       3.2262794        3.2262794       11.081559                  11.081559
              1       8.9812256      -1.0295615     -0.80116877      -1.0339035       3.2262794        3.2262794       11.509893                  11.509893
              1       9.2421276      -1.0412912     -0.79774638      -1.0276195       3.2262794        3.2262794       12.031696                  12.031696
              2       9.8537518      -1.0495932      -0.8012751      -1.0411941       3.2262794        3.2262794       13.254945                  13.254945
              1       9.9500346      -1.0493974     -0.80400819       -1.039067       3.2262794        3.2262794       13.447511                  13.447511
              1       10.004774      -1.0461491     -0.80782983      -1.0442761       3.2262794        3.2262794        13.55699                   13.55699
              1       9.1141122      -1.0307682     -0.80237694      -1.0386853       3.2262794        3.2262794       11.775666                  11.775666
              2        9.506819        -1.01776     -0.75739984      -1.0670032       3.2262794        3.2262794       12.561079                  12.561079
              1       10.345572       -1.050093     -0.74795942      -1.0668616       3.2262794        3.2262794       14.238584                  14.238584
              1       11.037839      -1.0437813     -0.73357268      -1.0681601       3.2262794        3.2262794       15.623118                  15.623118
              2       10.826239      -1.0366445     -0.73717892       -1.073425       3.2262794        3.2262794       15.199918                  15.199918
              3       10.083297      -1.0289418     -0.74499836      -1.0661142       3.2262794        3.2262794       13.714036                  13.714036
              1       9.6226134      -1.0122125     -0.75944975       -1.072644       3.2262794        3.2262794       12.792668                  12.792668
              1       9.4629012     -0.99829364     -0.75274712      -1.0518182       3.2262794        3.2262794       12.473244                  12.473244
              1       8.3336106      -1.0199149     -0.78967624      -1.0254823       3.2262794        3.2262794       10.214662                  10.214662
              2       8.5700108      -1.0001756     -0.81205611      -1.0076413       3.2262794        3.2262794       10.687463                  10.687463
              2       8.8123823      -1.0017469     -0.81586194      -1.0106769       3.2262794        3.2262794       11.172206                  11.172206
              1       7.5962764      -1.0008725     -0.77682475     -0.99471433       3.2262794        3.2262794        8.739994                   8.739994
              1       7.5971821      -1.0010125     -0.77681063     -0.99474119       3.2262794        3.2262794       8.7418055                  8.7418055
              1       7.5996636     -0.99782416     -0.78239759     -0.99462633       3.2262794        3.2262794       8.7467683                  8.7467683
              1       7.8344277     -0.99995432     -0.78391937       -1.009517       3.2262794        3.2262794       9.2162966                  9.2162966
              2       7.9928034     -0.98692309     -0.77653652      -1.0121356       3.2262794        3.2262794        9.533048                   9.533048
              1        8.770252     -0.98900082       -0.777071      -1.0458286       3.2262794        3.2262794       11.087945                  11.087945
              1       9.4680177     -0.96881614      -0.7773953      -1.0470681       3.2262794        3.2262794       12.483477                  12.483477
              1       9.0528419     -0.97330671     -0.78422116      -1.0418723       3.2262794        3.2262794       11.653125                  11.653125
              1       8.9964427     -0.95664987      -0.7695167      -1.0081589       3.2262794        3.2262794       11.540327                  11.540327
              1       8.6214393     -0.97674671      -0.7539166      -1.0050337       3.2262794        3.2262794        10.79032                   10.79032
              3       9.7497895     -0.97208688     -0.79934986      -1.0613973       3.2262794        3.2262794        13.04702                   13.04702
              1       10.216177     -0.96727177     -0.77067899      -1.0621192       3.2262794        3.2262794       13.979795                  13.979795
              1        12.57756     -0.94666372     -0.77485396      -1.0904777       3.2262794        3.2262794       18.702561                  18.702561
              2       11.944606     -0.96871267     -0.77156656      -1.1069846       3.2262794        3.2262794       17.436653                  17.436653
              1        11.93511     -0.96657515     -0.78267507      -1.1106475       3.2262794        3.2262794       17.417661                  17.417661
              2       11.925961     -0.96681775     -0.78268237      -1.1107669       3.2262794        3.2262794       17.399362                  17.399362
              1       11.349604     -0.97480807     -0.78273525      -1.1075014       3.2262794        3.2262794       16.246648                  16.246648
              2       10.724119     -0.96294242     -0.79380337      -1.0786468       3.2262794        3.2262794       14.995679                  14.995679
              1        10.81187     -0.96371963     -0.79661901      -1.0819234       3.2262794        3.2262794       15.171181                  15.171181
              1       10.689893      -0.9927841     -0.76750694      -1.1000461       3.2262794        3.2262794       14.927228                  14.927228
              1       10.099536     -0.98911113     -0.78194105      -1.0899736       3.2262794        3.2262794       13.746514                  13.746514
              1       10.019999     -0.98973483     -0.78055274      -1.0877567       3.2262794        3.2262794       13.587438                  13.587438
              1       9.6224681      -1.0159123     -0.78876459      -1.0899788       3.2262794        3.2262794       12.792377                  12.792377
              1        9.773223      -1.0227799     -0.78561501      -1.0955379       3.2262794        3.2262794       13.093887                  13.093887
              1        9.708889      -1.0312106     -0.79164134       -1.088537       3.2262794        3.2262794       12.965219                  12.965219
              1       9.4295427      -1.0335523     -0.77222534      -1.0746437       3.2262794        3.2262794       12.406527                  12.406527
              2        9.554029       -1.020935     -0.77592976      -1.0856466       3.2262794        3.2262794       12.655499                  12.655499
              1        9.329319      -1.0070888     -0.77006048      -1.0717449       3.2262794        3.2262794       12.206079                  12.206079
              4        8.852932      -1.0141547     -0.77137089      -1.0564703       3.2262794        3.2262794       11.253305                  11.253305
              2       8.7461218       -1.023326     -0.77235014      -1.0498684       3.2262794        3.2262794       11.039685                  11.039685
              1       8.7404152      -1.0010706     -0.76762652      -1.0461021       3.2262794        3.2262794       11.028272                  11.028272
              1       8.6346566     -0.99654264     -0.81074864      -1.0187756       3.2262794        3.2262794       10.816754                  10.816754
              1       8.7375042     -0.99579732     -0.81226003      -1.0212841       3.2262794        3.2262794        11.02245                   11.02245
              2       8.4488211     -0.98708719     -0.80720447      -1.0139499       3.2262794        3.2262794       10.445083                  10.445083
              3       8.3325859      -1.0353029     -0.76450898     -0.98611908       3.2262794        3.2262794       10.212613                  10.212613
              2       8.3162094      -1.0342516     -0.77805227     -0.99134743       3.2262794        3.2262794        10.17986                   10.17986
              1       7.8846879      -1.0204231     -0.76780106     -0.99318804       3.2262794        3.2262794        9.316817                   9.316817
              1       7.8796206      -1.0203353     -0.76787619      -0.9929463       3.2262794        3.2262794       9.3066824                  9.3066824
              1       7.7165375      -1.0076094     -0.76637608     -0.99441687       3.2262794        3.2262794       8.9805161                  8.9805161
              1       8.1278456      -1.0049549     -0.80023985      -1.0059903       3.2262794        3.2262794       9.8031325                  9.8031325
              1       8.5306541        -1.01101      -0.7873132      -1.0452024       3.2262794        3.2262794       10.608749                  10.608749
              1       8.4494983      -1.0111375     -0.78956574      -1.0397783       3.2262794        3.2262794       10.446438                  10.446438
              1       8.4962345      -1.0101658     -0.76599116      -1.0367204       3.2262794        3.2262794        10.53991                   10.53991
              5       8.9925756      -1.0365902     -0.75965367      -1.0369204       3.2262794        3.2262794       11.532592                  11.532592
              3       8.7820478      -1.0282701      -0.7776775      -1.0498196       3.2262794        3.2262794       11.111537                  11.111537
              2         9.98721      -1.0579112     -0.76268849      -1.0575073       3.2262794        3.2262794       13.521861                  13.521861
              2       11.162511      -1.0247662     -0.73173624      -1.0739611       3.2262794        3.2262794       15.872464                  15.872464
              1       12.759904      -1.0397721     -0.71756453      -1.0839701       3.2262794        3.2262794        19.06725                   19.06725
              2       11.417168      -1.0370139     -0.72816857      -1.0713639       3.2262794        3.2262794       16.381777                  16.381777
              3       11.444916      -1.0328423     -0.72867537      -1.0748022       3.2262794        3.2262794       16.437274                  16.437274
              1       10.097824      -1.0113312     -0.75525717      -1.0819221       3.2262794        3.2262794        13.74309                   13.74309
              3       9.8106174     -0.99930426     -0.76321226      -1.0766435       3.2262794        3.2262794       13.168676                  13.168676
              2       8.0530239     -0.96174879     -0.78118045     -0.98591676       3.2262794        3.2262794       9.6534889                  9.6534889
              1       8.4570141      -1.0275677     -0.77831618     -0.90309354       3.2262794        3.2262794       10.461469                  10.461469
              8       11.431421      -1.0509334     -0.76470086     -0.84552306       3.2262794        3.2262794       16.410283                  16.410283
              4       10.663853      -1.0540442     -0.73775095     -0.88771497       3.2262794        3.2262794       14.875148                  14.875148
              1       9.4615982      -1.0278611     -0.72144394      -0.9396755       3.2262794        3.2262794       12.470638                  12.470638
              1       9.2901768      -1.0260395       -0.723004     -0.93779166       3.2262794        3.2262794       12.127795                  12.127795
              2       8.5531879      -1.0362354     -0.76479135      -1.0119483       3.2262794        3.2262794       10.653817                  10.653817
              1       9.7636745      -1.0370208     -0.75295449      -1.0642301       3.2262794        3.2262794        13.07479                   13.07479
              3       10.289918      -1.0637141     -0.77115989      -1.0676489       3.2262794        3.2262794       14.127278                  14.127278
              2       8.8991809      -1.0384786     -0.77826098      -1.0411484       3.2262794        3.2262794       11.345803                  11.345803
              1       7.3267932     -0.99081795     -0.77885869     -0.97476699       3.2262794        3.2262794       8.2010275                  8.2010275
              1       7.4969931     -0.98648749      -0.7771095     -0.98523846       3.2262794        3.2262794       8.5414274                  8.5414274
              2       6.9614746     -0.98400928     -0.75700986     -0.89072075       3.2262794        3.2262794       7.4703905                  7.4703905
              6       7.0071838     -0.98694512     -0.75611867      -0.8908279       3.2262794        3.2262794       7.5618088                  7.5618088
              2       6.9142043     -0.98915011     -0.77242958     -0.90814475       3.2262794        3.2262794       7.3758499                  7.3758499
              2       6.9406606     -0.98412469       -0.778231      -0.8884764       3.2262794        3.2262794       7.4287625                  7.4287625
              3       7.5198684     -0.99480034     -0.78948832     -0.88124804       3.2262794        3.2262794       8.5871779                  8.5871779
              1       7.5372209     -0.95736675     -0.80364168     -0.89301893       3.2262794        3.2262794       8.6218831                  8.6218831
              3       7.2891367     -0.95066513     -0.79404699     -0.87006652       3.2262794        3.2262794       8.1257146                  8.1257146
              1       7.1055977     -0.96193518     -0.78920336     -0.86258795       3.2262794        3.2262794       7.7586366                  7.7586366
              1       6.9381714     -0.97168111        -0.78539     -0.89920748       3.2262794        3.2262794        7.423784                   7.423784
              1       7.0238424     -0.96062063     -0.78707821     -0.89506749       3.2262794        3.2262794        7.595126                   7.595126
              1       7.2447367     -0.95651987     -0.78517763     -0.92367483       3.2262794        3.2262794       8.0369146                  8.0369146
              1       7.2435454      -0.9579229      -0.7718884     -0.92798133       3.2262794        3.2262794       8.0345321                  8.0345321
              1       7.1289658     -0.96294806     -0.78873348     -0.91866083       3.2262794        3.2262794       7.8053728                  7.8053728
              2        7.716272     -0.95104848     -0.79312181      -0.9414204       3.2262794        3.2262794       8.9799853                  8.9799853
              6       8.3001191     -0.96866519     -0.77201508      -1.0029156       3.2262794        3.2262794       10.147679                  10.147679
              3       9.3159878     -0.94745486     -0.77715085      -1.0075799       3.2262794        3.2262794       12.179417                  12.179417
              1       8.6548185     -0.94785702     -0.78199349     -0.98621474       3.2262794        3.2262794       10.857078                  10.857078
              1       8.8047677     -0.94491422     -0.77977073     -0.98538096       3.2262794        3.2262794       11.156977                  11.156977
              1        8.516093     -0.95156017     -0.77376777     -0.98438844       3.2262794        3.2262794       10.579627                  10.579627
              5       8.1996082     -0.94225152     -0.79503214     -0.94875644       3.2262794        3.2262794       9.9466576                  9.9466576
              1        8.669203     -0.93642829     -0.78908941      -0.9611454       3.2262794        3.2262794       10.885847                  10.885847
              1       7.0479804     -0.98349234     -0.78724204     -0.92556108       3.2262794        3.2262794       7.6434021                  7.6434021
              1        7.037824     -0.97857665     -0.78894296     -0.90457339       3.2262794        3.2262794       7.6230893                  7.6230893
              2       7.0252309     -0.98322949     -0.75711743     -0.91730131       3.2262794        3.2262794        7.597903                   7.597903
              2       7.1332274     -0.95982872     -0.78506669     -0.91934126       3.2262794        3.2262794       7.8138959                  7.8138959
              2       7.5403069      -0.9902582     -0.78775166     -0.86254477       3.2262794        3.2262794        8.628055                   8.628055
              1       8.0602435     -0.98992283     -0.80019935     -0.86143073       3.2262794        3.2262794       9.6679282                  9.6679282
              4       8.1538756     -0.98117711     -0.81560623     -0.93799625       3.2262794        3.2262794       9.8551924                  9.8551924
              1       8.8989753     -0.99767494     -0.74534705       -1.018147       3.2262794        3.2262794       11.345392                  11.345392
              4        8.662141     -0.97173607     -0.72975231     -0.94347956       3.2262794        3.2262794       10.871723                  10.871723
              2       6.9990015     -0.99346099     -0.76367648     -0.90430096       3.2262794        3.2262794       7.5454441                  7.5454441
              1        8.382841      -1.0278924     -0.74945193     -0.98441885       3.2262794        3.2262794       10.313123                  10.313123
              1       7.6612077      -1.0192454     -0.77535637     -0.96263155       3.2262794        3.2262794       8.8698566                  8.8698566
              1       7.6746295      -1.0188626     -0.77599053     -0.96996072       3.2262794        3.2262794       8.8967002                  8.8967002
              2       9.0440276     -0.94227135     -0.76849766     -0.98153378       3.2262794        3.2262794       11.635496                  11.635496
              2       7.1579571     -0.99220202     -0.78719469     -0.91544236       3.2262794        3.2262794       7.8633554                  7.8633554
              1       7.1929511     -0.99794079     -0.77827858      -0.8978918       3.2262794        3.2262794       7.9333434                  7.9333434
              2       10.330938      -1.0038311     -0.71868176      -1.0052321       3.2262794        3.2262794       14.209318                  14.209318
              4       9.0857819        -1.00591     -0.73927143      -1.0152331       3.2262794        3.2262794       11.719005                  11.719005
              1       8.6227703       -1.004167     -0.74261743      -1.0021259       3.2262794        3.2262794       10.792982                  10.792982
              4        8.286965      -1.0170088      -0.7506315     -0.99902176       3.2262794        3.2262794       10.121371                  10.121371
              1       7.9107799       -1.020349      -0.7623585     -0.98883365       3.2262794        3.2262794        9.369001                   9.369001
              1       7.0118343     -0.95581221     -0.78221548     -0.85393456       3.2262794        3.2262794       7.5711098                  7.5711098
              2       6.9936877     -0.95847272     -0.78087228       -0.850711       3.2262794        3.2262794       7.5348167                  7.5348167
              2       6.9948047     -0.95912423     -0.78001028     -0.84788736       3.2262794        3.2262794       7.5370506                  7.5370506
              1       7.2033098     -0.96814581     -0.78196905     -0.83504852       3.2262794        3.2262794       7.9540608                  7.9540608
              1       7.9411374     -0.95229228     -0.79753685      -0.8048514       3.2262794        3.2262794        9.429716                   9.429716
              2       7.5831977     -0.94917876     -0.77405988     -0.78314349       3.2262794        3.2262794       8.7138367                  8.7138367
              1       7.4673413      -0.9622551     -0.74992934     -0.79898983       3.2262794        3.2262794       8.4821239                  8.4821239
              1       7.4026883      -0.9703525     -0.75287628     -0.80916008       3.2262794        3.2262794       8.3528178                  8.3528178
              2       7.4574743     -0.99954334     -0.76852384     -0.86384145       3.2262794        3.2262794       8.4623899                  8.4623899
              2       8.2103955     -0.93275503     -0.80107847     -0.91100697       3.2262794        3.2262794       9.9682321                  9.9682321
              2        8.201014     -0.93297124     -0.80397648      -0.9026104       3.2262794        3.2262794       9.9494693                  9.9494693
              1       7.3068452     -0.98592421     -0.79312182     -0.89251909       3.2262794        3.2262794       8.1611316                  8.1611316
              1       7.5301639      -0.9837449      -0.7915069     -0.85807117       3.2262794        3.2262794        8.607769                   8.607769
              2       7.0277129     -0.98410763     -0.75348532     -0.88888504       3.2262794        3.2262794        7.602867                   7.602867
              1       8.2249207      -1.0025175     -0.74596589     -0.82804543       3.2262794        3.2262794       9.9972827                  9.9972827
              1       7.6172726     -0.97580517     -0.75954256     -0.80076854       3.2262794        3.2262794       8.7819864                  8.7819864
              3       7.2806744      -0.9503075     -0.75032423     -0.82157903       3.2262794        3.2262794       8.1087901                  8.1087901
              1       7.3109576     -0.94757613     -0.74981378     -0.82757038       3.2262794        3.2262794       8.1693564                  8.1693564
              2       7.2165807     -0.95633754     -0.74808805     -0.83970757       3.2262794        3.2262794       7.9806026                  7.9806026
             10       7.3333233     -0.96236538      -0.7469744     -0.81750549       3.2262794        3.2262794       8.2140878                  8.2140878
              1       7.2005049     -0.94681188     -0.75509138      -0.8345101       3.2262794        3.2262794        7.948451                   7.948451
              2       7.2153185     -0.96089021     -0.78018232     -0.82374657       3.2262794        3.2262794       7.9780782                  7.9780782
              3       7.2437589     -0.94652748     -0.78201612      -0.8959473       3.2262794        3.2262794        8.034959                   8.034959
              2       7.3226696     -0.97801555     -0.76374736     -0.82279596       3.2262794        3.2262794       8.1927804                  8.1927804
              1       7.0149152     -0.96107282     -0.75411673      -0.8586298       3.2262794        3.2262794       7.5772717                  7.5772717
              2       7.1923583      -1.0008042     -0.76232232     -0.94028035       3.2262794        3.2262794       7.9321578                  7.9321578
             10       7.2694776     -0.95216723     -0.79416895     -0.87719692       3.2262794        3.2262794       8.0863965                  8.0863965
              3       6.9238931     -0.95717465     -0.77877109     -0.87956996       3.2262794        3.2262794       7.3952274                  7.3952274
              1       6.9318698     -0.95659719     -0.77876164     -0.87983954       3.2262794        3.2262794       7.4111808                  7.4111808
              1       6.9383507     -0.95616428     -0.77933207     -0.87682137       3.2262794        3.2262794       7.4241427                  7.4241427
              5       7.5187257     -0.98696886     -0.75726807     -0.96691356       3.2262794        3.2262794       8.5848926                  8.5848926
              1       7.6115281     -0.97791933     -0.80021126     -0.96340909       3.2262794        3.2262794       8.7704974                  8.7704974
              1       9.5220819      -1.0093185     -0.82659088     -0.99248344       3.2262794        3.2262794       12.591605                  12.591605
              1       11.737553     -0.96310244     -0.84124374      -1.0573958       3.2262794        3.2262794       17.022546                  17.022546
              6       13.801269     -0.94939476     -0.87002269      -1.0091437       3.2262794        3.2262794       21.149979                  21.149979
              1       10.906594     -0.98510236     -0.83227441      -1.0708665       3.2262794        3.2262794        15.36063                   15.36063
              5       10.986508     -0.97641184     -0.83927563      -1.0468005       3.2262794        3.2262794       15.520457                  15.520457
              1       11.250432     -0.96715269     -0.84046128      -1.0451665       3.2262794        3.2262794       16.048305                  16.048305
              3       11.389729     -0.95853228     -0.84483718      -1.0249335       3.2262794        3.2262794       16.326898                  16.326898
              1       12.214028      -0.9500585     -0.85202367      -1.0220716       3.2262794        3.2262794       17.975497                  17.975497
              2       13.772218     -0.96425724     -0.86665969      -1.0473155       3.2262794        3.2262794       21.091877                  21.091877
              6       11.008602     -0.97048919     -0.84883391     -0.99386494       3.2262794        3.2262794       15.564646                  15.564646
              5       10.784726     -0.95959978     -0.81090126      -1.0693811       3.2262794        3.2262794       15.116892                  15.116892
              2       11.203957     -0.95979499     -0.81488495      -1.0786618       3.2262794        3.2262794       15.955356                  15.955356
              3        10.27262     -0.99405728     -0.78064897      -1.0984626       3.2262794        3.2262794       14.092682                  14.092682
              1       9.8377794     -0.95789275     -0.82878211      -1.0020319       3.2262794        3.2262794          13.223                     13.223
              1       9.9759238     -0.99189012      -0.8377569       -0.974411       3.2262794        3.2262794       13.499289                  13.499289
              5       9.4539657      -1.0403583     -0.80034428       -1.046454       3.2262794        3.2262794       12.455373                  12.455373
              1       10.161268      -1.0583792     -0.78913724     -0.96229841       3.2262794        3.2262794       13.869976                  13.869976
              6       8.7689724      -1.0092793     -0.81611266     -0.96618857       3.2262794        3.2262794       11.085386                  11.085386
              1       9.5070677      -1.0154931     -0.76610194      -1.0767108       3.2262794        3.2262794       12.561577                  12.561577
              5       9.5064055      -1.0151845     -0.76596182      -1.0765053       3.2262794        3.2262794       12.560252                  12.560252
              1       9.5133832      -1.0233138     -0.76865743      -1.0793564       3.2262794        3.2262794       12.574208                  12.574208
              4       9.2842418      -1.0184163     -0.77675053      -1.0761941       3.2262794        3.2262794       12.115925                  12.115925
              3       8.8678372     -0.99665904     -0.81050123      -1.0337487       3.2262794        3.2262794       11.283116                  11.283116
              1        8.189197     -0.98767829     -0.80862545     -0.99220189       3.2262794        3.2262794       9.9258352                  9.9258352
              9       8.1976537     -0.97821663     -0.81138681     -0.97914304       3.2262794        3.2262794       9.9427486                  9.9427486
              5       7.8985125     -0.98128649      -0.8094799     -0.95542126       3.2262794        3.2262794       9.3444662                  9.3444662
              6       8.1709108     -0.98102955      -0.8116324     -0.97706503       3.2262794        3.2262794       9.8892628                  9.8892628
              1       8.8590285     -0.96603471     -0.82553779     -0.95657723       3.2262794        3.2262794       11.265498                  11.265498
              2       8.8655195     -0.94496709     -0.82243211     -0.93116329       3.2262794        3.2262794        11.27848                   11.27848
              1       7.3457594     -0.95679926     -0.79486555     -0.91626183       3.2262794        3.2262794         8.23896                    8.23896
              4       7.4703999     -0.99962884      -0.7940019     -0.94217678       3.2262794        3.2262794       8.4882411                  8.4882411
              1       9.2735959      -1.0217739     -0.78525963     -0.85386977       3.2262794        3.2262794       12.094633                  12.094633
              6       9.6720835      -1.0405805     -0.74531133     -0.87543025       3.2262794        3.2262794       12.891608                  12.891608
              3       8.0141197      -1.0271256     -0.76128338     -0.93063356       3.2262794        3.2262794       9.5756807                  9.5756807
              4       8.1847309      -1.0202054     -0.75561334     -0.87930206       3.2262794        3.2262794        9.916903                   9.916903
             14       7.2388927     -0.96328758     -0.79652111     -0.89636944       3.2262794        3.2262794       8.0252267                  8.0252267
              2       7.2573561     -0.96141595     -0.79668842     -0.89695991       3.2262794        3.2262794       8.0621534                  8.0621534
              5       8.7590412     -0.98025181     -0.79842193     -0.80304692       3.2262794        3.2262794       11.065524                  11.065524
              4       7.9599723     -0.99683171     -0.77046685     -0.82825869       3.2262794        3.2262794       9.4673858                  9.4673858
              1       7.8551054      -1.0004162     -0.78768956     -0.86752497       3.2262794        3.2262794        9.257652                   9.257652
              6        6.969443     -0.98881345     -0.77999248     -0.91715614       3.2262794        3.2262794       7.4863272                  7.4863272
              2        7.095196     -0.99531215     -0.78120817     -0.91711486       3.2262794        3.2262794       7.7378332                  7.7378332
              3       8.0501044      -1.0233575      -0.7737794      -1.0058941       3.2262794        3.2262794         9.64765                    9.64765
              2       8.0281393      -1.0256827     -0.77504828     -0.99684187       3.2262794        3.2262794       9.6037199                  9.6037199
              2        8.300903      -1.0296666     -0.78326296      -1.0076667       3.2262794        3.2262794       10.149247                  10.149247
              6       8.4791792     -0.98610506      -0.8130857     -0.99942011       3.2262794        3.2262794         10.5058                    10.5058
              1       8.2942304     -0.98296527     -0.80654946      -1.0035696       3.2262794        3.2262794       10.135902                  10.135902
              5       7.4115065     -0.98046873     -0.79121719     -0.86000813       3.2262794        3.2262794       8.3704542                  8.3704542
              9       6.9098271     -0.97030492     -0.78104185     -0.87243305       3.2262794        3.2262794       7.3670954                  7.3670954
              3       7.1968411     -0.99064815     -0.78223307     -0.88098422       3.2262794        3.2262794       7.9411235                  7.9411235
              4       7.0037492      -0.9898656     -0.77678805      -0.9379476       3.2262794        3.2262794       7.5549396                  7.5549396
              1       6.9540109     -0.98874275     -0.77296391      -0.9311815       3.2262794        3.2262794       7.4554629                  7.4554629
              1       8.0548392      -0.9615063     -0.80334563      -0.8228206       3.2262794        3.2262794       9.6571197                  9.6571197
              6        8.022834     -0.94442295     -0.80864275     -0.84461633       3.2262794        3.2262794       9.5931092                  9.5931092
              1        7.081629     -0.97751617     -0.78933098     -0.88797706       3.2262794        3.2262794       7.7106992                  7.7106992
              1       6.9140591     -0.98057212     -0.76730419     -0.86818358       3.2262794        3.2262794       7.3755593                  7.3755593
              2       7.7630747     -0.92205992     -0.77759473     -0.82159429       3.2262794        3.2262794       9.0735906                  9.0735906
              9       8.2654486     -0.92235284     -0.75328896     -0.86162909       3.2262794        3.2262794       10.078338                  10.078338
              1       6.9072809     -0.97234261     -0.78350359     -0.89231915       3.2262794        3.2262794       7.3620029                  7.3620029
              2       7.2864379     -0.98111972      -0.7698509     -0.83356191       3.2262794        3.2262794       8.1203171                  8.1203171
              1       7.0286225     -0.96869741      -0.7800057     -0.92938979       3.2262794        3.2262794       7.6046863                  7.6046863
              3       7.1615661     -0.99296775     -0.77060095     -0.95757276       3.2262794        3.2262794       7.8705734                  7.8705734
              2       7.2929502      -0.9927386     -0.77161529     -0.97066799       3.2262794        3.2262794       8.1333416                  8.1333416
              7       7.8690993     -0.98393663     -0.78087738       -1.004773       3.2262794        3.2262794       9.2856398                  9.2856398
              2       9.0393598     -0.91384156      -0.7925948     -0.90753521       3.2262794        3.2262794       11.626161                  11.626161
              1       8.5156511     -0.90743368     -0.78269191     -0.83228137       3.2262794        3.2262794       10.578743                  10.578743
              2       7.4711922     -0.97678999     -0.76485572     -0.81160241       3.2262794        3.2262794       8.4898257                  8.4898257
              1       7.5691273     -0.97958439     -0.76219522     -0.80982995       3.2262794        3.2262794       8.6856958                  8.6856958
              3       7.2618987     -0.98338381     -0.76317558     -0.83699964       3.2262794        3.2262794       8.0712387                  8.0712387
              1       7.6222019      -1.0066425     -0.78338902     -0.89535202       3.2262794        3.2262794        8.791845                   8.791845
              3       7.9762862     -0.98388907     -0.78431404      -1.0099691       3.2262794        3.2262794       9.5000135                  9.5000135
              1       7.8750014     -0.97908041     -0.79295294     -0.99615797       3.2262794        3.2262794        9.297444                   9.297444
              1       7.2875644     -0.97751134     -0.78507645     -0.96154755       3.2262794        3.2262794         8.12257                    8.12257
             11       7.7635485     -0.95896383     -0.80254868     -0.94447136       3.2262794        3.2262794       9.0745382                  9.0745382
              3       7.5122498     -0.96988264     -0.78001615     -0.96988991       3.2262794        3.2262794       8.5719408                  8.5719408
              5       7.5752003     -0.96780293     -0.77878308     -0.97049924       3.2262794        3.2262794       8.6978419                  8.6978419
              1       7.7334704     -0.96888604     -0.80628706       -0.943949       3.2262794        3.2262794        9.014382                   9.014382
              5       9.1074838      -1.0348697     -0.80051483      -1.0308617       3.2262794        3.2262794       11.762409                  11.762409
              4       8.3190959      -1.0178352     -0.73895199     -0.95919298       3.2262794        3.2262794       10.185633                  10.185633
              8       8.0297558      -1.0128029     -0.74205643     -0.95325849       3.2262794        3.2262794       9.6069528                  9.6069528
              2       8.5454291      -1.0314425     -0.76780543       -1.026312       3.2262794        3.2262794       10.638299                  10.638299
              2       8.2003877      -1.0217751     -0.76832751      -1.0172922       3.2262794        3.2262794       9.9482166                  9.9482166
              1       10.481646      -1.0436674      -0.7187426     -0.97514398       3.2262794        3.2262794       14.510733                  14.510733
              2        9.135846      -1.0053442     -0.71538751     -0.91099377       3.2262794        3.2262794       11.819133                  11.819133
              1       9.0949566      -1.0031427     -0.71552734     -0.91205022       3.2262794        3.2262794       11.737354                  11.737354
              2       7.4383891     -0.99786246     -0.75906483     -0.96642449       3.2262794        3.2262794       8.4242194                  8.4242194
              2       7.7156848     -0.97324042     -0.73522692     -0.89853028       3.2262794        3.2262794       8.9788108                  8.9788108
              4       7.6140536     -0.95316219     -0.75254601     -0.91463574       3.2262794        3.2262794       8.7755485                  8.7755485
              3       8.5807165       -1.026013     -0.73909776     -0.90102132       3.2262794        3.2262794       10.708874                  10.708874
              1       9.0401459      -1.0034149     -0.74011062      -1.0147031       3.2262794        3.2262794       11.627733                  11.627733
              1        7.801153     -0.95376452      -0.7712867     -0.95446767       3.2262794        3.2262794       9.1497472                  9.1497472
              6       7.9453291      -0.9579009     -0.78555032     -0.97403912       3.2262794        3.2262794       9.4380995                  9.4380995
              4       7.8729703     -0.93073401     -0.78183417     -0.89871745       3.2262794        3.2262794       9.2933819                  9.2933819
              3       7.9912383     -0.92941833     -0.79185145     -0.89539647       3.2262794        3.2262794       9.5299179                  9.5299179
              4       9.2800863     -0.89239097     -0.78124386      -0.7687126       3.2262794        3.2262794       12.107614                  12.107614
              2       8.9900288     -0.90586852     -0.78314091     -0.73456967       3.2262794        3.2262794       11.527499                  11.527499
              2       10.115094     -0.91990298      -0.7315913     -0.67067856       3.2262794        3.2262794       13.777628                  13.777628
              3       10.395059     -0.91760419     -0.73320324     -0.65799455       3.2262794        3.2262794       14.337559                  14.337559
              4       10.903671     -0.92115952     -0.76638832     -0.63818233       3.2262794        3.2262794       15.354784                  15.354784
              1       9.7462057      -1.0102827     -0.76086273     -0.78622726       3.2262794        3.2262794       13.039853                  13.039853
              5       11.606033     -0.94851158     -0.80640229      -1.0768928       3.2262794        3.2262794       16.759507                  16.759507
              2       10.766161      -1.0632136     -0.78904772      -1.0946727       3.2262794        3.2262794       15.079762                  15.079762
              1       11.969259      -1.0607373     -0.81224244      -1.1257289       3.2262794        3.2262794       17.485959                  17.485959
              5        10.32913      -1.0459363     -0.80056563      -1.0925573       3.2262794        3.2262794       14.205702                  14.205702
              2       11.509145      -1.0525742     -0.81903002      -1.0983615       3.2262794        3.2262794       16.565731                  16.565731
              3       11.152133       -1.036576     -0.82433124      -1.0915046       3.2262794        3.2262794       15.851707                  15.851707
              1       9.2398278      -1.0292085     -0.81081765      -1.0104688       3.2262794        3.2262794       12.027097                  12.027097
              2       9.2040404      -1.0357199       -0.804564      -1.0126371       3.2262794        3.2262794       11.955522                  11.955522
              1       7.4576761     -0.97114002     -0.74468218     -0.81761476       3.2262794        3.2262794       8.4627933                  8.4627933
              3       7.9797219     -0.93270696     -0.76313557     -0.90076507       3.2262794        3.2262794        9.506885                   9.506885
              1       7.5084939     -0.95427653     -0.80126886     -0.90252676       3.2262794        3.2262794        8.564429                   8.564429
              2       9.6472471      -1.0247807     -0.73763334      -1.0333237       3.2262794        3.2262794       12.841935                  12.841935
              3       9.3990941      -1.0484492     -0.75626775      -1.0322585       3.2262794        3.2262794       12.345629                  12.345629
              2       8.6864589      -1.0355424     -0.75809675       -1.014828       3.2262794        3.2262794       10.920359                  10.920359
              2       8.0505508     -0.99080536     -0.78230046      -1.0186111       3.2262794        3.2262794       9.6485429                  9.6485429
              8       8.1667581     -0.99359717     -0.77764648      -1.0248777       3.2262794        3.2262794       9.8809575                  9.8809575
              2       8.7823517      -1.0183489     -0.79658208      -1.0473259       3.2262794        3.2262794       11.112145                  11.112145
              2       8.4056861     -0.99730223      -0.7473547      -1.0008136       3.2262794        3.2262794       10.358813                  10.358813
              3        7.557313     -0.95455716      -0.7862099     -0.94427572       3.2262794        3.2262794       8.6620673                  8.6620673
              3       7.5144809     -0.95222513     -0.77450162     -0.93630885       3.2262794        3.2262794        8.576403                   8.576403
              2       7.6807009     -0.98813194     -0.74215369      -0.9385238       3.2262794        3.2262794       8.9088429                  8.9088429
              1       7.5418546     -0.99310961     -0.74828465     -0.94854562       3.2262794        3.2262794       8.6311505                  8.6311505
              7       7.4360619      -1.0064672     -0.75694261     -0.95143499       3.2262794        3.2262794        8.419565                   8.419565
              3       7.1344376     -0.96848933      -0.7603607     -0.92418991       3.2262794        3.2262794       7.8163165                  7.8163165
             15       7.2908917     -0.96716075      -0.7567273     -0.92814477       3.2262794        3.2262794       8.1292247                  8.1292247
              1       7.4954364     -0.95171114     -0.79903334     -0.90521224       3.2262794        3.2262794       8.5383141                  8.5383141
              3        7.571474     -0.95093458     -0.79982489     -0.91111109       3.2262794        3.2262794       8.6903893                  8.6903893
              7       8.1496123     -0.99838716     -0.80369393     -0.89118787       3.2262794        3.2262794       9.8466658                  9.8466658
             10       6.9800453     -0.98947153     -0.76087395     -0.91426916       3.2262794        3.2262794       7.5075318                  7.5075318
              2       7.0131865     -0.98047434     -0.78203383     -0.93707439       3.2262794        3.2262794       7.5738142                  7.5738142
              2       7.1174846     -0.96517018     -0.79235065     -0.90333253       3.2262794        3.2262794       7.7824103                  7.7824103
              5       7.4104164     -0.98011475     -0.76606137     -0.82135815       3.2262794        3.2262794       8.3682739                  8.3682739
              9       8.7075613      -1.0310052     -0.79785684     -0.96487599       3.2262794        3.2262794       10.962564                  10.962564
              1       8.7864306      -1.0045987     -0.79884817     -0.85516485       3.2262794        3.2262794       11.120302                  11.120302
              3       8.6508592     -0.93347651      -0.7887591       -0.952658       3.2262794        3.2262794        10.84916                   10.84916
              4       7.8679114     -0.98093503     -0.72944269     -0.87573034       3.2262794        3.2262794        9.283264                   9.283264
              2       8.4576611     -0.92335891     -0.73587627     -0.79457939       3.2262794        3.2262794       10.462763                  10.462763
              5       9.1210379     -0.92984593     -0.71955245      -0.7637272       3.2262794        3.2262794       11.789517                  11.789517
              5       7.6880289     -0.93171586     -0.75118785     -0.80180336       3.2262794        3.2262794        8.923499                   8.923499
              2       7.8611159     -0.93030135     -0.74666308     -0.79419539       3.2262794        3.2262794        9.269673                   9.269673
              2       7.8033953     -0.93934374      -0.7399325     -0.80863821       3.2262794        3.2262794       9.1542317                  9.1542317
              3       7.2104456     -0.96339875     -0.74916023     -0.88898425       3.2262794        3.2262794       7.9683324                  7.9683324
              1       7.3659018     -0.96125123     -0.76351322     -0.93511337       3.2262794        3.2262794       8.2792448                  8.2792448
              7       6.9581708     -0.98707047     -0.78039796     -0.90747489       3.2262794        3.2262794       7.4637827                  7.4637827
              3       8.3788007     -0.99563408     -0.75163691      -1.0073345       3.2262794        3.2262794       10.305043                  10.305043
              3       6.8979676     -0.97488925     -0.75975955     -0.89756706       3.2262794        3.2262794       7.3433764                  7.3433764
              9        6.846434     -0.97413934     -0.76371384     -0.89702818       3.2262794        3.2262794       7.2403092                  7.2403092
              5       7.2513205     -0.97232326     -0.74377726     -0.85547217       3.2262794        3.2262794       8.0500821                  8.0500821
              2       8.7955181      -1.0109386     -0.80674275      -1.0340611       3.2262794        3.2262794       11.138477                  11.138477
              1        8.449505      -1.0187443     -0.80201376     -0.94046673       3.2262794        3.2262794       10.446451                  10.446451
              1       7.9382905     -0.99749654     -0.73567289     -0.85518002       3.2262794        3.2262794       9.4240223                  9.4240223
              1       8.0044114     -0.97722258     -0.74401215     -0.95777686       3.2262794        3.2262794       9.5562641                  9.5562641
              3       7.6768276     -0.98312685     -0.76556304     -0.98538484       3.2262794        3.2262794       8.9010964                  8.9010964
              1       8.2525247      -1.0068263     -0.77860912      -1.0328274       3.2262794        3.2262794       10.052491                  10.052491
              5       8.9318695     -0.97335589     -0.81538545      -1.0117699       3.2262794        3.2262794        11.41118                   11.41118
              2       8.9991208      -1.0429201     -0.76809566     -0.92338864       3.2262794        3.2262794       11.545683                  11.545683
              1       9.2631836      -1.0415412     -0.79887573     -0.97927074       3.2262794        3.2262794       12.073808                  12.073808
              3       7.8201863     -0.98530242     -0.80791804     -0.91377433       3.2262794        3.2262794       9.1878138                  9.1878138
             13       7.1954951     -0.97442091     -0.79436559     -0.92513843       3.2262794        3.2262794       7.9384314                  7.9384314
              2        7.312074      -1.0057304     -0.77029936     -0.96011946       3.2262794        3.2262794       8.1715892                  8.1715892
              4        8.628193     -0.93401452     -0.79517357     -0.75452412       3.2262794        3.2262794       10.803827                  10.803827
              1       8.8054136      -1.0219014     -0.72836893     -0.92809658       3.2262794        3.2262794       11.158268                  11.158268
              2       8.9275163      -1.0229989     -0.72678059     -0.92617443       3.2262794        3.2262794       11.402474                  11.402474
              1       9.1358968      -1.0331111     -0.73060165      -0.9346997       3.2262794        3.2262794       11.819235                  11.819235
              6       10.178977      -1.0322725     -0.74336914      -1.0652372       3.2262794        3.2262794       13.905394                  13.905394
              1       10.277442       -1.032152     -0.74576702      -1.0737021       3.2262794        3.2262794       14.102326                  14.102326
              3       10.195538      -1.0603233     -0.79229666     -0.98623852       3.2262794        3.2262794       13.938517                  13.938517
             12       9.2315583      -1.0521003     -0.77885342       -1.004412       3.2262794        3.2262794       12.010558                  12.010558
              4       11.065177      -1.0696579     -0.79838491      -1.0697526       3.2262794        3.2262794       15.677795                  15.677795
              1       10.208429     -0.94769454     -0.71124024     -0.70685429       3.2262794        3.2262794       13.964299                  13.964299
              4       9.6255681     -0.93572874     -0.76956534     -0.68579047       3.2262794        3.2262794       12.798577                  12.798577
              4       9.6241868     -0.93575191     -0.76961604     -0.68588026       3.2262794        3.2262794       12.795815                  12.795815
              2       8.4410522       -0.967806     -0.72204806     -0.79950962       3.2262794        3.2262794       10.429546                  10.429546
              4       7.9225019     -0.93027739     -0.79998319     -0.84977086       3.2262794        3.2262794       9.3924451                  9.3924451
              1       10.901031     -0.93112039     -0.84585142     -0.92416883       3.2262794        3.2262794       15.349504                  15.349504
              2       9.0022956     -0.91565001     -0.81196598     -0.86771548       3.2262794        3.2262794       11.552032                  11.552032
              2       7.5469477      -0.9663818     -0.79016354     -0.96272631       3.2262794        3.2262794       8.6413365                  8.6413365
              2       8.4891076       -1.008343     -0.76669209     -0.82922709       3.2262794        3.2262794       10.525656                  10.525656
              4       8.0056334      -1.0115093     -0.79992835     -0.95470137       3.2262794        3.2262794        9.558708                   9.558708
              1        8.183724      -1.0038898     -0.80757922     -0.93489683       3.2262794        3.2262794       9.9148893                  9.9148893
              3       9.1867481      -1.0242467     -0.80625985       -0.920604       3.2262794        3.2262794       11.920938                  11.920938
              2       8.7365006      -1.0198231     -0.79018191     -0.88145113       3.2262794        3.2262794       11.020442                  11.020442
              5       8.8482016      -1.0176442     -0.79021266     -0.86910924       3.2262794        3.2262794       11.243844                  11.243844
              1       9.5560997      -1.0256762     -0.80078405     -0.88662486       3.2262794        3.2262794       12.659641                  12.659641
              1       8.6886788      -1.0170987     -0.80696085     -0.93400106       3.2262794        3.2262794       10.924799                  10.924799
              1       8.6921101      -1.0107221     -0.81043553      -0.9241474       3.2262794        3.2262794       10.931661                  10.931661
              3       8.5083482      -1.0044806     -0.81182163     -0.92549442       3.2262794        3.2262794       10.564138                  10.564138
              1       10.398343      -1.0642108     -0.77638769     -0.95103182       3.2262794        3.2262794       14.344127                  14.344127
              7       9.8315448      -1.0076172     -0.70692679     -0.85588641       3.2262794        3.2262794       13.210531                  13.210531
              2       7.2542366     -0.99418457     -0.76028484     -0.95283501       3.2262794        3.2262794       8.0559144                  8.0559144
              2       7.2592854      -1.0006851     -0.76313878      -0.9533961       3.2262794        3.2262794       8.0660121                  8.0660121
              1       7.0526365     -0.97189378     -0.76913398     -0.93416521       3.2262794        3.2262794       7.6527142                  7.6527142
             15       7.1774206     -0.97287265     -0.78018276     -0.94994836       3.2262794        3.2262794       7.9022825                  7.9022825
              3       7.3977182     -0.97930527      -0.7628303     -0.81982747       3.2262794        3.2262794       8.3428776                  8.3428776
              5       6.9999111     -0.99137806     -0.77737813       -0.902923       3.2262794        3.2262794       7.5472634                  7.5472634
              1       7.0968465     -0.99105397     -0.78576814     -0.92352359       3.2262794        3.2262794       7.7411343                  7.7411343
              2       7.3641484      -1.0046298     -0.77682039       -0.970098       3.2262794        3.2262794       8.2757381                  8.2757381
              7       7.8387754     -0.92419312     -0.76774275     -0.85835792       3.2262794        3.2262794       9.2249919                  9.2249919
              2       10.178288     -0.92134889     -0.79480365     -0.98078491       3.2262794        3.2262794       13.904017                  13.904017
              1       8.6853101     -0.95086841       -0.794372     -0.99213936       3.2262794        3.2262794       10.918061                  10.918061
              4       8.5055667     -0.95203601     -0.78946126      -0.9884087       3.2262794        3.2262794       10.558575                  10.558575
              2       9.1648563     -0.94424575     -0.80301666     -0.99301277       3.2262794        3.2262794       11.877154                  11.877154
              3       8.4477176     -0.96498049     -0.79711162      -1.0042814       3.2262794        3.2262794       10.442876                  10.442876
              5       8.7634034      -1.0136092       -0.768219      -1.0503637       3.2262794        3.2262794       11.074248                  11.074248
              8       8.7451741     -0.94777467      -0.7455874     -0.72224814       3.2262794        3.2262794       11.037789                  11.037789
              1       9.6228106     -0.98214087     -0.74788625     -0.73311834       3.2262794        3.2262794       12.793063                  12.793063
              5       7.7885191     -0.98223339     -0.74873155     -0.96213229       3.2262794        3.2262794       9.1244794                  9.1244794
              9       7.6075816     -0.97674663      -0.7667755     -0.80464482       3.2262794        3.2262794       8.7626044                  8.7626044
              2       7.3102011     -0.98364084     -0.74299749     -0.88290418       3.2262794        3.2262794       8.1678433                  8.1678433
              6       6.9846265     -0.97999343      -0.7576331     -0.86356907       3.2262794        3.2262794       7.5166942                  7.5166942
              1       7.5549752     -0.94774748     -0.80077768     -0.86634084       3.2262794        3.2262794       8.6573917                  8.6573917
              1        7.694202     -0.93700816     -0.79555718     -0.82596609       3.2262794        3.2262794       8.9358451                  8.9358451
              1       9.0087307     -0.91626261     -0.77306579     -0.70971762       3.2262794        3.2262794       11.564903                  11.564903
              1       10.718597     -0.88327247     -0.74199481     -0.80023037       3.2262794        3.2262794       14.984635                  14.984635
              2       10.371783     -0.95215633     -0.69516984     -0.81697998       3.2262794        3.2262794       14.291007                  14.291007
              2       7.4612129     -0.97136406     -0.73817526     -0.84701253       3.2262794        3.2262794       8.4698671                  8.4698671
              4       8.5998442     -0.94014626       -0.727775     -0.86303516       3.2262794        3.2262794        10.74713                   10.74713
              4       8.7328671      -1.0156151     -0.73941319     -0.84446873       3.2262794        3.2262794       11.013175                  11.013175
              2       6.8819896     -0.96422602     -0.78062175     -0.88450571       3.2262794        3.2262794       7.3114203                  7.3114203
              2       7.6128026     -0.92990333     -0.77055885     -0.79130397       3.2262794        3.2262794       8.7730464                  8.7730464
              1        9.976192      -1.0009769     -0.78109793     -0.77572187       3.2262794        3.2262794       13.499825                  13.499825
              2       11.257428     -0.97680052     -0.81061527     -0.74339919       3.2262794        3.2262794       16.062296                  16.062296
              2       7.5106551     -0.94747682     -0.74467627     -0.80917037       3.2262794        3.2262794       8.5687515                  8.5687515
              1       8.2717038     -0.93630865      -0.7386309     -0.75530062       3.2262794        3.2262794       10.090849                  10.090849
              4       9.8136279     -0.90089115     -0.76589516     -0.88820163       3.2262794        3.2262794       13.174697                  13.174697
              1       8.6675514     -0.92359169     -0.77109823     -0.72168265       3.2262794        3.2262794       10.882544                  10.882544
              3       7.5457033     -0.97719325     -0.78358152      -0.8270573       3.2262794        3.2262794       8.6388479                  8.6388479
              1       10.004328      -0.9703267     -0.78075853     -0.72111574       3.2262794        3.2262794       13.556098                  13.556098
              2       7.8712147     -0.94683318     -0.79670103     -0.80515576       3.2262794        3.2262794       9.2898707                  9.2898707
              1       7.1896523     -0.97122901       -0.745686     -0.85644872       3.2262794        3.2262794       7.9267457                  7.9267457
              1       6.9134405     -0.97228839     -0.75797048      -0.8900245       3.2262794        3.2262794       7.3743223                  7.3743223
              1       7.4148601     -0.98434251     -0.74769587     -0.93305025       3.2262794        3.2262794       8.3771614                  8.3771614
              4       9.6136829     -0.92955404     -0.74767577      -0.9442623       3.2262794        3.2262794       12.774807                  12.774807
              1       7.7829366      -0.9292267      -0.7729114     -0.88297057       3.2262794        3.2262794       9.1133144                  9.1133144
              1       9.0025291     -0.90437553     -0.74550244     -0.75620626       3.2262794        3.2262794       11.552499                  11.552499
              4       9.6685165      -0.9683186     -0.71651698     -0.73900885       3.2262794        3.2262794       12.884474                  12.884474
              3       8.1155967      -0.9202403     -0.75215646      -0.8261275       3.2262794        3.2262794       9.7786346                  9.7786346
              5       8.4538331     -0.99815174     -0.74073194     -0.98747179       3.2262794        3.2262794       10.455107                  10.455107
              5        7.080959     -0.95671852     -0.75988483      -0.8241207       3.2262794        3.2262794       7.7093593                  7.7093593
              4       7.6591465     -0.97031499     -0.73329026     -0.84580101       3.2262794        3.2262794       8.8657342                  8.8657342
              6        6.878356      -0.9609543     -0.76350812     -0.86472924       3.2262794        3.2262794       7.3041532                  7.3041532
              6       8.6136587      -0.9709039     -0.81529267     -0.84495131       3.2262794        3.2262794       10.774759                  10.774759
              1       6.9700677     -0.96386561     -0.75671152     -0.84962871       3.2262794        3.2262794       7.4875766                  7.4875766
              5       10.898792     -0.97190268      -0.8134561     -0.75105913       3.2262794        3.2262794       15.345026                  15.345026
              2       8.8329332     -0.95084553     -0.81424827     -0.80420466       3.2262794        3.2262794       11.213308                  11.213308
              3       7.2888266     -0.99514881     -0.76773222     -0.96698828       3.2262794        3.2262794       8.1250944                  8.1250944
              8       7.2983852      -1.0021612     -0.77426285      -0.9664693       3.2262794        3.2262794       8.1442115                  8.1442115
              4       7.1447639     -0.98518589     -0.76935278     -0.95453771       3.2262794        3.2262794        7.836969                   7.836969
              7       9.7069993     -0.90512574     -0.81467145     -0.86981108       3.2262794        3.2262794        12.96144                   12.96144
              3       8.8841427     -0.92581702     -0.81827672     -0.86902665       3.2262794        3.2262794       11.315727                  11.315727
              9       8.8546278     -0.90421789     -0.78016607     -0.74613682       3.2262794        3.2262794       11.256697                  11.256697
              4       9.6915269     -0.88693264     -0.78658126     -0.79387921       3.2262794        3.2262794       12.930495                  12.930495
              4       8.5200104     -0.92027338     -0.79188667      -0.9001379       3.2262794        3.2262794       10.587462                  10.587462
              9       8.9479699     -0.94036924     -0.82461266     -0.85447186       3.2262794        3.2262794       11.443381                  11.443381
              1       9.3474829     -0.97233961     -0.73240688     -0.98247932       3.2262794        3.2262794       12.242407                  12.242407
              2       9.3468593      -0.9536538       -0.712647     -0.87713775       3.2262794        3.2262794        12.24116                   12.24116
              3       10.149619     -0.98209562     -0.69780061     -0.87264786       3.2262794        3.2262794        13.84668                   13.84668
              2       9.7767476     -0.89600983     -0.73723919     -0.77676745       3.2262794        3.2262794       13.100936                  13.100936
              1       10.294953     -0.89287162     -0.73273532     -0.79090847       3.2262794        3.2262794       14.137348                  14.137348
              4       11.052993     -0.88856845     -0.71994596     -0.74423201       3.2262794        3.2262794       15.653427                  15.653427
              3       10.703215     -0.88878615      -0.7278663     -0.77055557       3.2262794        3.2262794       14.953871                  14.953871
              2       10.656483     -0.88726531     -0.73151243      -0.7751141       3.2262794        3.2262794       14.860407                  14.860407
              1       11.090339     -0.92706754     -0.74302326     -0.63233205       3.2262794        3.2262794       15.728119                  15.728119
              1       9.4247933     -0.94137634     -0.75805454     -0.69130023       3.2262794        3.2262794       12.397028                  12.397028
              4       9.6676051      -1.0151013     -0.78551531      -0.8224059       3.2262794        3.2262794       12.882651                  12.882651
              7       7.2939185     -0.99833014     -0.76217834     -0.95833478       3.2262794        3.2262794       8.1352782                  8.1352782
              1       8.4111222      -1.0158359     -0.78254266      -1.0388124       3.2262794        3.2262794       10.369686                  10.369686
              6       8.0755035     -0.98709908     -0.73068866      -0.9210066       3.2262794        3.2262794       9.6984483                  9.6984483
              3       7.3186678     -0.95506452     -0.78532685     -0.82176654       3.2262794        3.2262794       8.1847768                  8.1847768
              1       7.3213928     -0.95740374     -0.78374081     -0.81916373       3.2262794        3.2262794       8.1902269                  8.1902269
              7       8.4485395     -0.92129904     -0.76014752     -0.73260718       3.2262794        3.2262794        10.44452                   10.44452
              3       7.3314218     -0.97074444     -0.74861403     -0.82127561       3.2262794        3.2262794       8.2102849                  8.2102849
              2       7.6574747     -0.99170868     -0.78792513      -0.9947786       3.2262794        3.2262794       8.8623906                  8.8623906
              1       7.0984446     -0.98109838     -0.77991601     -0.95013757       3.2262794        3.2262794       7.7443304                  7.7443304
              4       8.1303382     -0.95854415      -0.8159815     -0.90831381       3.2262794        3.2262794       9.8081176                  9.8081176
              3       7.9412106     -0.96482739     -0.79836175     -0.97632916       3.2262794        3.2262794       9.4298624                  9.4298624
              1       8.0470899     -0.96980746     -0.79293017     -0.99487044       3.2262794        3.2262794       9.6416211                  9.6416211
              3        8.754622     -0.92270233     -0.72991715      -0.7950936       3.2262794        3.2262794       11.056685                  11.056685
              1       9.1997771     -0.98594452     -0.71038553     -0.89114654       3.2262794        3.2262794       11.946995                  11.946995
              9       10.208473      -1.0031058     -0.71000965     -0.79513077       3.2262794        3.2262794       13.964387                  13.964387
              2       12.141046      -1.0024749     -0.69216928     -0.75924627       3.2262794        3.2262794       17.829532                  17.829532
              1       11.405295     -0.89298359     -0.73499166     -0.86982264       3.2262794        3.2262794       16.358032                  16.358032
              4       9.4684742     -0.91160181     -0.79721723     -0.91959125       3.2262794        3.2262794        12.48439                   12.48439
              5       8.9491947     -0.90288782     -0.77750764     -0.85198394       3.2262794        3.2262794       11.445831                  11.445831
              1       9.5443872     -0.89532576     -0.74960127      -0.8067189       3.2262794        3.2262794       12.636216                  12.636216
              1       10.075474      -0.8804192     -0.77517943     -0.78322459       3.2262794        3.2262794        13.69839                   13.69839
              8       7.4341711     -0.98741541     -0.79650463     -0.89685807       3.2262794        3.2262794       8.4157834                  8.4157834
              3       9.0332481       -1.005115     -0.81618746     -0.90538484       3.2262794        3.2262794       11.613937                  11.613937
              2       7.7000275     -0.97658386     -0.79334356     -0.83733266       3.2262794        3.2262794       8.9474962                  8.9474962
              1       9.5256456     -0.95386353     -0.81293644     -0.77038316       3.2262794        3.2262794       12.598732                  12.598732
              2       9.2931555     -0.95731314     -0.81730568     -0.79731776       3.2262794        3.2262794       12.133752                  12.133752
              3       8.9255193      -1.0295429      -0.7387984     -0.88585553       3.2262794        3.2262794        11.39848                   11.39848
              2       8.9351108      -1.0321169     -0.73998808     -0.89493199       3.2262794        3.2262794       11.417663                  11.417663
              8        8.780785      -1.0145438     -0.72434953     -0.89587361       3.2262794        3.2262794       11.109011                  11.109011
              2       8.9813704       -1.015373     -0.72121587      -0.9077324       3.2262794        3.2262794       11.510182                  11.510182
              1       7.5235891     -0.99017492      -0.7594158     -0.97263423       3.2262794        3.2262794       8.5946194                  8.5946194
              4        7.291417     -0.93639848     -0.76888062      -0.8450902       3.2262794        3.2262794       8.1302752                  8.1302752
              7       6.8990689     -0.96578623     -0.75925955     -0.86274955       3.2262794        3.2262794        7.345579                   7.345579
              1       7.0911529     -0.95621382     -0.75344183     -0.84182166       3.2262794        3.2262794        7.729747                   7.729747
              2       7.7383891     -0.95300455      -0.7797928     -0.78229071       3.2262794        3.2262794       9.0242194                  9.0242194
              3       9.6181311     -0.92639067     -0.75723348     -0.67744056       3.2262794        3.2262794       12.783703                  12.783703
              4       9.6547963      -0.9278006     -0.75724822     -0.67652259       3.2262794        3.2262794       12.857034                  12.857034
              2       9.3892729       -1.008205     -0.72398527     -0.81484019       3.2262794        3.2262794       12.325987                  12.325987
              3       9.4250816      -1.0055451     -0.72113794     -0.81238526       3.2262794        3.2262794       12.397604                  12.397604
              3       7.8224984     -0.92494457     -0.76305973     -0.85251962       3.2262794        3.2262794        9.192438                   9.192438
              1       7.5987114      -0.9424444     -0.79275772     -0.90635046       3.2262794        3.2262794       8.7448641                  8.7448641
              5       7.8147519     -0.92264078     -0.76871395     -0.78833359       3.2262794        3.2262794       9.1769449                  9.1769449
              4       7.8411819     -0.92257099     -0.76679576     -0.78456724       3.2262794        3.2262794        9.229805                   9.229805
              2       7.4691835     -0.97061936     -0.73798289     -0.84603403       3.2262794        3.2262794       8.4858083                  8.4858083
              2       7.2165477     -0.97510904     -0.74452991     -0.87057194       3.2262794        3.2262794       7.9805367                  7.9805367
              1       7.1347019     -0.97849475     -0.74762617      -0.8759463       3.2262794        3.2262794        7.816845                   7.816845
              2       7.7473386     -0.96029546     -0.76707945     -0.96044174       3.2262794        3.2262794       9.0421184                  9.0421184
              2       8.3222786     -0.93200779     -0.77333406     -0.73877695       3.2262794        3.2262794       10.191998                  10.191998
              7       9.6139287     -0.92945345     -0.72356208     -0.70525373       3.2262794        3.2262794       12.775299                  12.775299
              1       9.4368243     -0.98599984     -0.73526697     -0.75034935       3.2262794        3.2262794        12.42109                   12.42109
              1       9.0814477     -0.95572496      -0.7904977     -0.74249781       3.2262794        3.2262794       11.710337                  11.710337
              2       9.7096048     -0.99229209     -0.71315169     -0.95073519       3.2262794        3.2262794       12.966651                  12.966651
              1       9.6888326     -0.99275705     -0.71399992     -0.95374806       3.2262794        3.2262794       12.925106                  12.925106
              7       8.8537891      -1.0009365     -0.79559609      -1.0545963       3.2262794        3.2262794       11.255019                  11.255019
              5        7.358395      -1.0017723     -0.76960497     -0.97161657       3.2262794        3.2262794       8.2642312                  8.2642312
              6       7.8268522      -1.0213639     -0.77468509     -0.98629861       3.2262794        3.2262794       9.2011456                  9.2011456
              3       8.7968088       -1.034461      -0.7435408     -0.98311034       3.2262794        3.2262794       11.141059                  11.141059
              1       8.4988785      -1.0283172     -0.74190472      -0.9176652       3.2262794        3.2262794       10.545198                  10.545198
              1       8.4844197      -1.0313688     -0.74658416     -0.92360373       3.2262794        3.2262794       10.516281                  10.516281
              8       6.8778403     -0.98586407     -0.76700571     -0.90003944       3.2262794        3.2262794       7.3031218                  7.3031218
              7       7.0220421     -0.98838914     -0.75689069      -0.9095607       3.2262794        3.2262794       7.5915254                  7.5915254
              2       7.5007395     -0.95860112     -0.78885156     -0.81709281       3.2262794        3.2262794       8.5489203                  8.5489203
              2       7.1815493     -0.96224055     -0.77729253     -0.82317887       3.2262794        3.2262794       7.9105397                  7.9105397
              3       7.0507708     -0.94926289     -0.77470465     -0.83660415       3.2262794        3.2262794       7.6489829                  7.6489829
              5       7.4233118     -0.96630152     -0.78344638     -0.81896245       3.2262794        3.2262794       8.3940647                  8.3940647
              1       7.2802028     -0.94161056     -0.78485328     -0.87142041       3.2262794        3.2262794       8.1078469                  8.1078469
             12         7.36393     -0.94161683      -0.7854046     -0.88724714       3.2262794        3.2262794       8.2753011                  8.2753011
              2       7.3982261        -0.94107     -0.77111493     -0.89275473       3.2262794        3.2262794       8.3438934                  8.3438934
              4       6.9900648     -0.95311277     -0.76170732     -0.85928787       3.2262794        3.2262794       7.5275708                  7.5275708
              3       7.1699965     -0.94660383     -0.76624342     -0.88148537       3.2262794        3.2262794       7.8874343                  7.8874343
              2       7.1040047     -0.95721154     -0.77595095     -0.91511532       3.2262794        3.2262794       7.7554506                  7.7554506
              4       7.2473734      -0.9462547     -0.78697136     -0.88578414       3.2262794        3.2262794       8.0421881                  8.0421881
              1       7.0165557     -0.96978961     -0.78698041     -0.91699782       3.2262794        3.2262794       7.5805527                  7.5805527
              2       7.2449691     -0.96882983     -0.79345306     -0.93241512       3.2262794        3.2262794       8.0373795                  8.0373795
              7       7.8606164     -0.92741535     -0.77896218      -0.8840124       3.2262794        3.2262794       9.2686739                  9.2686739
              3       7.7707067     -0.95754297     -0.79967924     -0.94930553       3.2262794        3.2262794       9.0888545                  9.0888545
             10       6.8328614     -0.97545919     -0.77217475     -0.90839801       3.2262794        3.2262794        7.213164                   7.213164
              8        6.900596     -0.97760598     -0.77575919     -0.92385452       3.2262794        3.2262794       7.3486331                  7.3486331
              4       9.6285708     -0.96763304     -0.80547348     -0.76628537       3.2262794        3.2262794       12.804583                  12.804583
              2       9.6691143      -1.0180316     -0.79807983     -0.85243924       3.2262794        3.2262794        12.88567                   12.88567
              4       9.9327625      -1.0129937     -0.78193085     -0.80422355       3.2262794        3.2262794       13.412966                  13.412966
              1       9.8874132      -1.0108763     -0.77819732     -0.79639492       3.2262794        3.2262794       13.322268                  13.322268
              3       7.9635438      -0.9321729     -0.78719828     -0.77881842       3.2262794        3.2262794       9.4745289                  9.4745289
              2       8.2688777     -0.94132179     -0.73211764     -0.77129077       3.2262794        3.2262794       10.085197                  10.085197
              1       8.1577259     -0.94056726     -0.73307535     -0.78166936       3.2262794        3.2262794       9.8628931                  9.8628931
              1       8.3438648     -0.92928138     -0.73552427     -0.77283011       3.2262794        3.2262794       10.235171                  10.235171
              2       8.0903479     -0.93050185     -0.74185224     -0.77483846       3.2262794        3.2262794       9.7281369                  9.7281369
              5       7.2181133     -0.94332524     -0.78430048     -0.84716419       3.2262794        3.2262794       7.9836679                  7.9836679
              6       7.4761958     -0.95061647     -0.78989147     -0.92494409       3.2262794        3.2262794       8.4998329                  8.4998329
              4       7.3064736     -0.97571697     -0.79140961     -0.95309415       3.2262794        3.2262794       8.1603885                  8.1603885
              7       7.4268062     -0.99766172     -0.74688864     -0.88115945       3.2262794        3.2262794       8.4010536                  8.4010536
              8       7.3335959     -0.98958082     -0.75118909     -0.85297641       3.2262794        3.2262794       8.2146331                  8.2146331
              5       7.2236534     -0.96869572     -0.77764486     -0.94830616       3.2262794        3.2262794       7.9947479                  7.9947479
              1       7.2266248     -0.97211306     -0.77973753     -0.95318907       3.2262794        3.2262794       8.0006908                  8.0006908
              4       7.6042733     -0.92739784      -0.7628923     -0.81683066       3.2262794        3.2262794       8.7559877                  8.7559877
              6       8.3373252     -0.94484503     -0.72972856     -0.86529846       3.2262794        3.2262794       10.222092                  10.222092
              1        7.054182     -0.99010047     -0.78295781     -0.90560801       3.2262794        3.2262794       7.6558052                  7.6558052
              1       7.3446911       -0.958375     -0.79756223      -0.8680101       3.2262794        3.2262794       8.2368233                  8.2368233
              2       7.1766121     -0.95792487     -0.79253753     -0.87049147       3.2262794        3.2262794       7.9006655                  7.9006655
              2       7.6222276     -0.95779228      -0.8028887     -0.92463465       3.2262794        3.2262794       8.7918964                  8.7918964
              1       8.0811855     -0.91516985     -0.76320972     -0.80588178       3.2262794        3.2262794       9.7098121                  9.7098121
             11       8.8025439      -0.9025795     -0.77560927     -0.75312014       3.2262794        3.2262794       11.152529                  11.152529
              1       7.4305945     -0.93436232     -0.78059862     -0.86425927       3.2262794        3.2262794       8.4086303                  8.4086303
              1       7.2251502     -0.94505732     -0.78730209     -0.85921174       3.2262794        3.2262794       7.9977417                  7.9977417
              3       7.4500424      -1.0121204     -0.77773648     -0.93812691       3.2262794        3.2262794        8.447526                   8.447526
              3       7.6787508      -0.9607055     -0.78344976     -0.96497847       3.2262794        3.2262794       8.9049428                  8.9049428
              7       7.5637085      -0.9750512     -0.77243766      -0.9768977       3.2262794        3.2262794       8.6748582                  8.6748582
              1       7.6138167     -0.95420642     -0.74701859     -0.90192573       3.2262794        3.2262794       8.7750746                  8.7750746
              2       7.3233965     -0.97005165     -0.74311596     -0.88651706       3.2262794        3.2262794       8.1942342                  8.1942342
              2       7.7041231     -0.94813449     -0.76760448     -0.93321059       3.2262794        3.2262794       8.9556875                  8.9556875
              1       7.5689686     -0.98367116     -0.80293425     -0.90935302       3.2262794        3.2262794       8.6853784                  8.6853784
              2       9.5610044      -0.9163768     -0.81035409     -0.74922632       3.2262794        3.2262794        12.66945                   12.66945
              9       10.223715     -0.92663466     -0.83360134     -0.80319842       3.2262794        3.2262794       13.994872                  13.994872
              1       10.084337     -0.89433922     -0.81265809     -0.77189884       3.2262794        3.2262794       13.716115                  13.716115
              7       9.9567067     -0.89571884     -0.81086229     -0.76874007       3.2262794        3.2262794       13.460855                  13.460855
              4       9.4447413      -1.0139929     -0.75572326     -0.80294145       3.2262794        3.2262794       12.436924                  12.436924
              5       7.5454228     -0.99797118      -0.7835581     -0.87331133       3.2262794        3.2262794       8.6382869                  8.6382869
              3       9.4701136      -1.0271311     -0.80653341     -0.91495341       3.2262794        3.2262794       12.487668                  12.487668
              4       8.5367517      -1.0198594     -0.79158654     -0.89645159       3.2262794        3.2262794       10.620945                  10.620945
              4       6.8175315     -0.97309225     -0.77554614     -0.88787241       3.2262794        3.2262794       7.1825042                  7.1825042
              2       7.0286527     -0.95590029     -0.78324897     -0.89386548       3.2262794        3.2262794       7.6047466                  7.6047466
              7       7.6363483     -0.94016259     -0.75294514     -0.87875523       3.2262794        3.2262794       8.8201379                  8.8201379
              2       7.5783366     -0.93938482     -0.78547299     -0.90356954       3.2262794        3.2262794       8.7041144                  8.7041144
              1       7.0411056     -0.98846151     -0.76317174     -0.93516753       3.2262794        3.2262794       7.6296524                  7.6296524
              6       7.7285668      -1.0000741     -0.77694905       -1.003663       3.2262794        3.2262794       9.0045748                  9.0045748
              7       7.7490545     -0.98181253     -0.80377022     -0.96715859       3.2262794        3.2262794       9.0455502                  9.0455502
              1       8.0746056     -0.98302062     -0.80904473     -0.97948912       3.2262794        3.2262794       9.6966524                  9.6966524
              2       7.6348688     -0.97386681     -0.79273547     -0.97607316       3.2262794        3.2262794       8.8171787                  8.8171787
              4       7.6016991     -0.99411107     -0.78365555     -0.99418968       3.2262794        3.2262794       8.7508394                  8.7508394
              5       7.4314941     -0.99661837     -0.74730317     -0.87360294       3.2262794        3.2262794       8.4104294                  8.4104294
              3       7.7147411       -0.995354     -0.73849227     -0.86387369       3.2262794        3.2262794       8.9769234                  8.9769234
              9       9.0310372      -0.9826026     -0.71097766     -0.83615136       3.2262794        3.2262794       11.609516                  11.609516
              5       8.2430556     -0.93781817      -0.7681904     -0.73965496       3.2262794        3.2262794       10.033552                  10.033552
              2        9.367532     -0.93960954     -0.78464071     -0.71043768       3.2262794        3.2262794       12.282505                  12.282505
              2       9.7985495     -0.95181433     -0.78327455     -0.70612743       3.2262794        3.2262794        13.14454                   13.14454
              4       9.4144368      -0.9564069     -0.77681919     -0.71607676       3.2262794        3.2262794       12.376315                  12.376315
              2        8.072907     -0.98109284     -0.76623663     -0.78931709       3.2262794        3.2262794       9.6932552                  9.6932552
              7       8.4843543     -0.90885352     -0.75588993     -0.78935444       3.2262794        3.2262794        10.51615                   10.51615
             15       8.2431271     -0.97531747     -0.80691351     -0.99322642       3.2262794        3.2262794       10.033695                  10.033695
              1       8.1256799     -0.98036767     -0.79711015      -1.0070396       3.2262794        3.2262794        9.798801                   9.798801
              4       9.4899487     -0.97398181     -0.80808773      -1.0485054       3.2262794        3.2262794       12.527339                  12.527339
              1       8.7947605     -0.95538511     -0.79032426      -1.0061718       3.2262794        3.2262794       11.136962                  11.136962
             10       8.7266594     -0.94974055     -0.78159884     -0.99267792       3.2262794        3.2262794        11.00076                   11.00076
              4       7.7702597      -1.0208566     -0.76147718     -0.92344291       3.2262794        3.2262794       9.0879605                  9.0879605
              5       9.4420375      -1.0176683     -0.72484796     -0.83850616       3.2262794        3.2262794       12.431516                  12.431516
              6       8.7896898      -1.0105148     -0.75674539     -0.81869689       3.2262794        3.2262794       11.126821                  11.126821
              1       7.7078712     -0.97463405     -0.73239137     -0.87295358       3.2262794        3.2262794       8.9631837                  8.9631837
              8       7.8061717     -0.99765657     -0.74382501     -0.95550731       3.2262794        3.2262794       9.1597846                  9.1597846
              2       7.4744682      -0.9856151     -0.75590309      -0.9604333       3.2262794        3.2262794       8.4963776                  8.4963776
              2        7.371605     -0.97602504     -0.77805805     -0.96842774       3.2262794        3.2262794       8.2906511                  8.2906511
              1       7.6914775     -0.98195236     -0.77889612     -0.99355712       3.2262794        3.2262794       8.9303962                  8.9303962
              1       8.4824914     -0.99161397     -0.79466233     -0.82863321       3.2262794        3.2262794       10.512424                  10.512424
              2       8.8575227     -0.99360852     -0.80810393     -0.85073449       3.2262794        3.2262794       11.262487                  11.262487
              1       8.8392348     -0.98128782     -0.81431266     -0.84637018       3.2262794        3.2262794       11.225911                  11.225911
              7       7.0121561     -0.96327545     -0.75812828     -0.89387067       3.2262794        3.2262794       7.5717535                  7.5717535
              1       7.1084093     -0.96127063     -0.76841381      -0.8205716       3.2262794        3.2262794       7.7642599                  7.7642599
              9       7.2796961     -0.95745529     -0.78224453     -0.81978225       3.2262794        3.2262794       8.1068333                  8.1068333
              2        10.32421      -1.0031676     -0.71711139     -0.77382926       3.2262794        3.2262794       14.195862                  14.195862
              5       13.248414     -0.97594309     -0.67678694     -0.91950192       3.2262794        3.2262794       20.044268                  20.044268
              1       11.474002     -0.95530015      -0.6947233       -0.906923       3.2262794        3.2262794       16.495444                  16.495444
              1       9.2125149      -1.0031039     -0.72748186     -0.98592379       3.2262794        3.2262794       11.972471                  11.972471
              8       8.1968279      -1.0248614     -0.74586621     -0.94910138       3.2262794        3.2262794        9.941097                   9.941097
              6        7.448859     -0.98173887     -0.75594903     -0.95593686       3.2262794        3.2262794       8.4451591                  8.4451591
              8       6.9194264     -0.97377009      -0.7631067     -0.91163691       3.2262794        3.2262794        7.386294                   7.386294
              6       6.9536611      -0.9721005     -0.76764307     -0.92202135       3.2262794        3.2262794       7.4547634                  7.4547634
              2       7.6687676     -0.98838774     -0.73888863     -0.84551026       3.2262794        3.2262794       8.8849764                  8.8849764
             12       8.8758458      -1.0109752     -0.75308366      -1.0357573       3.2262794        3.2262794       11.299133                  11.299133
              1       9.1567863      -1.0297828     -0.73987695     -0.86850476       3.2262794        3.2262794       11.861014                  11.861014
              1       9.1321124      -1.0399369     -0.77101738     -0.90307587       3.2262794        3.2262794       11.811666                  11.811666
              4       8.3079226     -0.96065755      -0.7944201     -0.78536937       3.2262794        3.2262794       10.163286                  10.163286
              1       8.7749103     -0.91771241     -0.79466363     -0.75241941       3.2262794        3.2262794       11.097262                  11.097262
              2       8.4843269     -0.92303012     -0.76399045     -0.72887089       3.2262794        3.2262794       10.516095                  10.516095
              3       8.5788463      -1.0190697     -0.73399969     -0.88297157       3.2262794        3.2262794       10.705134                  10.705134
              5       8.4701017      -1.0060388     -0.74899005      -0.8225562       3.2262794        3.2262794       10.487645                  10.487645
              3        8.465411      -1.0015172     -0.76074877     -0.81121804       3.2262794        3.2262794       10.478263                  10.478263
              2       9.5321081     -0.96028458     -0.75727596     -0.70578179       3.2262794        3.2262794       12.611657                  12.611657
              1       10.063328     -0.93246928     -0.77349493     -0.67287703       3.2262794        3.2262794       13.674096                  13.674096
              8       10.393327     -0.94347918     -0.78440285     -0.68218157       3.2262794        3.2262794       14.334095                  14.334095
              1       11.002658     -0.87980589     -0.77589543     -0.66113384       3.2262794        3.2262794       15.552757                  15.552757
              8       9.5439195     -0.93084198     -0.71288125      -0.7541697       3.2262794        3.2262794        12.63528                   12.63528
              1       8.0309359     -0.99567307     -0.73780723     -0.95132652       3.2262794        3.2262794        9.609313                   9.609313
              3       7.8230549     -0.96740591      -0.8108638     -0.90456614       3.2262794        3.2262794        9.193551                   9.193551
              1       7.7903462     -0.93580205     -0.80055658      -0.8617376       3.2262794        3.2262794       9.1281336                  9.1281336
              2       7.9994441       -0.965862     -0.74444906     -0.77391591       3.2262794        3.2262794       9.5463295                  9.5463295
              2       8.1028024     -0.95756161     -0.74190125     -0.76308952       3.2262794        3.2262794        9.753046                   9.753046
              7       11.130742      -1.0590527     -0.77204727     -0.88805435       3.2262794        3.2262794       15.808925                  15.808925
              1        11.00969      -1.0597453     -0.76740362     -0.89115439       3.2262794        3.2262794       15.566821                  15.566821
              1       9.5337972      -1.0447825     -0.75309358     -0.89548511       3.2262794        3.2262794       12.615036                  12.615036
              1        7.991159     -0.97041233      -0.7976874     -0.82136017       3.2262794        3.2262794       9.5297592                  9.5297592
              6       8.1948996     -0.98193259     -0.81575266     -0.91651604       3.2262794        3.2262794       9.9372405                  9.9372405
              2        8.459691     -0.97179473     -0.81223394     -0.84342149       3.2262794        3.2262794       10.466823                  10.466823
              6        9.441515     -0.95267991     -0.83110789     -0.84979869       3.2262794        3.2262794       12.430471                  12.430471
              4       9.2250907     -0.99990796     -0.73824504     -0.78297065       3.2262794        3.2262794       11.997623                  11.997623
              2       9.3323821       -1.007738      -0.7519089     -0.79176551       3.2262794        3.2262794       12.212205                  12.212205
              6       6.8519874     -0.96248421     -0.76639192     -0.87852526       3.2262794        3.2262794       7.2514161                  7.2514161
              2       9.0833424     -0.94689304     -0.73441919     -0.71635624       3.2262794        3.2262794       11.714126                  11.714126
              1        8.874193     -0.91097894     -0.76763841     -0.71936875       3.2262794        3.2262794       11.295827                  11.295827
              8       7.7288601      -0.9244793     -0.76915476     -0.79415399       3.2262794        3.2262794       9.0051615                  9.0051615
              1       7.6732561     -0.93792208     -0.78865239     -0.80188834       3.2262794        3.2262794       8.8939533                  8.8939533
              8       7.2695732     -0.95109066     -0.79362954     -0.87371648       3.2262794        3.2262794       8.0865875                  8.0865875
              7        7.053435     -0.94930138     -0.77946245     -0.87591745       3.2262794        3.2262794       7.6543111                  7.6543111
              1       7.2651121     -0.93788805     -0.77027022     -0.85501198       3.2262794        3.2262794       8.0776654                  8.0776654
              3       8.0867277     -0.91987998     -0.78518893     -0.86507074       3.2262794        3.2262794       9.7208966                  9.7208966
              1        7.291032     -0.93597289     -0.77185558     -0.84066373       3.2262794        3.2262794       8.1295052                  8.1295052
              3       8.3959231     -0.96770511     -0.73132989     -0.92834649       3.2262794        3.2262794       10.339287                  10.339287
              3        8.676245     -0.99118931     -0.72932644     -0.96047634       3.2262794        3.2262794       10.899931                  10.899931
              1       9.2530853     -0.95721499     -0.70886619     -0.84438251       3.2262794        3.2262794       12.053612                  12.053612
              4       7.5971933     -0.93671881     -0.75184562     -0.79383801       3.2262794        3.2262794       8.7418279                  8.7418279
              2       7.5170361     -0.96096382      -0.7441974     -0.80385848       3.2262794        3.2262794       8.5815133                  8.5815133
              6       8.3459478      -0.9555182     -0.72192348     -0.83252246       3.2262794        3.2262794       10.239337                  10.239337
              1       7.5757155     -0.98521158     -0.74108008     -0.92274946       3.2262794        3.2262794       8.6988722                  8.6988722
              2       7.3669835     -0.99490561     -0.75511994       -0.859312       3.2262794        3.2262794       8.2814083                  8.2814083
              5       7.4186451     -0.97925204     -0.74497536     -0.83352345       3.2262794        3.2262794       8.3847314                  8.3847314
              1       8.4751467      -1.0008377     -0.78237174      -1.0425538       3.2262794        3.2262794       10.497735                  10.497735
              8       9.3631966       -1.006548     -0.82233658      -1.0207906       3.2262794        3.2262794       12.273834                  12.273834
              1       8.6024345     -0.99124683     -0.81957828     -0.92431714       3.2262794        3.2262794        10.75231                   10.75231
              7       10.515747      -1.0040908     -0.69678965     -0.86332227       3.2262794        3.2262794       14.578935                  14.578935
              2       10.887606      -1.0557488     -0.72160283     -0.93558181       3.2262794        3.2262794       15.322653                  15.322653
              1       10.233271      -1.0457019     -0.72793525     -0.89556447       3.2262794        3.2262794       14.013983                  14.013983
              2       7.2404662     -0.96299431     -0.76555782     -0.93187431       3.2262794        3.2262794       8.0283735                  8.0283735
              4       9.0214831      -1.0346772     -0.76915363     -0.88666628       3.2262794        3.2262794       11.590407                  11.590407
              2       8.7517098      -1.0331864     -0.76523688     -0.89357906       3.2262794        3.2262794       11.050861                  11.050861
              4       9.1623699       -1.049303     -0.78394527      -1.0040214       3.2262794        3.2262794       11.872181                  11.872181
              5       9.0085279      -1.0456345     -0.78440053      -1.0141192       3.2262794        3.2262794       11.564497                  11.564497
              6        8.784941      -1.0360866     -0.79404268     -0.97267373       3.2262794        3.2262794       11.117323                  11.117323
              3       10.452233      -1.0603417      -0.7988456     -0.99113013       3.2262794        3.2262794       14.451907                  14.451907
              6       11.940518      -1.0709311     -0.81345636      -1.0769024       3.2262794        3.2262794       17.428477                  17.428477
              2       9.7191437      -1.0053652     -0.82508167      -1.0368573       3.2262794        3.2262794       12.985729                  12.985729
              2       8.4620199     -0.98950122     -0.81360433     -0.99639052       3.2262794        3.2262794       10.471481                  10.471481
              4       8.8220856      -1.0031222     -0.79577271      -1.0536361       3.2262794        3.2262794       11.191612                  11.191612
              3       8.5399221      -0.9872088     -0.78157873      -1.0371445       3.2262794        3.2262794       10.627285                  10.627285
              5       8.1908856     -0.98169458     -0.78120001      -1.0178161       3.2262794        3.2262794       9.9292123                  9.9292123
              7       9.0374192     -0.95546349      -0.7968536      -1.0135096       3.2262794        3.2262794        11.62228                   11.62228
              3       10.300408      -1.0468305     -0.76441348      -1.0936842       3.2262794        3.2262794       14.148258                  14.148258
              2        7.942346     -0.99090413     -0.80265896     -0.99040697       3.2262794        3.2262794       9.4321331                  9.4321331
             12        7.064339     -0.95781337     -0.76844894     -0.90783109       3.2262794        3.2262794       7.6761192                  7.6761192
              5       7.0416476     -0.96015525     -0.76197229     -0.90063955       3.2262794        3.2262794       7.6307363                  7.6307363
              1       6.9906811     -0.96504819     -0.75523652     -0.88120847       3.2262794        3.2262794       7.5288034                  7.5288034
              5        6.970684     -0.95232646     -0.77000778     -0.84378105       3.2262794        3.2262794       7.4888092                  7.4888092
              1       7.0205827     -0.95219034      -0.7704685     -0.83290385       3.2262794        3.2262794       7.5886065                  7.5886065
              4       7.5855378     -0.95094496     -0.74340791     -0.79851824       3.2262794        3.2262794       8.7185168                  8.7185168
              3       7.7403162     -0.92807051     -0.77121903     -0.78103543       3.2262794        3.2262794       9.0280736                  9.0280736
              4       8.2719631     -0.91640907     -0.75721624     -0.75954748       3.2262794        3.2262794       10.091367                  10.091367
              2       8.1618579     -0.92235447     -0.76213393     -0.75151748       3.2262794        3.2262794        9.871157                   9.871157
              3       8.4004054     -0.92485184     -0.77122904     -0.73541703       3.2262794        3.2262794       10.348252                  10.348252
              4       8.3770859     -0.99340623     -0.77453898     -0.80613839       3.2262794        3.2262794       10.301613                  10.301613
              3       7.3670338     -0.93546298     -0.76611646     -0.85368189       3.2262794        3.2262794       8.2815089                  8.2815089
              3       7.6011996     -0.93041164     -0.76456366     -0.85837351       3.2262794        3.2262794       8.7498403                  8.7498403
              1       8.4880348     -0.92129021     -0.78330973     -0.90615931       3.2262794        3.2262794       10.523511                  10.523511
              4       8.6281823     -0.92114745     -0.77849499     -0.91324943       3.2262794        3.2262794       10.803806                  10.803806
              1       8.2926726     -0.92497142     -0.77337841     -0.90460093       3.2262794        3.2262794       10.132786                  10.132786
              3       8.3244577      -0.9833937     -0.79311039      -1.0228269       3.2262794        3.2262794       10.196357                  10.196357
              6       7.2291107     -0.94560237     -0.76671947     -0.88619871       3.2262794        3.2262794       8.0056626                  8.0056626
              2       7.0300769     -0.95250087     -0.76476538     -0.83104946       3.2262794        3.2262794       7.6075951                  7.6075951
              7       6.9988528     -0.95187643     -0.77143461     -0.88104875       3.2262794        3.2262794       7.5451469                  7.5451469
              1       7.8737163     -0.96608721     -0.78399624     -0.79384138       3.2262794        3.2262794       9.2948738                  9.2948738
              1       7.8225375     -0.97096609     -0.78488701     -0.80431728       3.2262794        3.2262794       9.1925162                  9.1925162
              3       8.2936426     -0.95669493     -0.80577242     -0.97161351       3.2262794        3.2262794       10.134726                  10.134726
              2       8.6253931     -0.93208887     -0.79182398     -0.94650792       3.2262794        3.2262794       10.798227                  10.798227
              2       8.4705995     -0.98631505     -0.72354126     -0.91651428       3.2262794        3.2262794        10.48864                   10.48864
              2       9.8668355       -0.981592     -0.70917876      -0.9334574       3.2262794        3.2262794       13.281112                  13.281112
              4       9.8553985      -1.0367205     -0.77941085      -1.0930402       3.2262794        3.2262794       13.258238                  13.258238
              2       10.794641     -0.99801649     -0.77625846      -1.1132511       3.2262794        3.2262794       15.136722                  15.136722
              9       10.490027     -0.99222511     -0.77604339      -1.1005808       3.2262794        3.2262794       14.527495                  14.527495
              7       9.0025431      -1.0100648     -0.77037383      -1.0612153       3.2262794        3.2262794       11.552527                  11.552527
              2       8.7282322      -1.0105184     -0.76672428      -1.0474429       3.2262794        3.2262794       11.003906                  11.003906
              1       8.5821983        -1.00261     -0.76408822      -1.0370004       3.2262794        3.2262794       10.711838                  10.711838
              4       8.5610473      -1.0023885     -0.76437049      -1.0363597       3.2262794        3.2262794       10.669536                  10.669536
              3       8.0500848     -0.99949701     -0.78243584      -1.0220437       3.2262794        3.2262794       9.6476109                  9.6476109
             10       10.249948      -1.0366649     -0.81379649      -1.0731394       3.2262794        3.2262794       14.047337                  14.047337
              5       10.121035      -1.0344178     -0.81750496      -1.0527006       3.2262794        3.2262794       13.789511                  13.789511
              4       9.3310623      -1.0363463     -0.79831303      -1.0536121       3.2262794        3.2262794       12.209566                  12.209566
              1       9.4384313      -1.0378734     -0.80226526      -1.0469931       3.2262794        3.2262794       12.424304                  12.424304
              1       8.1430906      -1.0051228     -0.80462709     -0.99014227       3.2262794        3.2262794       9.8336224                  9.8336224
              2       8.1052749       -1.015571     -0.75473893     -0.86821651       3.2262794        3.2262794        9.757991                   9.757991
              1       8.3356037      -1.0112333     -0.75844848     -0.84095273       3.2262794        3.2262794       10.218649                  10.218649
              1       8.4482495     -0.97803484     -0.73607537     -0.77678196       3.2262794        3.2262794        10.44394                   10.44394
             13       7.5952729     -0.98345972     -0.76034776     -0.97434801       3.2262794        3.2262794        8.737987                   8.737987
              5       6.9509388     -0.97377457     -0.76686655     -0.84975792       3.2262794        3.2262794       7.4493189                  7.4493189
              8       7.4017378     -0.98043216     -0.78938503     -0.85549062       3.2262794        3.2262794       8.3509169                  8.3509169
              7       8.2830074     -0.99008938     -0.76317163     -0.79547355       3.2262794        3.2262794       10.113456                  10.113456
              3       8.1351725     -0.97083977     -0.79434351     -0.80649642       3.2262794        3.2262794       9.8177862                  9.8177862
              8       7.7994175      -0.9382927     -0.78573047      -0.7846207       3.2262794        3.2262794       9.1462762                  9.1462762
              3       8.2603131      -0.9469314     -0.73614906     -0.75780634       3.2262794        3.2262794       10.068067                  10.068067
              4       7.8068176     -0.95028951     -0.74478067     -0.77482027       3.2262794        3.2262794       9.1610764                  9.1610764
              3       10.419157     -0.99298973     -0.72510383      -0.7391092       3.2262794        3.2262794       14.385756                  14.385756
              1       9.7224443     -0.98086294     -0.74169443     -0.72919074       3.2262794        3.2262794        12.99233                   12.99233
              6       7.2000702     -0.96906275     -0.74881995     -0.83445099       3.2262794        3.2262794       7.9475815                  7.9475815
              1       9.4718658     -0.97084494     -0.82330558      -1.0170522       3.2262794        3.2262794       12.491173                  12.491173
              8       11.730014      -1.0041528     -0.85154771     -0.96452989       3.2262794        3.2262794       17.007469                  17.007469
              5       11.568035     -0.91417582     -0.81320497     -0.99868304       3.2262794        3.2262794       16.683511                  16.683511
              7       7.9029686     -0.92080386     -0.77486162     -0.85110165       3.2262794        3.2262794       9.3533783                  9.3533783
              1       7.6031558     -0.97201259     -0.75038624     -0.79955528       3.2262794        3.2262794       8.7537527                  8.7537527
             10       7.3216778     -0.98987035     -0.77258121      -0.8518622       3.2262794        3.2262794       8.1907968                  8.1907968
              1       8.3655142      -1.0019255     -0.78853657       -1.036681       3.2262794        3.2262794        10.27847                   10.27847
              7       9.2026837     -0.93208161     -0.76260811      -0.9577907       3.2262794        3.2262794       11.952809                  11.952809
              3       9.3665815     -0.93137413     -0.74847395     -0.94087287       3.2262794        3.2262794       12.280604                  12.280604
              3       7.9073117     -0.98198068     -0.74966016     -0.97077243       3.2262794        3.2262794       9.3620647                  9.3620647
              5       7.5751081     -0.93271476     -0.76408307     -0.86680433       3.2262794        3.2262794       8.6976575                  8.6976575
              2       7.4423166     -0.93789197     -0.76913526     -0.88287424       3.2262794        3.2262794       8.4320743                  8.4320743
              1        7.385063      -1.0102654      -0.7772856     -0.94053322       3.2262794        3.2262794       8.3175673                  8.3175673
              4       7.4520137      -1.0119309     -0.76315027     -0.91605439       3.2262794        3.2262794       8.4514686                  8.4514686
              4       7.0223137     -0.95659751     -0.76524205     -0.89455903       3.2262794        3.2262794       7.5920685                  7.5920685
              2       7.3610625     -0.98230968       -0.758118     -0.95436099       3.2262794        3.2262794       8.2695661                  8.2695661
              2       7.3939785     -0.98384667     -0.76868125     -0.97228364       3.2262794        3.2262794       8.3353981                  8.3353981
              6       7.6443435     -0.98372963     -0.74441447     -0.82325637       3.2262794        3.2262794       8.8361282                  8.8361282
              2       8.0064078      -0.9639277     -0.72661985     -0.84762707       3.2262794        3.2262794       9.5602569                  9.5602569
              4       7.1537006     -0.96006688     -0.75041966     -0.83408445       3.2262794        3.2262794       7.8548423                  7.8548423
              1       8.6591863      -1.0334814     -0.77980301     -0.91747385       3.2262794        3.2262794       10.865814                  10.865814
              5       9.2024753      -1.0149415     -0.81974573      -0.9895045       3.2262794        3.2262794       11.952392                  11.952392
              1        12.29345      -1.0624399     -0.81691969      -1.1262528       3.2262794        3.2262794       18.134341                  18.134341
              2       12.419673      -1.0589259     -0.81962805      -1.1324486       3.2262794        3.2262794       18.386787                  18.386787
              1       9.7682345     -0.99911801     -0.79511134     -0.79801943       3.2262794        3.2262794        13.08391                   13.08391
              3       8.9099095     -0.99869263     -0.75163569     -0.78690423       3.2262794        3.2262794        11.36726                   11.36726
              1       7.5336986     -0.96650039     -0.74982658     -0.79804469       3.2262794        3.2262794       8.6148383                  8.6148383
              1       6.8857712     -0.96197073      -0.7782651     -0.86671398       3.2262794        3.2262794       7.3189836                  7.3189836
              2       6.9421452     -0.95330188     -0.77528877     -0.86138032       3.2262794        3.2262794       7.4317317                  7.4317317
              2       6.9850919     -0.97614593     -0.77482951     -0.93502412       3.2262794        3.2262794       7.5176251                  7.5176251
             11       7.8286122     -0.95649986     -0.79178768     -0.96201963       3.2262794        3.2262794       9.2046657                  9.2046657
              4       8.3249042     -0.93011294     -0.80031059     -0.78777426       3.2262794        3.2262794        10.19725                   10.19725
              1       7.7079757     -0.93889348     -0.78547961     -0.79085641       3.2262794        3.2262794       8.9633926                  8.9633926
              1       7.7104577     -0.93640521     -0.79185135     -0.80942624       3.2262794        3.2262794       8.9683566                  8.9683566
              3       9.0555306     -0.89731017     -0.77929071     -0.75598268       3.2262794        3.2262794       11.658502                  11.658502
              1       7.3187281     -0.94289047      -0.7895838     -0.85438445       3.2262794        3.2262794       8.1848975                  8.1848975
              1       7.4671664     -0.94307914     -0.79430661     -0.84430718       3.2262794        3.2262794       8.4817741                  8.4817741
              1       7.5354072     -0.93887045      -0.7819927     -0.89982467       3.2262794        3.2262794       8.6182557                  8.6182557
              1       8.6525472     -0.94297284     -0.80822258      -0.9582791       3.2262794        3.2262794       10.852536                  10.852536
              1       9.0659725      -1.0251451     -0.79264219      -1.0619256       3.2262794        3.2262794       11.679386                  11.679386
              3       8.9927829      -1.0396322     -0.77807129      -1.0453131       3.2262794        3.2262794       11.533007                  11.533007
              2       9.0174226      -1.0449453     -0.77062509      -1.0311364       3.2262794        3.2262794       11.582286                  11.582286
              2       9.1297394      -1.0476578     -0.77371992      -1.0321368       3.2262794        3.2262794        11.80692                   11.80692
              2       8.1700469      -1.0209129     -0.77570329       -1.019992       3.2262794        3.2262794       9.8875351                  9.8875351
              4       8.8427918     -0.96538311     -0.81772994     -0.99060169       3.2262794        3.2262794       11.233025                  11.233025
              3       7.6949641     -0.96702426     -0.80747522     -0.92585282       3.2262794        3.2262794       8.9373694                  8.9373694
              2        7.296786     -0.94802447     -0.79282635     -0.87306337       3.2262794        3.2262794       8.1410132                  8.1410132
              1       7.6257824       -0.960389     -0.80272984       -0.932019       3.2262794        3.2262794       8.7990059                  8.7990059
              1       8.1989712     -0.94906895     -0.81245533     -0.92547495       3.2262794        3.2262794       9.9453837                  9.9453837
              1       9.7291767     -0.98029402     -0.83481379     -0.89754417       3.2262794        3.2262794       13.005795                  13.005795
              5        9.071051     -0.94689693     -0.76876091     -0.71161607       3.2262794        3.2262794       11.689543                  11.689543
              1       7.6104312     -0.94757963     -0.74050588     -0.84434696       3.2262794        3.2262794       8.7683037                  8.7683037
              3       6.9732811     -0.97071842     -0.77705639     -0.85255846       3.2262794        3.2262794       7.4940033                  7.4940033
             10         6.97329     -0.97072034     -0.77705964     -0.85256509       3.2262794        3.2262794       7.4940212                  7.4940212
              2       10.827605     -0.87180147     -0.78089584     -0.78979234       3.2262794        3.2262794       15.202651                  15.202651
              2        10.00673     -0.88093084      -0.7795289     -0.76547756       3.2262794        3.2262794       13.560901                  13.560901
              1       10.224766     -0.88458543     -0.80347483     -0.79448209       3.2262794        3.2262794       13.996974                  13.996974
              2       8.8149727     -0.90714752     -0.79630485     -0.84615304       3.2262794        3.2262794       11.177387                  11.177387
              1       8.1160342     -0.94305809     -0.78434091     -0.76336577       3.2262794        3.2262794       9.7795096                  9.7795096
              2       7.6777859     -0.99249736     -0.77597453     -0.99889271       3.2262794        3.2262794       8.9030129                  8.9030129
              1       7.8854188     -0.97613057     -0.75023874     -0.96478057       3.2262794        3.2262794       9.3182787                  9.3182787
              5        11.15516      -1.0679887     -0.72984422     -0.98227188       3.2262794        3.2262794       15.857761                  15.857761
              2       8.8353096      -1.0009191     -0.75501929     -0.79440796       3.2262794        3.2262794        11.21806                   11.21806
              5       8.1369756     -0.98070728      -0.7670727        -0.78642       3.2262794        3.2262794       9.8213924                  9.8213924
              3       7.9034435     -0.96092474     -0.77826518     -0.77882369       3.2262794        3.2262794       9.3543282                  9.3543282
              7       7.4465664     -0.97076433     -0.78252366     -0.82154427       3.2262794        3.2262794        8.440574                   8.440574
              1       7.6065256     -0.95806361     -0.77983641     -0.79367408       3.2262794        3.2262794       8.7604924                  8.7604924
              3       7.8779745         -0.9654     -0.76854943     -0.77654459       3.2262794        3.2262794       9.3033902                  9.3033902
              3       8.1120408      -1.0315809     -0.77070828     -0.96215193       3.2262794        3.2262794       9.7715228                  9.7715228
              4       8.1981258     -0.97877703     -0.77411896     -0.78600643       3.2262794        3.2262794       9.9436929                  9.9436929
              1       8.3068051      -1.0124763     -0.80203178     -0.92329266       3.2262794        3.2262794       10.161051                  10.161051
              2       7.9949456     -0.95684353     -0.80531053     -0.95223946       3.2262794        3.2262794       9.5373325                  9.5373325
              1       7.9410798      -0.9370005     -0.79082573      -0.9208049       3.2262794        3.2262794       9.4296009                  9.4296009
              7       7.9010129     -0.93743741     -0.79032378     -0.91972248       3.2262794        3.2262794       9.3494671                  9.3494671
              2       9.3407298     -0.95490294     -0.81941217     -0.99689025       3.2262794        3.2262794       12.228901                  12.228901
              5       7.4851498     -0.93974796     -0.79257977     -0.84082056       3.2262794        3.2262794       8.5177409                  8.5177409
              2       7.0401797      -0.9553608     -0.77895866     -0.83926967       3.2262794        3.2262794       7.6278007                  7.6278007
              2       8.3282812     -0.92330463      -0.7621962      -0.7381116       3.2262794        3.2262794       10.204004                  10.204004
              6       8.3366374     -0.97270242     -0.77758359     -0.77452973       3.2262794        3.2262794       10.220716                  10.220716
              2       9.7229226      -0.9480935     -0.78498714      -0.7065455       3.2262794        3.2262794       12.993286                  12.993286
              5       9.4587659     -0.94355749     -0.78419227     -0.70982699       3.2262794        3.2262794       12.464973                  12.464973
              5       8.1518831      -1.0265822     -0.75027614     -0.95784727       3.2262794        3.2262794       9.8512074                  9.8512074
              2       8.3205789     -0.98331952     -0.77293173     -0.78773987       3.2262794        3.2262794       10.188599                  10.188599
              1       8.3332078     -0.99113478     -0.76975055     -0.79922994       3.2262794        3.2262794       10.213857                  10.213857
              3        8.770514      -1.0104424     -0.81402352     -0.94101473       3.2262794        3.2262794       11.088469                  11.088469
             12       7.7327686      -0.9910497     -0.77569754     -0.83204338       3.2262794        3.2262794       9.0129784                  9.0129784
              6       8.2587799      -1.0303377       -0.751577     -0.94062605       3.2262794        3.2262794       10.065001                  10.065001
              3        8.252941      -1.0302083     -0.75186636     -0.93795323       3.2262794        3.2262794       10.053323                  10.053323
              1       7.8879337     -0.99081303     -0.78357735     -0.83430502       3.2262794        3.2262794       9.3233086                  9.3233086
              1       7.3190019     -0.97541535     -0.78390386     -0.84000865       3.2262794        3.2262794       8.1854451                  8.1854451
              2       9.2057798     -0.94793284     -0.75391012      -0.7031745       3.2262794        3.2262794       11.959001                  11.959001
              2       10.092014     -0.96166911      -0.7586209     -0.69196198       3.2262794        3.2262794        13.73147                   13.73147
              3       11.517679     -0.93430647     -0.75046102     -0.62569788       3.2262794        3.2262794         16.5828                    16.5828
              1       11.779514     -0.93956149     -0.74922668     -0.62382039       3.2262794        3.2262794        17.10647                   17.10647
              1       11.866489      -0.9388421     -0.74930122      -0.6211279       3.2262794        3.2262794        17.28042                   17.28042
              1       8.7229839     -0.94297652     -0.82270662      -0.8945378       3.2262794        3.2262794       10.993409                  10.993409
              2        8.654057     -0.93938904     -0.82020077     -0.89338112       3.2262794        3.2262794       10.855555                  10.855555
              1        9.022196     -0.89999391     -0.79188563     -0.82218451       3.2262794        3.2262794       11.591833                  11.591833
              3       8.5995832     -0.90518306     -0.78568193     -0.79739691       3.2262794        3.2262794       10.746608                  10.746608
              8       9.7918244      -0.8891782     -0.74812858     -0.75374899       3.2262794        3.2262794        13.13109                   13.13109
              2       8.9025988     -0.92160347      -0.7276865     -0.78008936       3.2262794        3.2262794       11.352639                  11.352639
              1       8.5113945     -0.92654936     -0.73240799     -0.78079741       3.2262794        3.2262794        10.57023                   10.57023
              1       8.5964799     -0.99105663     -0.72406627     -0.81959561       3.2262794        3.2262794       10.740401                  10.740401
              8       8.6945429     -0.98337209     -0.73864784     -0.77161923       3.2262794        3.2262794       10.936527                  10.936527
              1        8.276741      -0.9858526     -0.74048228     -0.79371847       3.2262794        3.2262794       10.100923                  10.100923
              1       8.0544107     -0.98666785     -0.77137541      -0.8035286       3.2262794        3.2262794       9.6562626                  9.6562626
              3       8.3133201     -0.99661829     -0.77024589     -0.81171986       3.2262794        3.2262794       10.174081                  10.174081
              2       7.2752233     -0.95729627     -0.74579765     -0.85793562       3.2262794        3.2262794       8.0978877                  8.0978877
              1       7.0650581     -0.98030524     -0.76570702     -0.94017987       3.2262794        3.2262794       7.6775574                  7.6775574
              1       6.9231958     -0.98991197     -0.77116703      -0.9059745       3.2262794        3.2262794       7.3938327                  7.3938327
              3       6.9485167     -0.95458297     -0.76957936     -0.84406479       3.2262794        3.2262794       7.4444745                  7.4444745
              4       7.1227346     -0.98254052     -0.76123092     -0.84754163       3.2262794        3.2262794       7.7929104                  7.7929104
              3       8.9597953      -1.0258623     -0.76865887      -0.8592723       3.2262794        3.2262794       11.467032                  11.467032
              2       9.0797552      -1.0267804     -0.76952292     -0.85754712       3.2262794        3.2262794       11.706952                  11.706952
              5       8.7942263      -1.0231004     -0.77000452       -0.859259       3.2262794        3.2262794       11.135894                  11.135894
              4       8.9787163      -1.0229707     -0.77984155      -0.8615297       3.2262794        3.2262794       11.504874                  11.504874
              5       9.2527802     -0.98532404     -0.78066977     -0.76672642       3.2262794        3.2262794       12.053002                  12.053002
              3       9.2758588     -0.97222129     -0.81767323     -0.82006162       3.2262794        3.2262794       12.099159                  12.099159
              1       14.362322      -1.0008617      -0.8130889     -0.72351405       3.2262794        3.2262794       22.272086                  22.272086
              4       14.019925     -0.93294172     -0.80358019     -0.61169254       3.2262794        3.2262794       21.587292                  21.587292
              4       10.003244     -0.98098358     -0.79256644     -0.75274386       3.2262794        3.2262794        13.55393                   13.55393
              2       9.4910293     -0.89100591     -0.76068319     -0.73679382       3.2262794        3.2262794         12.5295                    12.5295
              1       8.0498854     -0.91808388      -0.7730269     -0.85179072       3.2262794        3.2262794       9.6472119                  9.6472119
              2       8.2663555     -0.91445668     -0.77143759     -0.85289945       3.2262794        3.2262794       10.080152                  10.080152
              6       7.6716849     -0.92886399     -0.77391032     -0.86999773       3.2262794        3.2262794       8.8908109                  8.8908109
              3       9.0529128      -1.0305823     -0.75751906      -1.0441331       3.2262794        3.2262794       11.653267                  11.653267
              7       8.1000785      -1.0108089     -0.79240256     -0.89584553       3.2262794        3.2262794       9.7475982                  9.7475982
              3       7.6830275      -1.0139942     -0.78654191     -0.97177726       3.2262794        3.2262794       8.9134962                  8.9134962
              3       9.9128543      -1.0566933     -0.77862868     -0.94521227       3.2262794        3.2262794        13.37315                   13.37315
              1       10.037217      -1.0521748     -0.77795938     -0.91462226       3.2262794        3.2262794       13.621874                  13.621874
              4       10.047027      -1.0539458     -0.77891865     -0.92342123       3.2262794        3.2262794       13.641495                  13.641495
              2       8.3660478     -0.99808296     -0.80685008     -0.88707795       3.2262794        3.2262794       10.279537                  10.279537
              3        9.213581     -0.98548883     -0.82334778     -0.87347248       3.2262794        3.2262794       11.974603                  11.974603
              1       9.7416966     -0.97788875     -0.82575403     -0.83855294       3.2262794        3.2262794       13.030834                  13.030834
              5       8.3530009     -0.93055552     -0.76891296     -0.73448698       3.2262794        3.2262794       10.253443                  10.253443
              2       8.1991271     -0.99198584     -0.76408784      -0.8031162       3.2262794        3.2262794       9.9456955                  9.9456955
              1        10.04174      -0.9877959     -0.73980805     -0.73190505       3.2262794        3.2262794       13.630922                  13.630922
              2       8.6920665      -1.0084177     -0.76024162      -0.8181347       3.2262794        3.2262794       10.931574                  10.931574
              2       8.0592081     -0.96577368     -0.73529348     -0.91823179       3.2262794        3.2262794       9.6658574                  9.6658574
              1       8.2967035     -0.95984497     -0.73643572     -0.92671024       3.2262794        3.2262794       10.140848                  10.140848
              4       7.4134448     -0.94729931     -0.77245484     -0.91528052       3.2262794        3.2262794       8.3743308                  8.3743308
              2       7.8059135      -0.9982002     -0.76180737       -0.835056       3.2262794        3.2262794       9.1592683                  9.1592683
              2       7.8057895      -0.9966132     -0.76318672     -0.83160233       3.2262794        3.2262794       9.1590202                  9.1590202
              1       7.9248571     -0.99864815     -0.75932314     -0.82934706       3.2262794        3.2262794       9.3971553                  9.3971553
              2       7.1168247     -0.98975565      -0.7521537     -0.89589731       3.2262794        3.2262794       7.7810906                  7.7810906
              3       6.9825323     -0.97441447     -0.76686251      -0.9273958       3.2262794        3.2262794       7.5125058                  7.5125058
              1       6.8640335     -0.95977261     -0.77254294     -0.87962876       3.2262794        3.2262794       7.2755083                  7.2755083
              1        6.925481     -0.96729639      -0.7594147     -0.85230565       3.2262794        3.2262794       7.3984033                  7.3984033
              8       9.4341267     -0.95596748     -0.77231352     -0.71122362       3.2262794        3.2262794       12.415695                  12.415695
              1       9.5681799     -0.97355826     -0.76226408     -0.72412198       3.2262794        3.2262794       12.683801                  12.683801
              3       9.3604537     -0.92420726     -0.76461377     -0.68833678       3.2262794        3.2262794       12.268349                  12.268349
              1       9.8008661     -0.93747383     -0.83447551     -0.92406828       3.2262794        3.2262794       13.149173                  13.149173
              4       9.5141923     -0.94951422     -0.83339455     -0.93798043       3.2262794        3.2262794       12.575826                  12.575826
              5       9.5516079     -0.94903612     -0.83375817     -0.93806465       3.2262794        3.2262794       12.650657                  12.650657
              4       7.9318202     -0.93241161     -0.80192123     -0.86058944       3.2262794        3.2262794       9.4110816                  9.4110816
              4       7.5744488     -0.97289301     -0.76171989     -0.79901252       3.2262794        3.2262794       8.6963388                  8.6963388
              1       7.1269872      -0.9818548     -0.75100275      -0.8610697       3.2262794        3.2262794       7.8014157                  7.8014157
              3       7.5146625      -1.0153849      -0.7700812     -0.93167874       3.2262794        3.2262794       8.5767662                  8.5767662
              6       7.4525607     -0.97491445     -0.77562151     -0.81763461       3.2262794        3.2262794       8.4525626                  8.4525626
              1       8.7087743     -0.92457566     -0.80697762     -0.78747571       3.2262794        3.2262794        10.96499                   10.96499
              2       9.8925431      -0.8879802     -0.77072628     -0.70596126       3.2262794        3.2262794       13.332527                  13.332527
              2       7.5693871     -0.92855786     -0.77799415     -0.85039582       3.2262794        3.2262794       8.6862154                  8.6862154
             15       7.4292049     -0.94988241     -0.78718247     -0.92185993       3.2262794        3.2262794        8.405851                   8.405851
              1       7.3385767     -0.95863152     -0.79046358     -0.93093312       3.2262794        3.2262794       8.2245945                  8.2245945
              3       7.3658146      -0.9610771     -0.78912461     -0.94058522       3.2262794        3.2262794       8.2790705                  8.2790705
              2       7.8118145     -0.93337777     -0.76037664     -0.88623048       3.2262794        3.2262794       9.1710702                  9.1710702
              8       8.0529669      -0.9616052     -0.77544274     -0.98373792       3.2262794        3.2262794        9.653375                   9.653375
              1       8.1454753     -0.96613419     -0.78700307     -0.99696175       3.2262794        3.2262794       9.8383919                  9.8383919
              2       8.3542419     -0.93065323     -0.75430973     -0.90217254       3.2262794        3.2262794       10.255925                  10.255925
              2       8.4633643     -0.92202798     -0.76032141     -0.88947498       3.2262794        3.2262794        10.47417                   10.47417
              2        8.690078     -0.90260363     -0.76903921     -0.80894568       3.2262794        3.2262794       10.927597                  10.927597
              4       8.5256024     -0.91573272     -0.74364649     -0.80951183       3.2262794        3.2262794       10.598646                  10.598646
              1       10.172348     -0.91677748     -0.71188668     -0.72697622       3.2262794        3.2262794       13.892138                  13.892138
              2       10.392374     -0.90841506     -0.71696052     -0.70164265       3.2262794        3.2262794       14.332188                  14.332188
              3       7.1441236     -0.98951121     -0.75153266     -0.88326389       3.2262794        3.2262794       7.8356883                  7.8356883
              3       7.0358421     -0.97683386     -0.78629484     -0.93005977       3.2262794        3.2262794       7.6191255                  7.6191255
             12       8.1124587      -1.0190833     -0.79550506     -0.95307567       3.2262794        3.2262794       9.7723587                  9.7723587
              4       7.9638277     -0.99528319     -0.77013813      -1.0121251       3.2262794        3.2262794       9.4750966                  9.4750966
              9       8.0392099     -0.99109309     -0.78326099      -1.0181855       3.2262794        3.2262794        9.625861                   9.625861
              3       8.1431677      -1.0020337     -0.75571662      -1.0054866       3.2262794        3.2262794       9.8337766                  9.8337766
              3       8.4303237     -0.97943417     -0.76709276      -1.0172824       3.2262794        3.2262794       10.408089                  10.408089
              7       8.2691498       -1.014915     -0.73437149     -0.91908595       3.2262794        3.2262794       10.085741                  10.085741
              1       7.4773251     -0.94645632     -0.74672483     -0.85946712       3.2262794        3.2262794       8.5020914                  8.5020914
              9       7.1028179     -0.95449643     -0.77858728     -0.90720931       3.2262794        3.2262794        7.753077                   7.753077
              4       6.9995742     -0.95863012     -0.77389516     -0.90586058       3.2262794        3.2262794       7.5465896                  7.5465896
              4       6.9218704     -0.95548752     -0.76653298     -0.85243572       3.2262794        3.2262794        7.391182                   7.391182
              4       8.7114608     -0.95512573      -0.8146997     -0.81666832       3.2262794        3.2262794       10.970363                  10.970363
              1         9.66875     -0.89578132     -0.76852431     -0.69789264       3.2262794        3.2262794       12.884941                  12.884941
              2        9.104048     -0.92147394     -0.75705425     -0.91650918       3.2262794        3.2262794       11.755537                  11.755537
             19       7.8297286      -0.9833704     -0.77018931     -0.99775396       3.2262794        3.2262794       9.2068985                  9.2068985
             13       7.3028898      -0.9831571     -0.78759427     -0.86496798       3.2262794        3.2262794       8.1532208                  8.1532208
              4       7.4658171     -0.98752001     -0.78809947     -0.97930445       3.2262794        3.2262794       8.4790753                  8.4790753
              1         7.22199     -0.98477029     -0.79288892     -0.93716235       3.2262794        3.2262794       7.9914211                  7.9914211
              1        7.278897     -0.99237079     -0.79159281     -0.94340652       3.2262794        3.2262794       8.1052353                  8.1052353
              2       7.2851958     -0.99635922     -0.78931531     -0.94573133       3.2262794        3.2262794       8.1178329                  8.1178329
              1       6.8325619     -0.97928623     -0.77287226      -0.8890435       3.2262794        3.2262794        7.212565                   7.212565
              1       7.2959551     -0.96169116     -0.74441643     -0.83494179       3.2262794        3.2262794       8.1393515                  8.1393515
              8       8.3732523     -0.91931306     -0.75973184      -0.8709709       3.2262794        3.2262794       10.293946                  10.293946
              1       7.6119807     -0.93491301      -0.7651066     -0.78061557       3.2262794        3.2262794       8.7714025                  8.7714025
              2       6.9165047     -0.97336142     -0.78068519     -0.87410626       3.2262794        3.2262794       7.3804506                  7.3804506
              3       7.8254944     -0.95750436      -0.8023182     -0.94755836       3.2262794        3.2262794         9.19843                    9.19843
              8       7.9124908     -0.95764907      -0.7323137     -0.87345085       3.2262794        3.2262794       9.3724228                  9.3724228
              1       7.4629579     -0.95661663     -0.74305597     -0.81329223       3.2262794        3.2262794       8.4733571                  8.4733571
              1       7.5763251      -1.0171455     -0.77475563     -0.95355165       3.2262794        3.2262794       8.7000914                  8.7000914
              4       8.9616152      -1.0422589     -0.75274782     -0.92581562       3.2262794        3.2262794       11.470672                  11.470672
              1       6.8695344     -0.98419866     -0.76578244     -0.90440103       3.2262794        3.2262794       7.2865101                  7.2865101
              2       8.0844648      -1.0080988     -0.80266513     -0.98441558       3.2262794        3.2262794       9.7163708                  9.7163708
              6       8.2675992     -0.98795392     -0.80922508     -0.99659925       3.2262794        3.2262794        10.08264                   10.08264
             15       7.8847052     -0.96121535     -0.79492195      -0.8089203       3.2262794        3.2262794       9.3168517                  9.3168517
             10        7.145778     -0.99233891     -0.75843852     -0.93630557       3.2262794        3.2262794       7.8389973                  7.8389973
              5       7.7587723     -0.93717862     -0.79777326       -0.889001       3.2262794        3.2262794       9.0649858                  9.0649858
              4       8.3315198      -0.9323753     -0.80643056     -0.90521602       3.2262794        3.2262794       10.210481                  10.210481
              1       7.4022558     -0.93539097     -0.78225699     -0.86224015       3.2262794        3.2262794       8.3519528                  8.3519528
              2       7.3684536     -0.94509327     -0.78944749      -0.8320474       3.2262794        3.2262794       8.2843484                  8.2843484
              3       7.9492365     -0.94330876     -0.80270073     -0.82046338       3.2262794        3.2262794       9.4459142                  9.4459142
              5       7.8512763     -0.94156527      -0.7910439     -0.79147947       3.2262794        3.2262794       9.2499938                  9.2499938
              2       7.1724634     -0.97854298     -0.77492776     -0.95557788       3.2262794        3.2262794        7.892368                   7.892368
              1       6.9058516     -0.96419844     -0.75955089     -0.87565037       3.2262794        3.2262794       7.3591444                  7.3591444
              3       7.4337364     -0.96074668     -0.74546342     -0.89503366       3.2262794        3.2262794        8.414914                   8.414914
              3       7.4342638     -0.96503159     -0.74857986     -0.91503288       3.2262794        3.2262794       8.4159689                  8.4159689
              1       9.9913749     -0.98863791     -0.74962195      -1.0558761       3.2262794        3.2262794       13.530191                  13.530191
              8       9.7787278       -1.053821     -0.75592518      -1.0438344       3.2262794        3.2262794       13.104897                  13.104897
              9       9.3100404      -1.0267336     -0.73433679     -0.85714305       3.2262794        3.2262794       12.167522                  12.167522
              1       9.0095459      -1.0237234     -0.73370462     -0.86645023       3.2262794        3.2262794       11.566533                  11.566533
              6       7.5140149     -0.96871115     -0.80335527     -0.88669011       3.2262794        3.2262794        8.575471                   8.575471
              2       7.5371164     -0.94692938     -0.79044579     -0.81441608       3.2262794        3.2262794       8.6216741                  8.6216741
              2       6.9373215     -0.96073295     -0.76746008     -0.84080689       3.2262794        3.2262794       7.4220843                  7.4220843
             14       8.2672891     -0.98418956     -0.73530034     -0.79829173       3.2262794        3.2262794       10.082019                  10.082019
              7       8.9057675     -0.94575801     -0.74854278      -0.7132053       3.2262794        3.2262794       11.358976                  11.358976
              2       8.0573989     -0.96421965     -0.75843977     -0.76358806       3.2262794        3.2262794        9.662239                   9.662239
              3       8.9597724     -0.99086832     -0.74592386     -0.77060437       3.2262794        3.2262794       11.466986                  11.466986
              2       8.0473196      -1.0246194     -0.75062211     -0.93470257       3.2262794        3.2262794       9.6420804                  9.6420804
              3       7.6271424      -1.0103175     -0.74882127     -0.93068857       3.2262794        3.2262794       8.8017259                  8.8017259
              5       6.8853633     -0.98569729     -0.76505658     -0.90130589       3.2262794        3.2262794       7.3181678                  7.3181678
              2       7.5588764      -1.0080025     -0.78637607     -0.91853161       3.2262794        3.2262794       8.6651941                  8.6651941
             13       7.2580512     -0.97350109     -0.76562109     -0.82071518       3.2262794        3.2262794       8.0635435                  8.0635435
              7       7.2753752     -0.94981097     -0.79313258     -0.87426998       3.2262794        3.2262794       8.0981917                  8.0981917
              3       7.0004699     -0.97135471     -0.75289491     -0.86284306       3.2262794        3.2262794       7.5483809                  7.5483809
             11       7.2422408      -1.0045586     -0.76145669     -0.93129812       3.2262794        3.2262794       8.0319227                  8.0319227
              1       7.9451453      -1.0136993     -0.74837134     -0.96918507       3.2262794        3.2262794       9.4377318                  9.4377318
              4       7.9503668      -1.0138937     -0.74810854     -0.96841958       3.2262794        3.2262794       9.4481749                  9.4481749
              4        8.103697     -0.93339346     -0.77893654     -0.75599726       3.2262794        3.2262794       9.7548352                  9.7548352
              3       7.2819741     -0.94979854     -0.75608436     -0.80637498       3.2262794        3.2262794       8.1113894                  8.1113894
              5       8.2361701     -0.91927976      -0.7530512     -0.76027206       3.2262794        3.2262794       10.019781                  10.019781
              2        8.455344     -0.91368119     -0.75432533     -0.75261328       3.2262794        3.2262794       10.458129                  10.458129
              3       8.7515545     -0.91385412     -0.77621291     -0.89175939       3.2262794        3.2262794        11.05055                   11.05055
             15       8.9067967     -0.91641243     -0.73309393     -0.75927718       3.2262794        3.2262794       11.361035                  11.361035
              3       8.5056237     -0.91858851     -0.74074714     -0.76863769       3.2262794        3.2262794       10.558689                  10.558689
              6       7.5856065     -0.92870199     -0.76475375     -0.84345012       3.2262794        3.2262794       8.7186542                  8.7186542
              1       8.2790994     -0.94747725     -0.73570948     -0.89561872       3.2262794        3.2262794        10.10564                   10.10564
              1       7.6264294      -1.0039945     -0.74373107     -0.89487756       3.2262794        3.2262794          8.8003                     8.8003
              3       7.7937546      -0.9871539     -0.74139094     -0.82445961       3.2262794        3.2262794       9.1349504                  9.1349504
             11        7.646778      -1.0072541     -0.74656546     -0.93607144       3.2262794        3.2262794       8.8409972                  8.8409972
              3       7.2865994     -0.99523061     -0.74895889     -0.91099463       3.2262794        3.2262794       8.1206401                  8.1206401
              1       6.9579137     -0.98649763      -0.7587766     -0.89640131       3.2262794        3.2262794       7.4632687                  7.4632687
              2        8.179515      -1.0060912     -0.75244811     -0.83584079       3.2262794        3.2262794       9.9064712                  9.9064712
              6       6.9003194     -0.97234539     -0.77466749     -0.86108249       3.2262794        3.2262794         7.34808                    7.34808
              5       7.0046627      -0.9603481     -0.76385524     -0.83137755       3.2262794        3.2262794       7.5567667                  7.5567667
              1        7.381273     -0.93910537     -0.78867632     -0.85279782       3.2262794        3.2262794       8.3099873                  8.3099873
              5       7.3396707     -0.94540975     -0.75005972     -0.83910681       3.2262794        3.2262794       8.2267826                  8.2267826
             13       6.8712532     -0.95858209     -0.77334333     -0.87342767       3.2262794        3.2262794       7.2899475                  7.2899475
              6       7.2174166     -0.95785837      -0.7932575     -0.90303519       3.2262794        3.2262794       7.9822744                  7.9822744
              3       7.0144984     -0.98942522     -0.76151722      -0.8803455       3.2262794        3.2262794        7.576438                   7.576438
              5       7.2319458     -0.99432763     -0.75203219     -0.88176703       3.2262794        3.2262794       8.0113328                  8.0113328
              4       8.3245577      -1.0068309     -0.73456709     -0.95633157       3.2262794        3.2262794       10.196557                  10.196557
              1       7.6190176      -1.0028032     -0.74320716     -0.92077368       3.2262794        3.2262794       8.7854763                  8.7854763
              1       7.4648264      -1.0016568     -0.76635244     -0.97825261       3.2262794        3.2262794        8.477094                   8.477094
              1        7.225015     -0.97856692     -0.76495907     -0.95182602       3.2262794        3.2262794       7.9974713                  7.9974713
              2       7.5894295      -1.0060321     -0.77035311     -0.98931703       3.2262794        3.2262794       8.7263002                  8.7263002
              2       7.5129169     -0.99747482     -0.78988296     -0.97922515       3.2262794        3.2262794       8.5732751                  8.5732751
             12       7.3741747        -1.00218     -0.78853559     -0.94369844       3.2262794        3.2262794       8.2957905                  8.2957905
             12       7.1105091     -0.98312234     -0.78986758     -0.90333126       3.2262794        3.2262794       7.7684595                  7.7684595
              3       7.1394273      -1.0000002     -0.76728756     -0.94187138       3.2262794        3.2262794       7.8262957                  7.8262957
              2       7.1430027     -0.99889572     -0.76779859     -0.94626507       3.2262794        3.2262794       7.8334466                  7.8334466
              1       11.492081     -0.93527551     -0.85354956     -0.85534092       3.2262794        3.2262794       16.531602                  16.531602
              7       11.948642     -0.92164001      -0.8311791     -0.70977058       3.2262794        3.2262794       17.444725                  17.444725
              2       12.627649      -1.0220099     -0.80574238      -0.7920888       3.2262794        3.2262794       18.802739                  18.802739
              1       12.929565       -1.018044     -0.80683163       -0.778077       3.2262794        3.2262794       19.406572                  19.406572
              1        9.061117     -0.89767549     -0.78400623     -0.76263683       3.2262794        3.2262794       11.669675                  11.669675
              2       8.8527973     -0.97827902     -0.72937474     -0.76721545       3.2262794        3.2262794       11.253036                  11.253036
              2       12.533057     -0.92839543     -0.68036948     -0.70301598       3.2262794        3.2262794       18.613555                  18.613555
              3       10.842546     -0.95073584     -0.70678738     -0.69187362       3.2262794        3.2262794       15.232533                  15.232533
              2       9.3899004     -0.93288449     -0.76871106     -0.69162679       3.2262794        3.2262794       12.327242                  12.327242
              8       9.1835845     -0.93127297     -0.77770896     -0.70516123       3.2262794        3.2262794        11.91461                   11.91461
              3       11.181259     -0.92157369     -0.77749663     -0.63814914       3.2262794        3.2262794       15.909959                  15.909959
              1       10.038285     -0.91822297     -0.78298652     -0.67681398       3.2262794        3.2262794       13.624011                  13.624011
              1       10.846157     -0.94018983     -0.76028099     -0.64985514       3.2262794        3.2262794       15.239756                  15.239756
              1       10.759467     -0.93579996     -0.75630039     -0.64732144       3.2262794        3.2262794       15.066375                  15.066375
              1       7.3792017     -0.98533083     -0.75677629     -0.83338262       3.2262794        3.2262794       8.3058447                  8.3058447
              1       8.9452449     -0.91421773     -0.76189545     -0.71019872       3.2262794        3.2262794       11.437931                  11.437931
              3       8.9376811     -0.90005981     -0.77126513     -0.82673002       3.2262794        3.2262794       11.422803                  11.422803
              1       8.2869387     -0.95690996     -0.75823916     -0.96886703       3.2262794        3.2262794       10.121319                  10.121319
              3       7.8407584     -0.96332351     -0.74820922     -0.93942037       3.2262794        3.2262794       9.2289579                  9.2289579
              3       7.3872098     -0.93852431     -0.77042869     -0.88051701       3.2262794        3.2262794       8.3218607                  8.3218607
              1       7.4932472     -0.99386179     -0.77930725     -0.98782584       3.2262794        3.2262794       8.5339357                  8.5339357
              7       7.4983604     -0.99363895     -0.77929289      -0.9881642       3.2262794        3.2262794        8.544162                   8.544162
              1        7.132216     -0.97632741     -0.77185815     -0.94869909       3.2262794        3.2262794       7.8118733                  7.8118733
             10       6.8806581     -0.98608525     -0.76921765     -0.89675135       3.2262794        3.2262794       7.3087573                  7.3087573
              1       6.8919113     -0.98744592     -0.76806021      -0.9084663       3.2262794        3.2262794       7.3312638                  7.3312638
              7       9.0154843     -0.90143648     -0.77813918     -0.84901764       3.2262794        3.2262794        11.57841                   11.57841
              2       9.9481997     -0.96345315     -0.84028596     -0.89524694       3.2262794        3.2262794       13.443841                  13.443841
              3       10.117767     -0.96182231     -0.84126049     -0.88164309       3.2262794        3.2262794       13.782976                  13.782976
              2       8.9660097     -0.91905959     -0.78493748      -0.7228347       3.2262794        3.2262794       11.479461                  11.479461
              1       11.439142     -0.96618265     -0.83242793     -0.77594729       3.2262794        3.2262794       16.425725                  16.425725
              1       10.148783     -0.98427486     -0.83584856     -0.88109882       3.2262794        3.2262794       13.845007                  13.845007
              1       10.801082     -0.96800101     -0.84711265     -0.88176939       3.2262794        3.2262794       15.149605                  15.149605
              1       7.3060445     -0.96836559     -0.77428031     -0.95300585       3.2262794        3.2262794       8.1595302                  8.1595302
              2       8.0222613     -0.95895012     -0.78334845     -0.97990103       3.2262794        3.2262794       9.5919638                  9.5919638
              8       8.0922487     -0.91497282     -0.77433241     -0.83325456       3.2262794        3.2262794       9.7319387                  9.7319387
              3       7.3666354     -0.99245197     -0.74438199     -0.89048605       3.2262794        3.2262794       8.2807121                  8.2807121
              1       7.3328863     -0.98741083     -0.74423095     -0.90275903       3.2262794        3.2262794       8.2132139                  8.2132139
              3       8.6492841     -0.95147432      -0.7182478     -0.80066833       3.2262794        3.2262794       10.846009                  10.846009
              2       9.7327298     -0.89481482      -0.7709466     -0.69707137       3.2262794        3.2262794       13.012901                  13.012901
              3       8.2966962     -0.92352133     -0.79108896     -0.77099883       3.2262794        3.2262794       10.140834                  10.140834
              6       8.5278709     -0.92941333     -0.77057515     -0.72683617       3.2262794        3.2262794       10.603183                  10.603183
              6       7.6982155     -0.95321872     -0.76315159     -0.77226505       3.2262794        3.2262794       8.9438721                  8.9438721
              3       8.6011885     -0.96336067     -0.82235624     -0.94450863       3.2262794        3.2262794       10.749818                  10.749818
              2        8.817239     -0.95659654     -0.82076395     -0.96365842       3.2262794        3.2262794       11.181919                  11.181919
              1       8.3954459     -0.98553825     -0.80892212     -0.86090011       3.2262794        3.2262794       10.338333                  10.338333
             11       8.0288003     -0.98818105     -0.80148191     -0.86368024       3.2262794        3.2262794       9.6050419                  9.6050419
              6       8.4315255     -0.98349595     -0.80486322      -1.0152569       3.2262794        3.2262794       10.410492                  10.410492
              8       7.3573641     -0.99542395     -0.79311556     -0.93359158       3.2262794        3.2262794       8.2621694                  8.2621694
              2       8.5180073     -0.96464905     -0.80221067     -0.79814167       3.2262794        3.2262794       10.583456                  10.583456
              1       8.1021347     -0.93619139     -0.78980311     -0.77282957       3.2262794        3.2262794       9.7517106                  9.7517106
              2        8.015639     -0.92762263     -0.77678949     -0.76264261       3.2262794        3.2262794       9.5787191                  9.5787191
              2       6.9374461     -0.97873426     -0.76252851     -0.86176561       3.2262794        3.2262794       7.4223335                  7.4223335
              5       6.9334449     -0.95607043     -0.76568477     -0.84688736       3.2262794        3.2262794        7.414331                   7.414331
              1        7.293091     -0.94873153     -0.75051417     -0.82223374       3.2262794        3.2262794       8.1336232                  8.1336232
              8       8.6800121     -0.92635995     -0.75704049     -0.71667812       3.2262794        3.2262794       10.907465                  10.907465
              1       7.6624107     -0.94177194     -0.78221763     -0.78740095       3.2262794        3.2262794       8.8722626                  8.8722626
              3       7.9087215     -0.91968189     -0.78280899     -0.81493901       3.2262794        3.2262794       9.3648841                  9.3648841
              3       9.7253626     -0.94236708     -0.77139467     -0.68862527       3.2262794        3.2262794       12.998166                  12.998166
              2       11.743075     -0.91117562     -0.75186322     -0.60745165       3.2262794        3.2262794       17.033592                  17.033592
              1       8.5903633     -0.99746896     -0.76683492      -0.8002058       3.2262794        3.2262794       10.728168                  10.728168
              1       10.163765      -1.0059706     -0.70284917     -0.84343404       3.2262794        3.2262794       13.874972                  13.874972
              3       8.7691177     -0.97680295     -0.72774675      -0.9482567       3.2262794        3.2262794       11.085677                  11.085677
              2       8.9474229      -0.9534142     -0.72275905     -0.90121276       3.2262794        3.2262794       11.442287                  11.442287
              3       9.3299543     -0.93676598     -0.73118829     -0.91178355       3.2262794        3.2262794        12.20735                   12.20735
              1       8.9167341     -0.91650435     -0.80525099     -0.89142636       3.2262794        3.2262794       11.380909                  11.380909
              4       9.5967974     -0.92441395      -0.8116291     -0.95176124       3.2262794        3.2262794       12.741036                  12.741036
              1        10.66452     -0.92508367      -0.8099453     -0.99934524       3.2262794        3.2262794       14.876482                  14.876482
              2        8.687154     -0.96313008      -0.7438148     -0.97025893       3.2262794        3.2262794       10.921749                  10.921749
              4       8.7029505     -0.98622823     -0.71596958     -0.87384007       3.2262794        3.2262794       10.953342                  10.953342
              4       8.6414605      -1.0323146     -0.74523586      -0.9810726       3.2262794        3.2262794       10.830362                  10.830362
              9       7.5770414     -0.98470631     -0.80271878     -0.94581765       3.2262794        3.2262794        8.701524                   8.701524
              2        7.952765      -1.0136249     -0.79695047     -0.96530495       3.2262794        3.2262794       9.4529712                  9.4529712
              3       7.9686475     -0.93321933     -0.79393203     -0.90569551       3.2262794        3.2262794       9.4847362                  9.4847362
             12        7.390831      -0.9363503     -0.77929611     -0.87151122       3.2262794        3.2262794       8.3291033                  8.3291033
              7       7.1316226     -0.95323844     -0.75391256     -0.86255203       3.2262794        3.2262794       7.8106865                  7.8106865
              4       7.3335937     -0.97472626     -0.74827452     -0.82720458       3.2262794        3.2262794       8.2146286                  8.2146286
              1       7.4226429      -0.9711336     -0.75009661     -0.81149476       3.2262794        3.2262794       8.3927271                  8.3927271
              1       7.0445939     -0.97410686     -0.76420969     -0.83944965       3.2262794        3.2262794       7.6366289                  7.6366289
              1       7.2465666     -0.93849073     -0.76588704      -0.8317627       3.2262794        3.2262794       8.0405744                  8.0405744
              3       7.2576517     -0.93808031     -0.76581015     -0.83119409       3.2262794        3.2262794       8.0627445                  8.0627445
              5       7.1372146     -0.94420816     -0.76885088     -0.82692991       3.2262794        3.2262794       7.8218704                  7.8218704
              1       7.8276272     -0.99288699     -0.78809168      -1.0058933       3.2262794        3.2262794       9.2026955                  9.2026955
              2       7.0249968     -0.98321835     -0.78412671     -0.93442144       3.2262794        3.2262794       7.5974348                  7.5974348
              1       6.9912661     -0.97505091     -0.78321996      -0.9285313       3.2262794        3.2262794       7.5299735                  7.5299735
              1       7.1710621     -0.96688138     -0.78813759     -0.93320535       3.2262794        3.2262794       7.8895653                  7.8895653
              2       7.0612083     -0.95086166     -0.77569125     -0.88958688       3.2262794        3.2262794       7.6698578                  7.6698578
              5       7.5571968     -0.95166772     -0.75553117     -0.91364553       3.2262794        3.2262794       8.6618349                  8.6618349
              1       7.5965793     -0.95233462     -0.77601859      -0.9424745       3.2262794        3.2262794       8.7405997                  8.7405997
              2       8.1749215     -0.98756448     -0.80149583     -0.85302049       3.2262794        3.2262794       9.8972842                  9.8972842
              1       8.2677043     -0.98286756     -0.80563069     -0.85100169       3.2262794        3.2262794        10.08285                   10.08285
              3       7.5502124     -0.96471321     -0.79600524     -0.83884409       3.2262794        3.2262794       8.6478661                  8.6478661
              3       8.0132386     -0.93713586     -0.80282833      -0.8198236       3.2262794        3.2262794       9.5739184                  9.5739184
              1       8.0148182     -0.93699967     -0.80264828     -0.81891869       3.2262794        3.2262794       9.5770775                  9.5770775
              1       6.9420346     -0.98175138     -0.77429771     -0.87271819       3.2262794        3.2262794       7.4315104                  7.4315104
              4       7.8872805      -1.0000855     -0.78615461     -0.86133246       3.2262794        3.2262794       9.3220022                  9.3220022
              1       8.0043181     -0.99517754     -0.78454309     -0.83968141       3.2262794        3.2262794       9.5560775                  9.5560775
              4        7.016435     -0.97141592      -0.7589151     -0.84162696       3.2262794        3.2262794       7.5803113                  7.5803113
              6        7.684373     -0.96720777     -0.73478363     -0.82301053       3.2262794        3.2262794       8.9161871                  8.9161871
              8       7.2034763      -0.9763518     -0.74615765     -0.85584189       3.2262794        3.2262794       7.9543938                  7.9543938
              1       6.8713202     -0.97952488     -0.76625011     -0.91295455       3.2262794        3.2262794       7.2900816                  7.2900816
              3       6.8980386     -0.96678967      -0.7782325     -0.86277466       3.2262794        3.2262794       7.3435183                  7.3435183
              5       7.4623807     -0.97730418     -0.76952064     -0.81534358       3.2262794        3.2262794       8.4722027                  8.4722027
              1       7.5531878      -0.9711465     -0.77457074       -0.805165       3.2262794        3.2262794       8.6538168                  8.6538168
              8       7.4239225     -0.98733564     -0.79861241     -0.91767005       3.2262794        3.2262794       8.3952862                  8.3952862
              1       7.2124945     -0.99964645     -0.78370057      -0.9334246       3.2262794        3.2262794       7.9724303                  7.9724303
              2       7.5718892     -0.95121595     -0.77298689     -0.93684677       3.2262794        3.2262794       8.6912196                  8.6912196
              1       7.2578539     -0.95053374     -0.78184048     -0.91144989       3.2262794        3.2262794       8.0631491                  8.0631491
              1       8.0184188      -1.0100088     -0.78872858      -1.0144375       3.2262794        3.2262794       9.5842787                  9.5842787
              6       9.9710046     -0.94224979     -0.82058841     -0.99870522       3.2262794        3.2262794        13.48945                   13.48945
              3       9.2463864     -0.93835219     -0.82132595     -0.94897527       3.2262794        3.2262794       12.040214                  12.040214
              5       10.158172     -0.94024267     -0.81909081      -1.0047905       3.2262794        3.2262794       13.863784                  13.863784
              1       8.0800484     -0.96893926     -0.76391632      -0.9866167       3.2262794        3.2262794        9.707538                   9.707538
              9       8.4422703     -0.97454109     -0.75091897     -0.99022391       3.2262794        3.2262794       10.431982                  10.431982
              3       12.601508      -0.9640292     -0.76571591      -1.1100103       3.2262794        3.2262794       18.750456                  18.750456
              3       11.918233     -0.96266343     -0.77782493      -1.1024275       3.2262794        3.2262794       17.383907                  17.383907
              7       8.5673757     -0.97388654     -0.75918985      -1.0071719       3.2262794        3.2262794       10.682193                  10.682193
              1        8.861677     -0.97095902     -0.75390133      -1.0067127       3.2262794        3.2262794       11.270795                  11.270795
              3       9.4428588     -0.96182575      -0.7622466      -1.0239391       3.2262794        3.2262794       12.433159                  12.433159
              3       9.3513941     -0.95915394     -0.76295856      -1.0176642       3.2262794        3.2262794       12.250229                  12.250229
              8        8.860721     -0.96589162      -0.7965607      -1.0232712       3.2262794        3.2262794       11.268883                  11.268883
              3       7.7234743     -0.96704199     -0.79525802      -0.9699513       3.2262794        3.2262794       8.9943899                  8.9943899
              7       8.8688033     -0.92079532     -0.78436028     -0.92585378       3.2262794        3.2262794       11.285048                  11.285048
              1       8.8677607     -0.92050015      -0.7850352     -0.92480848       3.2262794        3.2262794       11.282963                  11.282963
              2       8.9600412     -0.91634113     -0.79049479     -0.91374899       3.2262794        3.2262794       11.467524                  11.467524
              4       8.4049268     -0.90810568     -0.76380902       -0.794939       3.2262794        3.2262794       10.357295                  10.357295
              1       9.3528133     -0.93887559     -0.79245335     -0.72125854       3.2262794        3.2262794       12.253068                  12.253068
              1       9.5444051     -0.93650763     -0.78954081     -0.70875705       3.2262794        3.2262794       12.636251                  12.636251
              3       9.0016966     -0.97894659     -0.76702302     -0.75207877       3.2262794        3.2262794       11.550834                  11.550834
              1       8.5575495      -0.9611637     -0.77343971     -0.74716502       3.2262794        3.2262794        10.66254                   10.66254
              1       8.8745937     -0.95959809      -0.8032081     -0.77867625       3.2262794        3.2262794       11.296629                  11.296629
              1       9.3575946     -0.97588481     -0.80338417     -0.78384459       3.2262794        3.2262794        12.26263                   12.26263
              4       8.0351265     -0.99688307     -0.80152021     -0.88665519       3.2262794        3.2262794       9.6176942                  9.6176942
              2       7.7196324      -1.0012353      -0.7920153     -0.89204411       3.2262794        3.2262794        8.986706                   8.986706
              1       7.8296923     -0.94113869      -0.7936639     -0.92205098       3.2262794        3.2262794       9.2068258                  9.2068258
              4       7.7472548     -0.94183088     -0.79262948     -0.91887887       3.2262794        3.2262794       9.0419508                  9.0419508
              5       7.7956549      -1.0169906     -0.77837237     -0.91150129       3.2262794        3.2262794        9.138751                   9.138751
             16       7.8111993      -1.0172058     -0.77893536     -0.91208709       3.2262794        3.2262794       9.1698399                  9.1698399
              4       7.3597561     -0.95786445     -0.79892653     -0.88126576       3.2262794        3.2262794       8.2669534                  8.2669534
              7       7.5625843     -0.93780616     -0.77392781     -0.78632336       3.2262794        3.2262794       8.6726098                  8.6726098
              1       8.7680622     -0.92564718     -0.80429629     -0.92072392       3.2262794        3.2262794       11.083566                  11.083566
              1       8.5570394     -0.96612148      -0.8143053     -0.98345733       3.2262794        3.2262794        10.66152                   10.66152
              1       8.3461864     -0.97163645      -0.8041957      -1.0002803       3.2262794        3.2262794       10.239814                  10.239814
              1       8.9659695     -0.97011134      -0.7835148       -1.034695       3.2262794        3.2262794        11.47938                   11.47938
              7       7.7472358     -0.98146544     -0.76458788     -0.98651114       3.2262794        3.2262794       9.0419128                  9.0419128
              5       7.0446112     -0.97372475      -0.7900432     -0.89806647       3.2262794        3.2262794       7.6366636                  7.6366636
              1       7.7838613     -0.95796299     -0.80807947     -0.87029134       3.2262794        3.2262794       9.1151639                  9.1151639
              2       8.4358883     -0.94545883     -0.81518354     -0.92692876       3.2262794        3.2262794       10.419218                  10.419218
              1       8.1479461     -0.93466685     -0.77395009     -0.92784628       3.2262794        3.2262794       9.8433334                  9.8433334
              4       7.4677073     -0.99465987     -0.74297454     -0.88155227       3.2262794        3.2262794       8.4828558                  8.4828558
              2       7.9966034     -0.93937958     -0.73568378     -0.83389673       3.2262794        3.2262794       9.5406481                  9.5406481
              2       7.5690692     -0.93257268     -0.75641941      -0.8416297       3.2262794        3.2262794       8.6855795                  8.6855795
              1       7.5765676     -0.93232617      -0.7561825     -0.83999792       3.2262794        3.2262794       8.7005764                  8.7005764
              4       8.0275074     -0.92505753     -0.75042185      -0.8407545       3.2262794        3.2262794        9.602456                   9.602456
              2       7.0387795     -0.99225515     -0.77820229     -0.90013735       3.2262794        3.2262794       7.6250002                  7.6250002
              1       7.3185343      -1.0045219     -0.77653898     -0.96398739       3.2262794        3.2262794       8.1845097                  8.1845097
              3       7.3607518     -0.94507732     -0.78401363     -0.90297637       3.2262794        3.2262794       8.2689448                  8.2689448
              1       7.3459829     -0.94304232     -0.78654639      -0.8889491       3.2262794        3.2262794        8.239407                   8.239407
              6       6.8901825     -0.98367103     -0.77772634     -0.90238715       3.2262794        3.2262794       7.3278063                  7.3278063
              6       7.6779417      -0.9826991      -0.8047909     -0.90072373       3.2262794        3.2262794       8.9033247                  8.9033247
              1       7.7191843     -0.96584728     -0.80825581     -0.89007452       3.2262794        3.2262794       8.9858097                  8.9858097
              2       7.2280446      -0.9532928     -0.78230133     -0.82353197       3.2262794        3.2262794       8.0035304                  8.0035304
              9       7.2315105     -0.95351401     -0.78201561     -0.82258396       3.2262794        3.2262794       8.0104622                  8.0104622
              6       7.4060073     -0.99821794     -0.75149769     -0.94266208       3.2262794        3.2262794       8.3594557                  8.3594557
              1       7.7464412     -0.97345805     -0.73544851     -0.90366897       3.2262794        3.2262794       9.0403237                  9.0403237
              6       8.2900677     -0.91369164     -0.78289126     -0.85156498       3.2262794        3.2262794       10.127577                  10.127577
              1       8.7465626     -0.90260518     -0.76133156     -0.76626361       3.2262794        3.2262794       11.040566                  11.040566
              4       8.7464453     -0.90280065     -0.76462149      -0.7579618       3.2262794        3.2262794       11.040332                  11.040332
              9       8.7173975      -1.0388964     -0.77559324     -0.93365521       3.2262794        3.2262794       10.982236                  10.982236
              4       9.1835102      -1.0052939      -0.8066698     -0.86005717       3.2262794        3.2262794       11.914462                  11.914462
              1       8.2896017      -1.0171137     -0.79598052     -0.91819391       3.2262794        3.2262794       10.126645                  10.126645
              1       8.3627048      -1.0251473     -0.78616477      -1.0231074       3.2262794        3.2262794       10.272851                  10.272851
              2       9.1612697     -0.95062822     -0.81484873     -0.98969231       3.2262794        3.2262794       11.869981                  11.869981
             11       8.9358506      -1.0395247     -0.77510917      -1.0414799       3.2262794        3.2262794       11.419142                  11.419142
              4       9.0353854      -1.0406697      -0.7706748      -1.0442248       3.2262794        3.2262794       11.618212                  11.618212
              1        10.47913      -1.0064707     -0.72037424      -1.0171965       3.2262794        3.2262794       14.505702                  14.505702
              2       9.4408484     -0.89917983     -0.74013079     -0.76769984       3.2262794        3.2262794       12.429138                  12.429138
              3       8.0385204       -0.998601     -0.78464064     -0.84623802       3.2262794        3.2262794        9.624482                   9.624482
              5       7.8027639      -1.0162288     -0.78596884     -0.92885634       3.2262794        3.2262794        9.152969                   9.152969
              3       7.5024851      -0.9662837     -0.79931185     -0.85833813       3.2262794        3.2262794       8.5524113                  8.5524113
              1       7.4335062     -0.93925302     -0.79018169     -0.84037642       3.2262794        3.2262794       8.4144536                  8.4144536
              1        9.405484     -0.91445207     -0.75131335     -0.89727769       3.2262794        3.2262794       12.358409                  12.358409
              1       9.7940532     -0.90550855     -0.75519366     -0.89018835       3.2262794        3.2262794       13.135548                  13.135548
              3       10.534374     -0.92307041     -0.77389712      -0.9909076       3.2262794        3.2262794       14.616189                  14.616189
              9       8.1313099     -0.91839995      -0.7677995     -0.85801954       3.2262794        3.2262794        9.810061                   9.810061
              1       7.5263365     -0.99503474     -0.74795775     -0.94552839       3.2262794        3.2262794       8.6001141                  8.6001141
              2       9.6944872      -1.0283224     -0.76318317      -1.0798547       3.2262794        3.2262794       12.936416                  12.936416
              1       9.8382409      -1.0197897     -0.76230721       -1.084525       3.2262794        3.2262794       13.223923                  13.223923
              1       8.4491971      -1.0327617     -0.77871364      -1.0181029       3.2262794        3.2262794       10.445836                  10.445836
              6       8.4035539      -1.0330511     -0.77636353       -1.013456       3.2262794        3.2262794       10.354549                  10.354549
              3       8.9310677      -1.0398183     -0.74668282     -0.92513599       3.2262794        3.2262794       11.409577                  11.409577
              2        9.153498      -1.0376962     -0.74140865     -0.90188165       3.2262794        3.2262794       11.854437                  11.854437
              1       8.9789515      -1.0336377      -0.7467552     -0.88644525       3.2262794        3.2262794       11.505344                  11.505344
              2       10.152031      -1.0526841      -0.7482646     -0.89832059       3.2262794        3.2262794       13.851504                  13.851504
              1       10.335835      -1.0627334      -0.7581707     -0.93346052       3.2262794        3.2262794       14.219111                  14.219111
              1       7.6751385     -0.99127706      -0.7744881     -0.99765511       3.2262794        3.2262794       8.8977182                  8.8977182
              4       7.3112577     -0.98194337     -0.78344625     -0.96814555       3.2262794        3.2262794       8.1699565                  8.1699565
              5       7.0875299     -0.99746161      -0.7729925     -0.90368635       3.2262794        3.2262794       7.7225011                  7.7225011
              8       8.6380678     -0.92341113     -0.73609752     -0.75000937       3.2262794        3.2262794       10.823577                  10.823577
              2       9.3694736      -1.0363756     -0.75713054     -0.87059923       3.2262794        3.2262794       12.286388                  12.286388
              5       9.6411528      -1.0404097     -0.75665108     -0.87236732       3.2262794        3.2262794       12.829747                  12.829747
              1       9.9260173     -0.95868843     -0.73353845      -0.6964167       3.2262794        3.2262794       13.399476                  13.399476
              1       10.009081      -1.0484965     -0.78987526      -0.9226994       3.2262794        3.2262794       13.565604                  13.565604
              1        9.782738      -1.0575801     -0.76749264      -1.0484958       3.2262794        3.2262794       13.112917                  13.112917
              1        9.101005       -1.018422     -0.79536274      -1.0652866       3.2262794        3.2262794       11.749451                  11.749451
              1       8.7081804     -0.98001399     -0.79885354     -0.80562728       3.2262794        3.2262794       10.963802                  10.963802
              1       8.8399891     -0.90708112     -0.78096222     -0.74004522       3.2262794        3.2262794       11.227419                  11.227419
              1         9.31356     -0.92741193       -0.733235     -0.70380485       3.2262794        3.2262794       12.174561                  12.174561
              1       7.4898299       -1.009306      -0.7848848     -0.95918374       3.2262794        3.2262794       8.5271011                  8.5271011
              3       7.7181835      -1.0125091     -0.78948021     -0.93618378       3.2262794        3.2262794       8.9838083                  8.9838083
              8       9.0372197      -1.0146481     -0.81616686     -0.94914384       3.2262794        3.2262794       11.621881                  11.621881
              3       7.6736165     -0.98156578     -0.80098129     -0.87496183       3.2262794        3.2262794       8.8946741                  8.8946741
              1       8.4628474      -0.9082956     -0.78061076      -0.7762782       3.2262794        3.2262794       10.473136                  10.473136
              2       8.5218241     -0.90836888     -0.77908191     -0.76424934       3.2262794        3.2262794       10.591089                  10.591089
              3       7.0523085     -0.94728256      -0.7700691     -0.83784722       3.2262794        3.2262794       7.6520583                  7.6520583
              5       9.4056036     -0.96348235     -0.78584417     -0.73476542       3.2262794        3.2262794       12.358648                  12.358648
              2       10.133002      -1.0062518     -0.83236379      -1.0276287       3.2262794        3.2262794       13.813445                  13.813445
              1       8.1227202     -0.99195543     -0.79552502     -0.84910557       3.2262794        3.2262794       9.7928816                  9.7928816
              4       7.4474856      -0.9917362      -0.7438752     -0.91868878       3.2262794        3.2262794       8.4424123                  8.4424123
              8       7.7775162      -1.0080041     -0.74573812      -0.9503136       3.2262794        3.2262794       9.1024735                  9.1024735
              1       7.1807296      -1.0002713      -0.7610829      -0.9356157       3.2262794        3.2262794       7.9089003                  7.9089003
              1       7.3070754     -0.98834843     -0.77051421     -0.84753782       3.2262794        3.2262794        8.161592                   8.161592
              2       7.3273966     -0.98925053     -0.77036421     -0.84799097       3.2262794        3.2262794       8.2022344                  8.2022344
              2       7.1589573     -0.99959233     -0.77959446     -0.94088896       3.2262794        3.2262794       7.8653558                  7.8653558
              2       6.9193353     -0.98287548     -0.77304196     -0.92875283       3.2262794        3.2262794       7.3861119                  7.3861119
              1       7.8322475      -0.9836784     -0.74570528     -0.95830394       3.2262794        3.2262794       9.2119362                  9.2119362
              1        7.751556     -0.97896897     -0.74432293     -0.94503204       3.2262794        3.2262794       9.0505533                  9.0505533
              3       8.7207059     -0.98711592     -0.71670188      -0.8388135       3.2262794        3.2262794       10.988853                  10.988853
              1       8.3461177     -0.93310127     -0.73139765     -0.81784851       3.2262794        3.2262794       10.239677                  10.239677
              3         8.11345     -0.97361064     -0.78427327      -1.0058316       3.2262794        3.2262794       9.7743411                  9.7743411
              2       7.9270731      -1.0099472     -0.79826201     -0.97746553       3.2262794        3.2262794       9.4015873                  9.4015873
              2       8.8157091       -1.016384     -0.81298726      -0.9797352       3.2262794        3.2262794        11.17886                   11.17886
              1       8.4077306      -1.0045199     -0.81116818     -0.93492655       3.2262794        3.2262794       10.362902                  10.362902
              1       8.3202006      -1.0093906      -0.8078792     -0.95156104       3.2262794        3.2262794       10.187842                  10.187842
              3       8.5865995      -1.0218059     -0.78442136     -0.88431623       3.2262794        3.2262794        10.72064                   10.72064
              4       8.4776309      -1.0202605     -0.79046639     -0.89879982       3.2262794        3.2262794       10.502703                  10.502703
              1        8.392499      -1.0050502     -0.77893261     -0.83670103       3.2262794        3.2262794       10.332439                  10.332439
              2       8.0218249     -0.93006549     -0.74930949     -0.76287477       3.2262794        3.2262794        9.591091                   9.591091
              2       7.9991033     -0.94983145     -0.75823572     -0.94111535       3.2262794        3.2262794       9.5456478                  9.5456478
              2       9.9695775       -1.008542     -0.71073606     -0.82200528       3.2262794        3.2262794       13.486596                  13.486596
              2       7.8371427      -0.9484311     -0.74119685     -0.77956412       3.2262794        3.2262794       9.2217266                  9.2217266
              6       9.1883831      -0.9511787     -0.74874181     -0.70695487       3.2262794        3.2262794       11.924207                  11.924207
              2       9.2404279     -0.95090225     -0.74724743     -0.70521895       3.2262794        3.2262794       12.028297                  12.028297
              3       10.039548     -0.89303584     -0.81224334      -0.8139774       3.2262794        3.2262794       13.626536                  13.626536
              2        7.163168      -0.9491244     -0.78691445      -0.8535877       3.2262794        3.2262794       7.8737773                  7.8737773
              1       6.8178802     -0.96680461     -0.77358156     -0.88738927       3.2262794        3.2262794       7.1832016                  7.1832016
              7       9.0488323     -0.95688192     -0.79403577      -1.0174508       3.2262794        3.2262794       11.645106                  11.645106
              1       7.6023059     -0.94464867     -0.79572033     -0.90757075       3.2262794        3.2262794        8.752053                   8.752053
              2       7.6953139     -0.99664902     -0.74381553     -0.94589102       3.2262794        3.2262794       8.9380689                  8.9380689
              3       7.7231408     -0.99777171     -0.74449996     -0.95068358       3.2262794        3.2262794       8.9937228                  8.9937228
              3       7.7584007      -1.0004365       -0.744415      -0.9522154       3.2262794        3.2262794       9.0642427                  9.0642427
              9        7.625318     -0.94078127     -0.74411622     -0.81271423       3.2262794        3.2262794       8.7980773                  8.7980773
              9       7.8054369      -1.0068598      -0.7400527     -0.91073631       3.2262794        3.2262794       9.1583151                  9.1583151
              2       8.8492191      -1.0064381      -0.8051385      -1.0431843       3.2262794        3.2262794       11.245879                  11.245879
              2       8.7730161       -0.989545     -0.82095386      -0.9873365       3.2262794        3.2262794       11.093473                  11.093473
              2       9.1224298     -0.98836289     -0.82807938       -0.968136       3.2262794        3.2262794       11.792301                  11.792301
              1       7.6495371     -0.97086617     -0.80314519     -0.86727583       3.2262794        3.2262794       8.8465154                  8.8465154
              3       7.4294167     -0.97508527     -0.78844144     -0.84121237       3.2262794        3.2262794       8.4062746                  8.4062746
              3       7.1948023     -0.97141083     -0.79313072     -0.92915189       3.2262794        3.2262794       7.9370457                  7.9370457
              8       8.3516052     -0.97875332      -0.8191269     -0.92018087       3.2262794        3.2262794       10.250652                  10.250652
              3       8.7173629     -0.98805055     -0.80038276     -0.82390168       3.2262794        3.2262794       10.982167                  10.982167
              1       9.4944673     -0.98710944     -0.81602939     -0.83255007       3.2262794        3.2262794       12.536376                  12.536376
              6       9.5747877     -0.91596058       -0.800277     -0.72224851       3.2262794        3.2262794       12.697017                  12.697017
              2       8.2287001     -0.91103736     -0.77578989     -0.79699455       3.2262794        3.2262794       10.004841                  10.004841
             10       9.5371268     -0.97722572     -0.71987627      -0.7508576       3.2262794        3.2262794       12.621695                  12.621695
              8       9.9169052      -1.0288423     -0.73301719      -1.0303047       3.2262794        3.2262794       13.381252                  13.381252
             12       8.2318191     -0.96824958     -0.79489583      -1.0005201       3.2262794        3.2262794       10.011079                  10.011079
              4       10.239758      -1.0119638     -0.72856104      -1.0337599       3.2262794        3.2262794       14.026956                  14.026956
              2       9.5535339      -1.0193871     -0.77601992      -1.0856848       3.2262794        3.2262794       12.654509                  12.654509
              1       9.6237236      -1.0093075     -0.77717574      -1.0866384       3.2262794        3.2262794       12.794889                  12.794889
              1       9.4021242     -0.94930927     -0.74203327     -0.96963043       3.2262794        3.2262794        12.35169                   12.35169
              3       9.2075666      -0.9176267     -0.77044875     -0.92520704       3.2262794        3.2262794       11.962574                  11.962574
              1       9.7534773     -0.99860467     -0.78128286       -1.086922       3.2262794        3.2262794       13.054396                  13.054396
              4       9.8394702      -1.0099475     -0.74659809      -1.0597031       3.2262794        3.2262794       13.226382                  13.226382
              1       9.3066002      -1.0240543     -0.72947034     -0.85796596       3.2262794        3.2262794       12.160642                  12.160642
              2       8.1494464      -0.9620035     -0.74602882     -0.76066754       3.2262794        3.2262794       9.8463339                  9.8463339
              6       8.5125209       -1.003462     -0.76392977       -1.034215       3.2262794        3.2262794       10.572483                  10.572483
              2       7.7682711      -1.0022386     -0.78286886      -1.0053488       3.2262794        3.2262794       9.0839833                  9.0839833
              5         7.18469     -0.98955655     -0.77665486     -0.96222191       3.2262794        3.2262794       7.9168212                  7.9168212
              6       6.9027712     -0.98353783     -0.76095367     -0.89731687       3.2262794        3.2262794       7.3529836                  7.3529836
              5       6.9882047      -0.9906477     -0.76028295     -0.90218678       3.2262794        3.2262794       7.5238507                  7.5238507
              1       7.0929912     -0.98909128     -0.75335841     -0.88648765       3.2262794        3.2262794       7.7334235                  7.7334235
              2       9.0537481      -1.0401864     -0.75359344     -0.90509706       3.2262794        3.2262794       11.654938                  11.654938
              4       9.3119335      -1.0480115     -0.75582414     -0.92568915       3.2262794        3.2262794       12.171308                  12.171308
              4       7.9337468      -1.0130905     -0.74345925     -0.89396183       3.2262794        3.2262794       9.4149348                  9.4149348
              1       8.0668138      -1.0167439      -0.7414169     -0.90818467       3.2262794        3.2262794       9.6810689                  9.6810689
              9       7.2822222     -0.98826444     -0.77196727     -0.85049706       3.2262794        3.2262794       8.1118855                  8.1118855
              5       7.6310296     -0.99132896     -0.78754812      -0.9931777       3.2262794        3.2262794       8.8095004                  8.8095004
              6       6.9295426      -0.9734645     -0.77611943     -0.92485173       3.2262794        3.2262794       7.4065264                  7.4065264
              3       7.3429796     -0.97738027     -0.77483053     -0.96714312       3.2262794        3.2262794       8.2334004                  8.2334004
              1       8.6295898     -0.96546185     -0.75191992     -0.98709559       3.2262794        3.2262794       10.806621                  10.806621
              2       8.8877925     -0.96618589     -0.82652622     -0.95197581       3.2262794        3.2262794       11.323026                  11.323026
              2       8.6676704     -0.94219279     -0.80568394     -0.78038207       3.2262794        3.2262794       10.882782                  10.882782
              6       9.6562346      -0.9384893      -0.8077377     -0.73918743       3.2262794        3.2262794        12.85991                   12.85991
              3       7.8838028     -0.97279085     -0.81169875     -0.92764203       3.2262794        3.2262794       9.3150469                  9.3150469
              1       7.7436598     -0.97087763     -0.80923868      -0.9163682       3.2262794        3.2262794       9.0347608                  9.0347608
              5        8.751921     -0.94321206     -0.77754088     -0.97876377       3.2262794        3.2262794       11.051283                  11.051283
              5       7.4836328      -0.9911861      -0.7686578     -0.98217118       3.2262794        3.2262794       8.5147068                  8.5147068
              4       6.9457715     -0.98394411     -0.77858343     -0.88779881       3.2262794        3.2262794       7.4389842                  7.4389842
              1       7.1408716     -0.98699972     -0.78292336      -0.8787796       3.2262794        3.2262794       7.8291845                  7.8291845
              1       7.2696821     -0.98512453     -0.79461834     -0.90817296       3.2262794        3.2262794       8.0868055                  8.0868055
              5       7.2820853       -1.004565      -0.7781914     -0.91728343       3.2262794        3.2262794       8.1116118                  8.1116118
              2       7.3558923       -1.003217     -0.78625467     -0.93017293       3.2262794        3.2262794       8.2592259                  8.2592259
              3       9.6137974     -0.95942495     -0.78765966     -0.72562679       3.2262794        3.2262794       12.775036                  12.775036
              3       8.6922973     -0.91636978     -0.80753781     -0.82887529       3.2262794        3.2262794       10.932036                  10.932036
              2       8.7300929     -0.95983333     -0.82576464     -0.90774634       3.2262794        3.2262794       11.007627                  11.007627
              3       9.9924019     -0.91563402     -0.82967983      -0.8200427       3.2262794        3.2262794       13.532245                  13.532245
              2       9.7943907     -0.92432217     -0.81251868     -0.74082516       3.2262794        3.2262794       13.136223                  13.136223
              4        9.562627     -0.89174719     -0.76640708     -0.71880552       3.2262794        3.2262794       12.672695                  12.672695
              4       9.2852771     -0.89691987     -0.76757058     -0.72311635       3.2262794        3.2262794       12.117995                  12.117995
              4       7.7483443     -0.93600784     -0.74385159     -0.82141489       3.2262794        3.2262794       9.0441299                  9.0441299
              2       8.7306863      -1.0299455     -0.74737132     -0.88708457       3.2262794        3.2262794       11.008814                  11.008814
              1       8.3655661      -0.9155784      -0.7740649     -0.75127321       3.2262794        3.2262794       10.278573                  10.278573
              1       10.737855     -0.89527887     -0.72491268     -0.68176078       3.2262794        3.2262794       15.023152                  15.023152
              3       8.8374982     -0.95686135     -0.76716593     -0.72807935       3.2262794        3.2262794       11.222438                  11.222438
              3       10.368514       -0.879157     -0.79470673     -0.75693911       3.2262794        3.2262794       14.284469                  14.284469
              6       7.4820728      -1.0056813     -0.75008327     -0.90249632       3.2262794        3.2262794       8.5115868                  8.5115868
              5       6.9228918      -0.9853627     -0.77314644     -0.88495865       3.2262794        3.2262794       7.3932248                  7.3932248
              5       6.9868475     -0.98861985     -0.78143065     -0.91585512       3.2262794        3.2262794       7.5211363                  7.5211363
             12       6.9821289     -0.97735207     -0.78568087     -0.89029069       3.2262794        3.2262794        7.511699                   7.511699
              5        7.127627     -0.99782869     -0.78030819     -0.93652779       3.2262794        3.2262794       7.8026952                  7.8026952
              6       7.2523016      -1.0066106     -0.76799864     -0.93874592       3.2262794        3.2262794       8.0520445                  8.0520445
              4       7.8872313       -1.023667     -0.77201875     -0.98574366       3.2262794        3.2262794       9.3219039                  9.3219039
              5       10.109521      -1.0633913     -0.74942569     -0.97549047       3.2262794        3.2262794       13.766483                  13.766483
              1        10.61883      -1.0720205     -0.75183293      -1.0037889       3.2262794        3.2262794       14.785102                  14.785102
              2       10.011514     -0.99587633     -0.76082289      -1.0775023       3.2262794        3.2262794       13.570469                  13.570469
              5       9.3617271     -0.99613449     -0.76398758      -1.0614196       3.2262794        3.2262794       12.270895                  12.270895
              2        8.413774     -0.95753228     -0.72052102     -0.83884339       3.2262794        3.2262794       10.374989                  10.374989
              3       8.7481802      -1.0038529      -0.7448594     -0.80680488       3.2262794        3.2262794       11.043802                  11.043802
              2       9.1117169     -0.98837451     -0.73406163     -0.76775126       3.2262794        3.2262794       11.770875                  11.770875
              1       9.5125026     -0.97745509     -0.70462587     -0.81610623       3.2262794        3.2262794       12.572446                  12.572446
              1       8.8155862      -1.0092312       -0.725361     -0.94868837       3.2262794        3.2262794       11.178614                  11.178614
              4       9.1158706      -1.0150531     -0.72252664     -0.95032567       3.2262794        3.2262794       11.779182                  11.779182
              3        7.754371     -0.93202774     -0.77027347     -0.89004074       3.2262794        3.2262794       9.0561833                  9.0561833
              1        7.448978     -0.93789506      -0.7753948     -0.79882447       3.2262794        3.2262794       8.4453972                  8.4453972
              4       8.5543647     -0.92154521     -0.80696939     -0.81265528       3.2262794        3.2262794       10.656171                  10.656171
              1       8.3548035     -0.92500503     -0.80702876     -0.84144556       3.2262794        3.2262794       10.257048                  10.257048
              2       7.8833134     -0.94092044     -0.79209545     -0.79181041       3.2262794        3.2262794        9.314068                   9.314068
              2       7.5355765     -0.96441939      -0.7971041     -0.84368012       3.2262794        3.2262794       8.6185943                  8.6185943
              1       7.5090387     -0.97656591      -0.7957835     -0.85892436       3.2262794        3.2262794       8.5655185                  8.5655185
              4       7.1820801     -0.97698758     -0.79439745     -0.90244792       3.2262794        3.2262794       7.9116013                  7.9116013
              3       7.4619064     -0.96534265     -0.80193983     -0.88106181       3.2262794        3.2262794       8.4712539                  8.4712539
              1       7.5736548     -0.96522005     -0.77645122     -0.96582806       3.2262794        3.2262794       8.6947509                  8.6947509
              5       7.1977603     -0.95984106     -0.75347422     -0.89581613       3.2262794        3.2262794       7.9429618                  7.9429618
              3        7.089742     -0.96366724     -0.75470831     -0.89494437       3.2262794        3.2262794       7.7269253                  7.7269253
              6       7.0878529     -0.97362316     -0.74887442     -0.87170809       3.2262794        3.2262794        7.723147                   7.723147
              1       7.4594333      -1.0028847     -0.74791669     -0.91736095       3.2262794        3.2262794       8.4663079                  8.4663079
              1       9.5470826      -1.0044129     -0.82891172     -0.98585672       3.2262794        3.2262794       12.641606                  12.641606
              2       10.495438      -1.0092285     -0.82763473     -0.88678889       3.2262794        3.2262794       14.538317                  14.538317
              3       9.6617103      -1.0127798     -0.80860519     -0.86502249       3.2262794        3.2262794       12.870862                  12.870862
              6       8.6038655     -0.97479221     -0.80604307     -0.81931834       3.2262794        3.2262794       10.755172                  10.755172
              6       7.5827871     -0.93390903     -0.75913558     -0.78882064       3.2262794        3.2262794       8.7130153                  8.7130153
              1       8.4889931     -0.99482231     -0.81751726     -0.94228028       3.2262794        3.2262794       10.525427                  10.525427
              2       9.5060971      -1.0532554     -0.78446494      -1.0350606       3.2262794        3.2262794       12.559635                  12.559635
              2       9.9558043     -0.97297506     -0.71445698     -0.73705065       3.2262794        3.2262794        13.45905                   13.45905
              4       9.6420697     -0.97383775     -0.73359245     -0.72506178       3.2262794        3.2262794       12.831581                  12.831581
              1       12.128709     -0.96678662     -0.75567373     -0.64978478       3.2262794        3.2262794        17.80486                   17.80486
              2       10.373057     -0.92930384     -0.77522125     -0.66315194       3.2262794        3.2262794       14.293555                  14.293555
              1       10.088189     -0.92961254     -0.79814215     -0.69975575       3.2262794        3.2262794       13.723818                  13.723818
              4        8.708196     -0.90689552     -0.78902676     -0.77045822       3.2262794        3.2262794       10.963833                  10.963833
              1       9.9867613     -0.89213207     -0.76994636     -0.68702131       3.2262794        3.2262794       13.520964                  13.520964
              1        8.261658     -0.96390959     -0.73998644     -0.76258005       3.2262794        3.2262794       10.070757                  10.070757
              9       8.5424113     -0.96809984     -0.74518345     -0.75053221       3.2262794        3.2262794       10.632264                  10.632264
              2       8.0218478     -0.91653931     -0.78201965     -0.81940725       3.2262794        3.2262794       9.5911368                  9.5911368
              1       8.0624561      -0.9246989     -0.74965617     -0.77133971       3.2262794        3.2262794       9.6723535                  9.6723535
              3       9.0212367     -0.94092547     -0.76377979     -0.70659194       3.2262794        3.2262794       11.589915                  11.589915
              1       9.0167488     -0.94457209     -0.75429419      -0.7073242       3.2262794        3.2262794       11.580939                  11.580939
              5       8.4397816     -0.95111164     -0.74748627     -0.73680003       3.2262794        3.2262794       10.427004                  10.427004
              1        8.665299     -0.92482573     -0.76660634     -0.91881398       3.2262794        3.2262794       10.878039                  10.878039
              1       7.8966452     -0.94480281     -0.74346207     -0.77059138       3.2262794        3.2262794       9.3407316                  9.3407316
              1       8.1244574      -1.0207183     -0.74387618     -0.91337736       3.2262794        3.2262794       9.7963559                  9.7963559
              1       8.4129677      -1.0237495     -0.78762075     -0.90980776       3.2262794        3.2262794       10.373377                  10.373377
              4       6.9420871     -0.96328729     -0.76470407     -0.84090119       3.2262794        3.2262794       7.4316154                  7.4316154
              2       7.4424406     -0.93224255      -0.7654452     -0.81410331       3.2262794        3.2262794       8.4323224                  8.4323224
              3       8.1113072     -0.97001912     -0.73440271     -0.78716841       3.2262794        3.2262794       9.7700555                  9.7700555
              2       7.8557429     -0.98041964     -0.75693809     -0.79580521       3.2262794        3.2262794       9.2589271                  9.2589271
              1       7.4498949     -0.96924258     -0.76232688     -0.80151559       3.2262794        3.2262794        8.447231                   8.447231
              3       7.4344086     -0.98155735     -0.80068753     -0.91287067       3.2262794        3.2262794       8.4162583                  8.4162583
              3       7.4556802     -0.99522875     -0.79625444      -0.9392011       3.2262794        3.2262794       8.4588016                  8.4588016
             18        7.468399      -1.0091984     -0.78472035     -0.94629159       3.2262794        3.2262794       8.4842393                  8.4842393
              2       7.3209062     -0.98566219     -0.79629961     -0.93443204       3.2262794        3.2262794       8.1892535                  8.1892535
              9        8.290332      -1.0006382      -0.8083563     -0.99650491       3.2262794        3.2262794       10.128105                  10.128105
              2       7.6974472      -1.0028428     -0.79277377     -0.98672684       3.2262794        3.2262794       8.9423356                  8.9423356
             20       7.3743512      -1.0016179     -0.75666496     -0.87985674       3.2262794        3.2262794       8.2961437                  8.2961437
              1        8.335635      -1.0174116     -0.73892493     -0.88241118       3.2262794        3.2262794       10.218711                  10.218711
              1       10.764557      -1.0574126      -0.7584283     -0.88751261       3.2262794        3.2262794       15.076555                  15.076555
              1       10.983332       -1.050824     -0.75611692     -0.85560926       3.2262794        3.2262794       15.514105                  15.514105
              3       10.379248      -1.0433054     -0.75284794     -0.85206206       3.2262794        3.2262794       14.305937                  14.305937
              1       9.3555378      -1.0039856     -0.74738293     -0.78305077       3.2262794        3.2262794       12.258517                  12.258517
              1       8.6979234     -0.97359201     -0.82472047     -0.91138319       3.2262794        3.2262794       10.943288                  10.943288
              1        9.545203     -0.97348661     -0.79447793      -1.0580947       3.2262794        3.2262794       12.637847                  12.637847
              7       7.4640201     -0.98553845     -0.74983245     -0.94484964       3.2262794        3.2262794       8.4754814                  8.4754814
              2       7.1297335     -0.97050459     -0.78837875     -0.93305477       3.2262794        3.2262794       7.8069082                  7.8069082
              4       9.7932307      -1.0624419     -0.76665431     -0.99550405       3.2262794        3.2262794       13.133903                  13.133903
              1       9.9530167       -1.063295      -0.7718436     -0.97852763       3.2262794        3.2262794       13.453475                  13.453475
              2       10.477137      -1.0707155     -0.76858078     -0.98177089       3.2262794        3.2262794       14.501716                  14.501716
              6        8.228932     -0.99821884     -0.80734632     -0.99717916       3.2262794        3.2262794       10.005305                  10.005305
              4       7.3749189     -0.98780851     -0.78768885      -0.8697566       3.2262794        3.2262794        8.297279                   8.297279
              2       7.4359172      -1.0023402      -0.7880265     -0.91501147       3.2262794        3.2262794       8.4192756                  8.4192756
              4       7.8608248      -0.9745182     -0.80778718      -0.9581703       3.2262794        3.2262794       9.2690908                  9.2690908
              2       7.8125783     -0.97484508     -0.80656978     -0.95857139       3.2262794        3.2262794       9.1725979                  9.1725979
              1       8.0591388     -0.96328116     -0.80587754     -0.96752672       3.2262794        3.2262794       9.6657189                  9.6657189
              5       8.0330977     -0.95030239     -0.80841869     -0.92962244       3.2262794        3.2262794       9.6136366                  9.6136366
              1       7.5157314     -0.99854111     -0.79079911     -0.97642385       3.2262794        3.2262794        8.578904                   8.578904
              3       7.8678555      -1.0002602     -0.79221706      -1.0046177       3.2262794        3.2262794       9.2831523                  9.2831523
              2       7.8830513      -1.0004022      -0.7924701      -1.0053227       3.2262794        3.2262794       9.3135439                  9.3135439
              4       8.0929829     -0.95458238      -0.8134442     -0.92043241       3.2262794        3.2262794       9.7334071                  9.7334071
              2       9.6790975      -1.0227552     -0.82233043     -0.98979199       3.2262794        3.2262794       12.905636                  12.905636
              1       8.6308839     -0.98529695     -0.80108582     -0.82392197       3.2262794        3.2262794       10.809209                  10.809209
              1       8.3770323     -0.95551838     -0.72986603     -0.89872855       3.2262794        3.2262794       10.301506                  10.301506
              2       10.129123      -0.8891953     -0.78428139     -0.86199287       3.2262794        3.2262794       13.805688                  13.805688
              2       9.9227028     -0.88282031     -0.78168014     -0.78745347       3.2262794        3.2262794       13.392847                  13.392847
              3        10.96954       -1.035007     -0.72593828       -1.049688       3.2262794        3.2262794       15.486521                  15.486521
              8       9.6441041      -0.9396147     -0.76928551     -0.99713346       3.2262794        3.2262794       12.835649                  12.835649
              1       9.5817659     -0.96865084     -0.77533032      -1.0491491       3.2262794        3.2262794       12.710973                  12.710973
              1       9.0895484      -0.9537421     -0.81277058     -0.99600362       3.2262794        3.2262794       11.726538                  11.726538
              6       7.0877026     -0.96819023     -0.79193353     -0.89743285       3.2262794        3.2262794       7.7228464                  7.7228464
             14       6.8588064     -0.98165263     -0.76393761     -0.89509898       3.2262794        3.2262794       7.2650541                  7.2650541
              1       7.2485401     -0.98578519     -0.78460574     -0.86833627       3.2262794        3.2262794       8.0445214                  8.0445214
              4       8.8897475      -0.9193309      -0.8137496     -0.86276783       3.2262794        3.2262794       11.326936                  11.326936
              4       8.7173724      -1.0335751     -0.75156176      -1.0070008       3.2262794        3.2262794       10.982186                  10.982186
              3       7.2385983     -0.95195762      -0.7497589     -0.85430563       3.2262794        3.2262794       8.0246377                  8.0246377
              1       7.2346535     -0.95285232     -0.74937679     -0.85518549       3.2262794        3.2262794       8.0167482                  8.0167482
              3       6.9913991     -0.96021999     -0.75924327     -0.83869336       3.2262794        3.2262794       7.5302394                  7.5302394
              3        7.515604     -0.94425695      -0.7492817     -0.79667526       3.2262794        3.2262794       8.5786492                  8.5786492
              4       7.6271658     -0.97538118     -0.80209439     -0.95666179       3.2262794        3.2262794       8.8017729                  8.8017729
              2       6.9841515      -0.9555549     -0.78274491     -0.87369281       3.2262794        3.2262794       7.5157443                  7.5157443
              1       7.6526538       -0.957233     -0.76129406     -0.94235201       3.2262794        3.2262794       8.8527488                  8.8527488
              3       7.8553719     -0.95437915     -0.75942142     -0.94509089       3.2262794        3.2262794       9.2581851                  9.2581851
              5       7.5846862     -0.93108148     -0.78454355     -0.86425834       3.2262794        3.2262794       8.7168137                  8.7168137
              1       7.6430707     -0.94628687     -0.78656848     -0.92990644       3.2262794        3.2262794       8.8335826                  8.8335826
             10       8.6169118       -1.004413     -0.76136307     -0.81193502       3.2262794        3.2262794       10.781265                  10.781265
              1       8.1911806     -0.93323576     -0.80885275     -0.86896556       3.2262794        3.2262794       9.9298024                  9.9298024
              1       8.4694245     -0.90890525     -0.77885833     -0.84129722       3.2262794        3.2262794        10.48629                   10.48629
              1        8.449766     -0.93445375     -0.73663612     -0.74740134       3.2262794        3.2262794       10.446973                  10.446973
              8       8.2343117     -0.94135155      -0.7426621     -0.74839456       3.2262794        3.2262794       10.016065                  10.016065
              2       8.0052043     -0.96086921     -0.75911362     -0.76239892       3.2262794        3.2262794       9.5578498                  9.5578498
              2       8.0234693     -0.96412067     -0.75708662     -0.76498648       3.2262794        3.2262794       9.5943798                  9.5943798
              8       8.4631682      -1.0022714     -0.76526823     -0.81488757       3.2262794        3.2262794       10.473778                  10.473778
              6       8.6759941      -1.0002454     -0.75069459      -1.0205937       3.2262794        3.2262794       10.899429                  10.899429
              1       7.5934508     -0.94464473     -0.75582607      -0.8976573       3.2262794        3.2262794       8.7343428                  8.7343428
              1       7.2921031     -0.96972684     -0.75274766     -0.81749404       3.2262794        3.2262794       8.1316474                  8.1316474
              1       9.2222165     -0.97888289     -0.82926239      -0.8969409       3.2262794        3.2262794       11.991874                  11.991874
              2       7.8964826     -0.98169461     -0.80985986     -0.90545277       3.2262794        3.2262794       9.3404064                  9.3404064
              4       7.7974317     -0.96892102       -0.807758      -0.8743775       3.2262794        3.2262794       9.1423046                  9.1423046
              1       8.5020572      -1.0113461     -0.80644813     -0.92227601       3.2262794        3.2262794       10.551556                  10.551556
              5       7.9217102      -1.0156711     -0.79341215     -0.97743006       3.2262794        3.2262794       9.3908616                  9.3908616
             16       7.3021556     -0.98156087     -0.74278338     -0.88038578       3.2262794        3.2262794       8.1517524                  8.1517524
              8       7.1263855     -0.95609065     -0.76032976      -0.8179028       3.2262794        3.2262794       7.8002121                  7.8002121
              3        8.165368      -1.0303945     -0.76903127     -0.99409899       3.2262794        3.2262794       9.8781771                  9.8781771
              2       6.9740594     -0.98620772     -0.76997748     -0.87510695       3.2262794        3.2262794         7.49556                    7.49556
              6       6.9981902     -0.98698611     -0.77029494     -0.87412108       3.2262794        3.2262794       7.5438215                  7.5438215
              2       7.6411391     -0.93238376     -0.77789432     -0.88474486       3.2262794        3.2262794       8.8297193                  8.8297193
             15        8.404587     -0.90815404     -0.77092165     -0.81992901       3.2262794        3.2262794       10.356615                  10.356615
              3       7.7381404      -1.0141619      -0.7501601     -0.94670111       3.2262794        3.2262794       9.0237221                  9.0237221
              1       9.6358949      -1.0504933     -0.76056161      -1.0510561       3.2262794        3.2262794       12.819231                  12.819231
              1       10.516187      -1.0053946     -0.78161324      -1.1131597       3.2262794        3.2262794       14.579814                  14.579814
              1       9.2984195      -1.0188218     -0.77436777      -1.0755981       3.2262794        3.2262794        12.14428                   12.14428
              1       8.1949644     -0.95082227     -0.81549928     -0.90517981       3.2262794        3.2262794       9.9373701                  9.9373701
              2       7.9574009     -0.92093583     -0.78908178       -0.835963       3.2262794        3.2262794       9.4622431                  9.4622431
              2       9.0395587     -0.89705139     -0.77835132      -0.7592796       3.2262794        3.2262794       11.626559                  11.626559
              5       9.8017042     -0.88413657      -0.7816477     -0.76562509       3.2262794        3.2262794        13.15085                   13.15085
              1       9.9512667      -0.9881073     -0.71760286      -0.9777758       3.2262794        3.2262794       13.449975                  13.449975
              1       9.9125436     -0.97251914     -0.71269706      -0.9420195       3.2262794        3.2262794       13.372528                  13.372528
              1        9.481782     -0.98331701     -0.70805899     -0.90081696       3.2262794        3.2262794       12.511005                  12.511005
              4       8.9430769     -0.92644429       -0.815726     -0.80644167       3.2262794        3.2262794       11.433595                  11.433595
              5       7.9350174     -0.97213573      -0.8114201     -0.94389455       3.2262794        3.2262794        9.417476                   9.417476
              5       7.8006378     -0.95494437     -0.76397159     -0.76805054       3.2262794        3.2262794       9.1487169                  9.1487169
              5       7.4808217     -0.95176328     -0.77341213     -0.79021131       3.2262794        3.2262794       8.5090847                  8.5090847
              1       7.4262826     -0.93759475     -0.77822464     -0.80599472       3.2262794        3.2262794       8.4000065                  8.4000065
              5       8.3208862     -0.92304777     -0.78614433     -0.75935741       3.2262794        3.2262794       10.189214                  10.189214
             10       7.5923909     -0.96353855      -0.7715438     -0.79094761       3.2262794        3.2262794       8.7322229                  8.7322229
              2       8.1894512      -1.0052141     -0.79858953     -0.89020362       3.2262794        3.2262794       9.9263437                  9.9263437
              2        8.214205      -1.0044746     -0.79788612     -0.88371697       3.2262794        3.2262794       9.9758512                  9.9758512
              3       8.5921563      -1.0048986     -0.80426249     -0.88236045       3.2262794        3.2262794       10.731754                  10.731754
              1       8.4667207      -1.0119183     -0.79889891      -0.8945962       3.2262794        3.2262794       10.480883                  10.480883
              1       8.0809094     -0.97008941     -0.79767045      -0.8159128       3.2262794        3.2262794       9.7092601                  9.7092601
              1       7.8432537     -0.95851228       -0.810628     -0.90095453       3.2262794        3.2262794       9.2339487                  9.2339487
              2       7.2419295     -0.95870296      -0.7945423     -0.90397637       3.2262794        3.2262794       8.0313003                  8.0313003
              3       7.7117434      -0.9502459     -0.80490624     -0.90191591       3.2262794        3.2262794        8.970928                   8.970928
              8       6.8666859     -0.97466992     -0.77988435      -0.8882738       3.2262794        3.2262794       7.2808131                  7.2808131
              2       6.9727212     -0.98731275     -0.78157875     -0.91418585       3.2262794        3.2262794       7.4928836                  7.4928836
              4       6.9935883     -0.99086429     -0.77673891     -0.89972317       3.2262794        3.2262794       7.5346178                  7.5346178
              5        6.898271      -0.9859917     -0.77325811     -0.89423923       3.2262794        3.2262794       7.3439832                  7.3439832
              1       6.8021832     -0.97452314     -0.76970642     -0.89053693       3.2262794        3.2262794       7.1518076                  7.1518076
              3       7.4098973      -1.0036653     -0.78370414     -0.90800791       3.2262794        3.2262794       8.3672358                  8.3672358
              6       7.0150041     -0.96834382     -0.77266337     -0.83898094       3.2262794        3.2262794       7.5774494                  7.5774494
              5       7.5183491       -0.977424      -0.7843481     -0.83050592       3.2262794        3.2262794       8.5841395                  8.5841395
              1       8.2634164     -0.94876122     -0.78192465     -0.75606364       3.2262794        3.2262794       10.074274                  10.074274
              2       9.9154899     -0.95090515     -0.76887582     -0.68934894       3.2262794        3.2262794       13.378421                  13.378421
              1       10.179568     -0.95032524     -0.77351528     -0.68468622       3.2262794        3.2262794       13.906578                  13.906578
              2          8.7598     -0.96117186     -0.75029737     -0.73206622       3.2262794        3.2262794       11.067041                  11.067041
             26       8.8136714     -0.99538915       -0.813185      -1.0235288       3.2262794        3.2262794       11.174784                  11.174784
              1       8.2635477     -0.98653539     -0.80630355      -1.0040704       3.2262794        3.2262794       10.074537                  10.074537
              2        8.497043     -0.97529277     -0.81371765      -0.9919276       3.2262794        3.2262794       10.541527                  10.541527
              1       8.5742785     -0.98281637     -0.73772481     -0.97571555       3.2262794        3.2262794       10.695998                  10.695998
              2       9.6324279     -0.92682774     -0.73856075      -0.9183616       3.2262794        3.2262794       12.812297                  12.812297
              3       6.9882444     -0.95010897     -0.77459092     -0.86389392       3.2262794        3.2262794         7.52393                    7.52393
              2       7.1658176     -0.94215455     -0.77867324     -0.85132648       3.2262794        3.2262794       7.8790765                  7.8790765
              4       7.1194871     -0.94457327     -0.77626654     -0.86802429       3.2262794        3.2262794       7.7864155                  7.7864155
              1          8.0336     -0.93957847     -0.80779102     -0.84592193       3.2262794        3.2262794       9.6146412                  9.6146412
              2       8.7989254     -0.96553315     -0.82229811     -0.97007126       3.2262794        3.2262794       11.145292                  11.145292
              1       9.3602034      -1.0506685      -0.7812777     -0.95997808       3.2262794        3.2262794       12.267848                  12.267848
              3       9.7355353      -1.0547143     -0.78670213     -0.96762272       3.2262794        3.2262794       13.018512                  13.018512
              1       8.2738857      -1.0304773     -0.77326217      -1.0086579       3.2262794        3.2262794       10.095213                  10.095213
              1        8.663568      -1.0146284      -0.7421895      -1.0015332       3.2262794        3.2262794       10.874577                  10.874577
              3       8.6208292       -1.006577     -0.74796343      -1.0145398       3.2262794        3.2262794         10.7891                    10.7891
              5       7.2666062     -0.95063465     -0.75229316     -0.81588789       3.2262794        3.2262794       8.0806536                  8.0806536
              1       7.2549272     -0.97374258     -0.74786595     -0.83553387       3.2262794        3.2262794       8.0572956                  8.0572956
              3       6.9293118     -0.97892934      -0.7614023     -0.86486791       3.2262794        3.2262794       7.4060649                  7.4060649
              1       7.0118187     -0.99422651      -0.7633377     -0.91479718       3.2262794        3.2262794       7.5710785                  7.5710785
              2        6.908999     -0.98553119     -0.76933707     -0.92335764       3.2262794        3.2262794       7.3654392                  7.3654392
              8       7.8081033     -0.94470854     -0.75956349     -0.92014041       3.2262794        3.2262794       9.1636478                  9.1636478
              4       9.9549086     -0.94645209     -0.77884944      -1.0266655       3.2262794        3.2262794       13.457258                  13.457258
              7       11.145752     -0.94472295     -0.76076892      -1.0411514       3.2262794        3.2262794       15.838945                  15.838945
              3        7.563456     -0.96319159     -0.80463829     -0.88439022       3.2262794        3.2262794       8.6743531                  8.6743531
              3       10.702858     -0.93624716     -0.74671268     -0.99359786       3.2262794        3.2262794       14.953157                  14.953157
              2       11.581551     -0.96638057     -0.71448428     -0.99986337       3.2262794        3.2262794       16.710543                  16.710543
              1       9.3568201     -0.95788155     -0.72456686     -0.93812169       3.2262794        3.2262794       12.261081                  12.261081
              1       9.4534941     -0.96203052     -0.76083011      -1.0229654       3.2262794        3.2262794       12.454429                  12.454429
              1       8.8507238      -1.0037306     -0.77265824       -1.055214       3.2262794        3.2262794       11.248889                  11.248889
             18        7.572791     -0.96783903     -0.75774414     -0.79253841       3.2262794        3.2262794       8.6930232                  8.6930232
              1       7.6381168     -0.95249007     -0.77639215     -0.78366323       3.2262794        3.2262794       8.8236748                  8.8236748
              4       8.4912806     -0.90757059     -0.76126003     -0.80762675       3.2262794        3.2262794       10.530002                  10.530002
              3       9.7942756     -0.89266537     -0.76229715        -0.84243       3.2262794        3.2262794       13.135992                  13.135992
              1       6.8640911     -0.96881948     -0.76571982     -0.89950023       3.2262794        3.2262794       7.2756234                  7.2756234
              4       6.9632671      -0.9708067      -0.7729308     -0.92562851       3.2262794        3.2262794       7.4739755                  7.4739755
              2        7.391173      -1.0069011     -0.75612962     -0.90705058       3.2262794        3.2262794       8.3297872                  8.3297872
             14       7.8168466     -0.97525599      -0.7981042     -0.84077749       3.2262794        3.2262794       9.1811345                  9.1811345
              1       7.9598343     -0.96306144     -0.80412055     -0.83380456       3.2262794        3.2262794       9.4671098                  9.4671098
              1       8.0675268     -0.97972262     -0.81438108      -0.9340136       3.2262794        3.2262794       9.6824948                  9.6824948
              1       7.9283861     -0.94474803     -0.76622711     -0.93626875       3.2262794        3.2262794       9.4042135                  9.4042135
              1       7.8887606      -1.0077449     -0.74371648     -0.95473313       3.2262794        3.2262794       9.3249625                  9.3249625
              1       7.8962228      -1.0169214     -0.75668174     -0.98293297       3.2262794        3.2262794       9.3398867                  9.3398867
              2       7.4158854      -1.0108021     -0.76021432     -0.93666671       3.2262794        3.2262794        8.379212                   8.379212
              9       7.4975111      -1.0062561     -0.78795473     -0.92729038       3.2262794        3.2262794       8.5424633                  8.5424633
              1       7.0794118      -0.9842544     -0.78542356     -0.88797324       3.2262794        3.2262794       7.7062649                  7.7062649
             12       6.9423369     -0.98655034      -0.7755492     -0.88975998       3.2262794        3.2262794        7.432115                   7.432115
              2       7.9337619     -0.93960303     -0.75136862      -0.7586235       3.2262794        3.2262794       9.4149649                  9.4149649
              1       8.6235056      -0.9105276     -0.74700324     -0.77541161       3.2262794        3.2262794       10.794452                  10.794452
              1       7.8240528     -0.94477468     -0.74468039     -0.88523443       3.2262794        3.2262794       9.1955469                  9.1955469
              3       8.3419226     -0.98701693     -0.79578399     -0.82799859       3.2262794        3.2262794       10.231286                  10.231286
              1       8.9010594      -1.0449387     -0.78243961      -1.0030987       3.2262794        3.2262794        11.34956                   11.34956
              1       10.626626       -1.070176     -0.77596688     -0.97216627       3.2262794        3.2262794       14.800693                  14.800693
              2       10.342255       -1.051502     -0.73195212     -0.90691456       3.2262794        3.2262794       14.231952                  14.231952
              1       9.4504506     -0.97051974     -0.70503726     -0.85502126       3.2262794        3.2262794       12.448342                  12.448342
              5       9.2127602     -0.93541086     -0.79272934     -0.98080341       3.2262794        3.2262794       11.972962                  11.972962
              2       7.5438617     -0.96491199     -0.80452665     -0.91328763       3.2262794        3.2262794       8.6351646                  8.6351646
              1       7.6472088      -1.0178972     -0.77893571     -0.96022455       3.2262794        3.2262794       8.8418588                  8.8418588
              1       7.2550451     -0.98809483     -0.74676144     -0.87644176       3.2262794        3.2262794       8.0575314                  8.0575314
              3       7.2479819     -0.98804528     -0.74654067     -0.88179392       3.2262794        3.2262794       8.0434051                  8.0434051
              2       7.8065176     -0.97102598     -0.73040119     -0.83952031       3.2262794        3.2262794       9.1604763                  9.1604763
              3       7.7763467     -0.96940849     -0.73063635      -0.8548848       3.2262794        3.2262794       9.1001346                  9.1001346
              1       7.6226243     -0.97072289     -0.73461926     -0.87437443       3.2262794        3.2262794       8.7926898                  8.7926898
              1       8.5732393      -1.0266773     -0.73704708      -0.9268279       3.2262794        3.2262794        10.69392                   10.69392
             17       8.3911144      -1.0241205     -0.73923265     -0.92229103       3.2262794        3.2262794        10.32967                   10.32967
              3       9.2863438      -1.0092766     -0.72533883     -0.98147871       3.2262794        3.2262794       12.120129                  12.120129
              1       9.0286574      -0.9582068     -0.73094618     -0.94393413       3.2262794        3.2262794       11.604756                  11.604756
              1       9.0762563     -0.95335768     -0.72838177     -0.92905577       3.2262794        3.2262794       11.699954                  11.699954
             10       8.0424311     -0.95270915     -0.73830476     -0.90163186       3.2262794        3.2262794       9.6323033                  9.6323033
              1       7.8933597     -0.95699466     -0.74924882      -0.7674503       3.2262794        3.2262794       9.3341606                  9.3341606
              2        9.907564     -0.94032499     -0.72849779     -0.68594661       3.2262794        3.2262794       13.362569                  13.362569
              1       9.7019007     -0.95594086     -0.71124338      -0.7383717       3.2262794        3.2262794       12.951243                  12.951243
              2       9.7698012     -0.95250265     -0.70978047     -0.73718293       3.2262794        3.2262794       13.087044                  13.087044
             14       7.9041587     -0.97670979     -0.74045896     -0.94087606       3.2262794        3.2262794       9.3557586                  9.3557586
              3       7.5836743     -0.97614402     -0.74436482       -0.929871       3.2262794        3.2262794       8.7147899                  8.7147899
             10       7.3503317     -0.99647089     -0.74786511     -0.91647128       3.2262794        3.2262794       8.2481045                  8.2481045
              4       8.8646948      -1.0349014     -0.74977761      -1.0108278       3.2262794        3.2262794       11.276831                  11.276831
              1       9.2586136     -0.96247569     -0.71047168     -0.87375765       3.2262794        3.2262794       12.064668                  12.064668
              5       9.8555544     -0.97112478     -0.70252975     -0.88020822       3.2262794        3.2262794        13.25855                   13.25855
              1       8.0881626     -0.95623614     -0.73367934     -0.89495279       3.2262794        3.2262794       9.7237664                  9.7237664
              7       7.5762888      -1.0042242     -0.74567668     -0.92577438       3.2262794        3.2262794       8.7000188                  8.7000188
              2       6.9013302     -0.98337648     -0.77389238     -0.92482493       3.2262794        3.2262794       7.3501015                  7.3501015
              3       6.8604799      -0.9760562     -0.76819176     -0.91234977       3.2262794        3.2262794        7.268401                   7.268401
              2       7.3986323      -1.0020782     -0.76817513     -0.97402982       3.2262794        3.2262794       8.3447058                  8.3447058
              2       8.6579682     -0.93283092     -0.80728176     -0.93172908       3.2262794        3.2262794       10.863378                  10.863378
              3       8.2661174     -0.92273979     -0.80189467     -0.85842092       3.2262794        3.2262794       10.079676                  10.079676
              1       8.9277141     -0.90583798     -0.76558849     -0.85681497       3.2262794        3.2262794       11.402869                  11.402869
             10       7.6137228      -0.9382517     -0.77774389     -0.90522956       3.2262794        3.2262794       8.7748869                  8.7748869
              2       8.0059033     -0.92784403     -0.77698548     -0.89761656       3.2262794        3.2262794       9.5592478                  9.5592478
              1       7.8305813     -0.92354045     -0.77880802     -0.79169743       3.2262794        3.2262794       9.2086038                  9.2086038
              3       7.8512746      -1.0146883     -0.78642319     -0.91557124       3.2262794        3.2262794       9.2499904                  9.2499904
              5       7.9213006      -1.0041573     -0.77347269     -0.85115922       3.2262794        3.2262794       9.3900424                  9.3900424
             11       7.3216197     -0.96678097     -0.75332846     -0.81106817       3.2262794        3.2262794       8.1906806                  8.1906806
              2       7.5180267      -0.9563992      -0.7494285     -0.79214311       3.2262794        3.2262794       8.5834947                  8.5834947
              5       7.9446475     -0.94868221     -0.74347851     -0.76663439       3.2262794        3.2262794       9.4367361                  9.4367361
              5       8.2946232     -0.92883131     -0.75042009     -0.74098794       3.2262794        3.2262794       10.136688                  10.136688
              4       8.0529071     -0.91495068     -0.76989483     -0.79697379       3.2262794        3.2262794       9.6532554                  9.6532554
              1       6.8268945     -0.98023787     -0.76899697     -0.89977204       3.2262794        3.2262794       7.2012302                  7.2012302
              4       7.0547503     -0.98168569     -0.75516056     -0.86088535       3.2262794        3.2262794       7.6569417                  7.6569417
              4       8.1160392       -1.003266      -0.7511698     -0.99545567       3.2262794        3.2262794       9.7795196                  9.7795196
              1         7.78916      -1.0080829     -0.74146503     -0.91811897       3.2262794        3.2262794       9.1257611                  9.1257611
              3       6.9078782     -0.96726697     -0.76777231      -0.8481479       3.2262794        3.2262794       7.3631975                  7.3631975
              2       7.0447877     -0.99328244      -0.7673687     -0.93862435       3.2262794        3.2262794       7.6370167                  7.6370167
              6       7.5759787     -0.95883212     -0.76815183     -0.94931662       3.2262794        3.2262794       8.6993986                  8.6993986
              4       9.1406551     -0.96922329     -0.72015957     -0.75784845       3.2262794        3.2262794       11.828751                  11.828751
              3       7.3599969     -0.95184391     -0.76598346     -0.91712345       3.2262794        3.2262794       8.2674351                  8.2674351
              1       7.5603985      -0.9905375     -0.75361063     -0.83356336       3.2262794        3.2262794       8.6682381                  8.6682381
              4       7.6133155      -1.0017969     -0.75114831      -0.8626048       3.2262794        3.2262794       8.7740722                  8.7740722
              3       7.4777833     -0.95100869     -0.74307198     -0.85613429       3.2262794        3.2262794       8.5030077                  8.5030077
              5        7.767205     -0.96444864     -0.73806219      -0.9041196       3.2262794        3.2262794       9.0818512                  9.0818512
              3       7.5276624     -0.96083345     -0.74450199      -0.9010261       3.2262794        3.2262794        8.602766                   8.602766
              3       8.8710255      -1.0406631     -0.77740845      -1.0331298       3.2262794        3.2262794       11.289492                  11.289492
              2       9.7325074      -1.0478374     -0.78402165       -1.073518       3.2262794        3.2262794       13.012456                  13.012456
              2       9.3627384      -1.0407693     -0.78309052      -1.0653336       3.2262794        3.2262794       12.272918                  12.272918
              1       8.7858557      -1.0384299     -0.78057226      -1.0309878       3.2262794        3.2262794       11.119153                  11.119153
              3        7.468408      -0.9826109     -0.79175891     -0.97249587       3.2262794        3.2262794       8.4842572                  8.4842572
              3       9.2919726      -1.0144802     -0.71829648     -0.93849807       3.2262794        3.2262794       12.131387                  12.131387
              1       9.0720685      -1.0131626     -0.72148978      -0.9420071       3.2262794        3.2262794       11.691578                  11.691578
              2       9.4204015      -1.0213707     -0.72206611      -0.9637893       3.2262794        3.2262794       12.388244                  12.388244
              2       9.5474162      -1.0089184     -0.71913014     -0.96998498       3.2262794        3.2262794       12.642274                  12.642274
              1       9.4234763       -1.052789     -0.76616339     -0.94525505       3.2262794        3.2262794       12.394394                  12.394394
              2       7.9221393      -1.0124571     -0.79652871     -0.94587647       3.2262794        3.2262794       9.3917198                  9.3917198
              1       9.1405333      -1.0287243     -0.80560681     -0.94283979       3.2262794        3.2262794       11.828508                  11.828508
              4       9.4178625      -1.0350934     -0.77761769     -0.87818705       3.2262794        3.2262794       12.383166                  12.383166
              5       9.4256951      -1.0338073     -0.77918388     -0.87560379       3.2262794        3.2262794       12.398831                  12.398831
              1       8.5391655      -0.9365083     -0.76529224     -0.72431741       3.2262794        3.2262794       10.625772                  10.625772
              1       9.1390951     -0.93094138     -0.78182022     -0.71099504       3.2262794        3.2262794       11.825631                  11.825631
              6       8.4709488     -0.93548864     -0.80806861     -0.92459024       3.2262794        3.2262794       10.489339                  10.489339
              2        8.456619      -0.9356238     -0.80789535     -0.92437826       3.2262794        3.2262794       10.460679                  10.460679
              1       8.9309906     -0.91570381     -0.81244697     -0.83467735       3.2262794        3.2262794       11.409422                  11.409422
              1       7.4046199     -0.94956585     -0.79735278     -0.87055036       3.2262794        3.2262794        8.356681                   8.356681
              7        8.063644     -0.94200512     -0.78928544     -0.94435559       3.2262794        3.2262794       9.6747293                  9.6747293
              3       8.3590232     -0.96901324     -0.78128475      -1.0100637       3.2262794        3.2262794       10.265488                  10.265488
              4       7.5152738     -0.94429448     -0.74645159     -0.85337778       3.2262794        3.2262794       8.5779887                  8.5779887
              3       7.8612383     -0.95018696     -0.74239738     -0.89610695       3.2262794        3.2262794       9.2699177                  9.2699177
              1       7.2132813     -0.99732794     -0.78088847     -0.89919611       3.2262794        3.2262794       7.9740037                  7.9740037
              5       7.4566602     -0.98699505     -0.77450441      -0.8381473       3.2262794        3.2262794       8.4607617                  8.4607617
              1       9.1367383      -1.0149943      -0.7270834     -0.84266395       3.2262794        3.2262794       11.820918                  11.820918
              1       8.5800784     -0.97480846     -0.71821137     -0.88118818       3.2262794        3.2262794       10.707598                  10.707598
              1       9.1972303      -1.0044224     -0.72759156     -0.98565368       3.2262794        3.2262794       11.941902                  11.941902
              6       7.2353167     -0.97756026     -0.74570899     -0.85371089       3.2262794        3.2262794       8.0180746                  8.0180746
              7       7.3838388     -0.99530405      -0.7452321     -0.89897885       3.2262794        3.2262794       8.3151188                  8.3151188
              3       8.0531166      -1.0201967     -0.74454785     -0.93421653       3.2262794        3.2262794       9.6536744                  9.6536744
              1       7.9564874      -1.0072989     -0.75130797     -0.98503188       3.2262794        3.2262794        9.460416                   9.460416
              4       7.1242862     -0.94782983     -0.78420023     -0.85641122       3.2262794        3.2262794       7.7960137                  7.7960137
              1       6.9604672     -0.95293352     -0.77656655     -0.87304103       3.2262794        3.2262794       7.4683757                  7.4683757
             11        6.896754     -0.95761679     -0.77656241     -0.87437257       3.2262794        3.2262794       7.3409492                  7.3409492
              3       7.1459753     -0.96502592     -0.75663021     -0.91074289       3.2262794        3.2262794       7.8393917                  7.8393917
              4       7.1468123     -0.94355906     -0.77990748     -0.85448148       3.2262794        3.2262794       7.8410658                  7.8410658
              9        7.867128     -0.99106012     -0.79552601     -0.99999556       3.2262794        3.2262794       9.2816973                  9.2816973
              2         8.03369     -0.99200011     -0.79739026      -1.0083387       3.2262794        3.2262794       9.6148212                  9.6148212
              1       8.9223898     -0.94042734       -0.825242     -0.88688518       3.2262794        3.2262794       11.392221                  11.392221
              2       8.3260882     -0.93574646     -0.81262199     -0.84884108       3.2262794        3.2262794       10.199618                  10.199618
             14       8.3001062     -0.93384038     -0.81157207     -0.85420654       3.2262794        3.2262794       10.147654                  10.147654
              1       7.8167874     -0.92618597     -0.75350183     -0.79695057       3.2262794        3.2262794        9.181016                   9.181016
              2       7.2769241     -0.94221497     -0.77003071     -0.80829182       3.2262794        3.2262794       8.1012894                  8.1012894
              2       7.3030932     -0.94200074     -0.76966774     -0.80512906       3.2262794        3.2262794       8.1536276                  8.1536276
              8       6.8047859     -0.97441237     -0.76825822     -0.88994922       3.2262794        3.2262794       7.1570129                  7.1570129
              6       6.8680063     -0.97142314     -0.76041401     -0.87095597       3.2262794        3.2262794       7.2834537                  7.2834537
              4       6.8657511     -0.97236528     -0.76051419      -0.8727452       3.2262794        3.2262794       7.2789435                  7.2789435
              1       6.9061382     -0.96678607     -0.76232344     -0.85077626       3.2262794        3.2262794       7.3597176                  7.3597176
              4       7.0418152     -0.95986119     -0.75524883     -0.83944529       3.2262794        3.2262794       7.6310716                  7.6310716
              1       7.1247953     -0.97931276     -0.76532169     -0.94460462       3.2262794        3.2262794       7.7970317                  7.7970317
              4       7.8924573     -0.96934215     -0.74698493     -0.94895556       3.2262794        3.2262794       9.3323559                  9.3323559
              3       6.9198069     -0.97185438     -0.77491937     -0.92164437       3.2262794        3.2262794       7.3870551                  7.3870551
              1       7.1148182     -0.95078522     -0.78443147     -0.88755381       3.2262794        3.2262794       7.7770776                  7.7770776
              2       10.015918     -0.99603668     -0.78352052      -1.0936357       3.2262794        3.2262794       13.579276                  13.579276
              5       10.425216      -0.9935116     -0.79679285      -1.1037067       3.2262794        3.2262794       14.397874                  14.397874
              3       9.5041163     -0.99610158     -0.78108084     -0.77967847       3.2262794        3.2262794       12.555674                  12.555674
              4       9.1677456      -1.0271548     -0.80771144      -1.0331172       3.2262794        3.2262794       11.882932                  11.882932
              3       9.5298071      -1.0328618     -0.80972511      -1.0414692       3.2262794        3.2262794       12.607055                  12.607055
              9       7.7577325     -0.99257369     -0.80484206      -0.9313181       3.2262794        3.2262794       9.0629062                  9.0629062
              3       8.8833537     -0.95755754     -0.82248138      -0.8443735       3.2262794        3.2262794       11.314149                  11.314149
              3       8.8586491     -0.95587318     -0.82213292     -0.84288451       3.2262794        3.2262794       11.264739                  11.264739
              1        7.209123     -0.94860782     -0.76803016      -0.8963942       3.2262794        3.2262794       7.9656873                  7.9656873
              1       7.3094685     -0.94110386     -0.75571024      -0.8344322       3.2262794        3.2262794       8.1663783                  8.1663783
              1       7.3829543     -0.96258075     -0.74148352     -0.86764019       3.2262794        3.2262794       8.3133498                  8.3133498
              1       7.3406552     -0.96397713     -0.74216747     -0.86737817       3.2262794        3.2262794       8.2287516                  8.2287516
              2       7.8152849     -0.93901117     -0.74195164     -0.84838203       3.2262794        3.2262794        9.178011                   9.178011
              6       7.6777713     -0.93905239     -0.74699094     -0.85615278       3.2262794        3.2262794       8.9029839                  8.9029839
             10       7.6383738     -0.94511285     -0.74452725     -0.86624911       3.2262794        3.2262794       8.8241888                  8.8241888
              1       7.5745052     -0.92788498     -0.77193124     -0.84586242       3.2262794        3.2262794       8.6964517                  8.6964517
              4       7.4133068     -0.99372275     -0.79223981     -0.96448803       3.2262794        3.2262794       8.3740548                  8.3740548
              2       10.298741      -1.0441726     -0.80918704      -1.0742652       3.2262794        3.2262794       14.144924                  14.144924
              1        8.711615      -1.0062993     -0.81664217       -0.963623       3.2262794        3.2262794       10.970671                  10.970671
              1       8.9956358      -1.0139085     -0.81660693     -0.95662452       3.2262794        3.2262794       11.538713                  11.538713
              1       9.1776567     -0.99974419     -0.82539378     -0.94321106       3.2262794        3.2262794       11.902755                  11.902755
              1       8.1323363     -0.92609805     -0.76467273     -0.88952955       3.2262794        3.2262794       9.8121138                  9.8121138
              6       7.9852452     -0.91974911     -0.75808867      -0.8221518       3.2262794        3.2262794       9.5179315                  9.5179315
              3       7.1010132     -0.94756276     -0.76106008     -0.85729473       3.2262794        3.2262794       7.7494675                  7.7494675
              1        7.203435     -0.94583324     -0.75577342       -0.839105       3.2262794        3.2262794       7.9543111                  7.9543111
              1        7.124203     -0.94716207     -0.75904003     -0.84013202       3.2262794        3.2262794       7.7958472                  7.7958472
              3       7.2821652     -0.96976468     -0.76284976     -0.94255152       3.2262794        3.2262794       8.1117716                  8.1117716
              9       7.3415453     -0.97629407     -0.78287153     -0.96592309       3.2262794        3.2262794       8.2305318                  8.2305318
              3       7.0968398     -0.94937583     -0.77249674     -0.82542263       3.2262794        3.2262794       7.7411209                  7.7411209
              2        7.033368     -0.95386477     -0.77397229     -0.83254198       3.2262794        3.2262794       7.6141772                  7.6141772
              2       9.5194339      -1.0131922     -0.76972389     -0.80524535       3.2262794        3.2262794       12.586309                  12.586309
              2       9.3792009      -1.0276746     -0.78669137     -0.86957133       3.2262794        3.2262794       12.305843                  12.305843
              2       8.4996238     -0.99376111     -0.75639939      -1.0193692       3.2262794        3.2262794       10.546689                  10.546689
              3       7.5302628     -0.99067364     -0.75221076     -0.95847718       3.2262794        3.2262794       8.6079668                  8.6079668
              2       7.9818653     -0.95750366     -0.81296989     -0.88554158       3.2262794        3.2262794       9.5111718                  9.5111718
              7       8.0550952     -0.96663089     -0.80588798     -0.83796193       3.2262794        3.2262794       9.6576315                  9.6576315
              2        7.769559     -0.92256667     -0.76399323        -0.80926       3.2262794        3.2262794       9.0865592                  9.0865592
              4       7.5123923     -0.95711481     -0.74057708      -0.8171802       3.2262794        3.2262794       8.5722258                  8.5722258
              1       7.1203079     -0.98825638     -0.76794751     -0.95163124       3.2262794        3.2262794       7.7880571                  7.7880571
              6       8.4210518        -1.03639     -0.75922067     -0.94517714       3.2262794        3.2262794       10.389545                  10.389545
              2       12.974227      -1.0724022     -0.76192705     -0.86813773       3.2262794        3.2262794       19.495896                  19.495896
              2        13.10073      -1.0731021     -0.76332701      -0.8677318       3.2262794        3.2262794       19.748901                  19.748901
              3       9.5245325      -1.0421403     -0.80487128      -0.9999822       3.2262794        3.2262794       12.596506                  12.596506
              1       8.1299454      -1.0164414     -0.78808414      -0.9025311       3.2262794        3.2262794        9.807332                   9.807332
              1       9.8382437     -0.89627039     -0.79831422     -0.72780107       3.2262794        3.2262794       13.223929                  13.223929
              1       9.8347705     -0.89626071     -0.79852948     -0.72866197       3.2262794        3.2262794       13.216982                  13.216982
              9       9.5579229     -0.88939522     -0.75947455     -0.77955183       3.2262794        3.2262794       12.663287                  12.663287
              1       7.2998435     -0.94013918     -0.76088591      -0.8573701       3.2262794        3.2262794       8.1471282                  8.1471282
              4       7.0264501     -0.95787884     -0.76800849     -0.90292576       3.2262794        3.2262794       7.6003414                  7.6003414
              4       7.5861608      -0.9530098     -0.79098585     -0.81257046       3.2262794        3.2262794       8.7197628                  8.7197628
              1       8.8780568      -1.0084594     -0.72362378     -0.85134985       3.2262794        3.2262794       11.303555                  11.303555
              2       8.7697698     -0.94091418     -0.72232027     -0.84892324       3.2262794        3.2262794       11.086981                  11.086981
             14       8.6407788     -0.90694929     -0.76226449     -0.74957669       3.2262794        3.2262794       10.828999                  10.828999
              1       9.7386056     -0.90421662      -0.7270778     -0.74957427       3.2262794        3.2262794       13.024652                  13.024652
              1       8.2643859     -0.96210406     -0.73218476     -0.91385232       3.2262794        3.2262794       10.076213                  10.076213
              5       12.435496     -0.91161042      -0.7292413     -0.95145854       3.2262794        3.2262794       18.418433                  18.418433
              2       9.4654066     -0.95083501     -0.73393173     -0.95647933       3.2262794        3.2262794       12.478255                  12.478255
              4       9.4734029     -0.97333846     -0.71805913      -0.7515831       3.2262794        3.2262794       12.494247                  12.494247
              2       7.4202448     -0.97446785     -0.74542997     -0.82418261       3.2262794        3.2262794       8.3879308                  8.3879308
              2       7.3164619     -0.97509397      -0.7576291      -0.8191757       3.2262794        3.2262794       8.1803649                  8.1803649
              2       7.0931068      -0.9833341     -0.76292399     -0.85181916       3.2262794        3.2262794       7.7336549                  7.7336549
              5       7.0503171     -0.98211912     -0.76211211     -0.85403254       3.2262794        3.2262794       7.6480755                  7.6480755
              4       8.2933398     -0.93124928     -0.77302273     -0.92505541       3.2262794        3.2262794       10.134121                  10.134121
              1       8.4336616     -0.93660659      -0.7756353     -0.94860548       3.2262794        3.2262794       10.414764                  10.414764
              2       8.9214946     -0.93913175     -0.74539426     -0.93566915       3.2262794        3.2262794        11.39043                   11.39043
              1       7.7557199      -0.9971615     -0.74290396      -0.9477982       3.2262794        3.2262794       9.0588809                  9.0588809
              1       8.8138664      -0.9591897     -0.71377249     -0.82143217       3.2262794        3.2262794       11.175174                  11.175174
              4         8.60591     -0.95743946     -0.71760315     -0.80980122       3.2262794        3.2262794       10.759261                  10.759261
              3       8.2965174     -0.92510398     -0.77142444      -0.9038891       3.2262794        3.2262794       10.140476                  10.140476
              3        7.929127     -0.95637965     -0.74827477     -0.93169189       3.2262794        3.2262794       9.4056953                  9.4056953
             12       7.7483522     -0.96040983     -0.73436743     -0.87248871       3.2262794        3.2262794       9.0441455                  9.0441455
              3       10.381203      -1.0330558     -0.79015028      -1.1141703       3.2262794        3.2262794       14.309847                  14.309847
              1       9.1028947        -1.00756     -0.79804559      -1.0646296       3.2262794        3.2262794       11.753231                  11.753231
              2       7.5928071      -1.0175446     -0.76327887     -0.93631648       3.2262794        3.2262794       8.7330555                  8.7330555
              2       7.6192791      -1.0175716     -0.76029748     -0.94081579       3.2262794        3.2262794       8.7859993                  8.7859993
             13       8.5837371      -1.0413654     -0.77107748     -0.98896184       3.2262794        3.2262794       10.714915                  10.714915
              2       9.2110499       -1.046592     -0.76948609     -0.92799877       3.2262794        3.2262794       11.969541                  11.969541
              5       9.7878042      -1.0121826     -0.71208529     -0.84214037       3.2262794        3.2262794        13.12305                   13.12305
              2       9.5401429      -1.0191368     -0.71938132      -0.8554927       3.2262794        3.2262794       12.627727                  12.627727
              7       7.1459579     -0.94590533     -0.75921825     -0.83907454       3.2262794        3.2262794       7.8393571                  7.8393571
              2       7.8155459      -1.0023065     -0.73705079     -0.90121166       3.2262794        3.2262794       9.1785329                  9.1785329
              1       8.0330496      -1.0247748     -0.77020821     -0.99931935       3.2262794        3.2262794       9.6135405                  9.6135405
              1       7.9735634      -1.0258114     -0.76266363     -0.97862905       3.2262794        3.2262794       9.4945679                  9.4945679
              2       6.9481747     -0.96555118     -0.76051343     -0.89582245       3.2262794        3.2262794       7.4437906                  7.4437906
              2       7.5586697     -0.97225314     -0.78614301     -0.97455093       3.2262794        3.2262794       8.6647806                  8.6647806
              3       8.3676894      -1.0212864     -0.77799234      -1.0327561       3.2262794        3.2262794        10.28282                   10.28282
              4       9.8240581     -0.96812894     -0.82780475       -1.018898       3.2262794        3.2262794       13.195557                  13.195557
              1       9.5543966     -0.95179219     -0.83453249     -0.93835747       3.2262794        3.2262794       12.656235                  12.656235
              1       9.3644454     -0.93919621     -0.82878591     -0.92454138       3.2262794        3.2262794       12.276332                  12.276332
              9       7.4217406     -0.98787524       -0.759388     -0.83488079       3.2262794        3.2262794       8.3909223                  8.3909223
              1       7.7671044      -1.0060948     -0.74818333     -0.96181645       3.2262794        3.2262794         9.08165                    9.08165
              1       8.7617897      -1.0422536     -0.75381708     -0.97270024       3.2262794        3.2262794       11.071021                  11.071021
              1       8.9422042      -1.0447635     -0.75204952     -0.98085626       3.2262794        3.2262794        11.43185                   11.43185
              5       9.0171293      -1.0468455     -0.76503442      -1.0180731       3.2262794        3.2262794         11.5817                    11.5817
              1       9.2078706     -0.94163245     -0.72253857     -0.88722812       3.2262794        3.2262794       11.963182                  11.963182
              1        9.214018     -0.94169918     -0.72250667     -0.88764903       3.2262794        3.2262794       11.975477                  11.975477
              6       8.8115945     -0.94468547     -0.73128098     -0.90571493       3.2262794        3.2262794        11.17063                   11.17063
              6       6.9757653     -0.95385856     -0.76512062     -0.87495161       3.2262794        3.2262794       7.4989717                  7.4989717
              8       6.9383893     -0.97645027     -0.75718636     -0.86753278       3.2262794        3.2262794       7.4242198                  7.4242198
              3       7.2614992     -0.93840641     -0.76715739     -0.85301872       3.2262794        3.2262794       8.0704397                  8.0704397
              2       8.0748168     -0.92270251      -0.7477155     -0.80782712       3.2262794        3.2262794       9.6970749                  9.6970749
              1       8.1942666     -0.97871084     -0.72333287     -0.84469367       3.2262794        3.2262794       9.9359743                  9.9359743
              3       8.2959609     -0.98688642     -0.74209741     -0.79308354       3.2262794        3.2262794       10.139363                  10.139363
              1       7.5901866     -0.93713423     -0.74928013     -0.84098583       3.2262794        3.2262794       8.7278144                  8.7278144
              2       7.5567582     -0.94740061     -0.74268905     -0.85139133       3.2262794        3.2262794       8.6609576                  8.6609576
              5       7.7364575      -1.0059259     -0.79089069     -0.99114459       3.2262794        3.2262794       9.0203562                  9.0203562
              2       9.3729742     -0.94824435     -0.80026983     -0.74148244       3.2262794        3.2262794        12.29339                   12.29339
              1       7.1688874     -0.97748883     -0.79033357     -0.87726941       3.2262794        3.2262794        7.885216                   7.885216
              7        7.155621     -0.97563762      -0.7907281     -0.87728509       3.2262794        3.2262794       7.8586832                  7.8586832
              3       7.2845203     -0.96978336     -0.78970473     -0.84866827       3.2262794        3.2262794       8.1164818                  8.1164818
              8       7.4559774     -0.98391359     -0.79567122     -0.87960872       3.2262794        3.2262794       8.4593961                  8.4593961
              4       7.3738059     -0.95171718     -0.79427091     -0.84565239       3.2262794        3.2262794        8.295053                   8.295053
              7       7.3015086     -0.93558515     -0.77085509     -0.83668446       3.2262794        3.2262794       8.1504583                  8.1504583
              2       7.5884081     -0.93148364     -0.75554087     -0.82924854       3.2262794        3.2262794       8.7242574                  8.7242574
              7       7.5756429     -0.93194691     -0.75523829     -0.82728202       3.2262794        3.2262794       8.6987269                  8.6987269
              1       7.5253631     -0.94153211     -0.74637662     -0.82852425       3.2262794        3.2262794       8.5981674                  8.5981674
             22       7.0580625     -0.96069104     -0.75921765     -0.82785911       3.2262794        3.2262794       7.6635663                  7.6635663
              1       6.9763642     -0.95631329     -0.78015562     -0.85421043       3.2262794        3.2262794       7.5001697                  7.5001697
              7       7.5234527     -0.94825407     -0.79388843     -0.82652862       3.2262794        3.2262794       8.5943467                  8.5943467
              4       6.9441238     -0.96486373     -0.75857743     -0.84959973       3.2262794        3.2262794       7.4356887                  7.4356887
              4       7.0536925     -0.94863739     -0.76884703     -0.87422059       3.2262794        3.2262794       7.6548263                  7.6548263
              3       9.2004984     -0.89769263     -0.76774918     -0.83348117       3.2262794        3.2262794       11.948438                  11.948438
              1       8.0935786     -0.91773097     -0.75662308     -0.81807414       3.2262794        3.2262794       9.7345983                  9.7345983
              7       8.2883674     -0.91216541     -0.75797951     -0.79610677       3.2262794        3.2262794       10.124176                  10.124176
              5       8.1403818      -1.0064684     -0.73218562     -0.89248587       3.2262794        3.2262794       9.8282047                  9.8282047
              3       7.6425253      -1.0105339     -0.77230108     -0.88888241       3.2262794        3.2262794       8.8324919                  8.8324919
              2       9.0486674      -1.0012782     -0.80224572     -0.84371232       3.2262794        3.2262794       11.644776                  11.644776
              2        9.108803     -0.90688977     -0.77122757      -0.7127695       3.2262794        3.2262794       11.765047                  11.765047
              2       11.098878     -0.88035776     -0.81068166     -0.72410899       3.2262794        3.2262794       15.745196                  15.745196
              2       11.299588     -0.87714057     -0.80889008     -0.71400018       3.2262794        3.2262794       16.146616                  16.146616
              1       11.816632     -0.91855627     -0.85384435      -0.8570242       3.2262794        3.2262794       17.180704                  17.180704
              1       9.3812487      -1.0178994     -0.78381679      -1.0814598       3.2262794        3.2262794       12.309939                  12.309939
              6       9.4987887      -1.0150816     -0.78410088       -1.085671       3.2262794        3.2262794       12.545019                  12.545019
              6       11.453912     -0.92878363     -0.84387683     -0.97031562       3.2262794        3.2262794       16.455265                  16.455265
              6       13.003872     -0.90952616     -0.84849465     -0.97196436       3.2262794        3.2262794       19.555185                  19.555185
              5        7.639655     -0.95269627     -0.76807802     -0.94039215       3.2262794        3.2262794       8.8267513                  8.8267513
              1       7.1475945     -0.96210111     -0.75883538     -0.91034677       3.2262794        3.2262794       7.8426303                  7.8426303
              1       7.1405252     -0.95889162     -0.75905809     -0.90269128       3.2262794        3.2262794       7.8284916                  7.8284916
              6       7.1360245     -0.95824705     -0.75798926     -0.89781216       3.2262794        3.2262794       7.8194902                  7.8194902
              1       8.1811745     -0.98495879     -0.72421566     -0.87796703       3.2262794        3.2262794       9.9097901                  9.9097901
             14       8.2370568     -0.99102888     -0.73580096     -0.81323031       3.2262794        3.2262794       10.021555                  10.021555
              3        8.966183     -0.97890436     -0.77362378     -0.75797668       3.2262794        3.2262794       11.479807                  11.479807
              2       7.4166515     -0.98607268     -0.74154099     -0.86527268       3.2262794        3.2262794       8.3807441                  8.3807441
              4       8.0093027     -0.92364866       -0.748806     -0.81033057       3.2262794        3.2262794       9.5660467                  9.5660467
              2       7.8638297     -0.97765006     -0.73732344      -0.9277534       3.2262794        3.2262794       9.2751007                  9.2751007
              1       8.0274772     -0.97270037     -0.75164695     -0.97067699       3.2262794        3.2262794       9.6023957                  9.6023957
              1       7.9504344     -0.98673402     -0.76402265      -1.0004417       3.2262794        3.2262794       9.4483101                  9.4483101
             12       7.9184013     -0.96215808     -0.77934855     -0.78072024       3.2262794        3.2262794       9.3842437                  9.3842437
              1       7.6801695     -0.96009663     -0.78528728     -0.79962067       3.2262794        3.2262794       8.9077802                  8.9077802
              2       8.5063685      -1.0140668      -0.7378076     -0.97764881       3.2262794        3.2262794       10.560178                  10.560178
              3       7.6269826     -0.97913581     -0.76747206     -0.98090701       3.2262794        3.2262794       8.8014063                  8.8014063
              5       7.6698739     -0.94245565     -0.75163589     -0.88633599       3.2262794        3.2262794       8.8871891                  8.8871891
              2       7.7546247      -0.9956617     -0.79293139     -0.99613891       3.2262794        3.2262794       9.0566906                  9.0566906
              5       8.2100446      -1.0227692     -0.77602659     -0.89723148       3.2262794        3.2262794       9.9675303                  9.9675303
              2       7.2450328     -0.98778464     -0.76658633     -0.96146417       3.2262794        3.2262794       8.0375069                  8.0375069
              6       7.7784035      -1.0193175     -0.75602034     -0.91972991       3.2262794        3.2262794       9.1042481                  9.1042481
              2        9.090457     -0.98366417      -0.7102694     -0.83732815       3.2262794        3.2262794       11.728355                  11.728355
              2       9.1886105     -0.96847368     -0.71792793     -0.92143431       3.2262794        3.2262794       11.924662                  11.924662
              2       8.7673593      -0.9892527      -0.7274606     -0.95762978       3.2262794        3.2262794        11.08216                   11.08216
              2       8.7285083      -1.0152813     -0.72973791     -0.95695538       3.2262794        3.2262794       11.004458                  11.004458
              4       7.2555133     -0.96951876     -0.79413836     -0.86869338       3.2262794        3.2262794       8.0584679                  8.0584679
             17       7.4948084     -0.96041324     -0.79943801      -0.9287737       3.2262794        3.2262794        8.537058                   8.537058
              5       10.241101     -0.99018342     -0.83788671      -1.0135693       3.2262794        3.2262794       14.029644                  14.029644
              1       9.4215117      -1.0511659      -0.7486915     -0.99752049       3.2262794        3.2262794       12.390465                  12.390465
              1       9.3970256      -1.0009301     -0.72936208      -1.0000107       3.2262794        3.2262794       12.341492                  12.341492
              1        8.631998     -0.96271606     -0.72690393     -0.91747336       3.2262794        3.2262794       10.811437                  10.811437
              1       6.8484321     -0.97107908      -0.7778169     -0.87857713       3.2262794        3.2262794       7.2443054                  7.2443054
              1       7.1748582     -0.96034856     -0.78959503     -0.91711076       3.2262794        3.2262794       7.8971576                  7.8971576
              1       7.0643194     -0.99767229     -0.77503763     -0.92734027       3.2262794        3.2262794       7.6760801                  7.6760801
              1       7.3677669     -0.98297746     -0.77450531     -0.83578433       3.2262794        3.2262794        8.282975                   8.282975
              2       7.2683735     -0.97575632     -0.76233446     -0.82282809       3.2262794        3.2262794       8.0841883                  8.0841883
              2       7.6524705     -0.96902339     -0.76351796     -0.78992215       3.2262794        3.2262794       8.8523823                  8.8523823
              1       7.8828295     -0.93525617     -0.76256956     -0.75883873       3.2262794        3.2262794       9.3131002                  9.3131002
             12       7.1294223     -0.94345639     -0.76534613      -0.8443378       3.2262794        3.2262794       7.8062858                  7.8062858
              2       7.5017129     -0.96543816     -0.77009289     -0.79709916       3.2262794        3.2262794        8.550867                   8.550867
              2       7.8108915     -0.93731218      -0.7982001     -0.82169193       3.2262794        3.2262794       9.1692241                  9.1692241
              2       8.0226295     -0.98262944      -0.7975247      -1.0026411       3.2262794        3.2262794       9.5927002                  9.5927002
              2       7.4873664     -0.93520596     -0.78615772     -0.87028141       3.2262794        3.2262794        8.522174                   8.522174
              1        7.350901     -0.94049289     -0.78866883     -0.86144098       3.2262794        3.2262794       8.2492432                  8.2492432
              8       7.2515238     -0.99265005     -0.74963725     -0.91585067       3.2262794        3.2262794       8.0504889                  8.0504889
              5       7.0246833     -0.98983715     -0.75752069     -0.90966712       3.2262794        3.2262794       7.5968079                  7.5968079
              2       7.0410201     -0.99019227     -0.75699582     -0.91126654       3.2262794        3.2262794       7.6294814                  7.6294814
              6       7.7984615       -1.015263     -0.74984422     -0.95165458       3.2262794        3.2262794       9.1443642                  9.1443642
              4        8.323633      -1.0291535     -0.75142333      -0.9799275       3.2262794        3.2262794       10.194707                  10.194707
              5       7.6017421      -1.0118717     -0.78568955       -0.969283       3.2262794        3.2262794       8.7509254                  8.7509254
              1       7.6840684      -1.0109183     -0.78794944     -0.92286378       3.2262794        3.2262794       8.9155781                  8.9155781
              1       7.4158519     -0.99131322     -0.74967557     -0.85183509       3.2262794        3.2262794        8.379145                   8.379145
              5       7.3661393     -0.97777644     -0.75669212     -0.82022978       3.2262794        3.2262794       8.2797197                  8.2797197
              3       7.1552952      -1.0023802      -0.7652243     -0.92095122       3.2262794        3.2262794       7.8580317                  7.8580317
              1       7.0523286     -0.97047215     -0.76750095     -0.93046375       3.2262794        3.2262794       7.6520985                  7.6520985
              8       8.0037365     -0.93813211     -0.79404908     -0.78873401       3.2262794        3.2262794       9.5549141                  9.5549141
              2       7.7409085     -0.92964103     -0.78960063     -0.81363617       3.2262794        3.2262794       9.0292582                  9.0292582
              3       7.9161685     -0.98258178     -0.80749576     -0.96970896       3.2262794        3.2262794       9.3797782                  9.3797782
              2        7.861707     -0.92749095      -0.7744146     -0.77275896       3.2262794        3.2262794       9.2708553                  9.2708553
              1       7.8191291     -0.93810661     -0.77510738     -0.76825676       3.2262794        3.2262794       9.1856995                  9.1856995
              1       6.9857043     -0.95908616     -0.77004476     -0.83435641       3.2262794        3.2262794       7.5188498                  7.5188498
              2       8.3354696     -0.96353437     -0.81991013     -0.91228966       3.2262794        3.2262794        10.21838                   10.21838
              3       8.0683387     -0.95870191     -0.81297561     -0.93133553       3.2262794        3.2262794       9.6841185                  9.6841185
              1       7.3634461     -0.95790492     -0.78850697     -0.82683944       3.2262794        3.2262794       8.2743334                  8.2743334
              2       8.9947815     -0.97312597      -0.8114614     -0.81429136       3.2262794        3.2262794       11.537004                  11.537004
             10       9.2449806     -0.96454899     -0.81242557     -0.79340912       3.2262794        3.2262794       12.037402                  12.037402
              1         7.03294     -0.97816233     -0.75961026     -0.92373069       3.2262794        3.2262794       7.6133212                  7.6133212
              2       7.3702282     -0.95855313      -0.7477065     -0.89169109       3.2262794        3.2262794       8.2878976                  8.2878976
              1       8.3645671     -0.97681082     -0.73465254     -0.94992554       3.2262794        3.2262794       10.276575                  10.276575
              3       8.5046912     -0.95689015     -0.72542381     -0.89052154       3.2262794        3.2262794       10.556824                  10.556824
              2       8.1096102     -0.92714038     -0.74259353     -0.78314208       3.2262794        3.2262794       9.7666617                  9.7666617
              2       8.5199534     -0.95756346     -0.73095542     -0.75654604       3.2262794        3.2262794       10.587348                  10.587348
              4       10.854413     -0.87736951       -0.805283     -0.74662633       3.2262794        3.2262794       15.256267                  15.256267
              3       7.6962537     -0.93515265     -0.79684683     -0.84464673       3.2262794        3.2262794       8.9399486                  8.9399486
              1         7.07753     -0.96577008     -0.77883343     -0.83838833       3.2262794        3.2262794       7.7025012                  7.7025012
              1        7.208728     -0.95201383     -0.79133137     -0.88520047       3.2262794        3.2262794       7.9648972                  7.9648972
             17       7.1497267     -0.94863405      -0.7850183     -0.88258347       3.2262794        3.2262794       7.8468946                  7.8468946
              1       7.4331195      -0.9422803     -0.79380859     -0.86744735       3.2262794        3.2262794       8.4136802                  8.4136802
              1       7.4311091     -0.94281114     -0.79411993     -0.86901725       3.2262794        3.2262794       8.4096595                  8.4096595
             11       8.0016747     -0.92999042     -0.79706437     -0.88786164       3.2262794        3.2262794       9.5507906                  9.5507906
              3       7.9645641     -0.99522845     -0.79823121      -1.0025347       3.2262794        3.2262794       9.4765695                  9.4765695
              3       9.7176161     -0.94929895      -0.7697089      -1.0187058       3.2262794        3.2262794       12.982673                  12.982673
              1       9.5778061     -0.94526372     -0.76749844      -1.0048336       3.2262794        3.2262794       12.703053                  12.703053
              2       9.6381137     -0.92267919     -0.81455691     -0.94303406       3.2262794        3.2262794       12.823669                  12.823669
              2       9.9992382     -0.91882235      -0.8205119     -0.93641731       3.2262794        3.2262794       13.545918                  13.545918
              1       9.7057835     -0.92876625     -0.81266393     -0.96787617       3.2262794        3.2262794       12.959008                  12.959008
              7       10.197568     -0.91053251     -0.80457665     -0.94440882       3.2262794        3.2262794       13.942577                  13.942577
              1       8.4123866     -0.92865756     -0.78463896     -0.92703099       3.2262794        3.2262794       10.372215                  10.372215
              5       8.3402787     -0.92973815      -0.7831171     -0.92646681       3.2262794        3.2262794       10.227999                  10.227999
              1       8.1749695      -1.0303382     -0.75591755      -0.9624201       3.2262794        3.2262794       9.8973803                  9.8973803
              1       8.2704684     -0.97700983     -0.73856636     -0.78102604       3.2262794        3.2262794       10.088378                  10.088378
              1       8.3295368     -0.97822006     -0.73840207     -0.78011693       3.2262794        3.2262794       10.206515                  10.206515
              2       8.4255396     -0.96623616     -0.77777468     -0.76238394       3.2262794        3.2262794        10.39852                   10.39852
              4       8.4273785     -0.96623196     -0.77776556      -0.7622985       3.2262794        3.2262794       10.402198                  10.402198
              1       8.9220148     -0.96031155     -0.77304658     -0.73305078       3.2262794        3.2262794       11.391471                  11.391471
              3       8.6904898     -0.97941663      -0.7989861     -0.80560297       3.2262794        3.2262794       10.928421                  10.928421
              7       7.0816161     -0.95777811     -0.78204782     -0.84019672       3.2262794        3.2262794       7.7106734                  7.7106734
              1       7.0465199     -0.96440469      -0.7802161     -0.84324784       3.2262794        3.2262794       7.6404809                  7.6404809
              6       7.8261895     -0.98401312     -0.80906274     -0.93329114       3.2262794        3.2262794       9.1998202                  9.1998202
              1       7.4235856     -0.98301985      -0.7985868     -0.89798762       3.2262794        3.2262794       8.3946123                  8.3946123
              1       7.9090567      -1.0098357     -0.79792431     -0.97663072       3.2262794        3.2262794       9.3655546                  9.3655546
              2       8.3230296      -1.0326214      -0.7593988     -0.92708124       3.2262794        3.2262794         10.1935                    10.1935
              2        8.019434      -1.0258215     -0.75771399     -0.92371016       3.2262794        3.2262794       9.5863092                  9.5863092
              5       8.2810255     -0.98371912       -0.804636     -0.84858875       3.2262794        3.2262794       10.109492                  10.109492
              6       8.2023142      -1.0076629     -0.73133676     -0.90678263       3.2262794        3.2262794       9.9520697                  9.9520697
              3       8.8146296     -0.99068584     -0.73660465     -0.98993595       3.2262794        3.2262794         11.1767                    11.1767
              1       8.2174385     -0.99186957     -0.74019405     -0.97074825       3.2262794        3.2262794       9.9823182                  9.9823182
              3        9.225074      -1.0132421     -0.72518613     -0.97531087       3.2262794        3.2262794       11.997589                  11.997589
              1       9.9339627      -1.0292336     -0.72437745       -1.000111       3.2262794        3.2262794       13.415367                  13.415367
              2       12.382008      -1.0284571     -0.69095615     -0.83189212       3.2262794        3.2262794       18.311457                  18.311457
              2       12.481643      -1.0433901     -0.70131672     -0.84056847       3.2262794        3.2262794       18.510728                  18.510728
              4       12.150941     -0.87347024      -0.8228601      -0.8414484       3.2262794        3.2262794       17.849323                  17.849323
              1        8.215427     -0.92062189     -0.79493773     -0.86703851       3.2262794        3.2262794       9.9782952                  9.9782952
              1       7.4916358     -0.93105256     -0.77950673      -0.8212814       3.2262794        3.2262794       8.5307128                  8.5307128
              5        8.467109      -1.0222419     -0.80202889      -0.9745456       3.2262794        3.2262794       10.481659                  10.481659
              3       8.3420315     -0.99074735     -0.75256106     -0.79299455       3.2262794        3.2262794       10.231504                  10.231504
              1       8.5049951     -0.99021961     -0.77004188     -0.79100235       3.2262794        3.2262794       10.557431                  10.557431
              4       7.7001778      -1.0122288     -0.78736871     -0.98087496       3.2262794        3.2262794       8.9477968                  8.9477968
              8       7.6500461       -1.009675     -0.78515645     -0.98626562       3.2262794        3.2262794       8.8475334                  8.8475334
              5       9.2149287     -0.95533539     -0.70925594     -0.83602033       3.2262794        3.2262794       11.977299                  11.977299
              1       9.1668628     -0.98182719     -0.70903654     -0.83341259       3.2262794        3.2262794       11.881167                  11.881167
              3       7.9423465     -0.95072355     -0.79748611     -0.80377634       3.2262794        3.2262794       9.4321342                  9.4321342
              1       7.2685719     -0.93726007      -0.7672312     -0.83930523       3.2262794        3.2262794        8.084585                   8.084585
              3       7.2794379     -0.95313617     -0.75125107     -0.81411664       3.2262794        3.2262794        8.106317                   8.106317
              6       8.3771837      -0.9204279     -0.75901965     -0.73892091       3.2262794        3.2262794       10.301809                  10.301809
              9       7.8723596     -0.93726267     -0.75521238      -0.7609494       3.2262794        3.2262794       9.2921605                  9.2921605
              1       7.1309046     -0.98424289     -0.76400368     -0.94652763       3.2262794        3.2262794       7.8092505                  7.8092505
              4       7.0779803     -0.99630079     -0.76336841      -0.9310031       3.2262794        3.2262794       7.7034019                  7.7034019
              2       7.0181761     -0.99443742     -0.76287616     -0.90852974       3.2262794        3.2262794       7.5837934                  7.5837934
              1       7.4088502      -1.0110421     -0.77746975      -0.9433442       3.2262794        3.2262794       8.3651416                  8.3651416
              1       8.2576278       -0.978572      -0.7967896      -1.0124527       3.2262794        3.2262794       10.062697                  10.062697
              3       8.1795133     -0.97508945      -0.7989483      -1.0025752       3.2262794        3.2262794       9.9064678                  9.9064678
              3       8.8380111     -0.93576879     -0.80778673     -0.95085757       3.2262794        3.2262794       11.223463                  11.223463
              5        8.612805     -0.93069204     -0.80467913     -0.92702789       3.2262794        3.2262794       10.773051                  10.773051
              1       11.226976     -0.91831217     -0.82806808     -0.97702081       3.2262794        3.2262794       16.001393                  16.001393
              1       11.277435     -0.93786412     -0.84738429     -0.96695692       3.2262794        3.2262794       16.102312                  16.102312
              3       9.2586007      -0.9224398     -0.79928469     -0.94429097       3.2262794        3.2262794       12.064643                  12.064643
              3        8.333048     -0.96621611     -0.80780246      -0.9857555       3.2262794        3.2262794       10.213537                  10.213537
              2       7.9326125      -0.9606368     -0.81241205     -0.91263697       3.2262794        3.2262794       9.4126662                  9.4126662
              1       8.6457562     -0.99869677     -0.81875685     -0.96092875       3.2262794        3.2262794       10.838954                  10.838954
              1       8.4210635      -1.0320708     -0.75645884      -0.9143999       3.2262794        3.2262794       10.389568                  10.389568
              5       9.4590402     -0.97343128     -0.72824929     -0.97689344       3.2262794        3.2262794       12.465522                  12.465522
              3       9.9061906     -0.92582214     -0.73885212     -0.92740509       3.2262794        3.2262794       13.359822                  13.359822
              1       8.4918315     -0.94184214     -0.79013074     -0.75387471       3.2262794        3.2262794       10.531104                  10.531104
             15       8.7083128     -0.93204566     -0.80139012     -0.76480082       3.2262794        3.2262794       10.964067                  10.964067
              1       7.3068782     -0.99318116     -0.78867862     -0.89677189       3.2262794        3.2262794       8.1611975                  8.1611975
              5       6.8487769     -0.97593655     -0.77529043     -0.91180052       3.2262794        3.2262794       7.2449949                  7.2449949
              8       6.9323799     -0.97376517     -0.77957203     -0.92314084       3.2262794        3.2262794       7.4122011                  7.4122011
              3       7.3675535     -0.99548231     -0.78589933     -0.97217073       3.2262794        3.2262794       8.2825481                  8.2825481
              5       7.7343108     -0.97307871     -0.78032704     -0.98661419       3.2262794        3.2262794       9.0160627                  9.0160627
              1       7.1718767     -0.97114153     -0.77521483     -0.94724017       3.2262794        3.2262794       7.8911946                  7.8911946
              7       7.4206516      -0.9662357     -0.78176057     -0.95853757       3.2262794        3.2262794       8.3887443                  8.3887443
              6       8.3484449      -1.0256996     -0.78767833      -1.0184277       3.2262794        3.2262794       10.244331                  10.244331
              1       8.3609011      -1.0257993     -0.78827067      -1.0183546       3.2262794        3.2262794       10.269243                  10.269243
             10        8.395637      -1.0356391     -0.77541811     -0.94937295       3.2262794        3.2262794       10.338715                  10.338715
              1       7.9141078      -1.0177879     -0.78692203      -0.9942218       3.2262794        3.2262794       9.3756568                  9.3756568
              9       8.2784122      -1.0216882     -0.79586833     -0.99942428       3.2262794        3.2262794       10.104266                  10.104266
              3       8.6719923      -1.0285604     -0.76423465      -1.0348476       3.2262794        3.2262794       10.891426                  10.891426
              3       7.9896179      -1.0160564     -0.79451165     -0.98356435       3.2262794        3.2262794       9.5266771                  9.5266771
              1       7.7745917      -1.0041921     -0.75983268     -0.85260907       3.2262794        3.2262794       9.0966245                  9.0966245
              4       7.6284068     -0.92992099      -0.7556648     -0.81315317       3.2262794        3.2262794       8.8042548                  8.8042548
              1       7.9776439     -0.92445169     -0.76822483     -0.76370178       3.2262794        3.2262794        9.502729                   9.502729
              2        7.905203     -0.92651612     -0.76855558     -0.76667264       3.2262794        3.2262794       9.3578472                  9.3578472
              1       7.6511703      -0.9458047     -0.75398254     -0.77544131       3.2262794        3.2262794       8.8497819                  8.8497819
              3       7.4057642     -0.94969596     -0.75610333     -0.79340673       3.2262794        3.2262794       8.3589696                  8.3589696
              1       6.9754524     -0.97291067     -0.77162757     -0.92924705       3.2262794        3.2262794       7.4983459                  7.4983459
              3       6.9748567     -0.97293011     -0.77167398     -0.92922995       3.2262794        3.2262794       7.4971547                  7.4971547
              4       6.9370556     -0.96837248     -0.77979751     -0.91619781       3.2262794        3.2262794       7.4215523                  7.4215523
              4       7.1045389     -0.97489425     -0.79000198     -0.92884885       3.2262794        3.2262794       7.7565189                  7.7565189
              3       7.0362824     -0.98812301     -0.78454735     -0.92499534       3.2262794        3.2262794       7.6200061                  7.6200061
              8       6.9636795     -0.98519685     -0.76522485     -0.87247673       3.2262794        3.2262794       7.4748002                  7.4748002
              1       7.7905703      -1.0165521     -0.78766899     -0.97512346       3.2262794        3.2262794       9.1285817                  9.1285817
              1       7.8245915      -1.0132313     -0.78125956       -1.002124       3.2262794        3.2262794       9.1966241                  9.1966241
              7       7.7520287      -1.0075369     -0.78484183     -0.99983307       3.2262794        3.2262794       9.0514987                  9.0514987
              3       7.6266395     -0.99743139     -0.77345478      -0.9960329       3.2262794        3.2262794       8.8007202                  8.8007202
              5       7.6109816      -0.9880269     -0.73641163      -0.8905825       3.2262794        3.2262794       8.7694044                  8.7694044
              5       7.4481901     -0.96148097     -0.73994567      -0.8322711       3.2262794        3.2262794       8.4438215                  8.4438215
              4       7.4572933     -0.96149775     -0.73959894     -0.83312294       3.2262794        3.2262794       8.4620278                  8.4620278
              1       7.6799343     -0.96056155     -0.73520216     -0.86795426       3.2262794        3.2262794       8.9073097                  8.9073097
             13       9.6570671     -0.89896114     -0.73944755     -0.80451075       3.2262794        3.2262794       12.861575                  12.861575
              3       9.3253625     -0.89148158     -0.77705477     -0.75975201       3.2262794        3.2262794       12.198166                  12.198166
              1       10.864332       -1.012372     -0.83933519      -1.0300191       3.2262794        3.2262794       15.276105                  15.276105
              1       10.027406      -1.0521373      -0.8022143      -1.0417139       3.2262794        3.2262794       13.602253                  13.602253
              3       8.9959806     -0.99907728     -0.82323142     -0.98046865       3.2262794        3.2262794       11.539402                  11.539402
              8       7.0280101     -0.95368289     -0.78021201     -0.89117466       3.2262794        3.2262794       7.6034615                  7.6034615
              8       7.0013773     -0.95501918      -0.7785466      -0.8933084       3.2262794        3.2262794       7.5501958                  7.5501958
             22       7.2000791     -0.96310467     -0.76504715     -0.92816694       3.2262794        3.2262794       7.9475994                  7.9475994
              2       6.9812991     -0.98047471     -0.76552893     -0.93050522       3.2262794        3.2262794       7.5100395                  7.5100395
              4       7.1663423      -0.9779977     -0.79185888     -0.88680789       3.2262794        3.2262794       7.8801258                  7.8801258
              2       7.4304856     -0.97982195      -0.7977041     -0.88237287       3.2262794        3.2262794       8.4084123                  8.4084123
              6       7.5154906     -0.97958199     -0.79898225     -0.87781873       3.2262794        3.2262794       8.5784223                  8.5784223
              8       7.3007045     -0.93778296        -0.76371     -0.84871317       3.2262794        3.2262794       8.1488503                  8.1488503
              5       7.5472606     -0.94990319     -0.75568891     -0.90871617       3.2262794        3.2262794       8.6419623                  8.6419623
             12       7.2094834     -0.97429857     -0.76228134     -0.94216927       3.2262794        3.2262794       7.9664081                  7.9664081
              1       7.4702463      -0.9330892     -0.76897257     -0.86203512       3.2262794        3.2262794       8.4879337                  8.4879337
              2       8.2589425      -1.0083738     -0.80383402     -0.91935636       3.2262794        3.2262794       10.065326                  10.065326
              2       11.600337     -0.96705656     -0.85742482     -0.94815378       3.2262794        3.2262794       16.748115                  16.748115
              4       10.026373      -1.0021982     -0.82176526     -0.86467676       3.2262794        3.2262794       13.600188                  13.600188
              1       10.196605      -0.9913919     -0.82563382     -0.84549196       3.2262794        3.2262794       13.940651                  13.940651
              1       10.202341     -0.99120084     -0.82548773     -0.84425648       3.2262794        3.2262794       13.952124                  13.952124
              3       7.8386234      -1.0155381     -0.76143765     -0.88624604       3.2262794        3.2262794        9.224688                   9.224688
              2       8.1090001      -1.0263203     -0.77779396     -0.92610832       3.2262794        3.2262794       9.7654414                  9.7654414
              5       8.7462665      -1.0162344     -0.81116771     -0.95670344       3.2262794        3.2262794       11.039974                  11.039974
              6       7.1250484     -0.97558311     -0.76652137     -0.83461406       3.2262794        3.2262794        7.797538                   7.797538
              2       7.5730139     -0.97403801     -0.79963417     -0.86362814       3.2262794        3.2262794       8.6934691                  8.6934691
              3       7.8752378     -0.95802527     -0.75488757     -0.94575055       3.2262794        3.2262794       9.2979167                  9.2979167
              3       10.409436     -0.98892754     -0.82743021      -1.0649469       3.2262794        3.2262794       14.366312                  14.366312
              4       8.3511437     -0.93529344     -0.81210204     -0.89161481       3.2262794        3.2262794       10.249729                  10.249729
              1       10.030433      -1.0123079     -0.83133493       -1.006434       3.2262794        3.2262794       13.608308                  13.608308
              4       7.0615586     -0.95392005     -0.75692051     -0.86458577       3.2262794        3.2262794       7.6705585                  7.6705585
              4        7.069565     -0.97524295     -0.78139801     -0.94147737       3.2262794        3.2262794       7.6865712                  7.6865712
              1        7.035651     -0.97734726      -0.7882626     -0.92158545       3.2262794        3.2262794       7.6187433                  7.6187433
              4       7.2294917      -0.9743777     -0.78766979     -0.95035538       3.2262794        3.2262794       8.0064247                  8.0064247
              1       7.0469982     -0.98533897     -0.78360279     -0.93890051       3.2262794        3.2262794       7.6414375                  7.6414375
              3       8.1291676     -0.94285708     -0.73016059     -0.82118618       3.2262794        3.2262794       9.8057765                  9.8057765
              1       7.9579988     -0.95733729     -0.81154816     -0.92045195       3.2262794        3.2262794       9.4634388                  9.4634388
              1       7.9344435     -0.95554105     -0.81101246     -0.91504551       3.2262794        3.2262794       9.4163283                  9.4163283
              1       7.8673292     -0.94831827     -0.79985728     -0.93492782       3.2262794        3.2262794       9.2820996                  9.2820996
              1       6.9708661     -0.98981118     -0.76125822     -0.91045188       3.2262794        3.2262794       7.4891735                  7.4891735
             10       6.8246064      -0.9758833     -0.77337998     -0.88256223       3.2262794        3.2262794        7.196654                   7.196654
              2       6.8320875     -0.97390155     -0.77368472     -0.87626662       3.2262794        3.2262794       7.2116163                  7.2116163
              3       6.8824561     -0.98567324     -0.77453433     -0.90621154       3.2262794        3.2262794       7.3123534                  7.3123534
              5       7.0389879     -0.95349554     -0.78033869     -0.89247945       3.2262794        3.2262794        7.625417                   7.625417
              3       6.8787689     -0.98432216      -0.7737885     -0.91703055       3.2262794        3.2262794       7.3049791                  7.3049791
              4        10.37914     -0.89598745     -0.81809617     -0.76174439       3.2262794        3.2262794        14.30572                   14.30572
              2       10.105675     -0.90602376     -0.82206131     -0.77722758       3.2262794        3.2262794       13.758791                  13.758791
              1       9.8632975     -0.90936211     -0.81735787      -0.7649226       3.2262794        3.2262794       13.274036                  13.274036
              3       9.8658527     -0.90867211     -0.80136436     -0.71491831       3.2262794        3.2262794       13.279147                  13.279147
              2       8.4506443     -0.91003332     -0.77037649     -0.75720007       3.2262794        3.2262794        10.44873                   10.44873
              1       9.4338775     -0.89368948     -0.76756187     -0.72252559       3.2262794        3.2262794       12.415196                  12.415196
              2       9.0576147     -0.89941802     -0.77296527      -0.7369664       3.2262794        3.2262794       11.662671                  11.662671
              7         8.76087     -0.94777704     -0.74795439     -0.72053361       3.2262794        3.2262794       11.069181                  11.069181
              1        9.584173      -0.9233015     -0.72662731     -0.70350402       3.2262794        3.2262794       12.715787                  12.715787
              1       9.7058958     -0.90223533     -0.74178906     -0.69707843       3.2262794        3.2262794       12.959233                  12.959233
              3       8.0303838     -0.92610855      -0.7498459     -0.84537962       3.2262794        3.2262794       9.6082089                  9.6082089
              9       7.2256017     -0.95744014     -0.78218003     -0.92636829       3.2262794        3.2262794       7.9986446                  7.9986446
              4       7.2339584     -0.96156832     -0.78668714     -0.93224492       3.2262794        3.2262794        8.015358                   8.015358
              2       7.4510331     -0.98439113     -0.77428264     -0.98006357       3.2262794        3.2262794       8.4495073                  8.4495073
              3        7.298098     -0.97780275     -0.74230594     -0.87167896       3.2262794        3.2262794       8.1436371                  8.1436371
             13       7.2259733     -0.99233639     -0.74914951      -0.8945255       3.2262794        3.2262794       7.9993878                  7.9993878
              3       7.5623994      -1.0091345     -0.77880427     -0.98450136       3.2262794        3.2262794       8.6722399                  8.6722399
              2       7.4988565      -0.9355281     -0.78990682     -0.85411462       3.2262794        3.2262794       8.5451543                  8.5451543
              2       7.3461472     -0.93745906     -0.77647712     -0.81500295       3.2262794        3.2262794       8.2397355                  8.2397355
              1       7.7090843     -0.93756718     -0.77930647     -0.78099066       3.2262794        3.2262794       8.9656098                  8.9656098
              9       7.2970436     -0.97005832     -0.77820328     -0.82400001       3.2262794        3.2262794       8.1415284                  8.1415284
              1       7.9437875     -0.95180458     -0.76599068     -0.75929213       3.2262794        3.2262794       9.4350163                  9.4350163
              3       9.3197683     -0.94883068     -0.75116357     -0.70011674       3.2262794        3.2262794       12.186978                  12.186978
              1       9.7928581     -0.93846414     -0.70516698     -0.79897863       3.2262794        3.2262794       13.133157                  13.133157
              1       11.875856     -0.87089635     -0.73515996     -0.77480104       3.2262794        3.2262794       17.299153                  17.299153
              4       10.237891      -0.9016051      -0.7607578     -0.90397797       3.2262794        3.2262794       14.023223                  14.023223
              1       9.4641377     -0.94239318       -0.818195     -0.98036212       3.2262794        3.2262794       12.475717                  12.475717
              2       12.196026     -0.93192604     -0.82699115      -1.0454403       3.2262794        3.2262794       17.939493                  17.939493
              1       11.126525     -0.95849186     -0.84402807      -1.0149133       3.2262794        3.2262794        15.80049                   15.80049
              3       6.9520128     -0.98469084     -0.77992806      -0.9277172       3.2262794        3.2262794       7.4514667                  7.4514667
              1       6.9779701     -0.96177806     -0.78538787     -0.89299433       3.2262794        3.2262794       7.5033814                  7.5033814
              3       6.9914192     -0.96158297     -0.78567999     -0.89592785       3.2262794        3.2262794       7.5302796                  7.5302796
              1       7.9233658       -1.007892      -0.7945685     -0.99860318       3.2262794        3.2262794       9.3941727                  9.3941727
              6       7.5414725     -0.97970769     -0.80278543     -0.94174059       3.2262794        3.2262794       8.6303861                  8.6303861
              2       8.4678991     -0.95867669     -0.78325759     -0.99902946       3.2262794        3.2262794       10.483239                  10.483239
              1        7.800116     -0.96965859     -0.75872966      -0.9674779       3.2262794        3.2262794       9.1476731                  9.1476731
              2       7.2450753     -0.94887063     -0.75162208     -0.85160119       3.2262794        3.2262794       8.0375918                  8.0375918
              4       9.5313901      -1.0323171     -0.72941848     -0.87708872       3.2262794        3.2262794       12.610221                  12.610221
              3       9.1890809      -1.0248276      -0.7344943      -0.8570815       3.2262794        3.2262794       11.925603                  11.925603
              5       11.179453      -1.0434925     -0.82019664     -0.94366274       3.2262794        3.2262794       15.906348                  15.906348
              1       11.449826      -1.0612061     -0.81669156      -1.0157755       3.2262794        3.2262794       16.447092                  16.447092
              1       10.721544      -1.0150276     -0.81501002      -1.1081524       3.2262794        3.2262794       14.990529                  14.990529
              1       10.352976      -1.0308549     -0.78208194      -1.1139103       3.2262794        3.2262794       14.253393                  14.253393
              4       9.6307589      -1.0220577     -0.77961777      -1.0897026       3.2262794        3.2262794       12.808959                  12.808959
              5       9.5560712      -1.0078044     -0.80950629      -1.0702384       3.2262794        3.2262794       12.659584                  12.659584
              3       9.1834834      -1.0427443     -0.78458741      -1.0482748       3.2262794        3.2262794       11.914408                  11.914408
              5       10.403817      -1.0646734     -0.78179297      -1.0713593       3.2262794        3.2262794       14.355076                  14.355076
              2       8.1649405      -1.0041934      -0.8080581     -0.96196129       3.2262794        3.2262794       9.8773223                  9.8773223
             13       8.4783589     -0.99591769     -0.81653658     -0.93406842       3.2262794        3.2262794       10.504159                  10.504159
              2       9.7525285     -0.94771539     -0.79487894     -0.71882272       3.2262794        3.2262794       13.052498                  13.052498
              3       9.9172974     -0.95050646     -0.79257609     -0.71311918       3.2262794        3.2262794       13.382036                  13.382036
              1       10.094137     -0.95603236     -0.84096495     -0.95271151       3.2262794        3.2262794       13.735715                  13.735715
              1       11.242023      -0.8915112     -0.81797545     -0.90112596       3.2262794        3.2262794       16.031487                  16.031487
              2       12.428918     -0.87911926     -0.82961605     -0.87582481       3.2262794        3.2262794       18.405278                  18.405278
              2       8.7236963     -0.95059443     -0.81734695     -0.95703083       3.2262794        3.2262794       10.994834                  10.994834
              2        8.050101     -0.94121902     -0.80984504     -0.86251269       3.2262794        3.2262794       9.6476433                  9.6476433
              2        7.402367     -0.97462456     -0.79987624     -0.88929965       3.2262794        3.2262794       8.3521752                  8.3521752
              8       7.4733686     -0.95526567     -0.78766034     -0.93865486       3.2262794        3.2262794       8.4941783                  8.4941783
              7       7.2328951     -0.95053617     -0.76276155     -0.89713322       3.2262794        3.2262794       8.0132314                  8.0132314
              7       7.1286316     -0.96031561     -0.79213685     -0.88600933       3.2262794        3.2262794       7.8047045                  7.8047045
              2       6.9695531     -0.95987972     -0.78410122     -0.88898893       3.2262794        3.2262794       7.4865473                  7.4865473
              7        7.195128      -0.9976661     -0.78489024     -0.92948463       3.2262794        3.2262794       7.9376972                  7.9376972
              3       7.5574818      -1.0092799       -0.787737     -0.96296493       3.2262794        3.2262794       8.6624048                  8.6624048
              4       7.2236316     -0.99628471      -0.7843521     -0.90504515       3.2262794        3.2262794       7.9947043                  7.9947043
              3       8.3501938     -0.98668756     -0.77804154      -1.0281532       3.2262794        3.2262794       10.247829                  10.247829
              1       8.8294594     -0.94308345     -0.78792036     -0.98374002       3.2262794        3.2262794        11.20636                   11.20636
              1       8.5803644     -0.93738948      -0.7720302     -0.95489152       3.2262794        3.2262794        10.70817                   10.70817
              1       7.5273903     -0.93595147     -0.78320012     -0.80657814       3.2262794        3.2262794       8.6022217                  8.6022217
              4       6.8377605     -0.97502749     -0.77015541     -0.87231628       3.2262794        3.2262794       7.2229623                  7.2229623
              7       6.8935127     -0.98326716     -0.76152457     -0.89531702       3.2262794        3.2262794       7.3344666                  7.3344666
              2       7.3275268     -0.93995143     -0.75989417     -0.81079577       3.2262794        3.2262794       8.2024948                  8.2024948
              1       7.3287309     -0.94180245      -0.7564311     -0.81274357       3.2262794        3.2262794        8.204903                   8.204903
              2        11.36084     -0.87691231     -0.73649873     -0.67021299       3.2262794        3.2262794        16.26912                   16.26912
              1       12.305646     -0.85417335     -0.76436797     -0.68950746       3.2262794        3.2262794       18.158733                  18.158733
              2       12.989549     -0.85409998     -0.75064551     -0.77671006       3.2262794        3.2262794        19.52654                   19.52654
              3       8.3447538     -0.96759962     -0.73740167     -0.76564018       3.2262794        3.2262794       10.236949                  10.236949
              2        8.490448     -0.96484927     -0.73490374     -0.75838395       3.2262794        3.2262794       10.528337                  10.528337
              6       8.2631236      -1.0041468     -0.72840036     -0.90050998       3.2262794        3.2262794       10.073689                  10.073689
              6       13.403749      -1.0680745     -0.70148677      -1.0001089       3.2262794        3.2262794       20.354938                  20.354938
              1       13.383752       -1.067986     -0.70166137      -1.0003242       3.2262794        3.2262794       20.314946                  20.314946
              1       11.635273     -0.94773976     -0.68231805     -0.76913773       3.2262794        3.2262794       16.817987                  16.817987
              1       11.547267     -0.94807309     -0.68335509     -0.76426372       3.2262794        3.2262794       16.641975                  16.641975
              3       12.086384     -0.92136379     -0.68549004     -0.71868504       3.2262794        3.2262794       17.720209                  17.720209
              2       13.255538     -0.85316337     -0.73224252     -0.70170428       3.2262794        3.2262794       20.058518                  20.058518
              2       13.946251      -0.8483824     -0.72771978     -0.69807403       3.2262794        3.2262794       21.439943                  21.439943
              2       14.564542     -0.88031025     -0.68123571     -0.67999418       3.2262794        3.2262794       22.676525                  22.676525
              3       14.470906       -0.910412     -0.67285314     -0.63656418       3.2262794        3.2262794       22.489253                  22.489253
              3       11.994834     -0.89864774     -0.69772385      -0.7097027       3.2262794        3.2262794       17.537109                  17.537109
              3       10.619468     -0.91771892     -0.70448215     -0.72799184       3.2262794        3.2262794       14.786378                  14.786378
              1         8.45601     -0.99025287     -0.78918226      -1.0356043       3.2262794        3.2262794       10.459461                  10.459461
              1       7.8904995     -0.99574039     -0.80352726     -0.97912214       3.2262794        3.2262794       9.3284402                  9.3284402
              2       8.5976069      -1.0363602     -0.78600453      -1.0084786       3.2262794        3.2262794       10.742655                  10.742655
              1       9.5753397     -0.96751423     -0.82822673      -1.0029811       3.2262794        3.2262794       12.698121                  12.698121
              4       8.4550009     -0.94283513     -0.81786949     -0.89743324       3.2262794        3.2262794       10.457443                  10.457443
              1       8.4548847     -0.93598451     -0.81476727     -0.89166583       3.2262794        3.2262794       10.457211                  10.457211
              1       8.9618498     -0.95597012     -0.81195588      -0.9952862       3.2262794        3.2262794       11.471141                  11.471141
              3       7.3330875     -0.99417594     -0.75806264     -0.95590999       3.2262794        3.2262794       8.2136162                  8.2136162
              3       7.5309177     -0.97614794     -0.75963554     -0.96229222       3.2262794        3.2262794       8.6092765                  8.6092765
              1       7.4630004     -0.97983269     -0.75851692     -0.96002358       3.2262794        3.2262794        8.473442                   8.473442
              2       7.3893459     -0.96106328     -0.77061721     -0.94406207       3.2262794        3.2262794       8.3261329                  8.3261329
              1       7.9572937     -0.95791492     -0.76834081     -0.96784601       3.2262794        3.2262794       9.4620285                  9.4620285
              1       10.231447     -0.89709738     -0.77264638     -0.89910141       3.2262794        3.2262794       14.010336                  14.010336
              4       10.496233     -0.89295363     -0.81947952     -0.77344115       3.2262794        3.2262794       14.539907                  14.539907
              3       11.171529      -0.8808302      -0.8201364     -0.78364831       3.2262794        3.2262794       15.890498                  15.890498
              6       10.666362     -0.92730173     -0.83988848     -0.81029865       3.2262794        3.2262794       14.880165                  14.880165
              4       10.671917     -0.92620255     -0.83079621     -0.76171304       3.2262794        3.2262794       14.891276                  14.891276
              2       9.0727714     -0.95127205     -0.78939365     -0.73658339       3.2262794        3.2262794       11.692984                  11.692984
              5       6.9644841     -0.95984375     -0.77730376     -0.90351956       3.2262794        3.2262794       7.4764094                  7.4764094
              3       8.5708484     -0.97664457     -0.71946503     -0.89278395       3.2262794        3.2262794       10.689138                  10.689138
              3       8.4923523     -0.97564758     -0.72032351     -0.88948006       3.2262794        3.2262794       10.532146                  10.532146
              7        8.569233     -0.94492121     -0.73289656     -0.89766927       3.2262794        3.2262794       10.685907                  10.685907
              1       7.5628754     -0.97587628     -0.75549228     -0.95665278       3.2262794        3.2262794        8.673192                   8.673192
              1       7.4854935     -0.97241553     -0.75726565      -0.9508492       3.2262794        3.2262794       8.5184281                  8.5184281
              3       7.4814017     -0.97269022      -0.7575755     -0.95150996       3.2262794        3.2262794       8.5102447                  8.5102447
              2        7.385576     -0.97422662     -0.75656011     -0.94503775       3.2262794        3.2262794       8.3185932                  8.3185932
              6       7.9375714     -0.98312584     -0.75862482     -0.98967809       3.2262794        3.2262794       9.4225841                  9.4225841
              4       7.5046016     -0.97817593     -0.76597796     -0.97143274       3.2262794        3.2262794       8.5566444                  8.5566444
              1       8.7616696      -1.0271279     -0.75230447       -1.022306       3.2262794        3.2262794        11.07078                   11.07078
              8       8.9493389      -1.0269237     -0.75141452      -1.0310387       3.2262794        3.2262794       11.446119                  11.446119
              3       8.3694908      -1.0365188     -0.77317616     -0.98876806       3.2262794        3.2262794       10.286423                  10.286423
              1       8.5587821      -1.0392369     -0.76310971     -0.94392787       3.2262794        3.2262794       10.665005                  10.665005
              8       7.3928503      -1.0057665     -0.75622539     -0.89807891       3.2262794        3.2262794       8.3331419                  8.3331419
              5       7.6586229      -1.0184297     -0.77411057     -0.93134275       3.2262794        3.2262794       8.8646871                  8.8646871
              2       8.2760593      -1.0191315     -0.74668575     -0.87703459       3.2262794        3.2262794        10.09956                   10.09956
              9       8.1585998      -1.0181061     -0.74050434     -0.90570062       3.2262794        3.2262794       9.8646409                  9.8646409
              2       8.3189959      -1.0285804      -0.7755687      -1.0182439       3.2262794        3.2262794       10.185433                  10.185433
              4       8.3103532      -1.0303831     -0.77324841      -1.0126302       3.2262794        3.2262794       10.168148                  10.168148
              3        7.287342     -0.98705661     -0.78327283     -0.96862197       3.2262794        3.2262794       8.1221252                  8.1221252
              1       7.3274095     -0.97869327     -0.74162518     -0.87730966       3.2262794        3.2262794       8.2022601                  8.2022601
             18       7.5803928     -0.98000625     -0.73537424     -0.86427787       3.2262794        3.2262794       8.7082268                  8.7082268
              1       8.1224017     -0.97324395     -0.72641535     -0.88904433       3.2262794        3.2262794       9.7922446                  9.7922446
              2        8.071799     -0.94042677     -0.77699135     -0.94111816       3.2262794        3.2262794       9.6910392                  9.6910392
              2       8.5732409     -0.91258881     -0.76953996     -0.73806926       3.2262794        3.2262794       10.693923                  10.693923
              4       9.1103278     -0.94044525     -0.72277398     -0.73451036       3.2262794        3.2262794       11.768097                  11.768097
              1       8.8526817     -0.92708247     -0.77884759      -0.7189238       3.2262794        3.2262794       11.252805                  11.252805
              4       8.8438523     -0.94888997     -0.77860089     -0.72918294       3.2262794        3.2262794       11.235146                  11.235146
              3       9.1870191     -0.95680078     -0.77926936     -0.72602607       3.2262794        3.2262794       11.921479                  11.921479
              5       7.1561758     -0.97156084     -0.78507769     -0.94294595       3.2262794        3.2262794       7.8597929                  7.8597929
              9       7.5978404     -0.97712629     -0.78333733     -0.98352503       3.2262794        3.2262794       8.7431219                  8.7431219
              3       8.3257697     -0.94113821     -0.81487493     -0.85705299       3.2262794        3.2262794       10.198981                  10.198981
              5        9.354118     -0.91257668     -0.81712751     -0.80981345       3.2262794        3.2262794       12.255677                  12.255677
              1       8.5371607     -0.95616293     -0.72000854     -0.85460703       3.2262794        3.2262794       10.621763                  10.621763
              4       8.2596348      -1.0001271     -0.72684425     -0.89658196       3.2262794        3.2262794       10.066711                  10.066711
              3       8.5643032      -1.0026034     -0.72579115     -0.93437857       3.2262794        3.2262794       10.676048                  10.676048
              1       8.5852932     -0.98799441     -0.71872715     -0.88934401       3.2262794        3.2262794       10.718028                  10.718028
              2       8.1009373     -0.99547756     -0.72935003     -0.86125189       3.2262794        3.2262794       9.7493158                  9.7493158
              1       8.1061773     -0.99566408     -0.72930496     -0.86151319       3.2262794        3.2262794       9.7597957                  9.7597957
              8       10.743073      -1.0171089     -0.76723905     -0.77732654       3.2262794        3.2262794       15.033587                  15.033587
              4       9.6662943     -0.99042132     -0.77116841     -0.75455975       3.2262794        3.2262794        12.88003                   12.88003
              7       7.1493915     -0.99101315     -0.78487276      -0.8974174       3.2262794        3.2262794       7.8462241                  7.8462241
              2       10.156827      -1.0029568      -0.7873077     -0.78252093       3.2262794        3.2262794       13.861094                  13.861094
              1       8.0449091      -1.0053872     -0.78812626      -1.0192749       3.2262794        3.2262794       9.6372595                  9.6372595
              1       7.9934376       -1.009295     -0.78041186      -1.0180495       3.2262794        3.2262794       9.5343163                  9.5343163
             11       8.0106085     -0.93343778     -0.76184869     -0.90333003       3.2262794        3.2262794       9.5686583                  9.5686583
              4       8.1849142      -1.0008156     -0.73458533     -0.94867533       3.2262794        3.2262794       9.9172696                  9.9172696
              1       7.9010168      -1.0240389      -0.7568563     -0.93856983       3.2262794        3.2262794       9.3494749                  9.3494749
              1       8.7357659     -0.97011261     -0.71408274     -0.83719317       3.2262794        3.2262794       11.018973                  11.018973
              4       8.0765445     -0.94944494     -0.72855964     -0.82882445       3.2262794        3.2262794       9.7005302                  9.7005302
              4       7.2434996     -0.99208157     -0.75747344     -0.86130715       3.2262794        3.2262794       8.0344405                  8.0344405
              1       7.4945206      -1.0054271     -0.76518925     -0.87819508       3.2262794        3.2262794       8.5364825                  8.5364825
              1       8.1001863      -1.0271866      -0.7525832     -0.94959432       3.2262794        3.2262794       9.7478139                  9.7478139
              1       9.3777493     -0.99277172     -0.80153923      -1.0670613       3.2262794        3.2262794        12.30294                   12.30294
              2       8.2982093     -0.97777647     -0.73181311      -0.7918844       3.2262794        3.2262794        10.14386                   10.14386
              2       11.129484     -0.89512512     -0.71189965     -0.74076812       3.2262794        3.2262794       15.806409                  15.806409
              1       8.5264433       -1.034564     -0.77911553     -0.93326769       3.2262794        3.2262794       10.600328                  10.600328
              2       9.5279873      -1.0387715     -0.78858279      -1.0745675       3.2262794        3.2262794       12.603416                  12.603416
              4       9.6137192      -1.0403766     -0.78893814      -1.0766304       3.2262794        3.2262794        12.77488                   12.77488
              5       6.9796447     -0.99198958     -0.76286505     -0.90742555       3.2262794        3.2262794       7.5067305                  7.5067305
              4       6.9689541      -0.9910847     -0.76269046     -0.90875698       3.2262794        3.2262794       7.4853494                  7.4853494
              2       6.9473952     -0.98792688     -0.76245341     -0.91447667       3.2262794        3.2262794       7.4422317                  7.4422317
              1        7.100227     -0.99533531     -0.76332594     -0.88692793       3.2262794        3.2262794       7.7478952                  7.7478952
              2       7.1588751     -0.99498609     -0.75843432     -0.88109452       3.2262794        3.2262794       7.8651915                  7.8651915
              2       7.5273137      -1.0130779     -0.75776096     -0.94371847       3.2262794        3.2262794       8.6020686                  8.6020686
              3       8.0998975      -1.0198012     -0.77191982     -0.88834568       3.2262794        3.2262794       9.7472361                  9.7472361
             10       8.1479741      -0.9420093     -0.81202443     -0.88823072       3.2262794        3.2262794       9.8433893                  9.8433893
              2       8.7146479     -0.93822567     -0.82127396     -0.87854344       3.2262794        3.2262794       10.976737                  10.976737
              1       9.0953024     -0.92455976     -0.79616375     -0.73394693       3.2262794        3.2262794       11.738046                  11.738046
              2       9.1033546     -0.92513386     -0.79649711     -0.73416093       3.2262794        3.2262794        11.75415                   11.75415
             11       8.1195789     -0.92656713     -0.74167575     -0.80516013       3.2262794        3.2262794        9.786599                   9.786599
             10       7.9236222     -0.99202189     -0.76401337     -0.81565642       3.2262794        3.2262794       9.3946856                  9.3946856
              5       7.7468262     -0.98874247     -0.77292041     -0.82356343       3.2262794        3.2262794       9.0410936                  9.0410936
              1       7.4709469     -0.98978958      -0.7774776      -0.8470356       3.2262794        3.2262794       8.4893351                  8.4893351
              4       7.3750368     -0.99563755      -0.7725264     -0.86250975       3.2262794        3.2262794       8.2975148                  8.2975148
              2       8.5523012     -0.99066798     -0.74709406      -1.0031238       3.2262794        3.2262794       10.652044                  10.652044
              3       9.0090185      -0.9991958     -0.75480909      -1.0398008       3.2262794        3.2262794       11.565478                  11.565478
              1       7.7172823     -0.99779049     -0.76130684     -0.98998339       3.2262794        3.2262794       8.9820057                  8.9820057
              1       7.8786959      -1.0003178     -0.77156533      -1.0101527       3.2262794        3.2262794       9.3048329                  9.3048329
              2       7.6857933     -0.98446974     -0.77389169     -0.99365562       3.2262794        3.2262794       8.9190278                  8.9190278
              2       8.4662966     -0.96458538      -0.7823705      -1.0082381       3.2262794        3.2262794       10.480034                  10.480034
              2        8.052797     -0.96116585      -0.7784819     -0.98427258       3.2262794        3.2262794       9.6530352                  9.6530352
              2       8.3954191     -0.94308119     -0.79753188     -0.95940153       3.2262794        3.2262794       10.338279                  10.338279
              5       8.0096989     -0.97017271       -0.813778     -0.93309008       3.2262794        3.2262794        9.566839                   9.566839
              2       7.2779371     -0.97638326      -0.7966059     -0.89326905       3.2262794        3.2262794       8.1033154                  8.1033154
              2       7.2754797     -0.97608131     -0.79657112     -0.89278322       3.2262794        3.2262794       8.0984007                  8.0984007
              6       7.7461401     -0.93679095     -0.74484819     -0.79599523       3.2262794        3.2262794       9.0397213                  9.0397213
              4       10.125306     -0.92675178     -0.73770758     -0.93560086       3.2262794        3.2262794       13.798053                  13.798053
             12       10.442642      -1.0136028     -0.73264972      -1.0515564       3.2262794        3.2262794       14.432724                  14.432724
              1       9.4499265      -1.0019437     -0.74066603      -1.0313796       3.2262794        3.2262794       12.447294                  12.447294
              1       9.4293717      -1.0021542     -0.74111028      -1.0316832       3.2262794        3.2262794       12.406185                  12.406185
              4        9.162029      -1.0219823     -0.72350743     -0.94384307       3.2262794        3.2262794       11.871499                  11.871499
              1       9.3396419      -1.0118619     -0.73334547      -1.0109324       3.2262794        3.2262794       12.226725                  12.226725
              2       8.1545992     -0.99262594      -0.7345409      -0.9473916       3.2262794        3.2262794       9.8566395                  9.8566395
              3       9.3339795      -1.0133572     -0.71568003     -0.92048029       3.2262794        3.2262794         12.2154                    12.2154
              6       9.6259559      -1.0148852     -0.71149568      -0.9039656       3.2262794        3.2262794       12.799353                  12.799353
             11       9.4476317      -1.0137301      -0.8179256      -1.0398683       3.2262794        3.2262794       12.442705                  12.442705
              9       9.4080531      -1.0139299     -0.81739418      -1.0388506       3.2262794        3.2262794       12.363547                  12.363547
              2       9.4049012      -1.0132916     -0.81749272      -1.0390197       3.2262794        3.2262794       12.357244                  12.357244
              1        9.029685      -1.0459656     -0.76329518      -1.0211121       3.2262794        3.2262794       11.606811                  11.606811
              5       7.7879352     -0.97687114     -0.74139846     -0.93617087       3.2262794        3.2262794       9.1233116                  9.1233116
              2       7.9243201     -0.96862425      -0.7366071     -0.91806475       3.2262794        3.2262794       9.3960814                  9.3960814
              1       7.2431728     -0.93872986     -0.77104151     -0.82549083       3.2262794        3.2262794       8.0337867                  8.0337867
              1        7.624837     -0.94043893     -0.75073758     -0.78534661       3.2262794        3.2262794       8.7971151                  8.7971151
              9       9.4413239     -0.89926765     -0.75528971     -0.70713044       3.2262794        3.2262794       12.430089                  12.430089
              1       9.7669879     -0.88747972     -0.79155108     -0.80546614       3.2262794        3.2262794       13.081417                  13.081417
              2       8.7447925      -1.0192188     -0.80874718      -1.0025796       3.2262794        3.2262794       11.037026                  11.037026
              5       9.5701568     -0.99441091     -0.82092095     -0.86335065       3.2262794        3.2262794       12.687755                  12.687755
              5       10.749542     -0.99249073      -0.8238847     -0.82057031       3.2262794        3.2262794       15.046526                  15.046526
              1        10.73338     -0.98084562      -0.8134025     -0.77064992       3.2262794        3.2262794       15.014201                  15.014201
              1       11.370384     -0.88337399     -0.72082653     -0.70582674       3.2262794        3.2262794       16.288208                  16.288208
              5        12.03252     -0.98366165     -0.69775592     -0.97881061       3.2262794        3.2262794       17.612481                  17.612481
             10        7.137932      -0.9750055     -0.77915793     -0.94919626       3.2262794        3.2262794       7.8233053                  7.8233053
              2       9.1774617     -0.95799076     -0.82955257     -0.94977668       3.2262794        3.2262794       11.902365                  11.902365
              6       7.5199075     -0.97207483     -0.79930141     -0.86434719       3.2262794        3.2262794       8.5872562                  8.5872562
              4       7.6375664     -0.97509469     -0.78948332     -0.98077071       3.2262794        3.2262794        8.822574                   8.822574
              6       8.4474846     -0.99287697     -0.74857759       -1.002997       3.2262794        3.2262794        10.44241                   10.44241
              2       8.4505102     -0.98324684     -0.74641882     -0.99127422       3.2262794        3.2262794       10.448462                  10.448462
              1       7.1971691     -0.96578334     -0.77284055     -0.94009225       3.2262794        3.2262794       7.9417795                  7.9417795
              2       7.9278475     -0.99463953     -0.78826925      -1.0121905       3.2262794        3.2262794       9.4031362                  9.4031362
              4       7.6836237      -0.9650103      -0.7448692     -0.92317078       3.2262794        3.2262794       8.9146886                  8.9146886
              9       8.1142602     -0.95015775     -0.79210111      -0.7806536       3.2262794        3.2262794       9.7759615                  9.7759615
              3       9.3163219     -0.94545119      -0.7706305     -0.70345744       3.2262794        3.2262794       12.180085                  12.180085
              1        9.152095     -0.97286155     -0.80765106     -0.79661899       3.2262794        3.2262794       11.851631                  11.851631
              1       7.4285104      -0.9953662     -0.78936509     -0.89188172       3.2262794        3.2262794        8.404462                   8.404462
              3       8.6872747      -1.0345211     -0.78960196     -0.94792842       3.2262794        3.2262794       10.921991                  10.921991
              1       7.0516475     -0.96161502     -0.78909568     -0.89401157       3.2262794        3.2262794       7.6507363                  7.6507363
              1       6.8943642     -0.95984372     -0.77814861     -0.86710728       3.2262794        3.2262794       7.3361696                  7.3361696
              4       8.0445018     -0.94554546     -0.79574296     -0.79054143       3.2262794        3.2262794       9.6364448                  9.6364448
              3       7.6913328      -1.0020575      -0.7980996     -0.93304714       3.2262794        3.2262794       8.9301067                  8.9301067
              1        8.430455      -0.9817372     -0.81499302     -0.87803957       3.2262794        3.2262794       10.408351                  10.408351
              1       8.5830856     -0.98029164     -0.82042197     -0.89670705       3.2262794        3.2262794       10.713612                  10.713612
              5       8.2867638     -0.97236321     -0.81716723     -0.88833786       3.2262794        3.2262794       10.120969                  10.120969
              2       8.5728923     -0.97926144     -0.82132976     -0.90436873       3.2262794        3.2262794       10.693226                  10.693226
              2       8.6460786     -0.98298406     -0.82032224     -0.89578642       3.2262794        3.2262794       10.839598                  10.839598
              6       8.4677292      -1.0118828     -0.72961795     -0.93134953       3.2262794        3.2262794         10.4829                    10.4829
              1       10.675177      -1.0725337     -0.75252385      -1.0211716       3.2262794        3.2262794       14.897795                  14.897795
              8       9.1736214      -1.0444703     -0.76688649      -1.0422288       3.2262794        3.2262794       11.894684                  11.894684
              2       8.9292406     -0.99706707     -0.73844195      -1.0033944       3.2262794        3.2262794       11.405922                  11.405922
              1       8.3143438     -0.98245335     -0.73632461     -0.95809183       3.2262794        3.2262794       10.176129                  10.176129
              3       9.7516535     -0.93592205     -0.78442894      -1.0011581       3.2262794        3.2262794       13.050748                  13.050748
              5       7.3386225     -0.96589262     -0.74918224     -0.90971717       3.2262794        3.2262794       8.2246861                  8.2246861
              1       9.6145322      -1.0515332     -0.75842333     -0.92121771       3.2262794        3.2262794       12.776506                  12.776506
              2       10.286493      -1.0122268     -0.77549242     -0.78528315       3.2262794        3.2262794       14.120427                  14.120427
              2       9.9915677     -0.90527533     -0.79593004       -0.700444       3.2262794        3.2262794       13.530577                  13.530577
              7       8.3119534       -0.923434     -0.77461815     -0.74430777       3.2262794        3.2262794       10.171348                  10.171348
              1       6.9384474      -0.9716669     -0.77840478     -0.86131472       3.2262794        3.2262794        7.424336                   7.424336
              2       7.3082817     -0.98063736     -0.77835068     -0.84037273       3.2262794        3.2262794       8.1640047                  8.1640047
              1       7.5443405     -0.93822623     -0.78522765     -0.80596237       3.2262794        3.2262794       8.6361223                  8.6361223
              1       8.9718425     -0.92544117     -0.76397277     -0.70392168       3.2262794        3.2262794       11.491126                  11.491126
              1       8.1568889     -0.96763392     -0.72841497     -0.79815107       3.2262794        3.2262794       9.8612191                  9.8612191
              6        6.977532     -0.98287448     -0.76077777     -0.92081634       3.2262794        3.2262794       7.5025053                  7.5025053
              7       6.8080937     -0.97299319     -0.76780659     -0.89198387       3.2262794        3.2262794       7.1636285                  7.1636285
             12       6.8658495     -0.97577727     -0.76638299       -0.910425       3.2262794        3.2262794       7.2791402                  7.2791402
              3       6.9267092     -0.98000614     -0.76087093     -0.91122259       3.2262794        3.2262794       7.4008596                  7.4008596
              7       6.8480091     -0.97267985     -0.76512098     -0.90035868       3.2262794        3.2262794       7.2434595                  7.2434595
              4       7.4724992     -0.96927145     -0.73786787     -0.86954455       3.2262794        3.2262794       8.4924395                  8.4924395
              5       9.4628777     -0.96939574     -0.76537336      -1.0386783       3.2262794        3.2262794       12.473197                  12.473197
              1       10.328335     -0.90143584       -0.720957     -0.78542329       3.2262794        3.2262794        14.20411                   14.20411
              2       9.2507687     -0.95666767     -0.74071268     -0.71281089       3.2262794        3.2262794       12.048979                  12.048979
              1       8.5060322     -0.93732457     -0.72680728     -0.83240892       3.2262794        3.2262794       10.559506                  10.559506
              1       8.6202369      -1.0193272     -0.75138443      -1.0188636       3.2262794        3.2262794       10.787915                  10.787915
              5       9.7495739      -1.0321237     -0.73187912      -1.0152721       3.2262794        3.2262794       13.046589                  13.046589
              2       7.9877774      -1.0139576     -0.74061531     -0.91213976       3.2262794        3.2262794       9.5229961                  9.5229961
              2       7.3326315     -0.99588617     -0.75034441     -0.87590023       3.2262794        3.2262794       8.2127043                  8.2127043
              1       7.0588806     -0.98609235     -0.75444885     -0.91038667       3.2262794        3.2262794       7.6652023                  7.6652023
              5       7.0860828     -0.98923258     -0.75356871     -0.88908719       3.2262794        3.2262794       7.7196068                  7.7196068
              1       6.9890367     -0.96105119     -0.77418322     -0.83816368       3.2262794        3.2262794       7.5255146                  7.5255146
              1       7.6885748      -1.0120291     -0.76705359     -0.88640671       3.2262794        3.2262794       8.9245908                  8.9245908
              1       7.9526801      -1.0102758     -0.76878877     -0.86275367       3.2262794        3.2262794       9.4528013                  9.4528013
              2       10.492659     -0.99785886     -0.70863368     -0.77273287       3.2262794        3.2262794       14.532759                  14.532759
             12       9.4287275     -0.99325777     -0.71448978     -0.80059619       3.2262794        3.2262794       12.404896                  12.404896
              2       10.338766      -1.0107035     -0.70213231      -0.8514308       3.2262794        3.2262794       14.224974                  14.224974
              2       9.3168812      -1.0090961     -0.71489724     -0.92319662       3.2262794        3.2262794       12.181204                  12.181204
              3       8.2439116     -0.95101738     -0.80198736     -0.79804969       3.2262794        3.2262794       10.035264                  10.035264
              2       9.2346996     -0.92946836     -0.80621107     -0.75016602       3.2262794        3.2262794        12.01684                   12.01684
              2       8.7758713       -0.913668     -0.79325228     -0.75492681       3.2262794        3.2262794       11.099184                  11.099184
              2       8.9921118      -0.9213108     -0.76509987      -0.9217923       3.2262794        3.2262794       11.531665                  11.531665
              1       9.7176323      -1.0349771     -0.77697934      -1.0879436       3.2262794        3.2262794       12.982706                  12.982706
              4        8.864925      -1.0288185     -0.77337979      -1.0523805       3.2262794        3.2262794       11.277291                  11.277291
              3        9.426208      -1.0558765     -0.77379685      -1.0159992       3.2262794        3.2262794       12.399857                  12.399857
              2       8.9345627      -1.0480587     -0.77062877     -0.99648876       3.2262794        3.2262794       11.416567                  11.416567
              1       9.3279305      -1.0493723     -0.79007639      -1.0106622       3.2262794        3.2262794       12.203302                  12.203302
             13        11.27951      -1.0784691     -0.78671048      -1.0099356       3.2262794        3.2262794       16.106461                  16.106461
              2       12.823479      -1.0328775     -0.68793113     -0.95918344       3.2262794        3.2262794       19.194399                  19.194399
              1       9.3829149     -0.95137943     -0.71065408     -0.86085008       3.2262794        3.2262794       12.313271                  12.313271
             10       6.8188686     -0.97534192     -0.76552695     -0.88489134       3.2262794        3.2262794       7.1851784                  7.1851784
              2       6.9524335      -0.9896232     -0.77711013     -0.92143473       3.2262794        3.2262794       7.4523082                  7.4523082
              8       6.9497386     -0.98833896     -0.77746768     -0.92551664       3.2262794        3.2262794       7.4469185                  7.4469185
              2       7.3087807     -0.99922312     -0.78725234     -0.91865674       3.2262794        3.2262794       8.1650026                  8.1650026
              3       8.8301137      -1.0137852     -0.81466958     -0.98211524       3.2262794        3.2262794       11.207669                  11.207669
              4         9.33697      -1.0148739     -0.82084954     -0.95610548       3.2262794        3.2262794       12.221381                  12.221381
              7       9.2840356      -1.0402407     -0.80086002      -1.0222312       3.2262794        3.2262794       12.115512                  12.115512
              2       11.061921       -1.055219     -0.80793105      -1.0994144       3.2262794        3.2262794       15.671283                  15.671283
              1       9.7276044     -0.96637425     -0.76015032      -1.0368404       3.2262794        3.2262794        13.00265                   13.00265
              5       8.3248617     -0.92839489     -0.77569314     -0.91947765       3.2262794        3.2262794       10.197165                  10.197165
              6       7.5891808     -0.97711359     -0.73693174     -0.89629598       3.2262794        3.2262794       8.7258029                  8.7258029
              3        7.623111     -0.97705299     -0.73697267     -0.90151162       3.2262794        3.2262794       8.7936632                  8.7936632
              7       7.7055435     -0.93094808     -0.76701926      -0.8774575       3.2262794        3.2262794       8.9585282                  8.9585282
              3       7.7091161     -0.93010961     -0.76696905     -0.87389093       3.2262794        3.2262794       8.9656735                  8.9656735
              1       8.1229566     -0.91415487     -0.77556694     -0.83103232       3.2262794        3.2262794       9.7933543                  9.7933543
              1       8.2244972     -0.92848697     -0.73785821     -0.81910445       3.2262794        3.2262794       9.9964356                  9.9964356
              6       8.5358175     -0.93261322      -0.7392596     -0.73711866       3.2262794        3.2262794       10.619076                  10.619076
              3       8.0579632     -0.94373499     -0.74387431     -0.75808237       3.2262794        3.2262794       9.6633677                  9.6633677
              6       8.9705267     -0.96956602     -0.71113548     -0.85281755       3.2262794        3.2262794       11.488495                  11.488495
              8       8.7235214     -0.99474013     -0.81676179     -0.89897614       3.2262794        3.2262794       10.994484                  10.994484
              2       8.5860721      -1.0257382      -0.7501518     -0.87673462       3.2262794        3.2262794       10.719585                  10.719585
              1       8.7545712     -0.92741729     -0.72721596     -0.77137871       3.2262794        3.2262794       11.056584                  11.056584
              3       8.8668192     -0.92559211     -0.72633289     -0.76750767       3.2262794        3.2262794        11.28108                   11.28108
              7       8.7224436     -0.94613507     -0.81945112     -0.93665202       3.2262794        3.2262794       10.992328                  10.992328
              8       8.7084117     -0.94729737     -0.81985582     -0.93647316       3.2262794        3.2262794       10.964265                  10.964265
              1        9.038311     -0.90173206     -0.79049525     -0.84588791       3.2262794        3.2262794       11.624063                  11.624063
              1       8.6244929       -0.939661      -0.7565146     -0.94452677       3.2262794        3.2262794       10.796427                  10.796427
              4       7.7364636     -0.95183179     -0.74715728     -0.90605714       3.2262794        3.2262794       9.0203685                  9.0203685
              1       8.0151881     -0.98556108      -0.7919958      -1.0099695       3.2262794        3.2262794       9.5778173                  9.5778173
              2       8.5536735      -1.0204488     -0.77638507      -1.0435689       3.2262794        3.2262794       10.654788                  10.654788
              1       8.6307101      -1.0339536     -0.76419648      -1.0238063       3.2262794        3.2262794       10.808861                  10.808861
              3       7.9936773     -0.97953399     -0.73271384     -0.91994413       3.2262794        3.2262794       9.5347958                  9.5347958
              2       7.9383732     -0.95626612     -0.77041754     -0.76548287       3.2262794        3.2262794       9.4241877                  9.4241877
              5       8.0228977     -0.95750183     -0.79562807     -0.79908049       3.2262794        3.2262794       9.5932366                  9.5932366
             11        7.374092     -0.95542883     -0.79683833     -0.85809163       3.2262794        3.2262794       8.2956251                  8.2956251
              5        8.383478      -1.0283468     -0.78758376     -0.93527267       3.2262794        3.2262794       10.314397                  10.314397
              1       7.8654317     -0.92396742     -0.76968978     -0.77655713       3.2262794        3.2262794       9.2783046                  9.2783046
              1       8.4546712     -0.94116255     -0.72481078     -0.79664962       3.2262794        3.2262794       10.456784                  10.456784
              5        8.727973     -0.94225922     -0.72202173     -0.76927482       3.2262794        3.2262794       11.003387                  11.003387
              1       7.5261839     -0.93882228     -0.76380712     -0.88780276       3.2262794        3.2262794       8.5998091                  8.5998091
              2       6.9273322       -0.985062     -0.77990554     -0.91623949       3.2262794        3.2262794       7.4021056                  7.4021056
             14        6.997713     -0.98363588     -0.77767712     -0.93992025       3.2262794        3.2262794       7.5428672                  7.5428672
              4       7.0805768     -0.99203932     -0.76389406     -0.94008256       3.2262794        3.2262794       7.7085949                  7.7085949
              1       6.9212776     -0.98310246     -0.76806135     -0.92573713       3.2262794        3.2262794       7.3899963                  7.3899963
              7       8.2010727     -0.96343698     -0.72727023     -0.79495483       3.2262794        3.2262794       9.9495866                  9.9495866
              4       9.4162042     -0.94845374     -0.71001306      -0.7633953       3.2262794        3.2262794        12.37985                   12.37985
              5       9.3358245     -0.95158986     -0.71146963     -0.76167177       3.2262794        3.2262794        12.21909                   12.21909
              1       8.9739876     -0.97090375     -0.75379716      -1.0104591       3.2262794        3.2262794       11.495416                  11.495416
              1       10.335555     -0.99688485     -0.84051885     -0.97743708       3.2262794        3.2262794       14.218551                  14.218551
              8       12.705631      -1.0731519     -0.82280271       -1.062496       3.2262794        3.2262794       18.958704                  18.958704
              5         13.7248       -1.031583     -0.85882264      -1.0366753       3.2262794        3.2262794       20.997041                  20.997041
              1       13.757229      -1.0033562     -0.80659106       -1.189284       3.2262794        3.2262794         21.0619                    21.0619
              2       9.0033019     -0.94225798     -0.76157317     -0.97268682       3.2262794        3.2262794       11.554045                  11.554045
              1       8.1204355      -1.0179657     -0.78598643       -1.016095       3.2262794        3.2262794       9.7883121                  9.7883121
              7       10.466031      -0.9437073      -0.8381754     -0.81383592       3.2262794        3.2262794       14.479504                  14.479504
              3       10.194794       -0.944034      -0.8351096     -0.81368708       3.2262794        3.2262794        13.93703                   13.93703
              2       8.1358408     -0.96846696     -0.78087564     -0.78057873       3.2262794        3.2262794       9.8191228                  9.8191228
              8       7.0454554     -0.94689159     -0.76852399     -0.84469094       3.2262794        3.2262794       7.6383521                  7.6383521
              7       7.1578035     -0.95570519     -0.75659121     -0.81838077       3.2262794        3.2262794       7.8630481                  7.8630481
              5       7.2880851     -0.95292339      -0.7475343     -0.83033499       3.2262794        3.2262794       8.1236115                  8.1236115
              6       7.2931105     -0.95255533     -0.74754181     -0.82995917       3.2262794        3.2262794       8.1336623                  8.1336623
              5       10.453407     -0.89539209     -0.75256388     -0.65723018       3.2262794        3.2262794       14.454255                  14.454255
              1       8.9058502     -0.99126029     -0.74400975     -0.77409707       3.2262794        3.2262794       11.359142                  11.359142
              1       8.8944774     -0.98921871     -0.74580191     -0.76995239       3.2262794        3.2262794       11.336396                  11.336396
              3       8.4263001     -0.99480376     -0.75291474     -0.79758488       3.2262794        3.2262794       10.400041                  10.400041
              1       7.3925442     -0.98864292      -0.7727123     -0.84407529       3.2262794        3.2262794       8.3325295                  8.3325295
              3       7.2996356     -0.98641095      -0.7709667     -0.84414248       3.2262794        3.2262794       8.1467125                  8.1467125
              4       8.2464908     -0.96721748     -0.76183523      -0.7597832       3.2262794        3.2262794       10.040423                  10.040423
              1       8.7158341     -0.90381471     -0.78865659     -0.79877337       3.2262794        3.2262794       10.979109                  10.979109
              1       8.7201672     -0.96063906     -0.81698982      -0.9776902       3.2262794        3.2262794       10.987776                  10.987776
              2       8.5666572     -0.96198043     -0.81105442     -0.98616407       3.2262794        3.2262794       10.680756                  10.680756
              1       7.1425401     -0.95116844     -0.78786456      -0.8813534       3.2262794        3.2262794       7.8325213                  7.8325213
              3       7.8977889       -1.022077     -0.78259288     -0.94198483       3.2262794        3.2262794       9.3430191                  9.3430191
              3        7.627881      -1.0118336     -0.75433989      -0.8980818       3.2262794        3.2262794       8.8032033                  8.8032033
              2       7.5556128      -1.0111708     -0.76019164     -0.89644595       3.2262794        3.2262794       8.6586667                  8.6586667
              1       7.2654859     -0.99985372     -0.76401595     -0.88127218       3.2262794        3.2262794        8.078413                   8.078413
              4       9.0326413     -0.99249751     -0.74095565     -0.77328818       3.2262794        3.2262794       11.612724                  11.612724
              2       9.3120536       -1.002226     -0.74210817     -0.78247718       3.2262794        3.2262794       12.171548                  12.171548
              4       7.5170606      -1.0117979     -0.75949917     -0.90654595       3.2262794        3.2262794       8.5815625                  8.5815625
              7       7.0172486     -0.98290501     -0.77839564     -0.94210648       3.2262794        3.2262794       7.5819384                  7.5819384
              4       7.0345604     -0.98405104     -0.78027324      -0.9429746       3.2262794        3.2262794       7.6165619                  7.6165619
              3       7.1173706     -0.97682489     -0.76812634     -0.94491743       3.2262794        3.2262794       7.7821824                  7.7821824
              5       7.4364893     -0.96650635     -0.76939868     -0.95546114       3.2262794        3.2262794       8.4204199                  8.4204199
              2       7.9479133     -0.95910559     -0.75591562     -0.95336476       3.2262794        3.2262794       9.4432679                  9.4432679
              1       7.7906189     -0.97873985     -0.77150224     -0.99233215       3.2262794        3.2262794       9.1286789                  9.1286789
              4       7.3622677      -1.0021823     -0.75376599     -0.89003134       3.2262794        3.2262794       8.2719766                  8.2719766
              1         7.39162     -0.99578761     -0.75375085     -0.86112792       3.2262794        3.2262794       8.3306812                  8.3306812
              1       7.5123554     -0.99930926     -0.75447018     -0.85987621       3.2262794        3.2262794        8.572152                   8.572152
              6       7.6751558     -0.97368824     -0.79688286     -0.84427132       3.2262794        3.2262794       8.8977528                  8.8977528
              4       7.8444282     -0.99782933     -0.79610079     -0.88441752       3.2262794        3.2262794       9.2362977                  9.2362977
              1       7.0459002     -0.98570997     -0.78451024     -0.89557984       3.2262794        3.2262794       7.6392416                  7.6392416
              6       7.0298479      -0.9874046     -0.78207826     -0.89482948       3.2262794        3.2262794       7.6071369                  7.6071369
              3       6.9854691      -0.9837194     -0.77368374     -0.93913125       3.2262794        3.2262794       7.5183794                  7.5183794
              4       6.9780695     -0.98342824     -0.77356286     -0.93806147       3.2262794        3.2262794       7.5035803                  7.5035803
              7       8.4480092      -1.0079304     -0.73410906     -0.84861018       3.2262794        3.2262794        10.44346                   10.44346
              1       8.0037538     -0.99650153     -0.73483532     -0.84799135       3.2262794        3.2262794       9.5549488                  9.5549488
              3       9.3054704      -1.0017747     -0.71203155     -0.85204579       3.2262794        3.2262794       12.158382                  12.158382
              1       8.1458933     -0.99562784     -0.74777165     -0.81425636       3.2262794        3.2262794       9.8392277                  9.8392277
              2       7.8343406     -0.92263955     -0.77459063     -0.85386719       3.2262794        3.2262794       9.2161223                  9.2161223
              7       7.0789442     -0.97389061     -0.75470244     -0.84297142       3.2262794        3.2262794       7.7053296                  7.7053296
              5       8.2670215     -0.92695803     -0.75749176     -0.89021942       3.2262794        3.2262794       10.081484                  10.081484
              1       7.3032854     -0.99973271     -0.75683535     -0.94523798       3.2262794        3.2262794        8.154012                   8.154012
              4       7.2772789     -0.99835547     -0.75379524     -0.93198474       3.2262794        3.2262794        8.101999                   8.101999
              2       8.1576879     -0.98506527     -0.81491851     -0.93261072       3.2262794        3.2262794       9.8628171                  9.8628171
              1       7.5394308     -0.98670365     -0.80144331     -0.91370795       3.2262794        3.2262794       8.6263028                  8.6263028
              6        7.749449     -0.97961304     -0.78926247     -0.99228191       3.2262794        3.2262794       9.0463392                  9.0463392
              8       8.3978273     -0.97765072     -0.75380634     -0.99700946       3.2262794        3.2262794       10.343096                  10.343096
              7       9.8392757     -0.89332022     -0.73881721     -0.75962674       3.2262794        3.2262794       13.225993                  13.225993
              1       10.149885     -0.89559929     -0.73423265     -0.70036018       3.2262794        3.2262794       13.847212                  13.847212
              3       9.4138882     -0.89319699     -0.76995407     -0.72730747       3.2262794        3.2262794       12.375218                  12.375218
              1        10.28618     -0.89856223     -0.72379462     -0.77622309       3.2262794        3.2262794       14.119802                  14.119802
              1       10.803315     -0.88877597     -0.72703238     -0.77804257       3.2262794        3.2262794       15.154071                  15.154071
              1       9.8679894     -0.95559973      -0.7629242       -1.027626       3.2262794        3.2262794        13.28342                   13.28342
              1       7.2871358       -1.000756     -0.75797524      -0.9445846       3.2262794        3.2262794       8.1217129                  8.1217129
              3       7.5857618     -0.98435281     -0.73629462     -0.88875898       3.2262794        3.2262794       8.7189649                  8.7189649
              2       7.4619281     -0.93441817     -0.77905115     -0.87205355       3.2262794        3.2262794       8.4712975                  8.4712975
              2       7.9454347      -1.0058525     -0.77464244       -1.015429       3.2262794        3.2262794       9.4383107                  9.4383107
             10       8.2575311      -1.0244593      -0.7939133     -0.96034925       3.2262794        3.2262794       10.062503                  10.062503
              1       8.2895833     -0.94267858       -0.766059     -0.73794875       3.2262794        3.2262794       10.126608                  10.126608
             11       8.3976669      -0.9182227     -0.74526405     -0.82048182       3.2262794        3.2262794       10.342775                  10.342775
              1       10.979839     -0.89160207     -0.78378776     -0.91508187       3.2262794        3.2262794       15.507119                  15.507119
              2       10.136458     -0.92801944     -0.78429717     -0.99558493       3.2262794        3.2262794       13.820358                  13.820358
              4       9.9420719     -0.95208424     -0.79711483      -1.0387263       3.2262794        3.2262794       13.431585                  13.431585
              5       8.9284745     -0.93388412     -0.72070331     -0.77041109       3.2262794        3.2262794        11.40439                   11.40439
              3       7.6313341     -0.98473985     -0.74938783     -0.95570002       3.2262794        3.2262794       8.8101094                  8.8101094
              2       8.8338607      -1.0109681     -0.75236041      -1.0327482       3.2262794        3.2262794       11.215163                  11.215163
              4        8.327014      -1.0180784     -0.76647422      -1.0266407       3.2262794        3.2262794       10.201469                  10.201469
              1       7.8304673     -0.97311053     -0.80865451     -0.94824294       3.2262794        3.2262794       9.2083758                  9.2083758
              2       7.7103437     -0.97692482     -0.80753664     -0.93540599       3.2262794        3.2262794       8.9681286                  8.9681286
              1       10.059865     -0.95157294     -0.76492936      -1.0284606       3.2262794        3.2262794       13.667171                  13.667171
              1        9.698242     -0.94299322     -0.75792492     -0.99353884       3.2262794        3.2262794       12.943925                  12.943925
              1       10.125567     -0.92859749     -0.76613902     -0.98501745       3.2262794        3.2262794       13.798575                  13.798575
              1       10.143697     -0.92589734     -0.77650346     -0.98730919       3.2262794        3.2262794       13.834835                  13.834835
              2       6.9203718     -0.97207152     -0.77683765     -0.92149401       3.2262794        3.2262794       7.3881849                  7.3881849
              7       6.8961215     -0.97248952     -0.77758014     -0.91732353       3.2262794        3.2262794       7.3396842                  7.3396842
              1       6.8534296     -0.96152161     -0.77524731      -0.8723849       3.2262794        3.2262794       7.2543004                  7.2543004
              6        6.840385     -0.96274207      -0.7741687     -0.87215852       3.2262794        3.2262794       7.2282112                  7.2282112
              1       7.4489919     -0.99999141     -0.74871328     -0.93381443       3.2262794        3.2262794       8.4454251                  8.4454251
              3       7.6849943     -0.94026769     -0.74374884     -0.84415232       3.2262794        3.2262794       8.9174298                  8.9174298
              4       7.7344432     -0.93675966     -0.74452274      -0.8356877       3.2262794        3.2262794       9.0163276                  9.0163276
              1       9.5115393     -0.93267433     -0.71256651     -0.75612647       3.2262794        3.2262794        12.57052                   12.57052
              3        9.246549     -0.97731286      -0.7090753      -0.8085221       3.2262794        3.2262794       12.040539                  12.040539
              2       12.506451     -0.99222788     -0.68556479      -0.9476709       3.2262794        3.2262794       18.560344                  18.560344
              1       12.551308     -0.99251494     -0.68540473     -0.94893158       3.2262794        3.2262794       18.650058                  18.650058
              3       11.542136      -1.0612613     -0.77576223       -1.134078       3.2262794        3.2262794       16.631713                  16.631713
              1       8.3508984     -0.99008375     -0.73339515     -0.80875003       3.2262794        3.2262794       10.249238                  10.249238
              9       7.0344771     -0.98944295     -0.75869245     -0.88151464       3.2262794        3.2262794       7.6163954                  7.6163954
              1        8.195474      -1.0224775     -0.78714161      -0.9210233       3.2262794        3.2262794       9.9383892                  9.9383892
              3       7.9673048      -1.0062991     -0.80135598     -0.93225694       3.2262794        3.2262794       9.4820508                  9.4820508
              1       8.1441198      -1.0045747     -0.80724959     -0.94723397       3.2262794        3.2262794       9.8356808                  9.8356808
              1       8.6027486      -1.0289329     -0.78602398      -1.0348072       3.2262794        3.2262794       10.752938                  10.752938
              2       7.8429794      -1.0070944     -0.79847927     -0.97118293       3.2262794        3.2262794          9.2334                     9.2334
              3       7.3096211     -0.97517636      -0.7886138     -0.95745484       3.2262794        3.2262794       8.1666834                  8.1666834
              2        7.419819     -0.95110896     -0.75697812     -0.90454396       3.2262794        3.2262794       8.3870792                  8.3870792
              1       8.1041607     -0.93647078     -0.80813737     -0.88281683       3.2262794        3.2262794       9.7557627                  9.7557627
              3       9.1168529      -1.0199136     -0.81574952     -0.98708739       3.2262794        3.2262794       11.781147                  11.781147
              2       9.6589009     -0.95369896     -0.79736275      -1.0322967       3.2262794        3.2262794       12.865243                  12.865243
              1        8.275234      -1.0174819     -0.78366398      -1.0293608       3.2262794        3.2262794       10.097909                  10.097909
              2       7.4178466      -1.0047196     -0.77654509     -0.97649224       3.2262794        3.2262794       8.3831345                  8.3831345
              6        8.167827      -0.9740566      -0.8137101      -0.9623222       3.2262794        3.2262794       9.8830953                  9.8830953
              1       7.9054919      -0.9188018      -0.7795551     -0.81655357       3.2262794        3.2262794        9.358425                   9.358425
              3       7.7731758     -0.92226269     -0.77809557     -0.81107441       3.2262794        3.2262794       9.0937928                  9.0937928
              2       7.3312146     -0.95015247      -0.7587281     -0.79819841       3.2262794        3.2262794       8.2098703                  8.2098703
              2       10.382069      -0.9549415     -0.71943095     -0.69105341       3.2262794        3.2262794       14.311579                  14.311579
              3       10.048698     -0.96083967     -0.71470349     -0.71739389       3.2262794        3.2262794       13.644837                  13.644837
              3       7.6753815      -1.0147125     -0.75271209     -0.91537598       3.2262794        3.2262794       8.8982043                  8.8982043
              6       8.2260008      -1.0340401     -0.76528329     -0.96838981       3.2262794        3.2262794       9.9994428                  9.9994428
              1       11.739714     -0.90963422     -0.84963532     -0.83840785       3.2262794        3.2262794        17.02687                   17.02687
              3       12.011501     -0.87608912     -0.82410909     -0.84417064       3.2262794        3.2262794       17.570444                  17.570444
              1       11.444831      -0.9349994      -0.8523696     -0.93482163       3.2262794        3.2262794       16.437104                  16.437104
              1        10.60369     -0.94639349     -0.84161227     -0.97320939       3.2262794        3.2262794       14.754822                  14.754822
              3       11.151838     -0.93133942      -0.8353654     -0.99100814       3.2262794        3.2262794       15.851118                  15.851118
              3        11.35979     -0.90669111     -0.83911088     -0.90585198       3.2262794        3.2262794        16.26702                   16.26702
              1       9.7417709     -0.95369444     -0.83497402     -0.96019021       3.2262794        3.2262794       13.030983                  13.030983
              1       7.9332378     -0.94604102     -0.80553912     -0.83481025       3.2262794        3.2262794       9.4139167                  9.4139167
              6       7.1901993     -0.94575751     -0.78611096     -0.85848965       3.2262794        3.2262794       7.9278398                  7.9278398
              1       7.2950824     -0.95259354     -0.75121281      -0.8123711       3.2262794        3.2262794        8.137606                   8.137606
              3       8.7242377     -0.95672894     -0.71829347     -0.78390863       3.2262794        3.2262794       10.995917                  10.995917
              3       9.1267825     -0.90379618     -0.74968981     -0.82588903       3.2262794        3.2262794       11.801006                  11.801006
              3       13.238619     -0.86470957     -0.83459141     -0.80116838       3.2262794        3.2262794        20.02468                   20.02468
              5       12.149012     -0.88895162     -0.84160565     -0.84978131       3.2262794        3.2262794       17.845465                  17.845465
              5       11.192719     -0.88839295     -0.81969894     -0.72628843       3.2262794        3.2262794        15.93288                   15.93288
              1       10.227046     -0.90142571     -0.80564694      -0.7139405       3.2262794        3.2262794       14.001533                  14.001533
              1       8.1072752     -0.97602587     -0.80772457     -0.98240951       3.2262794        3.2262794       9.7619916                  9.7619916
              7       7.1336414     -0.97138512     -0.79357707      -0.9059569       3.2262794        3.2262794        7.814724                   7.814724
              4       7.1254512     -0.98499559     -0.79036937     -0.91721053       3.2262794        3.2262794       7.7983437                  7.7983437
              2       7.2595995     -0.99032411      -0.7852886     -0.88130507       3.2262794        3.2262794       8.0666401                  8.0666401
             12       7.3851144      -0.9891393     -0.78626216     -0.86845362       3.2262794        3.2262794       8.3176701                  8.3176701
              1       7.3455873       -0.989225     -0.78577267     -0.87093226       3.2262794        3.2262794       8.2386158                  8.2386158
              4       8.2250392     -0.99807492     -0.81120792     -0.93117982       3.2262794        3.2262794       9.9975196                  9.9975196
              1        8.821395     -0.99525544     -0.71635678     -0.89104094       3.2262794        3.2262794       11.190231                  11.190231
              3       8.7139461     -0.94646291     -0.71871737     -0.82999347       3.2262794        3.2262794       10.975333                  10.975333
              3       10.341518     -0.93992126     -0.69882198     -0.81520462       3.2262794        3.2262794       14.230478                  14.230478
              4       10.317596     -0.95626868     -0.69509793     -0.79055991       3.2262794        3.2262794       14.182633                  14.182633
              1       9.6828205      -1.0434395     -0.76107657     -0.88237401       3.2262794        3.2262794       12.913082                  12.913082
              1       9.7548708      -1.0419937      -0.7649869     -0.87567145       3.2262794        3.2262794       13.057183                  13.057183
              3       10.092313      -1.0405009     -0.75999253     -0.85495545       3.2262794        3.2262794       13.732067                  13.732067
              4       10.208897      -1.0385034     -0.76199367     -0.84538327       3.2262794        3.2262794       13.965236                  13.965236
              1        10.49234      -1.0029407     -0.74724156     -0.74672241       3.2262794        3.2262794       14.532121                  14.532121
              5       13.265497      -1.0180312     -0.81035665     -0.77716156       3.2262794        3.2262794       20.078436                  20.078436
              2       12.427353     -0.94818177     -0.72182219     -0.62371152       3.2262794        3.2262794       18.402148                  18.402148
              2       13.345457      -1.0429107     -0.78752618     -0.79869112       3.2262794        3.2262794       20.238355                  20.238355
             12       10.744681      -1.0415896     -0.80999403     -0.91644547       3.2262794        3.2262794       15.036803                  15.036803
              1       8.3471866      -1.0116797     -0.77746909     -0.85446985       3.2262794        3.2262794       10.241814                  10.241814
              1       8.1570392      -1.0023572      -0.7824873     -0.84602047       3.2262794        3.2262794       9.8615197                  9.8615197
              7       7.3595197      -1.0052686      -0.7838083     -0.95267018       3.2262794        3.2262794       8.2664807                  8.2664807
              5       7.1788432      -1.0026435      -0.7763474     -0.93256069       3.2262794        3.2262794       7.9051277                  7.9051277
              1        7.713266      -0.9792048     -0.73241099     -0.85781745       3.2262794        3.2262794       8.9739731                  8.9739731
              4       8.2859503      -1.0095763     -0.76967931      -1.0301043       3.2262794        3.2262794       10.119342                  10.119342
              1        7.119919     -0.97151178     -0.74906973     -0.88803135       3.2262794        3.2262794       7.7872793                  7.7872793
              1       8.7157531     -0.98528947     -0.80262493     -0.82399919       3.2262794        3.2262794       10.978947                  10.978947
              2       7.5868089     -0.97160533     -0.78443058     -0.81735749       3.2262794        3.2262794       8.7210591                  8.7210591
              5       7.5977677     -0.95812282     -0.79462011     -0.82465806       3.2262794        3.2262794       8.7429766                  8.7429766
              4        7.509223     -0.95358449     -0.79678594     -0.83871535       3.2262794        3.2262794       8.5658873                  8.5658873
              3       7.9861017     -0.94800628     -0.80414472     -0.82231395       3.2262794        3.2262794       9.5196447                  9.5196447
              1       8.0266648     -0.94771359      -0.8052519      -0.8234609       3.2262794        3.2262794       9.6007708                  9.6007708
              3       9.6832312     -0.99865515     -0.77580823     -0.77385315       3.2262794        3.2262794       12.913904                  12.913904
              1        9.110853      -1.0114866     -0.77952801     -0.82471086       3.2262794        3.2262794       11.769147                  11.769147
              1       8.3869965      -1.0066819     -0.75502698     -0.82642093       3.2262794        3.2262794       10.321434                  10.321434
              8       8.7441119     -0.90608906      -0.7914467     -0.84024236       3.2262794        3.2262794       11.035665                  11.035665
              2        8.685765     -0.90263523     -0.78032976     -0.78304055       3.2262794        3.2262794       10.918971                  10.918971
              2       7.1007382      -0.9534603     -0.77671413     -0.82745631       3.2262794        3.2262794       7.7489177                  7.7489177
              6       6.8781336     -0.96014067     -0.77184145     -0.88700742       3.2262794        3.2262794       7.3037085                  7.3037085
              3       7.6145179     -0.95428102     -0.73941668     -0.80854122       3.2262794        3.2262794       8.7764771                  8.7764771
              2       9.1634253     -0.98832597     -0.75855761      -1.0425743       3.2262794        3.2262794       11.874292                  11.874292
              2       9.3283317     -0.98950611      -0.7560031       -1.045618       3.2262794        3.2262794       12.204105                  12.204105
              3       9.1857234      -1.0014837      -0.7577303      -1.0514136       3.2262794        3.2262794       11.918888                  11.918888
              7       9.7794726      -1.0008303     -0.82727557     -0.90023465       3.2262794        3.2262794       13.106386                  13.106386
              4        8.940819     -0.99003293     -0.81701542     -0.87113989       3.2262794        3.2262794       11.429079                  11.429079
             12       8.1858914     -0.94887434     -0.80876757     -0.82547068       3.2262794        3.2262794       9.9192241                  9.9192241
              1       11.181231      -1.0280535     -0.79427769     -0.82326215       3.2262794        3.2262794       15.909904                  15.909904
             13       9.6321748     -0.92540609     -0.81532857     -0.75732533       3.2262794        3.2262794       12.811791                  12.811791
              4       10.720894      -0.8816429     -0.80712356     -0.82787323       3.2262794        3.2262794       14.989229                  14.989229
              2       11.156486     -0.87396178       -0.806645       -0.802934       3.2262794        3.2262794       15.860413                  15.860413
              2       8.0327675     -0.92915455     -0.78994075     -0.90051776       3.2262794        3.2262794       9.6129762                  9.6129762
              1       8.0983955     -0.92767961     -0.80071734     -0.81996133       3.2262794        3.2262794       9.7442323                  9.7442323
              4       7.6635595      -1.0048011     -0.76104575     -0.86199783       3.2262794        3.2262794       8.8745602                  8.8745602
              1       10.104518      -1.0224215     -0.76085055     -0.80413004       3.2262794        3.2262794       13.756477                  13.756477
              1       7.8748835      -1.0123734     -0.78445282      -1.0051171       3.2262794        3.2262794       9.2972082                  9.2972082
             12       7.9241178      -1.0118086      -0.7889809       -1.004493       3.2262794        3.2262794       9.3956769                  9.3956769
              3        9.170522      -1.0257698     -0.80554762      -1.0447111       3.2262794        3.2262794       11.888485                  11.888485
              5       8.5599667     -0.91932645     -0.74554222     -0.74129501       3.2262794        3.2262794       10.667375                  10.667375
              1       7.7468849     -0.95380079     -0.79416523     -0.80958072       3.2262794        3.2262794        9.041211                   9.041211
              5       7.1378197     -0.99833451     -0.77862382     -0.91206731       3.2262794        3.2262794       7.8230807                  7.8230807
              8       7.3522375      -1.0022691     -0.75244034     -0.89836184       3.2262794        3.2262794       8.2519163                  8.2519163
              3       7.6311022      -1.0056107     -0.74738381     -0.94328451       3.2262794        3.2262794       8.8096457                  8.8096457
              7       7.3452375     -0.97575838     -0.77072604     -0.96324157       3.2262794        3.2262794       8.2379162                  8.2379162
              2       7.1838692     -0.98586411     -0.78969809     -0.94447739       3.2262794        3.2262794       7.9151796                  7.9151796
              4       7.1375996     -0.95366477     -0.77312873      -0.8186775       3.2262794        3.2262794       7.8226404                  7.8226404
              2       10.694063      -1.0537242      -0.8124544      -1.0009308       3.2262794        3.2262794       14.935568                  14.935568
              3        10.55012      -1.0678473     -0.79150615      -1.0356322       3.2262794        3.2262794        14.64768                   14.64768
              4       7.3438289     -0.93568921     -0.77307094     -0.81749687       3.2262794        3.2262794        8.235099                   8.235099
              1        7.331195     -0.93667029     -0.77087537     -0.81411786       3.2262794        3.2262794       8.2098312                  8.2098312
              1       7.4435983     -0.93234844     -0.76912949     -0.81004401       3.2262794        3.2262794       8.4346379                  8.4346379
              1       7.8695933     -0.96827657     -0.75293868      -0.9590752       3.2262794        3.2262794       9.2866277                  9.2866277
              4       9.7431432     -0.92369266     -0.72402605     -0.86913843       3.2262794        3.2262794       13.033728                  13.033728
              1       11.131941     -0.91228282     -0.71732997     -0.87521434       3.2262794        3.2262794       15.811322                  15.811322
              7       12.241038     -0.95140601     -0.69745876     -0.94186929       3.2262794        3.2262794       18.029518                  18.029518
              1       10.169319     -0.94954449     -0.72450462     -0.95512097       3.2262794        3.2262794       13.886078                  13.886078
              6       8.6537474     -0.99929957     -0.72158783     -0.91667149       3.2262794        3.2262794       10.854936                  10.854936
              1       8.4727619       -0.964967     -0.72100448     -0.87695539       3.2262794        3.2262794       10.492965                  10.492965
              2       7.3494589     -0.95394163     -0.77204781     -0.79920336       3.2262794        3.2262794        8.246359                   8.246359
              1       8.0602642     -0.93548979     -0.80692839     -0.84835948       3.2262794        3.2262794       9.6679695                  9.6679695
              3       8.2300747     -0.93637971     -0.81007878      -0.8388043       3.2262794        3.2262794       10.007591                  10.007591
              1       8.2212056       -0.936661     -0.80990535     -0.83801416       3.2262794        3.2262794       9.9898524                  9.9898524
              3       8.8271652     -0.99052124     -0.82097803     -0.90426704       3.2262794        3.2262794       11.201772                  11.201772
              7       8.7417015     -0.92768078     -0.81699329     -0.85322888       3.2262794        3.2262794       11.030844                  11.030844
              4       9.2607888      -0.9556984     -0.82985106     -0.95224909       3.2262794        3.2262794       12.069019                  12.069019
              4       12.285607     -0.93078877     -0.82888109     -0.69850112       3.2262794        3.2262794       18.118656                  18.118656
             10        7.739839     -0.95775616      -0.8040873     -0.84869752       3.2262794        3.2262794       9.0271193                  9.0271193
              2       7.4403268     -0.96075964     -0.79781523      -0.8537856       3.2262794        3.2262794       8.4280949                  8.4280949
              9       7.4895209     -0.95978428     -0.79859244     -0.85095314       3.2262794        3.2262794       8.5264831                  8.5264831
              6       7.8467208      -0.9832101     -0.80947334     -0.92071032       3.2262794        3.2262794       9.2408828                  9.2408828
              1       7.4089021     -0.99448061     -0.79041405     -0.89511415       3.2262794        3.2262794       8.3652455                  8.3652455
              9       6.9865832     -0.97529061      -0.7667554       -0.928689       3.2262794        3.2262794       7.5206077                  7.5206077
             14       7.1645917     -0.96546577     -0.75005226     -0.89083696       3.2262794        3.2262794       7.8766247                  7.8766247
              4       6.8691187     -0.96846143     -0.76839881     -0.85598153       3.2262794        3.2262794       7.2856787                  7.2856787
              4       6.8733764     -0.98177945     -0.77403676     -0.88609435       3.2262794        3.2262794        7.294194                   7.294194
              9       7.1886314     -0.97219248     -0.79539673     -0.90579342       3.2262794        3.2262794        7.924704                   7.924704
              4       7.0877562     -0.96864945     -0.79184422     -0.89229998       3.2262794        3.2262794       7.7229537                  7.7229537
              1       8.6106761      -0.9058746     -0.78228619     -0.77191484       3.2262794        3.2262794       10.768793                  10.768793
              2       8.7383887     -0.90485829     -0.78679316     -0.77077777       3.2262794        3.2262794       11.024219                  11.024219
              9       9.5770266     -0.93679302     -0.73141596     -0.69422136       3.2262794        3.2262794       12.701494                  12.701494
              3       10.236458     -0.90774523     -0.71953508     -0.70588048       3.2262794        3.2262794       14.020357                  14.020357
              8       9.2944613     -0.91933839       -0.724321     -0.81386894       3.2262794        3.2262794       12.136364                  12.136364
              1       9.0580053     -0.95179606     -0.72306989     -0.90557927       3.2262794        3.2262794       11.663452                  11.663452
              2       9.3398475       -0.909334     -0.77441578     -0.90558466       3.2262794        3.2262794       12.227136                  12.227136
              1       8.4769296     -0.91577086     -0.78679861     -0.75998562       3.2262794        3.2262794         10.5013                    10.5013
              2       8.1438315     -0.95567048     -0.80684023     -0.82393187       3.2262794        3.2262794       9.8351042                  9.8351042
             10       8.3159334     -0.95525587     -0.80680394     -0.81196665       3.2262794        3.2262794       10.179308                  10.179308
              6       7.9836762     -0.95228984     -0.80233799     -0.81688724       3.2262794        3.2262794       9.5147936                  9.5147936
              5       8.4389798      -1.0366079      -0.7765783      -1.0000788       3.2262794        3.2262794       10.425401                  10.425401
              5       8.2850261      -1.0261698     -0.75481235     -0.89755432       3.2262794        3.2262794       10.117493                  10.117493
              1       9.3467269     -0.94673919     -0.71348004     -0.86419127       3.2262794        3.2262794       12.240895                  12.240895
              9         9.27665      -0.9515181      -0.7352347      -0.9536763       3.2262794        3.2262794       12.100741                  12.100741
              1       7.4731937     -0.93396452     -0.76118133     -0.80321289       3.2262794        3.2262794       8.4938286                  8.4938286
              3       7.5008172     -0.97560733     -0.77879281     -0.97628977       3.2262794        3.2262794       8.5490756                  8.5490756
              3       7.4331396     -0.97528219     -0.78052008      -0.9717183       3.2262794        3.2262794       8.4137205                  8.4137205
              1       6.8381762     -0.97522759     -0.77612079     -0.90674432       3.2262794        3.2262794       7.2237937                  7.2237937
              3       7.9472356     -0.91763451     -0.77139517      -0.8268699       3.2262794        3.2262794       9.4419124                  9.4419124
              5       7.8996384     -0.98062708     -0.79085028     -0.82702765       3.2262794        3.2262794        9.346718                   9.346718
              2       6.9089063     -0.97194404     -0.78312574     -0.88613603       3.2262794        3.2262794       7.3652537                  7.3652537
              1        6.967422     -0.96192379     -0.78431113     -0.86978577       3.2262794        3.2262794       7.4822852                  7.4822852
              2       7.3399568     -0.98437128     -0.74339484     -0.86369617       3.2262794        3.2262794       8.2273547                  8.2273547
              1       7.7271967     -0.98227954     -0.74059929     -0.93356513       3.2262794        3.2262794       9.0018347                  9.0018347
              5       8.9589829      -1.0249212     -0.72995106     -0.95847412       3.2262794        3.2262794       11.465407                  11.465407
              3       9.3135577      -1.0258457     -0.73179592      -0.9965345       3.2262794        3.2262794       12.174557                  12.174557
             16       7.2372019      -0.9902796     -0.78971718     -0.94944036       3.2262794        3.2262794       8.0218451                  8.0218451
              1       8.7117586      -1.0415669     -0.76964964     -0.94403448       3.2262794        3.2262794       10.970958                  10.970958
              1       8.8944924      -1.0464672     -0.77096938     -0.96344946       3.2262794        3.2262794       11.336426                  11.336426
              4       9.8863734      -1.0521908     -0.79394423     -0.96221889       3.2262794        3.2262794       13.320188                  13.320188
              3        10.06565      -1.0648665     -0.76866136      -1.0392732       3.2262794        3.2262794       13.678741                  13.678741
              1       10.247496      -1.0629042     -0.79132353      -1.0426611       3.2262794        3.2262794       14.042433                  14.042433
              1       10.385367     -0.94506142     -0.80022722      -1.0388742       3.2262794        3.2262794       14.318175                  14.318175
              4       9.3675878     -0.92799002      -0.7963728     -0.96701927       3.2262794        3.2262794       12.282617                  12.282617
              1       8.1994467     -0.94507902     -0.77730043     -0.95898727       3.2262794        3.2262794       9.9463347                  9.9463347
              6       8.0125429     -0.94507736     -0.77884575     -0.95021165       3.2262794        3.2262794       9.5725271                  9.5725271
              9       8.8551011     -0.93905499     -0.78012154      -0.9746169       3.2262794        3.2262794       11.257643                  11.257643
              1       7.4178746     -0.97449919     -0.79355824     -0.95850823       3.2262794        3.2262794       8.3831903                  8.3831903
              2        7.247174     -0.99200933     -0.76814007     -0.96404243       3.2262794        3.2262794       8.0417891                  8.0417891
              2       8.8129014      -1.0232723     -0.78757328      -1.0537779       3.2262794        3.2262794       11.173244                  11.173244
              1       8.3813089      -1.0289452     -0.75282594       -0.992127       3.2262794        3.2262794       10.310059                  10.310059
              6       7.3521621      -1.0043812     -0.75583599     -0.93825474       3.2262794        3.2262794       8.2517654                  8.2517654
              1       9.4662403       -1.009808     -0.79803122      -1.0796499       3.2262794        3.2262794       12.479922                  12.479922
              1       9.0047546     -0.98548216     -0.80013881      -1.0485907       3.2262794        3.2262794        11.55695                   11.55695
              1       9.0888489     -0.95323606     -0.80234548      -1.0080625       3.2262794        3.2262794       11.725139                  11.725139
              3       8.3609715     -0.95266848     -0.80851171     -0.96196949       3.2262794        3.2262794       10.269384                  10.269384
              7       7.1555321     -0.94544901     -0.78300887     -0.84950264       3.2262794        3.2262794       7.8585055                  7.8585055
              7        7.306796     -0.94786085     -0.79301796     -0.86414041       3.2262794        3.2262794       8.1610333                  8.1610333
              7       7.9209709     -0.98953677     -0.80655707     -0.97330204       3.2262794        3.2262794       9.3893831                  9.3893831
             13       9.2106705      -1.0445634     -0.76172647      -1.0384539       3.2262794        3.2262794       11.968782                  11.968782
              3        8.422823      -1.0114809      -0.7857063      -1.0402446       3.2262794        3.2262794       10.393087                  10.393087
              2       8.1873492      -1.0229726      -0.7556981     -0.89051885       3.2262794        3.2262794       9.9221397                  9.9221397
              2       9.8457975      -1.0397103     -0.78158672     -0.88118415       3.2262794        3.2262794       13.239036                  13.239036
              1       10.171463     -0.95242936     -0.75387702     -0.67794153       3.2262794        3.2262794       13.890366                  13.890366
              1       10.397519      -0.9374689     -0.78073014     -0.67300346       3.2262794        3.2262794       14.342478                  14.342478
              2        10.01544     -0.93519102     -0.78035169     -0.68200584       3.2262794        3.2262794       13.578321                  13.578321
              4       10.141343     -0.91370017     -0.77093661     -0.66277487       3.2262794        3.2262794       13.830127                  13.830127
              2       10.447646        -0.92235     -0.76679042     -0.65213999       3.2262794        3.2262794       14.442733                  14.442733
              4       10.363452     -0.88258636      -0.7683244     -0.68877305       3.2262794        3.2262794       14.274344                  14.274344
              8       9.2094893     -0.90603694      -0.7980957     -0.75043879       3.2262794        3.2262794        11.96642                   11.96642
              3       9.2021591     -0.90609654     -0.79797528     -0.75052625       3.2262794        3.2262794       11.951759                  11.951759
              1       7.2209289      -1.0000727     -0.77799134     -0.95748626       3.2262794        3.2262794        7.989299                   7.989299
              1       7.2065651      -1.0007779      -0.7770454     -0.95417456       3.2262794        3.2262794       7.9605714                  7.9605714
              1       6.8797462     -0.95740825     -0.77003025     -0.86599725       3.2262794        3.2262794       7.3069336                  7.3069336
              3       7.1438682     -0.95692786     -0.75580087     -0.88855085       3.2262794        3.2262794       7.8351776                  7.8351776
              1       6.8759623     -0.98581569     -0.76885812     -0.91021497       3.2262794        3.2262794       7.2993658                  7.2993658
              3       7.0881217     -0.97060975     -0.76870248     -0.83160582       3.2262794        3.2262794       7.7236845                  7.7236845
             12       7.2109457     -0.98182068     -0.78082274     -0.96098114       3.2262794        3.2262794       7.9693326                  7.9693326
              1       7.9720357      -1.0226019     -0.75912937     -0.98315181       3.2262794        3.2262794       9.4915127                  9.4915127
              1       8.1408617      -1.0157695     -0.75718362      -1.0043035       3.2262794        3.2262794       9.8291646                  9.8291646
              5       8.0960784      -1.0034514     -0.79284163      -1.0184396       3.2262794        3.2262794        9.739598                   9.739598
              2       7.1744235     -0.98082785     -0.78752188     -0.87305375       3.2262794        3.2262794       7.8962882                  7.8962882
              5       6.8761406     -0.97101891     -0.77286269     -0.86078881       3.2262794        3.2262794       7.2997223                  7.2997223
              1        6.823547     -0.97142538     -0.76921734     -0.87007222       3.2262794        3.2262794       7.1945353                  7.1945353
              5       8.3295664      -1.0317338     -0.78551168     -0.99229337       3.2262794        3.2262794       10.206574                  10.206574
              2       8.0779793      -1.0261197     -0.78381253     -0.98946447       3.2262794        3.2262794       9.7033999                  9.7033999
              1       8.3291736      -1.0117203     -0.80240662      -1.0083349       3.2262794        3.2262794       10.205788                  10.205788
              1       7.0505311     -0.96727406     -0.78713064     -0.91902066       3.2262794        3.2262794       7.6485035                  7.6485035
              5       7.1330793     -0.96642701     -0.79341795      -0.8931818       3.2262794        3.2262794       7.8135998                  7.8135998
              3       9.2675206     -0.96606396     -0.70716631     -0.84413022       3.2262794        3.2262794       12.082482                  12.082482
              3        8.807381     -0.98227497      -0.7137264     -0.84842402       3.2262794        3.2262794       11.162203                  11.162203
              1       9.7300634     -0.99499919     -0.70446104     -0.88936646       3.2262794        3.2262794       13.007568                  13.007568
              6       11.576097      -0.9938456     -0.80120177        -1.13367       3.2262794        3.2262794       16.699634                  16.699634
              2       11.577033     -0.99390505     -0.80119503      -1.1337428       3.2262794        3.2262794       16.701507                  16.701507
              2       10.728079      -1.0002197     -0.70439799     -0.96428365       3.2262794        3.2262794         15.0036                    15.0036
              1       10.686939      -1.0219463      -0.7014885     -0.88222617       3.2262794        3.2262794        14.92132                   14.92132
              1       10.353182      -1.0611628     -0.73740006      -0.9850032       3.2262794        3.2262794       14.253806                  14.253806
              2       10.209801      -1.0596476     -0.73849017     -0.98252489       3.2262794        3.2262794       13.967044                  13.967044
              4       13.362067      -1.0464644     -0.74398715      -1.1565798       3.2262794        3.2262794       20.271575                  20.271575
              1       13.315644      -1.0418281     -0.73963639      -1.1482647       3.2262794        3.2262794       20.178728                  20.178728
              1       13.365953      -1.0811792     -0.77638919      -1.1723413       3.2262794        3.2262794       20.279348                  20.279348
              1        12.85598      -1.0749626     -0.77989598      -1.1647048       3.2262794        3.2262794       19.259401                  19.259401
              4       12.737672      -1.0746724     -0.77935598      -1.1609955       3.2262794        3.2262794       19.022785                  19.022785
              1       9.8037833       -1.046513     -0.79761283      -1.0638457       3.2262794        3.2262794       13.155008                  13.155008
              6       9.4949137      -1.0349015      -0.7989059      -1.0662661       3.2262794        3.2262794       12.537269                  12.537269
              2       12.954075      -1.0569079     -0.79944767      -1.1807354       3.2262794        3.2262794       19.455592                  19.455592
              5       8.5330014     -0.99082239      -0.7223448        -0.91492       3.2262794        3.2262794       10.613444                  10.613444
              1       8.9587639      -1.0090978     -0.75196069      -1.0369944       3.2262794        3.2262794       11.464969                  11.464969
              4       8.9474877      -1.0116503     -0.75885824      -1.0474458       3.2262794        3.2262794       11.442417                  11.442417
              2       9.2826862       -1.042632     -0.75678421      -1.0394068       3.2262794        3.2262794       12.112814                  12.112814
              2       9.2245493      -1.0180316     -0.75389425      -1.0512696       3.2262794        3.2262794        11.99654                   11.99654
              3       8.1217893     -0.99910288     -0.74462847     -0.97980371       3.2262794        3.2262794       9.7910199                  9.7910199
              1       7.1798579     -0.98856598     -0.75936666      -0.9440333       3.2262794        3.2262794        7.907157                   7.907157
              1       6.9395498     -0.99058842     -0.77030732     -0.90138507       3.2262794        3.2262794       7.4265409                  7.4265409
              7       6.9047888     -0.97649964     -0.78278199     -0.90432537       3.2262794        3.2262794       7.3570189                  7.3570189
              1       7.2533716     -0.94145126     -0.76820502     -0.81255224       3.2262794        3.2262794       8.0541845                  8.0541845
              3       6.9566124     -0.95701905     -0.77692653     -0.84860999       3.2262794        3.2262794        7.460666                   7.460666
             13       7.4375901     -0.95821619     -0.77540136     -0.79880443       3.2262794        3.2262794       8.4226214                  8.4226214
              4       8.1513852     -0.93762623     -0.79333198     -0.93469865       3.2262794        3.2262794       9.8502117                  9.8502117
              4       7.2982499     -0.95335431     -0.79520829     -0.86722415       3.2262794        3.2262794       8.1439411                  8.1439411
              1       7.4350399     -0.95519306     -0.79860962     -0.85895816       3.2262794        3.2262794       8.4175211                  8.4175211
              1       7.2617216     -0.98302155     -0.79485322     -0.90336774       3.2262794        3.2262794       8.0708844                  8.0708844
              2       7.4177717     -0.98323044     -0.79986846     -0.91534597       3.2262794        3.2262794       8.3829847                  8.3829847
              1       7.6038385      -1.0029094     -0.79238194     -0.97604376       3.2262794        3.2262794       8.7551183                  8.7551183
              3       9.3289631     -0.98824171     -0.82026292      -1.0318541       3.2262794        3.2262794       12.205367                  12.205367
              6        10.05435      -1.0554248     -0.79803057      -1.0450658       3.2262794        3.2262794       13.656141                  13.656141
              5       9.6199482       -1.049266     -0.79845673      -1.0093501       3.2262794        3.2262794       12.787338                  12.787338
              4       9.0491781     -0.97710475     -0.79955334      -1.0427521       3.2262794        3.2262794       11.645797                  11.645797
              3       8.3172314     -0.99720226     -0.75017978      -1.0024218       3.2262794        3.2262794       10.181904                  10.181904
              4       7.3785888     -0.93506564     -0.78100752     -0.83192805       3.2262794        3.2262794       8.3046188                  8.3046188
              1       7.4301347     -0.93555686     -0.78636618     -0.84290213       3.2262794        3.2262794       8.4077105                  8.4077105
              1       7.7747922      -1.0079429     -0.76676645     -0.99873646       3.2262794        3.2262794       9.0970257                  9.0970257
             10       9.0513846     -0.98226349     -0.75453089      -1.0275268       3.2262794        3.2262794        11.65021                   11.65021
              2       8.9035286      -1.0080334     -0.74018803      -1.0096956       3.2262794        3.2262794       11.354498                  11.354498
              5       9.0540108       -1.036281     -0.79310063        -1.04319       3.2262794        3.2262794       11.655463                  11.655463
              2       9.6759987      -1.0269291     -0.72285856     -0.97893347       3.2262794        3.2262794       12.899439                  12.899439
              3        7.496959      -1.0007971     -0.75694759     -0.96581541       3.2262794        3.2262794       8.5413593                  8.5413593
              3       9.3041668     -0.99385503     -0.76924693     -0.77028636       3.2262794        3.2262794       12.155775                  12.155775
              8       8.0859466     -0.99623536      -0.7645839      -0.8173072       3.2262794        3.2262794       9.7193344                  9.7193344
             14        7.205713     -0.97696722     -0.78643667     -0.85839296       3.2262794        3.2262794       7.9588672                  7.9588672
              5       7.2647478     -0.97614387      -0.7877666     -0.85488801       3.2262794        3.2262794       8.0769368                  8.0769368
              4        7.212085     -0.97763448     -0.79511832     -0.90183686       3.2262794        3.2262794       7.9716112                  7.9716112
              5       6.8500944     -0.97353034     -0.77861161      -0.9034791       3.2262794        3.2262794         7.24763                    7.24763
              1       7.2759882     -0.99818173     -0.78697858      -0.9499641       3.2262794        3.2262794       8.0994176                  8.0994176
              1       8.0883783     -0.98048465     -0.81269263     -0.96118318       3.2262794        3.2262794       9.7241977                  9.7241977
              2       8.1068897     -0.98034949     -0.81457693     -0.94531855       3.2262794        3.2262794       9.7612206                  9.7612206
              2       7.3292757      -1.0032234     -0.76391536     -0.95994294       3.2262794        3.2262794       8.2059926                  8.2059926
              3       7.2831022      -1.0015682     -0.76378647     -0.95638274       3.2262794        3.2262794       8.1136456                  8.1136456
              4       7.5231074     -0.94488796     -0.78401649     -0.80081123       3.2262794        3.2262794       8.5936561                  8.5936561
              7       9.4205121     -0.91147939     -0.75582683     -0.68864036       3.2262794        3.2262794       12.388465                  12.388465
              2       9.6682058     -0.92717466      -0.8181428     -0.76488148       3.2262794        3.2262794       12.883853                  12.883853
              1       10.696017     -0.92756303     -0.80495145     -0.69103511       3.2262794        3.2262794       14.939474                  14.939474
              1       12.413967      -1.0087027     -0.81986271     -0.79638894       3.2262794        3.2262794       18.375376                  18.375376
              1       12.528041      -1.0082187     -0.81948756     -0.79154223       3.2262794        3.2262794       18.603524                  18.603524
              2       13.285992      -1.0398488     -0.69561855     -0.81009877       3.2262794        3.2262794       20.119425                  20.119425
              3       11.165997      -1.0328888     -0.71629964     -0.82249328       3.2262794        3.2262794       15.879435                  15.879435
              7       7.5877661       -1.014452     -0.75955946      -0.9579368       3.2262794        3.2262794       8.7229734                  8.7229734
              2       7.7741687      -1.0137436     -0.74776586     -0.94073076       3.2262794        3.2262794       9.0957786                  9.0957786
              4       8.5637478     -0.91781298     -0.77852869     -0.73795112       3.2262794        3.2262794       10.674937                  10.674937
              1       7.6149839     -0.97632511     -0.80226204     -0.87630749       3.2262794        3.2262794       8.7774091                  8.7774091
              1       7.7588293     -0.96276454     -0.80936695      -0.9067737       3.2262794        3.2262794       9.0650998                  9.0650998
              8       7.0287019     -0.95566018     -0.78190615      -0.8961503       3.2262794        3.2262794       7.6048449                  7.6048449
              4       7.0058965     -0.95964295     -0.78493653     -0.89691881       3.2262794        3.2262794       7.5592341                  7.5592341
              2       7.9855508       -0.962437     -0.79315133     -0.80056998       3.2262794        3.2262794       9.5185428                  9.5185428
              2        8.831196     -0.94445305     -0.81347159     -0.79767614       3.2262794        3.2262794       11.209833                  11.209833
              4       8.5413659     -0.96166821     -0.82177839      -0.9374813       3.2262794        3.2262794       10.630173                  10.630173
              3       7.1163916     -0.99151286     -0.75572091     -0.88052523       3.2262794        3.2262794       7.7802245                  7.7802245
              6       7.5991652     -0.99797147     -0.75095571     -0.96072031       3.2262794        3.2262794       8.7457715                  8.7457715
              3       7.4573838     -0.99220567     -0.75245478     -0.95348304       3.2262794        3.2262794       8.4622089                  8.4622089
              5       7.7698998     -0.92273081     -0.77795115     -0.80644476       3.2262794        3.2262794       9.0872409                  9.0872409
              1       9.2567401      -1.0255103     -0.80373852      -1.0557664       3.2262794        3.2262794       12.060921                  12.060921
             11       9.5339698      -1.0232101      -0.7863295      -1.0865243       3.2262794        3.2262794       12.615381                  12.615381
              3       13.343381     -0.93143593     -0.83052087      -1.0721782       3.2262794        3.2262794       20.234203                  20.234203
              4       12.606056     -0.86860296     -0.81534922     -0.86263078       3.2262794        3.2262794       18.759554                  18.759554
              4       11.725769     -0.92083782     -0.85362026     -0.86021391       3.2262794        3.2262794       16.998979                  16.998979
              3       9.1771723     -0.93809183     -0.71399735     -0.78527558       3.2262794        3.2262794       11.901786                  11.901786
              2       8.6857689     -0.95981497     -0.71856364     -0.78725122       3.2262794        3.2262794       10.918979                  10.918979
              1       10.223058      -1.0061336     -0.70587045      -0.9420615       3.2262794        3.2262794       13.993558                  13.993558
              7        9.500965     -0.99493181     -0.72534508     -0.98929553       3.2262794        3.2262794       12.549371                  12.549371
              3       10.354178     -0.95698599      -0.7069994     -0.91500046       3.2262794        3.2262794       14.255797                  14.255797
              3       9.5805154     -0.92970195     -0.75797959     -0.95991407       3.2262794        3.2262794       12.708472                  12.708472
              2       8.9560372     -0.93154869     -0.75888342     -0.94175141       3.2262794        3.2262794       11.459516                  11.459516
              4       9.7455291      -1.0117354     -0.73105276       -1.021735       3.2262794        3.2262794       13.038499                  13.038499
              4       9.1534282     -0.95953977     -0.73079589     -0.95129979       3.2262794        3.2262794       11.854298                  11.854298
              4        10.35064      -1.0222387     -0.79046839      -1.1146828       3.2262794        3.2262794       14.248722                  14.248722
              1       10.244928      -1.0268924     -0.79190387      -1.1105617       3.2262794        3.2262794       14.037298                  14.037298
              3       9.0473247      -1.0158815     -0.78481077      -1.0684062       3.2262794        3.2262794       11.642091                  11.642091
              2       8.4256916      -1.0125645     -0.74128772     -0.98545714       3.2262794        3.2262794       10.398824                  10.398824
              1        7.549229      -1.0108536      -0.7823474     -0.97417359       3.2262794        3.2262794       8.6458993                  8.6458993
              5       6.9603974      -0.9608477     -0.77436225     -0.84232972       3.2262794        3.2262794        7.468236                   7.468236
              3       6.9367667     -0.97552416     -0.77745081     -0.86574233       3.2262794        3.2262794       7.4209746                  7.4209746
              6       6.9923143     -0.97691453     -0.77981581     -0.86568948       3.2262794        3.2262794       7.5320699                  7.5320699
              2       6.9837258     -0.96556266     -0.78293942     -0.86007661       3.2262794        3.2262794       7.5148928                  7.5148928
              5       7.0645234     -0.96625462     -0.75607272     -0.90165385       3.2262794        3.2262794        7.676488                   7.676488
              1       7.0888089     -0.98342732     -0.75320514     -0.86498166       3.2262794        3.2262794        7.725059                   7.725059
              1       6.9680986     -0.98071651     -0.77592281      -0.8690935       3.2262794        3.2262794       7.4836385                  7.4836385
              1       6.8819778     -0.96599742     -0.77557539     -0.85944933       3.2262794        3.2262794       7.3113969                  7.3113969
              6        7.372338     -0.96516999     -0.74514516     -0.81957651       3.2262794        3.2262794       8.2921173                  8.2921173
              1       6.9849807     -0.98952522     -0.77865516     -0.93067447       3.2262794        3.2262794       7.5174027                  7.5174027
              8       7.0621275     -0.99493684     -0.77993225     -0.92463447       3.2262794        3.2262794       7.6716961                  7.6716961
              4        7.144118     -0.94643089     -0.78188008     -0.87754211       3.2262794        3.2262794       7.8356772                  7.8356772
              3       7.8768045     -0.94883265     -0.79417368     -0.94602937       3.2262794        3.2262794       9.3010502                  9.3010502
              9       7.8422016     -0.92255009      -0.7762887     -0.85472048       3.2262794        3.2262794       9.2318444                  9.2318444
              2       8.1205461     -0.92928226     -0.80229929     -0.82037505       3.2262794        3.2262794       9.7885334                  9.7885334
              1       8.0496814     -0.98042827     -0.77992179      -1.0100749       3.2262794        3.2262794        9.646804                   9.646804
              2       8.0398971     -0.98634923     -0.73359333     -0.93236671       3.2262794        3.2262794       9.6272355                  9.6272355
              1         8.00503      -1.0092533     -0.79842203     -0.92279618       3.2262794        3.2262794       9.5575011                  9.5575011
              3       7.8964334     -0.97430633     -0.81173454     -0.90768223       3.2262794        3.2262794        9.340308                   9.340308
              3       7.0024657     -0.95072663     -0.77763626     -0.87155972       3.2262794        3.2262794       7.5523727                  7.5523727
              9       6.8512678     -0.96895364     -0.76899254     -0.90231307       3.2262794        3.2262794       7.2499767                  7.2499767
              4       7.7633289     -0.98553828     -0.74979164     -0.81267716       3.2262794        3.2262794        9.074099                   9.074099
              8       7.8541907     -0.93169701      -0.7802455     -0.77534581       3.2262794        3.2262794       9.2558227                  9.2558227
              5       7.2103082     -0.96479142     -0.79071068     -0.85454128       3.2262794        3.2262794       7.9680575                  7.9680575
              7        7.201005     -0.94462842     -0.75979504     -0.82187436       3.2262794        3.2262794       7.9494511                  7.9494511
              2        7.689333      -1.0174434     -0.77758281     -0.97916624       3.2262794        3.2262794       8.9261072                  8.9261072
              1       7.8176048      -0.9747349     -0.74976429      -0.9583685       3.2262794        3.2262794       9.1826509                  9.1826509
             10        7.765317     -0.97183274     -0.73208447     -0.88035344       3.2262794        3.2262794       9.0780751                  9.0780751
              1       7.8301315      -0.9221071     -0.76454515     -0.79088756       3.2262794        3.2262794       9.2077042                  9.2077042
              5       8.1904877     -0.92389354     -0.75740672     -0.74877729       3.2262794        3.2262794       9.9284167                  9.9284167
              1       8.8613781     -0.92257228     -0.73579671     -0.73169729       3.2262794        3.2262794       11.270197                  11.270197
              1       8.8283883     -0.91707728     -0.73620935     -0.74850412       3.2262794        3.2262794       11.204218                  11.204218
              1       7.8295845     -0.98559447     -0.73192123     -0.89678958       3.2262794        3.2262794       9.2066101                  9.2066101
              1       7.6635936     -0.99047154     -0.74643154      -0.8333814       3.2262794        3.2262794       8.8746284                  8.8746284
              3       8.6772993      -1.0001869     -0.73024355     -0.81960151       3.2262794        3.2262794        10.90204                   10.90204
              1       8.7851231     -0.95832789     -0.72738875     -0.74938133       3.2262794        3.2262794       11.117687                  11.117687
              1        7.839861     -0.93872543     -0.80295114     -0.88258815       3.2262794        3.2262794       9.2271632                  9.2271632
              5       7.1501458     -0.98358871     -0.78829892     -0.88650518       3.2262794        3.2262794       7.8477328                  7.8477328
              5       7.0685816     -0.99788299     -0.76439728     -0.92063877       3.2262794        3.2262794       7.6846044                  7.6846044
              9       7.2557452     -0.96481358      -0.7440452     -0.86152837       3.2262794        3.2262794       8.0589316                  8.0589316
              2       7.9732672     -0.95720635     -0.79841053     -0.96501062       3.2262794        3.2262794       9.4939757                  9.4939757
              4       8.5188192     -0.94610027     -0.80789267     -0.95851011       3.2262794        3.2262794        10.58508                   10.58508
              6       8.0283584      -1.0165173     -0.79403677     -0.93661961       3.2262794        3.2262794        9.604158                   9.604158
              5       7.1627272     -0.98927158     -0.76743068     -0.95539965       3.2262794        3.2262794       7.8728956                  7.8728956
              8       8.2074022      -1.0244531     -0.75661346     -0.99651779       3.2262794        3.2262794       9.9622457                  9.9622457
              4       9.1868191      -1.0106937     -0.80488306     -0.86948224       3.2262794        3.2262794       11.921079                  11.921079
              2       9.5919715      -1.0309187     -0.74927024     -0.84375091       3.2262794        3.2262794       12.731384                  12.731384
              5       8.4198253     -0.97081203      -0.7380385     -0.76521946       3.2262794        3.2262794       10.387092                  10.387092
              1       7.7091502     -0.97175145     -0.73267627     -0.83918165       3.2262794        3.2262794       8.9657416                  8.9657416
              5       7.5069841     -0.99249139     -0.74085996     -0.87735447       3.2262794        3.2262794       8.5614095                  8.5614095
              2        7.534487     -0.99786216      -0.7564086     -0.85239552       3.2262794        3.2262794       8.6164151                  8.6164151
              2       7.6331908     -0.95461292     -0.74035029     -0.80168814       3.2262794        3.2262794       8.8138229                  8.8138229
              5       7.9068647     -0.94457295     -0.74843521      -0.7625243       3.2262794        3.2262794       9.3611707                  9.3611707
              2       7.6201686     -0.92922514     -0.76410588     -0.79300793       3.2262794        3.2262794       8.7877784                  8.7877784
              4       7.6500143      -0.9285182     -0.76121906     -0.79439436       3.2262794        3.2262794       8.8474697                  8.8474697
              2       7.6849725     -0.92526536     -0.76551257     -0.80091668       3.2262794        3.2262794       8.9173862                  8.9173862
              4        8.728282     -0.96692917     -0.72535664      -0.7655448       3.2262794        3.2262794       11.004005                  11.004005
              1       8.7872754     -0.99711136      -0.7426644     -0.79132773       3.2262794        3.2262794       11.121992                  11.121992
              1       9.7422738      -1.0308108     -0.72325611     -0.87524988       3.2262794        3.2262794       13.031989                  13.031989
              1       9.6318021      -1.0231493     -0.72178226     -0.85542036       3.2262794        3.2262794       12.811045                  12.811045
              5       7.6559163     -0.97662823     -0.80582643     -0.89671796       3.2262794        3.2262794       8.8592739                  8.8592739
              2        7.256818     -0.98636065     -0.79378836     -0.93675257       3.2262794        3.2262794       8.0610772                  8.0610772
             13       7.4783549     -0.96708577     -0.74964638     -0.80293582       3.2262794        3.2262794       8.5041509                  8.5041509
              8       7.4086591     -0.96647347     -0.75615977      -0.8020116       3.2262794        3.2262794       8.3647594                  8.3647594
              6       8.2594566     -0.99547536     -0.80264372     -0.87079089       3.2262794        3.2262794       10.066354                  10.066354
              5       7.6711283     -0.99098737     -0.79137863     -0.86413063       3.2262794        3.2262794       8.8896979                  8.8896979
             12       7.7333598     -0.98804707     -0.79676493      -0.8686125       3.2262794        3.2262794       9.0141607                  9.0141607
              2       7.9369697     -0.97661761     -0.80171028     -0.84668303       3.2262794        3.2262794       9.4213805                  9.4213805
              4       7.3419532     -0.96869098     -0.79716968       -0.871117       3.2262794        3.2262794       8.2313476                  8.2313476
              2       7.4886532      -0.9711927     -0.78688908     -0.96818802       3.2262794        3.2262794       8.5247476                  8.5247476
              3       7.0765097      -0.9683747     -0.79112824     -0.90665193       3.2262794        3.2262794       7.7004606                  7.7004606
              2       7.4298391      -1.0027603     -0.78755973     -0.96546172       3.2262794        3.2262794       8.4071194                  8.4071194
              1       8.7041937     -0.99882473     -0.80601142      -1.0341839       3.2262794        3.2262794       10.955829                  10.955829
              4       8.1839001      -1.0097638     -0.80288445     -0.99331678       3.2262794        3.2262794       9.9152413                  9.9152413
              1       7.5175535      -1.0019018     -0.79005431     -0.90954621       3.2262794        3.2262794       8.5825481                  8.5825481
              1       8.1476243     -0.98663208      -0.8093531     -0.88428483       3.2262794        3.2262794       9.8426898                  9.8426898
              2       7.9286906     -0.96945161     -0.76356984     -0.77691673       3.2262794        3.2262794       9.4048225                  9.4048225
              2       9.4491079      -1.0331109     -0.74774711     -0.85765799       3.2262794        3.2262794       12.445657                  12.445657
              1       9.1774667     -0.95730169     -0.74756184     -0.71350483       3.2262794        3.2262794       11.902375                  11.902375
              1        10.01546     -0.93240349     -0.71128919     -0.85630849       3.2262794        3.2262794       13.578362                  13.578362
              8        7.759207     -0.93027618     -0.75444966     -0.85146207       3.2262794        3.2262794       9.0658552                  9.0658552
              1       7.7220657      -0.9902294     -0.79309176     -0.99318564       3.2262794        3.2262794       8.9915727                  8.9915727
              2       7.6790905      -1.0069138     -0.79360899       -0.970465       3.2262794        3.2262794       8.9056223                  8.9056223
              4       7.1779598     -0.95583357     -0.76966649     -0.81229093       3.2262794        3.2262794       7.9033609                  7.9033609
              1       7.2965564     -0.95439352     -0.76972785     -0.80178509       3.2262794        3.2262794       8.1405539                  8.1405539
              1       7.6509658      -0.9369356     -0.75715596     -0.77804233       3.2262794        3.2262794       8.8493728                  8.8493728
              1        8.141725     -0.96524935     -0.73270191     -0.78359734       3.2262794        3.2262794       9.8308912                  9.8308912
              5       8.4467744     -0.92764185     -0.73362343     -0.81892604       3.2262794        3.2262794        10.44099                   10.44099
              1       7.7792516     -0.92749615     -0.75235501     -0.80720872       3.2262794        3.2262794       9.1059445                  9.1059445
              1       7.7434005     -0.99219757     -0.74163658     -0.84009784       3.2262794        3.2262794       9.0342422                  9.0342422
              3       8.9180851     -0.97725929     -0.75852394     -0.74850529       3.2262794        3.2262794       11.383611                  11.383611
              2       10.623158      -1.0070279     -0.73691519     -0.75346247       3.2262794        3.2262794       14.793757                  14.793757
             16       8.1876979      -0.9961825     -0.80628272     -0.89292609       3.2262794        3.2262794        9.922837                   9.922837
              8       8.3154937     -0.99192743     -0.81080815     -0.89194119       3.2262794        3.2262794       10.178429                  10.178429
              2        8.458316     -0.93783519     -0.80598054     -0.79342819       3.2262794        3.2262794       10.464073                  10.464073
              2       8.8833694     -0.93431829     -0.81681063     -0.80899234       3.2262794        3.2262794        11.31418                   11.31418
              4        8.373221      -0.9510215     -0.81899538     -0.90023609       3.2262794        3.2262794       10.293883                  10.293883
              1       7.9088321     -0.96240024      -0.8123013     -0.89747209       3.2262794        3.2262794       9.3651054                  9.3651054
              1       7.8029823     -0.96226859     -0.81025175      -0.8983934       3.2262794        3.2262794       9.1534059                  9.1534059
              3       8.9668697     -0.97455374     -0.78170967      -0.7593479       3.2262794        3.2262794       11.481181                  11.481181
              7       9.2016171     -0.98811579     -0.78310904     -0.77627768       3.2262794        3.2262794       11.950675                  11.950675
              2       7.7609129     -0.94204988     -0.77046705     -0.76786243       3.2262794        3.2262794        9.069267                   9.069267
              5       7.8323704     -0.94772333     -0.77389129     -0.76777941       3.2262794        3.2262794        9.212182                   9.212182
              1       8.1422837     -0.94785164      -0.7766114     -0.75491845       3.2262794        3.2262794       9.8320087                  9.8320087
              3       11.281756     -0.88923751     -0.75564445     -0.62825781       3.2262794        3.2262794       16.110952                  16.110952
              1       9.1142575     -0.99159235     -0.79676148       -0.807561       3.2262794        3.2262794       11.775956                  11.775956
              2       10.959417     -0.96617658     -0.83082935     -0.78711019       3.2262794        3.2262794       15.466275                  15.466275
              1       12.679757      -1.0097367     -0.81285683     -0.77684303       3.2262794        3.2262794       18.906956                  18.906956
              1       13.341753      -1.0182324     -0.82222204      -0.8011346       3.2262794        3.2262794       20.230947                  20.230947
              1       10.125587     -0.89730699     -0.76226586     -0.66904405       3.2262794        3.2262794       13.798616                  13.798616
              3       8.9011947     -0.93354073     -0.72966473     -0.73239226       3.2262794        3.2262794       11.349831                  11.349831
              3       9.2101682     -0.98224724     -0.75702965     -0.74667061       3.2262794        3.2262794       11.967778                  11.967778
              3       8.8997374     -0.98328116     -0.75833919     -0.75882855       3.2262794        3.2262794       11.346916                  11.346916
              2       7.9335373      -1.0019251     -0.74513397     -0.84565577       3.2262794        3.2262794       9.4145157                  9.4145157
              2       7.6207491      -1.0064031     -0.76165993     -0.87042951       3.2262794        3.2262794       8.7889395                  8.7889395
              3       7.9503635      -1.0028558     -0.76401833     -0.83951278       3.2262794        3.2262794       9.4481682                  9.4481682
              2        8.134174      -1.0175998     -0.79351105     -0.92607042       3.2262794        3.2262794       9.8157893                  9.8157893
              1        8.661875         -1.0337     -0.79151084     -0.95408163       3.2262794        3.2262794       10.871191                  10.871191
              9        8.766938       -1.034789     -0.79030904     -0.94357372       3.2262794        3.2262794       11.081317                  11.081317
              4       8.7182457      -1.0256605      -0.7726217     -0.87351753       3.2262794        3.2262794       10.983933                  10.983933
              6       8.3102599     -0.94663048     -0.81315848     -0.92711024       3.2262794        3.2262794       10.167961                  10.167961
              8       9.0923444      -1.0454806     -0.74785952     -0.95048679       3.2262794        3.2262794        11.73213                   11.73213
              4        9.903365      -1.0417416     -0.77423616      -1.0894279       3.2262794        3.2262794       13.354171                  13.354171
              1       10.507021      -1.0290273     -0.73950832       -1.069793       3.2262794        3.2262794       14.561484                  14.561484
              3       9.0489798      -1.0053751     -0.74349684      -1.0233684       3.2262794        3.2262794       11.645401                  11.645401
              1       9.2256802      -1.0038392     -0.73660802      -1.0138974       3.2262794        3.2262794       11.998802                  11.998802
              2       8.4472186      -1.0174521      -0.7437061     -0.86236167       3.2262794        3.2262794       10.441878                  10.441878
              1       7.9790659      -1.0161238     -0.74887993     -0.88743215       3.2262794        3.2262794       9.5055731                  9.5055731
              3       9.2666422     -0.90457146     -0.75495079     -0.70690452       3.2262794        3.2262794       12.080726                  12.080726
              1       8.2508434     -0.92118306     -0.79002171     -0.77620048       3.2262794        3.2262794       10.049128                  10.049128
              2       7.9996101     -0.91939549     -0.78797488     -0.83510858       3.2262794        3.2262794       9.5466614                  9.5466614
              2       7.8744924     -0.92141845     -0.78518158     -0.83560588       3.2262794        3.2262794        9.296426                   9.296426
              1       8.7271701     -0.97097093     -0.78769683      -1.0275422       3.2262794        3.2262794       11.001781                  11.001781
              4       8.5942572      -0.9723105     -0.77648884       -1.021811       3.2262794        3.2262794       10.735956                  10.735956
              2       7.8072272     -0.94519245     -0.78472259     -0.93894048       3.2262794        3.2262794       9.1618956                  9.1618956
              6       6.9942018     -0.96009278     -0.76644016     -0.90243167       3.2262794        3.2262794       7.5358448                  7.5358448
              1       7.7519667      -0.9575734     -0.80414457     -0.93489975       3.2262794        3.2262794       9.0513747                  9.0513747
              2        9.560544     -0.93922395     -0.79596426      -1.0015408       3.2262794        3.2262794       12.668529                  12.668529
              1       10.143868     -0.99746978     -0.74299939       -1.056218       3.2262794        3.2262794       13.835177                  13.835177
              3       7.7912715      -1.0112787     -0.74412692     -0.92759294       3.2262794        3.2262794       9.1299842                  9.1299842
              1       7.3236474     -0.99883212     -0.77276315     -0.97224831       3.2262794        3.2262794        8.194736                   8.194736
              5       9.8098061     -0.94605568     -0.73813507     -0.96941803       3.2262794        3.2262794       13.167053                  13.167053
              1       7.6378106     -0.96006384     -0.73503229     -0.85185945       3.2262794        3.2262794       8.8230624                  8.8230624
              5       9.5651587     -0.92973046     -0.71162589     -0.78337321       3.2262794        3.2262794       12.677759                  12.677759
              2       7.4650186     -0.93599331     -0.75452652     -0.82593147       3.2262794        3.2262794       8.4774784                  8.4774784
              1       7.2017425     -0.94942368     -0.75306382     -0.83188539       3.2262794        3.2262794       7.9509262                  7.9509262
              3       7.0502624     -0.94785166     -0.77846147     -0.85658178       3.2262794        3.2262794        7.647966                   7.647966
              2       7.7386131     -0.99351749     -0.78430629      -1.0026588       3.2262794        3.2262794       9.0246675                  9.0246675
              2        7.886562      -0.9917334      -0.7928431       -1.004959       3.2262794        3.2262794       9.3205651                  9.3205651
              1       7.8403253      -0.9939491     -0.79259939        -1.00273       3.2262794        3.2262794       9.2280919                  9.2280919
              3       8.2562968     -0.97972284     -0.81421346     -0.97259403       3.2262794        3.2262794       10.060035                  10.060035
              8       7.6055193     -0.95160325     -0.80107963     -0.91263215       3.2262794        3.2262794       8.7584797                  8.7584797
              1       9.1857307     -0.91070598     -0.74934439      -0.7055735       3.2262794        3.2262794       11.918903                  11.918903
              2       9.0178948     -0.91359434     -0.74054832     -0.72541236       3.2262794        3.2262794       11.583231                  11.583231
              1       9.1792626     -0.93645578     -0.72706488     -0.72016374       3.2262794        3.2262794       11.905966                  11.905966
              5       9.0733424     -0.93784964     -0.72843056     -0.72318201       3.2262794        3.2262794       11.694126                  11.694126
              7        8.859261     -0.93927957     -0.73100375     -0.73024311       3.2262794        3.2262794       11.265963                  11.265963
              5       7.4523774      -1.0095571     -0.75521638     -0.92350071       3.2262794        3.2262794        8.452196                   8.452196
              7       8.1975431      -1.0182593      -0.7561769      -1.0039359       3.2262794        3.2262794       9.9425274                  9.9425274
              3       8.3458635      -1.0218778     -0.76201407        -1.01956       3.2262794        3.2262794       10.239168                  10.239168
              2       7.3253063     -0.97170874     -0.74408468     -0.83586401       3.2262794        3.2262794       8.1980539                  8.1980539
              1        7.522152     -0.95102563     -0.74280397     -0.81012296       3.2262794        3.2262794       8.5917452                  8.5917452
              4       7.4868797     -0.95251338     -0.77229153     -0.93386785       3.2262794        3.2262794       8.5212006                  8.5212006
              2       8.0398256      -0.9368654     -0.73958802     -0.85519282       3.2262794        3.2262794       9.6270924                  9.6270924
              3       7.4790801     -0.97434641     -0.74002174     -0.83451031       3.2262794        3.2262794       8.5056014                  8.5056014
              7       7.0426757     -0.96297259     -0.78417593      -0.9156954       3.2262794        3.2262794       7.6327925                  7.6327925
             11       6.9907806     -0.96651101     -0.75757612     -0.89580683       3.2262794        3.2262794       7.5290023                  7.5290023
              3       9.6038567     -0.93305099     -0.76440387     -0.68232899       3.2262794        3.2262794       12.755155                  12.755155
              2       8.3262502     -0.93706303     -0.78045282     -0.74595724       3.2262794        3.2262794       10.199942                  10.199942
              2       7.1650946     -0.98202662     -0.77361881     -0.84805141       3.2262794        3.2262794       7.8776304                  7.8776304
              8       9.0008132      -1.0138202     -0.73872482     -0.82599966       3.2262794        3.2262794       11.549068                  11.549068
              1       8.1004059      -1.0146493     -0.77588063     -0.87478947       3.2262794        3.2262794       9.7482531                  9.7482531
              1       8.0605402      -1.0162956     -0.77482562     -0.88153764       3.2262794        3.2262794       9.6685216                  9.6685216
              1       8.3589634     -0.96436518     -0.72937379      -0.7760198       3.2262794        3.2262794       10.265368                  10.265368
              7       7.6548458     -0.94138905     -0.74476563     -0.79775306       3.2262794        3.2262794       8.8571328                  8.8571328
              1       7.3034815     -0.99565851     -0.74888896     -0.88850668       3.2262794        3.2262794       8.1544042                  8.1544042
              3       7.4964779     -0.99437832     -0.74408132     -0.92489291       3.2262794        3.2262794       8.5403971                  8.5403971
              2        7.829371     -0.96207441     -0.78520466     -0.97537458       3.2262794        3.2262794       9.2061833                  9.2061833
              1       9.3305812      -0.9850088     -0.83127367     -0.96921998       3.2262794        3.2262794       12.208604                  12.208604
              4       10.718063       -1.042875     -0.77342145     -0.84999831       3.2262794        3.2262794       14.983568                  14.983568
              3       10.747695      -1.0355335     -0.76779529     -0.82330497       3.2262794        3.2262794       15.042831                  15.042831
              2       10.733362      -1.0373586      -0.7678207     -0.82878331       3.2262794        3.2262794       15.014166                  15.014166
              1       9.3185709      -1.0508777     -0.75617347     -0.94465442       3.2262794        3.2262794       12.184583                  12.184583
              2       8.9213918      -1.0440321     -0.75657066     -0.93837685       3.2262794        3.2262794       11.390225                  11.390225
              6       10.176667     -0.96474135     -0.75764838      -1.0443455       3.2262794        3.2262794       13.900776                  13.900776
              2       8.6572486     -0.96880546     -0.71678032     -0.87000312       3.2262794        3.2262794       10.861938                  10.861938
              4       10.617798     -0.98145758     -0.69247454     -0.80611026       3.2262794        3.2262794       14.783038                  14.783038
              6       10.487622     -0.98127191     -0.69331587     -0.81551254       3.2262794        3.2262794       14.522684                  14.522684
              3       10.044898     -0.95668759     -0.70804919     -0.73002084       3.2262794        3.2262794       13.637238                  13.637238
              1       11.239765     -0.94824955     -0.69744767     -0.69747409       3.2262794        3.2262794       16.026972                  16.026972
              4        10.98045     -0.93804781     -0.69646461     -0.71328983       3.2262794        3.2262794       15.508342                  15.508342
              2       7.9456789     -0.92462418     -0.79422174     -0.84832861       3.2262794        3.2262794        9.438799                   9.438799
              4       7.6920787     -0.97349582     -0.78747413     -0.98350033       3.2262794        3.2262794       8.9315986                  8.9315986
              1       8.3884889      -0.9312755     -0.73600765     -0.84966814       3.2262794        3.2262794       10.324419                  10.324419
              4       8.6407274     -0.97502146     -0.72948993     -0.77255397       3.2262794        3.2262794       10.828896                  10.828896
              3       8.6583761      -1.0422801     -0.77201269     -0.96318488       3.2262794        3.2262794       10.864193                  10.864193
              2       8.6076326      -1.0415182      -0.7716941     -0.96474307       3.2262794        3.2262794       10.762706                  10.762706
              6       8.4728513     -0.99346617     -0.81082461     -0.88359275       3.2262794        3.2262794       10.493144                  10.493144
              3       7.9839952     -0.95128256     -0.78124707     -0.96311271       3.2262794        3.2262794       9.5154317                  9.5154317
              9       6.9138646     -0.97232466     -0.75915609     -0.89644236       3.2262794        3.2262794       7.3751704                  7.3751704
              7       7.1098179     -0.98928958     -0.78687635     -0.91035121       3.2262794        3.2262794       7.7670771                  7.7670771
              5       7.1013501     -0.98903537     -0.78663119     -0.90970572       3.2262794        3.2262794       7.7501414                  7.7501414
              4       7.0336557     -0.99276666     -0.77944988     -0.90995825       3.2262794        3.2262794       7.6147527                  7.6147527
              8       7.0506194     -0.98978699     -0.78408272     -0.92733726       3.2262794        3.2262794       7.6486801                  7.6486801
              3       7.2067545     -0.97427388     -0.78669911     -0.94930016       3.2262794        3.2262794       7.9609502                  7.9609502
              1       8.5280637     -0.99179022     -0.81888782     -0.96289001       3.2262794        3.2262794       10.603569                  10.603569
              2        8.453637      -1.0179608       -0.799795     -0.92335311       3.2262794        3.2262794       10.454715                  10.454715
              1       8.3942233      -1.0068012     -0.80924955     -0.93223894       3.2262794        3.2262794       10.335888                  10.335888
              2       7.2504969     -0.95809923     -0.75382593     -0.89863775       3.2262794        3.2262794       8.0484349                  8.0484349
              1         7.24046     -0.95727397     -0.75379773     -0.89527449       3.2262794        3.2262794       8.0283612                  8.0283612
              4       7.1881649      -0.9589912     -0.75446825     -0.89573981       3.2262794        3.2262794       7.9237709                  7.9237709
             12       7.1870066     -0.99882337     -0.76124862     -0.88947931       3.2262794        3.2262794       7.9214543                  7.9214543
              2        7.311689     -0.98776425      -0.7687664     -0.84461812       3.2262794        3.2262794       8.1708192                  8.1708192
              5       7.1239001     -0.97273341     -0.76382337     -0.82992172       3.2262794        3.2262794       7.7952415                  7.7952415
              4         7.54327     -0.98217431     -0.77505902     -0.98430192       3.2262794        3.2262794       8.6339811                  8.6339811
              6       7.5179189     -0.95995735     -0.78274172     -0.95390455       3.2262794        3.2262794        8.583279                   8.583279
              4       6.8045741     -0.97522182     -0.77077059     -0.89451423       3.2262794        3.2262794       7.1565894                  7.1565894
              3       9.2416376     -0.90110923     -0.75483076     -0.71811268       3.2262794        3.2262794       12.030716                  12.030716
              6       11.275299     -0.87529706     -0.74027487     -0.67679508       3.2262794        3.2262794       16.098039                  16.098039
              6       12.135123       -0.869418     -0.74081332     -0.63585843       3.2262794        3.2262794       17.817687                  17.817687
              2       11.082797     -0.99554021     -0.77715543     -0.73279107       3.2262794        3.2262794       15.713035                  15.713035
              2       9.2478637      -1.0271651     -0.75536477     -0.84578291       3.2262794        3.2262794       12.043169                  12.043169
              1       9.9801625      -1.0157438     -0.79167738     -0.82346425       3.2262794        3.2262794       13.507766                  13.507766
              3        7.892093      -0.9962881     -0.80482889     -0.91900231       3.2262794        3.2262794       9.3316273                  9.3316273
              2       9.3885672     -0.97446858     -0.82590984      -1.0076737       3.2262794        3.2262794       12.324576                  12.324576
              6       10.107075       -1.003866     -0.83213009      -1.0301503       3.2262794        3.2262794       13.761591                  13.761591
              1       10.137119      -1.0049794     -0.83088461      -1.0386826       3.2262794        3.2262794       13.821679                  13.821679
             10       7.2364527     -0.94180714       -0.769387      -0.8739272       3.2262794        3.2262794       8.0203465                  8.0203465
              3       10.087256      -1.0357485       -0.724346     -0.99963235       3.2262794        3.2262794       13.721953                  13.721953
              3       7.6006654     -0.96710971     -0.73654655     -0.88143934       3.2262794        3.2262794        8.748772                   8.748772
              1       6.9568795     -0.95934227     -0.75830342     -0.85779952       3.2262794        3.2262794       7.4612002                  7.4612002
              5       6.8737742     -0.97235819      -0.7597803     -0.87320327       3.2262794        3.2262794       7.2949897                  7.2949897
              7       7.3249582      -0.9510426     -0.75423412     -0.80339805       3.2262794        3.2262794       8.1973576                  8.1973576
              1       7.8126264     -0.99413846     -0.73389318     -0.87513864       3.2262794        3.2262794        9.172694                   9.172694
              2       9.5441883     -0.99669707      -0.7201047     -0.78690498       3.2262794        3.2262794       12.635818                  12.635818
              1       9.2100548      -0.9841049     -0.82113092      -1.0204044       3.2262794        3.2262794       11.967551                  11.967551
              3       9.3882309     -0.99184344     -0.81666195      -1.0456258       3.2262794        3.2262794       12.323903                  12.323903
              3       6.9642036     -0.98059358     -0.75696846     -0.90370061       3.2262794        3.2262794       7.4758484                  7.4758484
              1       7.7883207      -0.9372038     -0.79503343     -0.90164655       3.2262794        3.2262794       9.1240827                  9.1240827
              1       7.7787879     -0.93858676     -0.79364264     -0.90893231       3.2262794        3.2262794        9.105017                   9.105017
              1       7.0105643     -0.98038468     -0.78659499     -0.92184467       3.2262794        3.2262794       7.5685697                  7.5685697
              5       6.9481753     -0.97907439     -0.78408522     -0.91570489       3.2262794        3.2262794       7.4437917                  7.4437917
              5       7.1537609     -0.98282032      -0.7810417     -0.95604913       3.2262794        3.2262794        7.854963                   7.854963
              4       8.5584905     -0.97196989     -0.72762135     -0.93001387       3.2262794        3.2262794       10.664422                  10.664422
              1       8.5857681     -0.97197643     -0.72769447     -0.93195855       3.2262794        3.2262794       10.718977                  10.718977
             10       7.7120758      -1.0042956     -0.77842038       -1.001829       3.2262794        3.2262794       8.9715929                  8.9715929
              4       8.9682291       -0.998392     -0.77826435      -1.0598521       3.2262794        3.2262794       11.483899                  11.483899
              3       8.7666235     -0.99293609      -0.7814381      -1.0500664       3.2262794        3.2262794       11.080688                  11.080688
              5       8.9660712     -0.99226048     -0.77941764      -1.0562509       3.2262794        3.2262794       11.479584                  11.479584
              2       9.7269378     -0.94377271     -0.81568655     -0.76056678       3.2262794        3.2262794       13.001317                  13.001317
              3       11.217107     -0.93032036       -0.843798     -0.79599593       3.2262794        3.2262794       15.981655                  15.981655
              2       11.142127     -0.93006646     -0.84303414     -0.79609222       3.2262794        3.2262794       15.831696                  15.831696
              2       9.4413887     -0.96710549     -0.83093081     -0.86508416       3.2262794        3.2262794       12.430219                  12.430219
              1       9.1769354     -0.96653685     -0.82593054     -0.85292553       3.2262794        3.2262794       11.901312                  11.901312
              2         7.67939     -0.98761068       -0.792392     -0.99024749       3.2262794        3.2262794       8.9062213                  8.9062213
              1       7.4435872       -1.004791     -0.75101723     -0.90024754       3.2262794        3.2262794       8.4346155                  8.4346155
              2       7.6262294     -0.97876118      -0.7347987     -0.88466184       3.2262794        3.2262794       8.7998999                  8.7998999
              1       8.0592383     -0.95488349     -0.74991243     -0.93951101       3.2262794        3.2262794       9.6659178                  9.6659178
              2       7.6619324        -0.97371     -0.80068544     -0.96320396       3.2262794        3.2262794        8.871306                   8.871306
              5       8.4218597     -0.97882341     -0.79524377      -1.0216425       3.2262794        3.2262794       10.391161                  10.391161
              1       9.4972426     -0.99564172     -0.79769113      -1.0756081       3.2262794        3.2262794       12.541926                  12.541926
              5        9.781797      -1.0263372     -0.71626066     -0.88774098       3.2262794        3.2262794       13.111035                  13.111035
              2       8.4776426     -0.93928587     -0.73839925     -0.73982258       3.2262794        3.2262794       10.502726                  10.502726
              1       8.3493769      -1.0216921     -0.79478618      -1.0129797       3.2262794        3.2262794       10.246195                  10.246195
              1       8.5418157      -1.0066433     -0.81279427     -0.98664547       3.2262794        3.2262794       10.631073                  10.631073
              9       8.0843988     -0.99816667     -0.80910605     -0.96203346       3.2262794        3.2262794       9.7162389                  9.7162389
              2       8.3219975      -1.0236833     -0.74064474      -0.9409105       3.2262794        3.2262794       10.191436                  10.191436
              1       8.6000548      -1.0306231     -0.74177213     -0.96275854       3.2262794        3.2262794       10.747551                  10.747551
              3       9.3552534     -0.97871901     -0.71133555     -0.78754283       3.2262794        3.2262794       12.257948                  12.257948
              1       11.194149     -0.95600199     -0.68861305     -0.74603433       3.2262794        3.2262794       15.935738                  15.935738
              1        10.56611     -0.94644308     -0.69508428     -0.75637049       3.2262794        3.2262794       14.679661                  14.679661
              2        11.84952     -0.97695155     -0.68153718     -0.87146443       3.2262794        3.2262794       17.246481                  17.246481
              2        9.529002     -0.88838168     -0.76475932     -0.76525195       3.2262794        3.2262794       12.605445                  12.605445
              2       9.8058501     -0.91770247     -0.82830401     -0.82585834       3.2262794        3.2262794       13.159141                  13.159141
              3       8.2252202      -1.0137847     -0.80326157      -0.9756705       3.2262794        3.2262794       9.9978817                  9.9978817
              3       8.1925132      -1.0136762     -0.80278234     -0.96892071       3.2262794        3.2262794       9.9324676                  9.9324676
              5       8.2102211     -0.93877686     -0.74749082     -0.74453038       3.2262794        3.2262794       9.9678835                  9.9678835
              7       8.3551711     -0.93079241     -0.75573711     -0.73280722       3.2262794        3.2262794       10.257783                  10.257783
              3       7.3961861      -0.9626123     -0.74373681     -0.81991766       3.2262794        3.2262794       8.3398134                  8.3398134
              1         9.26712     -0.98983761     -0.80659979     -0.82033576       3.2262794        3.2262794       12.081681                  12.081681
              2       10.960302      -0.9242349     -0.80810951      -1.0085182       3.2262794        3.2262794       15.468046                  15.468046
              1       10.190879     -0.93328621     -0.77721499      -1.0062628       3.2262794        3.2262794       13.929199                  13.929199
              1       7.2916919     -0.94871994     -0.78434967      -0.9073266       3.2262794        3.2262794        8.130825                   8.130825
              4       7.3945188     -0.96360268     -0.79201266     -0.94371068       3.2262794        3.2262794       8.3364788                  8.3364788
              2       7.6305429     -0.93923334      -0.7455718     -0.80718121       3.2262794        3.2262794        8.808527                   8.808527
              3       7.7065928     -0.98794975     -0.73901979     -0.83973611       3.2262794        3.2262794       8.9606268                  8.9606268
             11       7.8110429     -0.99295749     -0.73968495     -0.84093169       3.2262794        3.2262794        9.169527                   9.169527
             18       7.3771427      -0.9737198     -0.77712565     -0.82232538       3.2262794        3.2262794       8.3017267                  8.3017267
              3       8.4987259      -1.0162693     -0.80357383      -1.0115273       3.2262794        3.2262794       10.544893                  10.544893
              1       7.2553228       -1.003055     -0.77991245     -0.95109191       3.2262794        3.2262794       8.0580868                  8.0580868
              2        7.109395     -0.99223005     -0.78217349     -0.94611763       3.2262794        3.2262794       7.7662312                  7.7662312
              5       7.8230845     -0.99399751     -0.77568593     -0.83375518       3.2262794        3.2262794       9.1936102                  9.1936102
              2       7.3828984      -1.0109398     -0.77201958     -0.92776779       3.2262794        3.2262794       8.3132381                  8.3132381
              7       6.9809192     -0.98097857     -0.75513439     -0.89613285       3.2262794        3.2262794       7.5092796                  7.5092796
              2       8.3047366     -0.98607641     -0.77382793      -1.0238109       3.2262794        3.2262794       10.156914                  10.156914
              7        7.796127     -0.96403373     -0.77440017     -0.97492656       3.2262794        3.2262794       9.1396953                  9.1396953
              1       8.5916808     -0.95323088     -0.71839141     -0.81157302       3.2262794        3.2262794       10.730803                  10.730803
              2       9.3289944     -0.96202562      -0.7280787       -0.726619       3.2262794        3.2262794        12.20543                   12.20543
              2       8.7106238      -1.0311453     -0.75778951      -0.8865085       3.2262794        3.2262794       10.968689                  10.968689
              1       8.7408622      -1.0151522     -0.75465351     -0.83284427       3.2262794        3.2262794       11.029166                  11.029166
              2       9.2236698      -1.0198813     -0.74129026     -0.83060256       3.2262794        3.2262794       11.994781                  11.994781
              1       6.9767017     -0.96151958     -0.77769489     -0.84563932       3.2262794        3.2262794       7.5008447                  7.5008447
              1       6.8560848       -0.971728       -0.769798     -0.90869161       3.2262794        3.2262794       7.2596107                  7.2596107
              3       11.167889      -1.0059908      -0.6936889     -0.81620402       3.2262794        3.2262794       15.883219                  15.883219
              5       12.406286     -0.94578933     -0.67511205     -0.76859922       3.2262794        3.2262794       18.360013                  18.360013
              1       13.278115     -0.95122548     -0.66673478     -0.77273072       3.2262794        3.2262794        20.10367                   20.10367
              4       13.764872     -0.93314696     -0.66557168     -0.76282898       3.2262794        3.2262794       21.077185                  21.077185
              1       9.3305969     -0.94613423     -0.78790674     -0.72092283       3.2262794        3.2262794       12.208635                  12.208635
              4       8.4932038     -0.99737057     -0.81577585     -0.97888497       3.2262794        3.2262794       10.533849                  10.533849
              1       10.472219      -1.0441438     -0.78187293     -0.87228393       3.2262794        3.2262794       14.491879                  14.491879
              2       10.020493      -1.0385317     -0.72291793     -0.89382454       3.2262794        3.2262794       13.588427                  13.588427
              3       8.8413128     -0.98268806     -0.77020108     -0.76562568       3.2262794        3.2262794       11.230067                  11.230067
              1       7.4510616     -0.95908025     -0.79946341     -0.86098716       3.2262794        3.2262794       8.4495643                  8.4495643
              7       7.4634429      -0.9561335     -0.79883214     -0.85509124       3.2262794        3.2262794        8.474327                   8.474327
              6       7.5924082     -0.95377777      -0.8004649     -0.84632297       3.2262794        3.2262794       8.7322576                  8.7322576
              6       7.8355698      -0.9367219     -0.76691669     -0.76214254       3.2262794        3.2262794       9.2185808                  9.2185808
              5       8.6730478       -1.010117     -0.78048176     -0.83951548       3.2262794        3.2262794       10.893537                  10.893537
              1       8.3766847     -0.96124287      -0.7836303     -0.76516542       3.2262794        3.2262794       10.300811                  10.300811
              3       7.7467128     -0.95684674      -0.7492902     -0.77611359       3.2262794        3.2262794       9.0408668                  9.0408668
              1       7.9387621      -0.9498861     -0.75083783     -0.75959833       3.2262794        3.2262794       9.4249655                  9.4249655
              1       8.2645663     -0.91520755     -0.78519458     -0.77973058       3.2262794        3.2262794       10.076574                  10.076574
              2       10.018638     -0.96254971       -0.827804     -0.80858025       3.2262794        3.2262794       13.584717                  13.584717
              3       8.9160166     -0.94191352     -0.82560977     -0.88359616       3.2262794        3.2262794       11.379474                  11.379474
              1       8.7869173      -1.0010597     -0.81990069     -0.97082641       3.2262794        3.2262794       11.121276                  11.121276
              2       8.2623112      -1.0011694     -0.80750379     -0.90992922       3.2262794        3.2262794       10.072064                  10.072064
              2        8.278325      -1.0080724     -0.80502664     -0.92296386       3.2262794        3.2262794       10.104091                  10.104091
              1       8.3172683     -0.97663515     -0.73595396     -0.78152172       3.2262794        3.2262794       10.181978                  10.181978
              1       8.2247123     -0.97818249     -0.73338171      -0.7938608       3.2262794        3.2262794       9.9968659                  9.9968659
              1       8.1057481      -0.9240334     -0.79626802     -0.86940379       3.2262794        3.2262794       9.7589375                  9.7589375
              2       8.0249383       -0.956909     -0.81116477     -0.93263262       3.2262794        3.2262794       9.5973177                  9.5973177
              7       8.1108758      -1.0106251     -0.79290123      -0.8958948       3.2262794        3.2262794       9.7691928                  9.7691928
              3        7.097127     -0.98831219     -0.78007646     -0.88075214       3.2262794        3.2262794       7.7416953                  7.7416953
              3       7.0218918     -0.95496813     -0.77046426     -0.83034717       3.2262794        3.2262794       7.5912248                  7.5912248
              7       7.0014723      -0.9557699     -0.77255644     -0.83471583       3.2262794        3.2262794       7.5503857                  7.5503857
              3        7.437632     -0.93902293     -0.75769057       -0.798751       3.2262794        3.2262794       8.4227052                  8.4227052
              1       7.3435344     -0.94027312     -0.76094747     -0.80529031       3.2262794        3.2262794       8.2345101                  8.2345101
              1       7.8372042     -0.92369642     -0.76543948     -0.78088144       3.2262794        3.2262794       9.2218495                  9.2218495
              1        8.853693      -0.9329309     -0.77277561     -0.71434016       3.2262794        3.2262794       11.254827                  11.254827
              2       7.4789192     -0.94819015     -0.74484797     -0.81298228       3.2262794        3.2262794       8.5052796                  8.5052796
              2       7.4586287     -0.93535095     -0.77530796      -0.8773005       3.2262794        3.2262794       8.4646987                  8.4646987
              6       8.6204738     -0.91973482     -0.80489216      -0.7969379       3.2262794        3.2262794       10.788389                  10.788389
             10       7.7531524     -0.93162006      -0.7912773     -0.81190795       3.2262794        3.2262794        9.053746                   9.053746
              2       10.763616      -0.9142057     -0.77001626     -0.97212079       3.2262794        3.2262794       15.074673                  15.074673
              4       12.257406     -0.89760757     -0.75361332     -0.95080592       3.2262794        3.2262794       18.062253                  18.062253
              1       10.238563     -0.91918666     -0.74066751     -0.92564419       3.2262794        3.2262794       14.024568                  14.024568
              1       10.114231     -0.89021272     -0.73754896     -0.76640967       3.2262794        3.2262794       13.775903                  13.775903
              1       7.8507427     -0.94118269     -0.73914015     -0.79387735       3.2262794        3.2262794       9.2489266                  9.2489266
              1       7.3334887     -0.93769372     -0.77086983     -0.81019427       3.2262794        3.2262794       8.2144185                  8.2144185
              7       8.9913815     -0.90780886     -0.74860461     -0.72739872       3.2262794        3.2262794       11.530204                  11.530204
              1       8.5756827     -0.93950068     -0.72357373     -0.78910785       3.2262794        3.2262794       10.698807                  10.698807
              1       8.4924718     -0.99364066     -0.79208269      -1.0379909       3.2262794        3.2262794       10.532385                  10.532385
              4       8.0582934     -0.99060428     -0.78833147      -1.0175369       3.2262794        3.2262794       9.6640281                  9.6640281
              3       8.0570435     -0.98944621     -0.74933077     -0.80468026       3.2262794        3.2262794       9.6615282                  9.6615282
              3       8.7599805     -0.99519818     -0.74238252     -0.78860932       3.2262794        3.2262794       11.067402                  11.067402
              3       10.414221     -0.98250409     -0.71121497     -0.74000566       3.2262794        3.2262794       14.375883                  14.375883
              5       8.6977083      -1.0084993     -0.72271028      -0.8876553       3.2262794        3.2262794       10.942858                  10.942858
              7       7.8721434      -1.0078911      -0.7390079     -0.91179577       3.2262794        3.2262794        9.291728                   9.291728
              4       7.9118097     -0.98059676     -0.77770618     -0.80523436       3.2262794        3.2262794       9.3710605                  9.3710605
              1        8.391728      -1.0375775     -0.76621804     -0.96261307       3.2262794        3.2262794       10.330897                  10.330897
              1       8.3920129       -1.037638     -0.76599387     -0.96479205       3.2262794        3.2262794       10.331467                  10.331467
              1       7.0814418     -0.98612768     -0.78784042     -0.92558461       3.2262794        3.2262794       7.7103248                  7.7103248
              2         7.24686     -0.98951699     -0.79234829     -0.93631422       3.2262794        3.2262794       8.0411611                  8.0411611
              3       7.7904037     -0.95777204     -0.74465218     -0.77910467       3.2262794        3.2262794       9.1282487                  9.1282487
              2       7.5226124     -0.96707103     -0.75457952      -0.7957983       3.2262794        3.2262794        8.592666                   8.592666
              4       8.8092483      -1.0027616     -0.76386413     -0.80188786       3.2262794        3.2262794       11.165938                  11.165938
              1       8.6815369      -1.0111448     -0.73914871     -0.99515183       3.2262794        3.2262794       10.910515                  10.910515
              9       8.2211609     -0.99899835     -0.74706824     -0.99150064       3.2262794        3.2262794        9.989763                   9.989763
              1        7.750823       -1.002281     -0.74259063     -0.86919656       3.2262794        3.2262794       9.0490871                  9.0490871
              5       7.5044698     -0.95009594     -0.78075596     -0.79687513       3.2262794        3.2262794       8.5563807                  8.5563807
              1       7.2915812      -0.9590315     -0.77289741     -0.80703223       3.2262794        3.2262794       8.1306037                  8.1306037
             12       6.8883839     -0.96194017     -0.76205692     -0.87266638       3.2262794        3.2262794        7.324209                   7.324209
              9       6.9181581     -0.96278922     -0.75933697      -0.8576193       3.2262794        3.2262794       7.3837573                  7.3837573
              5       7.4787627     -0.95522295     -0.74952859     -0.79500392       3.2262794        3.2262794       8.5049667                  8.5049667
              4       7.5539091     -0.95180367     -0.74898475      -0.7888009       3.2262794        3.2262794       8.6552595                  8.6552595
              4       7.7295513     -0.94476158     -0.75083238     -0.77268892       3.2262794        3.2262794       9.0065438                  9.0065438
              2       7.7237001     -0.92440191     -0.76997113     -0.79570611       3.2262794        3.2262794       8.9948414                  8.9948414
              1       7.4308867     -0.93192439     -0.77316379     -0.81839464       3.2262794        3.2262794       8.4092147                  8.4092147
              6       7.6038128     -0.92746412     -0.76506001     -0.83614559       3.2262794        3.2262794       8.7550669                  8.7550669
              1       9.0554171     -0.91135514     -0.76179198     -0.88529452       3.2262794        3.2262794       11.658275                  11.658275
              1       8.7058582     -0.92413633     -0.76792202     -0.92002832       3.2262794        3.2262794       10.959158                  10.959158
              1       8.9124557     -0.94953965      -0.7710846     -0.99364905       3.2262794        3.2262794       11.372353                  11.372353
              3       7.7285065     -0.98159847     -0.80488221     -0.95944307       3.2262794        3.2262794       9.0044541                  9.0044541
              7       7.6249727     -0.98739878     -0.80085545     -0.96419079       3.2262794        3.2262794       8.7973867                  8.7973867
             11       7.1469648     -0.98302528     -0.79170566     -0.92482684       3.2262794        3.2262794       7.8413708                  7.8413708
              2       7.6576708      -1.0006203     -0.79703611      -0.9688651       3.2262794        3.2262794       8.8627829                  8.8627829
              7       8.0760494     -0.91460047     -0.77494206     -0.82386674       3.2262794        3.2262794       9.6995401                  9.6995401
              2       8.0339671      -1.0230297     -0.74864537     -0.93482917       3.2262794        3.2262794       9.6153754                  9.6153754
              5       7.1632429       -0.958648     -0.76447801     -0.81311853       3.2262794        3.2262794        7.873927                   7.873927
              6       7.6122366     -0.96416474     -0.79547142     -0.83159883       3.2262794        3.2262794       8.7719143                  8.7719143
              5       7.5564179     -0.96081314     -0.79818749     -0.84258869       3.2262794        3.2262794       8.6602771                  8.6602771
              6       8.5248369     -0.95631041     -0.80221442     -0.98884223       3.2262794        3.2262794       10.597115                  10.597115
              1       8.1550104     -0.96060478     -0.79871887     -0.98134834       3.2262794        3.2262794        9.857462                   9.857462
              5        9.058393     -0.91455177     -0.81415132     -0.83461307       3.2262794        3.2262794       11.664227                  11.664227
             19        8.052588     -0.91889655     -0.77388127     -0.77300503       3.2262794        3.2262794       9.6526173                  9.6526173
              2       10.197243     -0.94677817     -0.74024386     -0.67284074       3.2262794        3.2262794       13.941927                  13.941927
              2       7.3212654     -0.95400757     -0.74552532     -0.85087933       3.2262794        3.2262794       8.1899721                  8.1899721
              1       7.9141402     -0.95378611     -0.73734871     -0.78240194       3.2262794        3.2262794       9.3757216                  9.3757216
              3       8.5032144      -1.0059143      -0.7285627     -0.85569937       3.2262794        3.2262794        10.55387                   10.55387
              4       8.6007331      -1.0103302     -0.73235276     -0.84989636       3.2262794        3.2262794       10.748908                  10.748908
              1       9.2679503      -1.0117434     -0.71902717     -0.85033195       3.2262794        3.2262794       12.083342                  12.083342
              1       9.5118059      -1.0161817     -0.71525547     -0.86884782       3.2262794        3.2262794       12.571053                  12.571053
             10       7.3446804     -0.99322027     -0.75498743     -0.94980768       3.2262794        3.2262794       8.2368021                  8.2368021
              2       7.4435939     -0.99482082     -0.76000826     -0.96901131       3.2262794        3.2262794       8.4346289                  8.4346289
              1        7.260617       -1.000874     -0.77881311     -0.96126981       3.2262794        3.2262794       8.0686751                  8.0686751
              6       7.0139453     -0.99506466     -0.76911105     -0.90444985       3.2262794        3.2262794       7.5753317                  7.5753317
              5        7.143733     -0.99578164     -0.77845347     -0.89676918       3.2262794        3.2262794       7.8349072                  7.8349072
              3       7.5334354      -0.9993503     -0.76372601     -0.85558802       3.2262794        3.2262794        8.614312                   8.614312
              7       7.3487593     -0.94892016     -0.75094212     -0.87129882       3.2262794        3.2262794       8.2449599                  8.2449599
              4       7.8801715     -0.96475307     -0.72933526     -0.85907624       3.2262794        3.2262794       9.3077843                  9.3077843
              1       8.2480296     -0.98344579     -0.72498388     -0.83096202       3.2262794        3.2262794         10.0435                    10.0435
              8       8.2659677      -0.9871944     -0.80680887     -0.86495232       3.2262794        3.2262794       10.079377                  10.079377
             14       8.1596676     -0.97529528     -0.81274085     -0.96750608       3.2262794        3.2262794       9.8667764                  9.8667764
              2       8.7325654      -1.0340618     -0.75679149     -0.89773241       3.2262794        3.2262794       11.012572                  11.012572
              2        7.609811      -1.0166451     -0.76471134     -0.96478242       3.2262794        3.2262794       8.7670633                  8.7670633
              1       8.1829882      -1.0273686       -0.784704     -0.99843498       3.2262794        3.2262794       9.9134176                  9.9134176
              7       8.1979817     -0.98244451     -0.80210616     -0.84280279       3.2262794        3.2262794       9.9434046                  9.9434046
              4       8.1418468     -0.98213418     -0.80150259     -0.84359651       3.2262794        3.2262794       9.8311348                  9.8311348
              1       6.9772074     -0.96834689     -0.78451789      -0.9143905       3.2262794        3.2262794        7.501856                   7.501856
              7       6.9635001     -0.95113437      -0.7720538     -0.85894342       3.2262794        3.2262794       7.4744415                  7.4744415
              1       7.0363512      -0.9656199      -0.7624136     -0.91299561       3.2262794        3.2262794       7.6201435                  7.6201435
              3        8.074433     -0.93904929     -0.77248634     -0.75114983       3.2262794        3.2262794       9.6963071                  9.6963071
             10       7.3075062     -0.94872134       -0.783411     -0.90997685       3.2262794        3.2262794       8.1624536                  8.1624536
              3       7.9477435     -0.93295199     -0.78588609     -0.91125801       3.2262794        3.2262794       9.4429282                  9.4429282
              3       9.3578326     -0.91615354      -0.7784864     -0.93230527       3.2262794        3.2262794       12.263106                  12.263106
              8       8.3421858     -0.94438913     -0.78799053     -0.96528562       3.2262794        3.2262794       10.231813                  10.231813
              2       8.2645825     -0.94637346     -0.73854987     -0.90171237       3.2262794        3.2262794       10.076606                  10.076606
              3       11.731609      -1.0214789     -0.76402893     -0.76100914       3.2262794        3.2262794       17.010658                  17.010658
              2       8.7610918      -1.0070524     -0.77811866     -0.82532908       3.2262794        3.2262794       11.069625                  11.069625
              6       10.651458     -0.94677932       -0.763789      -0.6625653       3.2262794        3.2262794       14.850358                  14.850358
              1       10.480623      -0.9692254     -0.73546222      -0.6920791       3.2262794        3.2262794       14.508688                  14.508688
              1       10.472888      -1.0216186     -0.75982227     -0.79098421       3.2262794        3.2262794       14.493217                  14.493217
              3       10.416707      -1.0552028     -0.73640387     -0.91070643       3.2262794        3.2262794       14.380856                  14.380856
              1        11.23275      -1.0250289     -0.72887452       -1.069261       3.2262794        3.2262794       16.012942                  16.012942
              3       8.9067755     -0.98013774     -0.79067708      -1.0444249       3.2262794        3.2262794       11.360992                  11.360992
              1       9.4993144      -1.0379674     -0.80830396     -0.99131917       3.2262794        3.2262794        12.54607                   12.54607
              1       9.0226313      -1.0475284      -0.7795894     -0.97413261       3.2262794        3.2262794       11.592704                  11.592704
              1       9.7921842      -1.0556694     -0.78600859     -0.96668853       3.2262794        3.2262794        13.13181                   13.13181
              3       9.1758369       -1.039487     -0.78259133     -0.91520577       3.2262794        3.2262794       11.899115                  11.899115
              1       8.5383883      -1.0299172      -0.7813832     -0.91307089       3.2262794        3.2262794       10.624218                  10.624218
              2       10.432993      -1.0111962     -0.73585577     -0.76857954       3.2262794        3.2262794       14.413427                  14.413427
              4       11.628844      -1.0331959     -0.69730505     -0.87545864       3.2262794        3.2262794       16.805129                  16.805129
              1       7.4472503      -1.0011428     -0.74686874     -0.91099473       3.2262794        3.2262794       8.4419419                  8.4419419
              4       7.2911538     -0.99126913     -0.76424834     -0.96318927       3.2262794        3.2262794       8.1297488                  8.1297488
              6       7.9142861     -0.99252407     -0.74661722     -0.97092107       3.2262794        3.2262794       9.3760133                  9.3760133
              2       7.9155516     -0.93282939     -0.79314112     -0.79724047       3.2262794        3.2262794       9.3785445                  9.3785445
              7       7.2298438     -0.94210767     -0.78020182      -0.8308342       3.2262794        3.2262794       8.0071287                  8.0071287
              1       7.2929317     -0.94138359      -0.7831351     -0.82950692       3.2262794        3.2262794       8.1333047                  8.1333047
              5       7.9087835     -0.92631281     -0.77686902     -0.77309441       3.2262794        3.2262794       9.3650082                  9.3650082
              2       8.4002461      -1.0158047     -0.74757414     -0.85518644       3.2262794        3.2262794       10.347933                  10.347933
              1       8.4436828     -0.96122693     -0.73582775       -0.755724       3.2262794        3.2262794       10.434807                  10.434807
              2       11.163821     -0.97758069     -0.68798363     -0.77990152       3.2262794        3.2262794       15.875084                  15.875084
              2       10.687857      -1.0039858     -0.70320953     -0.79462312       3.2262794        3.2262794       14.923154                  14.923154
              7       7.3980361     -0.99744184     -0.74797491     -0.92590951       3.2262794        3.2262794       8.3435134                  8.3435134
              6       8.1616456     -0.97784143     -0.75972825     -0.99615395       3.2262794        3.2262794       9.8707324                  9.8707324
              3       8.3415683     -0.99441234     -0.78664053       -1.033651       3.2262794        3.2262794       10.230578                  10.230578
              2       7.9081063     -0.97507127     -0.78289602     -0.99794563       3.2262794        3.2262794       9.3636537                  9.3636537
              5        7.032959     -0.98937038     -0.77094029     -0.87709299       3.2262794        3.2262794       7.6133592                  7.6133592
              4       7.0551598     -0.98051889     -0.77813692     -0.86192711       3.2262794        3.2262794       7.6577609                  7.6577609
              9       7.1202912     -0.98168841      -0.7780122     -0.85747177       3.2262794        3.2262794       7.7880236                  7.7880236
              2       7.7317422     -0.97716249      -0.8013113     -0.97091778       3.2262794        3.2262794       9.0109256                  9.0109256
              2       7.8450278     -0.97599137     -0.80599292     -0.96537676       3.2262794        3.2262794       9.2374968                  9.2374968
              4       8.2032652     -0.98546508     -0.81431318     -0.96370814       3.2262794        3.2262794       9.9539717                  9.9539717
              1        7.094616     -0.98327069      -0.7766105     -0.86118225       3.2262794        3.2262794       7.7366732                  7.7366732
              4       6.9230985     -0.97676327     -0.75833647     -0.89909473       3.2262794        3.2262794       7.3936383                  7.3936383
              1        6.961816     -0.98252438     -0.75879603     -0.91102881       3.2262794        3.2262794       7.4710733                  7.4710733
              3       6.9618468     -0.98263489     -0.75869197     -0.91053388       3.2262794        3.2262794       7.4711348                  7.4711348
              3       7.7368603      -1.0044564     -0.74949302     -0.86284913       3.2262794        3.2262794       9.0211619                  9.0211619
              3       7.7387182     -0.99625017     -0.74612257     -0.84276809       3.2262794        3.2262794       9.0248776                  9.0248776
              2       8.5209134      -1.0240349     -0.76260803      -1.0287398       3.2262794        3.2262794       10.589268                  10.589268
              3        11.53462       -1.045915     -0.71568151      -1.0269775       3.2262794        3.2262794       16.616682                  16.616682
              2       9.8273944      -1.0610828     -0.76777491      -1.0351022       3.2262794        3.2262794        13.20223                   13.20223
              1       10.238288     -0.94765621     -0.81005517      -1.0332766       3.2262794        3.2262794       14.024017                  14.024017
              4       7.6532092      -1.0153613     -0.78344037     -0.96864709       3.2262794        3.2262794       8.8538596                  8.8538596
              5       8.2955887      -1.0355361     -0.76866671     -0.97888367       3.2262794        3.2262794       10.138619                  10.138619
              1       8.6103319      -1.0379985     -0.75177715     -0.94613713       3.2262794        3.2262794       10.768105                  10.768105
              2       8.9531177      -1.0278575     -0.73632224      -0.9855693       3.2262794        3.2262794       11.453677                  11.453677
              1       10.490392      -1.0151408     -0.70284551     -0.92944265       3.2262794        3.2262794       14.528225                  14.528225
              2       10.042473       -1.000637     -0.70530355      -0.9273837       3.2262794        3.2262794       13.632387                  13.632387
              3       11.143539     -0.97723523     -0.71039955     -0.98734578       3.2262794        3.2262794       15.834518                  15.834518
              4       10.305403      -1.0422885     -0.73606303      -1.0452147       3.2262794        3.2262794       14.158248                  14.158248
              4       9.5725426     -0.99970469     -0.82690536      -1.0206609       3.2262794        3.2262794       12.692526                  12.692526
              5       9.4406814      -1.0401162     -0.75896152     -0.88099983       3.2262794        3.2262794       12.428804                  12.428804
              1       9.1997391      -1.0331709     -0.76635782      -0.8705946       3.2262794        3.2262794       11.946919                  11.946919
              1       7.8888741      -1.0181819     -0.76459935      -0.8931971       3.2262794        3.2262794       9.3251893                  9.3251893
              2       7.6101725     -0.99282765      -0.7893991     -0.86803276       3.2262794        3.2262794       8.7677863                  8.7677863
              1       8.8642165     -0.94006664     -0.76898069      -0.9703712       3.2262794        3.2262794       11.275874                  11.275874
              1       8.5301305      -0.9410757     -0.79318478      -0.9645944       3.2262794        3.2262794       10.607702                  10.607702
              4       7.7081338      -1.0121589     -0.77961234     -0.99397628       3.2262794        3.2262794       8.9637089                  8.9637089
              8       7.3044225     -0.97387873     -0.79317471      -0.9470622       3.2262794        3.2262794       8.1562861                  8.1562861
              2       10.928313      -1.0782213     -0.76420529      -1.0076527       3.2262794        3.2262794       15.404068                  15.404068
              3        11.01385      -1.0752179      -0.7656557     -0.96491261       3.2262794        3.2262794       15.575141                  15.575141
              1       7.7336989      -1.0197062     -0.76692528     -0.97571964       3.2262794        3.2262794       9.0148391                  9.0148391
              1       7.4365922      -1.0110134     -0.75927979     -0.93815364       3.2262794        3.2262794       8.4206255                  8.4206255
              3       7.3577172     -0.99164934     -0.79007064     -0.89030749       3.2262794        3.2262794       8.2628756                  8.2628756
              6       7.2712919     -0.98942495      -0.7770265     -0.97008592       3.2262794        3.2262794        8.090025                   8.090025
              3        9.789087      -1.0216134      -0.7299648      -1.0188841       3.2262794        3.2262794       13.125615                  13.125615
              3       8.9830332     -0.99980723     -0.73327774     -0.99277931       3.2262794        3.2262794       11.513508                  11.513508
              1       7.8964854        -1.01679     -0.78500498     -0.99864485       3.2262794        3.2262794        9.340412                   9.340412
              1       7.8934826      -1.0160249     -0.78451732      -1.0007445       3.2262794        3.2262794       9.3344065                  9.3344065
              1       7.1529423      -0.9601709     -0.75284584     -0.82582708       3.2262794        3.2262794       7.8533259                  7.8533259
              3       7.1716744     -0.94544693      -0.7674656     -0.81727492       3.2262794        3.2262794       7.8907901                  7.8907901
              3       9.4046554     -0.93942198     -0.72449759     -0.90012831       3.2262794        3.2262794       12.356752                  12.356752
              2       9.3795339     -0.93778977     -0.72823922     -0.90754306       3.2262794        3.2262794       12.306509                  12.306509
              2       7.9323644      -1.0208541     -0.75040114     -0.92168053       3.2262794        3.2262794       9.4121701                  9.4121701
              4       7.0571127     -0.96964384     -0.79064838     -0.89185566       3.2262794        3.2262794       7.6616665                  7.6616665
              5       7.0163887     -0.96326874     -0.77657571     -0.91924059       3.2262794        3.2262794       7.5802186                  7.5802186
              1       7.8877616     -0.96626442     -0.76012284     -0.77400223       3.2262794        3.2262794       9.3229644                  9.3229644
              2       7.8830882     -0.98058025     -0.76245513     -0.79540477       3.2262794        3.2262794       9.3136176                  9.3136176
              4        7.397089     -0.97227862     -0.74575397      -0.8226491       3.2262794        3.2262794       8.3416193                  8.3416193
              1       8.0106968     -0.98313348     -0.72689849     -0.87394044       3.2262794        3.2262794       9.5688348                  9.5688348
              2       7.6902924     -0.99078712     -0.73656315     -0.90863041       3.2262794        3.2262794        8.928026                   8.928026
              1       7.3982222     -0.99036856     -0.74543971      -0.8623932       3.2262794        3.2262794       8.3438856                  8.3438856
              5       8.3105711      -1.0160312     -0.73743181      -0.8840745       3.2262794        3.2262794       10.168583                  10.168583
             11       9.3582343     -0.94785391     -0.73000454     -0.71045058       3.2262794        3.2262794        12.26391                   12.26391
              3       8.1962892      -1.0235056     -0.78050037      -0.9090584       3.2262794        3.2262794       9.9400197                  9.9400197
              1       7.7521561     -0.99502217     -0.79086361     -0.86741216       3.2262794        3.2262794       9.0517535                  9.0517535
              7       9.9947057      -1.0128274     -0.81399262     -0.86766278       3.2262794        3.2262794       13.536853                  13.536853
              2       10.592053      -1.0437036     -0.80141758     -0.90513103       3.2262794        3.2262794       14.731547                  14.731547
              5       10.582853       -1.043587     -0.80147717     -0.90525875       3.2262794        3.2262794       14.713147                  14.713147
              7       8.7765268      -1.0005841     -0.78999018      -1.0541048       3.2262794        3.2262794       11.100495                  11.100495
              3       8.2552721     -0.98394446     -0.79818401      -1.0156066       3.2262794        3.2262794       10.057985                  10.057985
              2       11.485174     -0.93088199     -0.75287752       -1.013012       3.2262794        3.2262794        16.51779                   16.51779
              3       11.381457     -0.92441355     -0.75903039       -1.003957       3.2262794        3.2262794       16.310355                  16.310355
              4       10.051769     -0.88515788     -0.78081353      -0.7127935       3.2262794        3.2262794       13.650978                  13.650978
              2       10.849791     -0.92507177     -0.78087155      -1.0090157       3.2262794        3.2262794       15.247023                  15.247023
              2       10.344458     -0.93400033     -0.78289893      -1.0150527       3.2262794        3.2262794       14.236357                  14.236357
              1       10.205481     -0.93203633     -0.78385691      -1.0068675       3.2262794        3.2262794       13.958403                  13.958403
              1       9.8793097     -0.92883633     -0.77697589     -0.98607978       3.2262794        3.2262794       13.306061                  13.306061
              1        9.395398     -0.93662362       -0.777177     -0.98784658       3.2262794        3.2262794       12.338237                  12.338237
              4       9.0781588      -0.9256576     -0.78802598     -0.95058604       3.2262794        3.2262794       11.703759                  11.703759
              2       9.7469505     -0.94466517      -0.7650915      -1.0066512       3.2262794        3.2262794       13.041342                  13.041342
              1        8.342416      -1.0301485     -0.76597212      -1.0112282       3.2262794        3.2262794       10.232273                  10.232273
              2       9.3722288      -1.0479148     -0.77263738       -1.051306       3.2262794        3.2262794       12.291899                  12.291899
              1       11.364893       -1.068513     -0.73994237       -1.062304       3.2262794        3.2262794       16.277227                  16.277227
              2       9.0529475      -1.0462806     -0.76043462     -0.93674548       3.2262794        3.2262794       11.653336                  11.653336
              4       7.6060138      -1.0116651     -0.78716148       -0.962773       3.2262794        3.2262794       8.7594687                  8.7594687
              1       8.8050856       -1.036746     -0.75492886     -0.90603101       3.2262794        3.2262794       11.157612                  11.157612
              7       9.5740954     -0.98957872     -0.76697654     -0.75274161       3.2262794        3.2262794       12.695632                  12.695632
              1        9.550168     -0.95913513     -0.71289423     -0.74440534       3.2262794        3.2262794       12.647777                  12.647777
              5       9.4687139     -0.96574457     -0.71111367      -0.7620982       3.2262794        3.2262794       12.484869                  12.484869
              1       9.4199439     -0.98151196     -0.73388772       -0.744364       3.2262794        3.2262794       12.387329                  12.387329
              1       9.3955416     -0.95155217     -0.72651554       -0.716215       3.2262794        3.2262794       12.338524                  12.338524
              1       9.0778784     -0.94945762     -0.73238998     -0.72059021       3.2262794        3.2262794       11.703198                  11.703198
              1       8.2697119     -0.98049955     -0.72649394     -0.91249871       3.2262794        3.2262794       10.086865                  10.086865
              4       8.2439009     -0.98578404     -0.72841859     -0.92391995       3.2262794        3.2262794       10.035243                  10.035243
              2       8.0939613     -0.98138063     -0.72964449     -0.91445739       3.2262794        3.2262794       9.7353638                  9.7353638
              7       7.8167248     -0.94941894     -0.74545679     -0.90071347       3.2262794        3.2262794       9.1808908                  9.1808908
              2       8.1003741      -1.0016659     -0.73087731     -0.88138042       3.2262794        3.2262794       9.7481894                  9.7481894
              4       7.5538466     -0.99052731     -0.73870206     -0.89767301       3.2262794        3.2262794       8.6551343                  8.6551343
              3       7.0259953     -0.98477326     -0.75426381     -0.88254597       3.2262794        3.2262794       7.5994318                  7.5994318
              7       7.0297082     -0.98596602     -0.75526764     -0.88015288       3.2262794        3.2262794       7.6068576                  7.6068576
              4       7.0179744     -0.98723608     -0.75651819     -0.88383414       3.2262794        3.2262794         7.58339                    7.58339
              2       7.7787342      -1.0048744      -0.7674785      -0.8565106       3.2262794        3.2262794       9.1049097                  9.1049097
              1        7.689832     -0.97652511     -0.78564032     -0.82118629       3.2262794        3.2262794       8.9271051                  8.9271051
              2       7.1683566     -0.98230874     -0.78407641     -0.86687426       3.2262794        3.2262794       7.8841544                  7.8841544
              4       7.3343452     -0.95556654     -0.79517184     -0.85472695       3.2262794        3.2262794       8.2161317                  8.2161317
              1        7.108877     -0.96622568     -0.77747413     -0.83355654       3.2262794        3.2262794       7.7651952                  7.7651952
              3       6.9850109     -0.99132418     -0.77161894     -0.93362128       3.2262794        3.2262794        7.517463                   7.517463
              4       7.6655632      -1.0084927     -0.79312257     -0.95420712       3.2262794        3.2262794       8.8785676                  8.8785676
              6       7.0609194     -0.99607159     -0.76776915     -0.93668438       3.2262794        3.2262794       7.6692801                  7.6692801
              5       7.1996008     -0.99404735     -0.76142851     -0.94924314       3.2262794        3.2262794       7.9466428                  7.9466428
              2       7.0514598     -0.98807597     -0.78126423     -0.94259614       3.2262794        3.2262794       7.6503608                  7.6503608
             14       7.5543316     -0.98636092     -0.74385201     -0.83770865       3.2262794        3.2262794       8.6561043                  8.6561043
              2       7.5206853     -0.98766084     -0.73966571     -0.86168346       3.2262794        3.2262794       8.5888117                  8.5888117
              2       7.9568791     -0.98210287     -0.73211111     -0.82533642       3.2262794        3.2262794       9.4611993                  9.4611993
              5       7.9513927     -0.99409243     -0.73238271     -0.85820376       3.2262794        3.2262794       9.4502266                  9.4502266
              2       7.5584853     -0.99805671     -0.74645487     -0.86452906       3.2262794        3.2262794       8.6644118                  8.6644118
              1       7.2991512      -1.0083555     -0.76990655     -0.94373131       3.2262794        3.2262794       8.1457436                  8.1457436
              1       7.4462105      -0.9358991      -0.7821615     -0.87517164       3.2262794        3.2262794       8.4398622                  8.4398622
              9       7.0955994     -0.94464446     -0.76688803      -0.8502198       3.2262794        3.2262794         7.73864                    7.73864
             14       7.0170374     -0.96425161     -0.75295397     -0.85881173       3.2262794        3.2262794        7.581516                   7.581516
              3       7.7472067     -0.95779162     -0.79076052     -0.96036235       3.2262794        3.2262794       9.0418547                  9.0418547
              1       7.6964716     -0.93486433     -0.75019815     -0.78886206       3.2262794        3.2262794       8.9403844                  8.9403844
              1       7.3881026     -0.98831353     -0.74207102     -0.88629849       3.2262794        3.2262794       8.3236465                  8.3236465
              5       8.1225889     -0.98715886     -0.72601707     -0.85519416       3.2262794        3.2262794        9.792619                   9.792619
              2       8.0875452     -0.98756259     -0.72669954     -0.85706446       3.2262794        3.2262794       9.7225315                  9.7225315
              1       7.9143833     -0.97966397     -0.72841173     -0.85362854       3.2262794        3.2262794       9.3762078                  9.3762078
              4       9.3053637      -1.0359117     -0.72997937     -0.94841193       3.2262794        3.2262794       12.158169                  12.158169
              5       9.1567874      -1.0319698     -0.72920604     -0.93179624       3.2262794        3.2262794       11.861016                  11.861016
              2       8.0606145     -0.92978015     -0.78515724     -0.76962455       3.2262794        3.2262794       9.6686702                  9.6686702
              7       7.8870045     -0.93153076     -0.79021231     -0.79312321       3.2262794        3.2262794       9.3214502                  9.3214502
              2       7.3228489     -0.93877757     -0.78409691     -0.83878536       3.2262794        3.2262794       8.1931391                  8.1931391
              3       7.1661182     -0.94426179     -0.77192258     -0.82232787       3.2262794        3.2262794       7.8796777                  7.8796777
              1       7.0672931     -0.96670473     -0.79100207     -0.89194323       3.2262794        3.2262794       7.6820274                  7.6820274
              5       6.8986644     -0.98412189     -0.77327529     -0.92377677       3.2262794        3.2262794       7.3447699                  7.3447699
              5       8.1208808     -0.98276549     -0.73362272     -0.80837144       3.2262794        3.2262794       9.7892028                  9.7892028
              6       7.3786536      -1.0088585     -0.75996174     -0.91508771       3.2262794        3.2262794       8.3047484                  8.3047484
              6       7.4576615      -0.9659394     -0.79868567     -0.93772455       3.2262794        3.2262794       8.4627643                  8.4627643
              1       7.4194681      -0.9711911     -0.79584102     -0.94973463       3.2262794        3.2262794       8.3863774                  8.3863774
              7       7.5180988     -0.97149483     -0.79766488      -0.9552978       3.2262794        3.2262794       8.5836388                  8.5836388
              3       7.1947386     -0.99936332     -0.78009667     -0.95105827       3.2262794        3.2262794       7.9369183                  7.9369183
              3        6.984584     -0.98301009     -0.75535085      -0.8848321       3.2262794        3.2262794       7.5166093                  7.5166093
              1       6.9356738     -0.99008926     -0.77023155     -0.89937569       3.2262794        3.2262794       7.4187888                  7.4187888
              8       6.9056152     -0.98729911     -0.77277922     -0.92020575       3.2262794        3.2262794       7.3586716                  7.3586716
              5       7.8666347     -0.93279433     -0.74556354     -0.78578955       3.2262794        3.2262794       9.2807106                  9.2807106
              5       7.9936018     -0.93127586     -0.74653537     -0.76946652       3.2262794        3.2262794       9.5346449                  9.5346449
              7       7.1470358     -0.96913228     -0.77124265      -0.8264141       3.2262794        3.2262794       7.8415128                  7.8415128
              1       7.2092482     -0.96836958     -0.76172402     -0.81728844       3.2262794        3.2262794       7.9659376                  7.9659376
              1        7.244373     -0.99512593     -0.75680894     -0.94269077       3.2262794        3.2262794       8.0361871                  8.0361871
              3       7.5631341      -0.9690238     -0.78935407     -0.96844722       3.2262794        3.2262794       8.6737094                  8.6737094
              3       7.9653603     -0.94658081     -0.80176264     -0.93397486       3.2262794        3.2262794       9.4781619                  9.4781619
              4       7.2642734     -0.95483001     -0.79313559     -0.90302933       3.2262794        3.2262794        8.075988                   8.075988
              2       8.0520913     -0.94179033     -0.80456784     -0.81956027       3.2262794        3.2262794       9.6516238                  9.6516238
              1       7.8628564      -0.9331504     -0.79732625     -0.81937733       3.2262794        3.2262794        9.273154                   9.273154
              2        7.714308     -0.93659377     -0.79592602     -0.82578014       3.2262794        3.2262794       8.9760573                  8.9760573
              2        7.576334     -0.94146542     -0.78011678     -0.79072982       3.2262794        3.2262794       8.7001093                  8.7001093
              2       7.4755253     -0.93970366     -0.78002768     -0.89776574       3.2262794        3.2262794       8.4984919                  8.4984919
              4       7.2005485     -0.95851827     -0.75965354     -0.90936376       3.2262794        3.2262794       7.9485381                  7.9485381
              1       7.6753251     -0.94558816     -0.74552191      -0.8768736       3.2262794        3.2262794       8.8980914                  8.8980914
              2       7.6697382     -0.94601545     -0.74530385     -0.87689735       3.2262794        3.2262794       8.8869175                  8.8869175
              1       7.6182867     -0.95328991     -0.75006869      -0.9089736       3.2262794        3.2262794       8.7840147                  8.7840147
             13       7.6194908      -0.9537197     -0.74974516     -0.90923126       3.2262794        3.2262794       8.7864229                  8.7864229
              1       8.2280145      -0.9844568     -0.72329875     -0.87624807       3.2262794        3.2262794        10.00347                   10.00347
              3       8.0528305     -0.98886442     -0.72748994     -0.88862629       3.2262794        3.2262794       9.6531023                  9.6531023
              2       7.0982116      -0.9915137     -0.75446335     -0.90790889       3.2262794        3.2262794       7.7438644                  7.7438644
              2       7.6781435      -1.0151887     -0.75224293     -0.92750288       3.2262794        3.2262794       8.9037281                  8.9037281
              7       7.8433152      -1.0189933     -0.75363952     -0.91100891       3.2262794        3.2262794       9.2340716                  9.2340716
              7       7.3197076     -0.97651995     -0.74716388      -0.9155306       3.2262794        3.2262794       8.1868565                  8.1868565
              2       7.3134832       -0.977056     -0.74730544     -0.91590887       3.2262794        3.2262794       8.1744075                  8.1744075
              1        8.854411     -0.95471938     -0.72786833     -0.74194814       3.2262794        3.2262794       11.256263                  11.256263
              1       8.8685228     -0.95529812     -0.72695241     -0.74340638       3.2262794        3.2262794       11.284487                  11.284487
              5       7.6971762      -1.0043202     -0.77981079        -1.00058       3.2262794        3.2262794       8.9417936                  8.9417936
              2       7.6099664      -1.0082382     -0.77892925     -0.99054689       3.2262794        3.2262794       8.7673739                  8.7673739
              3       8.8594431      -1.0159573     -0.73487389     -0.98915347       3.2262794        3.2262794       11.266327                  11.266327
              3       9.0301962      -1.0120299     -0.73193633     -0.99092748       3.2262794        3.2262794       11.607834                  11.607834
              2       7.3625281      -0.9637059     -0.79574547     -0.85575729       3.2262794        3.2262794       8.2724973                  8.2724973
              1       7.8324961     -0.94789529     -0.80757176     -0.86796383       3.2262794        3.2262794       9.2124334                  9.2124334
              6       8.1917013     -0.91604227     -0.78744676     -0.79376406       3.2262794        3.2262794       9.9308439                  9.9308439
              3       7.1522467     -0.95648176      -0.7559912     -0.81989324       3.2262794        3.2262794       7.8519346                  7.8519346
              7       7.6405127     -0.95962784     -0.74770259     -0.78679969       3.2262794        3.2262794       8.8284666                  8.8284666
              1       9.0703213     -0.94745984     -0.71359604      -0.8365573       3.2262794        3.2262794       11.688084                  11.688084
              1       10.290856     -0.90101744     -0.72050662     -0.76819272       3.2262794        3.2262794       14.129153                  14.129153
              1       9.5919475     -0.90355109     -0.74420754     -0.84554442       3.2262794        3.2262794       12.731336                  12.731336
              3       8.5154555     -0.97929276     -0.75419458      -1.0042013       3.2262794        3.2262794       10.578352                  10.578352
              1         7.40678     -0.93573125     -0.75989685     -0.84481575       3.2262794        3.2262794       8.3610012                  8.3610012
             21       7.4004399     -0.95820501     -0.74293455     -0.82378925       3.2262794        3.2262794       8.3483209                  8.3483209
              1       9.0099443     -0.92168031     -0.72992951     -0.73941351       3.2262794        3.2262794        11.56733                   11.56733
              1       9.6763362     -0.88580272     -0.77089194     -0.77897062       3.2262794        3.2262794       12.900114                  12.900114
              1       10.945269     -0.86844092     -0.77401077     -0.74774974       3.2262794        3.2262794        15.43798                   15.43798
              1       10.725493     -0.87125648     -0.77733648     -0.74133801       3.2262794        3.2262794       14.998427                  14.998427
              1       13.008901      -0.8730883     -0.83080665     -0.87353885       3.2262794        3.2262794       19.565242                  19.565242
              9       12.723072     -0.87039557     -0.83087691      -0.8300755       3.2262794        3.2262794       18.993586                  18.993586
              3       9.1148598     -0.89753538     -0.79189057      -0.7976978       3.2262794        3.2262794       11.777161                  11.777161
              2       9.1260684     -0.89567988     -0.76140605      -0.7853699       3.2262794        3.2262794       11.799578                  11.799578
              5       7.4940669     -0.93307038     -0.75789429     -0.81595034       3.2262794        3.2262794       8.5355751                  8.5355751
              2       7.3272407     -0.94627553     -0.76577664     -0.79782008       3.2262794        3.2262794       8.2019226                  8.2019226
              1       7.2119168      -0.9628187     -0.77183609     -0.81512952       3.2262794        3.2262794       7.9712748                  7.9712748
              4        7.155873     -0.96340759     -0.77208866     -0.82041419       3.2262794        3.2262794       7.8591872                  7.8591872
              1       7.3503786      -1.0005313     -0.76399265     -0.87450193       3.2262794        3.2262794       8.2481984                  8.2481984
              1       7.4991527     -0.99418449     -0.75606558     -0.84537666       3.2262794        3.2262794       8.5457466                  8.5457466
              1       7.5491463     -0.93468666     -0.75788692     -0.85840476       3.2262794        3.2262794       8.6457339                  8.6457339
             10       7.6203155     -0.93988822     -0.75203236     -0.87315488       3.2262794        3.2262794       8.7880723                  8.7880723
              1       7.4061419     -0.94210544     -0.75382172      -0.8613473       3.2262794        3.2262794        8.359725                   8.359725
              3       8.9015634       -0.975419     -0.81439138      -1.0146065       3.2262794        3.2262794       11.350568                  11.350568
              1       8.3013612     -0.96801479     -0.80610833     -0.98978525       3.2262794        3.2262794       10.150164                  10.150164
              3       7.8336538     -0.99041271      -0.7971406      -0.9947553       3.2262794        3.2262794       9.2147489                  9.2147489
              5       7.7852856     -0.98760483     -0.79960087      -0.9851143       3.2262794        3.2262794       9.1180124                  9.1180124
              1       7.3429768      -0.9936113     -0.75687522     -0.85628974       3.2262794        3.2262794       8.2333948                  8.2333948
              7       8.7863485     -0.91108784     -0.75725704     -0.72609182       3.2262794        3.2262794       11.120138                  11.120138
              4       7.7361155      -0.9597355     -0.78935218     -0.80368565       3.2262794        3.2262794       9.0196723                  9.0196723
              5       7.4528149     -0.97070573     -0.79363858     -0.95705535       3.2262794        3.2262794       8.4530711                  8.4530711
              5        7.912322     -0.96527423     -0.79715337       -0.976866       3.2262794        3.2262794       9.3720853                  9.3720853
              1       8.6886777     -0.91607709       -0.785656     -0.89801307       3.2262794        3.2262794       10.924797                  10.924797
              4       8.4988282      -1.0090212     -0.72732364     -0.87916392       3.2262794        3.2262794       10.545098                  10.545098
              3       8.9611408      -1.0307751     -0.78539151      -1.0556633       3.2262794        3.2262794       11.469723                  11.469723
              1       7.3539596     -0.99274915     -0.74701485      -0.8720695       3.2262794        3.2262794       8.2553604                  8.2553604
              4       7.3086885     -0.96027011      -0.7808717     -0.81683686       3.2262794        3.2262794       8.1648182                  8.1648182
              1       8.0262608     -0.92108889     -0.76547515     -0.76624486       3.2262794        3.2262794       9.5999629                  9.5999629
              2       7.4912749     -0.93557263     -0.75528751     -0.84204546       3.2262794        3.2262794       8.5299909                  8.5299909
              2       8.8314235     -0.97622249     -0.74339126     -0.99316586       3.2262794        3.2262794       11.210288                  11.210288
              5       8.7828809      -1.0147812     -0.78690778      -1.0566381       3.2262794        3.2262794       11.113203                  11.113203
              1       7.4683096     -0.98012123     -0.74163942     -0.91057703       3.2262794        3.2262794       8.4840605                  8.4840605
              2        8.063515     -0.97971464     -0.77267873     -0.79188845       3.2262794        3.2262794       9.6744711                  9.6744711
              9       8.5384537     -0.96264657     -0.78881381       -0.767923       3.2262794        3.2262794       10.624349                  10.624349
             12       8.0467156      -0.9892166      -0.7325413     -0.83146475       3.2262794        3.2262794       9.6408723                  9.6408723
              5       8.0267436     -0.98926516      -0.7322667     -0.83452191       3.2262794        3.2262794       9.6009284                  9.6009284
              2       7.9501394     -0.99023799      -0.7306455     -0.90295357       3.2262794        3.2262794         9.44772                    9.44772
              1       6.9073965     -0.97915132     -0.76908953     -0.92381344       3.2262794        3.2262794       7.3622342                  7.3622342
              4       7.7802898     -0.97235454     -0.73046884      -0.8547379       3.2262794        3.2262794       9.1080208                  9.1080208
              3       7.5454603     -0.99106443     -0.73948056      -0.8720499       3.2262794        3.2262794       8.6383617                  8.6383617
              2       7.8162309     -0.99887084     -0.79538308     -0.88747156       3.2262794        3.2262794        9.179903                   9.179903
              7       8.4855288     -0.98057914     -0.82088363     -0.94659962       3.2262794        3.2262794       10.518499                  10.518499
              2       8.9240129     -0.96826152     -0.82854606     -0.92723662       3.2262794        3.2262794       11.395467                  11.395467
              1       8.9620778     -0.96889522     -0.82901865        -0.92959       3.2262794        3.2262794       11.471597                  11.471597
              7       7.8825619     -0.99553397     -0.77752252      -1.0118107       3.2262794        3.2262794       9.3125649                  9.3125649
              1       7.8952427      -0.9959292     -0.77760996      -1.0126386       3.2262794        3.2262794       9.3379266                  9.3379266
              3       7.2337025     -0.99460609      -0.7891958      -0.9293402       3.2262794        3.2262794       8.0148462                  8.0148462
              1       7.5009507      -1.0058939     -0.78527718     -0.97502207       3.2262794        3.2262794       8.5493427                  8.5493427
              8       7.1658981     -0.97298675     -0.75732744     -0.92717749       3.2262794        3.2262794       7.8792374                  7.8792374
              1       7.8966016      -0.9525755     -0.76110697     -0.94599987       3.2262794        3.2262794       9.3406444                  9.3406444
              6        8.101757     -0.96568108     -0.76991593     -0.98867999       3.2262794        3.2262794       9.7509552                  9.7509552
              2       7.2259794     -0.96363715     -0.78949586     -0.93114454       3.2262794        3.2262794       7.9994001                  7.9994001
              4       7.9591677     -0.92796977     -0.78608247      -0.7814636       3.2262794        3.2262794       9.4657766                  9.4657766
              3       6.9652468     -0.98452365     -0.78194685     -0.89918793       3.2262794        3.2262794       7.4779348                  7.4779348
              3       6.9934391     -0.96907817     -0.78402533       -0.919967       3.2262794        3.2262794       7.5343194                  7.5343194
             13        7.200934     -0.95962821     -0.79409047     -0.89823221       3.2262794        3.2262794       7.9493092                  7.9493092
              2       7.8178239     -0.94880667     -0.74840853      -0.7689287       3.2262794        3.2262794        9.183089                   9.183089
              1       8.3131441      -0.9122114     -0.76101561     -0.82367415       3.2262794        3.2262794       10.173729                  10.173729
              3       7.9099798     -0.97536449     -0.77719546     -0.99736603       3.2262794        3.2262794       9.3674007                  9.3674007
              2       9.4425303     -0.94678713     -0.77225876      -1.0073749       3.2262794        3.2262794       12.432502                  12.432502
              6       8.5051275     -0.95353886     -0.77936843     -0.99046505       3.2262794        3.2262794       10.557696                  10.557696
              6        8.265771     -0.94315269     -0.73118877     -0.86014494       3.2262794        3.2262794       10.078983                  10.078983
              1       8.9164955     -0.93510853     -0.72049732     -0.82437873       3.2262794        3.2262794       11.380432                  11.380432
              1       8.7876805     -0.93336729     -0.72299849     -0.81672487       3.2262794        3.2262794       11.122802                  11.122802
              1       7.6194573       -0.958182     -0.74583066     -0.79016509       3.2262794        3.2262794       8.7863558                  8.7863558
              1       7.7768926     -0.99061228     -0.73642837     -0.84886451       3.2262794        3.2262794       9.1012264                  9.1012264
              4       7.5641186     -0.99598061     -0.78542662     -0.99034187       3.2262794        3.2262794       8.6756785                  8.6756785
              2       9.5011863     -0.89923119     -0.79424514     -0.86828686       3.2262794        3.2262794       12.549814                  12.549814
              4       9.2228127     -0.89687756      -0.7913613     -0.76677723       3.2262794        3.2262794       11.993067                  11.993067
              2       7.0343162     -0.94819785     -0.76577089     -0.84499739       3.2262794        3.2262794       7.6160736                  7.6160736
              3       7.8240417      -0.9319099     -0.74556712     -0.80232855       3.2262794        3.2262794       9.1955245                  9.1955245
              2       7.5968776     -0.95930417     -0.75242135     -0.78499432       3.2262794        3.2262794       8.7411965                  8.7411965
              5        7.463529     -0.93789577     -0.78044791      -0.8889389       3.2262794        3.2262794       8.4744991                  8.4744991
              1       7.7043757     -0.93445359     -0.79681893     -0.85547585       3.2262794        3.2262794       8.9561926                  8.9561926
              1       7.5620948      -0.9352091     -0.79186932     -0.84055651       3.2262794        3.2262794       8.6716309                  8.6716309
              1       7.3907014     -0.99092264     -0.79616545     -0.92015657       3.2262794        3.2262794        8.328844                   8.328844
             10       7.6465383     -0.98688115     -0.78722517     -0.84635109       3.2262794        3.2262794       8.8405178                  8.8405178
              2       7.4629529     -0.97618399     -0.77993082     -0.82460233       3.2262794        3.2262794        8.473347                   8.473347
              1       7.6364562     -0.97478746     -0.78529837      -0.8208029       3.2262794        3.2262794       8.8203536                  8.8203536
              2       8.4701883     -0.98052713     -0.77841891     -0.78264624       3.2262794        3.2262794       10.487818                  10.487818
              3       8.3001599     -0.99375044     -0.76449324     -0.80265734       3.2262794        3.2262794       10.147761                  10.147761
              5        7.189198     -0.98906596     -0.79059347     -0.91612322       3.2262794        3.2262794       7.9258372                  7.9258372
              4       7.3345631     -0.97542717     -0.79903075     -0.92321394       3.2262794        3.2262794       8.2165675                  8.2165675
              2       9.0521892     -0.92102118     -0.75553189     -0.70069128       3.2262794        3.2262794        11.65182                   11.65182
              3       9.0789182     -0.91549074     -0.75567373     -0.70262725       3.2262794        3.2262794       11.705278                  11.705278
              5       8.3770513     -0.94397884     -0.77398083     -0.73974735       3.2262794        3.2262794       10.301544                  10.301544
              3       8.3112924     -0.94780827     -0.77265591     -0.74384897       3.2262794        3.2262794       10.170026                  10.170026
              1       8.1344746     -0.94403994     -0.81280231      -0.8844349       3.2262794        3.2262794       9.8163905                  9.8163905
              4       8.8453967     -0.92240365     -0.76485956     -0.91802156       3.2262794        3.2262794       11.238235                  11.238235
              3       9.0170527     -0.99085604     -0.76631555      -1.0484093       3.2262794        3.2262794       11.581547                  11.581547
              2       8.5195785     -0.95041523     -0.72164587     -0.79013971       3.2262794        3.2262794       10.586598                  10.586598
              2       8.4328095     -0.97971582     -0.72629776     -0.80049156       3.2262794        3.2262794        10.41306                   10.41306
              5       8.0158362     -0.96613495     -0.72688091     -0.86368614       3.2262794        3.2262794       9.5791136                  9.5791136
              2       10.041088     -0.99522797     -0.70066931      -0.8374113       3.2262794        3.2262794       13.629616                  13.629616
              2       10.226216     -0.99439954     -0.69796604     -0.84140485       3.2262794        3.2262794       13.999873                  13.999873
              1        7.644676     -0.97991581     -0.73502247     -0.89164786       3.2262794        3.2262794       8.8367931                  8.8367931
              1       7.5035953     -0.97261249     -0.74891246     -0.80869746       3.2262794        3.2262794       8.5546318                  8.5546318
              2       7.7362412     -0.97280297     -0.78840833     -0.81793223       3.2262794        3.2262794       9.0199237                  9.0199237
              1       7.7261049     -0.97315676      -0.7884592     -0.81914159       3.2262794        3.2262794       8.9996511                  8.9996511
              5         7.19091     -0.99294235     -0.75125008     -0.89080098       3.2262794        3.2262794       7.9292612                  7.9292612
              5       8.0260569      -1.0184006     -0.74636551     -0.90087532       3.2262794        3.2262794        9.599555                   9.599555
              1       11.284207     -0.87153275     -0.80692121      -0.7524877       3.2262794        3.2262794       16.115855                  16.115855
              3       11.704003      -0.8670368      -0.7978417     -0.81915516       3.2262794        3.2262794       16.955447                  16.955447
              3       9.1503215     -0.89729709       -0.783542     -0.83160525       3.2262794        3.2262794       11.848084                  11.848084
              2       7.9583151     -0.91863756     -0.77516034     -0.78913044       3.2262794        3.2262794       9.4640713                  9.4640713
             10       8.0703328     -0.91455102     -0.77058771     -0.79607344       3.2262794        3.2262794       9.6881069                  9.6881069
              1       9.9471968     -0.93120443     -0.78640655     -0.99738684       3.2262794        3.2262794       13.441835                  13.441835
              1       7.9040503      -1.0216817     -0.75901051     -0.91037091       3.2262794        3.2262794       9.3555418                  9.3555418
              4       7.8794798      -1.0205591     -0.75894793     -0.90694472       3.2262794        3.2262794       9.3064008                  9.3064008
              1       7.9700773      -1.0181979     -0.78493742      -1.0032872       3.2262794        3.2262794       9.4875958                  9.4875958
              1        10.65876     -0.98889912     -0.74799634      -1.0722066       3.2262794        3.2262794       14.864962                  14.864962
              1        10.73218     -0.98607299     -0.75341563      -1.0792874       3.2262794        3.2262794         15.0118                    15.0118
              1       10.796764     -0.98733187     -0.75352289      -1.0823212       3.2262794        3.2262794        15.14097                   15.14097
              1       10.432551     -0.97604718     -0.75942572      -1.0681342       3.2262794        3.2262794       14.412542                  14.412542
              8       10.502739     -0.98872565     -0.74333574     -0.71997106       3.2262794        3.2262794       14.552918                  14.552918
              9       7.9966241      -0.9317094     -0.74120118     -0.82674349       3.2262794        3.2262794       9.5406895                  9.5406895
             10       7.7213014     -0.93375523     -0.77354226      -0.8963662       3.2262794        3.2262794       8.9900439                  8.9900439
             11       8.9166497     -0.90362828     -0.79483527     -0.78259293       3.2262794        3.2262794       11.380741                  11.380741
              1       9.0334141     -0.92123663     -0.81574865     -0.80846496       3.2262794        3.2262794       11.614269                  11.614269
              2       8.1908671      -0.9389273      -0.8119516     -0.87367656       3.2262794        3.2262794       9.9291754                  9.9291754
              2       8.7949393     -0.90515375     -0.75236934     -0.80230312       3.2262794        3.2262794        11.13732                   11.13732
              1       9.6660809      -0.9904858     -0.72871786      -1.0030725       3.2262794        3.2262794       12.879603                  12.879603
              3       7.8662966     -0.97284478     -0.73740229     -0.92272859       3.2262794        3.2262794       9.2800345                  9.2800345
              1       8.9352818     -0.91855749     -0.74183176     -0.86266428       3.2262794        3.2262794       11.418005                  11.418005
              1       8.1087682     -0.91737514     -0.78946445     -0.81522212       3.2262794        3.2262794       9.7649776                  9.7649776
              3       10.870314     -0.92976785     -0.82710866     -0.99479911       3.2262794        3.2262794        15.28807                   15.28807
              1       10.400563     -0.94062719     -0.83113739     -0.98987498       3.2262794        3.2262794       14.348566                  14.348566
              1       9.5614246      -1.0580669     -0.77662917      -1.0093782       3.2262794        3.2262794        12.67029                   12.67029
              1       9.4403741      -1.0554829     -0.77849711     -0.99124614       3.2262794        3.2262794       12.428189                  12.428189
              2       8.7099561      -1.0113985     -0.72530999     -0.87474184       3.2262794        3.2262794       10.967353                  10.967353
              5       8.7843264      -1.0092297     -0.72399437     -0.86254885       3.2262794        3.2262794       11.116094                  11.116094
              2       9.8700936      -1.0614303     -0.75521691      -1.0098517       3.2262794        3.2262794       13.287628                  13.287628
              5       9.0029638      -0.9984231      -0.7866706      -1.0625695       3.2262794        3.2262794       11.553369                  11.553369
              2       7.9743635     -0.98449405     -0.76058747     -0.99544467       3.2262794        3.2262794       9.4961682                  9.4961682
              2       7.6428606      -0.9954903     -0.76598834     -0.99091047       3.2262794        3.2262794       8.8331624                  8.8331624
              1       10.014894     -0.99318784     -0.81003612      -1.0822784       3.2262794        3.2262794       13.577229                  13.577229
              4       10.070159     -0.99343235     -0.81047578      -1.0838767       3.2262794        3.2262794       13.687759                  13.687759
              1       10.544816      -0.9991423     -0.81596358       -1.096668       3.2262794        3.2262794       14.637074                  14.637074
              1       8.9471089     -0.99043711     -0.82236408     -0.99635528       3.2262794        3.2262794       11.441659                  11.441659
              9       7.1747789     -0.98914133     -0.75556174     -0.86306508       3.2262794        3.2262794       7.8969989                  7.8969989
              1       7.0860476     -0.98586836     -0.76137837     -0.85910954       3.2262794        3.2262794       7.7195364                  7.7195364
              9       6.8801116     -0.97698621      -0.7657772     -0.91307607       3.2262794        3.2262794       7.3076644                  7.3076644
              5       7.7353349     -0.96393443     -0.78875145     -0.97187801       3.2262794        3.2262794       9.0181111                  9.0181111
              1       7.1879961     -0.95214899     -0.77021461     -0.90733485       3.2262794        3.2262794       7.9234334                  7.9234334
              6       7.0751273     -0.94953961     -0.77865428     -0.88448645       3.2262794        3.2262794       7.6976959                  7.6976959
              1       7.1714107     -0.95053136      -0.7868033      -0.8466922       3.2262794        3.2262794       7.8902626                  7.8902626
              5        7.142245     -0.95213255     -0.78644841     -0.84844941       3.2262794        3.2262794       7.8319313                  7.8319313
              6       7.9418509      -0.9360196     -0.79332736     -0.79248084       3.2262794        3.2262794        9.431143                   9.431143
              2       9.4989552      -1.0057738     -0.77050972     -0.78963862       3.2262794        3.2262794       12.545352                  12.545352
              1       9.1745612     -0.94243006     -0.77362545     -0.70801404       3.2262794        3.2262794       11.896564                  11.896564
              2       9.3942682     -0.94205509     -0.75916538     -0.69303043       3.2262794        3.2262794       12.335978                  12.335978
              7        8.116018      -1.0096162     -0.79001602     -0.88398309       3.2262794        3.2262794       9.7794772                  9.7794772
              5       10.591099      -1.0717986     -0.75957437      -1.0406016       3.2262794        3.2262794       14.729639                  14.729639
              4       11.458534      -1.0826826     -0.75667942      -1.0533941       3.2262794        3.2262794        16.46451                   16.46451
              2       7.0994028     -0.98171089     -0.76324945     -0.94088985       3.2262794        3.2262794       7.7462469                  7.7462469
              2       7.1582225     -0.99301235      -0.7573626     -0.87524517       3.2262794        3.2262794       7.8638863                  7.8638863
              3       7.1324278     -0.99573226     -0.76421852      -0.8829536       3.2262794        3.2262794       7.8122968                  7.8122968
              1       7.1020854     -0.98489717     -0.76670684     -0.85477067       3.2262794        3.2262794        7.751612                   7.751612
             12       7.8729614     -0.96880755     -0.78629957     -0.80111787       3.2262794        3.2262794        9.293364                   9.293364
              6        7.498281     -0.99486401     -0.77286696      -0.8518736       3.2262794        3.2262794       8.5440033                  8.5440033
              3       8.0710542     -0.99950865     -0.77640489     -0.83493584       3.2262794        3.2262794       9.6895496                  9.6895496
              2       8.0001163      -0.9502945     -0.80559896      -0.8276474       3.2262794        3.2262794       9.5476738                  9.5476738
              5        8.505874     -0.97864643     -0.79747125      -1.0235758       3.2262794        3.2262794       10.559189                  10.559189
              1       10.073246     -0.98447915     -0.79236014      -1.0864298       3.2262794        3.2262794       13.693933                  13.693933
              2       11.245913     -0.91444838      -0.7355487     -0.93654338       3.2262794        3.2262794       16.039267                  16.039267
              1        10.98482     -0.91563943     -0.73680622     -0.93388797       3.2262794        3.2262794       15.517081                  15.517081
              3       11.043432     -0.92423213     -0.71763056      -0.9088743       3.2262794        3.2262794       15.634305                  15.634305
              4       11.766458     -0.91347549     -0.71667308     -0.90246662       3.2262794        3.2262794       17.080357                  17.080357
              4       10.575288     -0.88237866     -0.76245889     -0.83516466       3.2262794        3.2262794       14.698017                  14.698017
             10       9.2463115     -0.89827549     -0.76364295     -0.83547318       3.2262794        3.2262794       12.040064                  12.040064
              1       9.5303374      -0.9055687     -0.76127486     -0.88693316       3.2262794        3.2262794       12.608116                  12.608116
              3       10.079002     -0.90215317     -0.72844386     -0.81327821       3.2262794        3.2262794       13.705445                  13.705445
              1       10.629795     -0.89861193     -0.71755043     -0.76934502       3.2262794        3.2262794       14.807032                  14.807032
              2       9.5786727     -0.89700666     -0.74194352     -0.73218649       3.2262794        3.2262794       12.704787                  12.704787
              2       12.444482     -0.96215488     -0.67397403     -0.76737694       3.2262794        3.2262794       18.436406                  18.436406
              1       11.535693     -0.97743886     -0.68206576     -0.83517931       3.2262794        3.2262794       16.618828                  16.618828
              1       11.354165     -0.98014207     -0.68407118     -0.84205074       3.2262794        3.2262794       16.255771                  16.255771
              2       10.975526     -0.98016136     -0.69374598     -0.76287594       3.2262794        3.2262794       15.498492                  15.498492
              3       10.168764     -0.95311208     -0.71675402     -0.93777652       3.2262794        3.2262794        13.88497                   13.88497
              4       8.1156045     -0.93946081      -0.7339373     -0.84212305       3.2262794        3.2262794       9.7786502                  9.7786502
              1       8.1429464     -0.92673974     -0.77933288     -0.90377061       3.2262794        3.2262794        9.833334                   9.833334
              2       8.2483486     -0.92290517     -0.77914095     -0.89629164       3.2262794        3.2262794       10.044138                  10.044138
              1       8.2929213     -0.99251342      -0.8068806      -1.0060247       3.2262794        3.2262794       10.133284                  10.133284
              7       8.5119734     -0.98508508     -0.81626391     -0.98885294       3.2262794        3.2262794       10.571388                  10.571388
              2       7.4845587     -0.95941633     -0.73954111     -0.82850579       3.2262794        3.2262794       8.5165585                  8.5165585
              1       7.4845553     -0.95937822     -0.73955641     -0.82841359       3.2262794        3.2262794       8.5165518                  8.5165518
              7        7.566367     -0.95450497     -0.75505742     -0.78243113       3.2262794        3.2262794       8.6801753                  8.6801753
              4       9.4107429     -0.89209489     -0.77709567     -0.73884482       3.2262794        3.2262794       12.368927                  12.368927
              1       9.4580121     -0.89050078     -0.77776942     -0.74483608       3.2262794        3.2262794       12.463465                  12.463465
              2       10.520536      -1.0569279     -0.80218792       -0.974939       3.2262794        3.2262794       14.588514                  14.588514
              1       11.727896      -1.0489806     -0.82999714        -1.00528       3.2262794        3.2262794       17.003233                  17.003233
              4       10.862976     -0.99485395     -0.81515505     -0.79777521       3.2262794        3.2262794       15.273394                  15.273394
              1       9.4440506      -1.0276276     -0.80328227     -0.90671671       3.2262794        3.2262794       12.435542                  12.435542
              2       8.8420576      -1.0211845     -0.79647407     -0.89623464       3.2262794        3.2262794       11.231556                  11.231556
              3       7.1621835     -0.99443212     -0.78468839     -0.91031448       3.2262794        3.2262794       7.8718082                  7.8718082
              1       7.3634701     -0.97563614     -0.79922442     -0.89472828       3.2262794        3.2262794       8.2743814                  8.2743814
              1       7.4762014     -0.93388454     -0.76844858     -0.86693674       3.2262794        3.2262794       8.4998441                  8.4998441
              3       7.9208011     -0.99225522     -0.73675119     -0.93771821       3.2262794        3.2262794       9.3890434                  9.3890434
              2       7.3605674      -0.9826808     -0.75918482     -0.95657176       3.2262794        3.2262794        8.268576                   8.268576
              7       6.9572751     -0.97884275     -0.76189994     -0.91923312       3.2262794        3.2262794       7.4619914                  7.4619914
              1       7.0642133     -0.97819419     -0.76135652     -0.93124124       3.2262794        3.2262794       7.6758677                  7.6758677
             10       7.0637808     -0.97817205     -0.76138886     -0.93124062       3.2262794        3.2262794       7.6750028                  7.6750028
              4       7.9560096     -0.95462579     -0.72984254     -0.84706087       3.2262794        3.2262794       9.4594605                  9.4594605
              1       8.0439335     -0.95575026     -0.72814364     -0.85186389       3.2262794        3.2262794       9.6353083                  9.6353083
              1       7.9051756     -0.97321442     -0.77012301     -0.99043756       3.2262794        3.2262794       9.3577925                  9.3577925
              4       7.8476478     -0.97764835     -0.77003916     -0.99286226       3.2262794        3.2262794       9.2427367                  9.2427367
              2       7.4322892     -0.96648755      -0.7697611     -0.95547891       3.2262794        3.2262794       8.4120196                  8.4120196
              1       7.9019304      -0.9568176     -0.76115613     -0.95485367       3.2262794        3.2262794        9.351302                   9.351302
              6       7.6255365     -0.97956613     -0.74564178     -0.81494739       3.2262794        3.2262794       8.7985142                  8.7985142
              8       8.4430162     -0.96431323     -0.77419999     -0.75585205       3.2262794        3.2262794       10.433474                  10.433474
              2       7.7604648     -0.96819375     -0.76119658     -0.78277271       3.2262794        3.2262794       9.0683707                  9.0683707
              1       9.5378582      -1.0204489       -0.720903     -0.85475336       3.2262794        3.2262794       12.623158                  12.623158
              4       9.1005536      -1.0394701     -0.73939398     -0.92841501       3.2262794        3.2262794       11.748548                  11.748548
              1        9.287649      -1.0454545      -0.7422937      -0.9405963       3.2262794        3.2262794       12.122739                  12.122739
              1       7.7476755       -1.013211     -0.77373011     -0.99677462       3.2262794        3.2262794       9.0427922                  9.0427922
              6       7.5188229     -0.99978418     -0.79436651     -0.92430359       3.2262794        3.2262794       8.5850871                  8.5850871
              2       9.0531978      -1.0316039     -0.77273086      -1.0590831       3.2262794        3.2262794       11.653837                  11.653837
              2       7.6759135      -1.0114112     -0.77152197     -0.99200223       3.2262794        3.2262794       8.8992682                  8.8992682
              2       6.8560076     -0.96454477     -0.77721827     -0.89122636       3.2262794        3.2262794       7.2594565                  7.2594565
              1       7.0590102     -0.95737945     -0.75794215     -0.88403283       3.2262794        3.2262794       7.6654616                  7.6654616
              9       7.3976523     -0.98363392     -0.79608619     -0.95451712       3.2262794        3.2262794       8.3427457                  8.3427457
              2        7.374891     -0.98153209     -0.79411358     -0.95789401       3.2262794        3.2262794       8.2972232                  8.2972232
              1       7.4480058     -0.98814601     -0.79266301     -0.97040438       3.2262794        3.2262794       8.4434527                  8.4434527
              3       8.1118324     -0.97670964     -0.79834237      -1.0013726       3.2262794        3.2262794        9.771106                   9.771106
              1       8.4024923     -0.93116753     -0.75205108     -0.73165874       3.2262794        3.2262794       10.352426                  10.352426
              6       8.4740996     -0.92648113     -0.75215904     -0.72984059       3.2262794        3.2262794        10.49564                   10.49564
              3        9.108061     -0.91897956      -0.7416859     -0.70854195       3.2262794        3.2262794       11.763563                  11.763563
              4       7.3659778     -0.94342264     -0.75289293     -0.85668149       3.2262794        3.2262794       8.2793968                  8.2793968
              5       7.9787106      -1.0140614     -0.76708356     -0.87213015       3.2262794        3.2262794       9.5048624                  9.5048624
              1       9.9855025     -0.97663778     -0.83678451     -0.99843904       3.2262794        3.2262794       13.518446                  13.518446
              2       11.960695     -0.95588414     -0.85975469     -0.88812289       3.2262794        3.2262794       17.468831                  17.468831
              3       11.527998        -1.03218     -0.83414657       -1.078446       3.2262794        3.2262794       16.603436                  16.603436
              1       10.387385      -1.0155407     -0.82775872       -1.060563       3.2262794        3.2262794       14.322211                  14.322211
              1       8.9530378      -1.0256429     -0.80562428      -1.0249686       3.2262794        3.2262794       11.453517                  11.453517
              1       10.031169      -1.0060784     -0.77739416     -0.78083739       3.2262794        3.2262794       13.609778                  13.609778
              1       9.4816244     -0.91891307     -0.77859127     -0.69285688       3.2262794        3.2262794        12.51069                   12.51069
              1       9.3123386     -0.91973459     -0.77239587     -0.69444083       3.2262794        3.2262794       12.172118                  12.172118
              1       8.5474881      -0.9198757     -0.77886625      -0.7372533       3.2262794        3.2262794       10.642417                  10.642417
              2        7.355632     -0.97525211     -0.76396269     -0.81617452       3.2262794        3.2262794       8.2587051                  8.2587051
              2       8.1131348     -0.99209728     -0.79396483      -0.8461079       3.2262794        3.2262794       9.7737109                  9.7737109
              1       8.0590573      -1.0075202     -0.79002129     -0.88099392       3.2262794        3.2262794       9.6655557                  9.6655557
              1       7.6831415      -0.9999012     -0.79003766     -0.88452606       3.2262794        3.2262794       8.9137242                  8.9137242
              2       7.8363755      -1.0102032     -0.79315355     -0.92180556       3.2262794        3.2262794       9.2201923                  9.2201923
              2       7.7935825       -1.008716     -0.79305049     -0.91923119       3.2262794        3.2262794       9.1346062                  9.1346062
             11       7.9190438      -1.0165637     -0.75534698     -0.88625296       3.2262794        3.2262794       9.3855288                  9.3855288
              2       8.7861993     -0.92641963     -0.72997907     -0.75119525       3.2262794        3.2262794        11.11984                   11.11984
              2       7.1491199     -0.98062792     -0.75296216     -0.92022476       3.2262794        3.2262794        7.845681                   7.845681
              5       7.9028752     -0.96864939     -0.80831043     -0.86486401       3.2262794        3.2262794       9.3531917                  9.3531917
              1       7.0212666     -0.96732015       -0.762361     -0.91428366       3.2262794        3.2262794       7.5899743                  7.5899743
             10       7.6218543     -0.97458953       -0.776129     -0.98141479       3.2262794        3.2262794       8.7911499                  8.7911499
              3       7.7728489      -1.0052458     -0.76666673      -0.9995903       3.2262794        3.2262794        9.093139                   9.093139
              1        7.894161      -1.0076711       -0.766171      -1.0059607       3.2262794        3.2262794       9.3357631                  9.3357631
              1       9.1564577       -1.027885     -0.80459487      -1.0422207       3.2262794        3.2262794       11.860357                  11.860357
              2       9.3813638      -1.0497359      -0.7909381     -0.99541198       3.2262794        3.2262794       12.310169                  12.310169
              3       9.2714503     -0.98034222     -0.73966876     -0.74382356       3.2262794        3.2262794       12.090342                  12.090342
              4       9.0442539     -0.92136222     -0.79925276     -0.92975638       3.2262794        3.2262794       11.635949                  11.635949
              3       8.5593012      -1.0238008     -0.79210572     -0.91186689       3.2262794        3.2262794       10.666044                  10.666044
              5       8.5735823      -1.0240465     -0.79632816     -0.92663141       3.2262794        3.2262794       10.694606                  10.694606
              1        7.616116      -1.0180336     -0.77587809     -0.94805336       3.2262794        3.2262794       8.7796732                  8.7796732
              2       7.8176943      -1.0208336     -0.76481196     -0.91399632       3.2262794        3.2262794       9.1828297                  9.1828297
              1       8.3938948     -0.99615653     -0.79146317     -0.83600851       3.2262794        3.2262794       10.335231                  10.335231
              3       8.1872475      -0.9937867     -0.79671405     -0.85291983       3.2262794        3.2262794       9.9219363                  9.9219363
              4       8.6098497     -0.99709823     -0.80129541     -0.85118295       3.2262794        3.2262794       10.767141                  10.767141
              1       9.4152794     -0.92545477     -0.82716433     -0.85859662       3.2262794        3.2262794          12.378                     12.378
              1       10.956791     -0.96692462     -0.84232996      -1.0242287       3.2262794        3.2262794       15.461022                  15.461022
              1       9.9162112     -0.95860597      -0.7760394      -1.0447725       3.2262794        3.2262794       13.379864                  13.379864
              8       10.057662      -1.0119886     -0.81522704      -1.0817627       3.2262794        3.2262794       13.662766                  13.662766
             11       7.2177915     -0.98940981     -0.78541287     -0.95882852       3.2262794        3.2262794       7.9830242                  7.9830242
              3       7.5788143     -0.96826143     -0.79680031     -0.95842269       3.2262794        3.2262794       8.7050699                  8.7050699
              5        8.528856      -0.9745839     -0.80436663      -1.0128771       3.2262794        3.2262794       10.605153                  10.605153
              5       9.3108797      -1.0271429     -0.80712623      -1.0478058       3.2262794        3.2262794       12.169201                  12.169201
              4       9.0758601      -1.0301254     -0.80295972      -1.0348569       3.2262794        3.2262794       11.699162                  11.699162
              3       9.0771967      -1.0302563     -0.80295492      -1.0346018       3.2262794        3.2262794       11.701835                  11.701835
              2       10.149379        -1.00632      -0.8089171      -1.0942594       3.2262794        3.2262794       13.846199                  13.846199
              1       10.181084     -0.87894857     -0.77288583     -0.77926689       3.2262794        3.2262794        13.90961                   13.90961
              2        13.31999     -0.89420309     -0.78164019      -0.9959785       3.2262794        3.2262794       20.187421                  20.187421
              3       11.997172     -0.91732907     -0.77266001      -1.0168109       3.2262794        3.2262794       17.541785                  17.541785
              7       10.648192     -0.93051447      -0.7704385      -1.0088938       3.2262794        3.2262794       14.843825                  14.843825
              4       10.038617     -0.97117643     -0.75657704      -1.0478868       3.2262794        3.2262794       13.624676                  13.624676
              3       9.0992003     -0.94214474      -0.7229607      -0.8836582       3.2262794        3.2262794       11.745842                  11.745842
              3       8.6223322     -0.92970117     -0.74510467     -0.72524639       3.2262794        3.2262794       10.792106                  10.792106
              1        9.158401     -0.91138066     -0.77443999     -0.70688493       3.2262794        3.2262794       11.864243                  11.864243
              1       8.1898088     -0.93177332     -0.78266591     -0.75628197       3.2262794        3.2262794       9.9270589                  9.9270589
              1       7.9499863     -0.92787876     -0.75350393     -0.76747439       3.2262794        3.2262794       9.4474138                  9.4474138
              5       9.5669395     -0.91468579     -0.74296713     -0.68612111       3.2262794        3.2262794        12.68132                   12.68132
              5       8.9083254      -0.9150365     -0.75416799     -0.71325522       3.2262794        3.2262794       11.364092                  11.364092
              2        7.894865     -0.94127984     -0.73822601     -0.79133019       3.2262794        3.2262794       9.3371712                  9.3371712
              1        7.431274     -0.96759936     -0.75909097      -0.9436416       3.2262794        3.2262794       8.4099891                  8.4099891
              1       7.1229441      -0.9660041     -0.78740217     -0.92708187       3.2262794        3.2262794       7.7933294                  7.7933294
              5       7.4557662      -0.9622778     -0.80161681     -0.87806785       3.2262794        3.2262794       8.4589737                  8.4589737
              8       6.8896606     -0.95741343     -0.77476784     -0.87405846       3.2262794        3.2262794       7.3267625                  7.3267625
              2       8.2825587     -0.94507043     -0.81340193       -0.917169       3.2262794        3.2262794       10.112559                  10.112559
              1       11.007971     -0.97984653     -0.84861375     -0.90574478       3.2262794        3.2262794       15.563383                  15.563383
              1       10.640005      -0.9982818     -0.79081286     -0.76482797       3.2262794        3.2262794       14.827452                  14.827452
              1       10.418461      -1.0311553     -0.78465105     -0.83909003       3.2262794        3.2262794       14.384363                  14.384363
              1       8.1707538     -0.99730371      -0.7886847      -1.0258713       3.2262794        3.2262794       9.8889487                  9.8889487
              1       11.986926     -0.90706123     -0.69509054     -0.78674116       3.2262794        3.2262794       17.521294                  17.521294
              4       12.167112      -0.8832469     -0.70959444      -0.7514157       3.2262794        3.2262794       17.881665                  17.881665
              1       11.412543     -0.99179305     -0.79968161     -0.74650081       3.2262794        3.2262794       16.372527                  16.372527
              1       11.416297     -0.99462778     -0.79755923     -0.74842216       3.2262794        3.2262794       16.380035                  16.380035
              4        10.11277      -1.0205469     -0.81518746     -0.88974957       3.2262794        3.2262794       13.772981                  13.772981
              2       8.7254608        -1.00783      -0.7716114     -0.82195365       3.2262794        3.2262794       10.998363                  10.998363
              2       8.6051395      -1.0341435     -0.76330713     -0.90710556       3.2262794        3.2262794        10.75772                   10.75772
              4       7.3757967       -1.007941     -0.76091334     -0.94854996       3.2262794        3.2262794       8.2990346                  8.2990346
              5       7.1871686     -0.98010067     -0.74827596     -0.90442992       3.2262794        3.2262794       7.9217784                  7.9217784
              2       7.4514387     -0.95413819      -0.7528314     -0.90507171       3.2262794        3.2262794       8.4503186                  8.4503186
              1       7.3959207     -0.95403447     -0.75375397     -0.90237609       3.2262794        3.2262794       8.3392826                  8.3392826
              3       7.5146798     -0.94981862     -0.76221878     -0.91823343       3.2262794        3.2262794       8.5768008                  8.5768008
              8       7.8042122     -0.92538887      -0.7648496     -0.77963257       3.2262794        3.2262794       9.1558655                  9.1558655
              7       7.1994231     -0.94605255     -0.77418065     -0.81668227       3.2262794        3.2262794       7.9462875                  7.9462875
              3       7.1999204      -0.9464088     -0.77383223     -0.81584116       3.2262794        3.2262794        7.947282                   7.947282
              4       7.4556081     -0.94597363     -0.79388131       -0.898409       3.2262794        3.2262794       8.4586574                  8.4586574
              3       7.1000404     -0.96543196     -0.75000103     -0.84750843       3.2262794        3.2262794       7.7475219                  7.7475219
              1       7.1465396     -0.97281407      -0.7504013     -0.84202993       3.2262794        3.2262794       7.8405204                  7.8405204
              3       7.0209134     -0.98227306     -0.78498321     -0.93126324       3.2262794        3.2262794       7.5892681                  7.5892681
              7       7.1313069     -0.98527585     -0.78958998     -0.93336822       3.2262794        3.2262794       7.8100551                  7.8100551
              1       7.8079295      -1.0148648     -0.74707611     -0.91619369       3.2262794        3.2262794       9.1633003                  9.1633003
              6       7.9803254      -1.0154894     -0.74406881     -0.94879789       3.2262794        3.2262794       9.5080919                  9.5080919
              5       7.9506864      -1.0135378     -0.74356589     -0.94827241       3.2262794        3.2262794       9.4488141                  9.4488141
              2        10.68745      -1.0575402     -0.76585411     -0.89450612       3.2262794        3.2262794       14.922342                  14.922342
              1        9.912776      -1.0607017     -0.75842719      -0.9550785       3.2262794        3.2262794       13.372993                  13.372993
              2        9.785425      -1.0604008     -0.76608785     -0.96640311       3.2262794        3.2262794       13.118291                  13.118291
             14       7.1438135      -0.9894665     -0.75157314     -0.88279905       3.2262794        3.2262794       7.8350681                  7.8350681
              1       8.6164318     -0.98953323      -0.7218824     -0.82317684       3.2262794        3.2262794       10.780305                  10.780305
              4       9.5713503     -0.95850583     -0.82901257     -0.98670171       3.2262794        3.2262794       12.690142                  12.690142
              1       10.927159     -0.86981678     -0.76156073     -0.74207582       3.2262794        3.2262794       15.401759                  15.401759
              1         9.66369     -0.95168782     -0.70458666     -0.77660483       3.2262794        3.2262794       12.874821                  12.874821
              1       9.8091764     -0.95127401     -0.70271655     -0.77559816       3.2262794        3.2262794       13.165794                  13.165794
              1       9.6521825     -0.94164964     -0.70601961     -0.78499578       3.2262794        3.2262794       12.851806                  12.851806
              2       9.8786229     -0.98483505     -0.70585965     -0.91798573       3.2262794        3.2262794       13.304687                  13.304687
              2       9.1931229       -1.008929     -0.73079609     -0.99629692       3.2262794        3.2262794       11.933687                  11.933687
              5       7.7577543      -0.9673622     -0.80862744     -0.88652257       3.2262794        3.2262794       9.0629497                  9.0629497
              1       7.3490493     -0.96798669     -0.79975261     -0.89094596       3.2262794        3.2262794       8.2455398                  8.2455398
              3       7.0411682     -0.97950398     -0.78747535     -0.89174026       3.2262794        3.2262794       7.6297775                  7.6297775
             11       6.9401136     -0.97651044      -0.7848846     -0.90478937       3.2262794        3.2262794       7.4276684                  7.4276684
              4       8.9504402     -0.95272166     -0.74886018     -0.71682492       3.2262794        3.2262794       11.448322                  11.448322
              1       7.2682255     -0.99984129     -0.76647544     -0.88118052       3.2262794        3.2262794       8.0838921                  8.0838921
              1       7.7342381       -1.010239     -0.76514575     -0.87528375       3.2262794        3.2262794       9.0159174                  9.0159174
              4        8.880864       -1.020368     -0.72707131      -0.8914442       3.2262794        3.2262794       11.309169                  11.309169
              2       7.8785612     -0.96433562     -0.74662963     -0.77697826       3.2262794        3.2262794       9.3045636                  9.3045636
              3       8.0943412       -0.942435     -0.78689191     -0.94815313       3.2262794        3.2262794       9.7361237                  9.7361237
              1       8.8962324     -0.94243046     -0.71921331     -0.76645579       3.2262794        3.2262794       11.339906                  11.339906
              4       8.1626524     -0.94505114     -0.73016698     -0.79014452       3.2262794        3.2262794       9.8727461                  9.8727461
              3       10.315891     -0.92350338     -0.70596924      -0.7329224       3.2262794        3.2262794       14.179223                  14.179223
              3       10.363298     -0.92048216     -0.70998108     -0.70940457       3.2262794        3.2262794       14.274038                  14.274038
              5       10.324141     -0.92196271     -0.71443998      -0.6931184       3.2262794        3.2262794       14.195724                  14.195724
              3       9.7966151     -0.92526431     -0.71295085     -0.73674615       3.2262794        3.2262794       13.140671                  13.140671
              3       10.435909     -0.90737069     -0.71822217     -0.69532957       3.2262794        3.2262794       14.419259                  14.419259
              1       10.327301     -0.90386151     -0.71865106     -0.71804544       3.2262794        3.2262794       14.202044                  14.202044
              7       8.2353465     -0.93308837     -0.73449476     -0.78347674       3.2262794        3.2262794       10.018134                  10.018134
              2       8.9002576      -0.9032556     -0.77598525     -0.84925244       3.2262794        3.2262794       11.347956                  11.347956
              2       8.0903836     -0.92698882     -0.75738331     -0.87736697       3.2262794        3.2262794       9.7282084                  9.7282084
              2       9.8673317     -0.88529557     -0.75976234     -0.73011748       3.2262794        3.2262794       13.282105                  13.282105
              1         8.63389     -0.91375447     -0.76967624     -0.73163253       3.2262794        3.2262794       10.815221                  10.815221
              4       9.8038185      -1.0363069     -0.78833218     -0.88271908       3.2262794        3.2262794       13.155078                  13.155078
              4       8.2416542       -1.004509     -0.79943334     -0.88714099       3.2262794        3.2262794        10.03075                   10.03075
              1       8.9264167     -0.96515798     -0.72767607     -0.94041876       3.2262794        3.2262794       11.400275                  11.400275
              3       9.0652495     -0.89971475     -0.75390044      -0.7976557       3.2262794        3.2262794        11.67794                   11.67794
              1       9.4997229      -0.9596337     -0.71123089     -0.89262099       3.2262794        3.2262794       12.546887                  12.546887
              4       9.5350605     -0.97388354     -0.70465712     -0.80515673       3.2262794        3.2262794       12.617562                  12.617562
              2       8.8545837     -0.97254529     -0.71238782     -0.83585688       3.2262794        3.2262794       11.256609                  11.256609
              1       8.6162597     -0.96083799     -0.74334636     -0.74005228       3.2262794        3.2262794       10.779961                  10.779961
              1       8.0281835     -0.92140428     -0.76865552     -0.76549726       3.2262794        3.2262794       9.6038082                  9.6038082
              4       8.4513109     -0.91719099      -0.7930496     -0.87844504       3.2262794        3.2262794       10.450063                  10.450063
              6       9.2764595     -0.90274529     -0.77521033     -0.87471721       3.2262794        3.2262794        12.10036                   12.10036
              5       8.7039534     -0.93981762     -0.78238843     -0.97084966       3.2262794        3.2262794       10.955348                  10.955348
              8       8.6883162     -0.94362708     -0.80692116      -0.9642738       3.2262794        3.2262794       10.924074                  10.924074
              2       7.9680116      -0.9451711     -0.80324893      -0.9261993       3.2262794        3.2262794       9.4834644                  9.4834644
              1       7.9833091     -0.93852452     -0.79589037     -0.92258946       3.2262794        3.2262794       9.5140594                  9.5140594
              9       7.2293051     -0.99677726     -0.75466324     -0.93028426       3.2262794        3.2262794       8.0060514                  8.0060514
              4       7.4673324     -0.97613913     -0.76440835     -0.81065837       3.2262794        3.2262794        8.482106                   8.482106
              2        9.268918      -1.0490247     -0.78881696     -0.99769205       3.2262794        3.2262794       12.085277                  12.085277
              1       9.9727322      -1.0026053     -0.80708099      -1.0886979       3.2262794        3.2262794       13.492906                  13.492906
              2       8.8825469     -0.97093518     -0.81207961     -0.81800516       3.2262794        3.2262794       11.312535                  11.312535
              2        9.674009      -1.0045832     -0.73523135     -0.77895053       3.2262794        3.2262794       12.895459                  12.895459
              2       8.6688136     -0.99343629     -0.74149099     -0.78944739       3.2262794        3.2262794       10.885068                  10.885068
              1        9.112864      -1.0417802     -0.74468252     -0.92311659       3.2262794        3.2262794       11.773169                  11.773169
              7        7.629583      -1.0141788     -0.78279685     -0.97335257       3.2262794        3.2262794       8.8066072                  8.8066072
              6        7.902331     -0.98513461     -0.76175338     -0.80236177       3.2262794        3.2262794       9.3521033                  9.3521033
              1       7.9175581      -0.9920549     -0.73103528     -0.89600865       3.2262794        3.2262794       9.3825574                  9.3825574
              3        8.459748     -0.93628026     -0.75160797     -0.72807165       3.2262794        3.2262794       10.466937                  10.466937
              8        8.496392     -0.95422883     -0.78128734      -0.7500629       3.2262794        3.2262794       10.540225                  10.540225
              2       8.1425866     -0.95533171     -0.77448862     -0.75861245       3.2262794        3.2262794       9.8326144                  9.8326144
              3       7.3053433      -0.9738576     -0.77030714     -0.82042287       3.2262794        3.2262794       8.1581278                  8.1581278
              7       7.3397243     -0.96954128     -0.77326953     -0.81463013       3.2262794        3.2262794       8.2268899                  8.2268899
              6       6.8863081     -0.98103298      -0.7607282     -0.89034776       3.2262794        3.2262794       7.3200575                  7.3200575
              1       8.1236148     -0.91563146     -0.75879237     -0.79238019       3.2262794        3.2262794       9.7946707                  9.7946707
              2       8.6136822     -0.94954675     -0.78542608     -0.74656233       3.2262794        3.2262794       10.774806                  10.774806
              1       9.7358057     -0.96510841      -0.7505425     -0.70482653       3.2262794        3.2262794       13.019053                  13.019053
             14       6.9909823     -0.97383534     -0.78190783     -0.86571343       3.2262794        3.2262794       7.5294058                  7.5294058
              5       7.0230345     -0.96462785     -0.78205172     -0.85072139       3.2262794        3.2262794       7.5935101                  7.5935101
              2       6.9499672     -0.96567129     -0.78295612      -0.8669863       3.2262794        3.2262794       7.4473756                  7.4473756
              4       7.0189098     -0.96347196     -0.78105586     -0.84798871       3.2262794        3.2262794       7.5852607                  7.5852607
              1       6.8219367     -0.96800906     -0.76804626     -0.86836708       3.2262794        3.2262794       7.1913146                  7.1913146
              2       8.1027728     -0.99056236     -0.79888443      -1.0099021       3.2262794        3.2262794       9.7529868                  9.7529868
              1       10.063758       -1.016209      -0.8231645      -1.0582218       3.2262794        3.2262794       13.674957                  13.674957
              2       9.9310511      -1.0169226     -0.82244134      -1.0515166       3.2262794        3.2262794       13.409543                  13.409543
              7       10.041784      -1.0259635     -0.82132436      -1.0488518       3.2262794        3.2262794       13.631009                  13.631009
              2       9.9694524      -1.0148333     -0.82935415     -0.96375429       3.2262794        3.2262794       13.486346                  13.486346
              4       7.0495785     -0.98953747     -0.77831158       -0.945049       3.2262794        3.2262794       7.6465981                  7.6465981
              3       7.1735859     -0.99000021     -0.78441695     -0.95447606       3.2262794        3.2262794       7.8946131                  7.8946131
              1       6.9475344     -0.98031758      -0.7713101     -0.93209381       3.2262794        3.2262794         7.44251                    7.44251
              6       7.0161518     -0.96591135     -0.75736637     -0.89805175       3.2262794        3.2262794       7.5797447                  7.5797447
              2       7.5534772     -0.99136096     -0.78395067     -0.99018168       3.2262794        3.2262794       8.6543957                  8.6543957
              3       7.6473876      -1.0158249     -0.78307214     -0.96341495       3.2262794        3.2262794       8.8422164                  8.8422164
              2       7.3920173     -0.93915419      -0.7575888     -0.85746374       3.2262794        3.2262794       8.3314757                  8.3314757
              1       7.3872187      -0.9986881     -0.77209177     -0.86989464       3.2262794        3.2262794       8.3218786                  8.3218786
              3       8.4119721     -0.98031463     -0.76001048     -0.77186177       3.2262794        3.2262794       10.371385                  10.371385
              3       8.0252875     -0.98879076     -0.77427885     -0.81152426       3.2262794        3.2262794       9.5980162                  9.5980162
              1       7.9308022     -0.96055255      -0.7601486     -0.76569137       3.2262794        3.2262794       9.4090455                  9.4090455
              6       8.9011092       -1.039435     -0.79113505     -0.96539883       3.2262794        3.2262794        11.34966                   11.34966
              2       7.6137368     -0.96587167     -0.74631893     -0.92392828       3.2262794        3.2262794       8.7749148                  8.7749148
              1       7.7572195     -0.92235199      -0.7664589     -0.81861225       3.2262794        3.2262794       9.0618803                  9.0618803
              2        9.084851     -0.91827165     -0.77935983     -0.71069437       3.2262794        3.2262794       11.717143                  11.717143
              1       9.5950888      -1.0240142     -0.77202348     -0.83199941       3.2262794        3.2262794       12.737619                  12.737619
              1       8.3749598      -1.0069954     -0.73881245      -0.9769347       3.2262794        3.2262794       10.297361                  10.297361
              3       9.3733206      -1.0207351     -0.78218227      -1.0807923       3.2262794        3.2262794       12.294082                  12.294082
              1        9.277634      -1.0204067     -0.78205046      -1.0770958       3.2262794        3.2262794       12.102709                  12.102709
              1       9.1235786     -0.98078178     -0.74975185      -1.0209291       3.2262794        3.2262794       11.794598                  11.794598
              5       9.2094848      -1.0069905     -0.74209305      -1.0271778       3.2262794        3.2262794       11.966411                  11.966411
              3       8.9805116     -0.99814928     -0.73908822      -1.0076905       3.2262794        3.2262794       11.508464                  11.508464
              2       9.2348694     -0.99829579     -0.74164558      -1.0237041       3.2262794        3.2262794        12.01718                   12.01718
              1       8.2062451     -0.98286458     -0.75915352      -1.0024726       3.2262794        3.2262794       9.9599313                  9.9599313
              3       7.2454647     -0.99161056     -0.74807593     -0.89120217       3.2262794        3.2262794       8.0383707                  8.0383707
              3        7.200986     -0.98836213     -0.74815397     -0.88730498       3.2262794        3.2262794       7.9494131                  7.9494131
              1       7.6982406     -0.96183805     -0.73372839     -0.86027923       3.2262794        3.2262794       8.9439224                  8.9439224
              9       7.5459453     -0.97843449     -0.74463638     -0.93001214       3.2262794        3.2262794       8.6393317                  8.6393317
              7       7.6187723     -0.96808654     -0.77525037     -0.97226418       3.2262794        3.2262794       8.7849858                  8.7849858
              4       7.5781042     -0.96762925     -0.77635348     -0.96976105       3.2262794        3.2262794       8.7036495                  8.7036495
              2       7.7994756     -0.94618361     -0.75346336     -0.91184641       3.2262794        3.2262794       9.1463925                  9.1463925
              5       7.7022161     -0.94413818     -0.75486241     -0.90241154       3.2262794        3.2262794       8.9518734                  8.9518734
              1       7.6773148     -0.94400026     -0.75554496     -0.90165482       3.2262794        3.2262794       8.9020709                  8.9020709
             13       8.8324801      -1.0402796     -0.74670349     -0.95878133       3.2262794        3.2262794       11.212401                  11.212401
              7       8.6947407       -1.027217     -0.73946845     -0.97744641       3.2262794        3.2262794       10.936923                  10.936923
              1       8.5084605      -1.0140476     -0.72889481     -0.91516875       3.2262794        3.2262794       10.564362                  10.564362
              3       6.9245345     -0.98403046     -0.76233906     -0.87910907       3.2262794        3.2262794       7.3965102                  7.3965102
              8       7.0928984      -0.9869613     -0.75664062     -0.86626175       3.2262794        3.2262794        7.733238                   7.733238
              2       6.9981376     -0.97624881      -0.7669996     -0.84819872       3.2262794        3.2262794       7.5437165                  7.5437165
              5       7.6002765     -0.93898105     -0.76403893     -0.89531972       3.2262794        3.2262794       8.7479942                  8.7479942
              1       8.9258736     -0.91658912     -0.80015815     -0.90320171       3.2262794        3.2262794       11.399188                  11.399188
              9       9.3074428      -0.9545207     -0.81104848      -1.0098595       3.2262794        3.2262794       12.162327                  12.162327
              6       12.298976     -0.90867199     -0.80483051      -1.0109079       3.2262794        3.2262794       18.145394                  18.145394
              1       12.472375     -0.89964282     -0.81025907     -0.98818634       3.2262794        3.2262794       18.492192                  18.492192
              1       10.592067     -0.90977627      -0.7967045     -0.96226277       3.2262794        3.2262794       14.731576                  14.731576
              5       9.9266247     -0.93792996     -0.81512907     -0.99643936       3.2262794        3.2262794       13.400691                  13.400691
              6       6.8451383     -0.96627138     -0.77391886     -0.89736093       3.2262794        3.2262794       7.2377178                  7.2377178
              6       7.4529798     -0.97436235     -0.73829236     -0.85268372       3.2262794        3.2262794       8.4534007                  8.4534007
              1       7.8225705     -0.96092425     -0.73122297     -0.82450679       3.2262794        3.2262794       9.1925821                  9.1925821
              1       7.7617806     -0.95841557     -0.73591653     -0.80337638       3.2262794        3.2262794       9.0710025                  9.0710025
              6       7.8854461     -0.92020969     -0.77126652     -0.84101814       3.2262794        3.2262794       9.3183335                  9.3183335
              1       8.0688762     -0.91759724      -0.7697107     -0.84793148       3.2262794        3.2262794       9.6851936                  9.6851936
             10        7.771361     -0.92715346     -0.79050458     -0.84928769       3.2262794        3.2262794       9.0901631                  9.0901631
              6       6.9382044     -0.95687324     -0.76378051     -0.84663477       3.2262794        3.2262794       7.4238499                  7.4238499
              4       7.3357907     -0.95260148      -0.7753059     -0.80291652       3.2262794        3.2262794       8.2190227                  8.2190227
              1       8.0004963      -1.0175813     -0.78306839     -0.90509958       3.2262794        3.2262794       9.5484337                  9.5484337
              3       8.9793343     -0.98551774     -0.81675174     -0.85709389       3.2262794        3.2262794        11.50611                   11.50611
              4       9.3213177     -0.97889559     -0.80085504     -0.78484223       3.2262794        3.2262794       12.190077                  12.190077
              2       10.266982      -1.0362527     -0.77866231     -0.85071157       3.2262794        3.2262794       14.081405                  14.081405
              1       10.653331      -1.0270598      -0.8275448     -0.94330251       3.2262794        3.2262794       14.854103                  14.854103
              2       9.8893761      -1.0205062     -0.82354163     -0.94669413       3.2262794        3.2262794       13.326193                  13.326193
              3       9.8267021      -1.0128195     -0.80794381     -0.85645541       3.2262794        3.2262794       13.200846                  13.200846
              3       8.8798219     -0.96225659     -0.77219936     -0.73611696       3.2262794        3.2262794       11.307085                  11.307085
              2       7.6601003     -0.92618307     -0.77721852     -0.80595279       3.2262794        3.2262794       8.8676418                  8.8676418
              2       8.9512476     -0.90567238     -0.79478867     -0.76542788       3.2262794        3.2262794       11.449936                  11.449936
              1       8.3239532     -0.91895179     -0.74958797     -0.75835985       3.2262794        3.2262794       10.195348                  10.195348
              2        7.426234     -0.93867105     -0.75361379     -0.81624963       3.2262794        3.2262794       8.3999093                  8.3999093
              6       7.4956627     -0.94101685     -0.75901872     -0.78729214       3.2262794        3.2262794       8.5387667                  8.5387667
              2       7.7363781     -0.96451836     -0.76272612     -0.77995506       3.2262794        3.2262794       9.0201975                  9.0201975
              1       7.8435326      -0.9652275     -0.75746925     -0.77486641       3.2262794        3.2262794       9.2345063                  9.2345063
              1       7.4857326     -0.93869054     -0.75044744     -0.82925321       3.2262794        3.2262794       8.5189064                  8.5189064
              9       7.4505665     -0.94012899     -0.75044524     -0.83263234       3.2262794        3.2262794       8.4485742                  8.4485742
              3       7.5615674     -0.96155861     -0.76466177     -0.94971178       3.2262794        3.2262794        8.670576                   8.670576
              6       7.5045167     -0.95973044      -0.7546432     -0.92603713       3.2262794        3.2262794       8.5564746                  8.5564746
              1       7.4993851     -0.95708763      -0.7566758     -0.92442038       3.2262794        3.2262794       8.5462114                  8.5462114
              1       7.5146971     -0.94470636     -0.74439264     -0.83041281       3.2262794        3.2262794       8.5768355                  8.5768355
              6       7.3849373     -0.99674836     -0.75632249      -0.8620094       3.2262794        3.2262794       8.3173158                  8.3173158
              2         7.80937     -0.95679228     -0.78335856     -0.78632142       3.2262794        3.2262794       9.1661812                  9.1661812
              3       7.7791868       -0.947206     -0.75584052     -0.76563146       3.2262794        3.2262794       9.1058149                  9.1058149
              8       7.5001551     -0.97006318     -0.80082691     -0.87158334       3.2262794        3.2262794       8.5477514                  8.5477514
              3       7.6926034     -0.94188135     -0.79172111       -0.915573       3.2262794        3.2262794       8.9326479                  8.9326479
              1       8.9945697      -0.8972167     -0.78073261     -0.80484236       3.2262794        3.2262794       11.536581                  11.536581
              3       7.9941276     -0.92911434      -0.7974342     -0.88076767       3.2262794        3.2262794       9.5356965                  9.5356965
              3       7.7031001     -0.99821194     -0.78538488       -1.000281       3.2262794        3.2262794       8.9536413                  8.9536413
              3       7.7195731     -0.97493735     -0.75784648      -0.9687534       3.2262794        3.2262794       8.9865875                  8.9865875
              2       6.9963932     -0.97630292     -0.78773346      -0.9052125       3.2262794        3.2262794       7.5402276                  7.5402276
              5       7.1585242     -0.95929198     -0.79264848     -0.89433014       3.2262794        3.2262794       7.8644897                  7.8644897
              2       7.3721687     -0.97043965     -0.79929341     -0.92822775       3.2262794        3.2262794       8.2917787                  8.2917787
              3       8.6263658     -0.90522138     -0.78069029     -0.83121648       3.2262794        3.2262794       10.800173                  10.800173
              3       10.776472     -0.89391781     -0.81824556     -0.88313918       3.2262794        3.2262794       15.100385                  15.100385
              1       10.607065     -0.98942784     -0.70542712     -0.75812489       3.2262794        3.2262794       14.761572                  14.761572
              2       10.641124      -1.0085481     -0.69776269     -0.84694305       3.2262794        3.2262794        14.82969                   14.82969
              3       8.3557573     -0.98782071     -0.72577162     -0.82569653       3.2262794        3.2262794       10.258956                  10.258956
             12       7.0025155     -0.95453725      -0.7715354     -0.89263585       3.2262794        3.2262794       7.5524721                  7.5524721
              5       8.0831511      -1.0026802     -0.76976484      -1.0199135       3.2262794        3.2262794       9.7137435                  9.7137435
              1       7.9557347      -1.0052207     -0.76598557      -1.0098648       3.2262794        3.2262794       9.4589107                  9.4589107
              9       7.2528648     -0.99394692     -0.76803376     -0.96426582       3.2262794        3.2262794       8.0531709                  8.0531709
              4       7.3125411     -0.98576248     -0.77856641     -0.97208943       3.2262794        3.2262794       8.1725234                  8.1725234
              1       9.2257909     -0.94440281      -0.8182206     -0.97231265       3.2262794        3.2262794       11.999023                  11.999023
              1        9.484269     -0.95703922     -0.83562973     -0.90916044       3.2262794        3.2262794       12.515979                  12.515979
              5       9.2202643      -0.9035157     -0.80203148     -0.77294844       3.2262794        3.2262794        11.98797                   11.98797
              1       11.052144     -0.87108308       -0.792788     -0.79840076       3.2262794        3.2262794       15.651729                  15.651729
              4       11.630203     -0.90569828      -0.8465785     -0.83068695       3.2262794        3.2262794       16.807846                  16.807846
             12        8.669255     -0.94266953     -0.75835703     -0.71970625       3.2262794        3.2262794       10.885951                  10.885951
              2        7.637258      -1.0023319     -0.78124254     -0.87477852       3.2262794        3.2262794       8.8219572                  8.8219572
              3       7.6408329     -0.99633344     -0.80046693     -0.94969313       3.2262794        3.2262794        8.829107                   8.829107
              2       6.9359336     -0.96279659     -0.76985812     -0.84210333       3.2262794        3.2262794       7.4193084                  7.4193084
              2       6.9301421     -0.96464185     -0.75923752     -0.88466209       3.2262794        3.2262794       7.4077255                  7.4077255
              2       7.5703532      -1.0125573     -0.77145616     -0.97931851       3.2262794        3.2262794       8.6881476                  8.6881476
              1       7.8453502      -1.0168649     -0.76633086     -0.99484392       3.2262794        3.2262794       9.2381416                  9.2381416
              2       7.9436009     -0.98140772     -0.77286888      -1.0032581       3.2262794        3.2262794        9.434643                   9.434643
              2       7.5639214     -0.98483804     -0.77682476     -0.98819187       3.2262794        3.2262794        8.675284                   8.675284
              4       7.2725105     -0.95078828      -0.7535226     -0.87801126       3.2262794        3.2262794       8.0924623                  8.0924623
              2       7.2512908     -0.93828074     -0.76562312     -0.83835063       3.2262794        3.2262794       8.0500229                  8.0500229
              1       7.3032781     -0.95212295     -0.75447151     -0.80505256       3.2262794        3.2262794       8.1539975                  8.1539975
              1       7.9724984     -0.96119173     -0.73747622     -0.91200263       3.2262794        3.2262794        9.492438                   9.492438
              3       8.4108959     -0.94872294     -0.72998456     -0.88496023       3.2262794        3.2262794       10.369233                  10.369233
              1       8.8845634     -0.93943792     -0.72999234     -0.89133559       3.2262794        3.2262794       11.316568                  11.316568
              1        10.11772     -0.90008984      -0.7242476     -0.76432283       3.2262794        3.2262794       13.782882                  13.782882
              3       10.070088     -0.90076011     -0.72450573     -0.76675279       3.2262794        3.2262794       13.687617                  13.687617
              1       8.3078338      -1.0255473     -0.74310355     -0.94612465       3.2262794        3.2262794       10.163109                  10.163109
              6       7.6166507      -1.0172111     -0.77116953     -0.97020452       3.2262794        3.2262794       8.7807426                  8.7807426
              1       7.6003262      -1.0065889     -0.76237663     -0.98092454       3.2262794        3.2262794       8.7480937                  8.7480937
              1       7.3489135     -0.93456432     -0.77626217     -0.83047879       3.2262794        3.2262794       8.2452683                  8.2452683
              1       7.1056301     -0.94887844      -0.7844297      -0.8678954       3.2262794        3.2262794       7.7587014                  7.7587014
              2       6.9825826     -0.95348197     -0.78059105      -0.8677341       3.2262794        3.2262794       7.5126064                  7.5126064
              3       7.1974608     -0.94729341     -0.78804019     -0.86460805       3.2262794        3.2262794       7.9423628                  7.9423628
              5       7.0721201     -0.94663324     -0.76706727     -0.83564639       3.2262794        3.2262794       7.6916815                  7.6916815
              1        7.771946     -0.97298672     -0.80527746     -0.95791847       3.2262794        3.2262794       9.0913332                  9.0913332
              6       7.2233952     -0.97961182     -0.78917762     -0.95143829       3.2262794        3.2262794       7.9942316                  7.9942316
              2        7.226622     -0.98940212     -0.78959438     -0.94916639       3.2262794        3.2262794       8.0006852                  8.0006852
              6       6.9481557     -0.98472961     -0.78084022     -0.92317407       3.2262794        3.2262794       7.4437526                  7.4437526
             11       10.230759      -1.0343696     -0.79566337     -0.87412333       3.2262794        3.2262794       14.008959                  14.008959
              1       8.5109251     -0.93273711     -0.79153534     -0.94256024       3.2262794        3.2262794       10.569291                  10.569291
              1       8.5287057     -0.93382669     -0.79196836     -0.94636063       3.2262794        3.2262794       10.604853                  10.604853
              6       6.8763881     -0.97056784     -0.77962805      -0.9067726       3.2262794        3.2262794       7.3002174                  7.3002174
             10       6.8752885     -0.96693102       -0.763553     -0.85618813       3.2262794        3.2262794       7.2980181                  7.2980181
             13       7.1208924     -0.94862426     -0.78270724     -0.88253571       3.2262794        3.2262794        7.789226                   7.789226
              6       6.9842912     -0.96793648     -0.78757276     -0.89177166       3.2262794        3.2262794       7.5160237                  7.5160237
              6       7.3261802     -0.99959956     -0.75087962     -0.89545652       3.2262794        3.2262794       8.1998016                  8.1998016
              1       7.3483816     -0.96710975     -0.74551127     -0.82291191       3.2262794        3.2262794       8.2442044                  8.2442044
              1       8.9175197      -1.0331934     -0.79983652       -1.016776       3.2262794        3.2262794       11.382481                  11.382481
              4       9.4753044      -1.0327813       -0.810416     -0.96397133       3.2262794        3.2262794        12.49805                   12.49805
              1       7.7124535     -0.98822287     -0.77945172     -0.99942583       3.2262794        3.2262794       8.9723483                  8.9723483
              4       10.603574      -1.0546151     -0.72656598      -0.9262316       3.2262794        3.2262794       14.754589                  14.754589
              1       9.9264509      -1.0315211     -0.79113394     -0.86770397       3.2262794        3.2262794       13.400343                  13.400343
              3       9.8284421      -1.0276391     -0.78959428     -0.85693158       3.2262794        3.2262794       13.204325                  13.204325
              4       8.8017186      -1.0448047     -0.77613077      -0.9757501       3.2262794        3.2262794       11.150878                  11.150878
              2       8.7891014      -1.0408366     -0.78490752      -1.0126995       3.2262794        3.2262794       11.125644                  11.125644
              3       9.4997978      -1.0078167     -0.72646602     -0.99668727       3.2262794        3.2262794       12.547037                  12.547037
              1       9.9844587      -1.0190046      -0.7379855      -1.0488307       3.2262794        3.2262794       13.516359                  13.516359
              2       9.8328624      -1.0221293     -0.78365374      -1.0975941       3.2262794        3.2262794       13.213166                  13.213166
              4       8.2462494     -0.99509126     -0.78627058      -1.0296623       3.2262794        3.2262794        10.03994                   10.03994
              1       7.5382362     -0.97640371     -0.80434555     -0.91741484       3.2262794        3.2262794       8.6239136                  8.6239136
             24       7.8692614     -0.92003054     -0.78034894     -0.82982104       3.2262794        3.2262794       9.2859639                  9.2859639
              3       7.7755633     -0.92878438     -0.75091396     -0.82118269       3.2262794        3.2262794       9.0985679                  9.0985679
              2       7.3489152     -0.95440392     -0.78263679     -0.92988428       3.2262794        3.2262794       8.2452716                  8.2452716
              1        7.171946     -0.95482244     -0.77390339      -0.9154018       3.2262794        3.2262794       7.8913332                  7.8913332
              3        7.071306     -0.99459067     -0.78096456     -0.92790699       3.2262794        3.2262794       7.6900533                  7.6900533
              5       8.5517084      -1.0080236     -0.73405054      -0.9709056       3.2262794        3.2262794       10.650858                  10.650858
              1       10.788372      -1.0238622     -0.73184909      -1.0622028       3.2262794        3.2262794       15.124185                  15.124185
              1       11.120068      -1.0377176     -0.73186333      -1.0704091       3.2262794        3.2262794       15.787577                  15.787577
              8        14.81274      -1.0383202      -0.6836441      -1.0239391       3.2262794        3.2262794       23.172922                  23.172922
              1       14.205486      -1.0150228       -0.680791     -0.99570684       3.2262794        3.2262794       21.958413                  21.958413
              2       8.5721229     -0.98539089     -0.79235442      -1.0357279       3.2262794        3.2262794       10.691687                  10.691687
              2       7.3072486     -0.95667224     -0.74509144     -0.85780695       3.2262794        3.2262794       8.1619384                  8.1619384
              1       8.1996591     -0.94145057     -0.75324554     -0.92275239       3.2262794        3.2262794       9.9467593                  9.9467593
              1        8.448492     -0.94328048     -0.81089545     -0.93872167       3.2262794        3.2262794       10.444425                  10.444425
              6       8.3963902     -0.95422618     -0.81107833     -0.96108397       3.2262794        3.2262794       10.340222                  10.340222
              1       8.6349482     -0.95223966     -0.81155177     -0.97129456       3.2262794        3.2262794       10.817338                  10.817338
              1       8.9045176     -0.95697817     -0.81623959     -0.98488628       3.2262794        3.2262794       11.356476                  11.356476
              4        7.911542      -1.0212145     -0.78562922     -0.98079232       3.2262794        3.2262794       9.3705253                  9.3705253
              2       7.5476606       -1.001103     -0.77748853      -0.9910585       3.2262794        3.2262794       8.6427625                  8.6427625
              4       7.8032315      -1.0118686     -0.79320378      -0.9751204       3.2262794        3.2262794       9.1539043                  9.1539043
              3       7.8573756      -1.0129066     -0.79368533     -0.97838719       3.2262794        3.2262794       9.2621924                  9.2621924
              6       9.2676184      -1.0230525     -0.81380576     -0.95071377       3.2262794        3.2262794       12.082678                  12.082678
              2       7.9365215     -0.99882034     -0.73379607     -0.91544354       3.2262794        3.2262794       9.4204843                  9.4204843
              5       7.9155214     -0.98463073     -0.72972939     -0.89127297       3.2262794        3.2262794       9.3784841                  9.3784841
              2       6.9097058     -0.97901627     -0.76186791     -0.86841679       3.2262794        3.2262794       7.3668529                  7.3668529
              1       7.3649279     -0.98767559      -0.7553016     -0.84052076       3.2262794        3.2262794        8.277297                   8.277297
              2       7.5864949      -0.9996827     -0.75547132     -0.85412847       3.2262794        3.2262794       8.7204311                  8.7204311
              1       7.6117929     -0.99788865     -0.76718438     -0.84776938       3.2262794        3.2262794       8.7710271                  8.7710271
              1       7.6673489       -0.996379     -0.75654971     -0.83905955       3.2262794        3.2262794       8.8821391                  8.8821391
              3         7.96219      -1.0240589     -0.75512184     -0.92605402       3.2262794        3.2262794       9.4718212                  9.4718212
              2       7.2913404     -0.97034605     -0.75207948     -0.81912939       3.2262794        3.2262794       8.1301221                  8.1301221
              4       10.467359      -1.0059216     -0.70348753     -0.81226458       3.2262794        3.2262794       14.482158                  14.482158
              2       8.5887625     -0.93821403     -0.76576597     -0.72290868       3.2262794        3.2262794       10.724966                  10.724966
              3       10.256268      -1.0225753     -0.70772886     -0.87612284       3.2262794        3.2262794       14.059977                  14.059977
              2       9.7135618      -1.0219699     -0.73657817      -1.0344162       3.2262794        3.2262794       12.974565                  12.974565
              5       8.4739655     -0.97542231     -0.82163308     -0.92894566       3.2262794        3.2262794       10.495372                  10.495372
              6        8.623766     -0.97616931     -0.82375942     -0.93432259       3.2262794        3.2262794       10.794973                  10.794973
              1       8.0700613     -0.96724363     -0.81549849     -0.91022273       3.2262794        3.2262794       9.6875638                  9.6875638
              1       8.7390078     -0.95825531     -0.82420363     -0.87338421       3.2262794        3.2262794       11.025457                  11.025457
              1       8.1555937     -0.93861196      -0.8000157     -0.79482041       3.2262794        3.2262794       9.8586287                  9.8586287
              2       9.2180594      -1.0221165     -0.76936028     -0.83825432       3.2262794        3.2262794        11.98356                   11.98356
              3       9.5290037     -0.97663338     -0.83117391     -0.87765605       3.2262794        3.2262794       12.605449                  12.605449
              2       8.2019561     -0.97063157     -0.81094195     -0.85426754       3.2262794        3.2262794       9.9513534                  9.9513534
              6       8.1655378     -0.96262362     -0.81262818     -0.85552919       3.2262794        3.2262794       9.8785169                  9.8785169
              3        9.140678     -0.98693703     -0.70964568     -0.85471311       3.2262794        3.2262794       11.828797                  11.828797
              1       8.9727611      -1.0186175     -0.75330948      -1.0397638       3.2262794        3.2262794       11.492963                  11.492963
              8       9.6896227      -1.0167632       -0.791264      -1.0918817       3.2262794        3.2262794       12.926687                  12.926687
              3        9.202862      -1.0106589     -0.78528219      -1.0742814       3.2262794        3.2262794       11.953165                  11.953165
              2       10.085952      -1.0104759     -0.79824933      -1.1017702       3.2262794        3.2262794       13.719346                  13.719346
              4       10.092072     -0.94748032     -0.83011548     -0.99210481       3.2262794        3.2262794       13.731586                  13.731586
              4       11.021999     -0.94284758     -0.84033911     -0.99560833       3.2262794        3.2262794       15.591439                  15.591439
              3       7.9648128     -0.93414238     -0.79260021     -0.91082458       3.2262794        3.2262794       9.4770667                  9.4770667
              1       7.3795113     -0.93336345     -0.77693187     -0.83717815       3.2262794        3.2262794       8.3064638                  8.3064638
              4       7.1608498     -0.97967577     -0.75180945     -0.91692789       3.2262794        3.2262794       7.8691408                  7.8691408
              6       7.1685678      -1.0029594     -0.77262526     -0.92204921       3.2262794        3.2262794       7.8845768                  7.8845768
              1       7.1939541      -1.0043836     -0.77217698     -0.93133594       3.2262794        3.2262794       7.9353494                  7.9353494
              3       7.2039099     -0.99765488     -0.77307834     -0.88584057       3.2262794        3.2262794        7.955261                   7.955261
              9       8.4791183      -1.0093638      -0.7620563     -0.83004484       3.2262794        3.2262794       10.505678                  10.505678
              2        8.063986      -1.0039916     -0.75627072     -0.83544533       3.2262794        3.2262794       9.6754132                  9.6754132
              1       7.2161393     -0.98849241     -0.78540746     -0.88125125       3.2262794        3.2262794       7.9797198                  7.9797198
              7       7.2215731     -0.97822785      -0.7527831     -0.83667241       3.2262794        3.2262794       7.9905875                  7.9905875
              3       7.7464412      -1.0222506     -0.77005469     -0.94247778       3.2262794        3.2262794       9.0403237                  9.0403237
              5        8.189896     -0.96269303     -0.81644523     -0.93074025       3.2262794        3.2262794       9.9272332                  9.9272332
             12       7.9329243     -0.94594246     -0.77590921     -0.76352946       3.2262794        3.2262794       9.4132898                  9.4132898
              2       8.7997423     -0.90531637      -0.7505743     -0.76522715       3.2262794        3.2262794       11.146926                  11.146926
              4       8.6011684     -0.92218927     -0.73424869     -0.77297754       3.2262794        3.2262794       10.749778                  10.749778
              3       8.9010309     -0.93902362     -0.72069026     -0.76150866       3.2262794        3.2262794       11.349503                  11.349503
              4       8.1320692     -0.93196025      -0.7516204     -0.74862626       3.2262794        3.2262794       9.8115796                  9.8115796
              1       8.1119084     -0.91692636     -0.77112475     -0.77093349       3.2262794        3.2262794        9.771258                   9.771258
              1        10.80174     -0.87999373     -0.76668255     -0.66747663       3.2262794        3.2262794       15.150921                  15.150921
              1        8.500676     -0.93434202     -0.81279359     -0.90461472       3.2262794        3.2262794       10.548793                  10.548793
              8       7.9997878      -0.9709291     -0.75886948     -0.97919133       3.2262794        3.2262794       9.5470167                  9.5470167
              2       8.3064648     -0.96697452     -0.73921728     -0.94751677       3.2262794        3.2262794       10.160371                  10.160371
              4       7.6390991      -0.9739737     -0.74137232     -0.92113235       3.2262794        3.2262794       8.8256393                  8.8256393
              1       7.6386057     -0.95864668     -0.74019025     -0.88871803       3.2262794        3.2262794       8.8246526                  8.8246526
              6       7.1114087     -0.95778036     -0.75678085     -0.88970404       3.2262794        3.2262794       7.7702586                  7.7702586
              4        7.125278     -0.97729277     -0.75357733      -0.8446404       3.2262794        3.2262794       7.7979973                  7.7979973
              4       8.4315753       -1.031267     -0.76503164      -0.9074825       3.2262794        3.2262794       10.410592                  10.410592
              4       7.6769751      -1.0188244     -0.75905583      -0.9381982       3.2262794        3.2262794       8.9013914                  8.9013914
              1       8.5077028      -1.0159427     -0.74445403     -0.85233632       3.2262794        3.2262794       10.562847                  10.562847
              6       8.4920382     -0.92563971     -0.77307067     -0.73129173       3.2262794        3.2262794       10.531518                  10.531518
              6       8.3642235      -1.0107396      -0.7701223      -1.0341351       3.2262794        3.2262794       10.275888                  10.275888
              1       7.5555709      -1.0063055     -0.77024407     -0.98623308       3.2262794        3.2262794       8.6585829                  8.6585829
              2       6.9986305     -0.99502144     -0.77131993     -0.91746879       3.2262794        3.2262794       7.5447021                  7.5447021
              7       6.9204908     -0.96242992     -0.77774151      -0.9023181       3.2262794        3.2262794       7.3884229                  7.3884229
              4       7.5506259     -0.97456063     -0.78914006     -0.97478562       3.2262794        3.2262794        8.648693                   8.648693
              2       7.4191547     -0.96503612      -0.7919707     -0.94847199       3.2262794        3.2262794       8.3857505                  8.3857505
              3       7.1654192     -0.99918586     -0.78055765     -0.94186993       3.2262794        3.2262794       7.8782797                  7.8782797
              5       7.4209577     -0.99597722     -0.78565748     -0.97773611       3.2262794        3.2262794       8.3893567                  8.3893567
              1       7.6171463     -0.92872728     -0.76944795     -0.85813882       3.2262794        3.2262794       8.7817338                  8.7817338
              1       6.8326474     -0.97873521     -0.76582904     -0.89810793       3.2262794        3.2262794        7.212736                   7.212736
              1       7.2609058     -0.98623914     -0.78444934     -0.96491536       3.2262794        3.2262794       8.0692529                  8.0692529
              1       7.7851828     -0.97901027     -0.80896214      -0.9123795       3.2262794        3.2262794       9.1178068                  9.1178068
              2       7.1301526     -0.97247725     -0.75767813      -0.8312642       3.2262794        3.2262794       7.8077463                  7.8077463
              2       7.0848926     -0.97494507     -0.75674391     -0.84073884       3.2262794        3.2262794       7.7172265                  7.7172265
              3       7.0588683     -0.97415218     -0.75768542     -0.84149811       3.2262794        3.2262794       7.6651777                  7.6651777
              1       7.5491419     -0.99416461     -0.74427448     -0.85860862       3.2262794        3.2262794        8.645725                   8.645725
              1       7.4611459      -1.0038083     -0.75275384     -0.88466383       3.2262794        3.2262794        8.469733                   8.469733
              4       7.1491892     -0.99078358      -0.7525527     -0.91387014       3.2262794        3.2262794       7.8458196                  7.8458196
              1       8.0200492      -1.0047393      -0.7745583      -1.0196535       3.2262794        3.2262794       9.5875396                  9.5875396
              5       8.2235317     -0.99311649     -0.81297465     -0.96761063       3.2262794        3.2262794       9.9945046                  9.9945046
              2       8.1345741     -0.98594689     -0.74489469     -0.79692307       3.2262794        3.2262794       9.8165894                  9.8165894
              3       7.9625817     -0.97294075      -0.7323135     -0.80818712       3.2262794        3.2262794       9.4726046                  9.4726046
              5       6.9356168     -0.97009156     -0.75673102     -0.86085101       3.2262794        3.2262794       7.4186748                  7.4186748
              2       6.9375009     -0.97033093     -0.75679037     -0.86004926       3.2262794        3.2262794        7.422443                   7.422443
              1       7.2967977     -0.97560044     -0.75351176     -0.82438238       3.2262794        3.2262794       8.1410367                  8.1410367
              4        8.273422      -0.9460181     -0.73326087     -0.76394413       3.2262794        3.2262794       10.094285                  10.094285
              3       7.8860624     -0.95342434     -0.73911128      -0.7802423       3.2262794        3.2262794       9.3195661                  9.3195661
              2       8.2484542     -0.97979757     -0.72682557     -0.91191213       3.2262794        3.2262794        10.04435                   10.04435
              1       7.8416786     -0.97919925      -0.7371458     -0.92671705       3.2262794        3.2262794       9.2307985                  9.2307985
              2       7.5642566     -0.97542347     -0.73529176     -0.86761754       3.2262794        3.2262794       8.6759545                  8.6759545
              6       6.8789036      -0.9789511     -0.77982903     -0.89696663       3.2262794        3.2262794       7.3052484                  7.3052484
              8       8.5334813      -1.0145442     -0.76869666      -1.0404902       3.2262794        3.2262794       10.614404                  10.614404
              2       8.7022135      -1.0157554     -0.76750105      -1.0469217       3.2262794        3.2262794       10.951868                  10.951868
              2       9.9813655      -1.0268474     -0.76556136      -1.0926313       3.2262794        3.2262794       13.510172                  13.510172
              1        10.01077      -1.0074199     -0.76554341       -1.089518       3.2262794        3.2262794       13.568981                  13.568981
              1       8.6467284      -1.0167573     -0.77423385     -0.85111919       3.2262794        3.2262794       10.840898                  10.840898
              1       10.003084      -1.0405654     -0.79792775     -0.91086221       3.2262794        3.2262794       13.553608                  13.553608
              3       10.092643     -0.98412308      -0.8315692     -0.85984709       3.2262794        3.2262794       13.732727                  13.732727
              3       7.8221184     -0.99300679      -0.8043254     -0.96852101       3.2262794        3.2262794       9.1916781                  9.1916781
              1       7.7421908     -0.97940801      -0.8079335     -0.93724287       3.2262794        3.2262794       9.0318228                  9.0318228
              3       7.7889633     -0.97901307     -0.74822244     -0.95790034       3.2262794        3.2262794       9.1253678                  9.1253678
              4       7.9056528      -1.0005502     -0.73419707     -0.88945652       3.2262794        3.2262794       9.3587468                  9.3587468
              2       7.9325153     -0.98630279     -0.73744181     -0.82038413       3.2262794        3.2262794       9.4124718                  9.4124718
              4       7.8358548     -0.98419619     -0.74095252     -0.94452491       3.2262794        3.2262794       9.2191507                  9.2191507
              2       8.4574359      -1.0059093     -0.74353332     -0.99607003       3.2262794        3.2262794       10.462313                  10.462313
              2         10.0298      -1.0201432     -0.75488011      -1.0814642       3.2262794        3.2262794       13.607041                  13.607041
              3       12.883978     -0.90047589     -0.80239234      -1.0055703       3.2262794        3.2262794       19.315398                  19.315398
              1       9.5388472      -1.0166301      -0.7338259      -1.0206457       3.2262794        3.2262794       12.625136                  12.625136
              1       9.1972538       -1.047484     -0.76010383      -1.0260011       3.2262794        3.2262794       11.941949                  11.941949
              4       7.7876206      -1.0001164     -0.75306595     -0.84256408       3.2262794        3.2262794       9.1226824                  9.1226824
              4       7.9223226     -0.95133884     -0.73352495     -0.79667056       3.2262794        3.2262794       9.3920863                  9.3920863
              2       8.6775362      -0.9238724     -0.77016631     -0.72051283       3.2262794        3.2262794       10.902514                  10.902514
              1       8.5362058     -0.91297636     -0.79894065     -0.83570216       3.2262794        3.2262794       10.619853                  10.619853
              2       9.0948627     -0.90730911     -0.79792915     -0.87502647       3.2262794        3.2262794       11.737167                  11.737167
              2       10.373049     -0.91339312     -0.82808479     -0.91448946       3.2262794        3.2262794        14.29354                   14.29354
              5       9.1342809      -1.0185028     -0.72749341     -0.97471143       3.2262794        3.2262794       11.816003                  11.816003
              2       8.1369968     -0.96897454     -0.72674009      -0.8093526       3.2262794        3.2262794       9.8214349                  9.8214349
              2       6.9429515     -0.95849532     -0.77436014     -0.84549197       3.2262794        3.2262794       7.4333442                  7.4333442
              2       7.9668366     -0.97028021     -0.81144766     -0.94696992       3.2262794        3.2262794       9.4811143                  9.4811143
              5       8.0692204     -0.97309271     -0.81454454     -0.93957492       3.2262794        3.2262794        9.685882                   9.685882
              2       8.3293602     -0.91769858     -0.77388411     -0.74986528       3.2262794        3.2262794       10.206162                  10.206162
              1       8.2790788     -0.91789189     -0.77371227     -0.75340272       3.2262794        3.2262794       10.105599                  10.105599
              1        7.540336     -0.97834495     -0.78991196       -0.842472       3.2262794        3.2262794       8.6281131                  8.6281131
              1       7.9714932     -0.98906841     -0.78492466     -0.82860471       3.2262794        3.2262794       9.4904276                  9.4904276
              3       8.4501236      -1.0177635     -0.79586998     -0.90723175       3.2262794        3.2262794       10.447688                  10.447688
              1       7.8933418     -0.94836997     -0.80934684     -0.88611276       3.2262794        3.2262794       9.3341249                  9.3341249
              4       10.144831     -0.96124525     -0.84291213     -0.94287103       3.2262794        3.2262794       13.837103                  13.837103
              1       7.7996337     -0.94220085     -0.75735104     -0.90876053       3.2262794        3.2262794       9.1467087                  9.1467087
              4       7.5729972     -0.93552464     -0.75038206     -0.82450432       3.2262794        3.2262794       8.6934356                  8.6934356
             16       9.1867733      -0.8996646     -0.74777988     -0.75325222       3.2262794        3.2262794       11.920988                  11.920988
              1         8.86628     -0.90514708     -0.75220724      -0.8142722       3.2262794        3.2262794       11.280001                  11.280001
              1       6.8142891     -0.97545804     -0.76640061     -0.88580611       3.2262794        3.2262794       7.1760194                  7.1760194
              3       7.3624649     -0.98622537     -0.74229219     -0.89042931       3.2262794        3.2262794       8.2723711                  8.2723711
              3       8.0470095      -1.0233968     -0.74869099     -0.94117409       3.2262794        3.2262794       9.6414602                  9.6414602
              1        8.140275      -1.0258662     -0.74886047     -0.93465227       3.2262794        3.2262794       9.8279913                  9.8279913
              2       7.7007265      -1.0017185     -0.74356617     -0.86984004       3.2262794        3.2262794       8.9488942                  8.9488942
              6         8.83782      -1.0138629     -0.77229848     -0.83330215       3.2262794        3.2262794       11.223081                  11.223081
              2        9.524385     -0.96941421     -0.76229324      -1.0373662       3.2262794        3.2262794       12.596211                  12.596211
              1       9.3750108      -0.9401844     -0.72574513     -0.90504656       3.2262794        3.2262794       12.297463                  12.297463
              5       7.1871636     -0.95432946     -0.75508837     -0.81760819       3.2262794        3.2262794       7.9217684                  7.9217684
              4       6.9340215     -0.97381607     -0.76103289     -0.85476155       3.2262794        3.2262794       7.4154843                  7.4154843
             12       8.2006771     -0.99639942      -0.7342405     -0.83226109       3.2262794        3.2262794       9.9487954                  9.9487954
              3       7.7249914     -0.96711506      -0.7392925     -0.80161476       3.2262794        3.2262794       8.9974239                  8.9974239
              3       8.4118843     -0.98800384     -0.76979633     -0.79016748       3.2262794        3.2262794        10.37121                   10.37121
              5       9.5811625      -1.0031575     -0.77155637     -0.78235626       3.2262794        3.2262794       12.709766                  12.709766
              5       6.9707527     -0.99253162     -0.76647734     -0.90319243       3.2262794        3.2262794       7.4889466                  7.4889466
              1        7.022098     -0.99171661     -0.76371338     -0.88577629       3.2262794        3.2262794       7.5916372                  7.5916372
              6       7.0037972     -0.95172999     -0.77119186     -0.83743194       3.2262794        3.2262794       7.5550357                  7.5550357
              3        7.171413      -0.9711432     -0.79372827     -0.88435781       3.2262794        3.2262794       7.8902671                  7.8902671
              1        8.049188     -0.93539054     -0.80331538     -0.82082284       3.2262794        3.2262794       9.6458173                  9.6458173
              1       8.0003029     -0.93586782     -0.79510823     -0.79293636       3.2262794        3.2262794       9.5480471                  9.5480471
             11       7.4652209     -0.93186923     -0.78168636     -0.83935255       3.2262794        3.2262794       8.4778829                  8.4778829
              6       8.6173286     -0.95318928     -0.81871218     -0.84159166       3.2262794        3.2262794       10.782098                  10.782098
              8       7.6386007     -0.94716391     -0.80070967     -0.84550722       3.2262794        3.2262794       8.8246425                  8.8246425
              5       7.1602446     -0.99491187     -0.78336128     -0.90655426       3.2262794        3.2262794       7.8679305                  7.8679305
              7       6.9154414     -0.98329019      -0.7755344     -0.88411072       3.2262794        3.2262794        7.378324                   7.378324
              3       7.4225558     -0.94949464     -0.77063391     -0.79147507       3.2262794        3.2262794       8.3925528                  8.3925528
              4       8.4526212      -1.0036556     -0.73382226     -0.83558889       3.2262794        3.2262794       10.452684                  10.452684
              5        8.139195      -0.9162697     -0.76553039     -0.84166041       3.2262794        3.2262794       9.8258311                  9.8258311
              4       9.4102904     -0.95519144     -0.71349877     -0.74813516       3.2262794        3.2262794       12.368022                  12.368022
              1       9.2397295     -0.96682973     -0.71444028     -0.76601561       3.2262794        3.2262794         12.0269                    12.0269
              3       7.8070808     -0.94036676     -0.76239594     -0.76228885       3.2262794        3.2262794       9.1616028                  9.1616028
              3       7.8248921     -0.94309473     -0.75661726     -0.91157062       3.2262794        3.2262794       9.1972254                  9.1972254
              9       7.1332503     -0.97939844     -0.75623913     -0.92775741       3.2262794        3.2262794       7.8139418                  7.8139418
              2       7.6104547     -0.96461374     -0.73466541     -0.85060229       3.2262794        3.2262794       8.7683506                  8.7683506
              1       8.2189773     -0.93413027     -0.73654993     -0.84694892       3.2262794        3.2262794       9.9853958                  9.9853958
              1       8.6439548     -0.93109306     -0.73106738     -0.84877258       3.2262794        3.2262794       10.835351                  10.835351
              1       8.7938843     -0.92317335     -0.74079401     -0.86850333       3.2262794        3.2262794        11.13521                   11.13521
              1       8.5829939      -0.9427532     -0.74088148       -0.917766       3.2262794        3.2262794       10.713429                  10.713429
              4       9.4047023     -0.92782549     -0.73321919     -0.89636172       3.2262794        3.2262794       12.356846                  12.356846
              2       8.0029542      -0.9576992     -0.73087562      -0.8753286       3.2262794        3.2262794       9.5533496                  9.5533496
              4       10.641072     -0.97432671     -0.70235992     -0.93295043       3.2262794        3.2262794       14.829585                  14.829585
              2        7.270627     -0.95397698     -0.79420847     -0.89416702       3.2262794        3.2262794       8.0886952                  8.0886952
              2       7.1874547     -0.96538763      -0.7951654     -0.89362934       3.2262794        3.2262794       7.9223506                  7.9223506
              2       7.6805433     -0.94924061     -0.80121079     -0.84037531       3.2262794        3.2262794       8.9085278                  8.9085278
              5       7.6303172     -0.94984076     -0.79914628     -0.83585224       3.2262794        3.2262794       8.8080756                  8.8080756
              1       7.2830765     -0.97088673      -0.7978643     -0.89314528       3.2262794        3.2262794       8.1135942                  8.1135942
              4       7.3908495     -0.97239253      -0.8005183     -0.89389066       3.2262794        3.2262794       8.3291401                  8.3291401
              2       11.607588     -0.88755001     -0.77738096     -0.62588524       3.2262794        3.2262794       16.762618                  16.762618
              3       11.837241     -0.89469758      -0.7190048     -0.63261243       3.2262794        3.2262794       17.221923                  17.221923
              4       9.5215119     -0.90160315     -0.74080803     -0.71662416       3.2262794        3.2262794       12.590465                  12.590465
              2       8.7412629     -0.91536489     -0.76108469      -0.7208778       3.2262794        3.2262794       11.029967                  11.029967
              1       9.6352825     -0.91961885     -0.73676937      -0.6862719       3.2262794        3.2262794       12.818006                  12.818006
              1       8.1064511     -0.99427196     -0.73678802     -0.82761552       3.2262794        3.2262794       9.7603433                  9.7603433
              2       8.3541626     -0.99516986     -0.72839478     -0.83470229       3.2262794        3.2262794       10.255766                  10.255766
              7        7.914333     -0.99098878     -0.73274404     -0.85040303       3.2262794        3.2262794       9.3761072                  9.3761072
              9       7.8035539     -0.98030754      -0.7332312     -0.90325878       3.2262794        3.2262794       9.1545491                  9.1545491
              2       7.7839714     -0.98326645     -0.73442377     -0.90984312       3.2262794        3.2262794        9.115384                   9.115384
              2       7.7794578     -0.98195131     -0.73524238     -0.91368576       3.2262794        3.2262794       9.1063568                  9.1063568
              1       7.7706134      -0.9787689     -0.73801444     -0.92397308       3.2262794        3.2262794       9.0886679                  9.0886679
             13       7.4024312      -1.0035791     -0.76347673     -0.96708863       3.2262794        3.2262794       8.3523037                  8.3523037
              2       7.9560052      -1.0026601     -0.74004406     -0.85641475       3.2262794        3.2262794       9.4594516                  9.4594516
              6        8.070187       -1.008601     -0.74179138     -0.86279307       3.2262794        3.2262794       9.6878152                  9.6878152
              2        7.644672      -1.0008705     -0.74537191     -0.86773806       3.2262794        3.2262794       8.8367853                  8.8367853
             12       7.8684612      -1.0118005     -0.76027856     -0.87009815       3.2262794        3.2262794       9.2843637                  9.2843637
              1       8.7072316      -1.0388029     -0.76138842     -0.92305044       3.2262794        3.2262794       10.961904                  10.961904
              2       10.031383      -1.0363082     -0.81100391     -0.93772401       3.2262794        3.2262794       13.610208                  13.610208
              2       8.0125407      -1.0051636     -0.74981506     -0.84448547       3.2262794        3.2262794       9.5725226                  9.5725226
              6       7.3501512     -0.97273467     -0.74487283     -0.90477716       3.2262794        3.2262794       8.2477436                  8.2477436
              3       7.3807255     -0.97519268     -0.74432554     -0.90893286       3.2262794        3.2262794       8.3088921                  8.3088921
              1       7.3493762     -0.97673552     -0.74487624     -0.90918785       3.2262794        3.2262794       8.2461936                  8.2461936
              6       7.3266194      -0.9786624     -0.75007454     -0.92869038       3.2262794        3.2262794         8.20068                    8.20068
              1       7.3914954      -1.0022317      -0.7879519     -0.92340989       3.2262794        3.2262794        8.330432                   8.330432
              4       7.6477904     -0.96178235     -0.80688583       -0.893755       3.2262794        3.2262794       8.8430221                  8.8430221
              1       8.4318166     -0.92867938     -0.81102135     -0.84046886       3.2262794        3.2262794       10.411075                  10.411075
              2       9.1633896     -0.93362699     -0.82389045      -0.8275983       3.2262794        3.2262794        11.87422                   11.87422
              1        8.726356     -0.97698546     -0.82376282     -0.90113392       3.2262794        3.2262794       11.000153                  11.000153
              9       7.3058087     -0.97305922      -0.7483647     -0.91469592       3.2262794        3.2262794       8.1590586                  8.1590586
              1       7.3451677     -0.96636448     -0.74955579      -0.9124435       3.2262794        3.2262794       8.2377766                  8.2377766
             16         7.05489     -0.95724533     -0.78557483     -0.85696115       3.2262794        3.2262794       7.6572211                  7.6572211
              1       7.7800322     -0.96899705     -0.80512929     -0.86086902       3.2262794        3.2262794       9.1075056                  9.1075056
              2       7.6329137     -0.98636342     -0.80004288     -0.88696011       3.2262794        3.2262794       8.8132686                  8.8132686
              1       7.5626625     -0.97765392     -0.80428878     -0.93244502       3.2262794        3.2262794       8.6727663                  8.6727663
              4       7.5347216     -0.97775104     -0.80360214     -0.93238848       3.2262794        3.2262794       8.6168845                  8.6168845
             18       7.3754073      -1.0094245     -0.77596024     -0.95660705       3.2262794        3.2262794       8.2982557                  8.2982557
              5       8.5559996     -0.91083767     -0.79675525     -0.81735429       3.2262794        3.2262794        10.65944                   10.65944
              2       9.0949191     -0.93663656     -0.82116688     -0.81368918       3.2262794        3.2262794       11.737279                  11.737279
              1       7.3866857     -0.96149317     -0.75476909     -0.79990905       3.2262794        3.2262794       8.3208125                  8.3208125
              3        9.806952     -0.95284797     -0.75182694     -0.68857913       3.2262794        3.2262794       13.161345                  13.161345
              6       8.7607817      -0.9110774     -0.74208678     -0.79271451       3.2262794        3.2262794       11.069005                  11.069005
              1       7.6366936     -0.93717947     -0.79068191     -0.89363514       3.2262794        3.2262794       8.8208285                  8.8208285
              1       7.1410147     -0.96414653      -0.7805679     -0.93314826       3.2262794        3.2262794       7.8294706                  7.8294706
              1       7.3618531      -0.9398341     -0.78857863     -0.85433996       3.2262794        3.2262794       8.2711474                  8.2711474
              8       7.4578699     -0.93679375     -0.78949679     -0.85665487       3.2262794        3.2262794       8.4631811                  8.4631811
              5       7.5353625     -0.95928453     -0.73750321     -0.84711128       3.2262794        3.2262794       8.6181663                  8.6181663
              5       7.6277101     -0.97416971     -0.73873638     -0.90884009       3.2262794        3.2262794       8.8028613                  8.8028613
              7       10.123878      -1.0666044     -0.75865829      -1.0050748       3.2262794        3.2262794       13.795198                  13.795198
              7       9.9401744      -1.0627257     -0.76292656     -0.96824373       3.2262794        3.2262794        13.42779                   13.42779
              5       8.9893041      -1.0451261     -0.78340254     -0.96834221       3.2262794        3.2262794       11.526049                  11.526049
              1       9.1038994     -0.94317756     -0.82805761     -0.86611457       3.2262794        3.2262794        11.75524                   11.75524
              4       7.5690172      -0.9398572     -0.79618987      -0.8474963       3.2262794        3.2262794       8.6854756                  8.6854756
              2       7.7724477      -1.0194685     -0.75492092     -0.92907938       3.2262794        3.2262794       9.0923367                  9.0923367
              1       8.3196279      -1.0047606     -0.76912115     -0.82932276       3.2262794        3.2262794       10.186697                  10.186697
              1       8.2956876      -1.0081868     -0.77993606     -0.85065748       3.2262794        3.2262794       10.138816                  10.138816
              1       7.4624925     -0.94786046     -0.78793468     -0.81435199       3.2262794        3.2262794       8.4724262                  8.4724262
              3       6.9954556      -0.9580645     -0.75993518      -0.8812201       3.2262794        3.2262794       7.5383525                  7.5383525
              1       7.3626415      -0.9776422     -0.77226762     -0.82422894       3.2262794        3.2262794       8.2727242                  8.2727242
              1       9.1813992      -1.0257471     -0.73324056     -0.86369289       3.2262794        3.2262794        11.91024                   11.91024
              1         9.13859      -1.0287123     -0.73547201     -0.87366176       3.2262794        3.2262794       11.824621                  11.824621
              2        8.718268     -0.99873968      -0.7699024     -0.80022899       3.2262794        3.2262794       10.983977                  10.983977
              3       7.7376526      -0.9951531     -0.78126296     -0.84875385       3.2262794        3.2262794       9.0227465                  9.0227465
              2       9.8499473      -1.0436554     -0.80139921       -1.066092       3.2262794        3.2262794       13.247336                  13.247336
             12       9.8923783      -1.0290384     -0.81917547      -1.0376797       3.2262794        3.2262794       13.332198                  13.332198
              1       9.6083787      -1.0214794     -0.82209127     -0.98972455       3.2262794        3.2262794       12.764199                  12.764199
              4       7.1786493     -0.94348136     -0.77402091     -0.87589194       3.2262794        3.2262794       7.9047399                  7.9047399
              5       7.1254339     -0.94517034     -0.77382089      -0.8745471       3.2262794        3.2262794        7.798309                   7.798309
              5       7.3050723     -0.94780887     -0.77139205     -0.80168843       3.2262794        3.2262794       8.1575858                  8.1575858
              1       7.7724924     -0.92334531     -0.76862469     -0.79221934       3.2262794        3.2262794       9.0924261                  9.0924261
              1        7.618394     -0.93190162     -0.75348825       -0.808225       3.2262794        3.2262794       8.7842292                  8.7842292
              1       8.0062944     -0.93353666     -0.74472711     -0.76831904       3.2262794        3.2262794       9.5600301                  9.5600301
              9       8.4854394     -0.92611535     -0.73545305      -0.7635936       3.2262794        3.2262794        10.51832                   10.51832
              1       8.1435225      -1.0287563     -0.77894925     -0.99637977       3.2262794        3.2262794       9.8344862                  9.8344862
              3        8.288511      -1.0075179     -0.80661564     -0.99239687       3.2262794        3.2262794       10.124463                  10.124463
              1       6.9062991     -0.97154136     -0.77733629      -0.9181675       3.2262794        3.2262794       7.3600395                  7.3600395
              4       7.4020194     -0.97899068     -0.77643777     -0.97317072       3.2262794        3.2262794       8.3514801                  8.3514801
             24       6.8969775     -0.95943412     -0.77754025     -0.88522313       3.2262794        3.2262794       7.3413962                  7.3413962
              3       6.9035294     -0.96025175     -0.77847355     -0.88931674       3.2262794        3.2262794          7.3545                     7.3545
              3       7.9794397     -0.94147801     -0.74226295     -0.76768901       3.2262794        3.2262794       9.5063207                  9.5063207
              2       7.7981575     -0.94260336     -0.77380588     -0.76816998       3.2262794        3.2262794       9.1437563                  9.1437563
              1       9.0675208     -0.91157139     -0.75837817     -0.70654093       3.2262794        3.2262794       11.682483                  11.682483
              2       10.461463     -0.90391706      -0.7525358     -0.90890177       3.2262794        3.2262794       14.470366                  14.470366
              1       9.6280657     -0.97039216     -0.77871768      -1.0546477       3.2262794        3.2262794       12.803573                  12.803573
              1       11.209194     -0.94304412     -0.85315483      -0.8971617       3.2262794        3.2262794       15.965829                  15.965829
              4       9.6567402     -0.97610027     -0.82355576      -0.8304715       3.2262794        3.2262794       12.860922                  12.860922
              1       10.471284      -1.0456599     -0.81318867     -0.96645318       3.2262794        3.2262794        14.49001                   14.49001
              2       8.9831466      -1.0207911     -0.80458227      -1.0418711       3.2262794        3.2262794       11.513734                  11.513734
              3       7.9044738      -1.0123992     -0.78554501      -1.0064993       3.2262794        3.2262794       9.3563889                  9.3563889
              3        7.794691      -1.0102327     -0.79045991     -0.99090236       3.2262794        3.2262794       9.1368233                  9.1368233
              6       8.3301335     -0.96312268     -0.78879548     -0.77698722       3.2262794        3.2262794       10.207708                  10.207708
              2       7.4192424     -0.95615544     -0.80001864     -0.89590832       3.2262794        3.2262794        8.385926                   8.385926
              1       7.2169657     -0.97541121     -0.79519172      -0.9248843       3.2262794        3.2262794       7.9813725                  7.9813725
              1       7.2370349     -0.98490407     -0.75396653     -0.84716807       3.2262794        3.2262794        8.021511                   8.021511
              1       7.2232332     -0.98673655     -0.75250471     -0.85558183       3.2262794        3.2262794       7.9939076                  7.9939076
              7       7.7260033      -1.0112079      -0.7585398     -0.87965382       3.2262794        3.2262794       8.9994477                  8.9994477
              2       7.6492695      -1.0099318     -0.79041351     -0.93802259       3.2262794        3.2262794       8.8459801                  8.8459801
              1       7.5997468       -0.978245     -0.79767044     -0.86104692       3.2262794        3.2262794       8.7469348                  8.7469348
              6       7.8181452     -0.97781539     -0.80423792     -0.86820529       3.2262794        3.2262794       9.1837315                  9.1837315
              1       7.5602789     -0.96156618     -0.80139231     -0.85779281       3.2262794        3.2262794        8.667999                   8.667999
              2        7.666798     -0.96035372     -0.80358899     -0.85599634       3.2262794        3.2262794       8.8810373                  8.8810373
              2       8.8604763      -1.0071372     -0.78907767      -1.0595679       3.2262794        3.2262794       11.268394                  11.268394
              1       8.6228586     -0.97632496     -0.75200847      -1.0014873       3.2262794        3.2262794       10.793158                  10.793158
              6       8.4480646     -0.96112051     -0.76214489     -0.98796882       3.2262794        3.2262794        10.44357                   10.44357
              3         10.2049      -1.0499136     -0.75071928     -0.88288479       3.2262794        3.2262794       13.957241                  13.957241
              6        12.03667      -1.0853985     -0.78157399     -0.98373832       3.2262794        3.2262794       17.620782                  17.620782
              1       10.046069     -0.99684165     -0.70426503     -0.81181231       3.2262794        3.2262794       13.639579                  13.639579
              2       10.584203       -1.004265      -0.6992783     -0.82141388       3.2262794        3.2262794       14.715848                  14.715848
              2       11.655734      -1.0535662     -0.82090615     -0.96880991       3.2262794        3.2262794        16.85891                   16.85891
              3       10.253628      -1.0192087     -0.83140971     -0.98833008       3.2262794        3.2262794       14.054697                  14.054697
              3       9.2335022     -0.99206095     -0.82555725      -0.9038881       3.2262794        3.2262794       12.014446                  12.014446
              1       8.0311091      -1.0137412     -0.77256397     -0.87221029       3.2262794        3.2262794       9.6096594                  9.6096594
             18       7.7369302      -0.9734342     -0.77464662     -0.98544909       3.2262794        3.2262794       9.0213016                  9.0213016
              9       9.8793303      -1.0217935     -0.76623477      -1.0899995       3.2262794        3.2262794       13.306102                  13.306102
              2       9.7863497     -0.98186725     -0.72611417     -0.73942527       3.2262794        3.2262794       13.120141                  13.120141
