#        weight    minuslogpost              a0              a1              a2   minuslogprior minuslogprior__0            chi2 chi2__mlstats.Chi2Like
              2       4.2440815       1.0322939       1.5095949     0.022517276              -0               -0       8.4881631              8.4881631
              1       3.8918106       1.0566409       1.5138497    -0.014893978              -0               -0       7.7836213              7.7836213
              1       3.8655169       1.0640612       1.5115518    -0.011925525              -0               -0       7.7310337              7.7310337
              1       3.9796464       1.0700187       1.5163484    -0.023104387              -0               -0       7.9592928              7.9592928
              1       4.0760587       1.0719815       1.5336002    -0.014655939              -0               -0       8.1521174              8.1521174
              1       3.9895542       1.0659739       1.5328262    -0.014044756              -0               -0       7.9791084              7.9791084
              1       4.1964768       1.0628845        1.553821    -0.017823501              -0               -0       8.3929536              8.3929536
              1       4.1858519       1.0620386       1.5517213     -0.02879753              -0               -0       8.3717039              8.3717039
              1       4.1718049        1.062488       1.5510417     -0.02710425              -0               -0       8.3436099              8.3436099
              1       5.0708964       1.0912285       1.5602008    -0.031055829              -0               -0       10.141793              10.141793
              1       5.2779776       1.0887956        1.569771    -0.026569027              -0               -0       10.555955              10.555955
              1       5.8926833       1.0767862        1.596575    -0.016544631              -0               -0       11.785367              11.785367
              1       6.2449744       1.0823782        1.601671    -0.023471272              -0               -0       12.489949              12.489949
              1        4.926539        1.050354       1.5980014    -0.052024948              -0               -0       9.8530779              9.8530779
              1       4.7580215       1.0555863       1.5866776    -0.013898407              -0               -0       9.5160431              9.5160431
              1       3.9676551       1.0289534         1.55745    -0.018924212              -0               -0       7.9353101              7.9353101
              1       3.9668701       1.0298451        1.556697    -0.019270227              -0               -0       7.9337402              7.9337402
              1       4.0547611       1.0449093        1.520629    -0.024135548              -0               -0       8.1095222              8.1095222
              1       3.9043259       1.0432449       1.5173786   -0.0051933372              -0               -0       7.8086519              7.8086519
              2        4.142362       1.0295858       1.5119611   -0.0073231827              -0               -0        8.284724               8.284724
              1       4.3154345       1.0322981       1.5064621    -0.018300593              -0               -0        8.630869               8.630869
              1       3.9002732       1.0666063       1.4783411    0.0042631668              -0               -0       7.8005465              7.8005465
              1       4.0995142       1.0655177       1.4667113   -0.0075335527              -0               -0       8.1990284              8.1990284
              2       4.1931264        1.061615       1.4583969    0.0010233471              -0               -0       8.3862527              8.3862527
              1       4.3795707       1.0431197       1.4884643    -0.018482518              -0               -0       8.7591414              8.7591414
              1       4.3886128        1.030048       1.4913137   -0.0016958294              -0               -0       8.7772255              8.7772255
              1        3.990981        1.053384       1.5148636     0.012478362              -0               -0       7.9819621              7.9819621
              1       3.9896869       1.0534726       1.5191441     0.010783779              -0               -0       7.9793737              7.9793737
              1       3.9398015       1.0499448        1.518074    0.0078965012              -0               -0       7.8796029              7.8796029
              2        4.225298         1.03622        1.524111     0.022428627              -0               -0        8.450596               8.450596
              1       4.3013906       1.0170072       1.5260375      0.01772194              -0               -0       8.6027812              8.6027812
              1       4.3132181        1.017494       1.5155334     0.011435193              -0               -0       8.6264363              8.6264363
              1       4.0967292       1.0428764       1.4973907     0.016942637              -0               -0       8.1934584              8.1934584
              1       4.3261264       1.0373577       1.4841357   -0.0012877806              -0               -0       8.6522528              8.6522528
              1       4.1379497       1.0446299       1.4919228   -0.0091510789              -0               -0       8.2758993              8.2758993
              2       4.1337014       1.0430503       1.4927573   -0.0072168219              -0               -0       8.2674027              8.2674027
              1       4.7313568       1.0430926       1.4505213     0.011038125              -0               -0       9.4627137              9.4627137
              1       4.8430828       1.0431794       1.4473278    0.0065911274              -0               -0       9.6861656              9.6861656
              1       4.9404894       1.0400484       1.4478919    0.0061249341              -0               -0       9.8809788              9.8809788
              1       4.6393092       1.0436971       1.4606384   -0.0029571872              -0               -0       9.2786184              9.2786184
              1       3.9857139       1.0568485       1.4823745   -0.0011760131              -0               -0       7.9714278              7.9714278
              1          5.9034       1.1003885       1.4497976     0.074888776              -0               -0         11.8068                11.8068
              1       5.5385288       1.1102345       1.4444885     0.066979057              -0               -0       11.077058              11.077058
              1       5.5736983       1.1093013       1.4465292     0.067174509              -0               -0       11.147397              11.147397
              1       5.3736954       1.1092063       1.4468737     0.063123588              -0               -0       10.747391              10.747391
              2        5.159023       1.0676932        1.427952     0.062487967              -0               -0       10.318046              10.318046
              1       5.1795071       1.0720805       1.4282904     0.064848115              -0               -0       10.359014              10.359014
              1       4.5431676       1.0797732       1.4573514     0.046381556              -0               -0       9.0863352              9.0863352
              1       4.8626648        1.062409       1.4510379      0.05428396              -0               -0       9.7253295              9.7253295
              1       4.7052117       1.0628527       1.4399219     0.046377878              -0               -0       9.4104235              9.4104235
              1       5.3531387       1.0803587       1.4229219     0.071262504              -0               -0       10.706277              10.706277
              2       4.3822125       1.1255799        1.408185     0.043267822              -0               -0        8.764425               8.764425
              2       4.8743425       1.1313412       1.3903977     0.061937995              -0               -0       9.7486851              9.7486851
              1       4.8568476       1.1302519       1.3891935     0.061764789              -0               -0       9.7136952              9.7136952
              1        5.049068       1.1587623       1.3627793     0.066104384              -0               -0       10.098136              10.098136
              1       5.2120031       1.1669098       1.3775409     0.062628108              -0               -0       10.424006              10.424006
              1       5.2904951       1.1673492       1.3777001     0.064334105              -0               -0        10.58099               10.58099
              1       5.4025894       1.1916006       1.3631634     0.059444906              -0               -0       10.805179              10.805179
              2       6.1317922       1.2115445       1.3859881     0.044405959              -0               -0       12.263584              12.263584
              1       6.0131139       1.2153717       1.3806214     0.041336331              -0               -0       12.026228              12.026228
              2       5.7258525       1.2089743       1.3819714     0.039271775              -0               -0       11.451705              11.451705
              1       5.1625438       1.2143359       1.3707775     0.015337994              -0               -0       10.325088              10.325088
              1       5.1193272       1.2122606       1.3707843      0.01744042              -0               -0       10.238654              10.238654
              1       4.6287882       1.2011626       1.3322965    0.0066110298              -0               -0       9.2575764              9.2575764
              2       4.7475875       1.2162434       1.3237516     0.021524792              -0               -0       9.4951751              9.4951751
              1       4.6393022       1.2078931       1.3234349     0.021674552              -0               -0       9.2786045              9.2786045
              1       4.7436073       1.2081163       1.3120726     0.010089817              -0               -0       9.4872147              9.4872147
              2       5.0209334       1.2005051       1.2968707    0.0035469316              -0               -0       10.041867              10.041867
              1       5.3249774       1.2082081       1.2657387     0.066919022              -0               -0       10.649955              10.649955
              1       5.3422816       1.2112769       1.2664434     0.068424789              -0               -0       10.684563              10.684563
              2         5.36984       1.2095383       1.2692352     0.070661333              -0               -0        10.73968               10.73968
              1       5.5749019       1.1971615       1.2644312     0.076295345              -0               -0       11.149804              11.149804
              1        5.687751         1.18898       1.2487509     0.044951853              -0               -0       11.375502              11.375502
              1       5.7330797       1.1908818       1.2452961     0.046183804              -0               -0       11.466159              11.466159
              1       5.6552326       1.1893343       1.2529233     0.064615838              -0               -0       11.310465              11.310465
              1       5.5615549       1.1933944       1.2544836     0.064311044              -0               -0        11.12311               11.12311
              1       5.0005184       1.1783868       1.2903866      0.04819426              -0               -0       10.001037              10.001037
              1       5.0657035        1.191225       1.2785769     0.029821722              -0               -0       10.131407              10.131407
              1       5.4102337       1.1794237        1.273748     0.024679384              -0               -0       10.820467              10.820467
              1       5.4041824        1.179381       1.2741802     0.024371655              -0               -0       10.808365              10.808365
              2       4.8882073       1.2168813       1.2837219     0.024553575              -0               -0       9.7764145              9.7764145
              1       4.9039931       1.2131681       1.2986347    0.0078157863              -0               -0       9.8079863              9.8079863
              1       4.6394193       1.1933706        1.313097     0.039085368              -0               -0       9.2788385              9.2788385
              2       4.7210793       1.1610512       1.3259306     0.012687664              -0               -0       9.4421587              9.4421587
              1       4.6854203       1.1573955       1.3226948      0.03353532              -0               -0       9.3708407              9.3708407
              2       4.4087941       1.1503238       1.3511322     0.036709079              -0               -0       8.8175882              8.8175882
              3       4.3602783        1.149452       1.3554154     0.034499374              -0               -0       8.7205565              8.7205565
              1       4.3079959       1.1508738       1.3592861      0.03184381              -0               -0       8.6159917              8.6159917
              1       4.3195593       1.1557222       1.3587636     0.033678189              -0               -0       8.6391186              8.6391186
              2        4.311401       1.1578732       1.3529338     0.026332539              -0               -0       8.6228021              8.6228021
              1        4.294204       1.1614627       1.3548034     0.026108754              -0               -0       8.5884079              8.5884079
              1       4.4340349       1.1716007         1.33603     0.031882043              -0               -0       8.8680697              8.8680697
              1       4.4655708       1.1593713       1.3372747     0.031646061              -0               -0       8.9311415              8.9311415
              1       4.2270612       1.1627299        1.367134       0.0150885              -0               -0       8.4541225              8.4541225
              1       4.6396895       1.1618574       1.3540571   -0.0086708895              -0               -0       9.2793791              9.2793791
              1       4.7785739       1.1671909       1.3544131    -0.015517547              -0               -0       9.5571478              9.5571478
              2       4.9092766       1.1870135       1.4088052     0.002752168              -0               -0       9.8185532              9.8185532
              1        5.458745       1.1919473       1.4207298     0.011306467              -0               -0        10.91749               10.91749
              1       5.5984876       1.1848059       1.4451241    -0.018579889              -0               -0       11.196975              11.196975
              1       5.0294226       1.1682294       1.4476577    -0.012550874              -0               -0       10.058845              10.058845
              1       4.8140843       1.1793313       1.3911086    -0.023915074              -0               -0       9.6281686              9.6281686
              1       4.5457561       1.1797936       1.3880862   -0.0084237838              -0               -0       9.0915123              9.0915123
              1       4.3430368       1.1569686       1.3836425   -0.0086097176              -0               -0       8.6860736              8.6860736
              1       4.3775693       1.1554316       1.3877997    -0.012209318              -0               -0       8.7551385              8.7551385
              1       4.5501695       1.1636563       1.3855129    -0.018362222              -0               -0       9.1003391              9.1003391
              1       4.9674635       1.1530996       1.3733165    -0.027940446              -0               -0       9.9349271              9.9349271
              1       4.8295645       1.1554337       1.3687722    -0.022151558              -0               -0       9.6591289              9.6591289
              1       5.5433604       1.1355588       1.3540106    -0.025725807              -0               -0       11.086721              11.086721
              1       7.0537807       1.1572932       1.3312044    -0.052392371              -0               -0       14.107561              14.107561
              1       6.6986109       1.1699553       1.3474128    -0.057186843              -0               -0       13.397222              13.397222
              1       7.1703548       1.1631375        1.350584    -0.064471644              -0               -0        14.34071               14.34071
              2       6.0981079       1.1526348       1.3633387    -0.049089839              -0               -0       12.196216              12.196216
              2       6.1107504       1.1587367       1.3752195    -0.054975458              -0               -0       12.221501              12.221501
              1       6.0113589       1.1523129       1.3882266    -0.056491952              -0               -0       12.022718              12.022718
              1       4.9553963       1.1521319       1.3907494    -0.034087084              -0               -0       9.9107927              9.9107927
              1       4.9662867       1.1664726       1.3977534    -0.034759867              -0               -0       9.9325735              9.9325735
              1       5.1119051       1.1634699       1.3892674    -0.037793577              -0               -0        10.22381               10.22381
              1       4.9104107       1.1968611       1.3702611    -0.017679362              -0               -0       9.8208214              9.8208214
              1       4.7192442       1.1923689       1.3694565    -0.010982372              -0               -0       9.4384884              9.4384884
              2        4.625907       1.2050816       1.3317744     0.012208729              -0               -0       9.2518139              9.2518139
              1       4.8033113       1.2030565       1.3461391     0.036659449              -0               -0       9.6066226              9.6066226
              1       4.4955136       1.1740321       1.4034208   -0.0014634691              -0               -0       8.9910272              8.9910272
              1       4.2931093       1.1563025        1.391397   -0.0080827668              -0               -0       8.5862185              8.5862185
              1       5.0908228       1.0615275       1.5104255     0.047513571              -0               -0       10.181646              10.181646
              2       4.8555962       1.0252187       1.4708697     0.025021163              -0               -0       9.7111923              9.7111923
              5       6.6781025       1.0042712       1.4696479     0.074878407              -0               -0       13.356205              13.356205
              1       6.3142888       1.0197946        1.443077     0.067259534              -0               -0       12.628578              12.628578
              1       5.7621206       1.0469012       1.4497835     0.073179908              -0               -0       11.524241              11.524241
              3       6.2910836      0.97867616       1.5360302     0.061864827              -0               -0       12.582167              12.582167
              1       5.8095833       0.9910285       1.5468044     0.055972485              -0               -0       11.619167              11.619167
              2       5.0840177       1.0753538        1.392211       0.0184651              -0               -0       10.168035              10.168035
              1       4.6427979       1.1151702       1.3686578     0.012623375              -0               -0       9.2855957              9.2855957
              1       6.0621279       1.0739977        1.455406    -0.061056162              -0               -0       12.124256              12.124256
              2       5.0672503       1.0779179       1.5719489    -0.014774588              -0               -0       10.134501              10.134501
              2       4.7421314        1.095602       1.5403977    -0.031821127              -0               -0       9.4842629              9.4842629
              3       4.2819803       1.0582517       1.5555455    -0.037432323              -0               -0       8.5639606              8.5639606
              2       4.6802369       1.0643975       1.5742062    -0.014526779              -0               -0       9.3604738              9.3604738
              1       4.4928793       1.0491688       1.5818959    -0.011954763              -0               -0       8.9857585              8.9857585
              2        4.100555       1.0565207       1.5451265   -0.0017397305              -0               -0       8.2011101              8.2011101
              1       4.7406809      0.98332505       1.5984883     0.017978774              -0               -0       9.4813618              9.4813618
              2       4.6791135      0.98565424       1.5938634     0.017461021              -0               -0       9.3582269              9.3582269
              4       5.2771922      0.95675258       1.6269955    -0.052809066              -0               -0       10.554384              10.554384
              1       5.1775369       1.0049847       1.6215827     0.013033197              -0               -0       10.355074              10.355074
              3       4.7043077       1.0198489       1.5905425     0.013311522              -0               -0       9.4086155              9.4086155
              3       4.5326972       1.0153591       1.5592419     0.024294213              -0               -0       9.0653944              9.0653944
              1       4.7969031      0.99461087       1.6362701   -0.0029998871              -0               -0       9.5938062              9.5938062
              2       4.4673788       1.0463688       1.5897414    -0.029479074              -0               -0       8.9347577              8.9347577
              2       4.7592073       1.0048916       1.5969884    -0.055518135              -0               -0       9.5184146              9.5184146
              1       5.4959683       1.1014076       1.4128486     0.076712561              -0               -0       10.991937              10.991937
              1       5.0224956       1.1028701       1.3795772     0.061828412              -0               -0       10.044991              10.044991
              1       4.6454375       1.1450605       1.3611957     0.054455597              -0               -0       9.2908749              9.2908749
              2       5.4913855       1.0404573        1.433034     0.054401239              -0               -0       10.982771              10.982771
              1       9.2282134       1.0469484       1.3154714     0.052164778              -0               -0       18.456427              18.456427
              2       9.2429994       1.0479727       1.3136072     0.054042376              -0               -0       18.485999              18.485999
              1       5.7314022       1.1592936       1.2731219     0.044602199              -0               -0       11.462804              11.462804
              2       6.7517174       1.1655817       1.2434047     0.024646722              -0               -0       13.503435              13.503435
              1       5.6769533       1.1994801       1.2611452    0.0080861505              -0               -0       11.353907              11.353907
              1       5.9783975       1.1920219       1.2736844   -0.0091808501              -0               -0       11.956795              11.956795
              1       5.2836644       1.1397029       1.3283605   0.00097651657              -0               -0       10.567329              10.567329
              1       4.4943741       1.1502171        1.351844     0.005992849              -0               -0       8.9887482              8.9887482
              3       4.6386224       1.1353782       1.3442621     0.034508613              -0               -0       9.2772447              9.2772447
              2       4.6274868       1.1466273        1.335099     0.028442182              -0               -0       9.2549737              9.2549737
              2       4.6636938       1.1343085         1.34762     0.016726229              -0               -0       9.3273875              9.3273875
              1       4.7897695       1.1725797        1.307304     0.025284386              -0               -0       9.5795391              9.5795391
              1        5.763156       1.1620729       1.2761422     0.023634397              -0               -0       11.526312              11.526312
              1       4.7458579       1.1473214       1.3302935     0.045192444              -0               -0       9.4917158              9.4917158
              2        4.265283        1.140114       1.3860331   -0.0038950928              -0               -0       8.5305659              8.5305659
              1       3.9219157       1.1048562       1.4427657   -0.0019631925              -0               -0       7.8438314              7.8438314
              4       4.0162636       1.1119437       1.4514915    -0.013868419              -0               -0       8.0325272              8.0325272
              1        5.301723      0.97606469       1.5420563     0.029948114              -0               -0       10.603446              10.603446
              2       4.2171774       1.0414948       1.4983156    -0.016523556              -0               -0       8.4343548              8.4343548
              4       4.5527566      0.99439669        1.619647    -0.048248582              -0               -0       9.1055132              9.1055132
              1       4.4482935       1.0061324       1.6164419    -0.044480742              -0               -0        8.896587               8.896587
              1       4.2212574       1.0353165       1.5052805    -0.015529038              -0               -0       8.4425148              8.4425148
              1       4.5398285       1.0433467       1.4937618    -0.028884416              -0               -0        9.079657               9.079657
              1       4.1265671        1.029976       1.5098875    0.0090416923              -0               -0       8.2531341              8.2531341
              1       4.2834596       1.0245439       1.5042923    0.0082009969              -0               -0       8.5669192              8.5669192
              1       4.2927394       1.0859464       1.4194634     0.029071003              -0               -0       8.5854788              8.5854788
              2       4.3485459       1.0839819       1.4180345     0.030040202              -0               -0       8.6970917              8.6970917
              2       4.3478274       1.0842821       1.4196408     0.032567419              -0               -0       8.6956547              8.6956547
              2       4.1352091       1.0569741       1.5442097    0.0010716338              -0               -0       8.2704183              8.2704183
              1       4.1516631       1.0646049       1.5222442     0.013084754              -0               -0       8.3033263              8.3033263
              4       4.1518518        1.041104       1.5350724      0.01565475              -0               -0       8.3037036              8.3037036
              2       4.1323308       1.0511576       1.5297961      0.01432256              -0               -0       8.2646617              8.2646617
              1       4.1218656       1.0621264       1.5377964    -0.031793936              -0               -0       8.2437311              8.2437311
              3       4.1453729       1.0619641       1.5450656    -0.030632974              -0               -0       8.2907458              8.2907458
              5       4.1849192       1.0649516       1.5448512    -0.031378487              -0               -0       8.3698384              8.3698384
              1       4.3810948       1.0910719       1.5248693    -0.031646691              -0               -0       8.7621896              8.7621896
              1       4.9136842       1.0902341        1.429448    -0.031788286              -0               -0       9.8273684              9.8273684
              2        4.367167       1.1170137       1.3916931   -0.0014486121              -0               -0       8.7343341              8.7343341
              1       4.8928019       1.1352339       1.3637884    -0.013467515              -0               -0       9.7856039              9.7856039
              1       4.4789363       1.1356378       1.3686968   7.3350975e-05              -0               -0       8.9578725              8.9578725
              3       5.6835623        1.129518       1.3172254     0.010245256              -0               -0       11.367125              11.367125
              1       5.2184688        1.150559        1.309073     0.017321185              -0               -0       10.436938              10.436938
              1       5.5787565       1.1517961       1.2889786     0.029810941              -0               -0       11.157513              11.157513
              1       5.3363528       1.1475013       1.3005411     0.051502253              -0               -0       10.672706              10.672706
              2       5.3870075       1.1327262       1.3126988     0.048164729              -0               -0       10.774015              10.774015
              1       5.5476035       1.1794244        1.338339     0.078716109              -0               -0       11.095207              11.095207
              1       4.8098635       1.2134609       1.3463255    0.0093563145              -0               -0        9.619727               9.619727
              2       4.7166297       1.1079602       1.5191233   -0.0076606362              -0               -0       9.4332594              9.4332594
              2        3.879188       1.0963259       1.4572362     0.008593756              -0               -0        7.758376               7.758376
              2       4.0370774       1.1189104       1.4062429     0.015257215              -0               -0       8.0741548              8.0741548
              2       4.1325083       1.1175132       1.4102333     0.031018906              -0               -0       8.2650165              8.2650165
              2       4.3458022       1.0979606       1.4021075     0.011152717              -0               -0       8.6916044              8.6916044
              3       4.7330197       1.1154217       1.3615169     0.018527345              -0               -0       9.4660394              9.4660394
              2       4.7590703       1.0734666       1.4710147     0.050295905              -0               -0       9.5181406              9.5181406
              3       5.3103882       1.1181893       1.4768637     0.041218238              -0               -0       10.620776              10.620776
              4       5.7022235       1.1222617        1.452809     0.060879586              -0               -0       11.404447              11.404447
              2       5.8991383        1.118634       1.4644772     0.060158758              -0               -0       11.798277              11.798277
              2       4.3549696        1.111027       1.4645499     0.026852986              -0               -0       8.7099391              8.7099391
              1       4.6791146       1.1191994       1.4672771      0.03026286              -0               -0       9.3582292              9.3582292
              2       4.7561995       1.1150852       1.4734787      0.03160898              -0               -0        9.512399               9.512399
              1       4.3269334        1.094243       1.5132436    0.0014302852              -0               -0       8.6538668              8.6538668
              1       4.3396262       1.0917341       1.5160045    0.0025311356              -0               -0       8.6792524              8.6792524
              4       4.7354814      0.96626011       1.6729207     -0.04184171              -0               -0       9.4709627              9.4709627
              2       6.0133993      0.94169212       1.7532947    -0.045166561              -0               -0       12.026799              12.026799
              1       7.0153711      0.86259391       1.8273156    -0.036460866              -0               -0       14.030742              14.030742
              2       6.9822487      0.85306895       1.8311514     -0.05948972              -0               -0       13.964497              13.964497
              2       6.3867268      0.86777984       1.7904706    -0.035648361              -0               -0       12.773454              12.773454
              2       6.3434518      0.86818343       1.7876811    -0.037371836              -0               -0       12.686904              12.686904
              4       9.1961894      0.82804388       1.8224441     0.014818505              -0               -0       18.392379              18.392379
              1       9.2602723      0.84349637       1.7901439     0.029513375              -0               -0       18.520545              18.520545
              2       7.0070952      0.89638883       1.7465506     0.012068209              -0               -0        14.01419               14.01419
              3        6.538998      0.89923538       1.7059482     0.018868385              -0               -0       13.077996              13.077996
              1        5.545873      0.90873705       1.6710099    -0.013064028              -0               -0       11.091746              11.091746
              2       5.4790135      0.90895308       1.6786015     -0.02359131              -0               -0       10.958027              10.958027
              2       6.6709865      0.85919798       1.7569268     -0.01490898              -0               -0       13.341973              13.341973
              2       5.5120682      0.90981695       1.7411046    -0.046678588              -0               -0       11.024136              11.024136
              2       5.7580931      0.96777883       1.6027935     -0.06181961              -0               -0       11.516186              11.516186
              1       7.0168253       0.9527101       1.6104385    -0.077146152              -0               -0       14.033651              14.033651
              1       6.5756233      0.94534073       1.6133692    -0.065500084              -0               -0       13.151247              13.151247
              1       7.9774536       1.0453062       1.6660507   -0.0095610548              -0               -0       15.954907              15.954907
              1       8.0897111       1.0411365       1.6733995    -0.010914377              -0               -0       16.179422              16.179422
              1       6.6846059      0.94063175       1.7769015    -0.065356666              -0               -0       13.369212              13.369212
              1       7.6890647      0.97103976       1.7392319     -0.10446981              -0               -0       15.378129              15.378129
              6       7.2673314      0.95347012       1.6930174     -0.10294584              -0               -0       14.534663              14.534663
              2       5.8069263      0.92893909       1.6270273    -0.037408308              -0               -0       11.613853              11.613853
              1       5.4507828      0.95572648       1.6036249    -0.044426022              -0               -0       10.901566              10.901566
              1       4.8453202      0.96266449       1.6104646    -0.035515814              -0               -0       9.6906404              9.6906404
              1       4.7897051      0.96833087       1.5998307     -0.03329406              -0               -0       9.5794102              9.5794102
              3       4.8609357      0.96480464       1.5999332    -0.031947675              -0               -0       9.7218714              9.7218714
              3       5.1690296       1.0590341       1.4131079    0.0093425339              -0               -0       10.338059              10.338059
              5       5.0213361       1.0447616       1.4433073   -0.0021143739              -0               -0       10.042672              10.042672
              6       5.0641176       1.2242218       1.3192252     0.042422676              -0               -0       10.128235              10.128235
              3       5.3042506       1.2403553       1.2414854     0.042912028              -0               -0       10.608501              10.608501
              1       4.1433731       1.1180498       1.4712579   3.7102884e-05              -0               -0       8.2867463              8.2867463
              3       4.0031903       1.1073814        1.474305  -0.00013603194              -0               -0       8.0063806              8.0063806
              2       5.6424033       1.2233826       1.2840793    -0.015225997              -0               -0       11.284807              11.284807
              3       5.5767152       1.2234375       1.2907966    -0.016277275              -0               -0        11.15343               11.15343
              2       5.8393883       1.2487452       1.2759581    -0.015869422              -0               -0       11.678777              11.678777
              1       6.0431723       1.2323584       1.2519473     0.090496434              -0               -0       12.086345              12.086345
              4       4.8484443       1.1268721       1.3645286     0.060490896              -0               -0       9.6968885              9.6968885
              4         4.90493       1.1338384       1.3545744     0.062270722              -0               -0       9.8098601              9.8098601
              1       4.7062027       1.1398297       1.3481862     0.052548503              -0               -0       9.4124054              9.4124054
              1       4.8386537       1.1517049       1.3278658     0.054496552              -0               -0       9.6773075              9.6773075
              2       6.7479461       1.2010483        1.363167    -0.063180105              -0               -0       13.495892              13.495892
              4       7.6911077       1.2269196       1.3297246    -0.069939773              -0               -0       15.382215              15.382215
              4        4.931516       1.2230768       1.3358895     0.011514342              -0               -0       9.8630319              9.8630319
              4       4.4773125       1.0949614        1.500421    -0.041991099              -0               -0        8.954625               8.954625
              1        4.980916      0.99967145       1.6454004    -0.060468042              -0               -0       9.9618319              9.9618319
              8        4.645787      0.99410029       1.6452108    -0.046499972              -0               -0       9.2915741              9.2915741
              4       5.8496119       1.0442842       1.6425652    -0.054252366              -0               -0       11.699224              11.699224
              2       5.2045505       1.0349641       1.6334873    -0.034705414              -0               -0       10.409101              10.409101
              6       4.9442729       1.0284298       1.4612998     0.024817327              -0               -0       9.8885458              9.8885458
              1       5.0915571       1.0060653       1.5171204    -0.027953012              -0               -0       10.183114              10.183114
              1       4.2029637       1.0465924       1.5575304    -0.037218663              -0               -0       8.4059275              8.4059275
              1       4.2095591       1.0630469       1.5334017    -0.036942047              -0               -0       8.4191182              8.4191182
              5       4.2154004       1.0498739       1.5323507    -0.036885175              -0               -0       8.4308009              8.4308009
             11       4.0817698       1.0478656       1.5615362    -0.023287977              -0               -0       8.1635396              8.1635396
              3       5.0501141      0.94565777       1.7064267    -0.038834177              -0               -0       10.100228              10.100228
              3       5.1934434      0.92670388       1.6902883      -0.0460417              -0               -0       10.386887              10.386887
              1       5.1492521      0.92917112        1.684005    -0.044806276              -0               -0       10.298504              10.298504
              2       4.4258931      0.97875511       1.6421517    -0.023607595              -0               -0       8.8517863              8.8517863
              1       3.9367848       1.0298761        1.552304    -0.011314904              -0               -0       7.8735695              7.8735695
              1       3.9931248       1.0371662       1.5519597   -0.0017337082              -0               -0       7.9862496              7.9862496
              1       4.2542229       1.1571813       1.3707013    0.0048325915              -0               -0       8.5084458              8.5084458
              5       4.5676271        1.186767       1.3836032    0.0075271445              -0               -0       9.1352541              9.1352541
              5       6.3271499       1.0517934       1.6310997    -0.011622639              -0               -0         12.6543                12.6543
              2       5.9731224       1.2460828       1.2111183     0.022086011              -0               -0       11.946245              11.946245
              2        6.848696       1.2661382       1.1852024    0.0040201294              -0               -0       13.697392              13.697392
              1       6.5268906       1.2357506        1.187655      0.03514504              -0               -0       13.053781              13.053781
              4        5.593121        1.107779       1.3549955   -0.0061889703              -0               -0       11.186242              11.186242
              1       5.4164819       1.1706102       1.2880325     0.012615409              -0               -0       10.832964              10.832964
             11       5.3827996       1.2632721       1.2515613     0.037377927              -0               -0       10.765599              10.765599
              1       4.3527679       1.1479694       1.4394232    0.0019269262              -0               -0       8.7055357              8.7055357
              1       4.2441973       1.1471755       1.4320107   -0.0014516785              -0               -0       8.4883946              8.4883946
              1       4.1774023       1.0432478        1.535267     0.016235049              -0               -0       8.3548046              8.3548046
              1        4.173706       1.0407282       1.5410293      0.01413312              -0               -0       8.3474119              8.3474119
              2       4.4914612       1.1341207       1.4693347    -0.023018922              -0               -0       8.9829225              8.9829225
              1       7.3803404       1.1702164        1.279365    -0.033435483              -0               -0       14.760681              14.760681
              1       6.9029408       1.2262719       1.1883969      0.02507883              -0               -0       13.805882              13.805882
              1       6.9124631        1.226535       1.1879303     0.025072149              -0               -0       13.824926              13.824926
              4       6.6433587        1.264258       1.1843126     0.012597005              -0               -0       13.286717              13.286717
              2       9.1864067       1.2465313       1.0998395     0.056823569              -0               -0       18.372813              18.372813
              1         8.60444       1.2492438       1.1074241       0.0845938              -0               -0        17.20888               17.20888
              5       7.3279973       1.2097216       1.1755747     0.070590248              -0               -0       14.655995              14.655995
              1       10.298407       1.2525618       1.0648704     0.094372941              -0               -0       20.596814              20.596814
              5       4.0219404       1.0830627       1.4452462     0.019561974              -0               -0       8.0438807              8.0438807
             12       4.0799982       1.0959598       1.4226798     0.019688507              -0               -0       8.1599965              8.1599965
              5       5.7713355      0.99556825       1.5422228     0.056717313              -0               -0       11.542671              11.542671
              7       4.6040263        1.119018       1.3668833     0.043490784              -0               -0       9.2080525              9.2080525
              5       4.5041368       1.1139753       1.3856263     0.046140001              -0               -0       9.0082736              9.0082736
              3       4.0749492       1.1405463       1.3933226     0.011964242              -0               -0       8.1498984              8.1498984
              4       5.4661448       1.0548117       1.4055543     0.046351265              -0               -0        10.93229               10.93229
              1        7.534161       1.1594022       1.2426104    0.0055429996              -0               -0       15.068322              15.068322
              1        7.905462       1.0108015       1.4035296     0.073480163              -0               -0       15.810924              15.810924
              4       5.5529649       1.0110852       1.5610872     0.048665728              -0               -0        11.10593               11.10593
              2       5.8663271       1.0608251        1.573752     0.025518226              -0               -0       11.732654              11.732654
              5       6.8993541       1.2058979       1.3842972     0.067923782              -0               -0       13.798708              13.798708
              3       4.6983652       1.0466045       1.5796816    0.0031576153              -0               -0       9.3967305              9.3967305
              2       4.6443944       1.0615484        1.568518   -0.0035739569              -0               -0       9.2887889              9.2887889
              1       4.9935192       0.9861252       1.6059287    -0.056551499              -0               -0       9.9870384              9.9870384
              1       4.3857075       1.1642514       1.4107561     0.008680128              -0               -0        8.771415               8.771415
              2       4.9696691       1.1982588       1.2785098     0.038767463              -0               -0       9.9393382              9.9393382
              7       4.5231862       1.0874016       1.4128032     0.043294771              -0               -0       9.0463724              9.0463724
              1       4.4683734       1.0731355       1.4303433     0.037610498              -0               -0       8.9367468              8.9367468
              4       5.4633859       1.0370948        1.455737     0.061399887              -0               -0       10.926772              10.926772
              1       5.6110238         1.03115       1.4559594     0.061780812              -0               -0       11.222048              11.222048
              5       6.1784017       1.1538345       1.2870503   0.00065109229              -0               -0       12.356803              12.356803
              2       6.2725307      0.92725127       1.6372564     -0.05529755              -0               -0       12.545061              12.545061
              1       6.3904451      0.93159453       1.6357436    -0.061377733              -0               -0        12.78089               12.78089
              7       5.0004767      0.96813177       1.5835608     0.022190687              -0               -0       10.000953              10.000953
              1       4.2864147        1.110205       1.4436795    -0.026065543              -0               -0       8.5728295              8.5728295
              5       5.8020211       1.2259851       1.2179408      0.04420956              -0               -0       11.604042              11.604042
              1       4.7776467       1.2043285        1.316687     0.045143307              -0               -0       9.5552934              9.5552934
              3       5.1430909      0.99945409       1.6329135    -0.067311115              -0               -0       10.286182              10.286182
              1       4.4287635       1.0489519       1.5429394    -0.046120063              -0               -0        8.857527               8.857527
              6        4.439195       1.0333692       1.4891802   -0.0095358532              -0               -0         8.87839                8.87839
              3       6.6980738        1.001824       1.4488464     0.058504723              -0               -0       13.396148              13.396148
              6       6.9585548       1.0757062        1.343011     0.083633384              -0               -0        13.91711               13.91711
              1       7.8154826       1.0266825       1.3791328      0.02331845              -0               -0       15.630965              15.630965
             13       5.7848938      0.92998861         1.60872    -0.019158258              -0               -0       11.569788              11.569788
              4       5.6531226      0.93958368       1.5979129    -0.022102818              -0               -0       11.306245              11.306245
              7        4.247974       1.0056963       1.5629539    0.0099158685              -0               -0       8.4959479              8.4959479
              1       4.4556501       1.0135862       1.5636929     0.020307928              -0               -0       8.9113001              8.9113001
              1        4.306648       1.0256994       1.5509996     0.018362399              -0               -0        8.613296               8.613296
              1       4.8146583        1.011962       1.5547145    -0.047577256              -0               -0       9.6293166              9.6293166
              1       5.6193216       1.0147331       1.6319163    -0.077577446              -0               -0       11.238643              11.238643
              1       6.4018126       1.1751536        1.419329    -0.066963627              -0               -0       12.803625              12.803625
              1       5.5972321       1.1657481       1.4359183    -0.052358565              -0               -0       11.194464              11.194464
              1       5.4789172       1.1333743       1.4792028    -0.058922498              -0               -0       10.957834              10.957834
              1       5.0628639       1.1308138       1.4597918    -0.050510482              -0               -0       10.125728              10.125728
             13       3.8932349       1.1013822       1.4471691    0.0012014009              -0               -0       7.7864699              7.7864699
              5       4.3764934      0.99213157       1.6323031    -0.023066428              -0               -0       8.7529868              8.7529868
              1       5.1959926       1.1137283        1.376585     0.071176577              -0               -0       10.391985              10.391985
              7        6.890753       1.0755717        1.460223     0.092837466              -0               -0       13.781506              13.781506
              3       6.2465354       1.0808358       1.4565848     0.083086511              -0               -0       12.493071              12.493071
              2       6.2265641       1.0450296        1.554019     0.053343604              -0               -0       12.453128              12.453128
              1       5.9863623      0.99643376       1.6705822   -0.0015786059              -0               -0       11.972725              11.972725
              1       6.7807775       1.2424022       1.3100124    -0.048194435              -0               -0       13.561555              13.561555
              2       6.1314576       1.2191742       1.3717563    -0.044637676              -0               -0       12.262915              12.262915
              1       4.2075348       1.0284155       1.5333162    -0.027294247              -0               -0       8.4150696              8.4150696
              2       4.2711554      0.99331711       1.6095054   -0.0081720308              -0               -0       8.5423109              8.5423109
              1       4.2657344       1.0353962       1.5870974    -0.016359516              -0               -0       8.5314689              8.5314689
              1        3.984424       1.0416796       1.5511681    -0.023597422              -0               -0       7.9688481              7.9688481
              5       6.1983348       1.2623724       1.3056626    -0.024543313              -0               -0        12.39667               12.39667
              7       7.2663995       1.2749112       1.2955358     0.076772416              -0               -0       14.532799              14.532799
              3       7.1489909       1.2777582       1.2874195     0.077048363              -0               -0       14.297982              14.297982
              1       6.4180611       1.1821065       1.4443593     0.031606232              -0               -0       12.836122              12.836122
              1       4.8426231       1.2183533       1.3312379     0.006256879              -0               -0       9.6852463              9.6852463
              3       4.9479086       1.2077798       1.3694079     0.015783598              -0               -0       9.8958172              9.8958172
              2       5.1335536       1.2210755       1.3567365     0.015789113              -0               -0       10.267107              10.267107
              1        5.543922       1.2155686       1.3739486     0.031363646              -0               -0       11.087844              11.087844
              4       6.9649268       1.3134535       1.2126192     0.083428622              -0               -0       13.929854              13.929854
              1       7.0457332       1.3007942       1.1683313    0.0030008079              -0               -0       14.091466              14.091466
              2       7.5972391       1.2501722       1.1415962     0.042656284              -0               -0       15.194478              15.194478
              1       8.5888816       1.1208393       1.2914631    -0.029756228              -0               -0       17.177763              17.177763
              5       8.3587497       0.8018944       1.8535918    -0.045715576              -0               -0       16.717499              16.717499
              2       8.3914107      0.88224338       1.8644441    -0.051047156              -0               -0       16.782821              16.782821
              3        6.549841       0.8928902        1.779871    -0.017575946              -0               -0       13.099682              13.099682
              3       5.4848057       1.0085517       1.6557484      -0.0112125              -0               -0       10.969611              10.969611
              7       4.1997332       1.1238112       1.3858597     0.014897752              -0               -0       8.3994663              8.3994663
              6       4.1382024       1.0128519       1.5721547     0.002457273              -0               -0       8.2764049              8.2764049
              3       6.7691008      0.89576782       1.7952025    -0.081609802              -0               -0       13.538202              13.538202
              3       4.8869993       1.1634272       1.3825425    -0.029704319              -0               -0       9.7739985              9.7739985
              3       4.9140561       1.1581183       1.4040546    -0.035820099              -0               -0       9.8281123              9.8281123
              6       4.4856718       1.1117552       1.4813818    -0.037908988              -0               -0       8.9713436              8.9713436
              4       4.9028021       1.1428949       1.4468748    -0.042204985              -0               -0       9.8056041              9.8056041
              3       5.7367798       1.0538005       1.5834277    -0.078027955              -0               -0        11.47356               11.47356
              2       6.4916864       1.1554765       1.3553994    -0.053548347              -0               -0       12.983373              12.983373
              3       6.3731837       1.1513733       1.3664403    -0.055010892              -0               -0       12.746367              12.746367
              2       5.5684384       1.2760193       1.2472568     0.028413503              -0               -0       11.136877              11.136877
              1       5.7138377       1.2835173       1.2488546     0.024533332              -0               -0       11.427675              11.427675
              3       8.0776457       1.3964642       1.0909398     0.084970639              -0               -0       16.155291              16.155291
              1       7.6227363         1.07582        1.395832      0.11488873              -0               -0       15.245473              15.245473
              4       7.6499998       1.0982214        1.319974       0.1112311              -0               -0            15.3                   15.3
              5       11.622578       1.3439937       1.0174037      0.18210345              -0               -0       23.245156              23.245156
              2       11.471242       1.3408394       1.0223864      0.18012552              -0               -0       22.942484              22.942484
              4       10.648626       1.3186925       1.0523944      0.16864416              -0               -0       21.297251              21.297251
              2       6.4915567       1.2831956       1.1580269      0.07087813              -0               -0       12.983113              12.983113
              3       6.1367068       1.2459323       1.1903766     0.051764149              -0               -0       12.273414              12.273414
              1       7.9451939        1.306199       1.0886854     0.060526779              -0               -0       15.890388              15.890388
              2        8.271263       1.3345589       1.1158438  -0.00025022179              -0               -0       16.542526              16.542526
              1       7.0002425       1.3179042       1.1281566     0.084039488              -0               -0       14.000485              14.000485
              1       4.9422815       1.0274332       1.4874039     0.045865938              -0               -0        9.884563               9.884563
              1       4.9214901       1.0529574       1.4339972     0.043237683              -0               -0       9.8429802              9.8429802
              1       4.6298274       1.0681895       1.4262484     0.039182989              -0               -0       9.2596548              9.2596548
              6       4.6373649       1.0690385       1.4249382     0.039680585              -0               -0       9.2747298              9.2747298
              3       4.6663293       1.0463181       1.4537182     0.034840925              -0               -0       9.3326586              9.3326586
              1        4.712932       1.0699743       1.4132406     0.024159796              -0               -0       9.4258641              9.4258641
              6       4.5136902        1.147663       1.4192618    -0.026462469              -0               -0       9.0273803              9.0273803
              1       4.1891105       1.1374293       1.4246666    -0.014135016              -0               -0        8.378221               8.378221
              1       4.1496669       1.0730756       1.4869456    -0.027442313              -0               -0       8.2993338              8.2993338
              3       4.3579117       1.0953514       1.4358243     -0.02048346              -0               -0       8.7158233              8.7158233
              1       5.7075169       1.2449333       1.2324995     0.013373497              -0               -0       11.415034              11.415034
              1       5.0049681       1.1850969       1.2984098    0.0095513451              -0               -0       10.009936              10.009936
              3       5.3460209       1.1726937       1.3384054    -0.026119523              -0               -0       10.692042              10.692042
              2       5.4531853       1.1020333       1.3567273     0.066446276              -0               -0       10.906371              10.906371
              4       5.4891822       1.1395412       1.3044019     0.028084066              -0               -0       10.978364              10.978364
              6       4.9795239       1.1223416       1.3469436     0.013145861              -0               -0       9.9590478              9.9590478
              4       5.3010495       1.0810056       1.3748729     0.040123169              -0               -0       10.602099              10.602099
              3       5.7992275       1.1225039       1.3092935     0.036182884              -0               -0       11.598455              11.598455
              1       7.6212707       1.2262734       1.1546977     0.056647591              -0               -0       15.242541              15.242541
              3       8.3148873       1.0829155        1.299922     0.016981348              -0               -0       16.629775              16.629775
              2       9.3979579       1.1740557       1.1726684     0.030331459              -0               -0       18.795916              18.795916
              3       4.9096037       1.2279581       1.3109848     0.027663953              -0               -0       9.8192073              9.8192073
              1       4.4331403       1.1776184       1.3379199     0.014622323              -0               -0       8.8662806              8.8662806
              2       4.4045724       1.1546064       1.3703781   -0.0055443212              -0               -0       8.8091449              8.8091449
              4       6.8123477       1.1600396       1.5165334    -0.043705482              -0               -0       13.624695              13.624695
              1        5.585601       1.1213529        1.537171    -0.032469223              -0               -0       11.171202              11.171202
              4       5.4388898       1.1269067       1.5243004    -0.033628587              -0               -0        10.87778               10.87778
              7       5.4992103      0.96691457       1.6819554   -0.0020568019              -0               -0       10.998421              10.998421
              1        6.477155      0.97070458       1.6981707    0.0041296408              -0               -0        12.95431               12.95431
              2       6.1011211        1.207957       1.4256807   -0.0056065756              -0               -0       12.202242              12.202242
              2       4.2455705       1.1306581       1.4397983     0.021697238              -0               -0        8.491141               8.491141
              1       4.9051266          1.2237        1.282148     0.034560654              -0               -0       9.8102531              9.8102531
              1       5.4091739        1.248175       1.2358041     0.052291518              -0               -0       10.818348              10.818348
              1       5.4479696       1.1035085       1.4183493      0.07459913              -0               -0       10.895939              10.895939
              3       5.7440581       1.0681788       1.3969466     0.071205656              -0               -0       11.488116              11.488116
              1       6.0605757        1.156111       1.2650504     0.059425616              -0               -0       12.121151              12.121151
              2       6.2684247       1.1542441       1.4242662     0.068463678              -0               -0       12.536849              12.536849
              5       8.3478494        1.380731       1.1232933      0.10513679              -0               -0       16.695699              16.695699
              1       8.3772369       1.3753747        1.113932      0.11291442              -0               -0       16.754474              16.754474
              5       8.4373321       1.4015995       1.0585744     0.097686154              -0               -0       16.874664              16.874664
              1       4.6507653       1.1557708       1.3918816     0.045883778              -0               -0       9.3015306              9.3015306
              1       4.4549442       1.1836851       1.3632841    0.0011670202              -0               -0       8.9098884              8.9098884
              1       4.4355157        1.150074       1.3453014     0.027293608              -0               -0       8.8710313              8.8710313
              4       5.3943764       1.2263792       1.2408721     0.055568687              -0               -0       10.788753              10.788753
              7       5.6068734       1.1381419       1.3627651     0.083634414              -0               -0       11.213747              11.213747
              6       5.3367391       1.1274712         1.34899     0.074413411              -0               -0       10.673478              10.673478
              2       6.6134361        1.156434       1.2841783      0.10382976              -0               -0       13.226872              13.226872
              1       6.5231315       1.1861827       1.2626187      0.10465829              -0               -0       13.046263              13.046263
              5       6.9773728       1.2023914       1.2239757      0.10989992              -0               -0       13.954746              13.954746
              1       6.3302145       1.2558296       1.1805722      0.07612862              -0               -0       12.660429              12.660429
              1       4.8771043       1.0175495       1.5106639     0.041609248              -0               -0       9.7542085              9.7542085
              4       3.9554983       1.0285166       1.5515521   -0.0046537086              -0               -0       7.9109966              7.9109966
             15       3.9806073       1.0302903       1.5354006    0.0033214924              -0               -0       7.9612146              7.9612146
              2       4.1019642       1.0376861       1.5072084     0.016145743              -0               -0       8.2039284              8.2039284
              3        4.014327       1.0689133       1.4698085     0.020107632              -0               -0        8.028654               8.028654
              1       4.2435462       1.0407075       1.4822402     0.015580876              -0               -0       8.4870923              8.4870923
              2       4.1857221       1.0719938       1.4530893   -0.0074085986              -0               -0       8.3714443              8.3714443
              1       4.6555645       1.0940225       1.4026796   -0.0052926688              -0               -0       9.3111291              9.3111291
              2        4.748941        1.136808       1.3722852    -0.015275136              -0               -0       9.4978821              9.4978821
              3       3.8659989        1.055355       1.5224679   -0.0060797315              -0               -0       7.7319978              7.7319978
              6       3.9947335       1.0236997       1.5429763  -0.00053860298              -0               -0       7.9894669              7.9894669
              2       3.9960396        1.022581        1.546338   -0.0011713457              -0               -0       7.9920792              7.9920792
              2       3.9433843       1.0584292       1.5198896    -0.021380017              -0               -0       7.8867685              7.8867685
              7       4.5657799       1.0406972       1.6005059    -0.025602031              -0               -0       9.1315598              9.1315598
              2       5.3316066        1.139513       1.4181099     0.061572251              -0               -0       10.663213              10.663213
              7       4.8284549       1.1525689       1.3562242     0.061179984              -0               -0       9.6569099              9.6569099
              1       4.8535911        1.155535       1.3508653     0.061925417              -0               -0       9.7071822              9.7071822
              1       4.5858757        1.191598       1.3345682     0.038298082              -0               -0       9.1717514              9.1717514
              5       5.0453019       1.2154203       1.3201077      0.04992826              -0               -0       10.090604              10.090604
              3       4.7456775       1.2022327       1.3352039     0.039685803              -0               -0       9.4913549              9.4913549
              1       4.3934927        1.172227       1.3454585      0.01146862              -0               -0       8.7869853              8.7869853
              1       3.9463946       1.0829721        1.453434     0.014712038              -0               -0       7.8927892              7.8927892
              4       5.5760945      0.89816221        1.716984    -0.023357812              -0               -0       11.152189              11.152189
              1       5.4918482      0.90423548       1.7239893    -0.022762227              -0               -0       10.983696              10.983696
              2       3.9882539       1.0189888       1.5634603    -0.012692208              -0               -0       7.9765078              7.9765078
              4       4.0111212       1.0165464       1.5595277    -0.013844846              -0               -0       8.0222423              8.0222423
             18       4.0083639       1.0751737       1.5215123    -0.019435479              -0               -0       8.0167278              8.0167278
              1       3.9841202       1.0336668       1.5530576    -0.002095424              -0               -0       7.9682404              7.9682404
              2       4.6405145       1.2062698       1.3326006     0.024891144              -0               -0        9.281029               9.281029
              7       5.8104684       1.2174805       1.3760403    -0.035481128              -0               -0       11.620937              11.620937
              2       6.3000596       1.1833403       1.4470445    -0.055969323              -0               -0       12.600119              12.600119
              1        5.369093       1.0942287       1.5645105    -0.022293229              -0               -0       10.738186              10.738186
              2       5.0398518       1.1890181       1.3913404     0.031178828              -0               -0       10.079704              10.079704
              3        5.400894       1.1050436       1.4787365     0.050338013              -0               -0       10.801788              10.801788
              2       5.8962956       1.0798363       1.5068028     0.057188668              -0               -0       11.792591              11.792591
              3       8.3073696      0.83787355       1.7187524    -0.021371601              -0               -0       16.614739              16.614739
              4       5.1317566       1.1337631       1.3231355     0.048916086              -0               -0       10.263513              10.263513
              2       5.2202241      0.94823067       1.7088287    -0.055339906              -0               -0       10.440448              10.440448
              1        4.431382      0.97944423       1.6376707     -0.03529464              -0               -0       8.8627639              8.8627639
              1       5.2698412      0.96554022       1.6358467    -0.061505908              -0               -0       10.539682              10.539682
              2       4.6078404        1.019171       1.5851349    -0.052665998              -0               -0       9.2156809              9.2156809
              7       5.0742266      0.96149277       1.6940477    -0.053129196              -0               -0       10.148453              10.148453
              1       5.1249866      0.96051617       1.7000664    -0.051389442              -0               -0       10.249973              10.249973
              3       5.2972343      0.94953167       1.7156146    -0.054292188              -0               -0       10.594469              10.594469
              1       4.8852438        1.190465       1.3601406     0.045156973              -0               -0       9.7704875              9.7704875
              1        6.814922       1.2865654       1.1678823      0.01373274              -0               -0       13.629844              13.629844
              1        6.840275        1.288205       1.1377344     0.063661867              -0               -0        13.68055               13.68055
              1       4.3120323       1.0031994       1.5507752     0.011515942              -0               -0       8.6240646              8.6240646
              8       4.9929357      0.98657064       1.5283423     0.015010429              -0               -0       9.9858714              9.9858714
              2       5.6113677      0.93652755       1.6802688    -0.065303361              -0               -0       11.222735              11.222735
              1       4.9325031      0.96270139       1.6659832    -0.054866566              -0               -0       9.8650061              9.8650061
              1        6.989234      0.86991432       1.8206326    -0.075783558              -0               -0       13.978468              13.978468
              1       6.8118062      0.85026793       1.8121344    -0.046335346              -0               -0       13.623612              13.623612
              2       6.3902456      0.86913733       1.7944878     -0.05126932              -0               -0       12.780491              12.780491
              2       5.5159357      0.93042927       1.7224602    -0.016952945              -0               -0       11.031871              11.031871
              3       4.9588236       1.2298371       1.2852748     0.019743551              -0               -0       9.9176472              9.9176472
              1       5.9396482       1.2246092       1.2242257     0.079507651              -0               -0       11.879296              11.879296
              2       7.3749574       1.1398097        1.245471     0.044780447              -0               -0       14.749915              14.749915
              2       4.9311829       1.0282369        1.462979      0.01120146              -0               -0       9.8623658              9.8623658
              5       5.0376007      0.95389295       1.5953165      0.00885999              -0               -0       10.075201              10.075201
              3       5.2192565      0.97659612       1.5711937     0.034695188              -0               -0       10.438513              10.438513
              1       5.5247544      0.97006844        1.661156    -0.073468527              -0               -0       11.049509              11.049509
              4       5.5309243        1.012408       1.4690155  -0.00031143804              -0               -0       11.061849              11.061849
              4       5.1881625       1.1166101        1.439138    -0.050850937              -0               -0       10.376325              10.376325
              6       4.2075949      0.99547079       1.6113028    -0.019050087              -0               -0       8.4151898              8.4151898
              2       4.3803247      0.97764425       1.6275044    -0.012535457              -0               -0       8.7606493              8.7606493
             17       3.9324849        1.048851       1.5191725    0.0069008033              -0               -0       7.8649697              7.8649697
              2       4.3222552        1.155343       1.4195626   -0.0093170823              -0               -0       8.6445104              8.6445104
              1       5.6232033       1.2544399       1.2693687     0.062243682              -0               -0       11.246407              11.246407
              1       6.0082495       1.2472546       1.3055653     0.064046369              -0               -0       12.016499              12.016499
              1       7.0508032       1.2976092       1.3106651    0.0038518936              -0               -0       14.101606              14.101606
              2        6.392936       1.0892463       1.5999271    -0.056954644              -0               -0       12.785872              12.785872
              1       6.6607062       1.1183537       1.5678058    -0.056041032              -0               -0       13.321412              13.321412
              2       6.1506014       1.1245777       1.5372228    -0.061300432              -0               -0       12.301203              12.301203
              7       6.5612387       1.2036663       1.4474169    -0.027628605              -0               -0       13.122477              13.122477
              5       6.8992118       1.2562467       1.3760532   -0.0082028765              -0               -0       13.798424              13.798424
              2       6.8610556       1.2535742       1.3791853   -0.0093343658              -0               -0       13.722111              13.722111
              4        4.070639       1.0250354       1.5603207    -0.027745714              -0               -0        8.141278               8.141278
              3       8.0977126        1.257807       1.3368299     0.078610836              -0               -0       16.195425              16.195425
              4       5.7203726       1.0293269       1.6425764    -0.013097513              -0               -0       11.440745              11.440745
              3       5.3469165      0.96052936       1.5796886     0.028404866              -0               -0       10.693833              10.693833
              3       4.5337123      0.96512073       1.6540887    -0.030892993              -0               -0       9.0674246              9.0674246
              2       4.5317059      0.99859116       1.5634716    -0.032878078              -0               -0       9.0634118              9.0634118
              1       4.7130284      0.98800569       1.5822602     -0.04038073              -0               -0       9.4260567              9.4260567
              6       4.5642539      0.98868046       1.6475276    -0.040627057              -0               -0       9.1285078              9.1285078
              8       4.0076596        1.057075       1.5317289    -0.026485308              -0               -0       8.0153192              8.0153192
              2       5.0717465       1.0223996       1.6433342    -0.040016549              -0               -0       10.143493              10.143493
              3       5.1218103       1.0695378       1.5830879    -0.051843878              -0               -0       10.243621              10.243621
              2       5.9637076        1.037064       1.6502872    -0.064792591              -0               -0       11.927415              11.927415
              4        5.978112      0.88819712       1.7721075      -0.0505399              -0               -0       11.956224              11.956224
              2       5.8806094      0.90151417       1.7459392     -0.01608953              -0               -0       11.761219              11.761219
              2       4.0971235       1.1188275       1.4019921     0.024506351              -0               -0       8.1942471              8.1942471
              1       4.4831524       1.0721412       1.4232492     0.027862645              -0               -0       8.9663048              8.9663048
              7       5.0402212       1.0050842       1.5534119    -0.048552424              -0               -0       10.080442              10.080442
              3       7.1573224       1.3361137       1.2386213     0.027080348              -0               -0       14.314645              14.314645
              2       6.8127415       1.3121939       1.2683722     0.029463889              -0               -0       13.625483              13.625483
              2       6.1382819       1.2242524       1.2242289     0.012506446              -0               -0       12.276564              12.276564
              1       5.6486919       1.1672018       1.2687169     0.050480073              -0               -0       11.297384              11.297384
              9       5.9731709       1.1372051       1.2871982      0.04215135              -0               -0       11.946342              11.946342
              4       4.5859036        1.031296        1.481162   -0.0047302287              -0               -0       9.1718072              9.1718072
              6       4.3045223       1.0024147       1.5432484   -0.0013050651              -0               -0       8.6090446              8.6090446
              3       5.4998673      0.96823098       1.5467358    -0.013499586              -0               -0       10.999735              10.999735
              6       4.9469415      0.99347699       1.5268574    -0.012433675              -0               -0       9.8938831              9.8938831
              5       4.8637028      0.99886273       1.5225379    -0.013085634              -0               -0       9.7274056              9.7274056
              1       4.2483829       1.0758161        1.432346     0.020546196              -0               -0       8.4967657              8.4967657
              1        4.971192       1.0791314       1.3905366     0.036070297              -0               -0        9.942384               9.942384
              4       4.9713339       1.0598921       1.4155624     0.033190547              -0               -0       9.9426678              9.9426678
              1       5.5468116       1.1589786       1.3286662    -0.020870074              -0               -0       11.093623              11.093623
              4        5.595903        1.134313       1.3757539    -0.039057627              -0               -0       11.191806              11.191806
              4       5.5970038       1.1343436       1.3758229    -0.039127899              -0               -0       11.194008              11.194008
              4       5.2081228       1.1013399       1.5514922    -0.027121315              -0               -0       10.416246              10.416246
              3       4.0582595       1.0920473       1.4549976    -0.015776782              -0               -0       8.1165191              8.1165191
              1       4.2476652       1.1172441       1.3962865    0.0015320942              -0               -0       8.4953304              8.4953304
              2       4.7575891       1.0332731       1.4730149   -0.0078192701              -0               -0       9.5151781              9.5151781
              3       4.9419081       1.0537167       1.4246661     0.028107867              -0               -0       9.8838161              9.8838161
              1       4.9555975       1.0582389       1.4180799     0.030562524              -0               -0       9.9111951              9.9111951
              1       5.1521897       1.0839588       1.3769723     0.027859014              -0               -0       10.304379              10.304379
              4       4.1733138       1.1176426       1.3972233    0.0067094469              -0               -0       8.3466276              8.3466276
              9        4.262352       1.1388037       1.4375697    -0.017343821              -0               -0       8.5247041              8.5247041
              1        4.403001       1.1687976       1.4025889   -0.0042500522              -0               -0        8.806002               8.806002
              6         5.21416       1.2098175       1.2586163      0.03388109              -0               -0        10.42832               10.42832
              2       8.0634915       1.0261954       1.5894469     -0.11194555              -0               -0       16.126983              16.126983
              1       5.8081803       1.0663832       1.5638874    -0.078397375              -0               -0       11.616361              11.616361
              1       6.2561547      0.91837546        1.750463    -0.079436597              -0               -0       12.512309              12.512309
              4       5.1013596      0.93927764        1.672499    -0.049213133              -0               -0       10.202719              10.202719
             10       4.2684242       1.0278305       1.5454048     0.018571388              -0               -0       8.5368484              8.5368484
              2       4.5171032       1.0382949        1.517572     0.034645388              -0               -0       9.0342063              9.0342063
              1       5.0906404       1.2102252       1.3402587    -0.016850733              -0               -0       10.181281              10.181281
              1        5.089958       1.2098178       1.3393388    -0.016892781              -0               -0       10.179916              10.179916
              8       5.0725045       1.1679606       1.4095558    -0.038330251              -0               -0       10.145009              10.145009
             14       4.4880947        1.136874       1.4316015    -0.029642529              -0               -0       8.9761894              8.9761894
              4       4.4929906       1.1334857       1.4380925    -0.031282311              -0               -0       8.9859812              8.9859812
              2       6.0891546       1.1656497       1.4583476    -0.060384753              -0               -0       12.178309              12.178309
              1       5.4916007       1.0883091       1.5781553    -0.039045324              -0               -0       10.983201              10.983201
              1       6.0485085      0.94757969       1.7330541    -0.077524534              -0               -0       12.097017              12.097017
              4       4.6072932       0.9666219       1.6463191    -0.040939126              -0               -0       9.2145864              9.2145864
              1       7.2178128      0.94329379       1.6598903    -0.092482792              -0               -0       14.435626              14.435626
              3       7.1484782       0.9371138       1.6482452    -0.084293056              -0               -0       14.296956              14.296956
              1       7.8031405       1.0225376        1.631981     -0.11175435              -0               -0       15.606281              15.606281
              1         6.28747       1.0632777       1.5970124      0.01162597              -0               -0        12.57494               12.57494
              2       5.7035602      0.96151251       1.7266425     -0.05476485              -0               -0        11.40712               11.40712
             10       5.1180243      0.92278333       1.6849365    -0.016702139              -0               -0       10.236049              10.236049
              1       6.7815097      0.88307426       1.7243304    -0.065451425              -0               -0       13.563019              13.563019
              2       6.7200162      0.92467922       1.7344132    -0.091029948              -0               -0       13.440032              13.440032
              5       10.219977      0.89380185       1.8169223     -0.13437227              -0               -0       20.439954              20.439954
              3       8.5000397      0.88187375        1.827637     -0.11052146              -0               -0       17.000079              17.000079
              1       7.7915839       1.3328286       1.0999529     0.029442834              -0               -0       15.583168              15.583168
              3       4.8720979        1.168578       1.3954418     0.042891435              -0               -0       9.7441957              9.7441957
              1        4.000617       1.0576261         1.53836    -0.023999494              -0               -0       8.0012339              8.0012339
              4        4.815704      0.95468717       1.6728781    -0.015001053              -0               -0       9.6314079              9.6314079
              4       4.7074447      0.94793406       1.6529262    -0.014565141              -0               -0       9.4148893              9.4148893
              5       4.7434869       1.0603541       1.4803408    -0.038510798              -0               -0       9.4869738              9.4869738
              3        4.634203       1.1813977       1.3392613     0.046881889              -0               -0       9.2684059              9.2684059
              4        4.261678       1.1642353       1.3804034     0.022811667              -0               -0       8.5233561              8.5233561
              3       4.6917078       1.1225987       1.4707615    -0.041930556              -0               -0       9.3834156              9.3834156
              4       4.4642059       1.0631563       1.5539778    -0.044594377              -0               -0       8.9284118              8.9284118
              2       4.4511761       1.0696866       1.5468285    -0.042859892              -0               -0       8.9023522              8.9023522
              7       4.7324912       1.0816188       1.5591454    -0.030398662              -0               -0       9.4649825              9.4649825
              2       7.3123723       1.1151953       1.5743005    -0.078259247              -0               -0       14.624745              14.624745
              4       7.3971667       1.1210706       1.5670689    -0.079066386              -0               -0       14.794333              14.794333
              7       7.4788161       1.3656008       1.1724165     0.060825863              -0               -0       14.957632              14.957632
              3       7.6648109        1.371579       1.1686101     0.063480127              -0               -0       15.329622              15.329622
              1       7.5616404       1.3735214       1.1492171     0.067865904              -0               -0       15.123281              15.123281
              1       7.0075213       1.1939242       1.4456992    -0.065263972              -0               -0       14.015043              14.015043
              6       5.7368922       1.1058742       1.5492242    -0.060500032              -0               -0       11.473784              11.473784
              3       5.5362766       1.2109847       1.3204526     -0.02677048              -0               -0       11.072553              11.072553
              4       4.9497962       1.1514308       1.3662883    -0.023675681              -0               -0       9.8995925              9.8995925
              1       5.1719532      0.92825017       1.6460103    -0.016332702              -0               -0       10.343906              10.343906
              2        5.156662      0.92970853       1.6431165    -0.015898303              -0               -0       10.313324              10.313324
              1       4.7749207      0.94823478       1.6333691    -0.023212679              -0               -0       9.5498415              9.5498415
             12       4.0369416       1.0371248       1.5298619    -0.022311354              -0               -0       8.0738832              8.0738832
              3       5.9114802      0.94898485        1.665286    -0.074952819              -0               -0        11.82296               11.82296
              1       5.7016433       1.0048776       1.5950669    -0.075888676              -0               -0       11.403287              11.403287
              2       6.6678205       1.1987916       1.4154635      0.04536448              -0               -0       13.335641              13.335641
              2       6.9318136         1.18685       1.4487174     0.033106963              -0               -0       13.863627              13.863627
              1       7.8261114       1.1999948       1.4425958     0.041422283              -0               -0       15.652223              15.652223
              2       6.0638043       1.2337003       1.3576307     0.040654377              -0               -0       12.127609              12.127609
              2       4.7374668       1.0894406        1.500736     0.031308836              -0               -0       9.4749337              9.4749337
              3       5.5931765       1.2010417       1.2490205     0.067126662              -0               -0       11.186353              11.186353
              7       4.6553589       1.1774501       1.3237638     0.047793227              -0               -0       9.3107178              9.3107178
              7       6.7414416       1.2393268       1.3150407     0.082850644              -0               -0       13.482883              13.482883
              2       6.6811094        1.249294       1.3261272     0.066081294              -0               -0       13.362219              13.362219
              2        6.354543      0.93887614       1.7510878    -0.023163616              -0               -0       12.709086              12.709086
              2       6.1737132      0.94376073       1.7488047    -0.031201641              -0               -0       12.347426              12.347426
              2       5.3490155       1.0041319       1.6647148    -0.022255437              -0               -0       10.698031              10.698031
              2       4.7600278       1.0007378       1.6372764   -0.0097777021              -0               -0       9.5200555              9.5200555
              6        6.746707       1.0894525        1.563115     0.025930506              -0               -0       13.493414              13.493414
              1       6.0320418      0.98732577       1.6748129    0.0028473171              -0               -0       12.064084              12.064084
              3       5.8631947       1.1615448       1.2662063     0.046226911              -0               -0       11.726389              11.726389
              5       4.3350761       1.1171739       1.3976651   -0.0053193968              -0               -0       8.6701523              8.6701523
              1       4.3454024       1.1193997       1.3924337   -0.0028180239              -0               -0       8.6908048              8.6908048
              2       3.8420315       1.0729972       1.4861017  -0.00020862705              -0               -0       7.6840631              7.6840631
              1       3.8473166       1.0695858       1.5023908    -0.007178329              -0               -0       7.6946332              7.6946332
              4        4.116991       1.0968711       1.4531906    -0.019629679              -0               -0        8.233982               8.233982
              1          4.5339      0.99955861       1.5594306    -0.031480128              -0               -0          9.0678                 9.0678
              5       5.2110014      0.97039214       1.6350478     0.017961412              -0               -0       10.422003              10.422003
              1       4.7752882       1.0170932       1.5640161     0.029495254              -0               -0       9.5505764              9.5505764
              5       4.3011064       1.0332128       1.5840741   -0.0063677033              -0               -0       8.6022128              8.6022128
              3         4.48768       1.0444049       1.5352886     0.027022447              -0               -0         8.97536                8.97536
              3       5.0613378       1.1391247       1.3834863     0.066940389              -0               -0       10.122676              10.122676
              1       4.9323863       1.1295778       1.3955866     0.062948592              -0               -0       9.8647726              9.8647726
              1       5.1665573       1.1224677       1.3897694     0.070952625              -0               -0       10.333115              10.333115
              2       5.3454965       1.1020562        1.428076     0.070485425              -0               -0       10.690993              10.690993
              5       4.5264756       1.0941858       1.5283004   -0.0069121831              -0               -0       9.0529512              9.0529512
              1       5.6637902       1.0805187       1.5890247     -0.02137884              -0               -0        11.32758               11.32758
              2        5.741587       1.1011335       1.5632893    -0.015559655              -0               -0       11.483174              11.483174
              2       5.7617869       1.1003837       1.5643061    -0.014761118              -0               -0       11.523574              11.523574
              2       4.1970435       1.1276217       1.4254056     0.029141509              -0               -0       8.3940871              8.3940871
              4       4.8489829       1.2241115       1.3167967     0.017373026              -0               -0       9.6979658              9.6979658
              1       4.9307801       1.1466683       1.4561438    -0.039552306              -0               -0       9.8615603              9.8615603
              2       4.3373422       1.1185909       1.4684256    -0.029813545              -0               -0       8.6746845              8.6746845
              3       5.1576088       1.0882443       1.5616029    -0.013253066              -0               -0       10.315218              10.315218
              1       5.3858293       1.1474444       1.4930386    -0.029132648              -0               -0       10.771659              10.771659
              4       7.3670024       1.0582032        1.662955    -0.058425267              -0               -0       14.734005              14.734005
              1       5.2019654       1.2048244       1.3907887    -0.014492612              -0               -0       10.403931              10.403931
              1       4.0994693       1.1217821       1.4450732    -0.016037915              -0               -0       8.1989386              8.1989386
              2       4.0165196        1.122597       1.4450727    -0.007560178              -0               -0       8.0330392              8.0330392
              1       9.0180186      0.97346735       1.7905598    -0.092105641              -0               -0       18.036037              18.036037
              2       8.2543335       1.1044016       1.5985125    -0.094401239              -0               -0       16.508667              16.508667
              3       5.4422939        1.131751       1.5042515    -0.050916158              -0               -0       10.884588              10.884588
              2       5.3128071       1.0653906       1.5783162    -0.065032183              -0               -0       10.625614              10.625614
              1       5.1732148        1.081943       1.5555648    -0.059212996              -0               -0        10.34643               10.34643
             12       5.1691382       1.0819994       1.5552363    -0.059171605              -0               -0       10.338276              10.338276
              4       4.8061311       1.0771168       1.5568121     -0.04871279              -0               -0       9.6122622              9.6122622
              3        5.619456       1.2464407       1.2488945    0.0044788459              -0               -0       11.238912              11.238912
              1       4.5157137       1.1757324       1.3251306     0.032220773              -0               -0       9.0314275              9.0314275
              3       4.3598013       1.1680825       1.3446821     0.027187831              -0               -0       8.7196027              8.7196027
              3       4.7214927       1.1772684       1.4017814     0.022268879              -0               -0       9.4429854              9.4429854
              3       5.7133326        1.130603       1.5269565    -0.040119623              -0               -0       11.426665              11.426665
              1       5.6284161       1.1777406       1.4561095    -0.026161013              -0               -0       11.256832              11.256832
              3       6.3618361       1.0580515       1.3877968     0.076906609              -0               -0       12.723672              12.723672
              1       6.5747199       1.1854254       1.3211043      0.10302217              -0               -0        13.14944               13.14944
              3       6.2355128       1.1666472       1.3533358     0.093210999              -0               -0       12.471026              12.471026
              2       6.2114039       1.1715337        1.335515     0.096058457              -0               -0       12.422808              12.422808
              2       6.5725931       1.1568502       1.3476034      0.10315871              -0               -0       13.145186              13.145186
              1       5.4677071       1.1123293       1.4226461     0.072487198              -0               -0       10.935414              10.935414
              3       5.9837554       1.1772597       1.4007807     0.061604032              -0               -0       11.967511              11.967511
              1       5.7982506       1.1456305       1.4433723     0.053738188              -0               -0       11.596501              11.596501
              2       5.9549144       1.1132646       1.3565405     0.088895634              -0               -0       11.909829              11.909829
              1       4.8657315       1.0911153        1.398189   -0.0066416468              -0               -0        9.731463               9.731463
              2       5.6453965       1.1842698       1.2578276     0.031465143              -0               -0       11.290793              11.290793
              3        5.925243       1.2583243       1.2500727   -0.0071463527              -0               -0       11.850486              11.850486
              1       5.1727722       1.0913599       1.4405557    -0.044401566              -0               -0       10.345544              10.345544
              3       4.3548415        1.038769       1.5006981    -0.022466061              -0               -0       8.7096829              8.7096829
              5       4.6268016      0.98232191       1.5576579     0.001312778              -0               -0       9.2536032              9.2536032
              2       4.7029101      0.97992598       1.5572982    0.0035828005              -0               -0       9.4058202              9.4058202
              6       4.1309579       1.0552481       1.5405141    0.0053723795              -0               -0       8.2619157              8.2619157
              2        3.912673       1.0601233       1.5288368    -0.014455432              -0               -0       7.8253461              7.8253461
              9       3.9644128       1.0543637       1.5414427    -0.019287873              -0               -0       7.9288256              7.9288256
              1       6.6820798        1.187106       1.4670522    0.0016595415              -0               -0        13.36416               13.36416
              4        6.823637        1.184961       1.4775072   -0.0072963172              -0               -0       13.647274              13.647274
              2       5.4727639       1.1200864       1.5346803    -0.023957724              -0               -0       10.945528              10.945528
              4       5.8864282       1.1104667       1.5467037   -0.0011721927              -0               -0       11.772856              11.772856
              2       6.4575277       1.1776012       1.4825314    -0.035312428              -0               -0       12.915055              12.915055
              4       4.9520245       1.2173646        1.352099    0.0054818719              -0               -0       9.9040491              9.9040491
              3       4.2743301        1.105928        1.473774     0.021503564              -0               -0       8.5486602              8.5486602
              1       4.1831841       1.0627386       1.5304656     0.010229881              -0               -0       8.3663681              8.3663681
              7       4.9128992      0.97378177       1.6394896    0.0068998222              -0               -0       9.8257984              9.8257984
              7       6.4041544       1.1563169       1.4125763       0.0760589              -0               -0       12.808309              12.808309
              4       6.2035469       1.0085341       1.6085243     0.039015868              -0               -0       12.407094              12.407094
              3        6.160609       1.0063057       1.6119103     0.037373689              -0               -0       12.321218              12.321218
              2       6.9301768       1.0647239       1.3589294     0.082220965              -0               -0       13.860354              13.860354
              1       6.3247431       1.0333166       1.4084287     0.054507323              -0               -0       12.649486              12.649486
              1       5.5460066       1.0263172       1.4412155     0.036123164              -0               -0       11.092013              11.092013
              3       5.5149672       1.0100527       1.4688486      0.03624698              -0               -0       11.029934              11.029934
              2       5.1887107       0.9453421       1.6215213     0.014294681              -0               -0       10.377421              10.377421
              3       6.5565224       1.1025624       1.3590397      0.09988041              -0               -0       13.113045              13.113045
              1       4.8194498       1.0801631       1.3953425     0.028441976              -0               -0       9.6388997              9.6388997
              1       6.7994585       1.0860937       1.3209342     0.050998156              -0               -0       13.598917              13.598917
              2       7.0057203       1.0086676       1.4215767     0.039063872              -0               -0       14.011441              14.011441
              3       6.6715018       1.0512181       1.3702138     0.036374176              -0               -0       13.343004              13.343004
              1       5.9463321       1.0170691       1.4459365    0.0067786616              -0               -0       11.892664              11.892664
              2       4.1462339       1.1117134       1.4015457     0.024343886              -0               -0       8.2924678              8.2924678
              4       4.0745845       1.1170172       1.4032442     0.013475413              -0               -0        8.149169               8.149169
              4        4.760302       1.0791769       1.4116643   -0.0022535921              -0               -0       9.5206041              9.5206041
              3       4.4512858       1.0893018       1.4152757   -0.0031557103              -0               -0       8.9025716              8.9025716
              4       4.2278939       1.0477314       1.5230578     0.022218562              -0               -0       8.4557878              8.4557878
              3       4.5890564       1.0319264       1.4982883    -0.023582717              -0               -0       9.1781128              9.1781128
              1       4.4841495       1.0037948       1.5408178    -0.020292095              -0               -0        8.968299               8.968299
             14        4.115731       1.1006333       1.4969513    -0.016797729              -0               -0       8.2314619              8.2314619
              6       4.5955644       1.1554765       1.4448926    -0.004707463              -0               -0       9.1911288              9.1911288
              2        4.582919       1.1553178       1.4443327   -0.0043321091              -0               -0       9.1658381              9.1658381
              1       6.3402755       1.0754324       1.5957373    -0.078390592              -0               -0       12.680551              12.680551
              9       7.7561806        1.090149       1.6221038    -0.079998536              -0               -0       15.512361              15.512361
              6          7.1706      0.96463509       1.7507804    -0.091377077              -0               -0         14.3412                14.3412
              2       7.0737797       0.9649375       1.7483517    -0.090214667              -0               -0       14.147559              14.147559
              1       7.0544307      0.95258774       1.7542176     -0.09319791              -0               -0       14.108861              14.108861
              1       5.5368753       1.0739441       1.5628081     -0.07081675              -0               -0       11.073751              11.073751
              1       4.6914198       1.0779765       1.4383174     0.052206458              -0               -0       9.3828395              9.3828395
              8       4.7989217      0.97245662       1.5706268    -0.013042503              -0               -0       9.5978434              9.5978434
              3       5.7115524      0.93409912       1.6188338    -0.035359082              -0               -0       11.423105              11.423105
              1        7.248267       1.0668615       1.6452624    -0.072995057              -0               -0       14.496534              14.496534
              1       4.9467685       1.0352574       1.5995386    -0.061121617              -0               -0       9.8935371              9.8935371
              1       5.1503678       1.1588418       1.4279123    -0.043995907              -0               -0       10.300736              10.300736
              2       7.1827042       1.2525715       1.2344592      0.11516883              -0               -0       14.365408              14.365408
              4       7.4516004       1.2422813       1.2843867      0.10915519              -0               -0       14.903201              14.903201
              1       7.5104637       1.2504209       1.2636565      0.11429694              -0               -0       15.020927              15.020927
              5       7.5499502       1.2574409       1.2653725       0.1110179              -0               -0         15.0999                15.0999
              3       6.2048195       1.0985957       1.4448889     0.082250963              -0               -0       12.409639              12.409639
              6       6.4340877       1.1366658        1.539039    -0.026414797              -0               -0       12.868175              12.868175
              1       5.0102623       1.0641546       1.4267438     0.054880304              -0               -0       10.020525              10.020525
              2       5.6669508       1.0706866       1.4059323     0.073931369              -0               -0       11.333902              11.333902
              6       5.5186335       1.0604709       1.4819937     0.066012998              -0               -0       11.037267              11.037267
              1       5.4405558       1.0685424       1.4703743     0.066556375              -0               -0       10.881112              10.881112
              1       5.7997055       1.1146537       1.5509146      -0.0231748              -0               -0       11.599411              11.599411
              3       5.7629322      0.99820654       1.6459397    -0.080907456              -0               -0       11.525864              11.525864
              1        4.885202       1.1347388       1.4234711    -0.040786344              -0               -0        9.770404               9.770404
              8       4.8484502       1.1305068        1.424221    -0.039880522              -0               -0       9.6969003              9.6969003
              6       4.8216942       1.1245573       1.4312627     -0.04070942              -0               -0       9.6433884              9.6433884
              1       4.8990108       1.1268097       1.4276328    -0.041892255              -0               -0       9.7980216              9.7980216
              2       5.5934787       1.1699787       1.4235674    -0.051426108              -0               -0       11.186957              11.186957
              1       6.1252234       1.2252328       1.3845083    -0.035258086              -0               -0       12.250447              12.250447
              1       5.2073265       1.0851274       1.5699203    -0.019667961              -0               -0       10.414653              10.414653
              1       7.5901992       1.0126464       1.7197634     -0.07702157              -0               -0       15.180398              15.180398
              2       7.6330811       1.0548957       1.5768827      -0.1071279              -0               -0       15.266162              15.266162
              2       5.9176729       1.0417764       1.6278437    -0.075850458              -0               -0       11.835346              11.835346
              4       4.5259801       1.0679273       1.5503338    -0.045962984              -0               -0       9.0519602              9.0519602
              3       5.5463557      0.98753159       1.6066781    -0.069812648              -0               -0       11.092711              11.092711
              5       5.2292807        1.007549       1.5826858    -0.064636096              -0               -0       10.458561              10.458561
              1        5.778428      0.99201318       1.6028332    -0.074912062              -0               -0       11.556856              11.556856
              2       4.6877755      0.98796387        1.590864    -0.043390838              -0               -0        9.375551               9.375551
              1       5.0933433       1.2259712       1.2823816     0.008315311              -0               -0       10.186687              10.186687
              5       6.4948617       1.1974677       1.2271156     0.092389008              -0               -0       12.989723              12.989723
              1       5.1962883       1.2052346       1.3881902     -0.01593552              -0               -0       10.392577              10.392577
              7       5.1518038       1.1329168       1.4711231    -0.051610475              -0               -0       10.303608              10.303608
              4       4.0075976       1.0940593       1.4955674   -0.0034899131              -0               -0       8.0151952              8.0151952
              1       3.9107399       1.0607943       1.5131002    0.0052494353              -0               -0       7.8214797              7.8214797
              7       4.1999858        1.073489       1.4391678      0.02052191              -0               -0       8.3999715              8.3999715
              2       4.1387159       1.1019045        1.414354    0.0058405017              -0               -0       8.2774319              8.2774319
              2       4.0945499       1.0938138       1.4251498     0.006906665              -0               -0       8.1890998              8.1890998
             15       4.0720092       1.0571068       1.5241821    -0.030069446              -0               -0       8.1440183              8.1440183
             11        4.582618      0.99932211       1.5592341    -0.033094203              -0               -0       9.1652361              9.1652361
              6        5.349523       1.1805056       1.3887239     0.051736455              -0               -0       10.699046              10.699046
              1       6.1284857       1.2121993       1.2131489     0.050974298              -0               -0       12.256971              12.256971
              3       6.4471989       1.2610127       1.1734656     0.039221419              -0               -0       12.894398              12.894398
              6       6.5259704       1.2715226       1.1643197     0.041026166              -0               -0       13.051941              13.051941
              1        6.541571       1.2676617       1.1669642     0.038136766              -0               -0       13.083142              13.083142
              1        5.661894       1.2292696       1.2318575     0.023565358              -0               -0       11.323788              11.323788
              3       5.8634008       1.2202781       1.2321479     0.018299409              -0               -0       11.726802              11.726802
              1       6.0040919       1.2655384       1.2762771    -0.015197411              -0               -0       12.008184              12.008184
              5       6.0966215       1.2848508       1.2498211   -0.0032741131              -0               -0       12.193243              12.193243
              1       5.6049737       1.2335425       1.3490221    -0.019173935              -0               -0       11.209947              11.209947
              4       4.4681842       1.1336116       1.4265136    -0.028639239              -0               -0       8.9363685              8.9363685
              2        6.130805       1.1029942       1.3561804    -0.018317307              -0               -0        12.26161               12.26161
             14       6.0247186        1.126358       1.3070363     0.015189164              -0               -0       12.049437              12.049437
              1       5.5413148       1.1628435       1.2840648     0.021675338              -0               -0        11.08263               11.08263
              1       5.9524362       1.0893571        1.470736    -0.069551398              -0               -0       11.904872              11.904872
             11       5.0931063       1.0200804       1.5374046    -0.051740411              -0               -0       10.186213              10.186213
              2       4.5605016       1.0464278       1.5105441    -0.040238211              -0               -0       9.1210032              9.1210032
              2       5.3609981       1.0206143       1.6172233    -0.072470231              -0               -0       10.721996              10.721996
              1       8.1398167      0.97910651       1.7034246     -0.11612098              -0               -0       16.279633              16.279633
              2        8.155791      0.98036838        1.705572     -0.11603102              -0               -0       16.311582              16.311582
              1       6.3909468      0.95339047       1.5805065    -0.050074718              -0               -0       12.781894              12.781894
              4       5.4792276      0.94700984       1.5982661    -0.029459291              -0               -0       10.958455              10.958455
              3       4.7620189       1.0664785       1.5372017     0.023181228              -0               -0       9.5240377              9.5240377
              6       4.6429797      0.98992534       1.6252635    0.0016929128              -0               -0       9.2859594              9.2859594
              2       5.6330589       1.1390699       1.5140544     -0.02709973              -0               -0       11.266118              11.266118
              2       6.6655449       1.0793629       1.6060575    -0.010229633              -0               -0        13.33109               13.33109
              1       6.3056747        1.029922       1.6560201    -0.079824574              -0               -0       12.611349              12.611349
              2       5.3572266       1.0273146       1.6291271    -0.067751563              -0               -0       10.714453              10.714453
              1       6.1547265       1.0052422       1.6800702    -0.079525342              -0               -0       12.309453              12.309453
              1       6.1144475      0.94688627       1.7346525    -0.079013849              -0               -0       12.228895              12.228895
              2       5.4753257      0.96730255       1.7132069    -0.046369405              -0               -0       10.950651              10.950651
              2        6.602939      0.98404785       1.7315865    -0.057556815              -0               -0       13.205878              13.205878
              1        6.586892      0.98421175       1.7310495    -0.059465609              -0               -0       13.173784              13.173784
              2       6.3917368      0.97841849       1.7319968    -0.058104279              -0               -0       12.783474              12.783474
              1       7.1156937      0.88096285       1.7829325     -0.08623635              -0               -0       14.231387              14.231387
              3       10.266598      0.80115952       1.7747395     0.025145135              -0               -0       20.533196              20.533196
              3       9.0319794       1.3997883       1.1566659     0.085362147              -0               -0       18.063959              18.063959
              3       10.317063       1.3777622       1.2469275     0.060174609              -0               -0       20.634126              20.634126
              3        5.172921       1.2010601       1.3839747    -0.023430088              -0               -0       10.345842              10.345842
              1        5.783653       1.2282273       1.2242446     0.027787668              -0               -0       11.567306              11.567306
              5       5.3872043       1.2072103       1.2507853     0.035222834              -0               -0       10.774409              10.774409
              2       5.2541719       1.1895997       1.2740896     0.061303277              -0               -0       10.508344              10.508344
              4       4.7171965       1.0922175        1.424122     0.055265116              -0               -0        9.434393               9.434393
              4       4.0495471       1.0491825       1.5290493     0.011133646              -0               -0       8.0990942              8.0990942
              2       5.2591295       1.2314714       1.2608025     0.015039791              -0               -0       10.518259              10.518259
              1       5.8233635      0.97819769       1.7113268    -0.065268481              -0               -0       11.646727              11.646727
              2       9.0921866       1.1029511       1.6384517    -0.056482469              -0               -0       18.184373              18.184373
              2       5.2730466       1.1064764        1.547039     -0.03278047              -0               -0       10.546093              10.546093
             10        4.660555       1.1994202       1.3077053     0.035028933              -0               -0         9.32111                9.32111
              1       4.7197517       1.0982511       1.5364996    -0.021577852              -0               -0       9.4395034              9.4395034
              2       5.3095796       1.0624981       1.5728118      0.01278591              -0               -0       10.619159              10.619159
              5       6.1893898       1.1032466       1.4586118     0.075158181              -0               -0        12.37878               12.37878
              4       7.5210991       1.0965476       1.4862105      0.08381062              -0               -0       15.042198              15.042198
              1       6.8516856      0.88602099       1.6912509     0.022122509              -0               -0       13.703371              13.703371
              2        5.761947       1.1146509       1.3997329    -0.046793054              -0               -0       11.523894              11.523894
              5       5.7475117       1.0441426       1.4740729    -0.048476136              -0               -0       11.495023              11.495023
              8       5.0117819       1.0670678       1.4406313    -0.026093484              -0               -0       10.023564              10.023564
              1        7.946968       1.0976202       1.6055841    -0.090075796              -0               -0       15.893936              15.893936
              5        7.476333       1.2002088       1.4751415    -0.042116067              -0               -0       14.952666              14.952666
              4       6.3593671       1.2792689       1.3131279   -0.0018036498              -0               -0       12.718734              12.718734
              2       5.7992984      0.98305301       1.6848942    -0.077882152              -0               -0       11.598597              11.598597
              7       4.7374877      0.95523916       1.6671087      -0.0155507              -0               -0       9.4749755              9.4749755
              2       4.6717751      0.95585616       1.6671882    -0.021904343              -0               -0       9.3435503              9.3435503
              2       4.0166191       1.1098986       1.4264623     0.023289757              -0               -0       8.0332383              8.0332383
              1       4.9747235        1.182169       1.2982896     0.057808906              -0               -0        9.949447               9.949447
              3       5.5884851       1.1944852       1.3190218     0.079384819              -0               -0        11.17697               11.17697
              2       4.3727275       1.1434703       1.3563601     0.032320171              -0               -0        8.745455               8.745455
              1       4.2893408       1.1461681       1.3810417     0.036686238              -0               -0       8.5786817              8.5786817
              7       4.5549416      0.95843793       1.6511484    -0.023829545              -0               -0       9.1098832              9.1098832
              4       4.6465382       1.1272459       1.4219944    -0.033266783              -0               -0       9.2930763              9.2930763
              2       3.9814919        1.104389       1.4358721   -0.0039547925              -0               -0       7.9629838              7.9629838
              1       4.0547664       1.0322577       1.5355775    -0.022700516              -0               -0       8.1095328              8.1095328
              1       4.3727874       1.0350321       1.5719734    0.0063542391              -0               -0       8.7455749              8.7455749
              3       5.4890037       1.0522522       1.6222814    -0.034162527              -0               -0       10.978007              10.978007
              2       11.469136       1.0130316       1.7700194     -0.12017986              -0               -0       22.938272              22.938272
              5       9.5808112       1.4401373       1.1258675     0.060885679              -0               -0       19.161622              19.161622
              1       9.2872295       1.3369172       1.0822934      0.14912964              -0               -0       18.574459              18.574459
              1       4.6431325       1.0553427       1.4364674     0.017225142              -0               -0       9.2862649              9.2862649
             18       4.6449273       1.0555053       1.4361604     0.017234385              -0               -0       9.2898545              9.2898545
              4        4.646544       1.0576673        1.432952      0.01904753              -0               -0        9.293088               9.293088
              3       4.4680566       1.0533671        1.448568     0.013865967              -0               -0       8.9361133              8.9361133
              6       5.1941788       1.0510184       1.4179404     0.026348754              -0               -0       10.388358              10.388358
              4       4.0892474       1.0616442        1.479125      0.02393225              -0               -0       8.1784949              8.1784949
              7       4.6310761       1.1493842        1.407651     0.041991991              -0               -0       9.2621522              9.2621522
              5       4.0666955       1.0334075       1.5711303    -0.010631865              -0               -0        8.133391               8.133391
              2       4.1898666       1.0580071       1.5579614    -0.014458166              -0               -0       8.3797332              8.3797332
              6        4.062714       1.0870917       1.4974798    0.0092725338              -0               -0       8.1254279              8.1254279
              1       4.1066898       1.0718805       1.5315264    -0.004673669              -0               -0       8.2133796              8.2133796
              4       5.2752368       1.2298838       1.3437093   -0.0071981444              -0               -0       10.550474              10.550474
              4       5.4245472        1.150962       1.4668388    -0.049934858              -0               -0       10.849094              10.849094
              1       5.4270428       1.1409193       1.5044544    -0.022534783              -0               -0       10.854086              10.854086
              4       3.9732956       1.0776388       1.5068119    0.0037440857              -0               -0       7.9465911              7.9465911
              3       4.3223957       1.1180719       1.3838626     0.011061994              -0               -0       8.6447914              8.6447914
              1       5.1155699       1.1616127       1.2966135     0.045716038              -0               -0        10.23114               10.23114
              7       4.1789558       1.0674655       1.5472567    -0.021672732              -0               -0       8.3579116              8.3579116
              3         4.86964       1.0630502       1.5878391    -0.027958888              -0               -0         9.73928                9.73928
             11       4.9350962       1.1690351       1.4256654    -0.030482422              -0               -0       9.8701925              9.8701925
              3       5.6404715       1.1869877       1.4423364    -0.023451905              -0               -0       11.280943              11.280943
              3       5.8275971       1.1945889       1.4143287    -0.044420684              -0               -0       11.655194              11.655194
              5       4.8674184       1.1300282       1.4904293    -0.036822279              -0               -0       9.7348368              9.7348368
              6       4.1753054       1.1227733       1.4411997    -0.020021869              -0               -0       8.3506108              8.3506108
              3       4.3097336       1.1723819       1.3620116     0.023845801              -0               -0       8.6194672              8.6194672
              3       4.4526554       1.1849926       1.3453127    0.0080902175              -0               -0       8.9053107              8.9053107
              6       6.7761342       1.3045835       1.2321584     0.075682033              -0               -0       13.552268              13.552268
              5       6.7955785       1.3093327       1.2245164     0.075724729              -0               -0       13.591157              13.591157
              1       4.9682395       1.1904393       1.4046169    -0.012998605              -0               -0        9.936479               9.936479
             22       4.8324212       1.0826261       1.5585243    -0.014895308              -0               -0       9.6648424              9.6648424
              5       4.8149192       1.0823133       1.5586474    -0.015714657              -0               -0       9.6298385              9.6298385
              2       4.7078213       1.1244761       1.4539622      0.03578639              -0               -0       9.4156425              9.4156425
              8       5.1603103       1.1046984        1.493532     0.036325609              -0               -0       10.320621              10.320621
              3       4.7061333        1.210096       1.3319424      0.02670335              -0               -0       9.4122667              9.4122667
              1       5.6145673      0.96872106       1.5712093     0.041906382              -0               -0       11.229135              11.229135
              9       5.9434557      0.99637296       1.5115979     0.060791248              -0               -0       11.886911              11.886911
              1       6.0741116      0.99038704        1.516335     0.061166956              -0               -0       12.148223              12.148223
              1       5.9800261       1.0006885       1.4884964     0.059132126              -0               -0       11.960052              11.960052
              5       5.0087757       1.0445971       1.4437459   -0.0017613689              -0               -0       10.017551              10.017551
              2       4.1654257       1.0449186       1.5554175    0.0028622462              -0               -0       8.3308513              8.3308513
              9       4.5372948       1.0503393       1.5671768    -0.049343087              -0               -0       9.0745897              9.0745897
             32       4.2537711       1.0060934       1.6117242     -0.03115822              -0               -0       8.5075421              8.5075421
              5       5.0114642      0.96816338       1.6887778    -0.049742771              -0               -0       10.022928              10.022928
              2       5.0932872        1.001013       1.6640341    -0.051783664              -0               -0       10.186574              10.186574
              2       4.8883829      0.99757221       1.6590603    -0.047171257              -0               -0       9.7767659              9.7767659
              3       4.4899353       1.1886708       1.3279115     0.025125574              -0               -0       8.9798707              8.9798707
              7       4.3659991       1.0932712       1.4686976    -0.034295637              -0               -0       8.7319982              8.7319982
              2       4.0558296       1.1131959       1.4542812    -0.016715824              -0               -0       8.1116592              8.1116592
              1       5.5321782       1.2486669       1.3138566   -0.0077353308              -0               -0       11.064356              11.064356
              1       5.5325026       1.2559589       1.2946098   -0.0022723911              -0               -0       11.065005              11.065005
              3       7.3075709       1.2343588       1.3059477    -0.058319521              -0               -0       14.615142              14.615142
              4       6.8833066       1.1943186       1.3552335    -0.064558832              -0               -0       13.766613              13.766613
              4       5.5834696       1.0644888       1.5408009     0.040367839              -0               -0       11.166939              11.166939
              3       5.2591294       1.0608574       1.5430294     0.034619344              -0               -0       10.518259              10.518259
              2       4.5211535       1.0340711       1.4911225     0.034074011              -0               -0       9.0423069              9.0423069
              2       4.7283003      0.98233388       1.5506785    0.0019110412              -0               -0       9.4566007              9.4566007
              1       4.5877555       1.0361405       1.5950386    -0.048830652              -0               -0        9.175511               9.175511
              2       4.0448981        1.041712       1.5609808   -0.0090044138              -0               -0       8.0897962              8.0897962
              1       4.1685924       1.0685232       1.5394324   -0.0048486426              -0               -0       8.3371847              8.3371847
              1       3.9684278       1.0463106        1.547577    -0.021602752              -0               -0       7.9368556              7.9368556
              1       5.5274599       1.1067363        1.537019    -0.059931929              -0               -0        11.05492               11.05492
              1       6.0995645       1.2852207       1.2409821    -0.001466247              -0               -0       12.199129              12.199129
              2       5.8341444        1.271424       1.1984414     0.048836481              -0               -0       11.668289              11.668289
              2       3.8553253       1.0569341       1.5062317   -0.0031550038              -0               -0       7.7106506              7.7106506
              8       3.9133978       1.0971166       1.4760571    0.0024940509              -0               -0       7.8267955              7.8267955
              6       4.0568779       1.0341267       1.5729125    -0.018713558              -0               -0       8.1137557              8.1137557
              1       4.2154078      0.99899143       1.6088139    -0.014299454              -0               -0       8.4308156              8.4308156
              1       5.0268393      0.97892328       1.6802148    -0.028320059              -0               -0       10.053679              10.053679
              2       5.2361124      0.95460016       1.7126675    -0.043892624              -0               -0       10.472225              10.472225
              1       4.7355108      0.95606778       1.6739391    -0.022640469              -0               -0       9.4710216              9.4710216
              1       5.7947927       1.0667349       1.5618849     0.028699016              -0               -0       11.589585              11.589585
              2       4.8770203       1.1009336       1.4518374     0.053007256              -0               -0       9.7540406              9.7540406
              5       4.1166658       1.0026165       1.5733416   -0.0054999417              -0               -0       8.2333315              8.2333315
              3       5.3704717       0.9439733       1.7262293    -0.044748197              -0               -0       10.740943              10.740943
              1       4.8757409       1.0415655       1.5479946     0.032401556              -0               -0       9.7514817              9.7514817
              2       5.4989635       1.0142114       1.5911891     0.033834072              -0               -0       10.997927              10.997927
              1        4.962835       1.1923181        1.390207     0.023698418              -0               -0         9.92567                9.92567
              2       4.8569609       1.2043935       1.3510786     0.034879353              -0               -0       9.7139218              9.7139218
              2       6.3418643       1.1624624       1.5014265    -0.023834625              -0               -0       12.683729              12.683729
              1        6.184676       1.2500116       1.3501699    -0.022789389              -0               -0       12.369352              12.369352
              2       4.4789123       1.1136654       1.4364748     -0.03104001              -0               -0       8.9578246              8.9578246
              6       5.8333262       1.2541157       1.2375547    0.0027502739              -0               -0       11.666652              11.666652
              4       6.0954963       1.2694533       1.2160334     0.006133274              -0               -0       12.190993              12.190993
              2       6.2139064       1.2744173       1.2069277    0.0075434447              -0               -0       12.427813              12.427813
              1       5.9160493       1.2865059       1.1951748     0.043972806              -0               -0       11.832099              11.832099
              1        7.559026       1.3700651       1.0936119     0.056560264              -0               -0       15.118052              15.118052
              4       7.1961364       1.3628917       1.1316282     0.044467568              -0               -0       14.392273              14.392273
              4       6.0513194       1.3036858          1.2037     0.033304424              -0               -0       12.102639              12.102639
              2       5.8679585       1.2924615       1.2406074     0.025669728              -0               -0       11.735917              11.735917
              6       5.8586982       1.2916084       1.2380001     0.022932391              -0               -0       11.717396              11.717396
              1        10.98306       1.4020053       1.1735806      0.11543248              -0               -0       21.966119              21.966119
              2       11.099397       1.3668599       1.1142011      0.17250316              -0               -0       22.198794              22.198794
             11       6.0162366       1.1303259       1.3289892     0.090594418              -0               -0       12.032473              12.032473
              1       8.9856597       1.0608835        1.461787      0.12141559              -0               -0       17.971319              17.971319
              1       8.7028192       1.1409872       1.3078667       0.1427409              -0               -0       17.405638              17.405638
              1       9.6785764      0.98530726       1.4377356        0.111684              -0               -0       19.357153              19.357153
              2       7.1454631      0.99686228       1.5768137    -0.090161028              -0               -0       14.290926              14.290926
              5       7.2142099      0.98848591       1.6357657     -0.10219061              -0               -0        14.42842               14.42842
              1       6.8113763      0.95098574       1.6727899    -0.092794855              -0               -0       13.622753              13.622753
              1       7.1554437       1.2500649       1.1486261     0.072506769              -0               -0       14.310887              14.310887
              6       6.6044894       1.2692821       1.1608032     0.078579979              -0               -0       13.208979              13.208979
              1        5.313149        1.207003       1.2537787     0.038077671              -0               -0       10.626298              10.626298
              8       5.1955056       1.2152289       1.2558913     0.044836852              -0               -0       10.391011              10.391011
             12       5.7183412       1.2670231        1.214084      0.02963418              -0               -0       11.436682              11.436682
              3       7.9536484       1.1813714       1.1903461     0.043623918              -0               -0       15.907297              15.907297
              1       6.9501153       1.0410871        1.378166     0.028504824              -0               -0       13.900231              13.900231
              7       6.0761767       1.0472415        1.393762     0.026763049              -0               -0       12.152353              12.152353
              2       6.0649654       1.0503116       1.3890785     0.032078033              -0               -0       12.129931              12.129931
              3       5.9441743       1.0807084       1.3530536     0.035926941              -0               -0       11.888349              11.888349
              1       5.2621783       1.0509041       1.4154395     0.027658231              -0               -0       10.524357              10.524357
              3       7.4351462        1.319384       1.1388978      0.10869986              -0               -0       14.870292              14.870292
              4       6.3501764       1.2675713       1.1929324      0.08884104              -0               -0       12.700353              12.700353
              1       5.9349039       1.2503631       1.2186198     0.079907848              -0               -0       11.869808              11.869808
              1       5.9312063        1.250858       1.2194676     0.079940563              -0               -0       11.862413              11.862413
              6       5.9474368       1.2411034        1.228145     0.083862087              -0               -0       11.894874              11.894874
              1       6.8850198        1.191837       1.2588795      0.11381528              -0               -0        13.77004               13.77004
              1       5.1506871       1.0500216        1.448663     0.057669033              -0               -0       10.301374              10.301374
              2       4.5197691        1.009672       1.5643138     0.022351215              -0               -0       9.0395381              9.0395381
              7        4.528893       1.0155678       1.5582869      0.02446254              -0               -0       9.0577859              9.0577859
              4       5.7100413       1.0209535       1.6528986    -0.070898541              -0               -0       11.420083              11.420083
              5       5.0914679       1.0436317       1.6190164    -0.045419363              -0               -0       10.182936              10.182936
              1       5.8450485       1.0067655        1.685518    -0.057159011              -0               -0       11.690097              11.690097
              3       6.5389196      0.86762758       1.7701578    -0.057886919              -0               -0       13.077839              13.077839
              1       8.1223861      0.82103157       1.8326586    -0.013564012              -0               -0       16.244772              16.244772
              1       6.1332469      0.98134786       1.6481269     0.026635224              -0               -0       12.266494              12.266494
              2        10.84921      0.80307257       1.8486741     0.025182346              -0               -0        21.69842               21.69842
              6       10.772413      0.76073517       1.9122759    -0.013349404              -0               -0       21.544826              21.544826
              4       9.8933826       0.9303051       1.7909237    0.0062896115              -0               -0       19.786765              19.786765
              1       8.5322944      0.95074334       1.7578828    0.0015944752              -0               -0       17.064589              17.064589
              1        8.665215      0.94558711       1.7707554   -0.0037085554              -0               -0        17.33043               17.33043
              1       10.550288       1.0308293       1.6963067     0.011414462              -0               -0       21.100576              21.100576
              2       8.4196059       1.0233918       1.5988397     0.066779458              -0               -0       16.839212              16.839212
              2       9.1186153       1.0183121       1.6093219     0.070596106              -0               -0       18.237231              18.237231
              4       5.4247095      0.96928252       1.5629222      0.03556021              -0               -0       10.849419              10.849419
              2       5.4368141      0.93759034       1.6036007    0.0044829873              -0               -0       10.873628              10.873628
              1       5.9057591      0.90257311       1.6625006   -0.0037465092              -0               -0       11.811518              11.811518
              4       5.5859194       0.9149795       1.6538171    -8.29945e-05              -0               -0       11.171839              11.171839
              1       6.0786012       1.2736938       1.2377698     0.075629582              -0               -0       12.157202              12.157202
              2       6.6279245        1.312062        1.155416     0.031746077              -0               -0       13.255849              13.255849
              3       6.4527094       1.3010459       1.1811836     0.016928399              -0               -0       12.905419              12.905419
              1       5.1312777        1.243742       1.2699167     0.023105106              -0               -0       10.262555              10.262555
              6       5.9810204       1.2955549       1.1961572     0.050564988              -0               -0       11.962041              11.962041
              3       6.0913298        1.272716       1.3101044     0.023706832              -0               -0        12.18266               12.18266
              3       5.4257212       1.2396245       1.3365619     0.022096378              -0               -0       10.851442              10.851442
              2       4.0812076       1.0527135       1.5295998     0.011294214              -0               -0       8.1624152              8.1624152
              2       5.3574357       1.1273163       1.3210891     0.028531399              -0               -0       10.714871              10.714871
              4        5.152421       1.1312489       1.3462693   -0.0048069945              -0               -0       10.304842              10.304842
              7       6.2909566       1.0072978       1.5787076     0.055319954              -0               -0       12.581913              12.581913
              1       4.5184482       1.0376391       1.5315462     0.030861501              -0               -0       9.0368964              9.0368964
              1       4.6652066        1.031629       1.5159996     0.039026325              -0               -0       9.3304132              9.3304132
              4       5.3589081      0.95586687         1.59031     0.026654835              -0               -0       10.717816              10.717816
              4       5.2989342      0.93881809       1.6271465     0.013358457              -0               -0       10.597868              10.597868
              2       4.7233882       1.1427587       1.3364678     0.045985716              -0               -0       9.4467765              9.4467765
              2       4.5861135       1.0732583       1.4948678     0.037947344              -0               -0        9.172227               9.172227
              4       5.5635975      0.98613752       1.5034419     0.021137057              -0               -0       11.127195              11.127195
             11       3.9939364       1.0258863         1.55814    -0.021004423              -0               -0       7.9878728              7.9878728
              6       4.0393557       1.0175014       1.5794688    -0.013803012              -0               -0       8.0787114              8.0787114
              9       3.9162183       1.0489768       1.5398255   -0.0090373957              -0               -0       7.8324366              7.8324366
              4       5.0483968       1.1865525       1.3317256    -0.016392293              -0               -0       10.096794              10.096794
              9       4.8654815      0.98207818       1.6047026     -0.05036574              -0               -0       9.7309631              9.7309631
              2       7.1554728       1.0003146       1.7268394    -0.060989079              -0               -0       14.310946              14.310946
              1       6.8265794      0.99828327        1.585561    -0.088990919              -0               -0       13.653159              13.653159
              2       6.6981351       1.2216186       1.1856358     0.055748568              -0               -0        13.39627               13.39627
              4       4.2991021       1.1304498       1.3761109     0.034834589              -0               -0       8.5982042              8.5982042
              1       4.8572125      0.98067478       1.5708501     0.024543112              -0               -0       9.7144249              9.7144249
             10       4.9045945      0.98328143       1.5652017     0.027698134              -0               -0        9.809189               9.809189
              1       4.3438043       1.0589651       1.4876315     0.034883338              -0               -0       8.6876086              8.6876086
              5       4.1715415       1.0213176        1.581905   -0.0033826552              -0               -0        8.343083               8.343083
              5        4.069164       1.1163869       1.4551828     0.013626596              -0               -0       8.1383279              8.1383279
              5       4.8174791      0.97390063       1.5801766    -0.027584239              -0               -0       9.6349583              9.6349583
              5       5.4897625      0.94168814       1.5976572    -0.017728946              -0               -0       10.979525              10.979525
              3       5.2339931        1.137362        1.330561    0.0029272397              -0               -0       10.467986              10.467986
              1        5.226046       1.1421258       1.3284704   0.00086878104              -0               -0       10.452092              10.452092
              2       6.0110018       1.0746418       1.4113915     -0.03578805              -0               -0       12.022004              12.022004
              3       5.8860287       1.0249086       1.4897395    -0.046679428              -0               -0       11.772057              11.772057
              6       6.9967402       1.1657354       1.3001091    -0.037541969              -0               -0        13.99348               13.99348
              3       7.7759585      0.95682881       1.5645167    -0.068485703              -0               -0       15.551917              15.551917
              1       7.8009846       0.9975768       1.4833296     -0.05361074              -0               -0       15.601969              15.601969
              1        6.908263       1.1114548       1.4021137    -0.066291722              -0               -0       13.816526              13.816526
              5       5.3423508       1.2282834       1.2534534     0.062628579              -0               -0       10.684702              10.684702
              6       4.3998306       1.1238581       1.4828497   -0.0079213032              -0               -0       8.7996613              8.7996613
              1       5.0788486       1.1282573       1.4929066    -0.046736281              -0               -0       10.157697              10.157697
              3       4.8315702       1.1716833       1.4019233    -0.028499392              -0               -0       9.6631403              9.6631403
              6       6.5737595       1.1526638       1.4509062     0.057849737              -0               -0       13.147519              13.147519
              1       6.6201283       1.1428656       1.5034013     0.023832002              -0               -0       13.240257              13.240257
              2       5.9338363       1.0856166       1.3776466     0.081394224              -0               -0       11.867673              11.867673
              6       5.2824233      0.97997472       1.5271683     0.020224605              -0               -0       10.564847              10.564847
             11       5.1141021        1.201673       1.3953627   -0.0036347394              -0               -0       10.228204              10.228204
              2       4.9110971       1.0045158        1.636349    -0.059374707              -0               -0       9.8221941              9.8221941
              1        4.219753       1.0236246       1.5626293    -0.035994878              -0               -0        8.439506               8.439506
              2       4.8049802       1.1858737       1.3793801     0.034284077              -0               -0       9.6099605              9.6099605
              1       5.0249519       1.1480798       1.4467713     0.030324558              -0               -0       10.049904              10.049904
              2        4.668141       1.1234743       1.4633292     0.029164719              -0               -0       9.3362819              9.3362819
              3       4.7180149       1.0617034       1.5126004     0.037834326              -0               -0       9.4360297              9.4360297
              1       4.6032217       1.0711725       1.4884275     0.041439793              -0               -0       9.2064435              9.2064435
              3       5.1283229       1.0759818       1.4732184     0.058109369              -0               -0       10.256646              10.256646
              1         5.20906       1.1387115       1.4550276    -0.052023255              -0               -0        10.41812               10.41812
              1       7.2870099       1.2307348        1.420729    -0.041995782              -0               -0        14.57402               14.57402
              4       7.9786563       1.1308302       1.5778557    -0.027542581              -0               -0       15.957313              15.957313
              3       7.1376792       1.1843955       1.4910088     -0.02815986              -0               -0       14.275358              14.275358
              1       6.7616101       1.1730478       1.4967179    -0.020957932              -0               -0        13.52322               13.52322
             12        6.536795       1.0968652       1.4083059    -0.057243756              -0               -0        13.07359               13.07359
              3       7.5111074        1.200344       1.2707645    -0.043855014              -0               -0       15.022215              15.022215
              4       8.3911438       1.2040879       1.2697083    -0.058462752              -0               -0       16.782288              16.782288
              1       9.4152478       1.2598028       1.2112176    -0.059732962              -0               -0       18.830496              18.830496
              1        8.235882       1.3615766       1.2287533     0.044045446              -0               -0       16.471764              16.471764
              1        8.510249       1.4040772       1.1324675     0.077949814              -0               -0       17.020498              17.020498
              1       8.5053234       1.4143569       1.1164779     0.069508868              -0               -0       17.010647              17.010647
              1       8.3150866        1.334081       1.2887024      0.01543199              -0               -0       16.630173              16.630173
              1       9.3972855       1.3706745       1.2581144     0.019515843              -0               -0       18.794571              18.794571
              4       7.3000739       1.3610156       1.1716333     0.058855784              -0               -0       14.600148              14.600148
              3       6.7084266       1.2377737       1.3310764     0.073706312              -0               -0       13.416853              13.416853
              3       6.0580227       1.2455038       1.3269755     0.052473175              -0               -0       12.116045              12.116045
              5       5.9318511       1.1867969       1.4148853     0.041699953              -0               -0       11.863702              11.863702
              3       6.1600977       1.1819631       1.4311611      0.03825445              -0               -0       12.320195              12.320195
              1       7.5797548        1.252669       1.3891154     0.019103831              -0               -0        15.15951               15.15951
              2       6.8346659       1.3217065       1.2462444     0.038625413              -0               -0       13.669332              13.669332
              1       6.1334046       1.2666873       1.2458308     0.079909659              -0               -0       12.266809              12.266809
              2       4.0437533       1.0821573       1.5028837    0.0081798998              -0               -0       8.0875066              8.0875066
              6       3.8970271       1.1053202       1.4576071   -0.0015013816              -0               -0       7.7940542              7.7940542
              1       6.0458004       1.2295174       1.3111232     0.075995508              -0               -0       12.091601              12.091601
              3       7.2900656       1.3063379        1.289051      0.04139983              -0               -0       14.580131              14.580131
              2       6.3108445       1.2484261       1.3639961     0.013683744              -0               -0       12.621689              12.621689
              1       5.4149078       1.2612055        1.250829     0.047203943              -0               -0       10.829816              10.829816
              5       6.4291489      0.99245249       1.5985836    -0.084670847              -0               -0       12.858298              12.858298
              4       4.7679349       1.0187154       1.4862499     0.024001901              -0               -0       9.5358698              9.5358698
              5       4.0665887       1.1000456       1.4486057     0.026303388              -0               -0       8.1331774              8.1331774
              3       6.0736561       1.1923404       1.3769678     0.067041964              -0               -0       12.147312              12.147312
              3       4.4520657       1.0272335       1.5536832      0.02231699              -0               -0       8.9041315              8.9041315
              4       5.7086637      0.89210049       1.7301673    -0.036294836              -0               -0       11.417327              11.417327
              4       6.1821586      0.87293825       1.7443217    -0.033471351              -0               -0       12.364317              12.364317
             12       4.8836888       1.0097083       1.5238252     0.038991217              -0               -0       9.7673776              9.7673776
              6       5.3509355       1.0532954        1.448643    -0.029722471              -0               -0       10.701871              10.701871
              5       5.3419655       1.0547551       1.4454677    -0.028359223              -0               -0       10.683931              10.683931
              1       4.1772732       1.1307793       1.3844926     0.010751992              -0               -0       8.3545463              8.3545463
              3       4.3852306       1.1454275       1.4162863    -0.021216862              -0               -0       8.7704612              8.7704612
              4        5.238949       1.0041758       1.5980674    -0.067241853              -0               -0       10.477898              10.477898
              1       7.4881375       1.3110119       1.2922897      0.03514583              -0               -0       14.976275              14.976275
              1       7.4371649       1.2594984       1.3453112     0.056565253              -0               -0        14.87433               14.87433
              3        8.123077       1.3530206       1.1051746      0.11754629              -0               -0       16.246154              16.246154
              4       5.6911954        1.185492       1.2547827     0.032414591              -0               -0       11.382391              11.382391
              1       4.7644858       1.2155839       1.3324896     0.016701356              -0               -0       9.5289716              9.5289716
              1       5.1885903        1.249491       1.2876629     0.021205871              -0               -0       10.377181              10.377181
              5       6.6735905       1.2036821       1.3824317     -0.06296182              -0               -0       13.347181              13.347181
              5       7.2122784       1.2607295       1.1865229   -0.0054512102              -0               -0       14.424557              14.424557
              2       6.3917121       1.0572454       1.4487664    -0.054684903              -0               -0       12.783424              12.783424
              2       7.8464261       1.0613885       1.4081635    -0.056874966              -0               -0       15.692852              15.692852
              2        4.765731      0.96576107       1.6017112    -0.029956157              -0               -0        9.531462               9.531462
              4       4.3518065       1.0340607       1.5583562     0.014705755              -0               -0        8.703613               8.703613
              2       4.6826807        1.007179       1.6045109    0.0095870949              -0               -0       9.3653615              9.3653615
              2       4.3876701       1.0044359       1.5971767    0.0041435832              -0               -0       8.7753401              8.7753401
              2       4.3658921       1.0080534       1.5917122    0.0053510168              -0               -0       8.7317842              8.7317842
              3       4.7724242        1.194269       1.3470431     0.043349322              -0               -0       9.5448484              9.5448484
              1       5.4620375       1.0810348       1.5162575    -0.069116311              -0               -0       10.924075              10.924075
              4       5.8069317       1.1103095       1.4964139     -0.07175575              -0               -0       11.613863              11.613863
              2       4.3288862       1.1502732       1.4234603    -0.015021415              -0               -0       8.6577724              8.6577724
              2       5.9991462       1.0384025       1.4189735   0.00040354736              -0               -0       11.998292              11.998292
              2       5.9729839       1.0471634       1.4010962     0.013713711              -0               -0       11.945968              11.945968
              4       6.3440248       1.0906247       1.3403509     0.077314324              -0               -0        12.68805               12.68805
              2       5.0717525      0.94825626       1.6729967    -0.054319603              -0               -0       10.143505              10.143505
              1       5.8005386      0.98342617       1.6452627    -0.080460059              -0               -0       11.601077              11.601077
              1       4.9530866       1.1138413       1.5159965    -0.043191891              -0               -0       9.9061733              9.9061733
              2       4.5571757       1.1741682       1.3741088    -0.013252842              -0               -0       9.1143514              9.1143514
              5       6.8556927       1.3081463       1.2429634      0.06750027              -0               -0       13.711385              13.711385
              1       6.0669171       1.0914652       1.3356088     0.042267647              -0               -0       12.133834              12.133834
              1       6.0307961       1.0890695       1.3396656     0.041423817              -0               -0       12.061592              12.061592
              7       6.8913605       1.1383752       1.3112587    -0.027032208              -0               -0       13.782721              13.782721
              8       4.8940102      0.99641324        1.522061     0.026071402              -0               -0       9.7880204              9.7880204
              8       5.0289361       1.0146245       1.4963127      0.04185917              -0               -0       10.057872              10.057872
              9       5.2146338      0.92714718       1.6478426   -0.0053140638              -0               -0       10.429268              10.429268
              5       5.2785425         1.22277       1.3090291     0.058396068              -0               -0       10.557085              10.557085
              4        4.304607        1.060496       1.5464113    -0.040378553              -0               -0        8.609214               8.609214
              2       4.2839376       1.0856191       1.5250149    -0.031214983              -0               -0       8.5678752              8.5678752
              4       5.1757326        1.128205       1.5022252    -0.045595679              -0               -0       10.351465              10.351465
              2       5.4670557      0.91194461       1.6784583    -0.032656715              -0               -0       10.934111              10.934111
              2       4.5794371      0.95959207       1.6198013    -0.014191171              -0               -0       9.1588742              9.1588742
             11       4.6728025        1.002817       1.6281451    -0.052594817              -0               -0        9.345605               9.345605
              3       3.9411996       1.0381148       1.5416019  -0.00075060602              -0               -0       7.8823992              7.8823992
              8       4.0093774        1.034198       1.5523105   0.00056924271              -0               -0       8.0187548              8.0187548
              5       5.7852522      0.94303235       1.6837128     0.012325648              -0               -0       11.570504              11.570504
              1       8.1526067      0.81534064       1.8802056    -0.067737692              -0               -0       16.305213              16.305213
              1       5.6844429      0.89419772       1.7173187    -0.033009022              -0               -0       11.368886              11.368886
              1       5.3032984       1.0542017       1.5880538    -0.067198598              -0               -0       10.606597              10.606597
              8       5.2881099       1.0550423        1.587295    -0.066634646              -0               -0        10.57622               10.57622
              5       5.7153889       1.0644854       1.5547584    -0.077097149              -0               -0       11.430778              11.430778
              9       4.6954821       1.1317871       1.3731825    -0.011291378              -0               -0       9.3909643              9.3909643
              2       5.1112493        1.072164       1.3932322     0.027077786              -0               -0       10.222499              10.222499
              2       6.1701589       1.1863123       1.3408987     0.089117523              -0               -0       12.340318              12.340318
              2       5.2632515      0.93324786       1.6248009    -0.012331135              -0               -0       10.526503              10.526503
              1        4.966956      0.97031669       1.5720465    -0.021369916              -0               -0        9.933912               9.933912
              3       4.1297978        1.128751       1.4016935     0.029361366              -0               -0       8.2595956              8.2595956
              2       4.9686194       1.1823855       1.2902847     0.027273815              -0               -0       9.9372387              9.9372387
              1       5.3435177       1.1711248        1.278637     0.036742371              -0               -0       10.687035              10.687035
              5        6.281212       1.1802965       1.2529693      0.01051691              -0               -0       12.562424              12.562424
              6        7.532919       1.2702386       1.2739008    -0.050540134              -0               -0       15.065838              15.065838
              1       7.6723106       1.2629631        1.185095    -0.016257531              -0               -0       15.344621              15.344621
              2       6.9156104       1.2459829       1.2082199   -0.0085993727              -0               -0       13.831221              13.831221
              4       6.6948105       1.3250231       1.2099117     0.060230777              -0               -0       13.389621              13.389621
              6       7.7137862        1.232556       1.4017638     0.040415584              -0               -0       15.427572              15.427572
              2       5.1320019      0.98297315       1.6819104    -0.030285984              -0               -0       10.264004              10.264004
              1       5.2151403      0.97679644       1.6899598     -0.02957916              -0               -0       10.430281              10.430281
              2       5.1280333       1.0066227       1.6484835    -0.013005221              -0               -0       10.256067              10.256067
             11       4.6988726       1.0112594       1.5834127     0.020279526              -0               -0       9.3977451              9.3977451
              2       4.5776218       1.1171065       1.4930841    0.0056204154              -0               -0       9.1552436              9.1552436
              2       7.8113874      0.81873873       1.8241837    -0.029055934              -0               -0       15.622775              15.622775
             10       7.7907296      0.98550807       1.4392642     0.022682411              -0               -0       15.581459              15.581459
              7       6.3721051       1.0502759       1.4343607     0.086657622              -0               -0        12.74421               12.74421
              2       5.8151269       1.0003402       1.5794812     0.048473702              -0               -0       11.630254              11.630254
              9       5.8045217       1.0007411       1.5789531     0.048418194              -0               -0       11.609043              11.609043
              1        4.096818       1.1039238       1.4122222     0.017406651              -0               -0        8.193636               8.193636
              1       3.8814562       1.0934468       1.4597386   -0.0035068892              -0               -0       7.7629123              7.7629123
              1       4.2102765       1.1219275       1.3930334     0.032944487              -0               -0        8.420553               8.420553
              1       5.3879706       1.2338141        1.237021     0.038131424              -0               -0       10.775941              10.775941
              3       5.8432275       1.2905058       1.2261206     0.047352775              -0               -0       11.686455              11.686455
              2       6.7366535       1.3342691       1.1684167     0.067821681              -0               -0       13.473307              13.473307
              2       6.3124452       1.2254002       1.3253583     0.077896832              -0               -0        12.62489               12.62489
              3       6.0663553         1.17199       1.2614795     0.082204244              -0               -0       12.132711              12.132711
              1       6.1684091       1.2262391       1.2133873     0.083901505              -0               -0       12.336818              12.336818
              3       4.6738549       1.1722967        1.328004     0.050450697              -0               -0       9.3477099              9.3477099
              3       4.5875268       1.1546215       1.3377094      0.04511821              -0               -0       9.1750536              9.1750536
              2       5.4643632      0.97184206        1.541517    -0.012744157              -0               -0       10.928726              10.928726
              5       4.7075875      0.99346845       1.5376112    -0.011711868              -0               -0       9.4151749              9.4151749
              2        4.431358       1.0045444       1.5294108    0.0089874072              -0               -0        8.862716               8.862716
              8       4.3482013       1.0117581       1.5311377     0.017189531              -0               -0       8.6964025              8.6964025
              5       4.6845587        1.114046       1.3654296     0.017749379              -0               -0       9.3691174              9.3691174
              3       9.0225477      0.96570325       1.4559987     0.082239198              -0               -0       18.045095              18.045095
              1        4.720497       1.0758354       1.5630847    -0.016022058              -0               -0        9.440994               9.440994
              7       4.0063491       1.0990251       1.4884349   -0.0032874018              -0               -0       8.0126982              8.0126982
              4        4.020974       1.1004159       1.4869797   -0.0014584663              -0               -0       8.0419479              8.0419479
              5       4.4564425       1.0976514       1.5246798    -0.021741693              -0               -0        8.912885               8.912885
              7       4.1292717       1.0948883       1.4194263     0.011616036              -0               -0       8.2585435              8.2585435
              4       4.0489119       1.0892839       1.4324986     0.016656636              -0               -0       8.0978237              8.0978237
              2       4.8402361       1.2018467       1.3129195    0.0016237777              -0               -0       9.6804723              9.6804723
              2       4.8320365       1.2015082       1.3141195    0.0013481792              -0               -0       9.6640731              9.6640731
              2       6.0984009       1.2706526        1.241212   -0.0071567417              -0               -0       12.196802              12.196802
              5       6.2213317       1.2792036       1.2350254   -0.0068742446              -0               -0       12.442663              12.442663
              2       4.7149794        1.087046       1.4604333       0.0497344              -0               -0       9.4299588              9.4299588
              1       4.7090612       1.0867977        1.460831     0.049512486              -0               -0       9.4181223              9.4181223
              5         5.56696       1.0138649       1.5709982      0.04469123              -0               -0        11.13392               11.13392
              1       4.9239893       1.0286385       1.5500594     0.036448054              -0               -0       9.8479786              9.8479786
              1       5.0111259      0.98422863       1.6261455     0.014411418              -0               -0       10.022252              10.022252
              3       4.7942745      0.97695444       1.6337504    0.0055006763              -0               -0       9.5885491              9.5885491
              4       4.9356501       1.1363466       1.3356689     0.012926152              -0               -0       9.8713001              9.8713001
              2       4.3543576       1.1340078        1.389989   -0.0094209113              -0               -0       8.7087152              8.7087152
              2       4.4472751       1.1381265       1.3558074     0.036195704              -0               -0       8.8945503              8.8945503
              2       5.6732227       1.2722197        1.244853     0.055551222              -0               -0       11.346445              11.346445
              1       5.5490382       1.2684038       1.2456546     0.050711228              -0               -0       11.098076              11.098076
              3       5.2575071      0.96073734       1.7000302    -0.023266661              -0               -0       10.515014              10.515014
              2        6.206289       1.2825625       1.2998789    0.0079109456              -0               -0       12.412578              12.412578
              2         6.07431        1.094189       1.5388694     0.029997483              -0               -0        12.14862               12.14862
              6       6.2902432       1.0085245       1.6281044     0.028528902              -0               -0       12.580486              12.580486
              1       4.4690585       1.0216231       1.6104137    -0.015146418              -0               -0        8.938117               8.938117
              1       4.0855553       1.1113258       1.4253069     0.028624524              -0               -0       8.1711107              8.1711107
              8       4.0830742       1.1101746       1.4262496     0.028541823              -0               -0       8.1661484              8.1661484
              9        4.106893       1.1178386       1.4206524     0.029279398              -0               -0       8.2137861              8.2137861
             10       3.9197809       1.0613627       1.5006008     0.010551697              -0               -0       7.8395619              7.8395619
              5       5.2422815       1.2095638       1.2731353     0.065497684              -0               -0       10.484563              10.484563
              7       6.4766127       1.2140256       1.2224222    0.0091483727              -0               -0       12.953225              12.953225
              1       6.3589581       1.0902715       1.3329294     0.024161016              -0               -0       12.717916              12.717916
              3       6.3713753       1.0344374        1.403628     0.023380028              -0               -0       12.742751              12.742751
              1       5.1229131      0.99260489         1.51485   -0.0025560638              -0               -0       10.245826              10.245826
              2        5.088062      0.99147147       1.5156065    0.0039140346              -0               -0       10.176124              10.176124
              4       3.9905905        1.076076       1.4542492     0.013144777              -0               -0        7.981181               7.981181
              8       4.0355622       1.0589102        1.486897     0.019996426              -0               -0       8.0711244              8.0711244
              1       3.9172258       1.0704418       1.5182159   -0.0096604552              -0               -0       7.8344516              7.8344516
              7       4.7382502       1.0817063       1.4497464     -0.03374187              -0               -0       9.4765004              9.4765004
              7       6.0937244       1.0344498       1.4496489    -0.030829947              -0               -0       12.187449              12.187449
              7       5.6092664       1.1795795       1.2968475     0.083696321              -0               -0       11.218533              11.218533
              2       5.4358391       1.2076164       1.3019554     0.073927734              -0               -0       10.871678              10.871678
              3       5.0175538       1.0606281       1.5013078    -0.053859687              -0               -0       10.035108              10.035108
              2       5.2797961      0.98667368       1.6188465    -0.066823782              -0               -0       10.559592              10.559592
              5       5.2628792      0.97391245       1.5444255     0.025540367              -0               -0       10.525758              10.525758
             10       5.4275754      0.97073598       1.5409786     0.025571218              -0               -0       10.855151              10.855151
              2       4.9173945        1.120078       1.3809397     0.064039943              -0               -0       9.8347889              9.8347889
              1       5.6798691       1.0637658       1.4614962     0.073467963              -0               -0       11.359738              11.359738
              3       6.6433318       1.1388197       1.4508872     0.068584303              -0               -0       13.286664              13.286664
              1       7.2187825        1.227907       1.2038907      0.11707045              -0               -0       14.437565              14.437565
              1       8.0724526      0.98414082       1.4842327    -0.044822608              -0               -0       16.144905              16.144905
              6       7.6250576      0.95393417       1.5543323    -0.056673941              -0               -0       15.250115              15.250115
              6       6.0486843       1.0633337       1.4109178     0.081498853              -0               -0       12.097369              12.097369
              1       6.8048409      0.84944419       1.7915985    -0.029905823              -0               -0       13.609682              13.609682
              3       7.2434909      0.87950971       1.8013799    -0.012388692              -0               -0       14.486982              14.486982
              5       5.2911379      0.99914094       1.5041966     0.039395713              -0               -0       10.582276              10.582276
              4       5.0376972       1.1491498       1.3454495     0.068276021              -0               -0       10.075394              10.075394
              5       4.9986584       1.0298306       1.4907884     0.049468069              -0               -0       9.9973168              9.9973168
              3       4.7914925      0.97507475        1.565264     0.011910625              -0               -0        9.582985               9.582985
              4       3.9981017       1.0186907       1.5688328     -0.01196349              -0               -0       7.9962033              7.9962033
              1       4.0513693       1.0123862        1.576304   -0.0081552098              -0               -0       8.1027386              8.1027386
              2       4.8389453       1.0980683       1.4925023     0.033592046              -0               -0       9.6778906              9.6778906
              1       5.0700332       1.1166313       1.5061253      0.01215635              -0               -0       10.140066              10.140066
              1        4.964331      0.96706832       1.6888678    -0.045260472              -0               -0        9.928662               9.928662
              1       6.0446885      0.99373443       1.7000197    -0.070354398              -0               -0       12.089377              12.089377
              2       6.0458949       1.1019828       1.4823937    -0.075167525              -0               -0        12.09179               12.09179
              3       5.9002366       1.1267434       1.4365205    -0.065026609              -0               -0       11.800473              11.800473
              5       6.1303243       1.1132956        1.451883    -0.071310098              -0               -0       12.260649              12.260649
              1       4.6742361       1.1577536       1.3231178     0.032976771              -0               -0       9.3484723              9.3484723
              5       4.7998646       1.2149061       1.3053726     0.038958058              -0               -0       9.5997291              9.5997291
              1       4.9041594         1.22334       1.2960395     0.040722497              -0               -0       9.8083187              9.8083187
              2       4.9310664       1.2249065       1.3265626    0.0075607138              -0               -0       9.8621327              9.8621327
              5       4.5682302       1.0921405       1.3961126     0.012906902              -0               -0       9.1364604              9.1364604
             20       4.8562083       1.1304998       1.3381372     0.027876172              -0               -0       9.7124165              9.7124165
              1       5.6201668       1.1131068       1.4733782    -0.066279166              -0               -0       11.240334              11.240334
              4       6.4918195       1.1522916       1.5200814    -0.030295701              -0               -0       12.983639              12.983639
              1        6.439222       1.1552991       1.5144209    -0.028352214              -0               -0       12.878444              12.878444
              1       6.5137728       1.1511055       1.5217265    -0.026506786              -0               -0       13.027546              13.027546
              1        4.436312      0.97256353       1.6409627    -0.030147835              -0               -0        8.872624               8.872624
              1       4.7167985       1.1091613         1.37468     0.048575552              -0               -0        9.433597               9.433597
             27       4.9900787          1.0897       1.4027731     0.061304084              -0               -0       9.9801575              9.9801575
              3       4.9910459       1.0857571        1.406591      0.06049457              -0               -0       9.9820918              9.9820918
              5       6.2773261       1.0749577       1.4362384     0.088763142              -0               -0       12.554652              12.554652
             10       5.9387076       1.0916245       1.5438628    -0.076261253              -0               -0       11.877415              11.877415
              2       5.7023201        1.046493       1.6302335    -0.062496397              -0               -0        11.40464               11.40464
             10       4.4884421      0.98024158        1.649058    -0.030663138              -0               -0       8.9768842              8.9768842
              3       4.1048376       1.0326369       1.5789647    -0.018869856              -0               -0       8.2096751              8.2096751
              1       4.1080041       1.0320483        1.579811    -0.019071856              -0               -0       8.2160082              8.2160082
              4       4.4453439       1.0540032       1.5297764    -0.045227883              -0               -0       8.8906878              8.8906878
              5       4.9098686       1.0425852       1.4530767     0.043821538              -0               -0       9.8197371              9.8197371
              1       7.8830138       1.1328895       1.5438818     0.017692955              -0               -0       15.766028              15.766028
              7       7.3782232      0.96242842       1.6875019     0.030194218              -0               -0       14.756446              14.756446
              5       6.1713994      0.98072357        1.652097     0.025203163              -0               -0       12.342799              12.342799
              5       6.4143563      0.92342093       1.6733805     0.030206144              -0               -0       12.828713              12.828713
              3       7.0684903       1.1927385       1.3661307      0.09091788              -0               -0       14.136981              14.136981
              1       11.473457       0.9809546        1.699813     0.055542886              -0               -0       22.946914              22.946914
              3       5.6501867       1.1120823       1.4548901     0.063841784              -0               -0       11.300373              11.300373
              2       6.7203859       1.2497429       1.3635361     0.031149554              -0               -0       13.440772              13.440772
              2       5.5622032       1.1997705       1.4192478   -0.0039119175              -0               -0       11.124406              11.124406
              2        5.354432      0.97405572       1.6288104    -0.065789227              -0               -0       10.708864              10.708864
              9       5.2916711      0.97806381       1.6236294    -0.064834908              -0               -0       10.583342              10.583342
              1       4.3126026       1.0015358       1.5907795    -0.036816539              -0               -0       8.6252051              8.6252051
              2       4.9149756        1.182959       1.3701792    -0.024758871              -0               -0       9.8299511              9.8299511
              1       4.7785763       1.1699278        1.389913    -0.026600689              -0               -0       9.5571527              9.5571527
              4       5.1717483       1.1656197        1.406992    -0.041820038              -0               -0       10.343497              10.343497
              2       4.9459663       1.1664009       1.3796401    -0.030526731              -0               -0       9.8919326              9.8919326
              3       4.5858532       1.2025955       1.3379605     0.017915761              -0               -0       9.1717064              9.1717064
              2       4.4493873       1.1885754       1.3554877     0.019340507              -0               -0       8.8987747              8.8987747
              1       5.6576326       1.2667628       1.2598114    0.0035511953              -0               -0       11.315265              11.315265
              1       5.3071829       1.1779889       1.3615364     -0.03491372              -0               -0       10.614366              10.614366
              1       5.3206158       1.1764461       1.3708881    -0.037885216              -0               -0       10.641232              10.641232
              1       5.0975484       1.1961291       1.3318417     -0.01833501              -0               -0       10.195097              10.195097
              5       5.8185719       1.2367344       1.2797642    -0.018401317              -0               -0       11.637144              11.637144
              3       5.5164881       1.0210932       1.4848442    -0.031038578              -0               -0       11.032976              11.032976
              2       6.1190839       1.0412028       1.4088523    0.0056386848              -0               -0       12.238168              12.238168
              6       5.6571807       1.1241533       1.3184316     0.018607479              -0               -0       11.314361              11.314361
              3       6.6037215        1.175674       1.2795953     -0.02062007              -0               -0       13.207443              13.207443
              3       7.1709549      0.98935465       1.4595272   -0.0035554917              -0               -0        14.34191               14.34191
              1       6.1877384       1.0297785       1.4295632   -0.0060342875              -0               -0       12.375477              12.375477
              3       5.3103129       0.9891705       1.5152474   -0.0065691576              -0               -0       10.620626              10.620626
              2       4.4452615       1.1466837       1.4499885   -0.0064540151              -0               -0       8.8905231              8.8905231
              1       4.7845001       1.1593625       1.4369056    -0.028597856              -0               -0       9.5690001              9.5690001
              1       4.1596706       1.1543947       1.3833846    0.0079768079              -0               -0       8.3193412              8.3193412
              6       3.9459794       1.0834674       1.4668998    -0.010893861              -0               -0       7.8919588              7.8919588
              4       4.8364403       1.1873926       1.3984554     0.014701288              -0               -0       9.6728806              9.6728806
              4       4.4640518       1.1404751       1.4481125     0.015274087              -0               -0       8.9281035              8.9281035
              1       5.8785029       1.1698234       1.3783561    -0.052315658              -0               -0       11.757006              11.757006
              2       5.7688212       1.0885545       1.4701952    -0.066103173              -0               -0       11.537642              11.537642
              2       6.2661617       1.0525227       1.4932597    -0.070964924              -0               -0       12.532323              12.532323
              3       4.8918946       1.0678682       1.4367901    -0.020022008              -0               -0       9.7837891              9.7837891
              1       4.0702513       1.0230088       1.5687662     -0.02791186              -0               -0       8.1405026              8.1405026
              3       3.8991877       1.0640208       1.4953319    -0.011793162              -0               -0       7.7983754              7.7983754
              2       4.8134267       1.1395291       1.4801216   -0.0067447401              -0               -0       9.6268534              9.6268534
              1       5.5402519       1.0430176       1.6356433    -0.040029508              -0               -0       11.080504              11.080504
              2       5.1757552        1.043312       1.6219687    -0.030166402              -0               -0        10.35151               10.35151
              3        4.858443      0.99280829        1.638925    -0.058399672              -0               -0       9.7168861              9.7168861
             12        4.476094       1.0153423       1.5649995    -0.043079559              -0               -0        8.952188               8.952188
              3       5.8019745      0.96612499       1.5309495    0.0035811438              -0               -0       11.603949              11.603949
              3       4.6538946        1.030274       1.4720718     0.015286418              -0               -0       9.3077891              9.3077891
              2       4.5557255        1.066245       1.4396367   -0.0072854468              -0               -0        9.111451               9.111451
              5       4.1840008        1.099209       1.4096332        0.016682              -0               -0       8.3680016              8.3680016
             17       4.5402014       1.1222714       1.3640503     0.018823653              -0               -0       9.0804029              9.0804029
              2       4.9184942       1.0697957       1.4593763    -0.037377196              -0               -0       9.8369884              9.8369884
              4       4.5746438       1.0572639       1.4743908    -0.028213325              -0               -0       9.1492877              9.1492877
              8       4.7781022       1.1031892       1.4208135    -0.029715926              -0               -0       9.5562044              9.5562044
              9       5.9875677       1.0774733       1.5090043    -0.077184253              -0               -0       11.975135              11.975135
              2       6.3274178       1.1336514       1.3622404    -0.046361388              -0               -0       12.654836              12.654836
              6       4.3527949       1.1423526       1.4310505    -0.021417372              -0               -0       8.7055899              8.7055899
              6        6.057864        1.151043       1.4726443    -0.065021685              -0               -0       12.115728              12.115728
              6       12.235733       1.2870398       1.0031642      0.14111679              -0               -0       24.471467              24.471467
              1       4.8199815       1.1584583       1.3156317     0.026219579              -0               -0        9.639963               9.639963
              2       4.8004554       1.1393882       1.3333421     0.024385176              -0               -0       9.6009108              9.6009108
              2       4.8094531       1.1410553       1.3318153     0.023251721              -0               -0       9.6189061              9.6189061
              4        4.009185       1.1208727       1.4526049   -0.0016081652              -0               -0         8.01837                8.01837
              5       4.7950067       1.1474282       1.4674362    -0.022529756              -0               -0       9.5900135              9.5900135
              1       6.7518798       1.2469136       1.3863955   -0.0085712136              -0               -0        13.50376               13.50376
              1       5.9361439       1.1984882       1.4349293    -0.024456001              -0               -0       11.872288              11.872288
              3       5.4297428       1.1670546       1.4645648   -0.0083312521              -0               -0       10.859486              10.859486
              3       5.0354242       1.0308101        1.630638    -0.028598651              -0               -0       10.070848              10.070848
              3        5.057865       1.0314354       1.6306137    -0.028291994              -0               -0        10.11573               10.11573
              3       5.1745647       1.0153279       1.5658957     0.038571904              -0               -0       10.349129              10.349129
              5       5.8561666       1.2266207       1.3858019     0.004341096              -0               -0       11.712333              11.712333
              9       4.4612489       1.0559257       1.4554866   -0.0059638243              -0               -0       8.9224977              8.9224977
              2       6.3350792       1.0465948       1.4216491    -0.025263959              -0               -0       12.670158              12.670158
              6       6.7822789       1.1952044       1.2540142    -0.016295539              -0               -0       13.564558              13.564558
              2       7.6564409       1.2283502       1.2107251    -0.020127837              -0               -0       15.312882              15.312882
              1       6.6866961       1.2017433       1.2345403   -0.0010001617              -0               -0       13.373392              13.373392
              2       6.8248277       1.1773375       1.2562024   -0.0072719456              -0               -0       13.649655              13.649655
              3       6.3078546       1.0142976       1.4338449     0.041154456              -0               -0       12.615709              12.615709
              1       4.2412297       1.0404794       1.5470846    -0.038701208              -0               -0       8.4824595              8.4824595
              5       5.0109259       1.2236702       1.3074197   0.00042487159              -0               -0       10.021852              10.021852
              3       5.1788612       1.2337252        1.283314    0.0045707111              -0               -0       10.357722              10.357722
              3       4.0913396       1.1227077       1.4565098    -0.012110798              -0               -0       8.1826791              8.1826791
              9       4.8315663       1.1325191       1.4558421    -0.043513098              -0               -0       9.6631327              9.6631327
              6       4.5081483        1.151882       1.4398495    0.0083264698              -0               -0       9.0162966              9.0162966
              1       4.5196313       1.1775618       1.3897063     0.019921624              -0               -0       9.0392625              9.0392625
              4       5.4468703       1.2355712       1.3410852    -0.010941905              -0               -0       10.893741              10.893741
              1       4.8685447       1.0850585       1.3945155    0.0065827423              -0               -0       9.7370894              9.7370894
              1       6.0124262       1.1666077       1.2608673     0.071811574              -0               -0       12.024852              12.024852
              5       7.1684417      0.97856566       1.5746458     0.072891758              -0               -0       14.336883              14.336883
              1       6.9406471      0.99342339       1.5225631      0.08003544              -0               -0       13.881294              13.881294
              5       8.2374632       1.0352854       1.4625161      0.11284334              -0               -0       16.474926              16.474926
              1       7.7804017      0.99757385         1.52229      0.09374806              -0               -0       15.560803              15.560803
              3       6.9225925       1.0198149       1.4987609     0.086968484              -0               -0       13.845185              13.845185
              1       6.7933071      0.98172891         1.55223     0.071817354              -0               -0       13.586614              13.586614
              6       6.8085391      0.97939818       1.5540274     0.071388504              -0               -0       13.617078              13.617078
              1       6.1514788       1.0860959       1.4103742     0.089899255              -0               -0       12.302958              12.302958
              1       4.9734904       1.0818945       1.4323259      0.06143998              -0               -0       9.9469807              9.9469807
              1        5.593351       1.1049094       1.4700235     0.058761039              -0               -0       11.186702              11.186702
              7       8.3453992       1.1901672       1.1680902     0.086073676              -0               -0       16.690798              16.690798
              3       7.8338327       1.1253158       1.2624727      0.10235335              -0               -0       15.667665              15.667665
              2       7.5202745       1.2268575       1.2227707      0.12685842              -0               -0       15.040549              15.040549
              3       6.0030808       1.0849239       1.5351947     0.038734075              -0               -0       12.006162              12.006162
              5       6.7026945      0.97787215       1.7350258    -0.077655147              -0               -0       13.405389              13.405389
              2       4.9883969       1.0002846       1.6589036    -0.052105259              -0               -0       9.9767937              9.9767937
              3       4.8095932       1.2206128       1.3160511     0.013970985              -0               -0       9.6191864              9.6191864
              1       5.0067645        1.209759       1.2814178     0.053887359              -0               -0       10.013529              10.013529
              4       4.8386301      0.94811478       1.6318959   -0.0011296104              -0               -0       9.6772601              9.6772601
              1       4.8999796       1.0134093       1.5696296     0.031119982              -0               -0       9.7999593              9.7999593
              5       4.6169907       1.0414607       1.5190737      0.03714911              -0               -0       9.2339814              9.2339814
              5       4.4504597       1.0623367       1.4820773     0.039592148              -0               -0       8.9009193              8.9009193
              1       6.3627404       0.9152336       1.7360947    0.0016222625              -0               -0       12.725481              12.725481
              3       7.4016833      0.88914133        1.751175     0.017484926              -0               -0       14.803367              14.803367
              1       6.5888817      0.95026207        1.683224      0.02577594              -0               -0       13.177763              13.177763
              4       6.6987599      0.96564891       1.6119993    -0.080817546              -0               -0        13.39752               13.39752
              4       5.2437731      0.98780771       1.5644169    -0.046369388              -0               -0       10.487546              10.487546
              1       6.5051405       1.0800292       1.4320195    -0.060406085              -0               -0       13.010281              13.010281
              2       5.9448329       1.1443385       1.4213095    -0.063146313              -0               -0       11.889666              11.889666
              2       6.2702562       1.0797896       1.5907178    -0.075813402              -0               -0       12.540512              12.540512
              4       5.9450439       1.0973015       1.5663051    -0.064923744              -0               -0       11.890088              11.890088
              9       7.2948448       1.3245558       1.1375506      0.10183929              -0               -0        14.58969               14.58969
              3       4.8575581       1.0565668       1.5516727    -0.059108393              -0               -0       9.7151162              9.7151162
              4       6.6713049      0.91973243       1.6983645    -0.082459015              -0               -0        13.34261               13.34261
              2       5.3333793      0.93064688       1.6566379    -0.042903669              -0               -0       10.666759              10.666759
             10       5.5235276       1.1528415       1.4810914    0.0037713159              -0               -0       11.047055              11.047055
              2       5.5943203       1.1918181       1.4176718     0.022076891              -0               -0       11.188641              11.188641
              5       5.2317237       1.1401613        1.473371     0.021753509              -0               -0       10.463447              10.463447
              6       5.0585642       1.0026682       1.6374767    -0.064305057              -0               -0       10.117128              10.117128
              2       5.3190126       1.2096538       1.2904128   -0.0064833888              -0               -0       10.638025              10.638025
              2       5.4614824       1.0150877       1.6117936      -0.0750673              -0               -0       10.922965              10.922965
              2       5.7823227       1.2013477       1.3173463    -0.032033035              -0               -0       11.564645              11.564645
              2        5.942501        1.282063       1.2785158    0.0066151336              -0               -0       11.885002              11.885002
             15       6.3052655       1.1063637       1.3197725     0.075920345              -0               -0       12.610531              12.610531
              2       6.3029229       1.1521379        1.270923     0.082317595              -0               -0       12.605846              12.605846
              1       6.0489744       1.1128258       1.3432683     0.088031167              -0               -0       12.097949              12.097949
              1       4.7959258       1.1877871       1.3608296     0.043346171              -0               -0       9.5918517              9.5918517
              1        4.777677      0.97591638       1.6441168    -0.052832997              -0               -0        9.555354               9.555354
              2       4.1868207       1.0656146       1.4737537     0.030233561              -0               -0       8.3736415              8.3736415
             17        4.172546        1.068633       1.4660887     0.029983788              -0               -0       8.3450919              8.3450919
              1       4.2324088       1.0523546       1.4808386     0.028439954              -0               -0       8.4648176              8.4648176
              4       4.2280111       1.0517419       1.4822476     0.028128806              -0               -0       8.4560223              8.4560223
              7       4.5305389       1.1618323       1.3302248      0.02882775              -0               -0       9.0610777              9.0610777
              1       5.3132014       1.1944486       1.2781875     0.069607496              -0               -0       10.626403              10.626403
              1       5.7242704       1.2669911        1.231037     0.065225013              -0               -0       11.448541              11.448541
              1       4.6723094       1.1688995        1.326857    0.0088623523              -0               -0       9.3446189              9.3446189
              7        5.300176       1.2026888       1.2691448     0.015029633              -0               -0       10.600352              10.600352
              2       5.4266464       1.1789444       1.2795122     0.014965386              -0               -0       10.853293              10.853293
              3       6.7001443       1.1867099       1.2179227      0.07793762              -0               -0       13.400289              13.400289
              1       6.6941063       1.3030001       1.1761302     0.090264503              -0               -0       13.388213              13.388213
              6       6.5133941       1.2938276       1.1912877     0.087443308              -0               -0       13.026788              13.026788
             13       5.8722726        1.076361       1.4736807    -0.065813581              -0               -0       11.744545              11.744545
              3       7.9376578      0.98003839        1.610384      -0.1034441              -0               -0       15.875316              15.875316
              1       8.7008313      0.91822426       1.8026198     -0.11675846              -0               -0       17.401663              17.401663
              1        6.307956      0.94282238       1.6662689     0.030756075              -0               -0       12.615912              12.615912
              2       6.2955343        1.135958       1.4573713     0.060704174              -0               -0       12.591069              12.591069
              4       3.9743898       1.0223746       1.5561655   -0.0067733855              -0               -0       7.9487796              7.9487796
              6       3.8523366       1.0775466       1.4797504   -0.0038930031              -0               -0       7.7046733              7.7046733
              2       4.2480955       1.0254455       1.5673113    0.0086532632              -0               -0       8.4961909              8.4961909
              1       4.2450845       1.0240572        1.568328     0.008393845              -0               -0       8.4901689              8.4901689
              1       4.6114245       1.1486226        1.392032    -0.023698998              -0               -0        9.222849               9.222849
              3       4.6502705       1.1423462        1.421182    -0.032913053              -0               -0       9.3005409              9.3005409
             12       4.6490056       1.1426283       1.4208399    -0.032772317              -0               -0       9.2980112              9.2980112
              6       4.4809635       1.0883834       1.5366334    -0.013410643              -0               -0       8.9619269              8.9619269
              2       4.4801475       1.0897779       1.5350577    -0.014018727              -0               -0        8.960295               8.960295
             10       4.1185998          1.0248       1.5823085    -0.029474484              -0               -0       8.2371996              8.2371996
              1       3.9096521       1.0360867       1.5417621    -0.011026699              -0               -0       7.8193042              7.8193042
              2       5.4188475      0.99259109       1.5487465    -0.045758751              -0               -0       10.837695              10.837695
              1       4.9117426      0.99821402       1.5404861    -0.031257442              -0               -0       9.8234852              9.8234852
              5       4.8788518       1.0713519        1.427475    -0.014820567              -0               -0       9.7577035              9.7577035
              1       4.6909414       1.0493746       1.4825613    -0.031333056              -0               -0       9.3818827              9.3818827
              1       4.6143452      0.98714754       1.5688759     0.018286945              -0               -0       9.2286905              9.2286905
              1       4.3202415       1.0413222       1.5186822     0.027661499              -0               -0       8.6404829              8.6404829
              4       4.0103235       1.0570628       1.4801799   -0.0020477371              -0               -0        8.020647               8.020647
              8       4.3121023       1.1646947         1.35934    0.0078856779              -0               -0       8.6242046              8.6242046
              2       4.7644882       1.0127195       1.5387473    -0.038963212              -0               -0       9.5289764              9.5289764
              1       5.5545928      0.91805575       1.7135199   -0.0076400111              -0               -0       11.109186              11.109186
              3       7.5844816      0.94282785       1.6062263    -0.076592998              -0               -0       15.168963              15.168963
              3       7.4694713      0.90408661       1.7177176    -0.091962675              -0               -0       14.938943              14.938943
              3        8.158942        1.398663       1.1216611     0.076196765              -0               -0       16.317884              16.317884
              6       8.5203208       1.4160951       1.1013433     0.078246443              -0               -0       17.040642              17.040642
              3       8.4790789       1.4138462       1.1057827     0.077240702              -0               -0       16.958158              16.958158
              2       8.9289439       1.4264546       1.1213109     0.062376601              -0               -0       17.857888              17.857888
              6       7.8231977       1.3733938       1.1616418    0.0075158351              -0               -0       15.646395              15.646395
              3        6.132236      0.92652612       1.7709146    -0.054157574              -0               -0       12.264472              12.264472
              5       3.9594343       1.0777385       1.4587987     0.015598114              -0               -0       7.9188686              7.9188686
              9       4.1339792       1.0629574       1.4573445     0.011523268              -0               -0       8.2679584              8.2679584
              1       4.2152027       1.0912312       1.4340991     0.035167893              -0               -0       8.4304053              8.4304053
              3       4.1707573       1.1555064       1.3906192     0.018033046              -0               -0       8.3415146              8.3415146
             10       4.0881136        1.112176       1.4341996    -0.013326023              -0               -0       8.1762273              8.1762273
              4       5.3549986       1.0735341       1.4477458    -0.043525646              -0               -0       10.709997              10.709997
              2        4.443553       1.1546312       1.3663912   -0.0051826052              -0               -0       8.8871059              8.8871059
             17       4.4834295       1.1425911       1.3634966   5.7253138e-05              -0               -0        8.966859               8.966859
              2       4.4103578       1.1390104       1.3577462     0.017045569              -0               -0       8.8207157              8.8207157
              1       4.5904621       1.1509982        1.357308   -0.0048062187              -0               -0       9.1809242              9.1809242
              6       4.2902979       1.1261571       1.4055985    -0.013036415              -0               -0       8.5805958              8.5805958
              4       4.1738961       1.1030139       1.4953787    -0.021986352              -0               -0       8.3477921              8.3477921
              8       4.0670813       1.1425339       1.4014707     0.013655675              -0               -0       8.1341626              8.1341626
              4       4.0839574       1.0644454       1.5403385   -0.0077821117              -0               -0       8.1679147              8.1679147
              4       4.2504393       1.0733328       1.5157838     0.016136107              -0               -0       8.5008786              8.5008786
              3       4.6275098       1.1814369       1.3335563    0.0013263166              -0               -0       9.2550197              9.2550197
              1       6.0596846       1.2711397       1.2086882     0.013057115              -0               -0       12.119369              12.119369
              2       6.0537916       1.2725842       1.2044555     0.016826792              -0               -0       12.107583              12.107583
              4       4.5443923       1.1485021       1.4478319    0.0068919711              -0               -0       9.0887845              9.0887845
              1       3.8944951       1.0802331       1.4877828    -0.013551942              -0               -0       7.7889902              7.7889902
              1       5.9814024      0.94456846       1.6988039    -0.079793998              -0               -0       11.962805              11.962805
              3       6.3379773        0.978318       1.6899409    -0.089612198              -0               -0       12.675955              12.675955
              2       5.7281017       1.0003042       1.6167651    -0.079014219              -0               -0       11.456203              11.456203
              3       5.2592769       1.2302644       1.2700534    0.0075360382              -0               -0       10.518554              10.518554
              5       5.3926856       1.1993242       1.2538073     0.045271153              -0               -0       10.785371              10.785371
              3       5.5495023      0.90533018        1.712793    -0.044950493              -0               -0       11.099005              11.099005
              2       4.5759393      0.98620293       1.5671759    -0.022556794              -0               -0       9.1518787              9.1518787
              5       5.4636883       0.9734943       1.5558547    -0.031295992              -0               -0       10.927377              10.927377
              3       5.5883791      0.97324231       1.5529853     -0.03244868              -0               -0       11.176758              11.176758
              4        5.488735       1.0154028       1.5064642    -0.040680323              -0               -0        10.97747               10.97747
              1       5.2637494       1.0626509       1.4650416    -0.044655479              -0               -0       10.527499              10.527499
              5       5.2152269       1.0774258       1.4349848    -0.035234155              -0               -0       10.430454              10.430454
              2       4.6373339       1.0943576       1.4110388    -0.012808541              -0               -0       9.2746677              9.2746677
              8       4.8168976       1.0809483       1.4176749    -0.013245124              -0               -0       9.6337952              9.6337952
              3       4.9638746       1.0577785       1.4455627    -0.020005232              -0               -0       9.9277492              9.9277492
              2       6.5191038      0.99657019       1.6165953    -0.091188513              -0               -0       13.038208              13.038208
              1        5.498011       1.0197245       1.5706781    -0.070872066              -0               -0       10.996022              10.996022
              3       5.3750332      0.98986868       1.6870287     -0.05412394              -0               -0       10.750066              10.750066
              5       4.9094128       1.0371664       1.6198266    -0.042232086              -0               -0       9.8188256              9.8188256
              5       6.1372865       0.9040836       1.7484438    -0.071607387              -0               -0       12.274573              12.274573
              1       5.4299236      0.93563326        1.732291    -0.052199373              -0               -0       10.859847              10.859847
              2       6.1061537      0.92209811       1.7689748    -0.065971252              -0               -0       12.212307              12.212307
              1       6.0980696      0.98963402       1.7109497    -0.062094044              -0               -0       12.196139              12.196139
              4       5.0603422       1.1616936       1.3338986    -0.011160393              -0               -0       10.120684              10.120684
              1       4.4964489       1.0902022       1.5289328    -0.037461992              -0               -0       8.9928977              8.9928977
              1       4.4582749       1.0679705       1.5462197    0.0047895684              -0               -0       8.9165498              8.9165498
              1       4.0214401       1.0475956       1.5157599     0.014395099              -0               -0       8.0428802              8.0428802
              3       4.0192173       1.0498011       1.5126379     0.015040275              -0               -0       8.0384347              8.0384347
              1       4.4063985       1.0155962       1.5114031     0.012121954              -0               -0        8.812797               8.812797
             13       3.9859286       1.0719071       1.5197097   -0.0016512669              -0               -0       7.9718572              7.9718572
              2       4.4850122       1.1267975        1.362937     0.036078534              -0               -0       8.9700243              8.9700243
              1        4.471398       1.0880642       1.4158153   -0.0034228571              -0               -0       8.9427961              8.9427961
              4       4.7674172      0.97252923       1.6734276    -0.041402018              -0               -0       9.5348345              9.5348345
              5       5.5137846       1.2339595        1.229991     0.056458942              -0               -0       11.027569              11.027569
              6       5.5523824       1.2531309        1.226497     0.058530677              -0               -0       11.104765              11.104765
              6        4.339239       1.1683278        1.365478     0.030948838              -0               -0        8.678478               8.678478
              3       4.9151086        1.191643       1.2933272     0.017413568              -0               -0       9.8302173              9.8302173
              4       5.1972214       1.1351406       1.3736668    -0.028841178              -0               -0       10.394443              10.394443
              6       5.5717003       1.1751131       1.3985524    -0.048783246              -0               -0       11.143401              11.143401
              2       5.5283071       1.1743261       1.3983671    -0.047932508              -0               -0       11.056614              11.056614
              1       5.3853277        1.165112       1.3941486    -0.045485949              -0               -0       10.770655              10.770655
              1       5.8504035      0.90812183       1.7626183    -0.058847418              -0               -0       11.700807              11.700807
              1       6.1049688      0.88452713       1.7814739    -0.052162903              -0               -0       12.209938              12.209938
              1       5.9940907       0.8877806       1.7733363    -0.050810771              -0               -0       11.988181              11.988181
             12       7.5492467       1.0674779       1.5628474     0.054635927              -0               -0       15.098493              15.098493
              2       5.6551585       1.1752922       1.2786349    0.0088498322              -0               -0       11.310317              11.310317
              3       5.0436794       1.1214605       1.3381503     0.039262155              -0               -0       10.087359              10.087359
              1       5.2444664       1.0704132       1.4149506     0.063344058              -0               -0       10.488933              10.488933
              2        4.212406        1.004483       1.5816356    0.0027920194              -0               -0       8.4248121              8.4248121
             12       5.4820125      0.99634931       1.5404877     0.050545319              -0               -0       10.964025              10.964025
              3        5.358793      0.99623412        1.518204     0.045127776              -0               -0       10.717586              10.717586
              3        6.467372      0.95636604       1.5456395      0.05090652              -0               -0       12.934744              12.934744
              1       6.7764177       1.1368642       1.2889382     0.099995944              -0               -0       13.552835              13.552835
              1       4.6726699       1.2048555       1.3295152    0.0063161797              -0               -0       9.3453399              9.3453399
              8       5.2632132       1.1013342       1.4728844    -0.059085254              -0               -0       10.526426              10.526426
              7       5.0571485      0.96750558       1.5733761    -0.022195641              -0               -0       10.114297              10.114297
              3       5.5233543      0.98917841       1.6049178     0.034863985              -0               -0       11.046709              11.046709
              1       4.5655776       1.0467952       1.5438923     0.024280157              -0               -0       9.1311553              9.1311553
              2       4.7098089       1.0345511       1.5765449     0.014852369              -0               -0       9.4196178              9.4196178
              5        4.507947       1.1003581       1.4602021      0.03993553              -0               -0       9.0158941              9.0158941
              4       5.3408992       1.2220964       1.3435499     0.041631442              -0               -0       10.681798              10.681798
              2       4.9311568       1.1838704         1.38871     0.035055923              -0               -0       9.8623136              9.8623136
              1       4.5974226       1.1857184       1.3887408    0.0071886318              -0               -0       9.1948451              9.1948451
              4       4.4748073       1.1500299       1.4440571    0.0024633855              -0               -0       8.9496146              8.9496146
              1       4.9790857        1.229909       1.3210764     0.021706867              -0               -0       9.9581713              9.9581713
              4       5.3012271       1.1479583       1.3060755      0.06049523              -0               -0       10.602454              10.602454
              3       5.2605333        1.148664       1.3056623     0.057649851              -0               -0       10.521067              10.521067
              1       5.8463138       1.2086077       1.2371021     0.076722144              -0               -0       11.692628              11.692628
              6       5.9329935       1.2310217       1.2095982     0.064504206              -0               -0       11.865987              11.865987
              1       6.3858647       1.2864709       1.1789758     0.082763848              -0               -0       12.771729              12.771729
              3       6.7251139       1.2842176        1.168704     0.095312698              -0               -0       13.450228              13.450228
              3       5.7493945       1.2480236       1.2385409     0.075857449              -0               -0       11.498789              11.498789
              4       4.9465938       1.1930963       1.2827198      0.03740975              -0               -0       9.8931877              9.8931877
              2        5.003737       1.1754754       1.2910929     0.043877904              -0               -0       10.007474              10.007474
              4       5.3013657       1.1964707        1.262603     0.055658191              -0               -0       10.602731              10.602731
              1       5.7660917       1.2135515       1.2272789     0.058210709              -0               -0       11.532183              11.532183
              3       6.0471787       1.2385742       1.2794551     -0.02448957              -0               -0       12.094357              12.094357
              2       7.2493251        1.092232       1.5339623    -0.097968715              -0               -0        14.49865               14.49865
              7       7.3509097       1.1357988       1.4807065    -0.091985087              -0               -0       14.701819              14.701819
              1       7.3353944       1.1502419       1.4523261    -0.088455297              -0               -0       14.670789              14.670789
              1       4.1533746       1.0962631        1.445522     -0.01751919              -0               -0       8.3067491              8.3067491
             10       4.6840347       1.1207322       1.3972896    -0.021426066              -0               -0       9.3680694              9.3680694
              3       4.6319178       1.1200284       1.4021569    -0.022240684              -0               -0       9.2638356              9.2638356
              3       4.4787172       1.1026872       1.4199945    -0.019236691              -0               -0       8.9574343              8.9574343
              4       4.9595287       1.1664331       1.3190837    0.0025706185              -0               -0       9.9190575              9.9190575
              8       4.5965002       1.0586875       1.4354859     0.029122759              -0               -0       9.1930005              9.1930005
              7       5.2824066       1.0681711       1.4400365     0.067145494              -0               -0       10.564813              10.564813
              2       6.1695368       1.2069242       1.2758171    -0.021810541              -0               -0       12.339074              12.339074
              7       5.2995309       1.2036494       1.3102593    -0.015873828              -0               -0       10.599062              10.599062
             11       5.2973318       1.2047773       1.3097366    -0.015622236              -0               -0       10.594664              10.594664
              4       3.8892566       1.1054595       1.4486935    0.0047753533              -0               -0       7.7785131              7.7785131
              3       4.5897899       1.0525949       1.4876729    -0.033409269              -0               -0       9.1795799              9.1795799
              7       4.4013058        1.056714       1.4761517    -0.022674972              -0               -0       8.8026117              8.8026117
              1       4.4231433       1.0520294       1.4795527    -0.022035167              -0               -0       8.8462865              8.8462865
              1       4.9166727       1.1539767        1.314781     0.047798116              -0               -0       9.8333454              9.8333454
              6       5.0047981       1.0955709       1.4627326     0.053738842              -0               -0       10.009596              10.009596
              5       4.8234497       1.1009976        1.422734     0.058859641              -0               -0       9.6468995              9.6468995
              4       5.0982321       1.2419637       1.2832073     0.017160853              -0               -0       10.196464              10.196464
              2       7.6921091       1.0831522       1.6382091    -0.051566804              -0               -0       15.384218              15.384218
              1       8.7123697       1.0713232         1.66422     -0.03440949              -0               -0       17.424739              17.424739
              3       7.7462707       1.1741045       1.5000946    0.0090105803              -0               -0       15.492541              15.492541
              5       7.2528576       1.1776955       1.4872575    0.0079100989              -0               -0       14.505715              14.505715
              1       4.3394818       1.1706633       1.3471492     0.023500126              -0               -0       8.6789635              8.6789635
              2       4.1316562       1.0064942       1.5571103    -0.011048207              -0               -0       8.2633124              8.2633124
              2       4.1676724      0.99341514       1.5940593    -0.014680583              -0               -0       8.3353447              8.3353447
              1       4.2019169      0.99008844       1.5932404    -0.015170773              -0               -0       8.4038337              8.4038337
              1       4.1567947      0.99558712       1.5868704    -0.016225927              -0               -0       8.3135894              8.3135894
              5       4.0276801       1.0357932       1.5159167     0.010112498              -0               -0       8.0553601              8.0553601
             11       4.1805326       1.1161378       1.3941268     0.014124741              -0               -0       8.3610653              8.3610653
              4       5.0711468       1.1998523       1.3937031    -0.011557943              -0               -0       10.142294              10.142294
              1       6.8505526       1.1946085       1.4128856    -0.068743847              -0               -0       13.701105              13.701105
              5       5.9247107       1.1206623        1.414565    -0.058025371              -0               -0       11.849421              11.849421
              2       4.5886108       1.0498725       1.4719379    -0.020731838              -0               -0       9.1772216              9.1772216
              1        5.278002      0.91397317       1.7116723    -0.024755381              -0               -0       10.556004              10.556004
              3       4.8971305      0.98213495       1.6705721    -0.025530694              -0               -0       9.7942611              9.7942611
              4       4.4346925       1.0076964       1.6130081   -0.0067773285              -0               -0       8.8693849              8.8693849
              1       5.3763484       1.1612248       1.4622625    -0.039984407              -0               -0       10.752697              10.752697
              4       5.4587953       1.1739689       1.4559566    -0.023539939              -0               -0       10.917591              10.917591
              3       5.5587531       1.2441014       1.3200624    -0.013106688              -0               -0       11.117506              11.117506
              1       5.2329844       1.1992766       1.2629492     0.036396713              -0               -0       10.465969              10.465969
              2       4.8855788       1.1741591       1.2989139     0.031929925              -0               -0       9.7711577              9.7711577
              2       6.2100022       1.0586708       1.3890188   -0.0016722389              -0               -0       12.420004              12.420004
              6       5.0202912        1.085319       1.4240145    -0.028283201              -0               -0       10.040582              10.040582
              7       5.1270517       1.1167713       1.3880894     -0.02688814              -0               -0       10.254103              10.254103
              3       5.3008556       1.0972495       1.4098331    -0.033908967              -0               -0       10.601711              10.601711
              3       5.2380499       1.0903678       1.4201747    -0.034665921              -0               -0         10.4761                10.4761
              7       4.5927249       1.0964095       1.4993086    -0.045570688              -0               -0       9.1854498              9.1854498
              3       5.0590157       1.1403863       1.3795202    -0.030185824              -0               -0       10.118031              10.118031
              2       5.0530304       1.1236226       1.3993648    -0.034276401              -0               -0       10.106061              10.106061
              8       5.1798827       1.1412845       1.3745771    -0.031152759              -0               -0       10.359765              10.359765
              5       9.8577103       1.2316062       1.2796921     -0.08666138              -0               -0       19.715421              19.715421
              1       9.4749241       1.0184102       1.5292289     -0.11030476              -0               -0       18.949848              18.949848
              7       6.2826175       1.1723967       1.2507776     0.023763933              -0               -0       12.565235              12.565235
              3       6.6274473        1.174276       1.2419383     0.019377308              -0               -0       13.254895              13.254895
              3       8.1602637       1.0360548       1.3787334     0.099347662              -0               -0       16.320527              16.320527
              1       8.9211455        1.020975       1.4013093      0.11347755              -0               -0       17.842291              17.842291
              1        6.030456       1.0166189       1.6202289     0.024749338              -0               -0       12.060912              12.060912
              9       5.4566961       1.1146203       1.5303123  -0.00054706688              -0               -0       10.913392              10.913392
              5        5.458379       1.1144233        1.530739   -0.0007472718              -0               -0       10.916758              10.916758
              6        4.554564        1.136054       1.4655448    -0.027834699              -0               -0        9.109128               9.109128
              1       4.9008706       1.0141536       1.6427935    -0.047875155              -0               -0       9.8017412              9.8017412
              7        4.530344       1.0568852       1.5807347    -0.028491552              -0               -0        9.060688               9.060688
              3       4.5896087       1.0517827       1.5876877    -0.038552521              -0               -0       9.1792175              9.1792175
              4       5.1737519       1.2317791       1.2941839     0.051819638              -0               -0       10.347504              10.347504
              1       4.8469319         1.16045       1.4452212    -0.025441614              -0               -0       9.6938637              9.6938637
              2       5.9751414       1.2557378       1.3307724     0.029289182              -0               -0       11.950283              11.950283
              4       5.9962635       1.2128682       1.2430285     0.088428451              -0               -0       11.992527              11.992527
              6       5.0968391       1.1292402       1.3800699     0.069705321              -0               -0       10.193678              10.193678
             10       5.6190876       1.2176174       1.2318922     0.057534594              -0               -0       11.238175              11.238175
              3       5.7793922       1.2277806        1.217199     0.055538428              -0               -0       11.558784              11.558784
              8       6.5333493        1.292368       1.2957725   0.00062049508              -0               -0       13.066699              13.066699
              2       7.4258629       1.3462604       1.2317902     0.020583823              -0               -0       14.851726              14.851726
              5       7.2861102       1.3269531       1.1151664     0.091864252              -0               -0        14.57222               14.57222
              2       6.8602223       1.3075403       1.2576639      0.05655568              -0               -0       13.720445              13.720445
              5       6.2324911       1.2774153       1.2533429     0.072273031              -0               -0       12.464982              12.464982
              3       6.0755636       1.1225581       1.4759447     0.053996356              -0               -0       12.151127              12.151127
              2       5.6186649       1.1291053       1.4543401     0.054460529              -0               -0        11.23733               11.23733
              2        6.101435       1.2751275       1.2430465     0.073771099              -0               -0        12.20287               12.20287
             16       5.6771335       1.2038922       1.2840441     0.084031885              -0               -0       11.354267              11.354267
              2       5.3221299       1.0780159       1.4285236     0.070052765              -0               -0        10.64426               10.64426
              2       5.6801854        1.187041       1.2801638     0.083756582              -0               -0       11.360371              11.360371
              3       6.9235777        1.163558        1.245542     0.096413579              -0               -0       13.847155              13.847155
              1       8.2196409        1.082025       1.3571523      0.12435427              -0               -0       16.439282              16.439282
              2       6.7372029      0.99721007       1.4688424     0.069267798              -0               -0       13.474406              13.474406
              1       6.0418596        1.286622       1.2610054   0.00087548202              -0               -0       12.083719              12.083719
              5        6.913414       1.1948382       1.4565561    -0.055690365              -0               -0       13.826828              13.826828
              2        7.291833       1.3620738       1.1329425     0.031670177              -0               -0       14.583666              14.583666
              3       4.6980302       1.1293045       1.4430377    -0.039499589              -0               -0       9.3960604              9.3960604
             12       5.1978906        1.130856       1.4388809    -0.051667337              -0               -0       10.395781              10.395781
              1       4.7618242       1.2012589       1.2983789     0.020685855              -0               -0       9.5236483              9.5236483
              3       5.0131662      0.96805415       1.5831412     0.022598073              -0               -0       10.026332              10.026332
              1       4.3961025      0.97984553       1.5855976    -0.005397084              -0               -0        8.792205               8.792205
              1        4.303643       0.9867975       1.5834907   -0.0022356959              -0               -0        8.607286               8.607286
              2       4.2633826       1.0462301       1.4781212     0.024319889              -0               -0       8.5267652              8.5267652
              5       5.3318117       1.1004757       1.5361906    -0.059090204              -0               -0       10.663623              10.663623
              2       5.5981802       1.0391524       1.5229159    -0.065245644              -0               -0        11.19636               11.19636
              6       5.1842229      0.92551549       1.6582357    -0.025975744              -0               -0       10.368446              10.368446
              1       5.4292457      0.99392811       1.5223331    -0.028200388              -0               -0       10.858491              10.858491
              2       6.6383436       1.2028562       1.2207709     0.097038587              -0               -0       13.276687              13.276687
              1       4.5977451        1.184803       1.3142725     0.025798299              -0               -0       9.1954903              9.1954903
              1       4.1754702        1.134626       1.4176929     0.026649576              -0               -0       8.3509403              8.3509403
              1       5.2525051       1.1355754       1.3822184     0.072730518              -0               -0        10.50501               10.50501
              1       5.2526564        1.076019       1.4710156     0.061427258              -0               -0       10.505313              10.505313
              1        5.105033       1.0630874       1.4728571     0.059154915              -0               -0       10.210066              10.210066
              5       6.6631669       1.2463224       1.3642176    -0.039150532              -0               -0       13.326334              13.326334
              1       4.5739391       1.1603575       1.4354829   -0.0062947258              -0               -0       9.1478782              9.1478782
              6       5.1979988       1.1685039       1.4329472     0.024876917              -0               -0       10.395998              10.395998
              1       5.1874388      0.92301421       1.7129697    -0.041661451              -0               -0       10.374878              10.374878
             10       5.8228514      0.96478596       1.5310155     0.010609412              -0               -0       11.645703              11.645703
              2        5.085061         1.21448       1.2636722     0.038892529              -0               -0       10.170122              10.170122
              4       4.7651782       1.1947974       1.2957952     0.037129311              -0               -0       9.5303564              9.5303564
              4       5.1890936       1.1311473       1.3889083     0.070651976              -0               -0       10.378187              10.378187
              5       5.1904222        1.131187       1.3888213     0.070694783              -0               -0       10.380844              10.380844
              1        5.394721       1.1379728       1.3699144     0.077806116              -0               -0       10.789442              10.789442
              1       5.4820706       1.1371132       1.3739774     0.079379508              -0               -0       10.964141              10.964141
              2       7.2956805       1.2966927       1.1793313      0.11174954              -0               -0       14.591361              14.591361
              2       8.6016032       1.1832767       1.2449355      0.14492665              -0               -0       17.203206              17.203206
              3       7.8850174       1.1731469       1.2294438      0.12278405              -0               -0       15.770035              15.770035
              1        7.339517       1.2491053       1.1484162      0.09238259              -0               -0       14.679034              14.679034
              6       8.0215719       1.2207832       1.1539605      0.10286667              -0               -0       16.043144              16.043144
              5       6.8344984       1.2160172       1.1862578     0.053095585              -0               -0       13.668997              13.668997
              2        5.486285       1.1927297       1.2691296     0.012660032              -0               -0        10.97257               10.97257
              2       6.7255743       1.2139798        1.223421   0.00015046622              -0               -0       13.451149              13.451149
              1       5.0765244       1.1441343       1.3274869     0.006749117              -0               -0       10.153049              10.153049
              7       5.0782545       1.1223302        1.359318   -0.0068917104              -0               -0       10.156509              10.156509
              1       5.7502099       1.0446402       1.4496343    -0.032682479              -0               -0        11.50042               11.50042
              1       5.1734233       1.2267987       1.3415268     0.026752956              -0               -0       10.346847              10.346847
              4       6.1401443        1.252969       1.2406458     0.088102811              -0               -0       12.280289              12.280289
              1       6.1535349       1.1477208       1.2841242     0.083621093              -0               -0        12.30707               12.30707
              1       5.8535584       1.1906706       1.2457261     0.071060077              -0               -0       11.707117              11.707117
              2        7.847203       1.2454274       1.1374366      0.10086966              -0               -0       15.694406              15.694406
              1       7.2013863       1.0694532       1.3394646     0.078667099              -0               -0       14.402773              14.402773
              1       6.4411414       1.0568142       1.4203744     0.089168564              -0               -0       12.882283              12.882283
              4       4.1298244       1.0255457       1.5310025     0.013575126              -0               -0       8.2596487              8.2596487
              2       4.8159623      0.97210172       1.6778128    -0.037332804              -0               -0       9.6319245              9.6319245
              3       4.6893862       1.0398529       1.5978353    -0.049903576              -0               -0       9.3787724              9.3787724
              2       4.8955507       1.0464189       1.4934627    -0.041307495              -0               -0       9.7911014              9.7911014
              3       4.6098041       1.0326524       1.5971766    -0.050632791              -0               -0       9.2196083              9.2196083
             10       4.6533202       1.0253093       1.6082662    -0.051552537              -0               -0       9.3066405              9.3066405
              4       4.0627099       1.1078115       1.4808922     -0.01313677              -0               -0       8.1254199              8.1254199
              6       6.8833691       1.1419339         1.54237    -0.051017969              -0               -0       13.766738              13.766738
              3       4.0993654       1.0909289       1.4745552    -0.024904646              -0               -0       8.1987307              8.1987307
              3        4.334763       1.0453679       1.5378146    -0.041538399              -0               -0       8.6695261              8.6695261
              7       4.3594119        1.095091       1.4019797     0.019319071              -0               -0       8.7188238              8.7188238
              2        4.535517       1.1721951        1.324159      0.03020137              -0               -0       9.0710341              9.0710341
              5       4.4023531       1.1667787       1.3408597     0.031334398              -0               -0       8.8047061              8.8047061
             20       4.1006599       1.0629495       1.4612362    0.0052227655              -0               -0       8.2013198              8.2013198
              2       4.1311884       1.0551316       1.5136331    -0.029920887              -0               -0       8.2623768              8.2623768
              1       4.3569495       1.0531516       1.4851362      0.03487048              -0               -0        8.713899               8.713899
              6       4.3508726       1.0478942       1.5069795     0.031391379              -0               -0       8.7017452              8.7017452
              2       4.2182575       1.0396449       1.5019991     0.024210616              -0               -0        8.436515               8.436515
              3       5.4113491       1.1817546       1.2840239     0.073343466              -0               -0       10.822698              10.822698
              6       5.2894812       1.1842615       1.2821954     0.067270441              -0               -0       10.578962              10.578962
              3       4.5463272       1.1926843       1.3464955     0.030423176              -0               -0       9.0926544              9.0926544
              9       4.0283736       1.1174376       1.4103649    0.0079358013              -0               -0       8.0567473              8.0567473
              3       4.6636649       1.1470396       1.3331199     0.038377837              -0               -0       9.3273297              9.3273297
              5       4.8970821        1.107068       1.3768342     0.057865332              -0               -0       9.7941641              9.7941641
              7       5.3867474       1.0942825       1.4702194     0.059244046              -0               -0       10.773495              10.773495
              2        5.640128       1.0430344        1.499425     0.065389061              -0               -0       11.280256              11.280256
              6       5.1026757       1.0841806       1.3966085   -0.0064507366              -0               -0       10.205351              10.205351
              7       5.9139188       1.1385821       1.2871773     0.048284482              -0               -0       11.827838              11.827838
              1       5.7747224       1.0201874       1.4535995   -0.0052348091              -0               -0       11.549445              11.549445
              1       7.7674398      0.97327899       1.4593954     0.020074466              -0               -0        15.53488               15.53488
              2       6.9695162      0.92561297       1.5694865      0.03293328              -0               -0       13.939032              13.939032
              1       5.5702675       1.0332738       1.4291309     0.026386379              -0               -0       11.140535              11.140535
              2       4.1815246        1.037234       1.4926201    0.0013708322              -0               -0       8.3630493              8.3630493
              2       3.9857445       1.0659498       1.4692916   0.00096221811              -0               -0        7.971489               7.971489
             18       4.0447783        1.130886       1.4040859     0.019853087              -0               -0       8.0895566              8.0895566
              1       4.6486154       1.1200741       1.3583706      0.02962791              -0               -0       9.2972307              9.2972307
              1       4.5725588       1.0299663       1.4845846    -0.006066205              -0               -0       9.1451176              9.1451176
              3       5.8308865        1.099541       1.4148366    -0.049156318              -0               -0       11.661773              11.661773
              2       5.7902575       1.1004712       1.4156991     -0.04921236              -0               -0       11.580515              11.580515
              1       6.7587317       1.0421428       1.4477698    -0.050030578              -0               -0       13.517463              13.517463
              4       5.1472379        1.023619       1.4641466    0.0035471068              -0               -0       10.294476              10.294476
              7        5.119998       1.0290435       1.4581127    0.0023656434              -0               -0       10.239996              10.239996
              1       4.9330073       1.0195761         1.47793    0.0043770522              -0               -0       9.8660146              9.8660146
              5       5.1072224       1.2282858       1.3277874   -0.0034733907              -0               -0       10.214445              10.214445
              1        5.080274        1.236968       1.3073943    0.0086192668              -0               -0       10.160548              10.160548
              1       3.9987697       1.1013652        1.432754   -0.0011457172              -0               -0       7.9975395              7.9975395
              3       4.0592087       1.1171879       1.4105362    0.0031737757              -0               -0       8.1184173              8.1184173
              2       4.3447825       1.1388997       1.3639622     0.034501016              -0               -0        8.689565               8.689565
              1       5.4244888       1.1931205         1.39873     0.033867383              -0               -0       10.848978              10.848978
              8       5.3843295       1.1220185       1.4740982    -0.060485692              -0               -0       10.768659              10.768659
              5       4.8433201      0.96823122       1.6718139    -0.050644503              -0               -0       9.6866401              9.6866401
             20       5.0309791       1.1437059       1.4779451    -0.035914036              -0               -0       10.061958              10.061958
              2       5.4223323      0.96646592       1.6833771       -0.070046              -0               -0       10.844665              10.844665
              8       5.0920756      0.98020659       1.6255575    -0.061353653              -0               -0       10.184151              10.184151
              3       4.7358144      0.99424231       1.6177535    -0.054698007              -0               -0       9.4716288              9.4716288
              1        4.088175        1.012857       1.5855658    -0.024948775              -0               -0       8.1763501              8.1763501
              3       3.9500602       1.0821809       1.4984429    -0.018628522              -0               -0       7.9001203              7.9001203
              4       4.1278983       1.0494419       1.5033164     0.022628954              -0               -0       8.2557965              8.2557965
              4       4.1051584       1.0069083       1.5594326    -0.005008691              -0               -0       8.2103167              8.2103167
              3       4.1254577       1.1411065       1.3848635     0.010762961              -0               -0       8.2509155              8.2509155
              3       3.9947657       1.1175878       1.4334182      0.01817449              -0               -0       7.9895315              7.9895315
              5       4.2048671        1.136597       1.3753594     0.017272833              -0               -0       8.4097341              8.4097341
              1       4.2179982        1.137012       1.4396623     0.012227345              -0               -0       8.4359963              8.4359963
             29       4.1287755       1.1212884       1.4642103    0.0018416197              -0               -0       8.2575509              8.2575509
              1       4.7022448       1.0952422       1.4970714     0.028819387              -0               -0       9.4044897              9.4044897
              5       6.0616136       1.2167271       1.2608277     0.093553067              -0               -0       12.123227              12.123227
              2       5.1472371       1.1932228       1.3100324     0.067690708              -0               -0       10.294474              10.294474
              4        6.476398       1.2309339       1.1859142     0.059755562              -0               -0       12.952796              12.952796
              2       7.5913025       1.3755382       1.1027703     0.044435934              -0               -0       15.182605              15.182605
              4       6.1598908       1.2181529        1.378391    -0.045031502              -0               -0       12.319782              12.319782
              2       9.0365365       1.2936398       1.0622257     0.078001756              -0               -0       18.073073              18.073073
              1       8.4676562       1.2788727       1.0964006      0.11137206              -0               -0       16.935312              16.935312
              1       8.9859042       1.2829771       1.1377024      0.15090643              -0               -0       17.971808              17.971808
              1       9.9715947       1.3137211       1.0866764      0.16427124              -0               -0       19.943189              19.943189
              1        9.672835       1.3403131       1.0733037       0.1563324              -0               -0        19.34567               19.34567
              4       8.5921446       1.2287652       1.1325725      0.10930741              -0               -0       17.184289              17.184289
              3       9.7506626       1.2484964       1.0823101     0.070064277              -0               -0       19.501325              19.501325
              1       6.6989676      0.94788042       1.5343097    0.0021524445              -0               -0       13.397935              13.397935
              1       7.9785997       0.9302266       1.5440004     -0.01973604              -0               -0       15.957199              15.957199
              3       4.4307828       1.1282166       1.4006248    -0.017106606              -0               -0       8.8615656              8.8615656
              2       4.2964857       1.1149232       1.4298991    -0.022160183              -0               -0       8.5929714              8.5929714
              6       4.0620571         1.11701       1.4219207   -0.0062921687              -0               -0       8.1241142              8.1241142
              5       4.0461761       1.1235637       1.4164597   -0.0031590986              -0               -0       8.0923521              8.0923521
              1       4.0488679       1.1239089       1.4168771   -0.0037125998              -0               -0       8.0977357              8.0977357
              4       6.2019158       1.2900513       1.1783941     0.034919377              -0               -0       12.403832              12.403832
              3       5.0501942       1.1473688       1.3980397     0.059638631              -0               -0       10.100388              10.100388
              2        4.547562       1.1641622        1.395421     0.033939338              -0               -0       9.0951241              9.0951241
              5       5.5003541       1.2474637       1.2359813     0.061718178              -0               -0       11.000708              11.000708
              2       4.9936644       1.1466689       1.4780417    -0.025794935              -0               -0       9.9873287              9.9873287
              6       6.8563655       1.2190403       1.4331175    -0.020350738              -0               -0       13.712731              13.712731
              5       6.7274959       1.2183461       1.4300309    -0.025103655              -0               -0       13.454992              13.454992
              2       7.5824795       1.1503122       1.5483151    -0.046349325              -0               -0       15.164959              15.164959
              1       9.2557919       1.1505121       1.5787215     -0.06440241              -0               -0       18.511584              18.511584
              7       11.260405      0.97800737       1.8210072    -0.072409353              -0               -0        22.52081               22.52081
              4       4.8499903       1.0686734       1.5805391     -0.03036414              -0               -0       9.6999805              9.6999805
              4       5.0282891        1.064758       1.5923369    -0.034233281              -0               -0       10.056578              10.056578
              5        4.656397       1.0452515       1.5992516    -0.024839179              -0               -0        9.312794               9.312794
              3       4.4437944       1.1030444        1.475762     0.028800725              -0               -0       8.8875888              8.8875888
              3       4.1422097       1.1454973       1.4216847    0.0046770088              -0               -0       8.2844195              8.2844195
              3       5.2022015       1.2470331       1.3008169     0.016569369              -0               -0       10.404403              10.404403
              2        5.153682       1.2441113       1.3027936     0.016442216              -0               -0       10.307364              10.307364
              6       5.4832629       1.2583372       1.2687608     0.005237141              -0               -0       10.966526              10.966526
              7       6.1805625        1.307346       1.1857724      0.05506641              -0               -0       12.361125              12.361125
              3       6.1994793        1.239574       1.3667525     0.025505332              -0               -0       12.398959              12.398959
              1       5.6746388       1.2356041       1.3430586     0.037462792              -0               -0       11.349278              11.349278
              4       4.8482748       1.2000012       1.3799686   -0.0026555995              -0               -0       9.6965495              9.6965495
              1       4.6840364       1.2005071        1.357153  -0.00051662367              -0               -0       9.3680727              9.3680727
              5       4.3216116       1.1003976       1.4476411     0.038015182              -0               -0       8.6432233              8.6432233
              1        4.578575       1.1382824       1.4218374     0.040243676              -0               -0       9.1571499              9.1571499
              1       4.4367244       1.1642583       1.3769965     0.037167602              -0               -0       8.8734488              8.8734488
              4       5.2795496       1.0668544       1.5810506    -0.062070289              -0               -0       10.559099              10.559099
              1       7.4176619       1.2152098        1.293516    -0.055986578              -0               -0       14.835324              14.835324
              4       7.0626646       1.3025339       1.1690146    0.0019004212              -0               -0       14.125329              14.125329
              5       7.4765619       1.1499825       1.2423258     0.021396289              -0               -0       14.953124              14.953124
              6       8.7749356       1.1113814       1.2531718     0.026003873              -0               -0       17.549871              17.549871
              2       7.5389112        1.075467       1.3222554     0.023407924              -0               -0       15.077822              15.077822
              1       8.1232235        1.006715       1.4015266     0.069316733              -0               -0       16.246447              16.246447
              1       4.4759977       1.0241053       1.5261135      0.03009474              -0               -0       8.9519954              8.9519954
              2       4.4777207       1.0197858       1.5319286      0.02850029              -0               -0       8.9554413              8.9554413
              3        5.108122       1.0456806       1.5525483    -0.064773663              -0               -0       10.216244              10.216244
              7       5.0064288       1.0494246       1.5569946    -0.063196905              -0               -0       10.012858              10.012858
              1       7.2974465       1.2492583       1.3327157    -0.057915024              -0               -0       14.594893              14.594893
              3       6.0048402       1.1136398       1.5582084    -0.047775773              -0               -0        12.00968               12.00968
              1       6.2325453       1.2059629       1.4254505     0.010368298              -0               -0       12.465091              12.465091
              2       4.5949102       1.1880423       1.3209654     0.039893741              -0               -0       9.1898203              9.1898203
              4        4.786498       1.0494132       1.4578011     0.046632998              -0               -0        9.572996               9.572996
              2       4.3656249       1.1121573        1.481742     0.013600158              -0               -0       8.7312497              8.7312497
              7       4.5482182       1.1363695       1.4501244      0.02256962              -0               -0       9.0964364              9.0964364
              1       4.7321444       1.1814433       1.3709414     0.040729891              -0               -0       9.4642888              9.4642888
              1       4.1815823       1.1360145       1.3830368    0.0075543579              -0               -0       8.3631646              8.3631646
              2        4.379475       1.0757847       1.5027502    -0.040692178              -0               -0         8.75895                8.75895
              1       4.4608861      0.98287667       1.5986809     -0.03313586              -0               -0       8.9217722              8.9217722
              3       4.4439696       1.0008006       1.6321949    -0.035164915              -0               -0       8.8879391              8.8879391
              4       4.1740798       1.0623386       1.5156378    -0.034064153              -0               -0       8.3481595              8.3481595
              6        8.920199       1.0201093       1.5774955       -0.118098              -0               -0       17.840398              17.840398
              3       8.8773221       1.0271332        1.570459     -0.11771154              -0               -0       17.754644              17.754644
              2       7.5306022      0.98280575       1.5657878    -0.084290874              -0               -0       15.061204              15.061204
              2       7.0788676       1.0345333       1.4610221    -0.058099727              -0               -0       14.157735              14.157735
              3       8.6686348       1.2310274       1.3092767    -0.079574394              -0               -0        17.33727               17.33727
              3       8.8908337        1.155323       1.4008576     -0.10042388              -0               -0       17.781667              17.781667
              2       5.8900342      0.95265324       1.6068761     0.040029312              -0               -0       11.780068              11.780068
              6       5.8845846      0.95185483       1.5568854   -0.0063631578              -0               -0       11.769169              11.769169
              6       5.8058047      0.94954586       1.5606645     0.014806054              -0               -0       11.611609              11.611609
              2       5.1167292       1.1366643        1.410829    -0.043234952              -0               -0       10.233458              10.233458
              4       6.3227957       1.1238461        1.459986    -0.076354469              -0               -0       12.645591              12.645591
              5       5.2283976       0.9629742       1.5850302    -0.032975781              -0               -0       10.456795              10.456795
              3       4.8804846       1.0892995       1.5258324    -0.054295753              -0               -0       9.7609692              9.7609692
              2       5.2762511       1.1080813       1.4931742    -0.061201906              -0               -0       10.552502              10.552502
              1       5.1276764       1.1813358       1.3994612    -0.034149786              -0               -0       10.255353              10.255353
              1       5.1219971       1.1853231       1.3922772    -0.032230774              -0               -0       10.243994              10.243994
              1       5.1805194      0.98503542       1.5376226     0.034082505              -0               -0       10.361039              10.361039
              2       5.5184096      0.96956019       1.5365743     0.022481612              -0               -0       11.036819              11.036819
              6       6.1899665      0.87784805       1.7269551    -0.037248948              -0               -0       12.379933              12.379933
              1       4.5374725       1.0945203       1.4413827     0.047898305              -0               -0       9.0749451              9.0749451
              7       4.9307252       1.0817865       1.4919083     0.044771118              -0               -0       9.8614504              9.8614504
              2       4.6899687       1.0807143       1.4898842     0.040183501              -0               -0       9.3799374              9.3799374
              2       4.6824166       1.0792737       1.4940116     0.038691634              -0               -0       9.3648331              9.3648331
              2       4.5242483       1.0947053       1.4976451     0.023324091              -0               -0       9.0484966              9.0484966
              6       4.3872343       1.1786569       1.3772763    0.0051675795              -0               -0       8.7744686              8.7744686
              8       4.6744844       1.1903307       1.3758402     0.023415835              -0               -0       9.3489687              9.3489687
              1        5.621277       1.2289868       1.2655844     0.077108909              -0               -0       11.242554              11.242554
              3       5.2079074      0.99055075       1.6471897    0.0034906184              -0               -0       10.415815              10.415815
              6       7.4329509       0.9758914       1.7300024    -0.011535508              -0               -0       14.865902              14.865902
              1       7.1675444      0.97801631       1.7328638    -0.022559517              -0               -0       14.335089              14.335089
              5       5.0090578      0.97007219       1.5582994    0.0074157217              -0               -0       10.018116              10.018116
              1       5.1182412      0.96286594       1.5664865    0.0054018682              -0               -0       10.236482              10.236482
              4       6.6923008       1.0385874       1.4070193   -0.0085048481              -0               -0       13.384602              13.384602
              1       6.5087944       1.1342753       1.4565811      -0.0783193              -0               -0       13.017589              13.017589
              4       6.9344623       1.1382012       1.4523925    -0.084059859              -0               -0       13.868925              13.868925
              5       6.7632836       1.2942281       1.2219666     0.088759254              -0               -0       13.526567              13.526567
              3       6.1846414       1.0574898       1.4973891     0.073480323              -0               -0       12.369283              12.369283
              1        5.956821      0.98394632       1.5557718     0.056362795              -0               -0       11.913642              11.913642
              4       5.1271153       1.1541939       1.3438699    -0.016812712              -0               -0       10.254231              10.254231
              2       4.3059879       1.1361547       1.4026467    -0.014447183              -0               -0       8.6119757              8.6119757
             17       4.3417234       1.1226436       1.4073451    -0.015217764              -0               -0       8.6834468              8.6834468
              2       4.6215883        1.113348       1.4083245    -0.022516841              -0               -0       9.2431765              9.2431765
              1       4.4888819       1.0694821       1.4722404    -0.031730508              -0               -0       8.9777639              8.9777639
             14       4.4013419       1.0815954        1.452401    -0.024457185              -0               -0       8.8026838              8.8026838
              1       6.1387671       1.0292337       1.6608742    -0.071472151              -0               -0       12.277534              12.277534
              1       6.3867551       1.0263614       1.6656526    -0.078803529              -0               -0        12.77351               12.77351
              1       4.9895387       1.1780557       1.3852328    -0.030808344              -0               -0       9.9790774              9.9790774
              6       4.7388002       1.1562012       1.3979184    -0.029469893              -0               -0       9.4776004              9.4776004
              7       6.0729366       1.2613686       1.1961849      0.02770541              -0               -0       12.145873              12.145873
              2       5.2581044       1.2176296       1.3041284     -0.01145407              -0               -0       10.516209              10.516209
              2       6.0528679       1.2395408        1.271476    -0.021514148              -0               -0       12.105736              12.105736
              2         6.64953       1.0525921       1.5236338    -0.086177696              -0               -0        13.29906               13.29906
              4       5.8519086       1.1428412       1.3498358     0.090123127              -0               -0       11.703817              11.703817
              2       5.9685741       1.1423786       1.3533428     0.092356156              -0               -0       11.937148              11.937148
              2       5.6000894       1.0178993       1.5076807      0.06116583              -0               -0       11.200179              11.200179
              4       5.2440913       1.0507551       1.4163116     0.028995159              -0               -0       10.488183              10.488183
              1       7.3406801       1.0757277       1.3198556     0.053409957              -0               -0        14.68136               14.68136
              2       7.3275352       1.1838583       1.1993176     0.066370141              -0               -0        14.65507               14.65507
              1       5.5058905      0.95030432       1.6336353     0.025290112              -0               -0       11.011781              11.011781
             17       5.2234611       1.0515693       1.5779697     0.015600915              -0               -0       10.446922              10.446922
              3       4.8930043       1.0682463       1.5653495    0.0017930862              -0               -0       9.7860085              9.7860085
              1       4.9940364       1.0628594       1.5807358   -0.0055154304              -0               -0       9.9880728              9.9880728
              1       5.0146649       1.0683134       1.5749447   -0.0050067788              -0               -0        10.02933               10.02933
              1       4.8111916       1.0697507        1.568305   -0.0072316462              -0               -0       9.6223832              9.6223832
              8        5.570421       1.1214845       1.5174368    0.0092686873              -0               -0       11.140842              11.140842
              1       7.7969312       1.2369629       1.4288246    -0.036228122              -0               -0       15.593862              15.593862
             10       8.4557487      0.90532338        1.832329    -0.032593407              -0               -0       16.911497              16.911497
              1       9.5421734      0.90036572       1.8721057    -0.056318988              -0               -0       19.084347              19.084347
              1       9.6595529      0.80919755       1.9426744     -0.09610457              -0               -0       19.319106              19.319106
              1       9.8753372      0.80473979       1.9441065     -0.10099677              -0               -0       19.750674              19.750674
              1       4.0058192       1.1039261       1.4716033    -0.016481956              -0               -0       8.0116384              8.0116384
              4       4.0435884       1.0625717       1.4666092     0.013255211              -0               -0       8.0871769              8.0871769
              3       4.2785674       1.0542813       1.4663939     0.027492749              -0               -0       8.5571348              8.5571348
             13       4.2086453        1.008153       1.5627786    -0.025622279              -0               -0       8.4172906              8.4172906
              2       4.5430224       1.1099271       1.4725502     0.029400646              -0               -0       9.0860448              9.0860448
              3       5.5145854       1.0165134       1.5689933     0.043916519              -0               -0       11.029171              11.029171
              4       5.6682739      0.98887543       1.4983507     0.034164798              -0               -0       11.336548              11.336548
              5       6.4783713      0.93795121       1.5717477      0.03941041              -0               -0       12.956743              12.956743
              9       7.2425464        1.027174        1.488741      0.09407862              -0               -0       14.485093              14.485093
              1       6.6134639        1.168418        1.248512     0.091367132              -0               -0       13.226928              13.226928
              1       9.0661252       1.0102046       1.3711177     0.063720154              -0               -0        18.13225               18.13225
              3       7.5604904      0.93994138       1.5817439    -0.059419584              -0               -0       15.120981              15.120981
              2       6.7221925       0.9685722       1.6126285    -0.082946212              -0               -0       13.444385              13.444385
              1       4.5832746        1.056465       1.4842404    -0.033714809              -0               -0       9.1665492              9.1665492
              2       4.4107895       1.0608742        1.501452    -0.038164037              -0               -0        8.821579               8.821579
              1       4.4218785       1.0568295       1.5071141    -0.039086804              -0               -0        8.843757               8.843757
              8       4.9708299       1.0927195       1.5526652    -0.019231626              -0               -0       9.9416598              9.9416598
              1       3.9835417       1.0700262        1.469173   -0.0052635399              -0               -0       7.9670834              7.9670834
              2       4.2404332       0.9987732       1.5600768    -0.010852612              -0               -0       8.4808665              8.4808665
              1       4.4176312       1.1242237       1.4169933     -0.02338675              -0               -0       8.8352624              8.8352624
              4       4.5392336       1.1502199       1.3553763  -0.00022136691              -0               -0       9.0784672              9.0784672
             10       4.5312741       1.1677928       1.3332177      0.01316805              -0               -0       9.0625483              9.0625483
              1       4.3082562       1.1240897       1.3831116    0.0057213596              -0               -0       8.6165124              8.6165124
              4       5.0670912       1.1196835       1.3769282       0.0684419              -0               -0       10.134182              10.134182
              2       4.2232299       1.0833044        1.438467     0.033663938              -0               -0       8.4464597              8.4464597
              3       4.1189385       1.0986863       1.4389956     0.030857285              -0               -0       8.2378771              8.2378771
              7       4.5902182       1.1203151       1.4866796    -0.035726163              -0               -0       9.1804363              9.1804363
              6       4.9940736       1.1893861       1.2940042     0.012469511              -0               -0       9.9881471              9.9881471
              5       5.0323583       1.1878828       1.3160675   -0.0073638966              -0               -0       10.064717              10.064717
              3       5.7915421       1.1304878       1.3157152    0.0063591785              -0               -0       11.583084              11.583084
              3       5.3167545       1.1323092        1.334102   0.00069352204              -0               -0       10.633509              10.633509
              5       7.1081023       1.1604976       1.2300998      0.04797237              -0               -0       14.216205              14.216205
              4        7.580499       1.1803506       1.1962768     0.061067454              -0               -0       15.160998              15.160998
              2       5.8686993       1.1732987       1.2602369     0.028948323              -0               -0       11.737399              11.737399
              3       6.3914895      0.87269548       1.7955105    -0.056206529              -0               -0       12.782979              12.782979
              4       5.7715894      0.89487252       1.7580358    -0.035758636              -0               -0       11.543179              11.543179
              1       4.6638411      0.97323363       1.6658701    -0.028681855              -0               -0       9.3276823              9.3276823
              1       4.1314484       1.0000178        1.596874    -0.018043389              -0               -0       8.2628968              8.2628968
              7       4.9388797      0.93359611        1.660929    -0.024869663              -0               -0       9.8777595              9.8777595
              2       5.8105899       1.0558278       1.4241015     0.074429885              -0               -0        11.62118               11.62118
              2        6.047618       1.1255962       1.3581837        0.093509              -0               -0       12.095236              12.095236
              2       4.4532373       1.0775628       1.4523961     0.043807253              -0               -0       8.9064746              8.9064746
              2         4.56144        1.081526       1.4692933     0.044012205              -0               -0         9.12288                9.12288
              7       3.9003399       1.1044603       1.4619873  -3.9670187e-05              -0               -0       7.8006798              7.8006798
              3       4.4512522       1.1477106       1.4406713     0.011154951              -0               -0       8.9025044              8.9025044
              9       4.9350786       1.1311214       1.4821021    -0.043261164              -0               -0       9.8701571              9.8701571
              2       5.0372187       1.0473871       1.5966606    -0.059685463              -0               -0       10.074437              10.074437
              7         4.48823       1.1385196       1.3519563     0.035869447              -0               -0         8.97646                8.97646
              5       4.5684835      0.97386628       1.6200234    -0.038885272              -0               -0       9.1369669              9.1369669
              3       4.6333248       1.0421253       1.4598447    0.0022979285              -0               -0       9.2666496              9.2666496
              3       4.9677313       1.2062756       1.3178982   -0.0068168785              -0               -0       9.9354627              9.9354627
              2       5.4912187       1.2121282       1.3862792    -0.023876697              -0               -0       10.982437              10.982437
              9       4.5404079       1.1368211       1.4070291    -0.025720597              -0               -0       9.0808159              9.0808159
              1       4.6199417       1.1558678       1.4418163    -0.019485407              -0               -0       9.2398833              9.2398833
              2       4.6912848       1.0903115        1.538934    -0.041180429              -0               -0       9.3825697              9.3825697
              1       4.0511061       1.1082898       1.4720778    -0.017339543              -0               -0       8.1022121              8.1022121
              4       4.9384871       1.1092105       1.4577288    -0.049175295              -0               -0       9.8769742              9.8769742
              3       5.0599809       1.0780258       1.4689186     -0.04889648              -0               -0       10.119962              10.119962
              3       6.8636141      0.91752382       1.6897387    -0.081924532              -0               -0       13.727228              13.727228
              1       5.0947125      0.94651303       1.6632905     -0.05219104              -0               -0       10.189425              10.189425
              7       4.7809851       0.9622376       1.6436378    -0.046307762              -0               -0       9.5619703              9.5619703
              7        6.098208      0.94639291       1.7528346    -0.047828722              -0               -0       12.196416              12.196416
              3       4.4197895        1.161714       1.3437681     0.014572898              -0               -0        8.839579               8.839579
              1       4.4792878       1.1667746        1.335391     0.016486095              -0               -0       8.9585756              8.9585756
              3       4.5570822       1.1959579       1.3484901     0.025212911              -0               -0       9.1141644              9.1141644
              2       4.3769741       1.0748319       1.5212259    -0.042241904              -0               -0       8.7539482              8.7539482
              1       6.7037164       1.1522454       1.3256296    -0.041158068              -0               -0       13.407433              13.407433
              1       4.9192131       1.0646677       1.5331186    -0.059288711              -0               -0       9.8384262              9.8384262
              3       5.1710812       1.1235272       1.4799092     -0.05494988              -0               -0       10.342162              10.342162
              1       5.6228849       1.1035503       1.5142939    -0.069198406              -0               -0        11.24577               11.24577
              3       5.7760767       1.1099778       1.5194621    -0.069671365              -0               -0       11.552153              11.552153
              1       4.9302249       1.0974912       1.4495881    -0.044616302              -0               -0       9.8604498              9.8604498
              5       5.4109829       1.1844693       1.4383697    -0.011258904              -0               -0       10.821966              10.821966
              4       5.0537333       1.1474897       1.4805537    -0.015090088              -0               -0       10.107467              10.107467
              2       5.5680669       1.0993772       1.5658812    -0.039683918              -0               -0       11.136134              11.136134
              6        4.329784       1.0247231       1.6043688    -0.029478945              -0               -0       8.6595679              8.6595679
             10       4.4334665       1.0301801       1.6047563    -0.034314146              -0               -0        8.866933               8.866933
              4       4.1681285       1.0180652        1.576806    -0.033653888              -0               -0       8.3362569              8.3362569
              7       5.5141764      0.96251474       1.7185655    -0.052316735              -0               -0       11.028353              11.028353
             11       5.0802218       1.0367223       1.5689848    -0.065323572              -0               -0       10.160444              10.160444
              5       5.1105595       1.0310082       1.5772862    -0.066346178              -0               -0       10.221119              10.221119
              2       5.0108949      0.95983345       1.5820515    -0.011322814              -0               -0        10.02179               10.02179
              4       5.0599937       1.1342001       1.3278175     0.052113695              -0               -0       10.119987              10.119987
              7        4.446389       1.1034122       1.3926801     0.038541476              -0               -0        8.892778               8.892778
              2       4.4469576       1.1033672       1.3927217      0.03857897              -0               -0       8.8939152              8.8939152
              2       4.8119901       1.1621768       1.3434505   -0.0089660379              -0               -0       9.6239801              9.6239801
              8       6.6308998        1.164779       1.2589142    0.0073289548              -0               -0         13.2618                13.2618
             12       9.0621867      0.94318174       1.4779605     0.024703059              -0               -0       18.124373              18.124373
              1       9.7297937      0.83556782       1.6741827    0.0016272407              -0               -0       19.459587              19.459587
              4       5.0493053      0.94197579       1.6407896    -0.036353731              -0               -0       10.098611              10.098611
              3       4.5661024      0.97124664       1.6110792    -0.032379905              -0               -0       9.1322048              9.1322048
              3       4.7487964      0.96702596       1.6105205     -0.03638778              -0               -0       9.4975929              9.4975929
              2       5.4259359      0.96865395       1.5740779     -0.03839712              -0               -0       10.851872              10.851872
              1       4.9461779       1.0916922       1.4428364     -0.04027151              -0               -0       9.8923558              9.8923558
             10       4.1904185        1.081367       1.4660545     -0.02337398              -0               -0        8.380837               8.380837
              1       4.0865189       1.1155934       1.4274698    -0.010715054              -0               -0       8.1730378              8.1730378
             15       4.0046703       1.1048377       1.4275729   0.00070555059              -0               -0       8.0093407              8.0093407
             16        5.330656       1.1568062       1.3577184    -0.031223206              -0               -0       10.661312              10.661312
              3       7.6246717      0.97157655       1.4639435     0.039874381              -0               -0       15.249343              15.249343
              2       6.3117803      0.99513558       1.4633324     0.020239626              -0               -0       12.623561              12.623561
              1       5.4551303       1.0092464       1.4719363     0.034198045              -0               -0       10.910261              10.910261
              5        6.421605      0.96610128       1.5080006     0.028589304              -0               -0        12.84321               12.84321
              4        5.903595      0.88382572       1.7332799    -0.033268899              -0               -0        11.80719               11.80719
             15       5.3969114        1.059578       1.5239341     0.048319427              -0               -0       10.793823              10.793823
              7       5.4324617       1.0583031       1.5249479     0.049006279              -0               -0       10.864923              10.864923
              1       4.5523591       1.0712662       1.5515532    -0.000395328              -0               -0       9.1047181              9.1047181
              7        3.848199         1.08373       1.4720732    0.0014624053              -0               -0       7.6963981              7.6963981
              2       4.1894146       1.1027723       1.4517385     0.030653774              -0               -0       8.3788292              8.3788292
              4       4.8876663      0.97855768       1.6006675     0.021445988              -0               -0       9.7753326              9.7753326
              5       5.1415822      0.94454451       1.7089781    -0.029191214              -0               -0       10.283164              10.283164
              3       5.0703637      0.94745492       1.7024751    -0.027226792              -0               -0       10.140727              10.140727
              3        6.273728       1.2463459       1.2449583     0.093806215              -0               -0       12.547456              12.547456
              1       5.3140286       1.2519293       1.2798094     0.043216342              -0               -0       10.628057              10.628057
              3        4.558229       1.1989829       1.3296143      0.01547514              -0               -0       9.1164579              9.1164579
              6       4.2989243        1.173538       1.3694435     0.010779615              -0               -0       8.5978487              8.5978487
              2       4.1744537       1.1556402        1.382744     0.020618971              -0               -0       8.3489075              8.3489075
              2       4.6925714       1.0166305       1.5334125    -0.036805814              -0               -0       9.3851429              9.3851429
              4       4.4024328       1.0472417       1.4954854    -0.027947598              -0               -0       8.8048656              8.8048656
              1       4.0144097       1.0851495       1.4801487     0.018040191              -0               -0       8.0288195              8.0288195
              2       3.9518291        1.089612       1.4431224    0.0078308038              -0               -0       7.9036583              7.9036583
              4       3.9211606       1.0847529       1.4538141    0.0031661877              -0               -0       7.8423212              7.8423212
              3       4.0687148       1.0101048       1.5753457   -0.0059175351              -0               -0       8.1374296              8.1374296
              7       4.2954711        1.038618       1.5185635     0.026627667              -0               -0       8.5909421              8.5909421
              2       5.2797133       1.0982416       1.4623321      0.05892813              -0               -0       10.559427              10.559427
              2       5.0136229       1.2109507       1.3494384    -0.013183377              -0               -0       10.027246              10.027246
              3       6.1527587       1.3086873       1.2099225     0.026331567              -0               -0       12.305517              12.305517
              6       7.4296931       1.1169391       1.2946308      0.10679244              -0               -0       14.859386              14.859386
              2       5.2991899       1.0605789       1.4009518     0.033519496              -0               -0        10.59838               10.59838
              2       5.2359313       1.0746297       1.3884442      0.01626022              -0               -0       10.471863              10.471863
              2       4.6503926       1.0224954       1.4959715    -0.011847957              -0               -0       9.3007853              9.3007853
              3       4.2811579       1.1410811       1.4186086     0.027415056              -0               -0       8.5623158              8.5623158
              1       4.2903056        1.144555        1.412783     0.028190028              -0               -0       8.5806112              8.5806112
              3       4.3299035       1.1131432       1.4387555     0.036950877              -0               -0        8.659807               8.659807
              4       4.3287365       1.1150623       1.4368499     0.036807997              -0               -0        8.657473               8.657473
              4       4.4321286       1.1801017        1.338665     0.014142346              -0               -0       8.8642572              8.8642572
              2       4.4918547       1.1864773       1.3464064    0.0042841162              -0               -0       8.9837094              8.9837094
              1       4.5904101      0.99380054       1.6307251    -0.049010097              -0               -0       9.1808202              9.1808202
              1       4.8818372      0.96206851       1.6076952    -0.034605119              -0               -0       9.7636745              9.7636745
              1       5.1323487      0.93709613       1.6459239    -0.036512681              -0               -0       10.264697              10.264697
              1       4.6737808       1.0534056       1.5434441     0.024468544              -0               -0       9.3475616              9.3475616
              3       4.7307126       1.0573174       1.5644855    0.0083078812              -0               -0       9.4614252              9.4614252
              4       6.8982343       1.0129146       1.6777776   -0.0052714631              -0               -0       13.796469              13.796469
              2       6.2732491       1.0275041       1.6378924    0.0072173652              -0               -0       12.546498              12.546498
              7       4.9255252      0.97598911       1.6776464    -0.027366102              -0               -0       9.8510503              9.8510503
              3       4.7474599       0.9662187       1.6447378  -0.00089569141              -0               -0       9.4949198              9.4949198
              4       4.1038972       1.0483099       1.5108667     0.020125741              -0               -0       8.2077945              8.2077945
              2       3.9130387       1.0512954       1.5360298    -0.006711762              -0               -0       7.8260773              7.8260773
              3       3.9760152       1.1006622       1.4503931    -0.010756267              -0               -0       7.9520304              7.9520304
              4       5.3457542       1.1443932       1.4297818    -0.052535928              -0               -0       10.691508              10.691508
             12       6.3011748       1.2049825       1.3848762     0.056233371              -0               -0        12.60235               12.60235
              1       5.6903512       1.1701418       1.3983927     0.061781328              -0               -0       11.380702              11.380702
             13       5.2294505       1.1679723       1.3816625    -0.038747967              -0               -0       10.458901              10.458901
              1       5.8926497       1.1174261       1.4812682     0.050702888              -0               -0       11.785299              11.785299
              2       6.2177013       1.1319495       1.4801676     0.046755699              -0               -0       12.435403              12.435403
              1       6.3252329      0.93008206       1.6147312     0.038767961              -0               -0       12.650466              12.650466
              4       6.2671106      0.92944716        1.616425     0.036883588              -0               -0       12.534221              12.534221
              3       5.9502472      0.90660759       1.6689981    -0.039526899              -0               -0       11.900494              11.900494
              1       5.3791917      0.93176173       1.6516576    -0.043261437              -0               -0       10.758383              10.758383
              6       4.2891904       1.0363465       1.5875139    -0.016293415              -0               -0       8.5783807              8.5783807
              1       4.4764802       1.0751088       1.5260803     0.016174922              -0               -0       8.9529605              8.9529605
              9       5.0448061       1.0066972       1.6021208     0.021062099              -0               -0       10.089612              10.089612
              3       4.8140321       1.0264188       1.5633493     0.028600653              -0               -0       9.6280642              9.6280642
              2       4.8140063       1.0219258       1.5702733     0.026674944              -0               -0       9.6280126              9.6280126
              3       4.2913738        1.047407       1.5717227   -0.0086408079              -0               -0       8.5827475              8.5827475
              2       4.3651138        1.059348        1.506472     0.030722066              -0               -0       8.7302277              8.7302277
              3       4.1539973       1.0867789       1.4258187     0.014612257              -0               -0       8.3079945              8.3079945
              3       3.9739625       1.0449357       1.5111377     0.010605673              -0               -0       7.9479251              7.9479251
              4       4.5992981       1.1780821       1.3770384    -0.014203842              -0               -0       9.1985962              9.1985962
              1       5.6425053       1.0731636       1.5989242    -0.025300699              -0               -0       11.285011              11.285011
              3       5.1347034       1.0330604       1.6309585    -0.027204042              -0               -0       10.269407              10.269407
              4       5.4413751       1.1522185       1.3266815    -0.012716025              -0               -0        10.88275               10.88275
              1       5.4651513       1.1466422       1.3492142    -0.026225503              -0               -0       10.930303              10.930303
              5       5.6258613       1.0674526       1.4255281    -0.031499224              -0               -0       11.251723              11.251723
              3        5.587633       1.0682489       1.4275612    -0.032707873              -0               -0       11.175266              11.175266
              6       5.9449869      0.90418188       1.6659261    -0.031561612              -0               -0       11.889974              11.889974
              2       4.1073484       1.0182198       1.5904807    -0.020522865              -0               -0       8.2146968              8.2146968
              1       5.3209666       1.0173008       1.6514766    -0.023513089              -0               -0       10.641933              10.641933
              3       5.2577714       1.0457352       1.6181858    -0.021612876              -0               -0       10.515543              10.515543
              4        6.561648      0.93246496       1.6503644      0.04058527              -0               -0       13.123296              13.123296
              1       5.9868037      0.88490694       1.7598016    -0.025501618              -0               -0       11.973607              11.973607
              8       5.4943667      0.90157509       1.7175533    -0.025656671              -0               -0       10.988733              10.988733
              1       4.7971648      0.96949425       1.5868854     0.014373915              -0               -0       9.5943296              9.5943296
              2       4.6656585      0.98176264       1.5835256     0.017400806              -0               -0       9.3313169              9.3313169
              3       4.6044983      0.98542531        1.579214     0.016893715              -0               -0       9.2089966              9.2089966
              1        4.758893       1.0982955       1.4320435     0.055814976              -0               -0        9.517786               9.517786
              5       4.4499826       1.1112271       1.4424772     0.040661699              -0               -0       8.8999651              8.8999651
              2       3.9423989       1.0989432       1.4659872    -0.012715491              -0               -0       7.8847978              7.8847978
              6       4.0388456       1.1237992       1.4374696   -0.0097637839              -0               -0       8.0776911              8.0776911
              3       4.0830628       1.0190267       1.5806463    -0.027000843              -0               -0       8.1661255              8.1661255
              4       4.7646006       1.1066501        1.450024    -0.042575977              -0               -0       9.5292013              9.5292013
              4       4.9357516        1.047025       1.5339238    -0.057638783              -0               -0       9.8715032              9.8715032
              5       6.1605732       1.0590526       1.6340698    -0.047148798              -0               -0       12.321146              12.321146
              3       6.1716953       1.0589983        1.634406    -0.046544445              -0               -0       12.343391              12.343391
              2       6.6704077      0.96541668       1.7500798    -0.047188316              -0               -0       13.340815              13.340815
              3       5.9597942      0.99002131       1.6895295    -0.015507148              -0               -0       11.919588              11.919588
              2       4.2502525      0.98872254       1.6088171    -0.026711518              -0               -0       8.5005049              8.5005049
              1       8.1962681      0.83846587       1.8914677    -0.058215924              -0               -0       16.392536              16.392536
              6       8.5944228       0.9185041       1.8261093     -0.03646947              -0               -0       17.188846              17.188846
              1       5.3163175      0.96368717       1.6653755    0.0061124205              -0               -0       10.632635              10.632635
              8       4.2748875      0.99722798       1.5582974    -0.008056913              -0               -0       8.5497749              8.5497749
              2       4.5813507      0.95691371        1.635444     -0.02342234              -0               -0       9.1627013              9.1627013
              5        4.771814      0.95280294       1.6165069    -0.004967149              -0               -0       9.5436281              9.5436281
              6       5.7803731       1.1186577       1.3445222      -0.0124375              -0               -0       11.560746              11.560746
              1       4.7540045       1.0580479        1.563486     -0.05514289              -0               -0       9.5080091              9.5080091
              7       4.1916021        1.079902       1.5217863    0.0025462532              -0               -0       8.3832043              8.3832043
              2       4.7489151       1.0505854       1.5124742     -0.04788966              -0               -0       9.4978302              9.4978302
              2       4.6165234       1.0652617       1.5056032     -0.04672743              -0               -0       9.2330467              9.2330467
              2        4.726155       1.1170479       1.4736903    -0.044765957              -0               -0         9.45231                9.45231
              2       4.5075446       1.0546932       1.5720404   -0.0056234874              -0               -0       9.0150892              9.0150892
              1       4.5045646       1.0565169       1.5698497    -0.005467805              -0               -0       9.0091292              9.0091292
              1       5.3691176        1.020475       1.5530219    -0.063703844              -0               -0       10.738235              10.738235
              6       5.7165279       1.0286103        1.562247    -0.075209164              -0               -0       11.433056              11.433056
              3       6.6383631      0.91025618       1.7059394    -0.078265585              -0               -0       13.276726              13.276726
              1       6.0903662      0.98703055       1.7116156    -0.040296421              -0               -0       12.180732              12.180732
              1       5.4771533      0.99951503       1.6684397    -0.016246193              -0               -0       10.954307              10.954307
              1       4.9438273        1.080464       1.5637422     -0.01254937              -0               -0       9.8876545              9.8876545
              2        5.243072       1.0166771       1.6291172   0.00090287059              -0               -0       10.486144              10.486144
              4       6.1318016      0.94564223       1.7533344    -0.044317267              -0               -0       12.263603              12.263603
              1       6.2810297      0.98477457       1.6944694   -0.0075167456              -0               -0       12.562059              12.562059
              7       6.4363087       1.1649753       1.4982374    -0.015181745              -0               -0       12.872617              12.872617
              1       8.2183354       1.0921959       1.3405631      0.12565755              -0               -0       16.436671              16.436671
              4       8.7216076       1.1751119       1.3673174      0.12193341              -0               -0       17.443215              17.443215
              4       7.8300883       1.1782541       1.3622209      0.11118717              -0               -0       15.660177              15.660177
              1       8.0142696       1.1542033       1.3864332      0.11291359              -0               -0       16.028539              16.028539
              7        4.885861       1.0790848       1.4360843     0.058459283              -0               -0        9.771722               9.771722
              1       4.8160203       1.0839919       1.4152739     0.055481525              -0               -0       9.6320405              9.6320405
              2        6.192072       1.0488795       1.4204829     0.079401959              -0               -0       12.384144              12.384144
              1       4.6920767       1.0330051       1.4951723    -0.026109739              -0               -0       9.3841535              9.3841535
              2       4.9724434       1.0151524       1.5089151    -0.027746252              -0               -0       9.9448869              9.9448869
              1       5.1469353      0.98038244       1.5498353    -0.024369249              -0               -0       10.293871              10.293871
              3       5.5140584       1.0283208       1.6482024    -0.028983815              -0               -0       11.028117              11.028117
              3       7.4204156       1.2774322       1.1412319     0.023316218              -0               -0       14.840831              14.840831
              2       6.6301745       1.2574944       1.1761707     0.026469169              -0               -0       13.260349              13.260349
              6       4.6136934       1.0574877       1.4474658   -0.0072109766              -0               -0       9.2273868              9.2273868
              7         4.93336      0.98887486       1.5551232     0.031511106              -0               -0       9.8667201              9.8667201
              1       5.9274348       1.0175123       1.4525449     0.056378571              -0               -0        11.85487               11.85487
              5       4.2580488        1.165216       1.3688646    0.0077665946              -0               -0       8.5160977              8.5160977
              3       4.1178912       1.1385272       1.3847565     0.018317039              -0               -0       8.2357825              8.2357825
             11       4.0576378       1.1346563       1.3967882     0.011365604              -0               -0       8.1152755              8.1152755
              4       4.8935357       1.1859284       1.2970903     0.052265978              -0               -0       9.7870714              9.7870714
              3       4.4200131       1.1843221       1.3481538     0.026172332              -0               -0       8.8400261              8.8400261
              7       4.5006052       1.1894751       1.3373812     0.031713382              -0               -0       9.0012103              9.0012103
              2       4.9861857        1.170011       1.3868108     0.050241409              -0               -0       9.9723715              9.9723715
              5       4.6319671      0.98084631       1.6059193     0.011501873              -0               -0       9.2639343              9.2639343
              4       4.2895065       1.0099282       1.5894675    -0.038918891              -0               -0       8.5790131              8.5790131
              8       4.2960801       1.0541688       1.5269002     0.021320012              -0               -0       8.5921601              8.5921601
              1       4.4931875      0.97589641       1.6452464    -0.037135826              -0               -0       8.9863751              8.9863751
              7       4.8719784      0.95784494       1.6889791    -0.039316411              -0               -0       9.7439569              9.7439569
              1       4.8955315      0.95607588       1.6906182    -0.041945015              -0               -0       9.7910631              9.7910631
              3       5.2315275      0.93561982       1.7212003    -0.045807039              -0               -0       10.463055              10.463055
              4       7.1019818      0.97675796       1.7511718    -0.069171797              -0               -0       14.203964              14.203964
              2       4.9435557       1.0501719       1.4613658     0.053371344              -0               -0       9.8871114              9.8871114
              5       4.1040033       1.1272694       1.3984104     0.026198741              -0               -0       8.2080066              8.2080066
              5       5.0353543       1.1366489        1.488577    0.0010249954              -0               -0       10.070709              10.070709
              3       5.3547875       1.1329737        1.434074    -0.054170148              -0               -0       10.709575              10.709575
              1       7.8343034       1.1316987       1.3021585    -0.033544746              -0               -0       15.668607              15.668607
              6       7.6690861       1.1790614       1.2495913    -0.022222921              -0               -0       15.338172              15.338172
              2       8.1878071      0.93838112       1.5448089    -0.040349761              -0               -0       16.375614              16.375614
              1       10.065142       1.0368191       1.3455743      0.12431489              -0               -0       20.130285              20.130285
              3       10.209836       1.0543985       1.3216647      0.13126387              -0               -0       20.419672              20.419672
              3       8.0412867        0.866603       1.6573479     0.017349915              -0               -0       16.082573              16.082573
              1       6.8299889       1.0160642       1.4157673     0.044771753              -0               -0       13.659978              13.659978
              2       5.0093642       1.0429077       1.4551959    -0.013386147              -0               -0       10.018728              10.018728
              8       4.9083004       1.0345884       1.4700918    -0.013665625              -0               -0       9.8166008              9.8166008
              4       5.1789875       1.0421326       1.5692691    -0.067802176              -0               -0       10.357975              10.357975
              2       5.6144511       1.0241575       1.6111954    -0.077995862              -0               -0       11.228902              11.228902
              9       4.8196951      0.94480071       1.6846628    -0.029653968              -0               -0       9.6393902              9.6393902
              3       4.9353698      0.93487216       1.6902175    -0.025112227              -0               -0       9.8707396              9.8707396
              3       6.6794775       1.2672758       1.2936696     0.071327391              -0               -0       13.358955              13.358955
              8       4.8787444       1.1497892       1.4521467     0.018121405              -0               -0       9.7574888              9.7574888
              5       4.5404236       1.1063194       1.4878267     0.021559035              -0               -0       9.0808473              9.0808473
             11       4.6082063       1.1132936       1.5038451  -0.00069209906              -0               -0       9.2164126              9.2164126
             12        4.348691       1.0335179       1.5763941    0.0029216785              -0               -0       8.6973819              8.6973819
              2       4.3175155       1.0370599       1.5714812    0.0030248066              -0               -0       8.6350309              8.6350309
              4       4.3612183        1.048859       1.5545534    0.0097994601              -0               -0       8.7224366              8.7224366
              1       5.7036635        1.186572       1.2498364     0.047265106              -0               -0       11.407327              11.407327
              9       5.5680008       1.0735106       1.4314459    -0.038708722              -0               -0       11.136002              11.136002
              3       4.0480845       1.0524267       1.4978303    -0.016583722              -0               -0       8.0961689              8.0961689
              2       6.4031761       1.2179045       1.2241963    0.0069681378              -0               -0       12.806352              12.806352
              2       6.5626374       1.2713089       1.2234812    -0.013417474              -0               -0       13.125275              13.125275
              4       4.7180706       1.1723542       1.3534769    -0.013335223              -0               -0       9.4361411              9.4361411
              2       6.4244589       1.2505346       1.1979792      0.01372506              -0               -0       12.848918              12.848918
              3       6.0398196       1.2218984       1.2301775     0.011522517              -0               -0       12.079639              12.079639
             12        4.095555       1.0051976       1.5701639   -0.0055267613              -0               -0         8.19111                8.19111
              6       7.4944377      0.89785325       1.6299815     0.042330009              -0               -0       14.988875              14.988875
              1        5.158986       1.0191039       1.6501622    -0.040129951              -0               -0       10.317972              10.317972
              8       4.8390754       1.0867916        1.505791    -0.054210057              -0               -0       9.6781507              9.6781507
              2       6.8653488       1.1091578       1.5022075    -0.089582623              -0               -0       13.730698              13.730698
              8       6.6582029        1.117962       1.4925476    -0.084953375              -0               -0       13.316406              13.316406
              6       5.2210787      0.99578299       1.6660804    -0.062122463              -0               -0       10.442157              10.442157
              3       5.4218166       1.0928546       1.5554114    -0.058965073              -0               -0       10.843633              10.843633
              3        7.367244       1.1167569       1.5743043     -0.07780523              -0               -0       14.734488              14.734488
              4       7.5033866       1.1093571       1.5844253     -0.08220964              -0               -0       15.006773              15.006773
              1       8.5644886       1.1389051        1.398176    -0.093911888              -0               -0       17.128977              17.128977
              3       9.5609765       1.1818282       1.3604849     -0.10076172              -0               -0       19.121953              19.121953
              3       5.9355819       1.0470658       1.5673077    -0.082171079              -0               -0       11.871164              11.871164
              2       4.4699884       1.1379617       1.4035767    -0.021995312              -0               -0       8.9399767              8.9399767
              1       5.7300805      0.97290225       1.6931424    -0.076063044              -0               -0       11.460161              11.460161
              9       5.4419555      0.96685098       1.6950541    -0.067959947              -0               -0       10.883911              10.883911
              1       5.9812633       1.0253998       1.4383249     0.058605298              -0               -0       11.962527              11.962527
              2       6.6170731       0.9771759       1.4914922     0.051218875              -0               -0       13.234146              13.234146
              1       7.0329185       1.0397408       1.3959978     0.083188571              -0               -0       14.065837              14.065837
              5       7.1767959       1.0239216       1.4299194     0.088982179              -0               -0       14.353592              14.353592
              6       7.5235006       1.0131281       1.4022501     0.052321902              -0               -0       15.047001              15.047001
              1       7.2530584       1.0002699       1.4277727     0.036960656              -0               -0       14.506117              14.506117
              2       6.1998198       1.1920941       1.2299762     0.037699556              -0               -0        12.39964               12.39964
              2       6.0788479       1.2144148       1.2177912     0.035225172              -0               -0       12.157696              12.157696
              6       7.0532028       1.2315292       1.2432026    -0.029615443              -0               -0       14.106406              14.106406
              2       6.9836232       1.2792342       1.1849725   -0.0034348425              -0               -0       13.967246              13.967246
              8         5.52169       1.2328355        1.280026    -0.009227991              -0               -0        11.04338               11.04338
              1       6.4070569       1.0963075       1.5542115    -0.081721792              -0               -0       12.814114              12.814114
              7       5.6606393      0.94372169        1.669497    -0.067944989              -0               -0       11.321279              11.321279
              2       6.6160918      0.94302041       1.6083262    -0.061507913              -0               -0       13.232184              13.232184
              2       8.3703179      0.95544077       1.5099242     0.084525952              -0               -0       16.740636              16.740636
              1       10.071378       1.2379261       1.2073059      0.16984839              -0               -0       20.142756              20.142756
              5       10.421242       1.1836482       1.3739395       0.1343577              -0               -0       20.842483              20.842483
              6       10.526686       1.1762884       1.3664839      0.14232712              -0               -0       21.053372              21.053372
              2       7.2116682       1.1456591       1.4275093     0.086419837              -0               -0       14.423336              14.423336
              1        7.832017       1.1526154        1.384639       0.1118103              -0               -0       15.664034              15.664034
              5       6.1545697       1.2099851       1.2700988     0.096782824              -0               -0       12.309139              12.309139
              2       6.4402032       1.2091246       1.2794244      0.10291069              -0               -0       12.880406              12.880406
              2       5.1867949       1.0219399       1.6229634    0.0004609387              -0               -0        10.37359               10.37359
              4       4.0855149       1.0505952       1.4791491    0.0078709869              -0               -0       8.1710298              8.1710298
              2       4.2889581       1.1307941       1.4128017     -0.01733273              -0               -0       8.5779162              8.5779162
              8       4.5177753       1.0740367       1.4301237   -0.0046963479              -0               -0       9.0355506              9.0355506
              4       5.1982497       1.0988253       1.4591086    -0.054043352              -0               -0       10.396499              10.396499
              2       4.7734665       1.1359303       1.3585633   -0.0050814627              -0               -0       9.5469331              9.5469331
              2       4.2249357        1.020424       1.5546855     0.013805921              -0               -0       8.4498714              8.4498714
              3       6.1478567      0.88424176       1.7342979    -0.051835792              -0               -0       12.295713              12.295713
              1       5.6958609       1.2536249       1.2253094      0.06884412              -0               -0       11.391722              11.391722
             11       6.7283739       1.0903336        1.497408    -0.087445906              -0               -0       13.456748              13.456748
              5       5.7798164       1.0560845       1.3996708    0.0051423387              -0               -0       11.559633              11.559633
              1       5.9175073       1.0832444       1.4188331     0.084396601              -0               -0       11.835015              11.835015
              7       5.5032413      0.99921851        1.593888     0.037117747              -0               -0       11.006483              11.006483
              1       5.6418945      0.99537886        1.601509     0.037320912              -0               -0       11.283789              11.283789
             12       5.4595496       1.0346193       1.6140384    0.0046748607              -0               -0       10.919099              10.919099
              1       6.2703656      0.92434989       1.7141722     0.010187465              -0               -0       12.540731              12.540731
              6       6.3013365      0.93770052       1.6878071     0.021687269              -0               -0       12.602673              12.602673
              7       4.6840547       1.1696409       1.3782736     0.044258123              -0               -0       9.3681094              9.3681094
              1       4.6456691       1.0420088       1.4775819     0.041385509              -0               -0       9.2913382              9.2913382
              4       5.6634106      0.93223418       1.7105869    -0.068902878              -0               -0       11.326821              11.326821
              1       4.2803111       0.9867027       1.6096444     -0.02815544              -0               -0       8.5606223              8.5606223
             12       4.1513358        1.122751       1.4350256     -0.01755226              -0               -0       8.3026716              8.3026716
              2       5.5024643       1.0997884       1.3512861     0.014635863              -0               -0       11.004929              11.004929
              1       5.9729397       1.0849319       1.3717336    -0.010140383              -0               -0       11.945879              11.945879
              7       5.7808138       1.0191722        1.489596    -0.039339262              -0               -0       11.561628              11.561628
              8       10.070315      0.96106137       1.5131637    -0.072771045              -0               -0        20.14063               20.14063
              2       9.4042434        0.963787       1.5083446     -0.06287417              -0               -0       18.808487              18.808487
              1       7.9748062       1.0495871       1.4165342    -0.055469206              -0               -0       15.949612              15.949612
              7       7.5607426      0.92894643       1.5925697    -0.054595463              -0               -0       15.121485              15.121485
              3       7.7377646      0.95724183       1.5483652    -0.057960766              -0               -0       15.475529              15.475529
              1       7.7228148      0.96018452       1.4962059     -0.01198904              -0               -0        15.44563               15.44563
              3       8.8196299        1.317188       1.0609976     0.049975352              -0               -0        17.63926               17.63926
              2         9.14387       1.1260807       1.4509186     -0.11105237              -0               -0        18.28774               18.28774
              1       6.8286897       1.2918556       1.2483814    -0.024085259              -0               -0       13.657379              13.657379
              1       6.0140753       1.1032837       1.3291542     0.067323174              -0               -0       12.028151              12.028151
              1       6.0243069       1.0960087       1.3451581     0.075190125              -0               -0       12.048614              12.048614
              1       5.4172421       1.1586354       1.3024037     0.072860525              -0               -0       10.834484              10.834484
             11       5.3093783       1.1544679       1.3105013     0.070294033              -0               -0       10.618757              10.618757
              1       5.3744538       1.1376404       1.3238926     0.070662487              -0               -0       10.748908              10.748908
              9       4.3951057       1.0951351       1.4114854     0.040609105              -0               -0       8.7902115              8.7902115
              2       4.3251222       1.1042412       1.4222986     0.041681229              -0               -0       8.6502444              8.6502444
              1       4.0942984        1.011703       1.5574329    0.0017345545              -0               -0       8.1885969              8.1885969
              1       3.9844142       1.0630347       1.5183322    -0.024533734              -0               -0       7.9688284              7.9688284
              4       4.0596532       1.1110089       1.4762062    -0.010347245              -0               -0       8.1193065              8.1193065
              5       4.0804456       1.1027427       1.4863618    0.0023787103              -0               -0       8.1608913              8.1608913
              2       6.0628645       1.2161184       1.3989104     0.021749814              -0               -0       12.125729              12.125729
              3       7.8654982       1.2700564       1.2272603       0.1241953              -0               -0       15.730996              15.730996
              1       6.5113065       1.0065304       1.6802794   -0.0092800922              -0               -0       13.022613              13.022613
              2        5.367658      0.93143352       1.6951868    -0.058022718              -0               -0       10.735316              10.735316
              1       6.9756997      0.84914551       1.7564222    -0.028458306              -0               -0       13.951399              13.951399
              3        5.075665      0.93776462       1.7009093    -0.048169551              -0               -0        10.15133               10.15133
              5       4.2467377      0.99592547       1.6059752   -0.0078895564              -0               -0       8.4934753              8.4934753
              4       4.7841809       1.0949146       1.3902405     0.050570517              -0               -0       9.5683618              9.5683618
              3       4.8214813       1.1701412       1.3580247    -0.019074952              -0               -0       9.6429627              9.6429627
              3       4.5517743       1.1945823       1.3245334     0.031450135              -0               -0       9.1035485              9.1035485
              1       4.4901721       1.1768891       1.3736265     0.030929665              -0               -0       8.9803441              8.9803441
              1       6.1622882       1.2908514       1.2785263     0.022530056              -0               -0       12.324576              12.324576
              1       6.3637481       1.2220319       1.3992246     -0.03981792              -0               -0       12.727496              12.727496
              8       5.6996471       1.1549056       1.2921277     0.076304497              -0               -0       11.399294              11.399294
              1       5.3339687      0.95724418       1.5780588     0.023181995              -0               -0       10.667937              10.667937
              3       4.8338354      0.95706736       1.6690275    -0.048288038              -0               -0       9.6676708              9.6676708
              5       4.4594682       1.1246967       1.3654031     0.032337078              -0               -0       8.9189364              8.9189364
              1       4.7003122       1.1610688       1.3207235     0.041865753              -0               -0       9.4006244              9.4006244
              1       5.4604526        1.177061       1.2854895     0.074496526              -0               -0       10.920905              10.920905
              3       4.9517334        1.106653       1.4298759     0.060128029              -0               -0       9.9034668              9.9034668
              1       4.9432755       1.1061232       1.4309684     0.059742997              -0               -0        9.886551               9.886551
              3         4.81635       1.0597597       1.4246272     0.036244145              -0               -0       9.6327001              9.6327001
              1        6.531971       1.0298625       1.4517758     0.083561151              -0               -0       13.063942              13.063942
              3       4.3782508       1.0121235       1.5318573     0.019777378              -0               -0       8.7565017              8.7565017
              1       4.6888501       1.0440762       1.6000919    -0.020204756              -0               -0       9.3777001              9.3777001
              1        4.563459       1.0492564       1.5908231    -0.025394148              -0               -0       9.1269181              9.1269181
              2        5.136447      0.97441479       1.6917268    -0.049568083              -0               -0       10.272894              10.272894
              5       4.9403755       1.1340846       1.3686674     0.065447029              -0               -0       9.8807511              9.8807511
              2       4.3780834        1.115203       1.4503832     0.032821715              -0               -0       8.7561667              8.7561667
              3       4.3409228       1.1427877       1.4155933     0.030748797              -0               -0       8.6818457              8.6818457
              2       4.2109093       1.1397649       1.4192245     0.024061965              -0               -0       8.4218186              8.4218186
              2       4.1037281       1.0739039       1.4781963    -0.021972731              -0               -0       8.2074562              8.2074562
              3       4.3594878       1.0680558       1.5330266    -0.042375802              -0               -0       8.7189756              8.7189756
              3       4.3347446       1.0691553       1.5360642    -0.040666511              -0               -0       8.6694892              8.6694892
              2        4.609261       1.1091677       1.4738528     0.031234673              -0               -0       9.2185219              9.2185219
              2       4.7154446       1.0282071       1.5135409     0.040234478              -0               -0       9.4308891              9.4308891
              1       5.5370778        0.986649       1.6451444     0.014774347              -0               -0       11.074156              11.074156
              2       5.1032223       1.0037662        1.630186    0.0056398279              -0               -0       10.206445              10.206445
              3       4.0749499       1.0293278       1.5568529    0.0040354874              -0               -0       8.1498998              8.1498998
              1       3.9604352       1.0583104       1.5227823    0.0050585748              -0               -0       7.9208704              7.9208704
              7       4.0397793        1.063565       1.5144126     0.012530589              -0               -0       8.0795586              8.0795586
              2       3.9788587       1.0433462        1.537011    0.0042244893              -0               -0       7.9577175              7.9577175
              2       3.9974958       1.1054973       1.4543401    -0.014093662              -0               -0       7.9949915              7.9949915
              2       4.8019557       1.0319105        1.547082    -0.053623374              -0               -0       9.6039114              9.6039114
              7       4.8161868       1.0306315       1.5501529    -0.054408362              -0               -0       9.6323737              9.6323737
              3        4.747222        1.113755       1.4060577     -0.02539286              -0               -0       9.4944441              9.4944441
              4       5.2829272       1.1180338       1.4005942    -0.038368132              -0               -0       10.565854              10.565854
              4        5.760543        1.237837       1.3183883    -0.025453972              -0               -0       11.521086              11.521086
              1        6.295088      0.96756421       1.5844588    -0.063440243              -0               -0       12.590176              12.590176
              3        5.341549      0.92702922       1.6785331    -0.049262556              -0               -0       10.683098              10.683098
              1       4.9393209       0.9514931       1.6485012    -0.045867368              -0               -0       9.8786418              9.8786418
              2       4.8724793      0.95108227       1.6714755     -0.04713155              -0               -0       9.7449585              9.7449585
              9       4.8718795      0.94448543       1.6789751    -0.042348291              -0               -0       9.7437589              9.7437589
              1       4.7840789      0.94226787       1.6660657     -0.03016697              -0               -0       9.5681578              9.5681578
              1       5.5106282      0.90425787       1.7107621    -0.039689166              -0               -0       11.021256              11.021256
              1        5.348207      0.91412743       1.6831441    -0.010392976              -0               -0       10.696414              10.696414
              7       5.0577731       1.2412496       1.2802999     0.026856661              -0               -0       10.115546              10.115546
              4       4.6245873       1.2021479       1.3511375     0.012666001              -0               -0       9.2491746              9.2491746
              3       4.2401426       1.0993333       1.4741008    -0.031065015              -0               -0       8.4802851              8.4802851
              5       4.1155505       1.1174084       1.4024624    0.0063288323              -0               -0       8.2311009              8.2311009
              1       5.9127255      0.93461945       1.5855072    0.0050571164              -0               -0       11.825451              11.825451
              4       4.7896411       1.0353233       1.4583673     0.025112321              -0               -0       9.5792822              9.5792822
              2       4.1407865       1.0235877        1.544516     0.012385174              -0               -0       8.2815729              8.2815729
              1       4.2088472       1.0260854       1.5724838    -0.037354649              -0               -0       8.4176945              8.4176945
              5       5.9935022       1.2091693       1.2484364    0.0026473357              -0               -0       11.987004              11.987004
              5       8.2674225       1.3466341       1.0567977     0.068241679              -0               -0       16.534845              16.534845
              2         7.85952       1.3047935       1.0912289     0.064504491              -0               -0        15.71904               15.71904
              1       4.8424325       1.1119171       1.4602013     0.043817867              -0               -0        9.684865               9.684865
              1       7.0928292      0.92753934       1.7036144    -0.094263863              -0               -0       14.185658              14.185658
              1       5.3070255       1.2381033       1.2985021   -0.0052873681              -0               -0       10.614051              10.614051
              1       5.9459029       1.2497041       1.2794061    -0.019958621              -0               -0       11.891806              11.891806
              1       5.9780511       1.2504619       1.2833773    -0.021741193              -0               -0       11.956102              11.956102
              2       6.0008614       1.2444567       1.3536023    -0.020305705              -0               -0       12.001723              12.001723
              3       4.4416397       1.1617258       1.4148239     0.015386987              -0               -0       8.8832794              8.8832794
              6       4.0668354       1.1416339       1.4133075    0.0089646589              -0               -0       8.1336709              8.1336709
              3       4.0808126        1.090494       1.4559717    -0.016916501              -0               -0       8.1616251              8.1616251
              5       4.0923782       1.0954223       1.4489196    -0.015841329              -0               -0       8.1847564              8.1847564
              2       4.2236392       1.0872295       1.4252141    0.0031864959              -0               -0       8.4472784              8.4472784
              2       3.8659228       1.0598902       1.5126132   0.00010870727              -0               -0       7.7318456              7.7318456
             12       4.0870191       1.1073149         1.48125    -0.017496797              -0               -0       8.1740382              8.1740382
              2       4.1825131       1.1112716       1.4861626    -0.016902268              -0               -0       8.3650262              8.3650262
              2       6.4670202       1.2753214       1.2358637      0.08782158              -0               -0        12.93404               12.93404
              2       7.0920103       1.1756555       1.2154101     0.049426399              -0               -0       14.184021              14.184021
              2       9.0739472      0.90028878       1.7259787     -0.11320178              -0               -0       18.147894              18.147894
              1       8.6868458      0.89386197       1.7500784     -0.11111171              -0               -0       17.373692              17.373692
              1       8.3660546       1.2649252       1.3493732    -0.068534504              -0               -0       16.732109              16.732109
              1       7.3526079       1.0578631       1.6515852    -0.083823403              -0               -0       14.705216              14.705216
              4       4.3901994       1.0044594       1.5337677   -0.0050845577              -0               -0       8.7803988              8.7803988
             13       4.5333072       1.0279097        1.489146   -0.0056707112              -0               -0       9.0666144              9.0666144
              3        4.100808       1.1301982       1.3927417       0.0104608              -0               -0        8.201616               8.201616
              2       4.0401959       1.1245671       1.4168909   -0.0029814526              -0               -0       8.0803917              8.0803917
              2       4.0377135        1.124434        1.417214   -0.0029126581              -0               -0        8.075427               8.075427
              1       4.0255605       1.0794343       1.4636472     0.023522645              -0               -0       8.0511211              8.0511211
              4       3.9827312         1.02577       1.5471462  -0.00033317336              -0               -0       7.9654623              7.9654623
              6       5.1001654      0.99846529       1.5985705    -0.062457327              -0               -0       10.200331              10.200331
              7       6.8343657       1.0488781       1.4769365     -0.07127865              -0               -0       13.668731              13.668731
              2       4.4326058       1.0214855       1.5147936     0.026367322              -0               -0       8.8652116              8.8652116
             11       4.4403213      0.97639076       1.6301243   -0.0091635934              -0               -0       8.8806426              8.8806426
              4       5.4379624       1.1241935       1.5283731     -0.03174085              -0               -0       10.875925              10.875925
             11        4.085814       1.0905103        1.427482     0.012400457              -0               -0       8.1716281              8.1716281
              2       4.4977111       1.1231294       1.4903503    -0.013066642              -0               -0       8.9954222              8.9954222
              3       4.6454173       1.1065577       1.5219243    -0.022171311              -0               -0       9.2908345              9.2908345
              1       4.1214085       1.0174238       1.5925839    -0.020224414              -0               -0        8.242817               8.242817
              9        4.087063       1.0371137        1.543142    -0.029818479              -0               -0        8.174126               8.174126
              4       4.0835593       1.0533857       1.5156685    -0.027706851              -0               -0       8.1671186              8.1671186
              1       4.8372178      0.98224041       1.6229389     0.011516691              -0               -0       9.6744356              9.6744356
             10       4.8633798      0.99288846       1.6217343      0.01010453              -0               -0       9.7267596              9.7267596
              2       4.0165393       1.0226077        1.537111   -0.0046304253              -0               -0       8.0330786              8.0330786
              4       5.0538241       1.2062945       1.2921726    0.0042332611              -0               -0       10.107648              10.107648
              1       4.8651467       1.2141236       1.2855288     0.040156578              -0               -0       9.7302934              9.7302934
              1       6.5998882       1.3024279       1.1614921     0.083203633              -0               -0       13.199776              13.199776
              1       6.7390234        1.232027       1.2548579      0.10786056              -0               -0       13.478047              13.478047
             15       7.4820927       1.2136169       1.2135001      0.12319106              -0               -0       14.964185              14.964185
              4       7.9525761       1.1787404        1.243604      0.13156445              -0               -0       15.905152              15.905152
              5       7.3493991       1.0321978       1.4247481     0.096912652              -0               -0       14.698798              14.698798
              1       6.6248106       1.0324489       1.4241363     0.079729868              -0               -0       13.249621              13.249621
              1       5.4752084       1.1313613       1.3193718     0.014578146              -0               -0       10.950417              10.950417
              2       4.2705914       1.1239695       1.3947881   -0.0035786114              -0               -0       8.5411828              8.5411828
              1       4.5489038       1.0766445       1.4359678    -0.014838984              -0               -0       9.0978076              9.0978076
              2        7.512504      0.87166939       1.8023252   -0.0054703994              -0               -0       15.025008              15.025008
              4       6.7292886      0.89186125       1.7778975    -0.011141869              -0               -0       13.458577              13.458577
              6       6.5738593      0.96983818       1.5045524     0.047578764              -0               -0       13.147719              13.147719
              2       5.9563683      0.93167972         1.59105     0.012553283              -0               -0       11.912737              11.912737
              2       5.9307673      0.93006188       1.5953452     0.010656153              -0               -0       11.861535              11.861535
              7       4.1861633       1.1249793       1.4192853     0.031908088              -0               -0       8.3723265              8.3723265
             11       3.9373409       1.0689442       1.4738286     0.013265896              -0               -0       7.8746818              7.8746818
              5       4.5268681       1.0173574         1.50885     0.025352943              -0               -0       9.0537361              9.0537361
              1       4.5582952       1.0195902       1.5050582     0.028013402              -0               -0       9.1165905              9.1165905
              3       4.4646414        1.088532       1.5130622     0.014691482              -0               -0       8.9292827              8.9292827
              2       4.5831461       1.1309566       1.4771092    0.0028594292              -0               -0       9.1662923              9.1662923
              2       4.2761075       1.0476966       1.5573733    0.0048393863              -0               -0        8.552215               8.552215
              4       5.4636549       1.1143777       1.3559517   -0.0096555393              -0               -0        10.92731               10.92731
              2        5.374921       1.2593569       1.2419746     0.038590435              -0               -0       10.749842              10.749842
              4       5.8307551       1.2781761       1.2040626      0.05764531              -0               -0        11.66151               11.66151
              3       5.8775246       1.2747415       1.2296385     0.068000744              -0               -0       11.755049              11.755049
              1       5.9507502       1.2649615       1.2051129     0.073526618              -0               -0         11.9015                11.9015
              6       4.9808881       1.2033265       1.2908799     0.056492676              -0               -0       9.9617762              9.9617762
             10       5.2034679       1.2418676       1.2622615     0.049035759              -0               -0       10.406936              10.406936
              1       6.6407119       1.2920532       1.1457952     0.065150722              -0               -0       13.281424              13.281424
              2       7.3844994       1.1556242       1.3131316     -0.04743242              -0               -0       14.768999              14.768999
              2       7.4022641       1.1585555       1.3101637    -0.047367591              -0               -0       14.804528              14.804528
              1        5.505924        1.151096       1.3577759    -0.033765538              -0               -0       11.011848              11.011848
              1        6.497748       1.1879428       1.3922682    -0.064344055              -0               -0       12.995496              12.995496
              4       5.8918459       1.0896109       1.5404987    -0.076367393              -0               -0       11.783692              11.783692
              1       4.1825781       1.0554415       1.5512704    -0.034574782              -0               -0       8.3651561              8.3651561
              2       5.6492686       1.1095494       1.3914714    -0.037678683              -0               -0       11.298537              11.298537
              4       5.5731014       1.0786517        1.377664    0.0065978278              -0               -0       11.146203              11.146203
              4       5.5829834       1.0809897       1.3708474     0.013322209              -0               -0       11.165967              11.165967
              7       4.7722315       1.0940488       1.4649804     0.047761478              -0               -0       9.5444629              9.5444629
              5       4.7347098       1.0911465       1.4531452     0.051475003              -0               -0       9.4694196              9.4694196
              9       6.5089558       0.9188883       1.7252435     0.010033433              -0               -0       13.017912              13.017912
              4       4.7560529       1.1023404       1.3778462     0.046308238              -0               -0       9.5121057              9.5121057
              2       4.2754768       1.0565851       1.4765007     0.032012053              -0               -0       8.5509536              8.5509536
              4       5.5490607       1.0207894       1.4504852     0.012922364              -0               -0       11.098121              11.098121
              1       5.3908349        1.028545       1.5540539    -0.067256443              -0               -0        10.78167               10.78167
              1       5.9128259       1.1748348       1.2674101     0.012506883              -0               -0       11.825652              11.825652
              6       5.9663125       1.1721726       1.2685491     0.011646192              -0               -0       11.932625              11.932625
              1       4.8546107       1.1396991       1.3306204      0.02416598              -0               -0       9.7092214              9.7092214
              6       5.8046416       1.0312574       1.4297132    0.0082245137              -0               -0       11.609283              11.609283
              2       5.8020239        1.031279       1.4297432    0.0082631157              -0               -0       11.604048              11.604048
              1       5.9734968      0.93061426       1.5997802    -0.018791545              -0               -0       11.946994              11.946994
              4       4.1470752       1.0173127       1.5758362    -0.032020335              -0               -0       8.2941503              8.2941503
              5       4.5927033       1.0518864       1.5867498    -0.018366053              -0               -0       9.1854067              9.1854067
              1       4.8402471      0.98201587       1.6614297    -0.016338895              -0               -0       9.6804943              9.6804943
              2       4.8368766      0.98432639       1.6675982    -0.028386485              -0               -0       9.6737532              9.6737532
              3       4.9603718       1.2141394       1.3543738     0.022017378              -0               -0       9.9207436              9.9207436
              3       4.5354326       1.1905671       1.3379988     0.034303778              -0               -0       9.0708651              9.0708651
              1        4.643482        1.204628        1.328344     0.030777771              -0               -0        9.286964               9.286964
              3       5.6784299      0.91407373       1.6532395    0.0043935384              -0               -0        11.35686               11.35686
              4       8.3690731      0.96116939       1.5211543     0.091232165              -0               -0       16.738146              16.738146
              2       4.7239667      0.96278437       1.6756122    -0.031188556              -0               -0       9.4479334              9.4479334
              1       3.9754289       1.0441418       1.5535465    -0.019025837              -0               -0       7.9508577              7.9508577
              4       4.1162272       1.0576468       1.5224891     0.014765689              -0               -0       8.2324545              8.2324545
              1       4.3374429       1.0583864       1.5275372     0.020690212              -0               -0       8.6748858              8.6748858
              2       4.2840488       1.0574254       1.5286349     0.018594513              -0               -0       8.5680976              8.5680976
              7       4.2844622       1.0558629       1.5297644     0.018710698              -0               -0       8.5689245              8.5689245
              1        5.134388       1.0456473       1.5773542     0.018322906              -0               -0       10.268776              10.268776
              1       7.3301046       1.1759651       1.3784675     0.097641033              -0               -0       14.660209              14.660209
              1       7.5018385       1.3166542       1.2619521     0.061631264              -0               -0       15.003677              15.003677
              2       5.0252881       1.1785225       1.4306317     -0.01078253              -0               -0       10.050576              10.050576
              5       4.5138322       1.1831401       1.3856798    0.0029544178              -0               -0       9.0276644              9.0276644
              2       5.1310347       1.1663539       1.3849718    -0.037090387              -0               -0       10.262069              10.262069
             11       5.1310204       1.1662193       1.3860623     -0.03735433              -0               -0       10.262041              10.262041
              1       6.0532951       1.1490534       1.4935295     0.012436307              -0               -0        12.10659               12.10659
              2       4.6768254       1.1378048       1.3401796     0.037111012              -0               -0       9.3536508              9.3536508
              2       5.4190718       1.1314829         1.33254     0.073269813              -0               -0       10.838144              10.838144
              2       7.3045252      0.89331004       1.6772627    -0.063704243              -0               -0        14.60905               14.60905
              1       6.3223979       0.9615593       1.7165073   -0.0080702899              -0               -0       12.644796              12.644796
              2       7.0595032      0.98766144       1.7369041    -0.050795008              -0               -0       14.119006              14.119006
              1         6.93069      0.93900719       1.7849121    -0.069480664              -0               -0        13.86138               13.86138
              2       5.6928266      0.92256963       1.7059456   0.00093664323              -0               -0       11.385653              11.385653
              1       5.8014931      0.91131987       1.6952255    0.0063825347              -0               -0       11.602986              11.602986
              1       5.3122682      0.92980566        1.668723    0.0043998537              -0               -0       10.624536              10.624536
              1       5.2927339      0.93681259       1.6582707    0.0092579345              -0               -0       10.585468              10.585468
              3       5.0327279      0.93571509       1.6842996    -0.011813935              -0               -0       10.065456              10.065456
              1       5.0890461      0.95194417       1.6739401   -0.0029535085              -0               -0       10.178092              10.178092
              3       4.9768373       1.1682802       1.3015704     0.052207925              -0               -0       9.9536746              9.9536746
              1       4.9142138       1.1739008       1.3202732     0.061313439              -0               -0       9.8284275              9.8284275
              1       4.0537497       1.0520369       1.5059305     0.018541835              -0               -0       8.1074995              8.1074995
              1       4.1486291       1.0684514        1.539589    -0.028419654              -0               -0       8.2972583              8.2972583
             11       4.4974838       1.1359828       1.4701862   -0.0070467426              -0               -0       8.9949676              8.9949676
              1       4.2952265       1.0685212       1.4388585     0.011854213              -0               -0       8.5904529              8.5904529
              2       4.3948954       1.0904347       1.4049324     0.022586274              -0               -0       8.7897909              8.7897909
              3       7.3648294       1.0955098       1.3240956      0.10405227              -0               -0       14.729659              14.729659
              1       6.4991058       1.0453134       1.6208704     0.010796066              -0               -0       12.998212              12.998212
              6       8.6880136       1.0196821       1.6373831     -0.12229438              -0               -0       17.376027              17.376027
              2       7.5825736        1.105913       1.3722064     -0.05922355              -0               -0       15.165147              15.165147
              2       7.9591749       1.1556935       1.3138281    -0.056962674              -0               -0        15.91835               15.91835
              2       7.6934498       1.1486244       1.3492093    -0.067607571              -0               -0         15.3869                15.3869
              7       6.7371137       1.1714464       1.3951939    -0.070983585              -0               -0       13.474227              13.474227
              1       7.3764037       1.1852243       1.3776597    -0.076999914              -0               -0       14.752807              14.752807
              3        4.649012       1.0646151       1.4683942     0.047843393              -0               -0        9.298024               9.298024
              4       4.9953169       1.1306211       1.3858774     0.066150718              -0               -0       9.9906339              9.9906339
              2       4.3530933       1.0172213       1.5198086     0.019050377              -0               -0       8.7061865              8.7061865
              4       4.5469232      0.97133873       1.6009136    0.0030375091              -0               -0       9.0938463              9.0938463
              1       4.2942001       1.0949371       1.4140652     0.035045451              -0               -0       8.5884002              8.5884002
              7        5.148326       1.1690813       1.4485619  -0.00032453401              -0               -0       10.296652              10.296652
              2       5.3661642        1.186764       1.3992099     0.038986402              -0               -0       10.732328              10.732328
              6       5.0617842       1.2160116       1.3361545     0.041632609              -0               -0       10.123568              10.123568
              2       6.0241067       0.9053357       1.7777197    -0.047027301              -0               -0       12.048213              12.048213
              2       6.1711735      0.91212296       1.7738385    -0.034382102              -0               -0       12.342347              12.342347
              1       6.4376699      0.90066915       1.7955969    -0.043598532              -0               -0        12.87534               12.87534
              3       5.7222006      0.94414548       1.7419463    -0.049753731              -0               -0       11.444401              11.444401
              1       4.1860501      0.99776523       1.5975199    -0.026901738              -0               -0       8.3721003              8.3721003
              9       3.9941795       1.0217032       1.5697923    -0.014338553              -0               -0       7.9883589              7.9883589
              8       5.0821887      0.98636478        1.656442   -0.0050688546              -0               -0       10.164377              10.164377
              1       5.4397958      0.99325559       1.6149698     0.027535404              -0               -0       10.879592              10.879592
              3       5.8851398       1.1355239       1.4589443     0.052550825              -0               -0        11.77028               11.77028
              1        5.677786       1.0539342       1.4474682    -0.037425547              -0               -0       11.355572              11.355572
              2       4.9986005      0.93357428       1.6970113     -0.03942036              -0               -0       9.9972011              9.9972011
              1       7.0030242      0.89043955       1.7795947    -0.087722003              -0               -0       14.006048              14.006048
              3        7.062135       0.8870119       1.7845821    -0.087794284              -0               -0        14.12427               14.12427
              2       4.8531721      0.93863699        1.677177    -0.033289267              -0               -0       9.7063441              9.7063441
              6       4.1936207       1.0439291       1.5668133    -0.034944932              -0               -0       8.3872415              8.3872415
              8       4.4112861       1.0341493       1.5935823     -0.04105359              -0               -0       8.8225722              8.8225722
              2       4.3638893        1.001891       1.6153822   -0.0094109907              -0               -0       8.7277786              8.7277786
             12       4.4821708       0.9862345       1.6402431    -0.039642446              -0               -0       8.9643415              8.9643415
              1       4.5611408       1.0145668       1.6028586    -0.051107923              -0               -0       9.1222817              9.1222817
              6       4.8163666       1.0000989        1.624727    -0.058317441              -0               -0       9.6327332              9.6327332
              6        5.023311      0.96309121       1.6544964     -0.05745703              -0               -0       10.046622              10.046622
              3       6.8624311      0.88060286        1.732234     -0.06819524              -0               -0       13.724862              13.724862
              4        6.531898      0.87134456       1.7289136    -0.043202615              -0               -0       13.063796              13.063796
              5       5.8202202      0.89948436       1.6871403    -0.033830197              -0               -0        11.64044               11.64044
              2       5.8266739      0.89645682       1.6950379    -0.033816187              -0               -0       11.653348              11.653348
              1       5.2492472       1.0547991       1.4349746    -0.016497271              -0               -0       10.498494              10.498494
              3       5.0845968       1.0620688       1.4261041    -0.010370169              -0               -0       10.169194              10.169194
              5       5.3673166       1.1147288       1.3596234    -0.010381044              -0               -0       10.734633              10.734633
              2       7.0025897       1.1770049       1.2477119   -0.0033241326              -0               -0       14.005179              14.005179
              3       6.9069135       1.1864221       1.2428832   -0.0037295893              -0               -0       13.813827              13.813827
              1       7.1735554        1.213035        1.211142    6.406745e-05              -0               -0       14.347111              14.347111
              1       7.3764361       1.3711413       1.1383906     0.035736475              -0               -0       14.752872              14.752872
              3       7.1284142       1.3455019       1.1977054     0.010028907              -0               -0       14.256828              14.256828
              2       5.8299645       1.2709187       1.2973497    0.0034412723              -0               -0       11.659929              11.659929
              1       8.1568032       1.0715438       1.6225127     -0.10500403              -0               -0       16.313606              16.313606
              5       8.4791552       1.0464018       1.6917507    -0.088919583              -0               -0        16.95831               16.95831
              1       4.6777363      0.99349095       1.6490655    -0.046085871              -0               -0       9.3554725              9.3554725
              7       5.1823944        0.963779       1.7020949     -0.03600598              -0               -0       10.364789              10.364789
             20       5.1959484      0.96161419       1.7045051     -0.03659809              -0               -0       10.391897              10.391897
              1       5.4145826       1.0153709       1.6320501    -0.072668012              -0               -0       10.829165              10.829165
              4       6.5211732      0.93055812       1.6833861    -0.081699638              -0               -0       13.042346              13.042346
              3       5.7959951      0.94983387       1.6527106    -0.069706529              -0               -0        11.59199               11.59199
              3       6.5451027       1.1643493       1.4045986    -0.069842766              -0               -0       13.090205              13.090205
              3       7.9332412       1.1985433       1.3970469    -0.085308249              -0               -0       15.866482              15.866482
              4       7.6611704       1.0617399       1.5997429     -0.10611627              -0               -0       15.322341              15.322341
              2       4.3575587       1.0549034       1.5023238    -0.034325232              -0               -0       8.7151174              8.7151174
              6       5.1569179       1.0413493       1.4872642    -0.041138209              -0               -0       10.313836              10.313836
              5       4.1637827       1.0182131       1.5379453     0.011711289              -0               -0       8.3275653              8.3275653
              3       4.5560705      0.97061789       1.6239173  -0.00019405377              -0               -0        9.112141               9.112141
              1       4.2497014       1.0249683       1.5249718    -0.021145901              -0               -0       8.4994029              8.4994029
              6       4.5926007      0.98403835       1.5802924    -0.030544598              -0               -0       9.1852014              9.1852014
              2       4.6140772       1.1126748       1.4813872     0.023427221              -0               -0       9.2281544              9.2281544
              1       5.6521109       1.1595909       1.3285074     0.086014409              -0               -0       11.304222              11.304222
              5       4.0235261       1.0632566       1.5331608    -0.025222398              -0               -0       8.0470522              8.0470522
              6       4.3427738        1.136515       1.4334771    -0.023667481              -0               -0       8.6855475              8.6855475
              8       4.5406319       1.0727653       1.5324575    -0.047936019              -0               -0       9.0812638              9.0812638
              5       4.4724698       1.1270777       1.3753019   0.00053387074              -0               -0       8.9449395              8.9449395
              1        4.730639       1.0979739       1.4010196     0.054682378              -0               -0       9.4612781              9.4612781
              1       4.8827351       1.1628995       1.3669764     0.058699898              -0               -0       9.7654702              9.7654702
              3       4.7248904       1.1405917       1.4079866     0.049785029              -0               -0       9.4497808              9.4497808
              5       4.6761074       1.1372234       1.4149201     0.047131648              -0               -0       9.3522147              9.3522147
              1       5.2772838       1.0499878       1.5647923     0.027514905              -0               -0       10.554568              10.554568
              4       4.5879483        0.981761       1.6346095    -0.046543196              -0               -0       9.1758965              9.1758965
              4       5.4776304        1.130928       1.5105245  -0.00028426495              -0               -0       10.955261              10.955261
              2       7.9577656       1.2438554       1.4235177    -0.031346087              -0               -0       15.915531              15.915531
              3       8.1244409      0.96246292       1.7884921    -0.065833535              -0               -0       16.248882              16.248882
              1       6.2455119       1.0173369       1.6837299    -0.064062755              -0               -0       12.491024              12.491024
              1       5.1953232       1.0091174       1.6618996    -0.038893437              -0               -0       10.390646              10.390646
             15       5.3122728      0.96716474       1.7051191    -0.053231083              -0               -0       10.624546              10.624546
              9       3.9742886       1.0539803       1.5444836     -0.01388938              -0               -0       7.9485772              7.9485772
             12       3.9784848       1.0689949       1.5274162    -0.016756477              -0               -0       7.9569697              7.9569697
              3       4.8148958       1.1050046       1.4891424    -0.050296789              -0               -0       9.6297916              9.6297916
              3       4.4249287       1.1334457       1.4449373    -0.028731122              -0               -0       8.8498573              8.8498573
              2       5.1145757       1.1420354       1.4850001    -0.000371881              -0               -0       10.229151              10.229151
              2       5.5212387       1.1808011       1.4381046     0.011976777              -0               -0       11.042477              11.042477
              5       4.7330547       1.2040361       1.3433529     0.032421581              -0               -0       9.4661094              9.4661094
              6       5.3298277       1.2566981       1.2504781     0.026896371              -0               -0       10.659655              10.659655
              1       5.4847338        1.267514       1.2498137     0.020721269              -0               -0       10.969468              10.969468
              6       4.7683678       1.1543689       1.4505145    0.0064862132              -0               -0       9.5367356              9.5367356
              3        4.760747       1.1496801       1.4602227   0.00059517289              -0               -0       9.5214939              9.5214939
              1       5.1561273       1.0867488       1.5629077    -0.012435496              -0               -0       10.312255              10.312255
              2       4.4384767       1.0462545       1.5866538    -0.035415699              -0               -0       8.8769534              8.8769534
              8       4.6324201      0.97272418       1.6313515     -0.04403331              -0               -0       9.2648403              9.2648403
              6       5.1732798      0.99605092       1.6542099   -0.0073965597              -0               -0        10.34656               10.34656
              3       5.9781892       1.0271916       1.6314706    -0.082551116              -0               -0       11.956378              11.956378
              3       5.4390224       1.1472563        1.320261   -0.0032888918              -0               -0       10.878045              10.878045
             10       5.3713169       1.2442802        1.261187    0.0087467098              -0               -0       10.742634              10.742634
              1       6.1554974       1.1425182       1.3707212    -0.050528869              -0               -0       12.310995              12.310995
              2       6.2260635       1.1434708       1.3829249    -0.057000406              -0               -0       12.452127              12.452127
              5       6.2178361        1.158611       1.3664311    -0.053822186              -0               -0       12.435672              12.435672
              5       6.3029958       1.0435305       1.4156929    -0.014529833              -0               -0       12.605992              12.605992
              8        6.967052       1.0365278       1.4472815    -0.048916772              -0               -0       13.934104              13.934104
              1       5.8351324       1.0702559        1.382428    0.0025282366              -0               -0       11.670265              11.670265
              1       5.9588923        1.212321       1.4145647    -0.017545852              -0               -0       11.917785              11.917785
              1       5.9031339       1.1915311        1.445691    -0.019423435              -0               -0       11.806268              11.806268
              5       5.2789033       1.2238834        1.295337     0.062094438              -0               -0       10.557807              10.557807
              5       4.6703246       1.0919745       1.4043442     0.050119158              -0               -0       9.3406492              9.3406492
              6       4.0581227       1.0667762       1.5369846    -0.022378779              -0               -0       8.1162454              8.1162454
              8       5.5756235       1.1194429        1.509425     0.020412882              -0               -0       11.151247              11.151247
              3       5.5871546       1.1141502       1.5138625     0.022225081              -0               -0       11.174309              11.174309
              4       5.0412276       1.1882963       1.4149878   -0.0057160239              -0               -0       10.082455              10.082455
              2       6.0350176       1.1430274        1.519577    -0.039948543              -0               -0       12.070035              12.070035
              1       5.6529796        1.076389       1.5767207    -0.068516895              -0               -0       11.305959              11.305959
              2       5.7364951       1.1206501       1.5059089     -0.06648426              -0               -0        11.47299               11.47299
              1       5.9036304       1.1754243       1.4582285      -0.0455579              -0               -0       11.807261              11.807261
              4       5.5370991       1.0825479       1.5862733    -0.030719743              -0               -0       11.074198              11.074198
              7       6.1659962       1.2301836       1.3882086    -0.025480938              -0               -0       12.331992              12.331992
              1       7.4803492        1.148055       1.4243425    -0.087408295              -0               -0       14.960698              14.960698
              4       6.0385707      0.92074529        1.660704    -0.055809538              -0               -0       12.077141              12.077141
              1       5.3194407      0.99565682       1.6374271    -0.071439663              -0               -0       10.638881              10.638881
              1       5.4452445       1.0931391       1.5110613     0.038897022              -0               -0       10.890489              10.890489
              3       5.0482146       1.1499896       1.3514407     0.068834709              -0               -0       10.096429              10.096429
              2       4.3673404       1.1719438       1.3880544   -0.0016763537              -0               -0       8.7346808              8.7346808
              1       4.1669274        1.137412       1.4001504   -0.0053481534              -0               -0       8.3338547              8.3338547
              3       4.2971983       1.0558215       1.5458614     -0.04126252              -0               -0       8.5943965              8.5943965
              1       3.8858843       1.0716153        1.474981   0.00092920878              -0               -0       7.7717685              7.7717685
              3       3.8822989       1.0589479       1.4933028   0.00073089481              -0               -0       7.7645977              7.7645977
              6       4.3668636       1.0777917       1.4220033     0.022401891              -0               -0       8.7337272              8.7337272
              3       4.4628029      0.98220759       1.6337784    -0.039795665              -0               -0       8.9256058              8.9256058
              2       4.7044142       0.9643261       1.6735409    -0.035879405              -0               -0       9.4088284              9.4088284
              3       4.9412634      0.97788541       1.6789094    -0.031661057              -0               -0       9.8825268              9.8825268
              1       4.9725536      0.97517897       1.6828268    -0.032629839              -0               -0       9.9451072              9.9451072
              1       9.9617894       1.0173131       1.7533922    -0.055096098              -0               -0       19.923579              19.923579
              3       7.5327734         1.05997       1.6523707    -0.023173209              -0               -0       15.065547              15.065547
              1       6.0952066      0.94365287       1.6233303     0.039457545              -0               -0       12.190413              12.190413
              1       4.9993572       1.0521252       1.4270446     0.011971485              -0               -0       9.9987143              9.9987143
              4       6.8117521       1.2108272       1.2000641     0.092030623              -0               -0       13.623504              13.623504
              3       7.4601914       1.1519828       1.2294539      0.07736732              -0               -0       14.920383              14.920383
              3       7.1370002       1.1055268       1.2897235     0.042887807              -0               -0          14.274                 14.274
              1       5.2842954       1.1426093       1.3090989     0.027373035              -0               -0       10.568591              10.568591
              3       5.4457565       1.0218559       1.4923592     0.058791035              -0               -0       10.891513              10.891513
              1       4.3774412       1.0802523        1.480627     0.034950512              -0               -0       8.7548823              8.7548823
             10       4.4205777       1.0590805       1.4727583    -0.022978364              -0               -0       8.8411553              8.8411553
              4        5.667155       1.2029362        1.412523     0.010429983              -0               -0        11.33431               11.33431
              2       4.9282427       1.1623207         1.45186   -0.0080097334              -0               -0       9.8564853              9.8564853
              1       7.0050499       1.2009595       1.4629868     -0.01724225              -0               -0         14.0101                14.0101
              3       7.0699161       1.1847157       1.4888246     -0.02668763              -0               -0       14.139832              14.139832
              5       6.9680058        1.184014       1.4871417    -0.024636881              -0               -0       13.936012              13.936012
              1       6.2484329       1.2085732       1.4212867     0.012012729              -0               -0       12.496866              12.496866
              1       4.1478585       1.1239153       1.4242087     -0.01403904              -0               -0       8.2957169              8.2957169
              2       4.2300654       1.1334649       1.4113021    -0.014003153              -0               -0       8.4601309              8.4601309
              2       6.0700358       1.1235404       1.4488156    -0.070357917              -0               -0       12.140072              12.140072
              4       5.0548652       1.1034935       1.4388026    -0.045127093              -0               -0        10.10973               10.10973
              4       4.3456722       1.1433891       1.4382485    -0.018711665              -0               -0       8.6913443              8.6913443
              2        4.465346       1.1392081       1.4428291    -0.027809635              -0               -0       8.9306919              8.9306919
              5       5.6411828       1.1544194       1.3992813     0.069376442              -0               -0       11.282366              11.282366
              3       4.2087469       1.0090484       1.5770192    0.0047329805              -0               -0       8.4174939              8.4174939
              3       4.2187379       1.0070552       1.5770547    0.0051861541              -0               -0       8.4374759              8.4374759
              3       3.9891289       1.0910953       1.4864347    -0.019726395              -0               -0       7.9782578              7.9782578
              1       3.9898086       1.0911536       1.4864556    -0.019757172              -0               -0       7.9796171              7.9796171
              2       5.0397963       1.0252848       1.6039056      0.01000132              -0               -0       10.079593              10.079593
              4       5.0556628       1.0458959       1.5669487     0.023581202              -0               -0       10.111326              10.111326
              2       5.0904848       1.2056575       1.2707797     0.026361778              -0               -0        10.18097               10.18097
              2        5.456707       1.2165282        1.240955     0.038488125              -0               -0       10.913414              10.913414
              3       5.3089933       1.1813528       1.3268596      0.07411154              -0               -0       10.617987              10.617987
              1        5.466725       1.1331599       1.5025393    -0.051324779              -0               -0        10.93345               10.93345
              1       4.4883329       1.0840632       1.5144019    -0.044547409              -0               -0       8.9766659              8.9766659
              6       6.0026356      0.95391386       1.7292123    -0.022930466              -0               -0       12.005271              12.005271
              1       5.4187974      0.90586511       1.7138585    -0.023369234              -0               -0       10.837595              10.837595
              8       4.0538629       1.0341481       1.5354195    -0.023885017              -0               -0       8.1077257              8.1077257
              3       5.1932864      0.93661926       1.7185135    -0.044495957              -0               -0       10.386573              10.386573
              1       6.2010885      0.96502349       1.6997293    0.0012252847              -0               -0       12.402177              12.402177
              3       6.8809763       1.1736617       1.2493148      0.10529154              -0               -0       13.761953              13.761953
              1       7.5938945        1.343239       1.1173674      0.10354521              -0               -0       15.187789              15.187789
              2       5.1634545       1.2472089       1.2768621     0.036880243              -0               -0       10.326909              10.326909
              2       5.4594833       1.1220715       1.3244001      0.05769885              -0               -0       10.918967              10.918967
              2       5.0335678       1.0519663       1.4259074     0.038704672              -0               -0       10.067136              10.067136
              2       5.0312721       1.0521074       1.4256802     0.038438868              -0               -0       10.062544              10.062544
              2       6.4022861      0.87002853       1.7906408    -0.055660288              -0               -0       12.804572              12.804572
              2       6.5197012       1.1504752       1.2865516     0.099472706              -0               -0       13.039402              13.039402
              1        6.021207       1.1314991        1.308139     0.082170708              -0               -0       12.042414              12.042414
              4       7.2378256       1.2091958       1.1846701     0.091723811              -0               -0       14.475651              14.475651
              2       6.6930178       1.2921191       1.1578637     0.088373096              -0               -0       13.386036              13.386036
              1       5.1413177       1.1884453       1.4001918    -0.029464142              -0               -0       10.282635              10.282635
              8       5.4341753       1.2081332       1.3791271    -0.029245835              -0               -0       10.868351              10.868351
              2        4.612161       1.1034937        1.509734    -0.041191006              -0               -0       9.2243219              9.2243219
              5       4.4119338       1.0253978       1.5839179    -0.046348108              -0               -0       8.8238676              8.8238676
             10       4.2247182       1.0178911       1.5572011    -0.031692705              -0               -0       8.4494364              8.4494364
              9       4.3719848       1.0448966       1.5379641     -0.04274558              -0               -0       8.7439697              8.7439697
              1       4.1592251       1.0098808       1.5777018    -0.029606749              -0               -0       8.3184502              8.3184502
              3       6.3843035      0.96342674       1.7413255     -0.07428142              -0               -0       12.768607              12.768607
              4       4.9622175       1.0502482       1.5909079     -0.05776608              -0               -0        9.924435               9.924435
              6       6.1994383        1.166163       1.4850682    -0.048204389              -0               -0       12.398877              12.398877
              6       4.7261602          1.1396       1.4527119     0.024032333              -0               -0       9.4523205              9.4523205
              2       5.1988832        1.128321       1.4880124      0.02045953              -0               -0       10.397766              10.397766
              6       5.4299972       1.1890578       1.4311284   -0.0054403486              -0               -0       10.859994              10.859994
              1       5.0404914       1.1827747       1.4192018    0.0090256771              -0               -0       10.080983              10.080983
              2       4.4720964       1.0562918       1.5784759    -0.027489811              -0               -0       8.9441928              8.9441928
              1       4.6327959       1.0411471       1.6011234    -0.020492537              -0               -0       9.2655917              9.2655917
              5       5.7745672       1.0941734       1.5735449    -0.017470941              -0               -0       11.549134              11.549134
              4       4.3034265        1.078727        1.432959     0.033449413              -0               -0       8.6068529              8.6068529
              3       4.2865775       1.0781329       1.4346588     0.032714524              -0               -0        8.573155               8.573155
              1       4.1833769       1.0396011       1.4883662    0.0030343915              -0               -0       8.3667539              8.3667539
              4       5.2377153       1.0690822       1.3998783     0.052616577              -0               -0       10.475431              10.475431
              2        4.346905       1.0373026       1.5196155    -0.032325472              -0               -0         8.69381                8.69381
              1       4.0374977        1.075799       1.4875602    -0.023063067              -0               -0       8.0749954              8.0749954
              3       4.1207874        1.077186       1.4898927    -0.028143905              -0               -0       8.2415748              8.2415748
              1       4.2658995       1.0651512        1.473056    -0.021376373              -0               -0        8.531799               8.531799
              4       6.3189918      0.99342051       1.5812994    -0.078124143              -0               -0       12.637984              12.637984
              6       5.1073721       1.0771233        1.505434    -0.060216272              -0               -0       10.214744              10.214744
              1       4.2576853        1.162997       1.3986447    0.0055635465              -0               -0       8.5153705              8.5153705
             17       5.0523169       1.0986537       1.5456596    -0.013479885              -0               -0       10.104634              10.104634
              6       5.5617193       1.1638215       1.4364601     0.038065049              -0               -0       11.123439              11.123439
             14       6.2984741       1.1725042       1.4553365     0.029508574              -0               -0       12.596948              12.596948
              1       5.6308392       1.0432272       1.5898525     0.021638155              -0               -0       11.261678              11.261678
              3       7.3354746       1.2525841        1.278818    -0.050687179              -0               -0       14.670949              14.670949
              1       7.4612316       1.2780961       1.2329057    -0.037631161              -0               -0       14.922463              14.922463
              4       4.6393584         1.08518       1.3984877      0.03202774              -0               -0       9.2787169              9.2787169
              3       4.8318521       1.0813071       1.3933872     0.027301141              -0               -0       9.6637043              9.6637043
              1       6.1043603       1.1049915       1.3184043     0.042996727              -0               -0       12.208721              12.208721
              4       7.0162631       1.2481048       1.3074901     0.086330191              -0               -0       14.032526              14.032526
              1       5.8523186       1.1766418       1.3199634     0.090080553              -0               -0       11.704637              11.704637
              1       5.7298622       1.2565998        1.207654     0.045708399              -0               -0       11.459724              11.459724
              1         3.85887       1.0722747       1.4910144   -0.0087125899              -0               -0       7.7177399              7.7177399
              4       3.9006016       1.0808723           1.493    -0.014476439              -0               -0       7.8012031              7.8012031
              2         4.88804       1.1699792       1.4039688     0.036673835              -0               -0         9.77608                9.77608
              2       5.2896143       1.2267119       1.3464358    -0.012051478              -0               -0       10.579229              10.579229
              3       6.0228196       1.0140091       1.6646702    -0.078408385              -0               -0       12.045639              12.045639
              1       6.1578771        1.303225       1.2428616     0.018331886              -0               -0       12.315754              12.315754
              2       7.2956103       1.2691764       1.1510726     0.021697496              -0               -0       14.591221              14.591221
              1       7.4851733       1.2878249       1.1688455   -0.0077307879              -0               -0       14.970347              14.970347
              3       6.6789619       1.3252533       1.2248861     0.044907936              -0               -0       13.357924              13.357924
             10       5.7291281       1.2556555       1.3273532       0.0114331              -0               -0       11.458256              11.458256
              4       5.0230952       1.1650049       1.4509294    -0.021356303              -0               -0        10.04619               10.04619
              2       4.4021002       1.1229245       1.4437046     -0.03050463              -0               -0       8.8042003              8.8042003
              5       5.0574556       1.2103027       1.3050326   -0.0043712875              -0               -0       10.114911              10.114911
              6       5.5779471       1.2451182       1.2784645   -0.0084680369              -0               -0       11.155894              11.155894
              1       6.0562357       1.2170202       1.3649009    -0.044471178              -0               -0       12.112471              12.112471
              3       4.5982868       1.1087896       1.4969533    -0.041109022              -0               -0       9.1965736              9.1965736
              1        4.735237       1.1326562       1.3962032     0.056431911              -0               -0       9.4704739              9.4704739
              2       6.1333895       1.2429195        1.227762     0.090544011              -0               -0       12.266779              12.266779
              4       6.6237486       1.2311682       1.2308318      0.10637209              -0               -0       13.247497              13.247497
              5       7.3038294        1.252178       1.2047983      0.12045296              -0               -0       14.607659              14.607659
              4       5.6135309       1.1673648       1.3210594     0.084933769              -0               -0       11.227062              11.227062
              1       6.8276271       1.1329617       1.3241095      0.10956935              -0               -0       13.655254              13.655254
              2       6.8704568        1.145918        1.292058      0.10852541              -0               -0       13.740914              13.740914
              1       7.1403273       1.2749561       1.2811464     0.083446528              -0               -0       14.280655              14.280655
              4       6.3293996       1.0536122        1.643623    -0.059468807              -0               -0       12.658799              12.658799
              7       6.4910969       1.0062576        1.685439    -0.084893936              -0               -0       12.982194              12.982194
              1        5.375793        1.159582       1.3816461    -0.042202703              -0               -0       10.751586              10.751586
              4       4.8891907       1.1460382       1.3848449    -0.029326783              -0               -0       9.7783814              9.7783814
              4       6.3177295       1.1583928       1.3647369    -0.054928069              -0               -0       12.635459              12.635459
              4       6.8671371       1.1597866       1.3874309    -0.071202366              -0               -0       13.734274              13.734274
              1       8.2074108       1.0427596       1.6764081    -0.014654721              -0               -0       16.414822              16.414822
              5       8.0989656       1.1607928       1.4376642     0.083653476              -0               -0       16.197931              16.197931
              3       6.7678225       1.1644044       1.4230922     0.071056906              -0               -0       13.535645              13.535645
              3        6.777199       1.1807187       1.3989936     0.075058586              -0               -0       13.554398              13.554398
              2       5.5456041        1.274734       1.2435748     0.035009072              -0               -0       11.091208              11.091208
              2       6.1211958       1.2460211       1.2388052     0.089958539              -0               -0       12.242392              12.242392
              1       4.9633089       1.0586926       1.5268216     0.038228404              -0               -0       9.9266179              9.9266179
              2       6.9690147       1.1658451       1.4055338     0.083629398              -0               -0       13.938029              13.938029
              1       7.1757667       1.1580775       1.4073022     0.090008782              -0               -0       14.351533              14.351533
              2       8.9465125       1.0023426       1.7050139     0.010651858              -0               -0       17.893025              17.893025
              2        7.008248       1.1043299       1.5962104    -0.055444473              -0               -0       14.016496              14.016496
              5       6.6726239       1.0971384       1.5982236    -0.051794929              -0               -0       13.345248              13.345248
              3       5.1357158       1.1280459       1.5095286    -0.035889905              -0               -0       10.271432              10.271432
              2       5.3370426       1.1100137       1.5390765    -0.046725175              -0               -0       10.674085              10.674085
              1       4.2499236       1.0395925       1.5299424    -0.034260569              -0               -0       8.4998472              8.4998472
              5       3.9870708       1.0794954       1.4789797    -0.018063693              -0               -0       7.9741416              7.9741416
              6       3.9275363       1.0441307       1.5095582   0.00046925922              -0               -0       7.8550727              7.8550727
              2       4.6233124        1.052004       1.4749626    -0.026173631              -0               -0       9.2466248              9.2466248
              2       4.6150963       1.1302555       1.4263459    -0.033715944              -0               -0       9.2301925              9.2301925
              7       5.1466288        1.129546       1.3252353     0.038259819              -0               -0       10.293258              10.293258
              7        5.093025       1.2288605       1.3096183   -0.0017782888              -0               -0        10.18605               10.18605
              3        5.109935       1.2382899       1.3109064    0.0090089946              -0               -0        10.21987               10.21987
              5       4.7103685       1.1119454       1.4995659    -0.042797988              -0               -0        9.420737               9.420737
              3       4.8273069       1.1007364       1.5087193    -0.050768888              -0               -0       9.6546138              9.6546138
              1       5.2809809       1.1234285       1.4457554    -0.054883147              -0               -0       10.561962              10.561962
              4       4.4150008       1.1083073       1.3886589    0.0093519228              -0               -0       8.8300015              8.8300015
              3       5.5063386      0.98984794       1.5001517     0.009908173              -0               -0       11.012677              11.012677
              1       4.7738236       1.0751412        1.403919      0.02986552              -0               -0       9.5476471              9.5476471
              3       4.8384121       1.0738631        1.403069     0.033499034              -0               -0       9.6768241              9.6768241
              1       4.5460903       1.0810916       1.4380208    -0.020033908              -0               -0       9.0921805              9.0921805
              3       6.1703635      0.99126122        1.516786    -0.040258597              -0               -0       12.340727              12.340727
              4       5.0546602       1.1802987       1.3068231    0.0015455377              -0               -0        10.10932               10.10932
              3       5.4376429       1.1948807       1.2566863     0.035237325              -0               -0       10.875286              10.875286
              3       4.6353785       1.1833498       1.3128459     0.038721801              -0               -0        9.270757               9.270757
              1       7.0474661       1.2062989       1.1918355     0.087506996              -0               -0       14.094932              14.094932
              8       7.4133889       1.1747341       1.2084355     0.047681524              -0               -0       14.826778              14.826778
              2       6.2692892       1.1770882        1.244322     0.028985529              -0               -0       12.538578              12.538578
              2       6.2598592       1.1718446       1.2953951      0.10057515              -0               -0       12.519718              12.519718
              1       5.7534892       1.2516261       1.3326429     0.021503562              -0               -0       11.506978              11.506978
              2       4.7739176       1.1707067       1.4254354    -0.018707361              -0               -0       9.5478352              9.5478352
              2       5.1749777       1.1294477       1.4391189    -0.051233915              -0               -0       10.349955              10.349955
              3       5.5364325      0.98429232       1.5113793   0.00010144226              -0               -0       11.072865              11.072865
              1       3.9898865       1.0805413       1.4769833    -0.017765836              -0               -0        7.979773               7.979773
             16       3.9396671       1.0719838       1.4926636    -0.017614697              -0               -0       7.8793342              7.8793342
              2         4.04043       1.0729421       1.4582827   -0.0025462655              -0               -0         8.08086                8.08086
              2        5.226892      0.95709996       1.7091824    -0.036716547              -0               -0       10.453784              10.453784
              2       5.1292265        1.044904       1.4632364     0.057067361              -0               -0       10.258453              10.258453
              2       4.7546177       1.0996444       1.3751276     0.030459897              -0               -0       9.5092355              9.5092355
              2       4.7897062       1.0684287       1.4291375   -0.0096132234              -0               -0       9.5794124              9.5794124
              3       4.3474083      0.99420884       1.5563384   -0.0037166547              -0               -0       8.6948166              8.6948166
              2       5.0032506       1.1285971       1.4805593     0.021043753              -0               -0       10.006501              10.006501
              3       4.9903026       1.1292525        1.479965     0.020434794              -0               -0       9.9806053              9.9806053
              5       5.4513382       1.0836317       1.5206595      0.03897459              -0               -0       10.902676              10.902676
              2       5.1164295       1.0818182       1.5015256     0.044168464              -0               -0       10.232859              10.232859
              1       4.8675631       1.0909653       1.4573834     0.053696985              -0               -0       9.7351263              9.7351263
              1       4.5964711       1.0778858       1.4743245     0.044275241              -0               -0       9.1929423              9.1929423
              3       4.3246479       1.1407064       1.4053952     0.035749089              -0               -0       8.6492958              8.6492958
              1       4.3087085        1.143837        1.401869     0.034449936              -0               -0        8.617417               8.617417
              4       4.2263049       1.1454747       1.4080343      0.02595729              -0               -0       8.4526098              8.4526098
              3       4.1210017       1.1169818       1.4521525     0.018731351              -0               -0       8.2420033              8.2420033
              1       4.2549077       1.1581563       1.3656695    0.0091796134              -0               -0       8.5098154              8.5098154
              5       6.0180347       1.1548949       1.4683904    -0.062862988              -0               -0       12.036069              12.036069
              6       5.3656503       1.0383129       1.6030855    -0.070967615              -0               -0       10.731301              10.731301
              3       7.0385643       1.0438896       1.5177535    -0.087451528              -0               -0       14.077129              14.077129
              4       7.3066132       1.0705707        1.499747    -0.092924641              -0               -0       14.613226              14.613226
              1       6.2100019       1.0914242       1.4708012    -0.074132549              -0               -0       12.420004              12.420004
              2       6.3607002       1.0711735        1.529285    -0.085724889              -0               -0         12.7214                12.7214
              1       6.2289669       1.0700256       1.5299622    -0.083739787              -0               -0       12.457934              12.457934
              2       5.2502103       1.1841886       1.3503919     -0.02982949              -0               -0       10.500421              10.500421
              3       5.4188831       1.0218663       1.4555084     0.040200583              -0               -0       10.837766              10.837766
              2       5.4493065       1.0463122       1.4210708      0.04962377              -0               -0       10.898613              10.898613
              2       5.8363862       1.1078192       1.3235467     0.045184501              -0               -0       11.672772              11.672772
              1       6.0074685       1.1631386       1.2595523     0.048855359              -0               -0       12.014937              12.014937
              1       6.2809557       1.1528689       1.2668193     0.027785256              -0               -0       12.561911              12.561911
              3       5.8448952       1.1479246       1.2878664     0.021079251              -0               -0        11.68979               11.68979
              1       5.4747881       1.1719204       1.2742515     0.031627874              -0               -0       10.949576              10.949576
              1       3.9697858       1.0953917       1.4738291    -0.016747136              -0               -0       7.9395716              7.9395716
              3       4.8992811       1.1840876       1.3878656    -0.024772547              -0               -0       9.7985622              9.7985622
             26       3.9539626        1.114221       1.4362629     0.014844439              -0               -0       7.9079252              7.9079252
              2       3.9545301       1.1143276       1.4361559     0.014877902              -0               -0       7.9090602              7.9090602
              2       4.0690572       1.1098705       1.4275883     0.027563657              -0               -0       8.1381145              8.1381145
              2       5.8707132      0.94728949        1.659963     0.024578598              -0               -0       11.741426              11.741426
              8       4.4842555       1.0110774       1.5417047     0.025210939              -0               -0       8.9685111              8.9685111
              5       4.1874224       1.0307139       1.5405544     0.016447106              -0               -0       8.3748449              8.3748449
              1       4.3136514      0.99600653       1.6064305    -0.036513976              -0               -0       8.6273029              8.6273029
             20       4.3525803       1.0837772       1.5279285    -0.035841591              -0               -0       8.7051606              8.7051606
              4       4.5893876       1.1353669       1.4023955    -0.025442401              -0               -0       9.1787752              9.1787752
              2       4.9752803      0.98857577       1.5850516    -0.050048724              -0               -0       9.9505606              9.9505606
              1       4.9670042       1.0631382        1.549692     -0.06121499              -0               -0       9.9340084              9.9340084
              1       4.6000509       1.0906434       1.5013743    -0.046925849              -0               -0       9.2001017              9.2001017
              7       4.1686062       1.1488063       1.3805923     0.025027739              -0               -0       8.3372124              8.3372124
              1       4.0610534       1.0567085        1.492686     0.021082863              -0               -0       8.1221068              8.1221068
             13       3.9839265       1.0280691       1.5537218    -0.020461509              -0               -0        7.967853               7.967853
             12       4.9394971      0.93223519       1.6875006    -0.029781839              -0               -0       9.8789942              9.8789942
              7       4.4821146      0.98385128       1.5661229   -0.0028542783              -0               -0       8.9642293              8.9642293
              8       4.9106816       1.0707075       1.4098881     0.006119959              -0               -0       9.8213631              9.8213631
              4       4.9635577       1.0714288       1.4108926   0.00012550421              -0               -0       9.9271154              9.9271154
              2       5.2256153       1.1324221       1.3522547    -0.013609859              -0               -0       10.451231              10.451231
              1       4.8865652         1.14703       1.3667598    -0.020618137              -0               -0       9.7731304              9.7731304
              5       3.9673465       1.0948464       1.4387905     0.017520612              -0               -0       7.9346929              7.9346929
              4       4.3214777        1.108482       1.4429246     0.036954997              -0               -0       8.6429554              8.6429554
              3       4.1923445       1.1374933       1.3763876     0.016029152              -0               -0       8.3846891              8.3846891
              1       4.9238676       1.1621889        1.322135    0.0041617106              -0               -0       9.8477352              9.8477352
              2       4.8658605       1.1163517         1.37149   -0.0050480808              -0               -0       9.7317211              9.7317211
              2       4.5254108       1.1363907       1.3924919    -0.018887388              -0               -0       9.0508215              9.0508215
              1       4.0637405       1.1367302       1.3965412    0.0093501708              -0               -0       8.1274811              8.1274811
              3       4.0479052       1.1071324       1.4147927     0.011231085              -0               -0       8.0958104              8.0958104
              2       5.0189992       1.1712259       1.3042996     0.060104722              -0               -0       10.037998              10.037998
              2       6.1820827       1.0185604       1.4557398      0.06842104              -0               -0       12.364165              12.364165
              1       6.5568678      0.92825342       1.7167355     0.013277249              -0               -0       13.113736              13.113736
              7       6.6414294      0.97141623       1.7438354    -0.048437337              -0               -0       13.282859              13.282859
              2        6.679975      0.85494269       1.8007675    -0.035553525              -0               -0        13.35995               13.35995
              2       6.3191626       0.8774045       1.7301763   -0.0053643383              -0               -0       12.638325              12.638325
             15       3.8888273       1.0724562       1.5047398    0.0012730458              -0               -0       7.7776546              7.7776546
             12       3.8874764       1.0708092       1.5116369   -0.0049077707              -0               -0       7.7749528              7.7749528
              2       4.1370134       1.1174679       1.4161929     0.031598903              -0               -0       8.2740268              8.2740268
              2       5.2051932       1.2185212       1.2916124     0.062677353              -0               -0       10.410386              10.410386
              1       4.8610662       1.2044021       1.3209426     0.049124886              -0               -0       9.7221324              9.7221324
              1       4.6328929       1.1652808       1.3598977     0.050349998              -0               -0       9.2657859              9.2657859
              2       6.9382953       1.1522724       1.4497608     0.064936926              -0               -0       13.876591              13.876591
              4       6.3940449       1.1171175       1.4938986     0.051304854              -0               -0        12.78809               12.78809
              1       5.9820681       1.2450128       1.3387694     0.039953151              -0               -0       11.964136              11.964136
              1       7.4754161       1.2668537       1.1812015      0.12213939              -0               -0       14.950832              14.950832
              3       6.7660679       1.1972539       1.2669417      0.11198927              -0               -0       13.532136              13.532136
             12       5.4026943      0.90579465       1.7142456    -0.030577209              -0               -0       10.805389              10.805389
              1       5.2577651       0.9701602       1.5450044     0.010014946              -0               -0        10.51553               10.51553
              3       4.2560808       1.0691904       1.4487711   -0.0038883835              -0               -0       8.5121615              8.5121615
              2       4.2472865        1.092631       1.4874885     -0.03350344              -0               -0       8.4945731              8.4945731
              1       4.2378966        1.092617       1.4856954     -0.03295347              -0               -0       8.4757932              8.4757932
              3       4.7151447      0.94791954       1.6700306    -0.029078061              -0               -0       9.4302893              9.4302893
              6       4.8199152      0.94521636       1.6815435    -0.037431857              -0               -0       9.6398305              9.6398305
              3       4.5373448      0.97621027       1.6536417    -0.035776486              -0               -0       9.0746896              9.0746896
              7        4.441862        1.002693        1.531344     0.001756904              -0               -0        8.883724               8.883724
             10       4.5810177      0.99485816       1.5497868     0.019862016              -0               -0       9.1620354              9.1620354
              4       4.6814729       0.9969853       1.5763358     0.023589303              -0               -0       9.3629458              9.3629458
              6       4.7475971       1.0161554       1.5150885     0.036736538              -0               -0       9.4951942              9.4951942
              2       4.7441591       1.0707402       1.4812989     0.047558177              -0               -0       9.4883182              9.4883182
              8       5.4685104      0.94041203       1.6033691    -0.020878977              -0               -0       10.937021              10.937021
              5       4.9035063       1.1788825       1.2943151     0.033967266              -0               -0       9.8070126              9.8070126
             10       4.6037582       1.2037701       1.3340487     0.013681152              -0               -0       9.2075163              9.2075163
              4       4.9946293       1.0186126       1.6251246   -0.0045783544              -0               -0       9.9892586              9.9892586
              1       4.1866184        1.105854       1.4803094     0.012341334              -0               -0       8.3732367              8.3732367
              4       4.1315909       1.1042885       1.4858616    0.0051663379              -0               -0       8.2631819              8.2631819
              4       3.9427966       1.0377672       1.5188541   -0.0011418774              -0               -0       7.8855933              7.8855933
              2        5.097274       1.0728928       1.5657413    -0.058635353              -0               -0       10.194548              10.194548
              1       5.4582946       1.2218777       1.3712827     0.017747334              -0               -0       10.916589              10.916589
              4       5.4874417         1.22844       1.3626802     0.016149342              -0               -0       10.974883              10.974883
              1       4.8257841       1.2188598       1.3237071     0.028943433              -0               -0       9.6515682              9.6515682
              2       5.8566856       1.0103877       1.4800297     0.060892634              -0               -0       11.713371              11.713371
              1       5.7906361       1.0024374       1.4972228     0.057842946              -0               -0       11.581272              11.581272
              1       4.9771292       1.0828828       1.3987047     0.054761182              -0               -0       9.9542585              9.9542585
              4       9.1968326       1.2004847       1.3053947      0.14307771              -0               -0       18.393665              18.393665
              1        6.989256       1.1938783       1.2868253     -0.04103713              -0               -0       13.978512              13.978512
              1       5.7015739       1.0866945       1.3661004    0.0041976898              -0               -0       11.403148              11.403148
              1         5.00175       1.1325701       1.3293605     0.029554013              -0               -0         10.0035                10.0035
              5       4.1958699       1.0009027       1.6065962    -0.027831456              -0               -0       8.3917398              8.3917398
              8       4.9744333       1.0561918       1.5617385     0.018459477              -0               -0       9.9488666              9.9488666
              3       4.8621395       1.2001582       1.3208861   -0.0039747959              -0               -0       9.7242789              9.7242789
              2       4.8819911       1.1906444       1.2901018     0.045002495              -0               -0       9.7639821              9.7639821
              2       5.0689299       1.2074115       1.2696051     0.048801888              -0               -0        10.13786               10.13786
              2       5.1294173       1.2032292       1.2693686     0.053565833              -0               -0       10.258835              10.258835
              4       5.1756496        1.101627       1.3874877     0.068788527              -0               -0       10.351299              10.351299
              2       5.1308899       1.1028022       1.3554468     0.029996365              -0               -0        10.26178               10.26178
              1       4.9542446       1.0872034       1.3842834     0.015257622              -0               -0       9.9084892              9.9084892
              6       4.7591935       1.1663435       1.3216648     0.010925017              -0               -0       9.5183871              9.5183871
              4       6.5154247       1.0691637        1.395621    -0.029934918              -0               -0       13.030849              13.030849
              2        6.544511       1.1475104       1.3017498    -0.018237406              -0               -0       13.089022              13.089022
              5       5.7969333       1.0718455       1.3812437    0.0031182426              -0               -0       11.593867              11.593867
              1       6.0857986       1.1135507       1.3157477     0.020752487              -0               -0       12.171597              12.171597
              6       5.8638762       1.1002334        1.333095     0.031442612              -0               -0       11.727752              11.727752
              1        4.493082       1.0796031       1.4241085   -0.0036088734              -0               -0        8.986164               8.986164
              2       6.3301184       1.2943618       1.1774073     0.026423905              -0               -0       12.660237              12.660237
              1       7.0043468       1.2624971       1.3167082     -0.04589614              -0               -0       14.008694              14.008694
              2       5.6305551        1.169842       1.4353051    -0.051132054              -0               -0        11.26111               11.26111
              2       6.0951585        1.183664       1.4342941     -0.05465536              -0               -0       12.190317              12.190317
              5       6.0156571       1.1812656       1.4362018     -0.05375397              -0               -0       12.031314              12.031314
              3        5.799277       1.0796276       1.5933149    -0.057881404              -0               -0       11.598554              11.598554
              5       5.5962809      0.99617008       1.6450604     0.011029713              -0               -0       11.192562              11.192562
              5       7.6122426       1.0376246       1.6750896    -0.018023771              -0               -0       15.224485              15.224485
              1       6.9879535       1.0262661       1.6213647      0.03314099              -0               -0       13.975907              13.975907
              2       5.3857384       1.2081735       1.3427547     0.057451737              -0               -0       10.771477              10.771477
              3       4.0570061       1.0167207       1.5830854    -0.021049534              -0               -0       8.1140123              8.1140123
              2       3.9470654       1.0441116       1.5487695   -0.0097758908              -0               -0       7.8941309              7.8941309
              7       3.9394867       1.0750036       1.4736123   -0.0095387484              -0               -0       7.8789734              7.8789734
              8       4.7504071       1.1736568       1.3144245     0.049444773              -0               -0       9.5008141              9.5008141
              1       4.5122669        1.172339       1.3402728     0.042515086              -0               -0       9.0245337              9.0245337
              3       5.0984358       1.1705015       1.4069433     -0.03810542              -0               -0       10.196872              10.196872
              3       4.8144247       1.0056552       1.5558131    -0.044045415              -0               -0       9.6288495              9.6288495
              3       4.8118192       1.2045332       1.3517236     0.031377983              -0               -0       9.6236384              9.6236384
              4       4.8072735       1.1204439       1.4304325    -0.039664619              -0               -0       9.6145471              9.6145471
              1       5.0225958      0.99629883       1.6094435      0.02006654              -0               -0       10.045192              10.045192
              3       5.4748362      0.92191217       1.6688915    0.0060377276              -0               -0       10.949672              10.949672
              6       6.8194376       0.8929514       1.6805171     0.026641783              -0               -0       13.638875              13.638875
              6       7.0143743       1.0798282       1.3640852      0.10113957              -0               -0       14.028749              14.028749
              7        6.898433       1.0620198       1.3576469     0.074795091              -0               -0       13.796866              13.796866
              2       6.1952036       0.8711932       1.7542757    -0.034193193              -0               -0       12.390407              12.390407
              3       4.8763362      0.96734459       1.6827763    -0.030416652              -0               -0       9.7526723              9.7526723
              1       4.9368745       1.0016719        1.655212    -0.051249146              -0               -0       9.8737489              9.8737489
              4       4.7417347      0.97192682       1.5819134     0.012639211              -0               -0       9.4834693              9.4834693
              9       4.2065343       1.0133365       1.5347423    0.0084188273              -0               -0       8.4130687              8.4130687
              1        5.752888       1.1315741       1.3007044     0.038839175              -0               -0       11.505776              11.505776
              2       5.6369553       1.1331754       1.3152864     0.010019197              -0               -0       11.273911              11.273911
              2       5.5549245       1.1040844       1.3448756     0.014710164              -0               -0       11.109849              11.109849
             11       4.8793986       1.0775012       1.3959829     0.028468839              -0               -0       9.7587973              9.7587973
              1        5.079338       1.1294789       1.3367873     0.012153251              -0               -0       10.158676              10.158676
              1       5.5005754       1.1472392       1.3289589    -0.013112551              -0               -0       11.001151              11.001151
              4       5.2741644       1.2478719         1.28562    0.0064822655              -0               -0       10.548329              10.548329
              3       4.3994323       1.0591565       1.4803539    -0.027076523              -0               -0       8.7988646              8.7988646
              2       4.1961892       1.1065318       1.4047885      0.02931237              -0               -0       8.3923785              8.3923785
              2       4.1582378       1.1048433        1.416254     0.031717986              -0               -0       8.3164756              8.3164756
              2       4.5606827       1.0366525       1.4810763     0.034721528              -0               -0       9.1213653              9.1213653
              1       5.1073626      0.99955026       1.5180901    -0.020678195              -0               -0       10.214725              10.214725
              2       6.5376462       1.1757211       1.3351155     -0.05072844              -0               -0       13.075292              13.075292
              1       6.7697328       1.1651878        1.349084    -0.058022577              -0               -0       13.539466              13.539466
              1       6.6805538       1.1656777       1.3468314    -0.055753657              -0               -0       13.361108              13.361108
              4       6.9251921       1.1624501       1.3404345    -0.056285476              -0               -0       13.850384              13.850384
              3       4.7047491       1.0818978       1.5212626    -0.051657771              -0               -0       9.4094981              9.4094981
              3       4.1798253       1.0867327        1.519464    -0.025119905              -0               -0       8.3596506              8.3596506
              9       4.1939541       1.0822811       1.5272541    -0.025344376              -0               -0       8.3879082              8.3879082
              4       3.8531888       1.0594064       1.5111527   -0.0085449057              -0               -0       7.7063776              7.7063776
              1       4.1584797        1.134369       1.3945022     0.030233768              -0               -0       8.3169593              8.3169593
              3       4.1579181       1.1369971       1.3899211     0.029129332              -0               -0       8.3158363              8.3158363
              2       5.5913062       1.2072217       1.2392038     0.044916029              -0               -0       11.182612              11.182612
              3       4.8232221       1.2037213        1.297149     0.015210672              -0               -0       9.6464443              9.6464443
              8       5.4583048       1.2415594        1.230151     0.051134122              -0               -0        10.91661               10.91661
              1       5.9893775        1.014963       1.4450276     0.044442568              -0               -0       11.978755              11.978755
              2       4.9152513       1.0490951       1.4330808      0.03136375              -0               -0       9.8305025              9.8305025
              2       5.0593876       0.9824397       1.5754096     0.032120485              -0               -0       10.118775              10.118775
              3       5.2868307        1.229732       1.2540223     0.020582469              -0               -0       10.573661              10.573661
              5       4.9060998       1.1984558       1.2884351     0.020798087              -0               -0       9.8121995              9.8121995
              4       4.6489803       1.1761707       1.3173091     0.018250014              -0               -0       9.2979607              9.2979607
              1       5.0432599       1.2367102       1.2732832     0.037013404              -0               -0        10.08652               10.08652
              1       5.8001565       1.0782387       1.4977549     0.060706098              -0               -0       11.600313              11.600313
              7       5.4218355       1.0379179       1.5478327     0.045350405              -0               -0       10.843671              10.843671
              1       5.7137862      0.93401102       1.7406598    -0.064453145              -0               -0       11.427572              11.427572
              8       6.0181625      0.89597419       1.7397231    -0.061625505              -0               -0       12.036325              12.036325
              2       4.9742497       1.0600892       1.5960373    -0.035086106              -0               -0       9.9484994              9.9484994
              3       7.2786253       1.0376057       1.6596655   -0.0058574807              -0               -0       14.557251              14.557251
              2       6.1071087       1.0255655       1.6588523    -0.017409236              -0               -0       12.214217              12.214217
              1       5.9647975      0.99193222       1.6353577     0.026719588              -0               -0       11.929595              11.929595
              3        6.687929       1.1161796       1.4565684     0.078384494              -0               -0       13.375858              13.375858
              1       4.8960294       1.1523097       1.3620751     0.063062054              -0               -0       9.7920587              9.7920587
              4       4.9731317       1.1630191       1.3505246     0.064860421              -0               -0       9.9462634              9.9462634
             13       4.8379603       1.1760215       1.3012393     0.043826042              -0               -0       9.6759206              9.6759206
              2       4.8665478       1.1629095       1.3095488     0.026969895              -0               -0       9.7330956              9.7330956
              5        4.853648       1.1867455       1.2980448     0.019518107              -0               -0       9.7072961              9.7072961
              1        5.273321       1.0480741       1.4693473    -0.037897814              -0               -0       10.546642              10.546642
              4       6.4442615       1.0626503       1.5700543    -0.089815476              -0               -0       12.888523              12.888523
              1       4.5035774       1.0709807         1.55299     -0.04164223              -0               -0       9.0071548              9.0071548
              1       6.3055632       1.0013614       1.4639969   -0.0035734348              -0               -0       12.611126              12.611126
              3       6.7116079       1.1233057       1.2883584     0.021249561              -0               -0       13.423216              13.423216
              3        8.636808       1.1813836       1.1705512     0.090581923              -0               -0       17.273616              17.273616
              1       7.6070191       1.2884144       1.1080999     0.076051723              -0               -0       15.214038              15.214038
              1       6.0760056        1.251234       1.2591474    -0.016534527              -0               -0       12.152011              12.152011
              2       5.3733285       1.2305616       1.3027052    -0.012467314              -0               -0       10.746657              10.746657
              8       5.2569391       1.2477449       1.2793102    0.0091690324              -0               -0       10.513878              10.513878
              1        5.282928       1.2504178        1.284793    0.0088198378              -0               -0       10.565856              10.565856
              1       5.7326644       1.2558305       1.3139162    -0.009582275              -0               -0       11.465329              11.465329
              3       7.3456706        1.290722       1.3080661     0.048671607              -0               -0       14.691341              14.691341
              2       7.1530732       1.3192132       1.2515202      0.05535959              -0               -0       14.306146              14.306146
              8       7.0998749       1.2457464       1.3807279     0.028826181              -0               -0        14.19975               14.19975
              1       4.5220244       1.1796469       1.3403181     0.040607799              -0               -0       9.0440488              9.0440488
              8       4.3914888       1.1046253       1.5082686    -0.027221208              -0               -0       8.7829776              8.7829776
              6       4.0489921       1.0609331       1.5157151     0.013482666              -0               -0       8.0979841              8.0979841
              5       4.5627196       1.0424927       1.4585995     0.017529324              -0               -0       9.1254392              9.1254392
              1        4.297851        1.045798       1.5176343      0.02690739              -0               -0       8.5957019              8.5957019
              3        5.318511      0.91829963       1.6948185   -0.0093367267              -0               -0       10.637022              10.637022
              4       4.7650978      0.96655226       1.6757504    -0.041835969              -0               -0       9.5301957              9.5301957
              6       5.3775246       1.1029347       1.5296491    -0.061065967              -0               -0       10.755049              10.755049
              1       5.5683259       1.0532763       1.5969745    -0.072026646              -0               -0       11.136652              11.136652
              1       4.3848015       1.0432089       1.5587441    -0.045471734              -0               -0        8.769603               8.769603
              2        4.640834       1.0454827       1.5887881   -0.0077169919              -0               -0        9.281668               9.281668
              3       4.3726342       1.0400213       1.5824585    -0.007581104              -0               -0       8.7452683              8.7452683
              1       4.3839261      0.98137059       1.6282727    -0.012216301              -0               -0       8.7678521              8.7678521
              4       3.9988861       1.0190602       1.5517705   -0.0060989672              -0               -0       7.9977722              7.9977722
              1       4.4601804       1.1196101       1.3699851     0.030830492              -0               -0       8.9203608              8.9203608
              1       4.6147104       1.1198134       1.3684812    0.0078059819              -0               -0       9.2294207              9.2294207
              7       4.8536553       1.2132956       1.3228183  -4.5576561e-05              -0               -0       9.7073106              9.7073106
              3       4.5907772       1.1738146       1.3891658    -0.016757389              -0               -0       9.1815543              9.1815543
              2       4.5458552       1.0607195       1.5307812     0.024436032              -0               -0       9.0917105              9.0917105
              2       5.8136948       1.1148763       1.5028358     0.035864577              -0               -0        11.62739               11.62739
              6       5.9799798        1.244287       1.2084272     0.026415142              -0               -0        11.95996               11.95996
              1       6.0728531       1.2414425       1.1985651     0.040376711              -0               -0       12.145706              12.145706
              3       6.3479072       1.2311214       1.1962692      0.03636795              -0               -0       12.695814              12.695814
              1       7.5983486       1.3352338       1.2614142     0.021884644              -0               -0       15.196697              15.196697
              1        7.349837        1.334516       1.2519025     0.024173215              -0               -0       14.699674              14.699674
              5        7.920147        1.148819       1.5154028    -0.091342473              -0               -0       15.840294              15.840294
              3       5.8497427       1.1626102       1.4826612      -0.0405968              -0               -0       11.699485              11.699485
              5       5.5150468       1.1020882       1.5609283    -0.033646575              -0               -0       11.030094              11.030094
              1       5.6242253       1.2213443       1.3520259     0.046494978              -0               -0       11.248451              11.248451
              2       6.5047358      0.95284157       1.5560216    -0.032441669              -0               -0       13.009472              13.009472
              5        6.571125      0.94112696       1.5636745    -0.021838591              -0               -0        13.14225               13.14225
              1       3.9839861       1.0769842       1.4747166    -0.014869353              -0               -0       7.9679722              7.9679722
              2       4.2562632        1.116319       1.3882582     0.028611206              -0               -0       8.5125265              8.5125265
              1       3.9935091       1.0314417       1.5508179    -0.022729581              -0               -0       7.9870182              7.9870182
              1       4.0252961        1.028662       1.5504087    -0.023899248              -0               -0       8.0505923              8.0505923
             12       4.0885828       1.0195419       1.5621117    -0.026543203              -0               -0       8.1771657              8.1771657
              5       4.5919993       1.0623408       1.4968123      0.04025063              -0               -0       9.1839986              9.1839986
              1       8.7370357       1.2526734       1.1288052      0.13371694              -0               -0       17.474071              17.474071
              6       9.8951215       1.3053559       1.0610683      0.14917782              -0               -0       19.790243              19.790243
              4       11.008311       1.3009225       1.0244326      0.14603185              -0               -0       22.016622              22.016622
              1       7.4961339       1.1149369       1.3866852       0.1153196              -0               -0       14.992268              14.992268
              2       7.8374498       1.1089467        1.386222      0.12080786              -0               -0         15.6749                15.6749
              3       7.4204154       1.1241711       1.3667107      0.11726813              -0               -0       14.840831              14.840831
              1       5.9547039       1.2312385       1.2382343     0.086860655              -0               -0       11.909408              11.909408
              2       5.9117804       1.2420568       1.2676492     0.080934678              -0               -0       11.823561              11.823561
              5       5.9436171       1.2415339       1.2685464      0.08191821              -0               -0       11.887234              11.887234
              3       5.8640923       1.2566222       1.2598581     0.073126926              -0               -0       11.728185              11.728185
              3       6.2921492       1.3014763        1.193319      0.07233885              -0               -0       12.584298              12.584298
              3        7.487826       1.2885773       1.3121351     0.051848867              -0               -0       14.975652              14.975652
              2       6.2350034       1.2674352       1.3183569     0.034609245              -0               -0       12.470007              12.470007
              5       6.0819964       1.1502251       1.3860173     0.085041919              -0               -0       12.163993              12.163993
              1       8.2604998       1.1357458       1.4620011     0.086107849              -0               -0          16.521                 16.521
              4       8.0947181       1.0420839       1.5759599       0.0672874              -0               -0       16.189436              16.189436
              8       7.1740177      0.96879666       1.7029013     0.013407409              -0               -0       14.348035              14.348035
              1       5.8789514      0.95404441       1.7099235   -0.0074535267              -0               -0       11.757903              11.757903
              1       6.9021632       0.9526689       1.7654373    -0.042120446              -0               -0       13.804326              13.804326
              1       7.0475189       1.0064236       1.7050225    -0.027141673              -0               -0       14.095038              14.095038
              1       5.7747764       1.1300284       1.4606422    -0.066409881              -0               -0       11.549553              11.549553
              1       7.5451656       1.2722463       1.2388097    -0.041529649              -0               -0       15.090331              15.090331
              3       9.2784871       1.1681522       1.2158456    -0.015755571              -0               -0       18.556974              18.556974
              2       6.4463944       1.0451137       1.3870608     0.023793326              -0               -0       12.892789              12.892789
              2       5.2057383       1.0686019       1.4104159   -0.0060800763              -0               -0       10.411477              10.411477
              1       6.0237852       1.0356088       1.5549568     0.053355109              -0               -0        12.04757               12.04757
              1       4.1415421       1.0782075       1.5192944    0.0038819856              -0               -0       8.2830842              8.2830842
             14       4.1924126       1.1346077       1.4215682     0.025942147              -0               -0       8.3848253              8.3848253
              1       6.9592249      0.84440172       1.8140427    -0.047671562              -0               -0        13.91845               13.91845
              2       8.4119432      0.82210949       1.7866574    0.0038964287              -0               -0       16.823886              16.823886
              1       8.4283823      0.82131976       1.7872758     0.003425628              -0               -0       16.856765              16.856765
              3       7.6537788      0.84370139       1.7533729    0.0051305895              -0               -0       15.307558              15.307558
              4       7.3423418      0.86184395       1.7169663     0.013902323              -0               -0       14.684684              14.684684
              1       8.3852716      0.82780143         1.77472    0.0095935593              -0               -0       16.770543              16.770543
              5       7.2301548      0.86387659       1.7271143      0.01336398              -0               -0        14.46031               14.46031
              3       6.4815892       0.8906644       1.7166284      0.01180964              -0               -0       12.963178              12.963178
              1       4.8566998       1.0888858       1.4064908    -0.012207153              -0               -0       9.7133995              9.7133995
              4       4.8952174       1.0693336       1.4537519    -0.033256008              -0               -0       9.7904347              9.7904347
              6       4.9770639      0.97130137       1.5580786    0.0089478851              -0               -0       9.9541277              9.9541277
              8       4.6723344       0.9771571       1.5651079   0.00073814186              -0               -0       9.3446689              9.3446689
              9       5.0084723      0.95507187       1.6046722     0.013297327              -0               -0       10.016945              10.016945
              7       4.3003014       1.0754666       1.4373011   -0.0018046354              -0               -0       8.6006029              8.6006029
              2       6.7100478       1.0345838       1.4834822     -0.06467627              -0               -0       13.420096              13.420096
              1       6.3489465       1.0084231       1.5968607    -0.087789509              -0               -0       12.697893              12.697893
              1       6.9669602      0.89644666       1.6894374      0.03087716              -0               -0        13.93392               13.93392
              1       6.4579272      0.94638463       1.6306577     0.045443507              -0               -0       12.915854              12.915854
             12       5.2210697       1.0049108       1.6035163     0.025002495              -0               -0       10.442139              10.442139
              1       4.8508958      0.95972685       1.6629535    -0.050384636              -0               -0       9.7017916              9.7017916
              5        4.852997      0.95935344       1.6631025     -0.05031326              -0               -0        9.705994               9.705994
              2       5.4470201       1.0279642        1.650265    -0.046720488              -0               -0        10.89404               10.89404
              1        5.352377       1.1112264        1.474392      0.04823891              -0               -0       10.704754              10.704754
              1       4.0265359       1.1092536       1.4402195     0.022907705              -0               -0       8.0530718              8.0530718
              1       4.1490498       1.1432938       1.4218926     0.012522366              -0               -0       8.2980995              8.2980995
              1       4.9590127       1.2202705       1.2889549     0.048153895              -0               -0       9.9180254              9.9180254
              1       8.0275055       1.2628947       1.1191769      0.10386049              -0               -0       16.055011              16.055011
              1       7.2998001       1.0668884       1.3341326     0.065481091              -0               -0         14.5996                14.5996
              5       7.7127131       1.0899923       1.2970668     0.033435746              -0               -0       15.425426              15.425426
              6       8.2154805       1.2853739       1.0920573     0.065928675              -0               -0       16.430961              16.430961
              7       5.1730256       1.2123774       1.3734112    -0.012240798              -0               -0       10.346051              10.346051
              1       5.1638521       1.2115804       1.3748276    -0.011937271              -0               -0       10.327704              10.327704
              4       4.4470995       1.0037494       1.6051823    -0.045513788              -0               -0        8.894199               8.894199
              2       4.1434088       1.0177054       1.5887652    -0.030518255              -0               -0       8.2868176              8.2868176
              6       4.1256435       1.0148499       1.5922199     -0.02682141              -0               -0       8.2512869              8.2512869
              1        5.298589       1.2215392       1.3657699   -0.0087773209              -0               -0       10.597178              10.597178
              2       6.7619703       1.2482246       1.3124741     0.078001358              -0               -0       13.523941              13.523941
              2       7.0844053       1.2461097       1.3123053     0.086357627              -0               -0       14.168811              14.168811
              7        5.609519       1.1622688       1.3418697     0.083648852              -0               -0       11.219038              11.219038
              3       4.4401065       1.1239913       1.3956241     0.047085587              -0               -0       8.8802129              8.8802129
              3       4.8023564       1.0717672       1.4906519     0.045692691              -0               -0       9.6047129              9.6047129
              4       4.5935835       1.0451352       1.5239066     0.034442317              -0               -0        9.187167               9.187167
              2       4.6263082       1.0467956       1.5242153     0.034891608              -0               -0       9.2526163              9.2526163
              6       6.4401928       1.0532425       1.6473311    -0.058706823              -0               -0       12.880386              12.880386
              2       5.5124857       1.0463939       1.6244344    -0.021336493              -0               -0       11.024971              11.024971
              3       4.7630358      0.95932331       1.6451894    -0.043751996              -0               -0       9.5260716              9.5260716
              1       5.8330551      0.95030667       1.6773236    -0.076201739              -0               -0        11.66611               11.66611
              2       5.5537862      0.99331348       1.6511881    -0.076277157              -0               -0       11.107572              11.107572
              1       6.2112075      0.94336493       1.7450533    -0.078466986              -0               -0       12.422415              12.422415
              2       8.2433533      0.85558455       1.8795491    -0.088659715              -0               -0       16.486707              16.486707
              1       6.9871326      0.86377573       1.7919228    -0.011167106              -0               -0       13.974265              13.974265
              3       7.3514457       1.0613985       1.3693106      0.09835014              -0               -0       14.702891              14.702891
              3       7.5614974       1.0695676       1.3766164      0.11041219              -0               -0       15.122995              15.122995
              3       5.0296601       1.1007106       1.4034658     0.065747859              -0               -0        10.05932               10.05932
              6       5.1945734       1.0673928       1.4219371     0.062023212              -0               -0       10.389147              10.389147
              1       5.0142888       1.0770157       1.3928182      0.04119576              -0               -0       10.028578              10.028578
              6       5.0378305       1.0558236       1.4192118      0.03669128              -0               -0       10.075661              10.075661
             13        6.104589       1.0130327       1.4412604     0.032009236              -0               -0       12.209178              12.209178
              4       5.7104518       1.0253275       1.4366366     0.020724491              -0               -0       11.420904              11.420904
              2       5.2997099       1.0687759       1.4447507    -0.037679011              -0               -0        10.59942               10.59942
              1        6.983528      0.92327042       1.8009667    -0.061465305              -0               -0       13.967056              13.967056
              1       5.3980053      0.98173258       1.6909276    -0.027926777              -0               -0       10.796011              10.796011
              1       7.6347531      0.93514633        1.756334   0.00081765274              -0               -0       15.269506              15.269506
              4       7.5431823       0.8466888       1.7939829   -0.0022419146              -0               -0       15.086365              15.086365
              7       4.3911916       1.1624775       1.4007791    -0.012297394              -0               -0       8.7823831              8.7823831
              5       4.2854804       1.1485517       1.4176746    -0.014236038              -0               -0       8.5709609              8.5709609
              3       4.3458176       1.1484256       1.4243403    -0.017642978              -0               -0       8.6916351              8.6916351
              1       5.4776247       1.1640333       1.4562868    -0.044355725              -0               -0       10.955249              10.955249
              2       5.3825032        1.137351       1.5000671    -0.044224205              -0               -0       10.765006              10.765006
             12       4.7287856       1.1166972       1.3702203     0.052437296              -0               -0       9.4575712              9.4575712
              2       4.3235111       1.1643512       1.3621198      0.03239191              -0               -0       8.6470222              8.6470222
              7       4.9007924        1.066925       1.5427764     0.022720065              -0               -0       9.8015848              9.8015848
              2       5.0114037      0.93276462       1.6981605    -0.039483661              -0               -0       10.022807              10.022807
              1       6.3397718       1.0380966       1.6140684    -0.089423782              -0               -0       12.679544              12.679544
              3       7.5663177       1.0068573        1.658446     -0.10906158              -0               -0       15.132635              15.132635
              5       8.0312082      0.98432184       1.6794197      -0.1153728              -0               -0       16.062416              16.062416
              2       7.8430822       1.1215807       1.5620534     0.010941414              -0               -0       15.686164              15.686164
              7       4.5126891       0.9982361       1.5351324  -0.00093024741              -0               -0       9.0253783              9.0253783
              2        5.152201      0.96513011        1.560344   0.00079510765              -0               -0       10.304402              10.304402
              1       4.6916998       1.0184378       1.5686438     0.025077807              -0               -0       9.3833996              9.3833996
              3        5.466968      0.94404092       1.6916992  -0.00035620637              -0               -0       10.933936              10.933936
              9       5.5652514      0.96492763       1.6599509     0.014855981              -0               -0       11.130503              11.130503
              1       4.6912693       1.0621389       1.5513345      0.01395688              -0               -0       9.3825386              9.3825386
              4       4.6992456       1.0965484       1.4954527     0.028884305              -0               -0       9.3984912              9.3984912
              2        4.687698       1.0973042       1.4940432      0.02894504              -0               -0       9.3753961              9.3753961
              5       5.6837337       1.0870332       1.4631597     0.069914228              -0               -0       11.367467              11.367467
              1       4.4779431       1.1657195       1.3334705     0.021863005              -0               -0       8.9558861              8.9558861
              5       4.2650723       1.1563982       1.3593481     0.017655133              -0               -0       8.5301446              8.5301446
              6        4.195076       1.1603426       1.3754347     0.012463608              -0               -0       8.3901519              8.3901519
              1        4.033317       1.0322837        1.518525    0.0075739798              -0               -0        8.066634               8.066634
              2       4.8422185       1.1129658        1.470538    -0.048725215              -0               -0       9.6844369              9.6844369
              3       5.2767019       1.0629519       1.5512512     -0.06841662              -0               -0       10.553404              10.553404
              1       4.2530767          1.1459       1.4189172    -0.013709831              -0               -0       8.5061535              8.5061535
              2       4.8674535       1.0986294       1.4923323    -0.052839101              -0               -0        9.734907               9.734907
              5       4.5381205       0.9751188       1.6240309    -0.039486538              -0               -0       9.0762411              9.0762411
              1       4.6673376       1.0355494       1.5778521    -0.055100532              -0               -0       9.3346752              9.3346752
             10       6.3556343       1.0324145       1.5214776    -0.074690757              -0               -0       12.711269              12.711269
              1       6.4719595       1.2336931       1.2418054    -0.016204245              -0               -0       12.943919              12.943919
             10        5.274738       1.2329136       1.3411689   -0.0020646947              -0               -0       10.549476              10.549476
              2       5.0990955       1.1754473       1.3714164    -0.032156436              -0               -0       10.198191              10.198191
              2       5.3279287       1.2560548       1.2504155     0.043751482              -0               -0       10.655857              10.655857
              4       4.3418759       1.0889676       1.5298349    -0.022830121              -0               -0       8.6837518              8.6837518
              1        5.836998       1.1898997       1.4391934    0.0055773554              -0               -0       11.673996              11.673996
              1       5.8705702       1.1919183       1.4388261    0.0027303988              -0               -0        11.74114               11.74114
              4       5.2102697       1.1688233       1.4343805     0.023437342              -0               -0       10.420539              10.420539
              2       5.9078143       1.2532868       1.3226712     0.040066354              -0               -0       11.815629              11.815629
              1       4.6982635       1.0647812       1.4298822  -0.00070051686              -0               -0        9.396527               9.396527
              4       5.6139738       1.0868846       1.4365315    -0.049859135              -0               -0       11.227948              11.227948
              1       5.6862671       1.0899026       1.4685044    -0.064442485              -0               -0       11.372534              11.372534
              3       4.2984955       1.1098882       1.4105377   -0.0090548856              -0               -0       8.5969911              8.5969911
              4       4.9478989       1.0692923       1.4707511    -0.043557267              -0               -0       9.8957979              9.8957979
              2       4.6118084       1.1115182       1.4727963    -0.042496081              -0               -0       9.2236168              9.2236168
              2       4.3501707       1.1183315       1.4677859    -0.030640572              -0               -0       8.7003415              8.7003415
              1        5.139488       1.0519698       1.6010185    -0.057791589              -0               -0       10.278976              10.278976
              5       4.5590836       1.0406664       1.5966056    -0.042317484              -0               -0       9.1181673              9.1181673
              3       5.3368485       1.0505141       1.5305415     0.047382525              -0               -0       10.673697              10.673697
              4       6.0197692      0.91595368       1.6253812     0.011004873              -0               -0       12.039538              12.039538
              1       4.8597806       1.0082393       1.6304444    -0.058223853              -0               -0       9.7195613              9.7195613
              2       5.1750179      0.98606633       1.6762588    -0.059245572              -0               -0       10.350036              10.350036
              3       5.7508433       1.1071284       1.3348576     0.066437094              -0               -0       11.501687              11.501687
              3       7.8552129       1.1573349       1.2769644    -0.032708777              -0               -0       15.710426              15.710426
              1       4.2972965        1.029482       1.5209732    -0.025206643              -0               -0        8.594593               8.594593
             10       4.1987262       1.0502116       1.4724224    0.0021776598              -0               -0       8.3974524              8.3974524
              1       6.0701929       1.0577107       1.4824209    -0.065651158              -0               -0       12.140386              12.140386
              2       7.4003764       1.0017788       1.7022516    -0.099418691              -0               -0       14.800753              14.800753
              7         7.64829      0.89714903       1.8127315    -0.098310733              -0               -0        15.29658               15.29658
              1       6.2817251       0.9325235       1.6985615    -0.081650091              -0               -0        12.56345               12.56345
              3       5.7307478      0.95680513        1.671207    -0.075403519              -0               -0       11.461496              11.461496
              2       6.8562388       1.2470794       1.2183524      0.11045005              -0               -0       13.712478              13.712478
              2       7.0373154       1.2428118       1.2168328      0.11529382              -0               -0       14.074631              14.074631
              1       5.9995446       1.0364063       1.4133953      0.01692104              -0               -0       11.999089              11.999089
              1       5.1686788       1.0175281       1.4894826    -0.020111278              -0               -0       10.337358              10.337358
              1        4.767338       0.9623845        1.591338  -0.00068369746              -0               -0        9.534676               9.534676
              2       4.1008306       1.0905387        1.463521     0.026720709              -0               -0       8.2016612              8.2016612
             14       4.3592399      0.99476017       1.5736247    0.0099219939              -0               -0       8.7184799              8.7184799
              1       4.4236069      0.99000439       1.5790167     0.010489684              -0               -0       8.8472138              8.8472138
              1       4.4208545      0.98993387       1.5855995    0.0095634731              -0               -0        8.841709               8.841709
              1       6.7113771      0.88306754       1.7533567    -0.073759994              -0               -0       13.422754              13.422754
              6       4.9392068       1.0746732       1.4722539     -0.04624127              -0               -0       9.8784137              9.8784137
              1       4.8969722        1.068097       1.4857542    -0.048118244              -0               -0       9.7939444              9.7939444
              1       4.7266249       1.0660392       1.4844704    -0.042606996              -0               -0       9.4532498              9.4532498
              2       5.2881256       1.2277748        1.351429   -0.0068603081              -0               -0       10.576251              10.576251
              6       6.1603605       1.0444965        1.510211     -0.07239044              -0               -0       12.320721              12.320721
              1       5.5732052       1.0326445       1.4801829    -0.039910024              -0               -0        11.14641               11.14641
             10       4.3589079       1.0839774       1.4397714    -0.016007661              -0               -0       8.7178157              8.7178157
              1       4.3074813        1.069995       1.4582693    -0.016588887              -0               -0       8.6149626              8.6149626
              4       5.6217446       1.1038271       1.5617157    -0.038915136              -0               -0       11.243489              11.243489
              2       5.4255844       1.1322867       1.5154144    -0.017632121              -0               -0       10.851169              10.851169
              1       5.3257535       1.1212179       1.5277008    -0.019955787              -0               -0       10.651507              10.651507
              4       4.5274835       1.1380805       1.4204006     0.039270289              -0               -0        9.054967               9.054967
              1       4.5530477       1.1423392       1.4241239     0.035351511              -0               -0       9.1060955              9.1060955
              3       4.3206208        1.128677        1.440659     0.026639826              -0               -0       8.6412416              8.6412416
              2       4.8934801       1.1580812       1.3943476     0.051378373              -0               -0       9.7869602              9.7869602
             14       4.9632445       1.1594575       1.3917457     0.053800577              -0               -0       9.9264889              9.9264889
             16       4.5504776       1.1962816       1.3284114     0.030093096              -0               -0       9.1009551              9.1009551
              6       4.7733194       1.2138252       1.2955836     0.030198173              -0               -0       9.5466387              9.5466387
              2       5.5510555       1.1548843       1.2948108     0.014806483              -0               -0       11.102111              11.102111
              1       6.3491016       1.1731964       1.3140233    -0.036355518              -0               -0       12.698203              12.698203
              2       8.4930781      0.99246676       1.5243406    -0.083862688              -0               -0       16.986156              16.986156
              3       5.8749089      0.89754896       1.6784451    -0.010098431              -0               -0       11.749818              11.749818
              5       4.1642549       1.0140758       1.5350819   -0.0051931216              -0               -0       8.3285097              8.3285097
              3        5.621983       1.2550027       1.2296718     0.019386531              -0               -0       11.243966              11.243966
              2        4.424088       1.1080322       1.4039784   -0.0085946121              -0               -0       8.8481759              8.8481759
              1       4.4658807       1.0687731       1.4566573    -0.021043941              -0               -0       8.9317615              8.9317615
             25       5.0590157       1.0296617        1.454683     0.028028903              -0               -0       10.118031              10.118031
              2       5.5778117      0.91967808       1.6407471    0.0020495031              -0               -0       11.155623              11.155623
              1       5.9890769      0.90550721       1.6493007  -0.00052351926              -0               -0       11.978154              11.978154
              1       5.7060879       1.0352647       1.4235558     0.017622034              -0               -0       11.412176              11.412176
              3       5.5393489       1.0476444       1.4425037    -0.024330933              -0               -0       11.078698              11.078698
              2       5.6988418       1.0429497       1.4615937    -0.038715806              -0               -0       11.397684              11.397684
              1       5.7814908       0.8993343        1.709657    -0.046631377              -0               -0       11.562982              11.562982
              1       5.3251375      0.93311061        1.654052    -0.044229352              -0               -0       10.650275              10.650275
              2       5.4871668      0.94335032       1.5881525    0.0078494363              -0               -0       10.974334              10.974334
              4       6.3776058       0.8761655       1.7891134    -0.061093388              -0               -0       12.755212              12.755212
              2       4.9341805       1.0108366        1.601406    -0.062062918              -0               -0       9.8683611              9.8683611
              1       5.4781995       1.0339419       1.5772751    -0.074189953              -0               -0       10.956399              10.956399
              4       5.5958225       1.0262862       1.5801371    -0.075888455              -0               -0       11.191645              11.191645
              3       6.2121505       1.2105067        1.274353    -0.023022813              -0               -0       12.424301              12.424301
              4        4.423351       1.1465773       1.4037706    -0.020189856              -0               -0       8.8467021              8.8467021
              3       5.3191056      0.94592435       1.7222209     -0.04194959              -0               -0       10.638211              10.638211
              2       4.5487132       1.1564901       1.4047888     0.035165077              -0               -0       9.0974264              9.0974264
              5       5.9915195        1.213913       1.3086885    -0.034232695              -0               -0       11.983039              11.983039
              5       5.3893384      0.99769521       1.6701109    -0.019440369              -0               -0       10.778677              10.778677
              4       5.7999684       1.2258507       1.3599538      0.04014729              -0               -0       11.599937              11.599937
              1       5.8938645       1.2396215       1.3488249     0.034356904              -0               -0       11.787729              11.787729
              3       4.3250282       1.1523444       1.4272818   -0.0095681103              -0               -0       8.6500563              8.6500563
              1       4.2029283       1.0073487       1.5442722   -0.0057419283              -0               -0       8.4058567              8.4058567
              1       4.0808481       1.0059429       1.5867388    -0.016407032              -0               -0       8.1616962              8.1616962
              5       4.6950992       1.1670138        1.389712    -0.024286032              -0               -0       9.3901983              9.3901983
              5       5.1197749        1.127775       1.4195659    -0.044953369              -0               -0        10.23955               10.23955
              5       4.7262364       1.1317236        1.411126    -0.032496047              -0               -0       9.4524728              9.4524728
              6       4.3875436       1.1171101       1.3982513   -0.0084726029              -0               -0       8.7750872              8.7750872
              6       4.7023099      0.95551398       1.6342664    -0.032307291              -0               -0       9.4046197              9.4046197
              2       4.7387989       0.9550945       1.6345549    -0.034225846              -0               -0       9.4775979              9.4775979
              6       4.3896339       1.0312616       1.5838049   0.00018562054              -0               -0       8.7792678              8.7792678
              4       4.6702774        1.007391       1.6284807    -0.010422306              -0               -0       9.3405548              9.3405548
              4       6.3087573       1.0307726       1.4087475     0.035064534              -0               -0       12.617515              12.617515
              3       4.0729281        1.035799       1.5681674    -0.028001157              -0               -0       8.1458561              8.1458561
              4       4.6607264      0.98250127       1.6582021    -0.042707794              -0               -0       9.3214529              9.3214529
              2       4.8772204      0.99397949       1.6503282    -0.056238241              -0               -0       9.7544407              9.7544407
              5       4.6706217      0.99342213       1.6273962    -0.052605298              -0               -0       9.3412434              9.3412434
             18       3.9458653        1.045047       1.5320201    -0.020429297              -0               -0       7.8917306              7.8917306
              1       5.8312175      0.99917014       1.6680703    -0.078868365              -0               -0       11.662435              11.662435
              1       5.8429776       1.0027296       1.6631008    -0.079435844              -0               -0       11.685955              11.685955
              7       5.8691468       1.0050979        1.661905     -0.07963467              -0               -0       11.738294              11.738294
              1       5.8641252       1.0060707       1.6605595    -0.079574326              -0               -0        11.72825               11.72825
              2       5.2756685      0.99850366       1.6382312     -0.07041365              -0               -0       10.551337              10.551337
              7       5.6210921      0.94952788       1.6940345     -0.07253115              -0               -0       11.242184              11.242184
             19       4.3547603       1.1798072       1.3611554     0.017884241              -0               -0       8.7095206              8.7095206
              5       4.3943327         1.18082       1.3681118      0.01939705              -0               -0       8.7886654              8.7886654
              1       7.4918112       1.3536946       1.1036782     0.038755768              -0               -0       14.983622              14.983622
              1        4.945275       1.1495584       1.3360935   -0.0014667723              -0               -0       9.8905501              9.8905501
              9       4.7241472       1.1216041       1.4662536    -0.043455454              -0               -0       9.4482944              9.4482944
              5       4.7002572       1.1255536       1.4598134    -0.041551921              -0               -0       9.4005144              9.4005144
              3        5.502789       1.0798126       1.5847373    -0.019501699              -0               -0       11.005578              11.005578
              3       4.2040842       1.1079088       1.4926315    -0.019001116              -0               -0       8.4081683              8.4081683
              8        4.208326       1.1363887       1.4481027   -0.0013785871              -0               -0        8.416652               8.416652
              1        3.930867       1.0903364       1.4928632   -0.0055579634              -0               -0       7.8617339              7.8617339
             10       4.2963113       1.1049019       1.4447101     -0.02592711              -0               -0       8.5926225              8.5926225
              2       4.5131568       1.1756719       1.3538968   -0.0037067193              -0               -0       9.0263136              9.0263136
             11       4.4654604       1.0400514       1.5872298   -0.0080614284              -0               -0       8.9309209              8.9309209
              6       4.4141465      0.96955132       1.6336869    -0.022398083              -0               -0       8.8282929              8.8282929
              1       6.5933206      0.98158581       1.5101732    -0.033065257              -0               -0       13.186641              13.186641
              6       9.3401767       1.0240345       1.4750658    -0.089601888              -0               -0       18.680353              18.680353
              1       9.5364019       1.0208916        1.466865     -0.08587726              -0               -0       19.072804              19.072804
              4       7.7379385       1.2745079       1.1248195      0.10726864              -0               -0       15.475877              15.475877
              3       7.2920808       1.0450061       1.5633135     0.063298823              -0               -0       14.584162              14.584162
              7       4.9999597       1.1206158       1.3549557     0.060183913              -0               -0       9.9999195              9.9999195
              5       7.4343089       1.0682515       1.3350116     0.080628272              -0               -0       14.868618              14.868618
              1       7.9079067       1.0622099       1.3343055     0.088306932              -0               -0       15.815813              15.815813
              6       8.1321001       1.2111301       1.1526934        0.069695              -0               -0         16.2642                16.2642
              1       7.2579905       1.3115572       1.2863803     0.030985442              -0               -0       14.515981              14.515981
              2       8.4102304       1.3583398       1.2359747    -0.014805311              -0               -0       16.820461              16.820461
              1       5.8724747       1.2676182       1.2317489    0.0055613638              -0               -0       11.744949              11.744949
              2       5.5789637       1.2193849       1.3102319    -0.023872813              -0               -0       11.157927              11.157927
              1       5.8165141       1.1073585       1.5240138    -0.070869396              -0               -0       11.633028              11.633028
              1       5.8662962       1.0532626       1.5538985    -0.079933961              -0               -0       11.732592              11.732592
              1       7.0741051      0.93799829        1.643717     0.051500192              -0               -0        14.14821               14.14821
              1       9.2989016       1.1366182       1.5016975      0.07096925              -0               -0       18.597803              18.597803
              3       7.6544021       1.1432068       1.5027146     0.042846316              -0               -0       15.308804              15.308804
              1       8.8614505       1.2012141       1.4945308   -0.0061513327              -0               -0       17.722901              17.722901
              1       6.3123203       1.2015722       1.4436092    -0.018135219              -0               -0       12.624641              12.624641
              1       6.3153504       1.2016029       1.4436605    -0.018273108              -0               -0       12.630701              12.630701
              1       6.3826984       1.1404159       1.3117773    -0.017437605              -0               -0       12.765397              12.765397
              6       6.1183702       1.0493486       1.4401401    -0.038156828              -0               -0        12.23674               12.23674
              1        4.972075      0.98050156       1.5575369    -0.024551476              -0               -0       9.9441501              9.9441501
              7         4.61326      0.99719366       1.5389293     -0.01490934              -0               -0         9.22652                9.22652
              1       4.9895468      0.96910258       1.5895388     -0.03544809              -0               -0       9.9790937              9.9790937
              4       5.0464969      0.98233518       1.5689572    -0.038415858              -0               -0       10.092994              10.092994
              4       5.8610142      0.95412059       1.6109065    -0.057279895              -0               -0       11.722028              11.722028
              3       4.3572867       1.0729769       1.5230456     0.015631413              -0               -0       8.7145734              8.7145734
              5       7.5186916       1.2516692       1.4006498   -0.0092720105              -0               -0       15.037383              15.037383
              4       5.5556188       1.1636399       1.4406649    -0.051709695              -0               -0       11.111238              11.111238
              1       4.8540795       1.2124594       1.3522465     0.017128624              -0               -0       9.7081589              9.7081589
              1       5.3637663      0.99937613       1.4909242     0.028923318              -0               -0       10.727533              10.727533
              4       6.2183318      0.92561211       1.7688637    -0.070324424              -0               -0       12.436664              12.436664
              5       6.1960505      0.95685488       1.7474547    -0.059955606              -0               -0       12.392101              12.392101
              3       5.2966811       1.0382556       1.5401172     0.046185036              -0               -0       10.593362              10.593362
             10       5.6684727       1.0327588       1.5434827     0.053245139              -0               -0       11.336945              11.336945
              5       6.8400422      0.90871159       1.7492942    -0.089443459              -0               -0       13.680084              13.680084
              2       4.6574391      0.97330837       1.6623409    -0.022653276              -0               -0       9.3148783              9.3148783
              1       4.6714739      0.99734639       1.5259555    0.0093368734              -0               -0       9.3429478              9.3429478
              2       5.0493674      0.95644134       1.5956681    -0.023860021              -0               -0       10.098735              10.098735
              3       5.3218065      0.95121212       1.7129695    -0.028354339              -0               -0       10.643613              10.643613
              4       4.9050037       1.0006254       1.6128686     0.013654408              -0               -0       9.8100074              9.8100074
              1       4.8254161        1.116318       1.3536432     0.029045139              -0               -0       9.6508323              9.6508323
              2       4.8936614       1.1576029       1.3108994     0.040624015              -0               -0       9.7873229              9.7873229
              3       6.3159461         1.10863       1.5420007     0.017835583              -0               -0       12.631892              12.631892
              1       7.7352823       1.2448825       1.3741867    -0.064324015              -0               -0       15.470565              15.470565
              5       8.5911269       1.2107126       1.4437774    -0.084701759              -0               -0       17.182254              17.182254
              5       7.1095585       1.1455614       1.2480039     0.081000126              -0               -0       14.219117              14.219117
              1       8.4931185      0.85676756       1.6832154     0.033011578              -0               -0       16.986237              16.986237
              1       8.3484004      0.83452776       1.7356456     0.010307459              -0               -0       16.696801              16.696801
              2       7.5664949       1.0911461       1.3552523    -0.037962554              -0               -0        15.13299               15.13299
              2       7.4483046       1.0975814       1.3495051    -0.036597309              -0               -0       14.896609              14.896609
              2       8.3623216      0.92979301        1.569526     0.077426902              -0               -0       16.724643              16.724643
              2       8.7185257       1.1577519       1.1917409     0.068049082              -0               -0       17.437051              17.437051
              1        6.612096      0.98348648       1.4759562    0.0093305372              -0               -0       13.224192              13.224192
              2       5.0733999       1.0160467       1.4765306    0.0069820801              -0               -0         10.1468                10.1468
              1       4.6004794       1.0614812       1.5757565    -0.017322873              -0               -0       9.2009588              9.2009588
              3       4.6006603       1.0613946       1.5758955    -0.017394732              -0               -0       9.2013206              9.2013206
              2       4.6592867       1.0557556       1.5611317    -0.053084007              -0               -0       9.3185733              9.3185733
              3       4.0363847       1.1105175       1.4739403    -0.010547388              -0               -0       8.0727695              8.0727695
              4       4.0555001       1.0573726       1.4800068     0.019248685              -0               -0       8.1110002              8.1110002
              2       5.0063211      0.94525586       1.6247283    -0.027370911              -0               -0       10.012642              10.012642
              3       4.2596423       1.1014689       1.5009536    0.0010071837              -0               -0       8.5192845              8.5192845
              1       7.6233139       1.2970656       1.1638658       0.1208707              -0               -0       15.246628              15.246628
             12         7.63444       1.2953614       1.1665921       0.1214971              -0               -0        15.26888               15.26888
              1       5.6075221       1.1986766        1.260346     0.076169457              -0               -0       11.215044              11.215044
              4       4.8239849       1.1860437       1.3160151     0.055342778              -0               -0       9.6479697              9.6479697
              2       4.9170734      0.95880103        1.663802     -0.05278034              -0               -0       9.8341469              9.8341469
              2       5.0587716      0.93942805       1.6637352    -0.044852274              -0               -0       10.117543              10.117543
              2       6.1433976       1.1682603       1.4002681    -0.061872468              -0               -0       12.286795              12.286795
              2       5.7886237       1.1707872       1.4028515    -0.054916989              -0               -0       11.577247              11.577247
              3       5.5370891      0.98160388       1.5245475    -0.014627494              -0               -0       11.074178              11.074178
             16       4.7939779       1.0434878       1.4470508     0.011652523              -0               -0       9.5879557              9.5879557
              8       4.6676794       1.0129992       1.5223105     0.032699837              -0               -0       9.3353587              9.3353587
              4        4.194896       1.0230017       1.5142682    0.0042804472              -0               -0       8.3897919              8.3897919
              4       5.0040818      0.98991982       1.5462595    -0.029150285              -0               -0       10.008164              10.008164
              2       6.3674107      0.99086917       1.5382154    -0.058074949              -0               -0       12.734821              12.734821
              1       5.2940832        1.005503       1.6025592    -0.069526342              -0               -0       10.588166              10.588166
              4        5.168957      0.92984515       1.6896263    -0.047792541              -0               -0       10.337914              10.337914
              2       4.2417928       1.0501845       1.5562889    -0.038581779              -0               -0       8.4835855              8.4835855
              6       4.1127171       1.0564282       1.5366768    -0.032877292              -0               -0       8.2254341              8.2254341
             10       4.6847717       1.0713694       1.5692495    -0.022114028              -0               -0       9.3695435              9.3695435
              1        5.952742       1.1164561       1.5105765    -0.072186746              -0               -0       11.905484              11.905484
              6       5.6492509       1.0646035       1.5808523    -0.073292307              -0               -0       11.298502              11.298502
              2       5.9629828       1.1515747       1.5048794    -0.038943386              -0               -0       11.925966              11.925966
              3       5.2741037       1.2516371       1.2555301     0.024199379              -0               -0       10.548207              10.548207
              1        4.936099       1.2156588        1.321828     0.043325956              -0               -0        9.872198               9.872198
              1       5.1595718       1.2250376        1.273181     0.057659848              -0               -0       10.319144              10.319144
              2       5.2229978       1.1987259       1.3004053   -0.0070646934              -0               -0       10.445996              10.445996
              6       4.4236455        1.001571       1.5821743     0.012900172              -0               -0        8.847291               8.847291
              1       5.1406062       1.0547297       1.4649391    -0.036680025              -0               -0       10.281212              10.281212
              5       5.0876244       1.0759256       1.4249677    -0.023805472              -0               -0       10.175249              10.175249
              5       3.9895106       1.0787549       1.4605301   -0.0067153025              -0               -0       7.9790212              7.9790212
              2        7.067288       0.9649076       1.5033897    -0.010412689              -0               -0       14.134576              14.134576
              6       4.6044424       1.0144438       1.5108334    -0.012962112              -0               -0       9.2088848              9.2088848
              2        5.068706       1.0971812       1.5519855    -0.033740041              -0               -0       10.137412              10.137412
              5       4.8798829       1.0855779       1.5589416    -0.021004067              -0               -0       9.7597658              9.7597658
             10       5.4907227       1.0877066       1.5733917    -0.016318476              -0               -0       10.981445              10.981445
              5       5.4217783       1.0614335       1.4851318       0.0631345              -0               -0       10.843557              10.843557
              6        4.903149       1.1897667       1.2880781     0.042790843              -0               -0       9.8062981              9.8062981
              4       5.2442367       1.2293197       1.2556982     0.022091285              -0               -0       10.488473              10.488473
              4       6.5905823       1.3237825       1.1521877     0.062989361              -0               -0       13.181165              13.181165
              3       8.4574585       1.3166552       1.1917525    -0.039915514              -0               -0       16.914917              16.914917
              2       6.5199534       1.2733996       1.2752703    -0.027255698              -0               -0       13.039907              13.039907
              2       6.5506791       1.2863544       1.2512043    -0.018993157              -0               -0       13.101358              13.101358
              2       4.8796497       1.1960293       1.3838874     0.018632772              -0               -0       9.7592995              9.7592995
              1       4.7854101       1.1915978       1.3872839     0.016340889              -0               -0       9.5708202              9.5708202
              4       6.3943669       1.2640234       1.3366477    -0.018538356              -0               -0       12.788734              12.788734
              1        6.418378       1.2731543        1.322231    -0.013626934              -0               -0       12.836756              12.836756
              1       6.3399092       1.2475596       1.3709989   -0.0034660188              -0               -0       12.679818              12.679818
              5       4.3611649       1.1735796       1.3815624     0.018918567              -0               -0       8.7223298              8.7223298
              1       4.6484857       1.0304046       1.5135103    -0.034572077              -0               -0       9.2969714              9.2969714
              1       4.7550782      0.95086857       1.6477603    -0.035656867              -0               -0       9.5101564              9.5101564
              8       6.9395962      0.88112646       1.8015547    -0.082034033              -0               -0       13.879192              13.879192
              2       6.2212148      0.95304603       1.7512209    -0.050331954              -0               -0        12.44243               12.44243
              1       5.9965574      0.99680939       1.6974355    -0.036029793              -0               -0       11.993115              11.993115
              1       6.5543103       0.9929993       1.7160549    -0.039310468              -0               -0       13.108621              13.108621
              1       5.3868006      0.92181493       1.6852696  -0.00099620927              -0               -0       10.773601              10.773601
              3       4.6504015      0.95359794       1.6293224    -0.014737424              -0               -0        9.300803               9.300803
              1       4.2578555       0.9948995       1.5674642  -7.2143881e-05              -0               -0        8.515711               8.515711
              9       4.7267825      0.98020689       1.5554864    0.0061174135              -0               -0       9.4535649              9.4535649
              4       5.8031218      0.94639098       1.5978652     0.034704127              -0               -0       11.606244              11.606244
             10       4.6176426        1.161695       1.4340994    -0.014210534              -0               -0       9.2352852              9.2352852
              2       4.6816857       1.1580194       1.4446102    -0.016387268              -0               -0       9.3633715              9.3633715
              8       6.7798706       1.0749368       1.5877593     0.018118131              -0               -0       13.559741              13.559741
              2       4.9302573      0.95669948       1.6715881   -0.0085346551              -0               -0       9.8605147              9.8605147
              1       4.2978649       1.0770143       1.4293563     0.026871784              -0               -0       8.5957299              8.5957299
              3         4.03691       1.1086573       1.4150319     0.010013093              -0               -0       8.0738199              8.0738199
              8       4.3540399       1.1499733       1.4291594     -0.01536677              -0               -0       8.7080797              8.7080797
              3       4.3983511       1.1547875       1.4182734    -0.016876225              -0               -0       8.7967023              8.7967023
              2       4.1587065       1.1391658       1.4101577    -0.008771251              -0               -0       8.3174131              8.3174131
              2       4.5252028       0.9849785       1.6032096    -0.039802616              -0               -0       9.0504055              9.0504055
              5       4.3307142       0.9812661       1.5914522   -0.0092607442              -0               -0       8.6614283              8.6614283
              1       4.6962023       1.0067497       1.5271848    -0.022507574              -0               -0       9.3924047              9.3924047
              2       4.3352387       1.1596189       1.3619784    0.0039083663              -0               -0       8.6704773              8.6704773
              2       4.5277906      0.96069831       1.6450457    -0.026929781              -0               -0       9.0555812              9.0555812
             12       4.8152303      0.95145807       1.6572342    -0.042678916              -0               -0       9.6304606              9.6304606
              3       4.4282233       1.0327052       1.5370205    -0.040093166              -0               -0       8.8564465              8.8564465
              6       5.0318096      0.96922328       1.5712303     -0.02183708              -0               -0       10.063619              10.063619
              1       7.4763058      0.87638734       1.8029187     -0.09257143              -0               -0       14.952612              14.952612
              1       9.5274304       1.0817214       1.6490507    -0.010968647              -0               -0       19.054861              19.054861
              1       10.166456       1.2402102       1.4705763     -0.05851124              -0               -0       20.332912              20.332912
              1       8.0474112       1.3728547       1.1733163     0.076036722              -0               -0       16.094822              16.094822
              2       5.3114302       1.1564194       1.2929312     0.050716385              -0               -0        10.62286               10.62286
              4       5.8602843      0.99368197       1.4998757    -0.019487624              -0               -0       11.720569              11.720569
              1       5.9275537       1.0138613       1.4807645    -0.030427306              -0               -0       11.855107              11.855107
              2       5.8484766       1.2459679       1.2057541     0.061875297              -0               -0       11.696953              11.696953
              2       6.1559681       1.3061013       1.1852495     0.052448679              -0               -0       12.311936              12.311936
              1         6.08878       1.3033092       1.1900331     0.048365775              -0               -0        12.17756               12.17756
              5       5.6966583       1.2746719       1.2715864     0.037590405              -0               -0       11.393317              11.393317
              1       4.1278078        1.093708       1.4434254    -0.013770909              -0               -0       8.2556156              8.2556156
              6       4.0030949       1.0777119       1.4516897     0.004498009              -0               -0       8.0061897              8.0061897
              3        4.030893       1.0810967       1.4447037    0.0057613759              -0               -0        8.061786               8.061786
              1       4.2557246       1.0756737       1.4321354     0.021234919              -0               -0       8.5114492              8.5114492
              1       4.5643627         1.07732        1.412319      0.01627663              -0               -0       9.1287253              9.1287253
              1       3.9671042       1.0305123       1.5545281   -0.0044489574              -0               -0       7.9342084              7.9342084
              1       4.4901566       1.1679163        1.413718    0.0065747492              -0               -0       8.9803133              8.9803133
              1       4.9297736       1.1532756       1.4482512    -0.036703063              -0               -0       9.8595473              9.8595473
              2       4.5420084       1.1174514       1.4707802    -0.038600542              -0               -0       9.0840168              9.0840168
              4       4.6002078       1.1801059       1.3460776   -0.0044589742              -0               -0       9.2004155              9.2004155
              3       5.0575605       1.1098442       1.4145464    -0.036716915              -0               -0       10.115121              10.115121
              4       4.9890398       1.0610704        1.474296    -0.042163353              -0               -0       9.9780797              9.9780797
              1       4.5096376       1.1039105       1.4710732     0.033090883              -0               -0       9.0192752              9.0192752
              1       4.6690284       1.1018348       1.4385613     0.051352706              -0               -0       9.3380568              9.3380568
              3       4.9386213       1.0457141       1.5836525    0.0080978281              -0               -0       9.8772426              9.8772426
              1       4.4813954        1.097362       1.4830767      0.02936882              -0               -0       8.9627907              8.9627907
              5       4.0055835        1.096667       1.4811178    -0.019144697              -0               -0        8.011167               8.011167
              7       4.0292422       1.0712148       1.4857111    -0.020371432              -0               -0       8.0584844              8.0584844
              5       4.3837402       1.0374844       1.5810902    -0.043611018              -0               -0       8.7674805              8.7674805
              4       4.8751165       1.0376419       1.5890241    -0.060196687              -0               -0        9.750233               9.750233
              3       5.2594371       1.0502391       1.5919132      -0.0666384              -0               -0       10.518874              10.518874
              4       7.7640873       1.3688309       1.0763321     0.070766075              -0               -0       15.528175              15.528175
              4       4.9130033        1.062883       1.4135765     0.023408721              -0               -0       9.8260066              9.8260066
              3       4.7341056      0.96814063       1.5802378  -0.00048388005              -0               -0       9.4682112              9.4682112
              8       5.4373574      0.90825428       1.6907347    -0.030386854              -0               -0       10.874715              10.874715
              5       4.9218954      0.99946552       1.5116635   -0.0011313438              -0               -0       9.8437909              9.8437909
              1       4.8323491       1.1358569       1.4148992     0.052383174              -0               -0       9.6646982              9.6646982
              6       5.4611967       1.1578482       1.3475407     0.079913971              -0               -0       10.922393              10.922393
              6       4.1246523       1.0762469       1.4599456     0.028950735              -0               -0       8.2493046              8.2493046
              3       4.4701318       1.0977622       1.5012515     0.016081649              -0               -0       8.9402637              8.9402637
              1        5.084336       1.2315082       1.2640246     0.028603818              -0               -0       10.168672              10.168672
              2       4.7017492       1.1920993       1.3765597     0.021506228              -0               -0       9.4034985              9.4034985
              5       4.5501215       1.1762174       1.3883223     0.025591394              -0               -0        9.100243               9.100243
             11       4.3552166       1.1688369       1.3984409    0.0090044196              -0               -0       8.7104331              8.7104331
              3       4.4901715       1.0934819       1.5010783    -0.042814853              -0               -0        8.980343               8.980343
              2       8.3631673       1.0659662       1.6717185    -0.053721494              -0               -0       16.726335              16.726335
              3       8.3524224       1.0413913       1.7019309    -0.058855849              -0               -0       16.704845              16.704845
              2       5.4926309       1.0362637       1.6407014      -0.0339622              -0               -0       10.985262              10.985262
              2       5.4751495       1.0376617       1.6387734    -0.051963888              -0               -0       10.950299              10.950299
              3       6.2024789      0.88935739       1.7084549    -0.048218507              -0               -0       12.404958              12.404958
              1       5.5625603      0.90188546       1.6966328    -0.027495683              -0               -0       11.125121              11.125121
             14       3.9350314       1.0608771       1.5118717    -0.019801768              -0               -0       7.8700628              7.8700628
              8        3.970301       1.0653641       1.5186436    -0.023264883              -0               -0       7.9406021              7.9406021
              3          4.8059       1.0397289       1.5031407     0.045832805              -0               -0          9.6118                 9.6118
              2       4.8542717      0.99300566       1.5645676     0.030415402              -0               -0       9.7085435              9.7085435
              3       4.2936019       1.1427507       1.4433405    0.0023904577              -0               -0       8.5872039              8.5872039
              1        5.311844       1.1540569       1.4812423    -0.019723058              -0               -0       10.623688              10.623688
              1       5.6269929       1.1527061       1.4897841   -0.0061937511              -0               -0       11.253986              11.253986
              6       5.6565697        1.184808       1.4473892    -0.017418822              -0               -0       11.313139              11.313139
              4       4.9178862       1.1882452       1.3715704     0.041873334              -0               -0       9.8357724              9.8357724
              2       4.6301562       1.0329672       1.5810674     0.010210088              -0               -0       9.2603124              9.2603124
             15       4.1478474       1.0055109       1.5816002    -0.026686575              -0               -0       8.2956948              8.2956948
              4       4.9803929       1.1064551       1.5225024    0.0040603814              -0               -0       9.9607858              9.9607858
              7       4.4693086        1.012193       1.5281891    -0.019906811              -0               -0       8.9386172              8.9386172
             11       4.1352415       1.1442864       1.3915084    0.0024188353              -0               -0        8.270483               8.270483
              1        6.302756       1.2431047       1.1846681     0.055594204              -0               -0       12.605512              12.605512
              8         6.17363       1.2230994       1.2054133     0.070462664              -0               -0        12.34726               12.34726
              2       4.8268464       1.1737731        1.302912     0.042066543              -0               -0       9.6536928              9.6536928
              1       9.8902285       1.2699009       1.3323239     0.098940951              -0               -0       19.780457              19.780457
              1       9.6908586       1.3287441       1.2592503     0.098787186              -0               -0       19.381717              19.381717
              1       9.6608065       1.3133012       1.3023603     0.077609916              -0               -0       19.321613              19.321613
              1        7.347492        1.285575       1.2981153     0.065358779              -0               -0       14.694984              14.694984
              1       7.4534444       1.2966039       1.2739158      0.07504213              -0               -0       14.906889              14.906889
             10        7.425188       1.2687174        1.306473     0.078237728              -0               -0       14.850376              14.850376
              6       3.8918124       1.0788781        1.464211    0.0054874825              -0               -0       7.7836248              7.7836248
              5       4.0376866        1.012515       1.5780964    -0.013515705              -0               -0       8.0753731              8.0753731
              5       6.5919048       1.2669262       1.2045783   -0.0029684457              -0               -0        13.18381               13.18381
             13       4.4116811      0.99298231       1.5528867    -0.002216282              -0               -0       8.8233622              8.8233622
              1       4.4601322      0.98905585       1.5568441   -0.0018509992              -0               -0       8.9202644              8.9202644
              2       4.8024734      0.94403562       1.6537981     -0.03135841              -0               -0       9.6049469              9.6049469
              4       4.9588924      0.93070029       1.6751219    -0.019378332              -0               -0       9.9177848              9.9177848
              1       4.1418177       1.1030633        1.443512     0.030725812              -0               -0       8.2836354              8.2836354
              1       3.9803068       1.1109335       1.4351526      0.01953948              -0               -0       7.9606136              7.9606136
              5       3.9833852       1.1119814       1.4430689     0.017265026              -0               -0       7.9667704              7.9667704
              6       4.9815731       1.0774973       1.5463482     0.013451775              -0               -0       9.9631462              9.9631462
              2       4.4323378       1.1599097       1.3965048    -0.015958936              -0               -0       8.8646756              8.8646756
             12       4.6384842       1.1962293       1.3109655     0.036094916              -0               -0       9.2769685              9.2769685
              1       4.5241938        1.196353        1.330001     0.021071038              -0               -0       9.0483877              9.0483877
             10       4.9411833       1.2289906        1.305348     0.033557924              -0               -0       9.8823665              9.8823665
              1       4.5988458       1.2033041       1.3302851     0.025341392              -0               -0       9.1976915              9.1976915
              7       4.1442184       1.1055323       1.4480356     0.028768975              -0               -0       8.2884369              8.2884369
              3       4.8389897        1.032765       1.4619736     0.030809299              -0               -0       9.6779794              9.6779794
              1       4.7988557       1.0849327       1.4281689     0.056781323              -0               -0       9.5977114              9.5977114
              7       4.0921308       1.0675276       1.5088536     0.016374907              -0               -0       8.1842616              8.1842616
              6        4.166705        1.105081       1.4915517  -0.00053028633              -0               -0       8.3334099              8.3334099
              1         4.22551       1.0858304       1.4591253     0.034254828              -0               -0       8.4510199              8.4510199
              6        4.076301       1.0433586       1.4913075    0.0076307078              -0               -0        8.152602               8.152602
              1        4.975312        1.017103       1.5074735     0.044309682              -0               -0       9.9506241              9.9506241
              1       5.3407666        1.078395       1.4002402      0.06650709              -0               -0       10.681533              10.681533
              7        4.358308       1.0578813       1.4674046     0.035269276              -0               -0        8.716616               8.716616
              2       4.4324336       1.1073868       1.4415895     0.041734434              -0               -0       8.8648672              8.8648672
              3        4.868004       0.9969005       1.6439292    -0.057327567              -0               -0       9.7360081              9.7360081
              2       5.0900062      0.93536983       1.7112122    -0.036558892              -0               -0       10.180012              10.180012
              5       6.8303411      0.86445142        1.769733     -0.06423664              -0               -0       13.660682              13.660682
              2       7.1905766      0.85866255        1.801764    -0.076278624              -0               -0       14.381153              14.381153
              1       4.7709912      0.96215044       1.5997413    -0.022174386              -0               -0       9.5419823              9.5419823
              9       4.7989246      0.98799261        1.609398      0.01580213              -0               -0       9.5978492              9.5978492
              7       4.7211559       0.9727016       1.5710348   0.00023177959              -0               -0       9.4423119              9.4423119
              3       5.2028752       0.9750372       1.5385598     0.011586467              -0               -0        10.40575               10.40575
              3       4.7096453        1.012743       1.5733729     0.024724642              -0               -0       9.4192905              9.4192905
              3       4.7679953        1.173162       1.3449706    -0.011126518              -0               -0       9.5359906              9.5359906
              5         5.27746       1.0471103       1.6047863    -0.064338608              -0               -0        10.55492               10.55492
              3       4.8369099       1.0206686       1.5736296     -0.05756825              -0               -0       9.6738198              9.6738198
              3          5.2885       1.0548615       1.5458988    -0.068430711              -0               -0          10.577                 10.577
              6       5.6393757        1.142843       1.4300718    -0.058935097              -0               -0       11.278751              11.278751
              2       5.4681861       1.2036179       1.2652836     0.073321716              -0               -0       10.936372              10.936372
              3       5.1763545       1.0777742       1.3927761     0.054689017              -0               -0       10.352709              10.352709
              1       5.0821205       1.0741429       1.3935912     0.041600048              -0               -0       10.164241              10.164241
              4       4.4033357         1.18535       1.3506583     0.017164595              -0               -0       8.8066713              8.8066713
              7       5.8363148       1.2886876       1.2076537     0.045298912              -0               -0        11.67263               11.67263
              1       5.7051559       1.1941489       1.3086996     0.084525432              -0               -0       11.410312              11.410312
              3        5.022114        1.106524       1.3657428     0.056727614              -0               -0       10.044228              10.044228
              1       4.8612475       1.0743981       1.4067875     0.044663138              -0               -0       9.7224949              9.7224949
             13       6.2140329       1.1718045       1.2748967   -0.0038240943              -0               -0       12.428066              12.428066
              2       6.4583006       1.1784172       1.2446813     0.016907138              -0               -0       12.916601              12.916601
              7       4.3902591       1.0424478       1.4686381     0.013143287              -0               -0       8.7805182              8.7805182
              8        5.917235       1.1024536       1.3438772    0.0021906719              -0               -0        11.83447               11.83447
              1       5.6318894       1.0768335       1.3714456     0.019749888              -0               -0       11.263779              11.263779
              1       6.2256952       1.0384695       1.4025038     0.022112238              -0               -0        12.45139               12.45139
              1        6.179892       1.0393204       1.4020514     0.024292575              -0               -0       12.359784              12.359784
              2       6.5804425      0.86831944       1.7711839    -0.060672952              -0               -0       13.160885              13.160885
              3       6.0830613       0.8935442       1.6822878   0.00028524864              -0               -0       12.166123              12.166123
              7       5.1764642      0.94385106       1.6342847     0.012597801              -0               -0       10.352928              10.352928
              1        4.237629       1.1278686       1.3873626     0.034710388              -0               -0        8.475258               8.475258
              7       4.8718758       1.1945461       1.3647916     0.037902856              -0               -0       9.7437515              9.7437515
              8       4.8964511       1.2168266       1.3219274     0.039485581              -0               -0       9.7929023              9.7929023
              5       4.4091825       1.1777809       1.3500913     0.031905942              -0               -0        8.818365               8.818365
              1       4.1568313       1.1395155       1.3870083     0.027984803              -0               -0       8.3136626              8.3136626
              3       4.0097564       1.1267038        1.407532     0.013661567              -0               -0       8.0195127              8.0195127
              8       4.7660927       1.1917454       1.2981565     0.041234259              -0               -0       9.5321854              9.5321854
              1        5.338755       1.2469671       1.2397731     0.046084238              -0               -0        10.67751               10.67751
              2        4.443415        1.123431       1.3670931     0.024452487              -0               -0       8.8868299              8.8868299
              4       4.4402731       1.1212636       1.3693731     0.028933267              -0               -0       8.8805461              8.8805461
              1        5.357511       1.2352369       1.2823668   -0.0034717149              -0               -0       10.715022              10.715022
              3       5.5534995        1.189953        1.435293    -0.010689869              -0               -0       11.106999              11.106999
              1       5.9501594      0.90254704        1.708698    -0.056570129              -0               -0       11.900319              11.900319
              1       6.6095628      0.89414887       1.7390078    -0.075954967              -0               -0       13.219126              13.219126
              1       6.4338629       1.2083492       1.2556864    -0.015648671              -0               -0       12.867726              12.867726
              1       6.3352102       1.2890721       1.2615451    -0.010708409              -0               -0        12.67042               12.67042
              5       6.9760716        1.298443       1.1824613      0.10177561              -0               -0       13.952143              13.952143
              1       6.4419396       1.1981772        1.313351     0.098774543              -0               -0       12.883879              12.883879
              2       6.2236424       1.1931263       1.3146512     0.095563824              -0               -0       12.447285              12.447285
              2       5.0570505       1.1637425       1.3506318     0.067302421              -0               -0       10.114101              10.114101
              3       6.2643423       1.2010225       1.2650688     0.099957263              -0               -0       12.528685              12.528685
              4       5.5346111       1.1006995       1.4151661     0.077225722              -0               -0       11.069222              11.069222
              1       6.0493833      0.91927355       1.6618677     0.023648806              -0               -0       12.098767              12.098767
              2       5.0040203      0.93770498       1.6433952   -0.0025162412              -0               -0       10.008041              10.008041
              1       4.6763229      0.96288999       1.6221987    0.0031725208              -0               -0       9.3526459              9.3526459
              9       4.3182108       1.0522536        1.461313    0.0041813159              -0               -0       8.6364217              8.6364217
              5       7.3754809       1.3127017       1.2811434     0.042349795              -0               -0       14.750962              14.750962
              1        6.101781       1.2407692       1.3594538     0.028561198              -0               -0       12.203562              12.203562
              1       5.6686771       1.2810752       1.2374176     0.042453297              -0               -0       11.337354              11.337354
             16       5.1043591       1.2424652        1.298117     0.026478422              -0               -0       10.208718              10.208718
              1       5.1025168       1.2433059       1.2947249     0.025601605              -0               -0       10.205034              10.205034
              5       5.8948048      0.89471429       1.6856062    -0.020098952              -0               -0        11.78961               11.78961
              3       5.6910259      0.99094332       1.5366331     0.053717612              -0               -0       11.382052              11.382052
              4       5.3922151      0.99020293       1.5449924     0.045875725              -0               -0        10.78443               10.78443
              2       5.0014406       1.0403984       1.5051844     0.050532982              -0               -0       10.002881              10.002881
              2       5.1772619       1.0395495       1.4946566     0.056452927              -0               -0       10.354524              10.354524
              1        5.117547       1.0312298       1.5239299     0.049085226              -0               -0       10.235094              10.235094
              1       6.9463612       1.1882295       1.3515826     0.098101563              -0               -0       13.892722              13.892722
              3       5.8947555       1.2941847       1.2382764     0.026346628              -0               -0       11.789511              11.789511
              3       4.1220434       1.0980535       1.4621679     0.025576764              -0               -0       8.2440868              8.2440868
              1       4.1341726        1.093599       1.4665327     0.026287252              -0               -0       8.2683451              8.2683451
             12       3.9717202       1.0873425       1.4603513     0.020177719              -0               -0       7.9434404              7.9434404
             10        4.733104       1.1120673       1.3981262     0.057753651              -0               -0        9.466208               9.466208
              1       5.3489674        1.056411       1.5412715     -0.06914784              -0               -0       10.697935              10.697935
              1       5.4623067       1.0713676       1.5597043     -0.07043672              -0               -0       10.924613              10.924613
              2       6.2015135       1.1012673       1.5632513    -0.070545571              -0               -0       12.403027              12.403027
              2       5.6022897       1.2607667       1.2978808   0.00075317101              -0               -0       11.204579              11.204579
              1       4.4337956       1.0195278       1.5790097     0.011585492              -0               -0       8.8675913              8.8675913
              1       4.7702978      0.99607122       1.6453644    -0.013932901              -0               -0       9.5405957              9.5405957
              2       4.8608195       0.9831525        1.661557      -0.0164058              -0               -0       9.7216389              9.7216389
              2       4.8713186      0.98324548       1.6656503    -0.021065212              -0               -0       9.7426371              9.7426371
              1       6.7821111      0.87326896       1.7521048    -0.066383175              -0               -0       13.564222              13.564222
              1       7.1557155      0.86236813       1.7784805    -0.073678977              -0               -0       14.311431              14.311431
              4       5.1336691       1.0732295       1.4106329   -0.0095778476              -0               -0       10.267338              10.267338
              3       4.2695416        1.096953       1.4312729    -0.014705155              -0               -0       8.5390831              8.5390831
             12       4.1299356       1.0204489       1.5344765    -0.014975244              -0               -0       8.2598712              8.2598712
              1        4.528258       1.0207769       1.4950324     0.017094133              -0               -0        9.056516               9.056516
              1       4.4264011       1.1235923         1.37305     0.039036844              -0               -0       8.8528022              8.8528022
              1       4.3427798       1.1409641       1.3608021      0.03177045              -0               -0       8.6855596              8.6855596
              1       4.1250799       1.0256235       1.5863659    -0.017657863              -0               -0       8.2501597              8.2501597
              2        4.159202       1.0309286       1.5832301    -0.014531443              -0               -0       8.3184041              8.3184041
              7       3.9542666       1.0995804       1.4527483   -0.0098075474              -0               -0       7.9085332              7.9085332
              8       4.1294111       1.1217081        1.396552     0.026221249              -0               -0       8.2588222              8.2588222
              2       5.4823816       1.1789199       1.2677975     0.032804203              -0               -0       10.964763              10.964763
              2       5.4090974       1.2319124       1.2878755   -0.0085269488              -0               -0       10.818195              10.818195
              5       4.5263673       1.1767548        1.401042    0.0036251291              -0               -0       9.0527346              9.0527346
              8       4.4025798       1.1729968       1.3955354    0.0075203882              -0               -0       8.8051597              8.8051597
              1        4.252172       1.1490211       1.4249568    0.0099893078              -0               -0       8.5043441              8.5043441
              1       5.2691131       1.1185494       1.3351519     0.023116947              -0               -0       10.538226              10.538226
              2       5.3887542       1.1305093       1.3157123     0.032187573              -0               -0       10.777508              10.777508
              8       3.9314279       1.0483728       1.5434314    -0.015924394              -0               -0       7.8628559              7.8628559
              8       4.0293248       1.0263187       1.5751455    -0.018971752              -0               -0       8.0586497              8.0586497
              4       6.0874448      0.88420982       1.7091173    -0.010224228              -0               -0        12.17489               12.17489
              2       6.8239518       1.0330585       1.4784803    -0.062922352              -0               -0       13.647904              13.647904
              7       5.4089276        1.189609       1.3028609    -0.012339582              -0               -0       10.817855              10.817855
              3       4.9183001       1.1269404       1.3555515  -0.00083155672              -0               -0       9.8366002              9.8366002
              4       4.4300464       1.0964757       1.4437124     0.043644923              -0               -0       8.8600929              8.8600929
              1       5.5301498       1.2705508       1.2650348     0.018207277              -0               -0         11.0603                11.0603
              1       5.9378385        1.293928       1.2026774      0.03466354              -0               -0       11.875677              11.875677
              1       7.8974587       1.3896467       1.1495924     0.031835362              -0               -0       15.794917              15.794917
              1       7.4223248       1.3010574       1.3136136    -0.015808765              -0               -0        14.84465               14.84465
              2       8.1711987       1.2566406       1.3910202     0.026991675              -0               -0       16.342397              16.342397
              4       4.8963224      0.96067199        1.672095     -0.01157871              -0               -0       9.7926447              9.7926447
              4       4.5063622       1.0501699       1.5704922     0.001111615              -0               -0       9.0127244              9.0127244
              4       5.0905607        1.087493       1.3846712    0.0047198265              -0               -0       10.181121              10.181121
              5       4.8141299       1.0506617       1.4586792    -0.018780159              -0               -0       9.6282597              9.6282597
              2       3.9301059       1.0669683       1.4782287   -0.0047842911              -0               -0       7.8602118              7.8602118
              1        4.490514       1.1174656        1.371977     0.036265508              -0               -0       8.9810279              8.9810279
              9       4.4187594       1.1182198       1.3752555     0.017021343              -0               -0       8.8375189              8.8375189
              1       4.1700069       1.1018816       1.4109992    0.0076980479              -0               -0       8.3400138              8.3400138
              1       4.5463135       1.0850929       1.4197442   -0.0081013643              -0               -0        9.092627               9.092627
              4       4.5777945       1.0662269       1.4367727   -0.0051013817              -0               -0       9.1555889              9.1555889
              3        5.762818       1.0076098        1.464684    0.0078665881              -0               -0       11.525636              11.525636
              2       5.7396517       1.1389696       1.2960221     0.029675892              -0               -0       11.479303              11.479303
              1       8.3439716        1.125908        1.335312    -0.060237704              -0               -0       16.687943              16.687943
              3       7.4488457       1.0939292       1.3918282    -0.061569466              -0               -0       14.897691              14.897691
              2       4.5152251       1.0993483       1.4918994    -0.042411483              -0               -0       9.0304501              9.0304501
              4       4.7980656       1.0880891       1.5153273    -0.053208441              -0               -0       9.5961312              9.5961312
              3       4.1598394       1.0997333        1.502043   -0.0082784662              -0               -0       8.3196788              8.3196788
              5       4.2961811       1.0178154       1.5735589    -0.039534474              -0               -0       8.5923622              8.5923622
             11       4.2703719       1.0273704       1.5601265    -0.038958049              -0               -0       8.5407439              8.5407439
              7       4.0601911       1.0402617       1.5314729    -0.026222357              -0               -0       8.1203822              8.1203822
              5       4.1602181       1.0440849       1.5128736    -0.025422295              -0               -0       8.3204363              8.3204363
              9       4.5513841      0.99936508       1.6413733    -0.033378168              -0               -0       9.1027682              9.1027682
              5       5.3906275        1.077423       1.5578966    -0.066920549              -0               -0       10.781255              10.781255
              4       4.7038253       1.1706759       1.3850942     0.040912467              -0               -0       9.4076505              9.4076505
              4          4.0297        1.028793       1.5617373   -0.0021682866              -0               -0          8.0594                 8.0594
             12       5.1509514      0.94695351       1.6324273     0.013660372              -0               -0       10.301903              10.301903
              1       5.1257543      0.96132114       1.5979659     0.023084092              -0               -0       10.251509              10.251509
              8        5.745236      0.93049408       1.6589722     0.020479842              -0               -0       11.490472              11.490472
              4       5.7272397      0.92970705       1.6558607     0.020388611              -0               -0       11.454479              11.454479
             10       6.5105208      0.95528379       1.5519306    -0.032433585              -0               -0       13.021042              13.021042
              2       6.1725013      0.98639199       1.4824486     0.014404398              -0               -0       12.345003              12.345003
              3        5.841729      0.99848844       1.4767147    0.0057773071              -0               -0       11.683458              11.683458
              1       5.7977774       1.0641656       1.4140889    -0.023586328              -0               -0       11.595555              11.595555
             10       4.1392169       1.1267722       1.4563221    -0.011334775              -0               -0       8.2784337              8.2784337
              1       4.0617304       1.1267113       1.3991803     0.019474421              -0               -0       8.1234608              8.1234608
              5       3.9138509       1.0944173       1.4488595     0.013901063              -0               -0       7.8277018              7.8277018
              3       3.8568959       1.0883379       1.4702772    0.0049175969              -0               -0       7.7137919              7.7137919
              1       3.8820003        1.098018       1.4602796     0.007445835              -0               -0       7.7640007              7.7640007
              2       4.2652215       1.1094954       1.4483948     -0.02659037              -0               -0       8.5304431              8.5304431
              3       5.6037242       1.0010339       1.6629586    -0.073897296              -0               -0       11.207448              11.207448
              1       5.1494469       1.0410125       1.5938931    -0.066315323              -0               -0       10.298894              10.298894
              2       7.1173639       1.2089641       1.4548929    -0.030282558              -0               -0       14.234728              14.234728
              1       6.8879177       1.1814767       1.4833424   -0.0067866557              -0               -0       13.775835              13.775835
              4       6.0977198       1.2026964       1.4322953    -0.029450918              -0               -0        12.19544               12.19544
              4       7.1620816      0.86209493       1.8265486    -0.077181731              -0               -0       14.324163              14.324163
              4       8.7751099      0.79210269       1.8925453    -0.058509383              -0               -0        17.55022               17.55022
              3       8.3636903      0.86844482       1.8170597   0.00093079347              -0               -0       16.727381              16.727381
              1       5.1720545       1.0563139       1.5687026     0.017994476              -0               -0       10.344109              10.344109
              5       4.2067512        1.038404       1.5501385     0.011733991              -0               -0       8.4135023              8.4135023
             17       4.6379309       1.1032754       1.3919449     0.050111262              -0               -0       9.2758618              9.2758618
              7       5.5962575       0.9434819       1.7321711    -0.033378408              -0               -0       11.192515              11.192515
              2       5.8591809      0.89942267       1.7676076    -0.039293248              -0               -0       11.718362              11.718362
              1       5.3477094      0.95425383       1.6788273     -0.06609572              -0               -0       10.695419              10.695419
              3        4.831899      0.98868662       1.6603349    -0.050488614              -0               -0       9.6637979              9.6637979
              1       5.7694338      0.91079729       1.7451226    -0.062357379              -0               -0       11.538868              11.538868
              1        5.287448      0.94115995        1.646309    -0.047853359              -0               -0       10.574896              10.574896
              2       5.0202158      0.94166282       1.6390635    -0.033183953              -0               -0       10.040432              10.040432
              2       4.8522937       1.0218928       1.4850424   -0.0080754204              -0               -0       9.7045873              9.7045873
              5       4.3864183      0.97139093       1.6267031    -0.018865441              -0               -0       8.7728365              8.7728365
              3       4.2579061       0.9897896       1.6164287    -0.015765636              -0               -0       8.5158122              8.5158122
              5       4.6926615       1.1836807        1.381686     0.029496529              -0               -0       9.3853231              9.3853231
              6       5.2387468       1.1238226       1.4869858     0.027240682              -0               -0       10.477494              10.477494
              4       4.7111549        1.115777       1.3620862     0.018691809              -0               -0       9.4223098              9.4223098
              1       4.7651701        1.125916       1.3479039     0.023492437              -0               -0       9.5303402              9.5303402
             11       4.1821194        1.088071       1.4264419     0.027730506              -0               -0       8.3642388              8.3642388
              2       4.3295877       1.0621589       1.4472549     0.026068377              -0               -0       8.6591754              8.6591754
              4       4.1797458       1.0221323       1.5231828     0.012548872              -0               -0       8.3594916              8.3594916
              4       4.0379232       1.0717509       1.4783377     0.022713077              -0               -0       8.0758465              8.0758465
              2       4.8863611       1.1757331       1.3895476     0.040906856              -0               -0       9.7727221              9.7727221
              2       4.6635166       1.2004427        1.357312     0.020547207              -0               -0       9.3270332              9.3270332
              2       4.4474442       1.0065717       1.5471292    -0.026936312              -0               -0       8.8948884              8.8948884
              2       5.6664786       1.1348266        1.346071     0.085240119              -0               -0       11.332957              11.332957
              1       5.6488354       1.1172435       1.3861754     0.082936663              -0               -0       11.297671              11.297671
              3       5.2692836       1.1915159       1.3149357     0.071863462              -0               -0       10.538567              10.538567
              2       4.6418749       1.1410215       1.3602993     0.053842133              -0               -0       9.2837498              9.2837498
              4       5.1395513       1.0665443       1.4743162     0.059420859              -0               -0       10.279103              10.279103
              5       5.1613057        1.061769       1.4807852     0.058784154              -0               -0       10.322611              10.322611
              1       4.8059994       1.0719167        1.476037     0.050431733              -0               -0       9.6119987              9.6119987
              1       8.8473148       1.2661953        1.275609      0.12264281              -0               -0        17.69463               17.69463
              1       9.2332516       1.3460891       1.0929621      0.14815586              -0               -0       18.466503              18.466503
              8       9.0492617       1.4471181       1.0488798     0.063738703              -0               -0       18.098523              18.098523
              1       9.5624345       1.4544536       1.0848012     0.031453396              -0               -0       19.124869              19.124869
              1       7.1375064       1.2935721       1.2391711    -0.029668034              -0               -0       14.275013              14.275013
              4       8.8638983       1.3090041       1.3416028    -0.031623701              -0               -0       17.727797              17.727797
              1       8.7281623       1.3211463        1.314545    -0.031815441              -0               -0       17.456325              17.456325
              1       6.0588568       1.2466122       1.3568693    -0.015820582              -0               -0       12.117714              12.117714
              1       5.7239838       1.2611429       1.3074341   -0.0030947188              -0               -0       11.447968              11.447968
              6       5.6439421       1.2478856        1.321789    -0.012702892              -0               -0       11.287884              11.287884
              1       5.6323477       1.2479345       1.3192357    -0.012742606              -0               -0       11.264695              11.264695
              6       4.8403391       1.2144088       1.3441245    0.0036159628              -0               -0       9.6806783              9.6806783
              1       6.5576106       1.0954238       1.3167463     0.041989706              -0               -0       13.115221              13.115221
              5       6.2286762       1.0938112        1.328296     0.039103081              -0               -0       12.457352              12.457352
              1       5.2752144       1.1227476       1.5249044    -0.026815167              -0               -0       10.550429              10.550429
              3       5.6609918       1.1537142       1.4894537   -0.0062784423              -0               -0       11.321984              11.321984
              7       6.7484471       1.3220964       1.2112389     0.066529281              -0               -0       13.496894              13.496894
              4       6.4281716       1.1633519       1.2904747    -0.017312318              -0               -0       12.856343              12.856343
              1       6.6649556       1.2354509       1.3740989    -0.046391645              -0               -0       13.329911              13.329911
              4       7.8762458       1.2207454        1.394731    -0.077107109              -0               -0       15.752492              15.752492
              9       6.2283609       1.1940219       1.4376512    -0.047150357              -0               -0       12.456722              12.456722
              3        4.705755       1.1973853       1.3656027   -0.0048266721              -0               -0       9.4115099              9.4115099
              1       4.3302834      0.98390521       1.6160774   -0.0082296365              -0               -0       8.6605668              8.6605668
              7        6.244111      0.99609494       1.6753745   -0.0001312443              -0               -0       12.488222              12.488222
              2       6.1131537        1.250364       1.3356466    -0.026410539              -0               -0       12.226307              12.226307
              4       6.4143444       1.3236681       1.2042586     0.032015839              -0               -0       12.828689              12.828689
              6       7.0067501       1.3548343       1.1596969     0.037392932              -0               -0         14.0135                14.0135
              3       5.4361594       1.2444568       1.2705281     0.061328888              -0               -0       10.872319              10.872319
              1       6.0451067       1.2738161       1.3003932   -0.0054249085              -0               -0       12.090213              12.090213
              3       9.0327107       1.4133183       1.1660048     0.034955242              -0               -0       18.065421              18.065421
              1       8.6828376       1.2028662       1.4396847     0.055429207              -0               -0       17.365675              17.365675
              1       7.6821533       1.2259151       1.2378128      0.12978258              -0               -0       15.364307              15.364307
              2       6.6608408      0.99208475       1.4707041     0.060954374              -0               -0       13.321682              13.321682
              9       5.7205293       1.0830495       1.3647166     0.012439865              -0               -0       11.441059              11.441059
              1       5.4458156       1.0488716       1.4187884    0.0055449502              -0               -0       10.891631              10.891631
              1       4.5535592       1.0779893       1.4137367     0.034162265              -0               -0       9.1071184              9.1071184
              1       4.8254654       1.1441321       1.3265273     0.040741101              -0               -0       9.6509308              9.6509308
              6       4.3526326       1.1323317       1.4464351    -0.025773922              -0               -0       8.7052651              8.7052651
              1       4.2755951       1.1310022       1.4462227       -0.022396              -0               -0       8.5511901              8.5511901
             11       4.2858199       1.1369751       1.4541085   -0.0091581615              -0               -0       8.5716397              8.5716397
              9       4.2537063       1.1311212        1.453873    0.0092580556              -0               -0       8.5074127              8.5074127
              1       4.9069203        1.186805       1.4091461   -0.0094379814              -0               -0       9.8138405              9.8138405
              9       4.3420642       1.1464227       1.3601059     0.035128297              -0               -0       8.6841284              8.6841284
              4       4.3154708       1.1281987       1.3748932     0.012397577              -0               -0       8.6309416              8.6309416
              8         4.07123       1.1151973       1.4227288   -0.0069010046              -0               -0       8.1424599              8.1424599
              5       4.6102733       1.0136976       1.6305654    -0.040104792              -0               -0       9.2205466              9.2205466
              2       4.0210965       1.0238493       1.5350922   -0.0080841522              -0               -0        8.042193               8.042193
              5       6.0412676        1.130522       1.2926247     0.059171522              -0               -0       12.082535              12.082535
              4       4.4123348       1.0617849       1.4565667     0.037487299              -0               -0       8.8246696              8.8246696
              2       4.1236093       1.0506232       1.4789283     0.017449092              -0               -0       8.2472185              8.2472185
              1       5.0628797       1.0559635       1.4175423     0.018451081              -0               -0       10.125759              10.125759
              3       4.9254312       1.0698628        1.407974     0.010683707              -0               -0       9.8508624              9.8508624
              1        5.464273       1.0598599       1.4057005    0.0032441067              -0               -0       10.928546              10.928546
              1       5.5056082       1.0833008       1.3754185    0.0049721498              -0               -0       11.011216              11.011216
              6       5.6902407       1.1010982       1.3501149     0.004778567              -0               -0       11.380481              11.380481
              2       7.5707829       1.0516867       1.4628007    -0.076747749              -0               -0       15.141566              15.141566
              2       6.9861776       1.0628087       1.6342239    -0.082636068              -0               -0       13.972355              13.972355
              3       6.9468069       1.0615785       1.6350708    -0.082243607              -0               -0       13.893614              13.893614
              1       6.9174996       1.0335326       1.6509993    -0.093533569              -0               -0       13.834999              13.834999
              3       11.307836       1.0496363       1.6819989     -0.13789707              -0               -0       22.615671              22.615671
              6       8.9551901       1.0935223       1.6180256     -0.10553684              -0               -0        17.91038               17.91038
              2       5.6638622      0.90983441       1.6957746   0.00072901519              -0               -0       11.327724              11.327724
              1       5.7197443      0.90276119       1.7127045   -0.0058888477              -0               -0       11.439489              11.439489
              7       4.2698658       1.0291022        1.536637    -0.032156249              -0               -0       8.5397315              8.5397315
              1        3.948558       1.0519246       1.5143894    -0.018269864              -0               -0        7.897116               7.897116
              7       5.9495137       1.1957817       1.3771769    -0.050282522              -0               -0       11.899027              11.899027
             10       4.7842022        1.209054       1.3084009    0.0092892582              -0               -0       9.5684044              9.5684044
              7       5.5287519       1.2461303       1.2466842     0.010400291              -0               -0       11.057504              11.057504
              1       5.8160347       1.1047726       1.3380545     0.011416616              -0               -0       11.632069              11.632069
              1       5.4073079      0.92747434       1.6750572    -0.050797594              -0               -0       10.814616              10.814616
              5       5.0675859      0.94325647       1.6645947     -0.04902264              -0               -0       10.135172              10.135172
             11       4.7663987      0.95380611       1.6238059    -0.027014035              -0               -0       9.5327975              9.5327975
              8       4.7531522      0.94780436       1.6384006    -0.024204279              -0               -0       9.5063044              9.5063044
              2        4.952452      0.96449621       1.5728003   -0.0004158643              -0               -0       9.9049039              9.9049039
             10        5.029822       1.2294253       1.2806511     0.046420226              -0               -0       10.059644              10.059644
              2       6.2229918       1.2230639       1.2676641     0.096261292              -0               -0       12.445984              12.445984
              2       5.8353075       1.0128017       1.4827551     0.062871337              -0               -0       11.670615              11.670615
              2       5.4618526       1.0171002       1.5103207     0.057651297              -0               -0       10.923705              10.923705
              1        5.126977       1.0269573       1.5094249     0.051759238              -0               -0       10.253954              10.253954
              3       4.9691396         1.01175       1.5261995     0.042569106              -0               -0       9.9382791              9.9382791
              2       4.8873378        1.026016       1.5082035     0.045164029              -0               -0       9.7746757              9.7746757
              3       5.6690452       1.0773262       1.4184029     0.078163979              -0               -0        11.33809               11.33809
              2       5.8306501        1.236911       1.2395069     0.081857304              -0               -0         11.6613                11.6613
              6       10.275717       1.3079813       1.0787929      0.16766266              -0               -0       20.551434              20.551434
              2       7.8290052       1.3579475       1.1555238      0.09623873              -0               -0        15.65801               15.65801
              2       7.9993909       1.3867701       1.1694786     0.040180089              -0               -0       15.998782              15.998782
              1       7.8615934       1.3868152       1.1584961     0.040678925              -0               -0       15.723187              15.723187
              3         7.78486       1.3830046       1.1632208     0.040173353              -0               -0        15.56972               15.56972
              2       7.9584942       1.3061218       1.3141747     0.032919622              -0               -0       15.916988              15.916988
              1       6.9159977       1.2866793       1.3048496     0.044204435              -0               -0       13.831995              13.831995
              1       8.1522625       1.3879725       1.1537195     0.071642508              -0               -0       16.304525              16.304525
             10         9.40118       1.3893934       1.1641716      0.10280503              -0               -0        18.80236               18.80236
              2       5.8719366       1.2780047       1.2342101     0.064067355              -0               -0       11.743873              11.743873
              2       5.4961257       1.2261316         1.31135     0.062671034              -0               -0       10.992251              10.992251
              1       5.0181059        1.086157       1.5627195    -0.019980022              -0               -0       10.036212              10.036212
              1       4.7956201       1.0275216       1.6136125   -0.0088577311              -0               -0       9.5912402              9.5912402
              2       4.4645243       1.0822749       1.5444419    -0.016032335              -0               -0       8.9290487              8.9290487
              1       4.0778516       1.0441965       1.4973304   -0.0092187341              -0               -0       8.1557033              8.1557033
              4       4.8494622       1.0260286       1.4887117     -0.01859393              -0               -0       9.6989243              9.6989243
              1        7.324406      0.95534772       1.6056095    -0.081448309              -0               -0       14.648812              14.648812
              1       6.6880319       1.0222801       1.6329484    -0.096134081              -0               -0       13.376064              13.376064
              2       6.6458692       1.0558927       1.6078569     -0.09084098              -0               -0       13.291738              13.291738
              1         5.74854      0.97843151        1.688319   -0.0089702064              -0               -0        11.49708               11.49708
              2       4.8763449      0.96952583        1.675061    -0.020316357              -0               -0       9.7526898              9.7526898
              1       6.6611011       1.3036169       1.2758591   -0.0014109606              -0               -0       13.322202              13.322202
              4       6.6921275       1.1562358       1.5166747    -0.017715888              -0               -0       13.384255              13.384255
              2       7.6419603      0.87766426       1.6769529     0.034400157              -0               -0       15.283921              15.283921
              4       4.2707808       1.0737168       1.5169383    -0.038289504              -0               -0       8.5415615              8.5415615
              4        4.270507       1.0745121       1.5161898    -0.038163082              -0               -0        8.541014               8.541014
              4         5.28599         1.15841       1.4454839    -0.046198184              -0               -0        10.57198               10.57198
              3         6.27405       1.3081307       1.2327685     0.013467331              -0               -0         12.5481                12.5481
              2       4.9276567       1.2188834       1.3350352  -0.00081502153              -0               -0       9.8553135              9.8553135
              2       5.1232991       1.2204033        1.333473    -0.011707476              -0               -0       10.246598              10.246598
              2       4.5791712          1.1758       1.3549319   -0.0077834936              -0               -0       9.1583423              9.1583423
              1       4.6124423       1.1988652       1.3343208    0.0056811587              -0               -0       9.2248846              9.2248846
              2       6.0920286       1.2635209       1.2924499    -0.020641056              -0               -0       12.184057              12.184057
              2       4.4143611       1.1839199          1.3407     0.018730893              -0               -0       8.8287223              8.8287223
              1       4.8184524       1.1128106       1.5133708   -0.0017551082              -0               -0       9.6369048              9.6369048
              1       6.0122977        1.267258       1.2522149     0.073354682              -0               -0       12.024595              12.024595
              6       5.8424698       1.2379879       1.2082656     0.052038371              -0               -0        11.68494               11.68494
              1       4.1359685       1.0998653        1.481353     0.014483963              -0               -0       8.2719369              8.2719369
             10       5.0061268      0.97121547       1.5691419     0.021993876              -0               -0       10.012254              10.012254
              1       4.4420265      0.97314354       1.5979753    -0.008401084              -0               -0       8.8840531              8.8840531
              9       5.2059737        1.144972       1.4492691     0.036580838              -0               -0       10.411947              10.411947
              3       4.8368297       1.0822829       1.4881705     0.044041215              -0               -0       9.6736593              9.6736593
              5       4.9913394       1.1082204       1.4589242     0.049964749              -0               -0       9.9826787              9.9826787
              1       4.8821812       1.1296442       1.4106295      0.05770475              -0               -0       9.7643624              9.7643624
              5       7.8073127        1.224622       1.3791614    -0.075541936              -0               -0       15.614625              15.614625
              2        7.246856       1.0903715       1.5578597     -0.09734843              -0               -0       14.493712              14.493712
              7       6.7432139       1.0762712       1.3348536     0.046395508              -0               -0       13.486428              13.486428
              8       6.5872716      0.98164749         1.58384     -0.07730505              -0               -0       13.174543              13.174543
              6        6.402864      0.98520578       1.5809976    -0.075228947              -0               -0       12.805728              12.805728
              4        4.959623      0.99123819       1.5868533    -0.052040703              -0               -0        9.919246               9.919246
              2       4.0315977       1.0446545       1.5477932    -0.028107008              -0               -0       8.0631953              8.0631953
              1       4.3148854       1.0365441       1.4884026     0.022730641              -0               -0       8.6297707              8.6297707
              1       3.9876027       1.0492187       1.4978201   -0.0080837483              -0               -0       7.9752053              7.9752053
              2        4.314681       1.0435258       1.4824367   -0.0097391177              -0               -0       8.6293621              8.6293621
              9       4.2007687       1.0627038       1.4639751   -0.0084967106              -0               -0       8.4015373              8.4015373
              3       4.1442675       1.0771759       1.4432679   0.00059707455              -0               -0       8.2885351              8.2885351
              3       4.1633273       1.0787594        1.439918   0.00098190194              -0               -0       8.3266546              8.3266546
              1       4.3743288       0.9875845       1.5886098    -0.028046063              -0               -0       8.7486577              8.7486577
              3       4.4580068       1.0010536       1.5838984    -0.041005321              -0               -0       8.9160137              8.9160137
              2       5.1249542       1.0473321       1.5112115    -0.054910906              -0               -0       10.249908              10.249908
              2       5.1302337       1.0473174       1.5091984    -0.054260642              -0               -0       10.260467              10.260467
              4       6.5821608       1.1009327       1.4413524     0.088847531              -0               -0       13.164322              13.164322
              7       5.2371901      0.92553452       1.6582328   -0.0023556211              -0               -0        10.47438               10.47438
              1       6.0470114      0.94847699        1.591383     0.042407113              -0               -0       12.094023              12.094023
              9       5.1133666       1.0256524       1.5134123     0.050750991              -0               -0       10.226733              10.226733
             16       5.3106437       1.0235859       1.5332155     0.051205551              -0               -0       10.621287              10.621287
              5       5.1969193      0.98083232       1.6171841      0.02398138              -0               -0       10.393839              10.393839
              7       6.5875522       1.1970824       1.2546596      0.10670369              -0               -0       13.175104              13.175104
              2       5.6979535       1.0445167       1.4411723     0.069068242              -0               -0       11.395907              11.395907
              2        8.022793       1.0178826       1.4747432      0.10605641              -0               -0       16.045586              16.045586
              3       4.8252303        1.144188       1.4309644     0.038985217              -0               -0       9.6504606              9.6504606
              8       4.1733071       1.0426741       1.5098007     0.023023217              -0               -0       8.3466143              8.3466143
              5       4.5069238       1.0016887       1.5838156     0.015498801              -0               -0       9.0138475              9.0138475
              5       4.5261421       1.0106123       1.5692222     0.020986545              -0               -0       9.0522841              9.0522841
              2       4.5241085       1.0916734       1.4273446     0.048531754              -0               -0       9.0482169              9.0482169
              2       4.5111675       1.1095891       1.4027075     0.049364589              -0               -0        9.022335               9.022335
              1       4.0598907       1.0838009       1.4419077     0.022475078              -0               -0       8.1197814              8.1197814
              1        4.046989        1.083072       1.4425152     0.020522413              -0               -0        8.093978               8.093978
              2       4.1451626       1.0714514       1.4481073     0.022360612              -0               -0       8.2903252              8.2903252
              1       4.0646027       1.0897729       1.4918798     0.011315671              -0               -0       8.1292055              8.1292055
              4       4.3265553       1.1538625       1.4034249      0.02716601              -0               -0       8.6531106              8.6531106
              5       4.4994386       1.0772861       1.4240972  -0.00071049372              -0               -0       8.9988772              8.9988772
              1       4.3988289      0.98707981       1.6097999    0.0001008599              -0               -0       8.7976579              8.7976579
              2       5.1074673       1.1361964        1.462444     0.031810826              -0               -0       10.214935              10.214935
              5       9.6552935       1.0754413       1.5761929     0.064446726              -0               -0       19.310587              19.310587
              2       8.3336807          1.2249       1.4022446      0.06073645              -0               -0       16.667361              16.667361
              1       9.3995588       1.1298531        1.604559    -0.035284252              -0               -0       18.799118              18.799118
              3       9.0526865       1.3133305       1.3318676    -0.042066671              -0               -0       18.105373              18.105373
              1       5.4615457      0.98078998       1.6965242    -0.032855465              -0               -0       10.923091              10.923091
              3       4.5308286       1.0456359       1.4580516     0.026603335              -0               -0       9.0616571              9.0616571
              7       4.1171944       1.1041855       1.4387985     0.030152581              -0               -0       8.2343889              8.2343889
              1       4.0181477       1.0383466       1.5460168    -0.026440378              -0               -0       8.0362955              8.0362955
              2       4.0934689       1.0159315       1.5602934    -0.023581165              -0               -0       8.1869378              8.1869378
              1       3.9105456       1.0394235       1.5241567   -0.0022009044              -0               -0       7.8210912              7.8210912
              8       3.8702844       1.0693749       1.4813953    0.0048039019              -0               -0       7.7405688              7.7405688
              1       5.8434537       1.2500385       1.3360094    -0.013834595              -0               -0       11.686907              11.686907
              1       3.9349009       1.1112203       1.4432832     0.012243376              -0               -0       7.8698018              7.8698018
              8       6.5219755       1.1845262       1.3780983     0.080143062              -0               -0       13.043951              13.043951
              2       5.4843423       1.1513694       1.2898815     0.046973128              -0               -0       10.968685              10.968685
              1       5.4424025       0.9613336       1.5538452    0.0019683668              -0               -0       10.884805              10.884805
              1       5.2412754      0.92065682       1.6979366    -0.043448763              -0               -0       10.482551              10.482551
              3       4.2930017       1.1221238       1.4772996    -0.018042113              -0               -0       8.5860033              8.5860033
              5       4.2093353       1.1318767       1.3811665     0.010412231              -0               -0       8.4186707              8.4186707
              4       4.4825529       1.1107234       1.3939844   -0.0045825491              -0               -0       8.9651058              8.9651058
              3       5.1519407       1.1925078        1.276068     0.024066136              -0               -0       10.303881              10.303881
             12       4.5184887       1.1627279        1.384989     -0.01701705              -0               -0       9.0369774              9.0369774
              5        4.078353       1.1224938       1.4277137     -0.01093554              -0               -0       8.1567059              8.1567059
              1        5.059642       1.0879867       1.5631163     -0.03822203              -0               -0       10.119284              10.119284
              3        5.291744       0.9412138       1.7211535    -0.034245789              -0               -0       10.583488              10.583488
              2       7.2497365      0.88007598       1.7620892     0.010196244              -0               -0       14.499473              14.499473
              3       4.1852499       1.1252476       1.3858894     0.015019593              -0               -0       8.3704999              8.3704999
              2       5.0462998       1.1461186       1.3136524     0.034596004              -0               -0         10.0926                10.0926
              1       5.6111729       1.0626171       1.4077843     0.067290029              -0               -0       11.222346              11.222346
             11       3.8428823       1.0662203       1.5037254   -0.0052421109              -0               -0       7.6857647              7.6857647
              3       3.8966739       1.0417813       1.5234662     -0.00634684              -0               -0       7.7933477              7.7933477
              1       4.4445953       1.1225297       1.3890083   -0.0072651456              -0               -0       8.8891906              8.8891906
              2       4.3338479       1.0352715       1.4841519    0.0047148405              -0               -0       8.6676958              8.6676958
              5       3.9890655       1.0218056       1.5671635    -0.011244187              -0               -0       7.9781311              7.9781311
              7       4.6206663      0.97144106       1.6510764    -0.043821503              -0               -0       9.2413325              9.2413325
              3       6.2498046      0.88969528       1.7160248    -0.054460619              -0               -0       12.499609              12.499609
              1       5.2018258       1.0974404       1.4558421    -0.052836242              -0               -0       10.403652              10.403652
              1       5.6863011       1.1440241        1.389235    -0.049403126              -0               -0       11.372602              11.372602
              2       6.5292592       1.2541505       1.1897066     0.094526346              -0               -0       13.058518              13.058518
              3       5.8413624       1.0556461       1.3987698     0.062020462              -0               -0       11.682725              11.682725
              6       5.2738426       1.1006576       1.4388263    -0.049133553              -0               -0       10.547685              10.547685
              3       7.5492479       1.0684746       1.6097989     -0.10059837              -0               -0       15.098496              15.098496
              1       7.9569117       1.2972572       1.1024895     0.039673666              -0               -0       15.913823              15.913823
              1       7.1902919       1.2988673       1.1259244     0.091882476              -0               -0       14.380584              14.380584
              1       6.8262391       1.2477432       1.1709973     0.091725563              -0               -0       13.652478              13.652478
              3       7.1311868       1.3506178       1.1175468     0.054655122              -0               -0       14.262374              14.262374
              1       7.7149622        1.381446        1.121329     0.077282117              -0               -0       15.429924              15.429924
              1       8.4329059       1.4198943       1.0928024      0.06409651              -0               -0       16.865812              16.865812
              8       7.9966538       1.3976761       1.1323538     0.054051837              -0               -0       15.993308              15.993308
              2        8.340734       1.4119235       1.1198555      0.05567322              -0               -0       16.681468              16.681468
              5       9.7572972       1.3530418       1.2881749     0.031975974              -0               -0       19.514594              19.514594
              1       8.2108827       1.4016006       1.1439188       0.0452279              -0               -0       16.421765              16.421765
              2       5.4076228       1.2651222       1.2665439     0.029286587              -0               -0       10.815246              10.815246
              3       5.6864299       1.2492631       1.2872962     0.061628391              -0               -0        11.37286               11.37286
              1       4.9508728       1.2065368       1.3060679     0.054982363              -0               -0       9.9017455              9.9017455
              1       5.1844722       1.1867363       1.3041106     0.069995428              -0               -0       10.368944              10.368944
              1       6.4243995       1.1541958       1.3975928     0.084766529              -0               -0       12.848799              12.848799
              2        6.340894       1.1473764       1.4069384     0.082243739              -0               -0       12.681788              12.681788
              3       6.3434057       1.1508689       1.3779131     0.092288954              -0               -0       12.686811              12.686811
              1        6.986914        1.125159       1.4014337      0.10213197              -0               -0       13.973828              13.973828
              1       5.5687012       1.0359083       1.5097932     0.061841867              -0               -0       11.137402              11.137402
              1       5.6882037      0.99597975       1.5324694       0.0556242              -0               -0       11.376407              11.376407
              1       4.7709253      0.96392417       1.6146582    0.0095953196              -0               -0       9.5418505              9.5418505
              3       4.3417398       1.1004118       1.4019153    0.0071485268              -0               -0       8.6834797              8.6834797
              6       4.8266274       1.1515403       1.4633317   -0.0069290339              -0               -0       9.6532547              9.6532547
              1       6.0075647       1.1687745       1.4705457    -0.049518421              -0               -0       12.015129              12.015129
              3       4.2586511       1.1453632       1.4343566   -0.0094360283              -0               -0       8.5173022              8.5173022
              6       5.0321437       1.0993433       1.5362976     -0.04939831              -0               -0       10.064287              10.064287
              2       6.2609146       1.1103365       1.5540366    -0.069013081              -0               -0       12.521829              12.521829
              5       6.6624196       1.2035721       1.3982663    -0.062347246              -0               -0       13.324839              13.324839
              2       5.4138499       1.2264957        1.249515     0.065457889              -0               -0         10.8277                10.8277
              3        5.511021       1.1085248       1.3408752     0.062057304              -0               -0       11.022042              11.022042
              3       5.5783894      0.98924402       1.5117244    -0.015103122              -0               -0       11.156779              11.156779
              7       4.8509802        1.191411       1.2908868     0.041545866              -0               -0       9.7019604              9.7019604
              5        4.491579       1.1741267       1.3754667   -0.0099406169              -0               -0       8.9831579              8.9831579
              6       3.8756327       1.0824743       1.4835427    0.0063083677              -0               -0       7.7512655              7.7512655
             10       4.2480282       1.1481628       1.4165855     0.019368918              -0               -0       8.4960564              8.4960564
              1        4.416272       1.0414528       1.4915193     0.033649667              -0               -0       8.8325441              8.8325441
              4       4.9517983       1.0539924       1.4819179     0.053814222              -0               -0       9.9035967              9.9035967
              5        4.995847       1.0776698       1.4384701     0.061286482              -0               -0        9.991694               9.991694
              1       5.7619215       1.2512451       1.2070638     0.047137923              -0               -0       11.523843              11.523843
              1       6.4881288        1.283953       1.1560165     0.059599831              -0               -0       12.976258              12.976258
              1       7.4974555       1.3681809       1.1329659     0.024021838              -0               -0       14.994911              14.994911
              2       7.8296719       1.3610062       1.1984574     0.064147202              -0               -0       15.659344              15.659344
              1       6.3843548       1.2101815       1.4113624     0.027585792              -0               -0        12.76871               12.76871
              1       5.2324225       1.1611549       1.3221065   -0.0077105259              -0               -0       10.464845              10.464845
              7         4.44821       1.0676478        1.456642     0.041671174              -0               -0       8.8964201              8.8964201
              2       4.2395873       1.0714035       1.4821654     0.031464228              -0               -0       8.4791746              8.4791746
              3       4.3028337       1.1003146       1.4915044     0.014585519              -0               -0       8.6056674              8.6056674
              8       4.3510292       1.0855446       1.5222417    0.0043132289              -0               -0       8.7020585              8.7020585
              8       5.0864643       1.1039933       1.3700692   0.00061336054              -0               -0       10.172929              10.172929
              5       5.6364655       1.0855262        1.378097   -0.0069977576              -0               -0       11.272931              11.272931
              1       6.6958845       1.1677914       1.2395815     0.031187985              -0               -0       13.391769              13.391769
              2       5.2631054       1.2459073       1.2470071      0.04201389              -0               -0       10.526211              10.526211
              1       5.3221436       1.2492233       1.2453713      0.04856614              -0               -0       10.644287              10.644287
             16       4.2055647       1.1353887       1.3921039     0.033524719              -0               -0       8.4111293              8.4111293
              1       4.7376173       1.0592299        1.587487    -0.030942861              -0               -0       9.4752346              9.4752346
              3       7.6251496       1.3257112       1.2814876    0.0068338592              -0               -0       15.250299              15.250299
              4       6.8359578       1.3148795       1.2665647     0.022918817              -0               -0       13.671916              13.671916
              1        8.568985       1.3526063       1.2426544    -0.025849692              -0               -0        17.13797               17.13797
              1       9.4636148       1.3799667       1.2307294    -0.021963248              -0               -0        18.92723               18.92723
              6       10.510235       1.4497161       1.0662251    -0.009175849              -0               -0       21.020471              21.020471
              2       10.243365       1.4526415       1.0533221    0.0024176863              -0               -0        20.48673               20.48673
              1       7.9868789       1.0867965       1.6368664    -0.041045493              -0               -0       15.973758              15.973758
              3       7.8437136       1.0943506       1.6242477    -0.038101587              -0               -0       15.687427              15.687427
              1       6.1136909       1.2996519       1.2521454     0.023570124              -0               -0       12.227382              12.227382
             16        6.366678       1.2978654       1.2608419    -0.002484551              -0               -0       12.733356              12.733356
              2       6.3387277        1.304083        1.243623    0.0041075855              -0               -0       12.677455              12.677455
              1       7.0793732       1.3339599       1.2127001  -0.00089186487              -0               -0       14.158746              14.158746
              5       10.340993       1.4277343       1.1777565     0.053479696              -0               -0       20.681987              20.681987
              1       6.7244152       1.2650534       1.3411117     0.031750255              -0               -0        13.44883               13.44883
              1       7.8219237       1.2601687       1.3835205    -0.046056602              -0               -0       15.643847              15.643847
              1       7.2668016       1.0359325       1.6609161     -0.09517396              -0               -0       14.533603              14.533603
              3       7.8549562       1.0221823       1.7138907    -0.078093351              -0               -0       15.709912              15.709912
              1       5.6922674       1.0381526       1.6396643    -0.023949332              -0               -0       11.384535              11.384535
              9       6.3337003      0.92872209       1.6463399    -0.062985973              -0               -0       12.667401              12.667401
              2       6.5627564      0.97875429       1.5818894    -0.074461444              -0               -0       13.125513              13.125513
              7       5.8262431      0.99929793       1.5604136    -0.064863542              -0               -0       11.652486              11.652486
              4       5.1661883       1.0563187       1.5367375     0.038567909              -0               -0       10.332377              10.332377
              2       5.0302125       1.0458813       1.5520681     0.032038965              -0               -0       10.060425              10.060425
              5       4.8556656        1.036133       1.4775109     0.045969414              -0               -0       9.7113313              9.7113313
              2       5.3060214         0.96357       1.6211052     0.025599836              -0               -0       10.612043              10.612043
              4       5.1071312      0.98758463       1.5733836     0.035115676              -0               -0       10.214262              10.214262
              1       5.9616175      0.93527265       1.5865237     -0.01060098              -0               -0       11.923235              11.923235
              4       8.0028858       1.1122729       1.5256453     -0.10476402              -0               -0       16.005772              16.005772
              3       8.2883731       1.0874346       1.6045176     -0.10440942              -0               -0       16.576746              16.576746
              2       7.0516236       1.1762608       1.4594465    -0.074460794              -0               -0       14.103247              14.103247
              2       6.3335495       1.1328926        1.502295     0.030006499              -0               -0       12.667099              12.667099
             10       4.6041323       1.0025953       1.5810099     -0.04605788              -0               -0       9.2082646              9.2082646
              1       10.104328      0.89825833       1.5338776     0.031296693              -0               -0       20.208656              20.208656
              5       9.8210504      0.93741775       1.5063176    -0.033899122              -0               -0       19.642101              19.642101
              2        7.451647      0.94415928       1.5195113    0.0043453223              -0               -0       14.903294              14.903294
              1        7.648132      0.96569945       1.4771359     0.010733638              -0               -0       15.296264              15.296264
              1       5.4340724       1.0741045        1.382234     0.051258648              -0               -0       10.868145              10.868145
              3       6.0761258       1.2200447       1.2604106     0.093526665              -0               -0       12.152252              12.152252
              1       6.0401907       1.2183565       1.2627803     0.092740545              -0               -0       12.080381              12.080381
              2       6.2188333       1.2006883       1.2850449      0.09872772              -0               -0       12.437667              12.437667
              2       7.0847003       1.2501561       1.2185689      0.11548472              -0               -0       14.169401              14.169401
              1       6.6154446       1.3360703       1.1758863     0.042518354              -0               -0       13.230889              13.230889
              1       10.841409       1.1324419       1.5523722      -0.1291383              -0               -0       21.682819              21.682819
              5       11.438123       1.1442392       1.5625362     -0.12807735              -0               -0       22.876246              22.876246
              1       9.5823768       0.8989465        1.640717    -0.085075528              -0               -0       19.164754              19.164754
              1       12.901951      0.91929269       1.6001613     -0.11738486              -0               -0       25.803902              25.803902
              3       11.744461       1.2273972       1.0925885    0.0099891824              -0               -0       23.488922              23.488922
              3       10.171783       1.0940211       1.5450854      -0.1313106              -0               -0       20.343566              20.343566
              2       10.190967       1.0422285        1.594248     -0.13545598              -0               -0       20.381934              20.381934
              1       10.306745       1.0187607       1.5997973     -0.13509667              -0               -0        20.61349               20.61349
              2       10.095303      0.99006667       1.6434269     -0.13487355              -0               -0       20.190605              20.190605
              2       4.8174217       1.0631334        1.572835   -0.0033008708              -0               -0       9.6348434              9.6348434
              3       4.7218325       1.0737268       1.5538368    0.0013099092              -0               -0        9.443665               9.443665
              1       5.0070213       1.1573988       1.4629906   -0.0091646385              -0               -0       10.014043              10.014043
              2       5.0326796       1.1577263       1.4635396   -0.0090362387              -0               -0       10.065359              10.065359
              1       4.1328379       1.1408339         1.38852    0.0052857576              -0               -0       8.2656758              8.2656758
              8       4.1877231       1.1480716       1.3793357    0.0056772207              -0               -0       8.3754462              8.3754462
              2       4.1770804       1.1470709       1.3805518    0.0060084122              -0               -0       8.3541608              8.3541608
              5       4.0914971       1.1368707       1.4186839   -0.0058444818              -0               -0       8.1829942              8.1829942
             13       5.1825501       1.1279614       1.4820211     -0.05322329              -0               -0         10.3651                10.3651
              3       4.9097252       1.0006397       1.6386823     -0.05954039              -0               -0       9.8194505              9.8194505
              1       4.9791911       1.1122333       1.3793491    -0.013038843              -0               -0       9.9583823              9.9583823
              1        5.402342      0.99100406       1.5752806    -0.057747408              -0               -0       10.804684              10.804684
              2       4.4019513       1.0209856       1.6075639    -0.015146709              -0               -0       8.8039026              8.8039026
              1       4.3062719        1.033853       1.5837465    -0.006332425              -0               -0       8.6125438              8.6125438
              3       4.1109196       1.0064378       1.5881723   -0.0091049382              -0               -0       8.2218392              8.2218392
              1       4.3397344       1.1034762       1.4772336     0.023799829              -0               -0       8.6794689              8.6794689
              1       5.5058897       1.2093631        1.248764     0.025143348              -0               -0       11.011779              11.011779
              1       7.1845027       1.2763151       1.1469881     0.026488553              -0               -0       14.369005              14.369005
              2       7.2497439       1.2194616       1.2187564    -0.012756173              -0               -0       14.499488              14.499488
              2       4.7086115       1.0534364       1.5613713     0.013331818              -0               -0       9.4172229              9.4172229
              5       6.8176069       1.0773172        1.627285    -0.050538667              -0               -0       13.635214              13.635214
              2       7.7827784      0.99078055       1.7506326    -0.063107959              -0               -0       15.565557              15.565557
              8       8.2486952      0.84986988       1.8855663    -0.084821038              -0               -0        16.49739               16.49739
              6       6.9069854       1.0761827       1.4915794     0.081241915              -0               -0       13.813971              13.813971
              1       5.0694486      0.94434343       1.6716472   -0.0020218448              -0               -0       10.138897              10.138897
              2       4.2364405       1.0171244       1.5404538     0.015981432              -0               -0        8.472881               8.472881
              6       5.3356652        1.086969       1.4787419     0.057295789              -0               -0        10.67133               10.67133
              9       4.9041283        1.204653       1.3747999     0.010210093              -0               -0       9.8082566              9.8082566
              2       4.9372279       1.1631758       1.4473774     0.002485216              -0               -0       9.8744558              9.8744558
              1       4.8435833      0.97381314       1.6541987   -0.0048009643              -0               -0       9.6871667              9.6871667
              3        7.405229       1.0630738       1.4352528       0.1067921              -0               -0       14.810458              14.810458
              5       5.3862676      0.93094334       1.7295287    -0.053006918              -0               -0       10.772535              10.772535
              5       5.0161754       1.1191419       1.3960708    -0.029831674              -0               -0       10.032351              10.032351
              1       7.1449661       1.1744478        1.504078    -0.044736659              -0               -0       14.289932              14.289932
              2       6.8019676        1.223553       1.4120603     0.016794269              -0               -0       13.603935              13.603935
              2        4.191334        1.088555        1.478298    -0.029750144              -0               -0       8.3826681              8.3826681
              6       5.3138028       0.9168706       1.7269371    -0.039258588              -0               -0       10.627606              10.627606
              2        5.118936       0.9634693       1.6910431    -0.021449023              -0               -0       10.237872              10.237872
              3       5.2053988      0.96236285        1.695949    -0.022180547              -0               -0       10.410798              10.410798
              2       5.2283628      0.95936357       1.6982275    -0.021286503              -0               -0       10.456726              10.456726
              1       6.3061976      0.95354365       1.7385875    -0.024243784              -0               -0       12.612395              12.612395
              1        6.627688       0.9480425       1.7330061   -0.0063643336              -0               -0       13.255376              13.255376
              1       6.3617111       1.0424374       1.6164501     0.014805568              -0               -0       12.723422              12.723422
              1       6.3690453      0.95496269       1.7133186   0.00013813119              -0               -0       12.738091              12.738091
              5       4.6392691       1.0118943       1.5600359     -0.04470052              -0               -0       9.2785383              9.2785383
              3       5.1626143       1.0876683       1.4399214    -0.042289213              -0               -0       10.325229              10.325229
              1       4.6581239       1.1589296       1.3246653      0.02451833              -0               -0       9.3162479              9.3162479
              1       4.3037436       1.1621528       1.3525903     0.019910573              -0               -0       8.6074873              8.6074873
              2       4.5071699       1.0054692       1.5415215     0.023274407              -0               -0       9.0143398              9.0143398
              1       4.4828609       1.1333405       1.3624946    0.0090952445              -0               -0       8.9657219              8.9657219
              2       6.3773734       1.2547481       1.3586952     0.007055768              -0               -0       12.754747              12.754747
              2         5.11881       1.1695408       1.4221553     0.030875079              -0               -0        10.23762               10.23762
              2       6.2635727       1.2720906       1.2935658    -0.020211506              -0               -0       12.527145              12.527145
              3       5.9817036       1.2389167       1.3338191    -0.031766564              -0               -0       11.963407              11.963407
             11       4.1490995       1.0821797       1.4472099   -0.0097926575              -0               -0       8.2981989              8.2981989
              2       4.4425486       1.0495213        1.458448     0.026985231              -0               -0       8.8850971              8.8850971
              2       6.3994512       1.2697128        1.181878     0.086358689              -0               -0       12.798902              12.798902
              9       6.3155239       1.2705015       1.1854022      0.08391707              -0               -0       12.631048              12.631048
              2       7.6763401        1.119333       1.2927555      0.11405359              -0               -0        15.35268               15.35268
              8        5.072309       0.9595376       1.5843915     0.015538458              -0               -0       10.144618              10.144618
              1       5.0499708       1.0812605       1.4381069     0.063069183              -0               -0       10.099942              10.099942
              1       4.7570125       1.0997187       1.4123111     0.057441785              -0               -0       9.5140249              9.5140249
              3       4.6420115       1.0997734       1.4220404     0.053454742              -0               -0       9.2840229              9.2840229
              2       4.8781432      0.93827313       1.6491101     -0.01607876              -0               -0       9.7562864              9.7562864
              2       5.0399512       1.0993394       1.3708658    0.0088490416              -0               -0       10.079902              10.079902
              2       5.0368177        1.101412       1.3694138    0.0078073504              -0               -0       10.073635              10.073635
              2       5.6895923      0.94626177        1.629581    -0.055833013              -0               -0       11.379185              11.379185
              1        5.455717      0.99324816       1.5751989    -0.060209827              -0               -0       10.911434              10.911434
              3       3.9255834       1.1022112       1.4421959      0.01487983              -0               -0       7.8511668              7.8511668
              2       3.9540255       1.0527894       1.4929119    0.0090220905              -0               -0       7.9080509              7.9080509
              3       3.9634603       1.0524926       1.4914475    0.0088928615              -0               -0       7.9269206              7.9269206
              1       3.9609856       1.0519751       1.4923685    0.0083263164              -0               -0       7.9219713              7.9219713
              3       3.9514029       1.0515472       1.4948799    0.0081300652              -0               -0       7.9028057              7.9028057
              1        4.822595       1.0341455       1.5663583     0.024394922              -0               -0       9.6451901              9.6451901
              4       6.6733381       1.1125845       1.5375318     0.025094066              -0               -0       13.346676              13.346676
              1       7.2077872       1.0148707       1.6126157      0.04826006              -0               -0       14.415574              14.415574
              1       6.6606778       1.0478453       1.5460747     0.062703169              -0               -0       13.321356              13.321356
              5       7.4763542       1.3446835       1.0961075     0.051297065              -0               -0       14.952708              14.952708
              2       7.0199491       1.3543798        1.148874     0.037652325              -0               -0       14.039898              14.039898
              5       9.0280463       1.4429313       1.0349829     0.062242205              -0               -0       18.056093              18.056093
              2       7.0833865       1.0541011       1.5552795     -0.09821627              -0               -0       14.166773              14.166773
             11        7.478707       1.0475971       1.4726399    -0.077898799              -0               -0       14.957414              14.957414
              2       6.3397066        1.179229       1.2334311     0.051956025              -0               -0       12.679413              12.679413
              3       7.1202305       1.0503432        1.396077    -0.023959078              -0               -0       14.240461              14.240461
              1       6.9776431       1.2870725        1.132677     0.071835054              -0               -0       13.955286              13.955286
              1       7.6683791       1.3015634       1.0984329     0.075800879              -0               -0       15.336758              15.336758
              3       7.7152932       1.3228121        1.088118     0.061907211              -0               -0       15.430586              15.430586
              2        5.501575       1.1610985       1.3186542    -0.013527473              -0               -0        11.00315               11.00315
              2       6.3320461       1.1842428       1.2726666    -0.013641659              -0               -0       12.664092              12.664092
              8       6.9419209       1.2375886       1.2588701    -0.036285696              -0               -0       13.883842              13.883842
              1       6.0208623       1.1889838       1.2724062   -0.0076729197              -0               -0       12.041725              12.041725
              1       5.3036313       1.2411405       1.2430574      0.03354814              -0               -0       10.607263              10.607263
              1       4.9181404       1.2202235       1.3230589    0.0009211956              -0               -0       9.8362808              9.8362808
              1       4.9332876      0.94675832       1.6534574   0.00023365905              -0               -0       9.8665753              9.8665753
              1       3.9657734       1.0610612       1.5323046     -0.02072527              -0               -0       7.9315468              7.9315468
              1       3.9620794       1.0805286       1.5110967   -0.0095398042              -0               -0       7.9241589              7.9241589
              3       4.2065161       1.1165599       1.3905198     0.020535932              -0               -0       8.4130322              8.4130322
              4        3.961148       1.1228979       1.4351823    0.0032635554              -0               -0       7.9222959              7.9222959
              9       4.7808772      0.96392715       1.6702985    -0.047184723              -0               -0       9.5617543              9.5617543
              1       4.9261487       1.0374371       1.5788921    -0.062223769              -0               -0       9.8522974              9.8522974
              1       4.5082684        1.048588       1.5363028    -0.047471835              -0               -0       9.0165367              9.0165367
              3       6.8869424      0.95970244       1.6237906    -0.084623322              -0               -0       13.773885              13.773885
              2       6.3903027      0.96478189       1.6440248    -0.085155616              -0               -0       12.780605              12.780605
              2       5.2892821       1.1684661       1.4481368    -0.035934702              -0               -0       10.578564              10.578564
              1       5.7820581       1.1726076       1.4567386    -0.045625319              -0               -0       11.564116              11.564116
              1       6.6351285       1.1107864       1.4822972    -0.084396544              -0               -0       13.270257              13.270257
              1       7.2332548      0.98689603       1.6655076     -0.10484735              -0               -0        14.46651               14.46651
              3       8.4528499       1.0410522       1.6023193     -0.11825016              -0               -0         16.9057                16.9057
              1       8.2689665      0.94455336       1.6597624     -0.10658782              -0               -0       16.537933              16.537933
              2       8.3693598      0.90058675       1.7461097     -0.10916315              -0               -0        16.73872               16.73872
              5       5.2464177      0.96096625       1.6538252      0.01135778              -0               -0       10.492835              10.492835
              2       4.8451632       1.0022997       1.6517484    -0.047721065              -0               -0       9.6903264              9.6903264
              2       5.6544253      0.95501496       1.7279047    -0.060327951              -0               -0       11.308851              11.308851
              2       5.9466882      0.96114196       1.7322039    -0.065944046              -0               -0       11.893376              11.893376
              1       6.2582484      0.96525557       1.7405756    -0.049510012              -0               -0       12.516497              12.516497
             10       6.0371767       1.1040924       1.3630555      0.08901247              -0               -0       12.074353              12.074353
              3        5.642757      0.99814399       1.5020276     0.051092236              -0               -0       11.285514              11.285514
             16       4.3008966       1.0138863       1.5239478     0.011216537              -0               -0       8.6017932              8.6017932
              2       4.6037414      0.99891517        1.532916     0.018438779              -0               -0       9.2074828              9.2074828
              1       6.6069899       1.1221916       1.2975253     0.087027033              -0               -0        13.21398               13.21398
              4        6.595494       1.2058437       1.2637289      0.10793084              -0               -0       13.190988              13.190988
              3       7.2686982       1.1952133       1.2101865      0.10723941              -0               -0       14.537396              14.537396
              3       4.5627232       1.1745848       1.3365495    0.0043946906              -0               -0       9.1254465              9.1254465
              1       5.9046709       1.2907421       1.2305976     0.016955009              -0               -0       11.809342              11.809342
              1        7.127832       1.1741138       1.5049098    -0.041238821              -0               -0       14.255664              14.255664
              3       7.0174612       1.1718768       1.5057567    -0.029579781              -0               -0       14.034922              14.034922
              2       8.4091342       1.3107078       1.2590769    -0.052014961              -0               -0       16.818268              16.818268
              1       6.6632237       1.2293109       1.3161732    -0.049394854              -0               -0       13.326447              13.326447
              1       4.9569658       1.2108365       1.3640684     0.016274394              -0               -0       9.9139316              9.9139316
              3        4.760345       1.0748052       1.4071851     0.014128096              -0               -0       9.5206899              9.5206899
              2       6.0200537       1.1673239       1.3061531    -0.021618981              -0               -0       12.040107              12.040107
              2        6.835262       1.1106567       1.3584166    -0.041148438              -0               -0       13.670524              13.670524
              2       4.5309191       1.1974066       1.3351338     0.023499796              -0               -0       9.0618382              9.0618382
              2       5.8198609       1.2831478       1.2170304     0.057315776              -0               -0       11.639722              11.639722
              4        5.970116       1.2919664       1.2405919     0.049321008              -0               -0       11.940232              11.940232
              2        5.992923        1.291717       1.2406969     0.051389248              -0               -0       11.985846              11.985846
              2       5.5767672       1.1387667       1.5021699    0.0015552359              -0               -0       11.153534              11.153534
              4       4.2079633        1.010207       1.5450743    0.0091620201              -0               -0       8.4159266              8.4159266
              1       4.3593158       1.0080105       1.5352054     0.015111373              -0               -0       8.7186315              8.7186315
              3       5.3270144       1.0869786        1.492293     -0.06312178              -0               -0       10.654029              10.654029
              1       4.4946968       1.0927781       1.4008376     0.037455304              -0               -0       8.9893936              8.9893936
              1       4.4214604       1.0256061       1.5254031     0.028455885              -0               -0       8.8429209              8.8429209
              6       4.4286919       1.0237055       1.5269503     0.028094667              -0               -0       8.8573838              8.8573838
              2        4.498185       1.0227574       1.5231646     0.030693703              -0               -0         8.99637                8.99637
              9        4.615107      0.99161723       1.6462743    -0.044715337              -0               -0       9.2302141              9.2302141
              1        6.115024       1.0017641       1.6586345    -0.086428515              -0               -0       12.230048              12.230048
              6       5.9958263       1.0003119       1.6018398     -0.08112554              -0               -0       11.991653              11.991653
              1       5.4093815       1.1771977       1.3110097    -0.013154084              -0               -0       10.818763              10.818763
              3       4.5071215       1.0910819       1.5059573    -0.043830917              -0               -0       9.0142429              9.0142429
              4       4.7458625       1.0181239       1.5793217    -0.055620718              -0               -0       9.4917251              9.4917251
              1       4.7091443       1.0134344       1.5778964    -0.052951635              -0               -0       9.4182885              9.4182885
             16       4.7131239       1.0128719       1.5787523    -0.053070279              -0               -0       9.4262479              9.4262479
              1       5.6786262      0.92945599       1.6200439    -0.026437441              -0               -0       11.357252              11.357252
              1       5.6912422      0.92972202       1.6191387    -0.026641034              -0               -0       11.382484              11.382484
              4        5.211163       1.0902506       1.3701743     0.049781186              -0               -0       10.422326              10.422326
             10       5.2392928       1.0985278       1.3583095     0.049503374              -0               -0       10.478586              10.478586
              4       6.0722635       1.0118735       1.4616396    -0.012157503              -0               -0       12.144527              12.144527
              2       4.9856294       1.0872421       1.4897825    -0.055435738              -0               -0       9.9712588              9.9712588
              2       4.7899481       1.0458469       1.4792903    -0.029498364              -0               -0       9.5798962              9.5798962
              4       5.5418212       1.2502516       1.2232306     0.053347813              -0               -0       11.083642              11.083642
              4       5.6264788       1.2747259       1.2271846     0.049199108              -0               -0       11.252958              11.252958
              1       5.0036584       1.2252928       1.2801959     0.047167321              -0               -0       10.007317              10.007317
              8       6.9000199       1.1190075       1.5702175    -0.062643733              -0               -0        13.80004               13.80004
             11       5.1630625       1.1613628       1.4641259    -0.019547085              -0               -0       10.326125              10.326125
              3       5.1602709       1.1463089         1.48009    -0.036933148              -0               -0       10.320542              10.320542
             11        5.236523       1.1478254       1.4809661    -0.037728693              -0               -0       10.473046              10.473046
             11       4.4178102       1.0789054       1.5246041     0.012006277              -0               -0       8.8356203              8.8356203
              5       5.2223174       1.0888874        1.419867     0.069280938              -0               -0       10.444635              10.444635
              7       4.6443552      0.98670199         1.65295    -0.022322963              -0               -0       9.2887104              9.2887104
              8       5.3788061      0.97064917       1.6962645    -0.022680975              -0               -0       10.757612              10.757612
              1        7.832978       1.0176514       1.5116819    -0.084425319              -0               -0       15.665956              15.665956
              1        10.43651       1.3998914        1.072164    -0.024416752              -0               -0        20.87302               20.87302
              2        9.916146       1.3611872        1.094916    -0.026086167              -0               -0       19.832292              19.832292
              2       10.206508        1.392442       1.0318847    0.0027551582              -0               -0       20.413016              20.413016
              5       9.3106184       1.2666526       1.2111846    -0.059368729              -0               -0       18.621237              18.621237
              7       8.9019409       1.2414563       1.2945294    -0.079059186              -0               -0       17.803882              17.803882
              3       9.7568523       1.2537806       1.2899536    -0.088453609              -0               -0       19.513705              19.513705
              1       5.5056659      0.90709996       1.7412197    -0.039889995              -0               -0       11.011332              11.011332
             19       5.3457044      0.92391828       1.7306223    -0.034595521              -0               -0       10.691409              10.691409
              3       3.9826152        1.032147       1.5484045   0.00070077337              -0               -0       7.9652303              7.9652303
              2       4.1976012       1.0716067       1.4732814      0.03142431              -0               -0       8.3952024              8.3952024
              8       4.5523014       1.0250776       1.4998474     0.031090238              -0               -0       9.1046028              9.1046028
              2       4.3930094       1.1105768       1.3836916     0.030157974              -0               -0       8.7860187              8.7860187
              3       6.3122015       1.2743183        1.168461     0.060221283              -0               -0       12.624403              12.624403
              1       5.6861545       1.2609315       1.2311738      0.01436644              -0               -0       11.372309              11.372309
              1       6.2373871      0.87165649       1.7599795    -0.023147496              -0               -0       12.474774              12.474774
              7       6.4903933      0.90271357       1.7646471    -0.010758208              -0               -0       12.980787              12.980787
              3       5.3050591       1.0777152       1.3952286      0.06235826              -0               -0       10.610118              10.610118
              4       5.9836017      0.99369965       1.4874988     0.050047657              -0               -0       11.967203              11.967203
             10       6.0599382       1.1741782       1.2983812     0.096021289              -0               -0       12.119876              12.119876
              2         6.10233      0.96503258       1.5373188     0.045497452              -0               -0        12.20466               12.20466
              3       6.2864138      0.95547947       1.5454529     0.043387233              -0               -0       12.572828              12.572828
              1       6.3166726      0.95624912        1.546616     0.046267329              -0               -0       12.633345              12.633345
              1       5.1518981      0.97519164       1.5589739     0.029768328              -0               -0       10.303796              10.303796
              3        5.037325       1.2015977       1.3908406   -0.0033993663              -0               -0        10.07465               10.07465
              6       4.3674541       1.1252327       1.4251559    -0.024622019              -0               -0       8.7349082              8.7349082
              1       4.2953626       1.1009738       1.4079762    0.0015129281              -0               -0       8.5907252              8.5907252
              2       5.3372533      0.91153219       1.7119545    -0.021562428              -0               -0       10.674507              10.674507
              3       5.4603018      0.90462718       1.7207014    -0.023713763              -0               -0       10.920604              10.920604
              1       4.9241865       1.0534948       1.5764834    -0.059439774              -0               -0        9.848373               9.848373
              2       4.9623396       1.0562987       1.5811468    -0.058122332              -0               -0       9.9246791              9.9246791
              1       5.2563141       0.9364607       1.7208214    -0.049599524              -0               -0       10.512628              10.512628
              3       4.9226833      0.94407477       1.6369161    -0.029821316              -0               -0       9.8453665              9.8453665
             12       4.5154601       1.1502974       1.3576488     0.047767416              -0               -0       9.0309201              9.0309201
              3       4.2702692       1.1206657       1.4373355     0.031546163              -0               -0       8.5405384              8.5405384
              3       4.3550199       1.1380479       1.4197351     0.032733291              -0               -0       8.7100399              8.7100399
              4       4.2028349       1.1320366       1.4484123    -0.015844245              -0               -0       8.4056698              8.4056698
              3       4.1058787       1.1048433       1.4745003     0.013234173              -0               -0       8.2117574              8.2117574
              1       4.2489923       1.1296169       1.4541818     0.010978661              -0               -0       8.4979847              8.4979847
              2       5.3732638       1.2077958       1.3915611     0.014999065              -0               -0       10.746528              10.746528
              1       5.4940845       1.2481838       1.3058315     0.043094571              -0               -0       10.988169              10.988169
              3       5.4310051       1.2435356       1.3056931     0.046357929              -0               -0        10.86201               10.86201
              3       5.2794277       1.2175512       1.2973891     0.065158571              -0               -0       10.558855              10.558855
              2       4.8693297       1.1996279       1.3224178     0.052185582              -0               -0       9.7386594              9.7386594
              1       6.4158777       1.0220983       1.4819299     0.080050455              -0               -0       12.831755              12.831755
              1       7.4371166       1.0040629       1.4861754     0.092745673              -0               -0       14.874233              14.874233
              9       8.8162513      0.87585342       1.6946515     0.054830878              -0               -0       17.632503              17.632503
              2       8.6863182      0.88345912       1.6896209      0.05615313              -0               -0       17.372636              17.372636
              4       7.7821056      0.98032518       1.6920458     0.022747519              -0               -0       15.564211              15.564211
              1        6.003077      0.88873659       1.7527251    -0.017925491              -0               -0       12.006154              12.006154
              5       5.1113598        1.159496       1.4113607    -0.042077885              -0               -0        10.22272               10.22272
              8       4.7037821       1.0110434       1.6339847    -0.047687129              -0               -0       9.4075643              9.4075643
              3       4.8185502       1.0553171       1.5952261    -0.037558067              -0               -0       9.6371005              9.6371005
              6       4.0583978       1.1039658       1.4325409   -0.0076939586              -0               -0       8.1167956              8.1167956
              2       3.9969873        1.081523       1.4732069    -0.016928084              -0               -0       7.9939745              7.9939745
              1       4.4329166        1.063173       1.4792759    -0.030121779              -0               -0       8.8658332              8.8658332
              3       4.4447026       1.0806186       1.4145258      0.02763382              -0               -0       8.8894052              8.8894052
              3       4.4435253       1.0577525       1.5752021    -0.028054463              -0               -0       8.8870505              8.8870505
              3       4.4053742      0.99032575       1.6340213    -0.035523517              -0               -0       8.8107485              8.8107485
              3       4.1508882       1.0008823       1.6017751    -0.017800187              -0               -0       8.3017763              8.3017763
              4       4.4174695      0.97398498       1.6370789     -0.03041335              -0               -0        8.834939               8.834939
              4       4.6784417      0.96806645       1.6611468    -0.016579084              -0               -0       9.3568834              9.3568834
             10       4.2232793       1.0109828       1.5442894     0.011097794              -0               -0       8.4465585              8.4465585
              1       4.5042657      0.99949537       1.5658336      0.01979884              -0               -0       9.0085315              9.0085315
              3       5.8023926       1.1292997        1.342556     0.087287433              -0               -0       11.604785              11.604785
              4       6.2849641       1.1063321       1.3111736     0.048511496              -0               -0       12.569928              12.569928
              3        5.610692       1.2407367       1.2201614     0.053686244              -0               -0       11.221384              11.221384
              3       4.9001281       1.0523616       1.4863666    -0.041251635              -0               -0       9.8002562              9.8002562
              3       4.8527733       1.0365374       1.5116885    -0.043488947              -0               -0       9.7055465              9.7055465
              2       4.3678908       1.0167327       1.5262623    -0.018812933              -0               -0       8.7357816              8.7357816
              1       5.8931415       1.0912004       1.4551165     0.075363658              -0               -0       11.786283              11.786283
              2       5.7535637       1.1134557       1.4469816     0.068742303              -0               -0       11.507127              11.507127
              2       5.3461339       1.0830919       1.5302455     0.030641613              -0               -0       10.692268              10.692268
              2        8.496849      0.89768027       1.7615837     0.026317168              -0               -0       16.993698              16.993698
              2       7.6718197      0.87106215       1.6939077     0.030626543              -0               -0       15.343639              15.343639
              3       6.0785136      0.97222948       1.5501659     0.054497999              -0               -0       12.157027              12.157027
              3       5.2775912       1.0099914       1.4986538     0.047965171              -0               -0       10.555182              10.555182
              3       5.6525858       1.0007311       1.4990323     0.052734712              -0               -0       11.305172              11.305172
              1        5.036201       1.0934906       1.3860965      0.05916039              -0               -0       10.072402              10.072402
              3       4.8312409       1.0978148       1.4551435     0.051667744              -0               -0       9.6624819              9.6624819
              1       4.4702565       1.0945513       1.4678594     0.037938363              -0               -0        8.940513               8.940513
              1       6.1142499       1.1323514       1.4640233     0.055720862              -0               -0         12.2285                12.2285
              4       5.8709294       1.1481334         1.46025     0.041225432              -0               -0       11.741859              11.741859
              1       6.3930757       1.1619243       1.4674655     0.032325525              -0               -0       12.786151              12.786151
              1       5.9760594        1.193825       1.4422552    -0.029739938              -0               -0       11.952119              11.952119
             15       4.6994552       1.0605471       1.5680048    -0.050992227              -0               -0       9.3989105              9.3989105
              2        4.629625       1.0344473       1.6087983    -0.041810238              -0               -0         9.25925                9.25925
              2       6.1474168        1.061426       1.6284169    -0.033627998              -0               -0       12.294834              12.294834
              1        6.890088       1.0163232       1.6259893     0.034679407              -0               -0       13.780176              13.780176
              1        6.647532       1.0605765       1.5350798      0.06277792              -0               -0       13.295064              13.295064
              2       6.7529283       1.2945702       1.2628299    -0.021328164              -0               -0       13.505857              13.505857
              1       6.2824296      0.90437177       1.7890999    -0.046541756              -0               -0       12.564859              12.564859
              1       6.9375951      0.85574145       1.7474245    -0.041997594              -0               -0        13.87519               13.87519
              5       6.5999247      0.86571709       1.7266302    -0.026948618              -0               -0       13.199849              13.199849
              1       6.1879036      0.90068573       1.6612356     0.011086446              -0               -0       12.375807              12.375807
              2       5.5460152       1.0970805       1.3533061     0.013877971              -0               -0        11.09203               11.09203
              3       4.6222539       1.0233046       1.5101537    -0.025057325              -0               -0       9.2445079              9.2445079
              7       5.4068459      0.90573449       1.7182927     -0.03020154              -0               -0       10.813692              10.813692
              5       4.9128453      0.93806564       1.6768722    -0.038677186              -0               -0       9.8256907              9.8256907
              2       5.4756154        1.064372       1.5619783     0.023931275              -0               -0       10.951231              10.951231
              1       5.7858709       1.1496753       1.4834646     0.015527065              -0               -0       11.571742              11.571742
              1       5.5453023       1.2042925       1.2599532      0.01192337              -0               -0       11.090605              11.090605
              1       5.4037073       1.1692335       1.3195811     -0.01544379              -0               -0       10.807415              10.807415
             11        4.754495       1.0030768       1.6444721    -0.048453217              -0               -0         9.50899                9.50899
              1       4.8574378      0.94950452       1.6153317    -0.010988497              -0               -0       9.7148756              9.7148756
              1       5.1412211      0.94811156       1.6211846    -0.036147742              -0               -0       10.282442              10.282442
              1       5.5385213       0.9221692        1.661839    -0.042682634              -0               -0       11.077043              11.077043
              3       4.7663612      0.97304173       1.6587765    -0.050694901              -0               -0       9.5327224              9.5327224
              4       4.4663217       1.0715424       1.5537269    -0.038220375              -0               -0       8.9326434              8.9326434
              3       5.9403317       1.0989638        1.565606    -0.063386672              -0               -0       11.880663              11.880663
              4       6.1239492       1.0483165       1.6197506    -0.080398249              -0               -0       12.247898              12.247898
              1        5.496068       1.0568989       1.6008088     -0.06650585              -0               -0       10.992136              10.992136
              2       8.0063367       1.2691901       1.3609122    -0.054046661              -0               -0       16.012673              16.012673
              4       4.9649685       1.2103569       1.3672507     0.012623444              -0               -0        9.929937               9.929937
              2       5.3689853       1.2348154       1.3358498     0.030428454              -0               -0       10.737971              10.737971
              1       3.9793573       1.1135394       1.4587639    0.0043637251              -0               -0       7.9587146              7.9587146
              1       4.1753368       1.0918542       1.5078628    0.0011655515              -0               -0       8.3506736              8.3506736
              6       5.0121398        1.037497        1.620925    -0.024454202              -0               -0        10.02428               10.02428
              1       4.8215061       1.0086578       1.6469504    -0.040788951              -0               -0       9.6430123              9.6430123
              6       5.4249168      0.97872037       1.7010123     -0.04791042              -0               -0       10.849834              10.849834
              1       5.8652312      0.96426831       1.7300193    -0.055181715              -0               -0       11.730462              11.730462
              1        6.491791      0.94504716       1.7321964    -0.088981684              -0               -0       12.983582              12.983582
              2       7.9528706       0.9346587       1.7554277     -0.11145872              -0               -0       15.905741              15.905741
              2       9.8968623      0.91213783       1.6249172    -0.092266402              -0               -0       19.793725              19.793725
              1        8.175542       1.1403858       1.2230409     0.072352321              -0               -0       16.351084              16.351084
              2       7.1176451       1.1144666        1.283253     0.079257247              -0               -0        14.23529               14.23529
              1       6.8108853        1.074411       1.3416222     0.072585298              -0               -0       13.621771              13.621771
              1       4.1989819       1.1443209       1.4265801   -0.0090778515              -0               -0       8.3979638              8.3979638
              1       4.7188589        1.027353        1.499074    -0.024306034              -0               -0       9.4377177              9.4377177
             14       4.6299606       0.9872122       1.5639292     -0.02423746              -0               -0       9.2599212              9.2599212
              3       4.7638461       1.2112213       1.3445091    0.0071158708              -0               -0       9.5276922              9.5276922
              2       4.0725411       1.0994706       1.4250139     0.025393713              -0               -0       8.1450823              8.1450823
              3       4.1667631        1.073958       1.4494049   -0.0045018137              -0               -0       8.3335262              8.3335262
              1       4.1239867       1.0660095       1.4733332    -0.015247554              -0               -0       8.2479733              8.2479733
              3       4.2118454        1.071751       1.4714798     -0.02230731              -0               -0       8.4236908              8.4236908
              4       4.7650545       1.0287192       1.4716197    0.0046327384              -0               -0       9.5301089              9.5301089
              1          4.5621       1.0527608       1.4445673     0.013598727              -0               -0       9.1242001              9.1242001
              1       4.2966734        1.084441       1.4459357    -0.017990627              -0               -0       8.5933467              8.5933467
              1       4.3176188       1.0754418       1.4375809     0.034212885              -0               -0       8.6352377              8.6352377
              3       5.7299619       1.2034209       1.2392536     0.066497473              -0               -0       11.459924              11.459924
              6       5.9251271       1.2376701       1.2045751     0.050682316              -0               -0       11.850254              11.850254
              8       4.5405896       1.1132806       1.4902423     0.012286486              -0               -0       9.0811792              9.0811792
              6       4.7150437      0.94756938       1.6445038    -0.023004844              -0               -0       9.4300874              9.4300874
              4       5.7816375      0.91199958       1.6634076    0.0095134108              -0               -0       11.563275              11.563275
              2       5.5737443      0.90915306        1.748922     -0.04167535              -0               -0       11.147489              11.147489
              1        5.616536      0.91068162       1.7508369    -0.049632813              -0               -0       11.233072              11.233072
              1       5.3520135      0.94512723       1.7246012    -0.045328301              -0               -0       10.704027              10.704027
              1       4.9897284      0.96001944       1.6957538    -0.040851932              -0               -0       9.9794569              9.9794569
              1       5.4953925      0.98610454       1.6955281    -0.040601077              -0               -0       10.990785              10.990785
              1        5.099749       1.0127945       1.6484597    -0.022400642              -0               -0       10.199498              10.199498
              1       5.4754463       1.1541688       1.4623886    -0.050521631              -0               -0       10.950893              10.950893
              1       5.7275466       1.1741744       1.4658304    -0.024604645              -0               -0       11.455093              11.455093
              8       4.5429109       1.0593151       1.4879988     0.041476691              -0               -0       9.0858217              9.0858217
              2       5.9564039       1.2078131       1.3625024     0.061413629              -0               -0       11.912808              11.912808
              2       6.5004049        1.149245       1.4971211     0.019823126              -0               -0        13.00081               13.00081
              3       6.2390686       1.1720295       1.4548855     0.029088615              -0               -0       12.478137              12.478137
              1        8.546413      0.94101574       1.7747564      -0.1166939              -0               -0       17.092826              17.092826
              1       9.0813255      0.94727992        1.782169     -0.12100833              -0               -0       18.162651              18.162651
              3       7.6392322      0.86722329       1.7131826     0.027014475              -0               -0       15.278464              15.278464
              2       5.6813309      0.89703443        1.748968    -0.044063335              -0               -0       11.362662              11.362662
              1       5.6479811      0.89878096       1.7475736    -0.043529739              -0               -0       11.295962              11.295962
              5       5.4495624      0.93842972       1.7035195    -0.064585177              -0               -0       10.899125              10.899125
              6       5.1265978      0.94711246       1.6034127    0.0061570917              -0               -0       10.253196              10.253196
              9       5.0626021      0.93602299       1.6343521   -0.0064868122              -0               -0       10.125204              10.125204
             11       4.6771478       0.9645947       1.6056371    0.0050461844              -0               -0       9.3542956              9.3542956
              1       4.6646976      0.95961527       1.6163581  -0.00082995556              -0               -0       9.3293953              9.3293953
              2       4.0060213       1.1188686       1.4548254    0.0021866555              -0               -0       8.0120425              8.0120425
              2       4.7961516       1.1035374       1.4066086    -0.021732283              -0               -0       9.5923032              9.5923032
              7       5.0507387       1.1088322       1.3887796    -0.020334409              -0               -0       10.101477              10.101477
              1       5.0612459       1.1027043       1.3963757    -0.022009571              -0               -0       10.122492              10.122492
             13       4.1488645       1.0826308       1.4530358    -0.014555995              -0               -0        8.297729               8.297729
              4        5.005882       1.2245936       1.2814446      0.01512499              -0               -0       10.011764              10.011764
              1       4.0590415       1.1361938       1.3960192     0.012808383              -0               -0        8.118083               8.118083
              4       4.4555005       1.1551976       1.4331283    0.0055775546              -0               -0        8.911001               8.911001
              6       4.2890298       1.1482036       1.3990743     0.031674757              -0               -0       8.5780597              8.5780597
              2        4.834809       1.1741188       1.3092225     0.052401143              -0               -0        9.669618               9.669618
              4       4.8211834       1.1085036       1.3886848    -0.012403347              -0               -0       9.6423668              9.6423668
             11       5.0679318       1.1596854       1.4572425      -0.0300875              -0               -0       10.135864              10.135864
              1       4.5287936       1.0611646       1.5504333     0.010056748              -0               -0       9.0575873              9.0575873
              6       6.3719259      0.90288404        1.679214      0.02150014              -0               -0       12.743852              12.743852
              7       6.7746679       1.2129234       1.3091208    -0.050250851              -0               -0       13.549336              13.549336
              2       7.1897887       1.2047707       1.3158118    -0.058972862              -0               -0       14.379577              14.379577
              3       10.225974       1.1880641       1.3604347     -0.10831658              -0               -0       20.451949              20.451949
              3       7.9000938       1.2343242       1.1794631   -0.0030809298              -0               -0       15.800188              15.800188
              1       7.5905296       1.2148085       1.2045323   -0.0057206889              -0               -0       15.181059              15.181059
              2       7.5053214       1.2278419       1.3775278    -0.069083472              -0               -0       15.010643              15.010643
              5       6.0933783        1.135792       1.4594701    -0.071379112              -0               -0       12.186757              12.186757
              6       4.2585621       1.1493336       1.4065716    -0.011503646              -0               -0       8.5171242              8.5171242
              4       4.2093179       1.1366944       1.4268336    -0.015937197              -0               -0       8.4186359              8.4186359
              6       4.1698933       1.1163319       1.4563414    -0.022851318              -0               -0       8.3397866              8.3397866
              4       4.1962679      0.99355631       1.5909652   -0.0061925554              -0               -0       8.3925357              8.3925357
              4       4.1734543      0.99577879       1.5865739   -0.0061472196              -0               -0       8.3469087              8.3469087
              2       3.8425572       1.0638342       1.5030377   -0.0039104644              -0               -0       7.6851145              7.6851145
              2       4.1209904       1.1025221       1.4589335    -0.022661804              -0               -0       8.2419809              8.2419809
              1       4.6744023       1.0890057       1.5005029    -0.049222719              -0               -0       9.3488045              9.3488045
              4         5.45667        1.192698       1.3866096     -0.03928938              -0               -0        10.91334               10.91334
              1       5.6685506       1.1870613       1.2695114    0.0086052511              -0               -0       11.337101              11.337101
              2       4.6637919       1.1458297       1.3399113     0.013216837              -0               -0       9.3275838              9.3275838
              2       5.0938462       1.2365573       1.2956148    0.0073462336              -0               -0       10.187692              10.187692
              2       4.3290995       1.1576699       1.4090698    -0.010883051              -0               -0        8.658199               8.658199
              2       5.2121802       1.0476444        1.475668    -0.040013022              -0               -0        10.42436               10.42436
              4       5.1093368      0.98749721       1.5698455    -0.045545858              -0               -0       10.218674              10.218674
              3       5.2856359       1.0875383       1.3671002     0.032769381              -0               -0       10.571272              10.571272
              6       5.8871699      0.89321751       1.6974534    -0.031404614              -0               -0        11.77434               11.77434
              3        7.601143      0.85138963       1.7352753      -0.0494841              -0               -0       15.202286              15.202286
              3       4.8171996      0.99753938       1.5276814    -0.014299955              -0               -0       9.6343993              9.6343993
              4       4.0688184       1.0579974       1.4699578    0.0079034973              -0               -0       8.1376367              8.1376367
              5       4.1707799       1.0819223       1.4622084    -0.020793496              -0               -0       8.3415598              8.3415598
              9       4.3563147       1.0872072       1.4398347    -0.018205747              -0               -0       8.7126293              8.7126293
              2       4.7286079       1.0271427       1.6033593  -0.00047130898              -0               -0       9.4572158              9.4572158
              3       5.4961473       1.0885699       1.4742521     0.061733856              -0               -0       10.992295              10.992295
              4        5.509894        1.067331       1.4778709     0.066068845              -0               -0       11.019788              11.019788
              4       6.1984908       1.0100474       1.5091346     0.071593417              -0               -0       12.396982              12.396982
              2        6.289667      0.97910945       1.6802052    0.0091760188              -0               -0       12.579334              12.579334
              4       6.6237531      0.98740053       1.6795594     0.010120997              -0               -0       13.247506              13.247506
              3       9.9531491      0.80268861       1.7513238    -0.013941023              -0               -0       19.906298              19.906298
              1       4.3945655       0.9748061       1.6005662    -0.011670138              -0               -0        8.789131               8.789131
              1        6.153209       1.0807513       1.3559281     0.010978698              -0               -0       12.306418              12.306418
              2       6.6654654       1.0768994         1.38879    -0.034576409              -0               -0       13.330931              13.330931
              2       6.9242111       1.2583847       1.3711729    -0.020825713              -0               -0       13.848422              13.848422
              2       5.8550288       1.2756814       1.2913761     0.011306993              -0               -0       11.710058              11.710058
              1       5.4608259       1.2592736        1.235371     0.028011693              -0               -0       10.921652              10.921652
              6       6.2829056       1.0891164       1.4783246     -0.07679907              -0               -0       12.565811              12.565811
              1       7.2556985      0.90954349       1.6851372    -0.081383998              -0               -0       14.511397              14.511397
              8       5.2525796       1.0098512        1.542804     0.047461965              -0               -0       10.505159              10.505159
              6        4.106779       1.0631075       1.4598385     0.014748394              -0               -0        8.213558               8.213558
              5       5.3187158       1.1087359       1.3902875    -0.028722299              -0               -0       10.637432              10.637432
              7       5.2734278       1.0547195       1.4473952    -0.027949613              -0               -0       10.546856              10.546856
              1       5.5618426       1.1861116        1.407155     -0.04412872              -0               -0       11.123685              11.123685
              7       5.0991944       1.2181317       1.3527166    -0.009452265              -0               -0       10.198389              10.198389
              4       5.5458305        1.157497       1.3698065    -0.041631087              -0               -0       11.091661              11.091661
              3       6.4025533      0.97879972       1.5919939    -0.075933842              -0               -0       12.805107              12.805107
              1       6.3152003       0.9585995       1.6145811    -0.071253352              -0               -0       12.630401              12.630401
              3       5.4086768      0.98113859       1.6478075    -0.072137644              -0               -0       10.817354              10.817354
              1       5.3865468       1.0649574       1.6040299    -0.044140362              -0               -0       10.773094              10.773094
              3       5.6789123       1.0833114       1.5903756    -0.040162369              -0               -0       11.357825              11.357825
              2        4.479938       1.0495168       1.5284697     0.028244279              -0               -0       8.9598761              8.9598761
              1       4.5337411       1.0470885        1.533217     0.028494865              -0               -0       9.0674822              9.0674822
              5       4.5050429        1.010381       1.5849564     0.013685551              -0               -0       9.0100858              9.0100858
              7       5.0563367       1.1739866        1.438787   -0.0042742754              -0               -0       10.112673              10.112673
              1        4.687079        1.142237       1.4677526   0.00016889272              -0               -0        9.374158               9.374158
             12       5.6617171       1.2555202       1.2368721      0.06862431              -0               -0       11.323434              11.323434
              3       5.6529551       1.2483161       1.2561731     0.071024727              -0               -0        11.30591               11.30591
              2       5.9550629       1.2118807        1.283081     0.090254517              -0               -0       11.910126              11.910126
              3       4.2020613       1.1242305       1.4232306     0.031916777              -0               -0       8.4041226              8.4041226
              4       4.1628208       1.1225004       1.4245595     0.030203471              -0               -0       8.3256416              8.3256416
              6       5.5904315      0.91502585       1.7502785    -0.042376944              -0               -0       11.180863              11.180863
              1       4.0979634        1.019405       1.5326453   -0.0062288268              -0               -0       8.1959267              8.1959267
              4       4.2515213       1.0582421       1.5109677    -0.035002574              -0               -0       8.5030427              8.5030427
              6        4.604935       1.0048388       1.5164726     0.008753336              -0               -0         9.20987                9.20987
              1       4.3195189       1.0373869       1.4819449    0.0045902344              -0               -0       8.6390378              8.6390378
             13       4.2440621       1.0354548       1.4902955    0.0029167821              -0               -0       8.4881241              8.4881241
              3       4.1559943       1.0073264       1.5495703   -0.0048191841              -0               -0       8.3119886              8.3119886
              4       4.7337463       1.1392282       1.4251933     0.042972247              -0               -0       9.4674926              9.4674926
              1       4.4262277      0.98174928       1.6403737    -0.021399665              -0               -0       8.8524555              8.8524555
              2       4.1680216       1.0046591       1.5954112    -0.029234172              -0               -0       8.3360432              8.3360432
              1       4.6727615       1.1739711        1.313013     0.038013498              -0               -0       9.3455229              9.3455229
              1       4.6585359       1.1899784       1.3079322      0.03709585              -0               -0       9.3170717              9.3170717
              1       4.7506808       1.1756656       1.3261777     0.054271514              -0               -0       9.5013616              9.5013616
              3       7.0625164       1.2918451       1.3185496     0.016799209              -0               -0       14.125033              14.125033
              1       6.6416785       1.2855865       1.3097604     0.026317251              -0               -0       13.283357              13.283357
              6       5.0454442       1.0787822       1.5441524    -0.059971012              -0               -0       10.090888              10.090888
              1       5.0504458       1.0791624       1.5431879    -0.060125136              -0               -0       10.100892              10.100892
              5       4.9867225        1.067973       1.5534428    -0.060485817              -0               -0        9.973445               9.973445
              1       4.9765136       1.0692489       1.5508919    -0.060158904              -0               -0       9.9530272              9.9530272
              5       6.0189987       1.0347853        1.590062    -0.084896768              -0               -0       12.037997              12.037997
              2       7.1900304       1.0002977       1.6273482     -0.10274526              -0               -0       14.380061              14.380061
              1       4.7815083       1.1666773       1.4367549    -0.013562017              -0               -0       9.5630167              9.5630167
              7       4.3651222       1.1788089       1.3484645     0.015733061              -0               -0       8.7302443              8.7302443
              1       6.0187415       1.2941687       1.1983612     0.029168664              -0               -0       12.037483              12.037483
              1       5.8399024       1.2441908       1.3471396     0.024672394              -0               -0       11.679805              11.679805
              3       6.9745477       1.1609057       1.3623408      0.10480774              -0               -0       13.949095              13.949095
              3       4.1365072       1.1506328        1.402896     0.013247687              -0               -0       8.2730143              8.2730143
              5       4.1507925       1.1518947       1.4042131     0.011927391              -0               -0        8.301585               8.301585
              5       4.2031395        1.103261       1.4691451     0.023109956              -0               -0       8.4062791              8.4062791
              8       4.1039415       1.0213861       1.5868007    -0.025243118              -0               -0        8.207883               8.207883
              5       4.4094633      0.99230483       1.6308685    -0.016596579              -0               -0       8.8189265              8.8189265
              2       5.1431977      0.96716711       1.6989233    -0.041141972              -0               -0       10.286395              10.286395
             12       4.9372858      0.99470192       1.6647115    -0.046518532              -0               -0       9.8745716              9.8745716
              8       4.0728798       1.1383077       1.4259433    0.0021801217              -0               -0       8.1457595              8.1457595
              2       4.1224975        1.101769       1.4669371    -0.024427031              -0               -0        8.244995               8.244995
              2       4.2587469       1.1208713       1.4027694   -0.0074454757              -0               -0       8.5174938              8.5174938
             11       4.0210614       1.0980465       1.4279775    0.0058773968              -0               -0       8.0421228              8.0421228
              2       3.9619826       1.0635879       1.4764441     0.012784512              -0               -0       7.9239651              7.9239651
              1       4.0814244        1.106499       1.4325381     0.028488953              -0               -0       8.1628488              8.1628488
              3       3.9862127       1.1018317       1.4731712    0.0082961003              -0               -0       7.9724254              7.9724254
              2       5.7091829        1.169641       1.3502057      0.08248025              -0               -0       11.418366              11.418366
              3        5.092405       1.1310819       1.4012409     0.065425161              -0               -0        10.18481               10.18481
              4        5.052934       1.1269432       1.4109709     0.062826847              -0               -0       10.105868              10.105868
              2       5.9947919       1.1659645        1.361975     0.086128248              -0               -0       11.989584              11.989584
              1        5.835295       1.2071385        1.256643     0.085924376              -0               -0        11.67059               11.67059
              3       4.6554371       1.1907468        1.313103      0.04170724              -0               -0       9.3108743              9.3108743
              4         4.68065       1.1730567       1.4149321    -0.015486812              -0               -0          9.3613                 9.3613
              1       5.2810012       1.2447799        1.317518     0.017298149              -0               -0       10.562002              10.562002
              8       5.5218478       1.0878539       1.5525057    -0.066651651              -0               -0       11.043696              11.043696
              1       8.4190176       1.0254233       1.3839619   -0.0056940146              -0               -0       16.838035              16.838035
              5       7.8929528      0.98466566       1.4486193   -0.0012663949              -0               -0       15.785906              15.785906
              9       4.9476467       0.9892596       1.5325369    -0.010933051              -0               -0       9.8952934              9.8952934
              2       6.1669163      0.88587749       1.7845183    -0.056988936              -0               -0       12.333833              12.333833
              3       5.4321578      0.96537779       1.6925957    -0.068606704              -0               -0       10.864316              10.864316
              1       6.2332298      0.91307922       1.7593708    -0.076606865              -0               -0        12.46646               12.46646
              5       5.9181547      0.91446442       1.7550979    -0.067144665              -0               -0       11.836309              11.836309
              3       6.0683238      0.90443267       1.7732535    -0.064442758              -0               -0       12.136648              12.136648
              2       4.6536954       0.9911309       1.5810648    -0.040266311              -0               -0       9.3073908              9.3073908
              4       5.4389255       1.2067721       1.3948339     -0.02357899              -0               -0       10.877851              10.877851
              1       5.4451777       1.2069001       1.3948644    -0.023698019              -0               -0       10.890355              10.890355
              8       5.5622119       1.2251199       1.3681531     -0.01885225              -0               -0       11.124424              11.124424
              1       4.6705115       1.1660174       1.4007586    -0.024779494              -0               -0       9.3410229              9.3410229
              5       5.1372856       1.1285769       1.4755843    -0.052542562              -0               -0       10.274571              10.274571
              8        4.795252       1.1245348       1.4830114    -0.042504293              -0               -0        9.590504               9.590504
              2       4.2593023       1.0368176       1.5810605    -0.036446732              -0               -0       8.5186046              8.5186046
              1       4.2452167       1.0907448       1.4145722     0.016125561              -0               -0       8.4904334              8.4904334
              6       4.0160173       1.0849889       1.4434063      0.00263721              -0               -0       8.0320347              8.0320347
              2       5.5888176      0.90756477       1.7345518    -0.020894411              -0               -0       11.177635              11.177635
              2       7.4992863      0.83375199       1.7941052    -0.051573809              -0               -0       14.998573              14.998573
              1       6.0032645       1.0010285       1.5400838    -0.059837473              -0               -0       12.006529              12.006529
              2       4.9416356       1.0418213       1.4969353    -0.041483963              -0               -0       9.8832712              9.8832712
              1       5.0090271       1.0201532       1.5187255    -0.040217019              -0               -0       10.018054              10.018054
              6       4.1854046       1.0853103       1.4266884     0.023985831              -0               -0       8.3708092              8.3708092
              1       4.2816275       1.0128148       1.5700875      0.01114786              -0               -0        8.563255               8.563255
              1       4.3528243       1.0060968       1.5819244     0.009934021              -0               -0       8.7056486              8.7056486
              2       4.6885053      0.95127077       1.6392164    -0.026224096              -0               -0       9.3770105              9.3770105
              2       4.7445558       1.0259028       1.5575332     0.029545767              -0               -0       9.4891116              9.4891116
              1       4.4072796       1.0606592        1.518485     0.026693924              -0               -0       8.8145593              8.8145593
              1       3.8695453       1.0584317       1.5217286    -0.010184875              -0               -0       7.7390907              7.7390907
              3       4.5035695        1.181962       1.3250024     0.023334006              -0               -0       9.0071389              9.0071389
              1       4.4437291       1.1750766       1.3330023     0.022287877              -0               -0       8.8874582              8.8874582
              6       4.4389152       1.1747695       1.3331138      0.02554996              -0               -0       8.8778305              8.8778305
             18       4.7963379       1.1066341       1.4704286     0.040139662              -0               -0       9.5926758              9.5926758
              2       5.2107721        1.120209       1.4456287     0.055528221              -0               -0       10.421544              10.421544
              7       5.1825054       1.0338204       1.6345676    -0.038234565              -0               -0       10.365011              10.365011
              1       6.8854271       1.1412482       1.5439061    -0.029018729              -0               -0       13.770854              13.770854
              2       5.3423953       1.2524997       1.2565276     0.016739037              -0               -0       10.684791              10.684791
              3         7.19056       1.3044511       1.1727205      0.10657084              -0               -0        14.38112               14.38112
              5       6.1924371       1.2656343       1.3031186     0.051404204              -0               -0       12.384874              12.384874
              6        5.736618       1.1681457       1.4579764    -0.048392662              -0               -0       11.473236              11.473236
              2       6.4026353       1.1363386        1.519731     -0.06743614              -0               -0       12.805271              12.805271
              1       5.8179951       1.0971719       1.5740298    -0.050418207              -0               -0        11.63599               11.63599
              6       4.4725095       1.1528945       1.4413345   -0.0052445346              -0               -0        8.945019               8.945019
              4       5.4004647       1.1308566       1.5177488    -0.023847348              -0               -0       10.800929              10.800929
              5       5.3609824       1.1166127       1.5310071    -0.010191805              -0               -0       10.721965              10.721965
              1       5.1406945       1.1159888       1.5227909    -0.005890139              -0               -0       10.281389              10.281389
              6       5.1456569       1.1192767       1.5185178   -0.0054240341              -0               -0       10.291314              10.291314
              2       5.0547761       1.1176823       1.5187534   -0.0075334244              -0               -0       10.109552              10.109552
              3       5.5171147       1.1580242       1.4563057     0.025480655              -0               -0       11.034229              11.034229
              3       5.3632199       1.1573916       1.4542981     0.023525946              -0               -0        10.72644               10.72644
              3       5.8952976       1.1296086       1.4973965     0.028422571              -0               -0       11.790595              11.790595
              2        6.366414       1.1641161       1.4321751     0.058332403              -0               -0       12.732828              12.732828
              7       6.9846887       1.1437207        1.251311     0.044033908              -0               -0       13.969377              13.969377
              1       5.6453322       1.1214768       1.3443359     -0.01080103              -0               -0       11.290664              11.290664
              1       5.0471229       1.0934779       1.4996283     0.037260832              -0               -0       10.094246              10.094246
              3       5.4491029       1.0945306        1.506409     0.041086784              -0               -0       10.898206              10.898206
              1       4.7061928         1.19546       1.3748686      0.01597106              -0               -0       9.4123856              9.4123856
              1        4.569969       1.1942186       1.3592668     0.021747462              -0               -0        9.139938               9.139938
             20       4.4763327       1.0417939       1.5523979    -0.048061216              -0               -0       8.9526654              8.9526654
              1       5.3794872       1.1153776       1.4920996    -0.061837119              -0               -0       10.758974              10.758974
              1       5.6998114       1.1356702       1.4295621    -0.060213296              -0               -0       11.399623              11.399623
              1       5.5181204       1.0778591       1.4629449    -0.055921637              -0               -0       11.036241              11.036241
              2       6.7307663       1.2460745        1.167196     0.074343113              -0               -0       13.461533              13.461533
              3       6.4262046       1.0472136       1.5320928     0.066182646              -0               -0       12.852409              12.852409
              1       6.3916791        1.054928       1.5462215    -0.087384465              -0               -0       12.783358              12.783358
              1       6.3333444       1.0759532       1.5237683    -0.084796518              -0               -0       12.666689              12.666689
              2       6.1212716       1.0956391       1.4612976    -0.070904586              -0               -0       12.242543              12.242543
              2       4.7846622       1.1669343       1.3428673   -0.0091105238              -0               -0       9.5693245              9.5693245
              2       4.0948777       1.0528714       1.5051611     0.020964018              -0               -0       8.1897553              8.1897553
              2       4.2113524      0.99130401       1.6098082     -0.01727479              -0               -0       8.4227047              8.4227047
              2       4.5434068       1.0424198       1.4856032    -0.022477716              -0               -0       9.0868136              9.0868136
              4       4.2231202        1.064015       1.4723163    -0.018073294              -0               -0       8.4462404              8.4462404
              6       4.5266629       1.1660564       1.3627218     0.044661681              -0               -0       9.0533258              9.0533258
              3       4.3896433       1.1632632       1.3712678     0.036788005              -0               -0       8.7792866              8.7792866
              2       4.6575018       1.1578696       1.3582079      0.05372442              -0               -0       9.3150036              9.3150036
              5       7.2847461       1.3548102       1.1995161     0.041474189              -0               -0       14.569492              14.569492
              6       7.8593912        1.363572       1.1730574    -0.003902431              -0               -0       15.718782              15.718782
              5       7.4048696       1.3032756       1.3039447     0.031645945              -0               -0       14.809739              14.809739
              3       8.9207225       1.0683517       1.6290082     0.018587904              -0               -0       17.841445              17.841445
              3       6.8268058       1.0594963       1.6262958   -0.0038223113              -0               -0       13.653612              13.653612
              5       6.1075711       1.2348248       1.3690789     0.027700326              -0               -0       12.215142              12.215142
              1       7.6685329       1.2460289       1.4133691    -0.026799322              -0               -0       15.337066              15.337066
              4       6.0384132       1.0385513       1.6351957    -0.077667674              -0               -0       12.076826              12.076826
              6       5.9835165        1.089222       1.5630552     -0.07393558              -0               -0       11.967033              11.967033
              1       7.9726683       1.1622648       1.4937078    -0.090438622              -0               -0       15.945337              15.945337
              2       6.4692722       1.1814346       1.4490271    -0.061240301              -0               -0       12.938544              12.938544
              4       7.5799643       1.1988359       1.4705293     -0.05893551              -0               -0       15.159929              15.159929
              1       6.7162105       1.2655511       1.3523257    -0.014763251              -0               -0       13.432421              13.432421
              1       6.3563072       1.2325219       1.3963599   -0.0070712487              -0               -0       12.712614              12.712614
              2       6.4812045       1.0289683       1.4274627    -0.011869738              -0               -0       12.962409              12.962409
              1       6.5641869      0.96260397       1.5102965     0.011459853              -0               -0       13.128374              13.128374
             10       3.9816908       1.0585774       1.5209467    0.0076097147              -0               -0       7.9633817              7.9633817
              1       7.1111228      0.84573424       1.7580075    -0.027983048              -0               -0       14.222246              14.222246
              2       7.1799676      0.83835693       1.7887346    -0.038800152              -0               -0       14.359935              14.359935
              2       4.3699427       1.1329938       1.4016768     0.042008483              -0               -0       8.7398855              8.7398855
              7       4.3282095       1.1345898       1.4006403     0.039832506              -0               -0       8.6564189              8.6564189
              2       4.7431458       1.1846429       1.3235875     0.052020218              -0               -0       9.4862916              9.4862916
              2       4.5829013        1.174873       1.3258744     0.042832049              -0               -0       9.1658026              9.1658026
              3       4.2670486       1.1135346       1.3908454      0.03013072              -0               -0       8.5340973              8.5340973
              1        4.217979       1.1103972       1.4016874     0.032386018              -0               -0       8.4359579              8.4359579
              3       4.5682632      0.96831264       1.5990603     -0.01798698              -0               -0       9.1365264              9.1365264
              1       4.4167324      0.98261281       1.5755588    -0.006103357              -0               -0       8.8334648              8.8334648
              3       4.8680076       1.0804344       1.5601035    -0.045535828              -0               -0       9.7360152              9.7360152
              5       6.3482692       1.2102781       1.4301212   -0.0074302492              -0               -0       12.696538              12.696538
              4       5.8390032       1.1949904       1.4376046   -0.0098890572              -0               -0       11.678006              11.678006
              1       5.6546276       1.1965558       1.4271764   -0.0024785587              -0               -0       11.309255              11.309255
              1       5.7970545       1.1992227        1.427515  -0.00093226738              -0               -0       11.594109              11.594109
              3       5.6404706       1.1074035       1.5500905    -0.010083478              -0               -0       11.280941              11.280941
              4       4.5434177       1.1889831        1.344172     0.035155662              -0               -0       9.0868354              9.0868354
              5       4.8984264       1.1916208       1.3503957     0.049452869              -0               -0       9.7968528              9.7968528
              2       4.6588582       1.1584251       1.4072765    -0.027657853              -0               -0       9.3177163              9.3177163
              3       4.1339941       1.1038859       1.4643274    -0.024392362              -0               -0       8.2679882              8.2679882
              1        4.762385       1.1842612       1.3783287    -0.018912148              -0               -0         9.52477                9.52477
              1       5.2154738       1.1929451       1.3387797    -0.024720435              -0               -0       10.430948              10.430948
              5       5.9486238       1.2426627       1.2851089    -0.023181463              -0               -0       11.897248              11.897248
              3       5.8392284       1.2376943       1.2898292    -0.022368937              -0               -0       11.678457              11.678457
              2       5.2118394       1.2195602       1.2818872    0.0021400442              -0               -0       10.423679              10.423679
              2       4.9229612       1.1930451       1.3025831    0.0061467275              -0               -0       9.8459225              9.8459225
              2       5.1365486       1.2133239       1.2810403    0.0073843523              -0               -0       10.273097              10.273097
              7       4.9908171       1.2112473       1.3275505     0.047787421              -0               -0       9.9816341              9.9816341
              6       5.2927086       1.2229828       1.2567858     0.019179333              -0               -0       10.585417              10.585417
              3       5.0408506        1.220833       1.2759475     0.017131204              -0               -0       10.081701              10.081701
              4       5.1984263       1.2253149        1.262769     0.018278431              -0               -0       10.396853              10.396853
              5       5.9146418       1.2702676       1.2364118    0.0018402268              -0               -0       11.829284              11.829284
              6       4.0368222       1.1059141       1.4188006     0.020802642              -0               -0       8.0736444              8.0736444
              3         5.15232       1.1539276        1.311289     0.013331964              -0               -0        10.30464               10.30464
              8       4.7504381       1.0521763       1.4465185     0.042271835              -0               -0       9.5008762              9.5008762
              3         4.81752       1.0255632       1.5317872     0.039929864              -0               -0         9.63504                9.63504
              9       5.4775409       1.0210214       1.5071568     0.059155624              -0               -0       10.955082              10.955082
              6       5.8435514       1.2344296       1.2147146     0.068455507              -0               -0       11.687103              11.687103
              2       6.1699082          1.2468       1.2073597     0.086306748              -0               -0       12.339816              12.339816
              8       6.2485554       1.2507374       1.2018512     0.087722565              -0               -0       12.497111              12.497111
              3       7.8105108       1.3823824       1.1120601     0.084185486              -0               -0       15.621022              15.621022
              6       8.0328224       1.3741209       1.1802883    0.0012790468              -0               -0       16.065645              16.065645
              3       8.3723724        1.387587       1.1619468    0.0006187907              -0               -0       16.744745              16.744745
              5       7.6416071      0.97973844       1.7579389    -0.053828411              -0               -0       15.283214              15.283214
             17       7.2998023      0.95712079       1.7685518    -0.087067001              -0               -0       14.599605              14.599605
              4       4.9806357        1.048258       1.5009286     0.050783035              -0               -0       9.9612714              9.9612714
              4       5.0232052       1.0314733       1.5376588     0.042799956              -0               -0        10.04641               10.04641
              2        5.502491       1.2368463       1.3490296     0.015775611              -0               -0       11.004982              11.004982
              1        5.277201       1.1651042       1.4432462    -0.041592288              -0               -0       10.554402              10.554402
              4       4.8317315       1.0757686       1.5656385    -0.044526803              -0               -0        9.663463               9.663463
             13       6.4107647       1.0933233       1.5421432     -0.08471144              -0               -0       12.821529              12.821529
              1       6.5780666       1.0886402       1.5357433    -0.088671886              -0               -0       13.156133              13.156133
             10       4.9748077       1.1319596       1.4482389    -0.047395196              -0               -0       9.9496154              9.9496154
              3       4.1474721       1.0262621       1.5503761     0.011382464              -0               -0       8.2949442              8.2949442
              1       4.0248529       1.0578642       1.4907193     0.019061309              -0               -0       8.0497059              8.0497059
              3       4.0649571       1.0350654       1.5281339    -0.021766773              -0               -0       8.1299142              8.1299142
             13       6.9987524       1.2829369       1.2254043    -0.024630813              -0               -0       13.997505              13.997505
              1       7.2781752        1.151666       1.3769418    -0.073081526              -0               -0        14.55635               14.55635
             10        4.468513       1.0090907       1.6090775    -0.046763991              -0               -0       8.9370259              8.9370259
              7       4.6146747       1.0128118       1.6136155    -0.051911054              -0               -0       9.2293495              9.2293495
              4       4.4940387       1.0220169       1.5735582    -0.048113035              -0               -0       8.9880774              8.9880774
              4       3.9848053       1.0682006       1.5176655    -0.023887877              -0               -0       7.9696107              7.9696107
              7       4.8614639       1.1845754       1.3513636    -0.017778788              -0               -0       9.7229277              9.7229277
              5       4.6208161        1.050846       1.4591596    -0.011444309              -0               -0       9.2416322              9.2416322
              5       3.9468169       1.0989852       1.4758217    0.0050952846              -0               -0       7.8936339              7.8936339
              3       4.4682554       1.0814903       1.5450944    -0.014627341              -0               -0       8.9365108              8.9365108
              7       4.5280335       1.0377056       1.6012309    -0.023036651              -0               -0        9.056067               9.056067
              6       4.4398562       1.0297411       1.6033197    -0.018678704              -0               -0       8.8797124              8.8797124
              6       5.6288563       1.1039618        1.559563    -0.046838215              -0               -0       11.257713              11.257713
              4       4.4323575       1.0342406       1.5743349    -0.047322017              -0               -0       8.8647151              8.8647151
              5       4.7336969      0.98226362       1.6364176    -0.052739456              -0               -0       9.4673939              9.4673939
              4       5.3264723       0.9917638       1.5329938    -0.031363777              -0               -0       10.652945              10.652945
              1       5.5683381      0.92677051       1.6211878    0.0020222246              -0               -0       11.136676              11.136676
              1       5.7774837       1.1867947       1.3022877     0.088432866              -0               -0       11.554967              11.554967
              1       5.4914793       1.1865991       1.3390342      0.07448006              -0               -0       10.982959              10.982959
              1       7.6309187       1.0857856       1.4732438     0.095475321              -0               -0       15.261837              15.261837
              4       8.0459689       1.1047556       1.4374252      0.10927316              -0               -0       16.091938              16.091938
              3       7.2332224      0.98547851       1.4568133     0.055867865              -0               -0       14.466445              14.466445
              7       6.3013413       1.2151505       1.2135045     0.083837792              -0               -0       12.602683              12.602683
              2       7.3421378        1.263875       1.1395249     0.095191272              -0               -0       14.684276              14.684276
              1       8.0129477       1.2256768       1.1535541     0.034953228              -0               -0       16.025895              16.025895
              1       7.7169707       1.0543402        1.450717      0.10854775              -0               -0       15.433941              15.433941
              2        6.498906       1.0296522       1.5381308      0.06950908              -0               -0       12.997812              12.997812
              3       6.1843722       1.0398221       1.5190219     0.069500176              -0               -0       12.368744              12.368744
              2        5.474424        1.015108       1.5053629      0.05742361              -0               -0       10.948848              10.948848
              4       4.3805837       1.1027623       1.4127645     0.043396742              -0               -0       8.7611674              8.7611674
              2       4.2610808       1.0809552       1.4468876      0.03633323              -0               -0       8.5221615              8.5221615
              6       5.9610229       1.0142239       1.4450022     0.037789952              -0               -0       11.922046              11.922046
              2       7.2980436       1.0825866       1.4101943       0.1094121              -0               -0       14.596087              14.596087
              2       6.2445748       1.1149228       1.3710341     0.096382942              -0               -0        12.48915               12.48915
              1       6.0671478       1.1482745       1.2722696     0.047422502              -0               -0       12.134296              12.134296
              1       6.6492579       1.3184247       1.1635488     0.023999162              -0               -0       13.298516              13.298516
              3       7.6952602        1.361834       1.0874454     0.046725474              -0               -0        15.39052               15.39052
              6       6.4550852       1.0580771       1.4081374    -0.028337743              -0               -0        12.91017               12.91017
              4       5.3974577       1.2199035        1.374928     0.011636603              -0               -0       10.794915              10.794915
              4        5.521693       1.2231022       1.3754326     0.011222593              -0               -0       11.043386              11.043386
              3       5.4586193       1.2213819        1.267058     0.072890386              -0               -0       10.917239              10.917239
              1       5.6309181         1.23974       1.2410396     0.072984756              -0               -0       11.261836              11.261836
              3       5.8575974       1.2611633       1.2380317     0.074741663              -0               -0       11.715195              11.715195
              1       9.0189533       1.3357771       1.0360374     0.076671262              -0               -0       18.037907              18.037907
              5       9.6289274       1.1223492       1.2374534      0.13023407              -0               -0       19.257855              19.257855
              3        8.167184       1.1696605       1.2456377      0.13352996              -0               -0       16.334368              16.334368
              1       6.9400241       1.1090056       1.4539736     0.086346775              -0               -0       13.880048              13.880048
              1       7.0180605       1.1023944       1.4716424     0.081853789              -0               -0       14.036121              14.036121
              2       4.5929079       1.0052547       1.5593363    -0.038562804              -0               -0       9.1858159              9.1858159
              1       4.6165558       1.0215247       1.5353894    -0.039033215              -0               -0       9.2331116              9.2331116
              3       4.6792528       1.0184946       1.5379619     -0.04018497              -0               -0       9.3585056              9.3585056
              1       4.1232045        1.056422       1.5007725    -0.025013943              -0               -0       8.2464089              8.2464089
              8       4.2394499       1.0718393        1.482275    -0.028804458              -0               -0       8.4788997              8.4788997
              1       4.5618911      0.96601918       1.6186248    -0.029271898              -0               -0       9.1237823              9.1237823
              1       4.7651631       1.0450207        1.555082     0.024306118              -0               -0       9.5303262              9.5303262
              9        4.665926        1.038351       1.6027751    -0.015584166              -0               -0        9.331852               9.331852
              1       4.7807923      0.98149116       1.6364205    -0.054222064              -0               -0       9.5615847              9.5615847
              1       4.6160372      0.98819326       1.6198299    -0.048948092              -0               -0       9.2320745              9.2320745
              2       5.3874271      0.91109966       1.7018452    -0.039821449              -0               -0       10.774854              10.774854
              2       5.4447351      0.90763993       1.7032972     -0.03804573              -0               -0        10.88947               10.88947
              1       5.4819839      0.91282828       1.6673929    -0.024606498              -0               -0       10.963968              10.963968
              2        5.652524       1.0322425       1.5105355    -0.058121798              -0               -0       11.305048              11.305048
              5       6.0703802       1.0266782       1.4307752     0.057317273              -0               -0        12.14076               12.14076
              2       5.6292065       1.0304138       1.4376501     0.049102445              -0               -0       11.258413              11.258413
              3        7.791286       1.2010532       1.1715593     0.081878963              -0               -0       15.582572              15.582572
              3       6.7984142       1.0985475       1.3067665     0.041226175              -0               -0       13.596828              13.596828
              3       6.7087812        1.085367       1.6019082    -0.013042378              -0               -0       13.417562              13.417562
              1       4.0790823       1.1444816       1.4072751    0.0061990419              -0               -0       8.1581645              8.1581645
              1       4.8304975       1.1051711       1.4133172     0.059982218              -0               -0       9.6609949              9.6609949
              4       5.0937378       1.0827748       1.4605846     0.059766674              -0               -0       10.187476              10.187476
              1       5.6787477       1.2102255       1.4070341   -0.0029863483              -0               -0       11.357495              11.357495
              8       5.3479071       1.2271569       1.3284671    -0.017071958              -0               -0       10.695814              10.695814
              1       6.4543621       1.3092572       1.1580691     0.043914683              -0               -0       12.908724              12.908724
              1       5.8013045       1.2517404       1.2054086     0.043366628              -0               -0       11.602609              11.602609
              1       4.9209159       1.1740178       1.3133926    0.0052681014              -0               -0       9.8418318              9.8418318
              2         5.51046       1.2230328       1.3497315    -0.025373025              -0               -0        11.02092               11.02092
              1       4.8465115       1.1468954       1.4506303    -0.037601411              -0               -0        9.693023               9.693023
              5       4.7320806       1.1423705       1.3482735      0.05509039              -0               -0       9.4641611              9.4641611
              1       5.0341351       1.0745287       1.4292508     0.061474191              -0               -0        10.06827               10.06827
              1       5.6222121       1.0991583       1.4795401     0.057251229              -0               -0       11.244424              11.244424
              1       4.7837046      0.99881469       1.6493854     -0.02161538              -0               -0       9.5674092              9.5674092
              4       4.8529409        1.005373       1.6426673    -0.016352423              -0               -0       9.7058818              9.7058818
              1       4.8247407       1.0792652       1.3994945     0.013318286              -0               -0       9.6494815              9.6494815
              1       4.7650615       1.1059069       1.3762326    0.0065707911              -0               -0        9.530123               9.530123
              6       4.6225966       1.0869505       1.3995577     0.012599539              -0               -0       9.2451932              9.2451932
              2       6.4219221      0.92520619       1.5909894     0.026304302              -0               -0       12.843844              12.843844
             10       6.5420656      0.85928208       1.7879331     -0.04703879              -0               -0       13.084131              13.084131
              1        5.159679       0.9212643       1.6854554     -0.01501651              -0               -0       10.319358              10.319358
              7       4.8487673       1.0366745       1.6182259    -0.039900475              -0               -0       9.6975346              9.6975346
              7       4.6897592       1.0440432       1.6032927    -0.033258063              -0               -0       9.3795183              9.3795183
              9       4.6490668       1.1231259       1.4960707    -0.027592489              -0               -0       9.2981335              9.2981335
              3       5.2067444       1.0576189       1.5868186    0.0013734741              -0               -0       10.413489              10.413489
              2       5.3226284       1.0888936       1.5622831   -0.0076514584              -0               -0       10.645257              10.645257
              3        5.075019       1.0068078       1.6516035     -0.05778985              -0               -0       10.150038              10.150038
              3        5.250158       1.0161252       1.5223148    -0.045309274              -0               -0       10.500316              10.500316
              4       5.4260537       1.2652311       1.2452372     0.029535135              -0               -0       10.852107              10.852107
              5       4.2166163       1.0243394       1.5268193    -0.019932081              -0               -0       8.4332326              8.4332326
              5       4.1603847       1.0090938       1.5657776    0.0051773506              -0               -0       8.3207694              8.3207694
              5       4.5851263       1.1722548       1.3202732     0.027180479              -0               -0       9.1702526              9.1702526
              6        4.366773       1.1382481       1.3919334    -0.012437328              -0               -0       8.7335459              8.7335459
              4       4.5822025       1.0862036       1.4188771     0.047938309              -0               -0        9.164405               9.164405
              4       4.6840697      0.99657039       1.5341153    -0.012262158              -0               -0       9.3681395              9.3681395
              1       4.9295853       1.0059827       1.5054146     0.031409309              -0               -0       9.8591707              9.8591707
              5       6.6295383       1.1324249       1.2981014     0.097415384              -0               -0       13.259077              13.259077
              1        7.777307       1.1682107       1.2221589      0.11106777              -0               -0       15.554614              15.554614
              1       5.4112958       1.2523003       1.2359776     0.031017929              -0               -0       10.822592              10.822592
              1       4.1364612       1.0270326       1.5632368    -0.032998109              -0               -0       8.2729225              8.2729225
              3        4.120629       1.0274015       1.5642376     -0.03228093              -0               -0        8.241258               8.241258
              7       5.0755166       1.0476588        1.611369    -0.049702949              -0               -0       10.151033              10.151033
              1       5.4409486       1.0651938       1.6057143    -0.043233823              -0               -0       10.881897              10.881897
              2       5.8795586       1.0464321       1.6411187    -0.053189512              -0               -0       11.759117              11.759117
              6       5.9162807       1.0371391       1.6535729    -0.043918813              -0               -0       11.832561              11.832561
              1       6.6254734       1.0447729       1.6625786    -0.058643021              -0               -0       13.250947              13.250947
              4       6.2347337       1.1215864       1.4490782    -0.073044334              -0               -0       12.469467              12.469467
              2       7.6133838       1.1371929        1.471385    -0.095127568              -0               -0       15.226768              15.226768
              1       10.817969       1.2524916       1.2555844    -0.092375569              -0               -0       21.635939              21.635939
              1       10.389746       1.1018678       1.2370796     0.019958058              -0               -0       20.779491              20.779491
              1       8.9404001       1.1518926       1.1979943     0.045020925              -0               -0         17.8808                17.8808
              3       11.377351        1.155942       1.1400952     0.079658386              -0               -0       22.754703              22.754703
              2       10.010309       1.1348302       1.1902795     0.067576824              -0               -0       20.020617              20.020617
              1       5.7836207       1.0769125        1.363408     0.047294341              -0               -0       11.567241              11.567241
              4       7.7522921      0.94833101       1.5407656    -0.041719217              -0               -0       15.504584              15.504584
              2        7.595517      0.93110375       1.6418823    -0.084448815              -0               -0       15.191034              15.191034
              3        6.299305      0.88147367       1.6973906   -0.0087748109              -0               -0        12.59861               12.59861
              1       5.2067397      0.99625015       1.5398176     0.043336645              -0               -0       10.413479              10.413479
              1       4.8530605       1.1433945       1.4751228    -0.027213997              -0               -0        9.706121               9.706121
              1       5.9459765       1.0158063       1.6788915    -0.046115371              -0               -0       11.891953              11.891953
              1       5.9450419       1.0158049       1.6788629    -0.046081719              -0               -0       11.890084              11.890084
              2       5.9723101       1.0170461       1.6781736    -0.045780576              -0               -0        11.94462               11.94462
              3       4.3673709       1.0093554       1.5245524    0.0052419678              -0               -0       8.7347418              8.7347418
              2       4.2072472       1.0006927       1.5960665   -0.0048190773              -0               -0       8.4144944              8.4144944
              1       4.3235213      0.98014099       1.6135643   -0.0096494083              -0               -0       8.6470425              8.6470425
              6       4.3232112       1.0452256       1.4717752     0.022354248              -0               -0       8.6464223              8.6464223
             11       4.4361995      0.97623633       1.6380732    -0.015788938              -0               -0        8.872399               8.872399
              1       4.4688826      0.96920543       1.6308275   -0.0096609672              -0               -0       8.9377652              8.9377652
              4       4.5697057        1.129146       1.4129899     0.047880965              -0               -0       9.1394114              9.1394114
              5       7.1312669       1.0750962       1.4671006      0.09412127              -0               -0       14.262534              14.262534
              1       6.4555892       1.0549262       1.4951041     0.079002124              -0               -0       12.911178              12.911178
              1       6.0008144       1.0989797       1.4696375     0.068801122              -0               -0       12.001629              12.001629
              1       4.5135172       1.0708529       1.4400475     0.042860337              -0               -0       9.0270344              9.0270344
              3       4.5351137       1.1607606       1.3371446     0.042785743              -0               -0       9.0702273              9.0702273
              5        4.065935       1.1369894       1.4030677    0.0027578225              -0               -0       8.1318699              8.1318699
              5       5.9687915       1.2048287       1.2261731      0.06498747              -0               -0       11.937583              11.937583
              1       5.6596079       1.2478868       1.3300676     0.028539572              -0               -0       11.319216              11.319216
              1       4.2556287       1.0077549       1.5517428    -0.021111526              -0               -0       8.5112574              8.5112574
              1       6.2993149      0.93555985       1.6300369     0.040306747              -0               -0        12.59863               12.59863
              3       8.4169282       0.8413929       1.8601359    -0.019257955              -0               -0       16.833856              16.833856
              2       8.2904375      0.84011211       1.8591009    -0.020902043              -0               -0       16.580875              16.580875
              2       7.2737984       1.0775903       1.5866723    -0.097691168              -0               -0       14.547597              14.547597
              1       6.7603164      0.86126101       1.8020866    -0.064202203              -0               -0       13.520633              13.520633
              2       5.2401932      0.92925249       1.6390855    -0.019246589              -0               -0       10.480386              10.480386
              5       6.1549771      0.94934476       1.6250188    -0.066277317              -0               -0       12.309954              12.309954
              2       6.4955302       1.1074447       1.5258668    -0.083665595              -0               -0        12.99106               12.99106
              7       5.4802343       1.0763265       1.4296416     0.073543403              -0               -0       10.960469              10.960469
              6       6.6631752       1.1383022       1.2813427      0.09240552              -0               -0        13.32635               13.32635
              2       5.5268966      0.94537561       1.5860764     -0.01309051              -0               -0       11.053793              11.053793
              1        6.584276       1.0436641        1.437113    -0.040588921              -0               -0       13.168552              13.168552
              2       7.4792771       1.0184742       1.4427767    -0.037680312              -0               -0       14.958554              14.958554
              1       5.7365872       1.1173605       1.3334821    0.0023941049              -0               -0       11.473174              11.473174
              1       5.4633093       1.1038456       1.3551501    0.0035085539              -0               -0       10.926619              10.926619
              3        5.397599       1.2513048       1.2858221    0.0013353623              -0               -0       10.795198              10.795198
              2        6.639581       1.3074924       1.2461422   -0.0069156994              -0               -0       13.279162              13.279162
              1       6.9036657       1.3148602        1.225197    -0.010979721              -0               -0       13.807331              13.807331
              1       6.9563479       1.2364409       1.3280859     -0.05544081              -0               -0       13.912696              13.912696
              2       6.4337395       1.0542217       1.6468159    -0.052911968              -0               -0       12.867479              12.867479
              1       6.3125787       1.0398069       1.6609164     -0.05615774              -0               -0       12.625157              12.625157
              3       6.3385857       1.0384373       1.6632896    -0.055878248              -0               -0       12.677171              12.677171
              1       6.5398893      0.92634482       1.7724043    -0.080381862              -0               -0       13.079779              13.079779
              4       6.3623139       1.0068332       1.4674275     0.067705631              -0               -0       12.724628              12.724628
              5       7.1905761      0.99210084       1.4604793     0.071500918              -0               -0       14.381152              14.381152
              4       4.7734901      0.99124292       1.5319624     0.013114055              -0               -0       9.5469802              9.5469802
              3        4.805538      0.96725204       1.5783385    0.0051708233              -0               -0        9.611076               9.611076
              7       5.2002184      0.94902179       1.5909508   -0.0017547545              -0               -0       10.400437              10.400437
              1       6.5370385       1.1022576       1.3115108     0.032220091              -0               -0       13.074077              13.074077
              4       6.6969945        1.089415       1.3273711     0.019250194              -0               -0       13.393989              13.393989
              1       5.6775962       1.0478032       1.4048621     0.036431614              -0               -0       11.355192              11.355192
              5       5.2221669       1.0521369       1.4152581      0.02847684              -0               -0       10.444334              10.444334
              2       5.5031159       1.0328517       1.4323353     0.032905967              -0               -0       11.006232              11.006232
              9       4.5203869      0.99463732       1.5519437     0.016661371              -0               -0       9.0407739              9.0407739
              1       5.0793292      0.98208064       1.5471508     0.030046747              -0               -0       10.158658              10.158658
              1       5.7882731      0.98248922       1.5254566     0.049331599              -0               -0       11.576546              11.576546
              3       7.2030426      0.90313273       1.6146762     0.033711878              -0               -0       14.406085              14.406085
              1       6.7109991       0.9228919       1.5800462  -0.00050818859              -0               -0       13.421998              13.421998
              7       5.6594439       1.1150125       1.3219729     0.050574772              -0               -0       11.318888              11.318888
              1       4.5360805       1.0510199       1.4667692     -0.01530448              -0               -0       9.0721611              9.0721611
              5       4.6930262       1.1117767       1.3977913    -0.017251627              -0               -0       9.3860524              9.3860524
              4       4.4831472       1.1255578       1.4479765    -0.033610854              -0               -0       8.9662944              8.9662944
              2       5.0802473       1.1100285       1.4673289    -0.054337139              -0               -0       10.160495              10.160495
              3         6.51663      0.90724776       1.6844337     0.026052436              -0               -0        13.03326               13.03326
              2       6.8730844      0.91727963       1.6486401     0.043054385              -0               -0       13.746169              13.746169
              2       4.9539253      0.99785769        1.536731     0.035991899              -0               -0       9.9078506              9.9078506
              3       5.5696696       0.9775751        1.555988     0.044833424              -0               -0       11.139339              11.139339
              2       5.6516707      0.97435301       1.5619411     0.045565974              -0               -0       11.303341              11.303341
              6       3.9540826       1.0900246       1.4496768     0.018287691              -0               -0       7.9081653              7.9081653
              5       3.8659938       1.0640721       1.5006526    0.0043325308              -0               -0       7.7319876              7.7319876
              1       4.4519824       1.1076081       1.5041609  -0.00063108517              -0               -0       8.9039647              8.9039647
              1       9.0200142       1.1442484       1.5338482     0.033141093              -0               -0       18.040028              18.040028
              1       9.8834986       1.0532251       1.5955123     0.067780528              -0               -0       19.766997              19.766997
              5       10.444107       1.2728829       1.2248387      0.16286075              -0               -0       20.888215              20.888215
              3       10.739981       1.3393343       1.2019238      0.14422237              -0               -0       21.479962              21.479962
              2        12.26756       1.4630669       1.0679237      0.15415142              -0               -0        24.53512               24.53512
              8       12.169126       1.3900024       1.1911747      0.13285511              -0               -0       24.338251              24.338251
              2       8.7216135       1.3247137       1.2730047    -0.048679729              -0               -0       17.443227              17.443227
              1        6.718677       1.2632563       1.3287525    -0.036272059              -0               -0       13.437354              13.437354
              3       7.0549065       1.2571233       1.2846253    -0.046067804              -0               -0       14.109813              14.109813
              3       5.5020192       1.0128594       1.6688833    -0.048571121              -0               -0       11.004038              11.004038
              3       5.5173539       1.0114122        1.670963    -0.048829395              -0               -0       11.034708              11.034708
              5       4.3841401       1.0269865       1.5985555    -0.011510807              -0               -0       8.7682802              8.7682802
             27       4.3353999       1.1350442       1.4515974     0.011609195              -0               -0       8.6707998              8.6707998
              1       4.0155363       1.1055588        1.462069    -0.016733311              -0               -0       8.0310725              8.0310725
             10       3.9817894       1.0874986       1.4416223    0.0084608417              -0               -0       7.9635788              7.9635788
              1       4.0547804       1.1030032       1.4340241   -0.0079760681              -0               -0       8.1095607              8.1095607
              2       4.8199091      0.98225757       1.5929564    -0.044389098              -0               -0       9.6398183              9.6398183
              2       4.9443691       1.0205174       1.4956368    -0.021702307              -0               -0       9.8887382              9.8887382
              2       6.2539024       1.2108438       1.3089231       0.0915665              -0               -0       12.507805              12.507805
              2       4.2475664       1.0716762       1.4817327     0.031848349              -0               -0       8.4951327              8.4951327
              2        4.619885       1.0423053       1.5222315     0.036200274              -0               -0       9.2397701              9.2397701
              4       4.6257007       1.0472957       1.5374646     0.029046142              -0               -0       9.2514014              9.2514014
              1       4.4513459        1.028698       1.5396643     0.027031784              -0               -0       8.9026918              8.9026918
              1       5.1265543      0.95125014       1.6630989    0.0042937562              -0               -0       10.253109              10.253109
              7        4.578396      0.96746856       1.6587417    -0.022927839              -0               -0        9.156792               9.156792
              7         6.94849       1.0216396       1.6935375    -0.039796386              -0               -0        13.89698               13.89698
              4       6.5762147       1.0090453       1.6958297    -0.031916074              -0               -0       13.152429              13.152429
              3       5.4838611       1.1854585       1.2942824      0.07960967              -0               -0       10.967722              10.967722
              1       6.4592796       1.2749088       1.1789399       0.0879399              -0               -0       12.918559              12.918559
              2       6.4850531        1.275166       1.1774802     0.088492022              -0               -0       12.970106              12.970106
              2       6.8005494       1.2899421       1.1620696     0.095660446              -0               -0       13.601099              13.601099
              4        10.25925       1.3006125       1.0277317      0.10963307              -0               -0       20.518501              20.518501
              2       10.105255       1.3396113       1.0168359      0.13660282              -0               -0       20.210509              20.210509
              1       9.6130559       1.2947633       1.0469443     0.078845673              -0               -0       19.226112              19.226112
              1       9.1204968       1.2933945       1.0610346     0.072743634              -0               -0       18.240994              18.240994
              1       8.7345344       1.2461659       1.1071814     0.071845273              -0               -0       17.469069              17.469069
              4       7.2733633       1.2092428       1.1885573     0.029709433              -0               -0       14.546727              14.546727
              6       4.6349862       1.1530906        1.329398     0.028962556              -0               -0       9.2699723              9.2699723
             14       4.7820965       1.1479237       1.3256637     0.040914181              -0               -0        9.564193               9.564193
              2       5.5647346       1.0443797        1.454784    -0.031819712              -0               -0       11.129469              11.129469
              4       5.7283188      0.89206593        1.717208    -0.022660786              -0               -0       11.456638              11.456638
              6       5.7293085       1.0846455       1.5411343     0.029366186              -0               -0       11.458617              11.458617
              1       5.1650129       1.1231364       1.4881512     0.024912471              -0               -0       10.330026              10.330026
              2       5.5466271       1.1311672       1.4927342     0.022547395              -0               -0       11.093254              11.093254
              1       5.3788726      0.98584207       1.6925123    -0.045475205              -0               -0       10.757745              10.757745
              3       5.0926906      0.99920203       1.6674645    -0.048029496              -0               -0       10.185381              10.185381
              2       4.5130536       1.0548938       1.5814947    -0.033710732              -0               -0       9.0261071              9.0261071
              6       4.5617368       1.0546238       1.5840398    -0.035258153              -0               -0       9.1234737              9.1234737
              2       4.0715509       1.0536741       1.5531052      -0.0247219              -0               -0       8.1431018              8.1431018
             10       4.0793048       1.1127262       1.4193777     0.027927574              -0               -0       8.1586096              8.1586096
              3       3.9631588        1.109721       1.4314664     0.018005788              -0               -0       7.9263176              7.9263176
              3       4.1888735       1.1490662       1.3850629     0.027565833              -0               -0        8.377747               8.377747
              1       4.7286496       1.1923637       1.2995353     0.030479293              -0               -0       9.4572993              9.4572993
              6       5.0683892       1.2300108        1.263561     0.038720422              -0               -0       10.136778              10.136778
              4       4.7840302         1.19246       1.3234856     0.051423031              -0               -0       9.5680603              9.5680603
              3       6.2284421       1.2706345       1.3170719    -0.011692013              -0               -0       12.456884              12.456884
              1       5.3555573       1.2310287       1.3132618    -0.013802543              -0               -0       10.711115              10.711115
              5       4.7925575       1.1035291        1.509262    -0.048257938              -0               -0       9.5851149              9.5851149
              3       4.2530076       1.0654646       1.5075341    -0.035910721              -0               -0       8.5060152              8.5060152
              4       4.2490586        1.062048       1.5114052     -0.03602346              -0               -0       8.4981171              8.4981171
             12       4.4159923      0.97744922       1.6205308   -0.0055051067              -0               -0       8.8319847              8.8319847
             10       4.7230718       1.1105464       1.5153212   -0.0062561918              -0               -0       9.4461436              9.4461436
              4       6.2043174      0.89805326       1.7839698    -0.037031559              -0               -0       12.408635              12.408635
              4       5.2144142      0.99034323       1.5823386    -0.056045593              -0               -0       10.428828              10.428828
              5       6.4926357      0.95690229       1.6944537    -0.091708698              -0               -0       12.985271              12.985271
             16       3.9500682       1.0771546       1.5142346     -0.01140015              -0               -0       7.9001365              7.9001365
              3       4.0818796       1.0138886       1.5639047    0.0011291545              -0               -0       8.1637592              8.1637592
              2       4.4626849      0.98336294       1.6134649    0.0015556173              -0               -0       8.9253697              8.9253697
              4       4.2680984       1.1263931       1.4504503    -0.024116016              -0               -0       8.5361968              8.5361968
             24       3.8499133       1.0637981       1.5030117   -0.0077725774              -0               -0       7.6998267              7.6998267
              2       3.9766118       1.0972957        1.433421    0.0058139258              -0               -0       7.9532236              7.9532236
              5       4.5388215       1.1838876       1.3418073    0.0019533708              -0               -0        9.077643               9.077643
              3       4.6751651       1.1602013       1.4349368    -0.022029073              -0               -0       9.3503302              9.3503302
             14       4.8692879       1.2026137       1.2908433     0.018827943              -0               -0       9.7385758              9.7385758
              3       4.9763546       1.2100389        1.277791     0.023649278              -0               -0       9.9527091              9.9527091
              1       5.1479595       1.1509417       1.4743899  -0.00086612925              -0               -0       10.295919              10.295919
              1       4.8140129       1.0796788       1.5648134    -0.033854287              -0               -0       9.6280257              9.6280257
              4       5.2271924       1.2488745       1.2582689     0.025495905              -0               -0       10.454385              10.454385
              2       5.6448719       1.2066167       1.3766557    -0.037999644              -0               -0       11.289744              11.289744
              2       6.0234616       1.0736982       1.3662324     0.014057998              -0               -0       12.046923              12.046923
              1       5.6921613       1.0743239       1.3783989     0.062539125              -0               -0       11.384323              11.384323
              2       4.7716978       1.0226275       1.4845029     0.031535095              -0               -0       9.5433956              9.5433956
              4       5.3746035       1.0645921       1.4163909    -0.013717488              -0               -0       10.749207              10.749207
              6       6.5420212       1.0006229       1.6544374    -0.094553093              -0               -0       13.084042              13.084042
              2        5.560586       1.0057081       1.6247345    -0.077073287              -0               -0       11.121172              11.121172
              1       6.2287317       0.9941044       1.6226716    -0.087168156              -0               -0       12.457463              12.457463
              4        6.011135        1.019719       1.5782479    -0.081453433              -0               -0        12.02227               12.02227
              1       4.7218181      0.99707451       1.5843443    -0.047829713              -0               -0       9.4436363              9.4436363
              4       5.4817986      0.94214601       1.7010386    -0.066783451              -0               -0       10.963597              10.963597
              3       4.0010505       1.1273004       1.4331179   -0.0018237194              -0               -0       8.0021011              8.0021011
             11       4.6116144        1.185684        1.361364   -0.0088821885              -0               -0       9.2232289              9.2232289
              5       5.0577583       1.0010028       1.5040075     0.028743609              -0               -0       10.115517              10.115517
              2       4.9784202       1.1648855       1.3995857     0.046735059              -0               -0       9.9568405              9.9568405
              5       4.5041378       1.1876469        1.325345      0.02793217              -0               -0       9.0082757              9.0082757
              1       4.4346029       1.1828566       1.3357603     0.026755481              -0               -0       8.8692058              8.8692058
              4       3.8879787        1.101288        1.447589    0.0026297186              -0               -0       7.7759573              7.7759573
             14       3.9795584       1.0971715        1.461389    -0.014753492              -0               -0       7.9591168              7.9591168
             11       4.0606388        1.130669       1.4407871     0.002207181              -0               -0       8.1212777              8.1212777
              9       4.1109775       1.0164165       1.5381626   -0.0087788675              -0               -0       8.2219549              8.2219549
              3       4.8160847      0.95758788       1.6216282    -0.034526607              -0               -0       9.6321694              9.6321694
              3        6.979261      0.91985712       1.6133725    -0.046308075              -0               -0       13.958522              13.958522
              1       6.6421492      0.97708516       1.6068411    -0.083966458              -0               -0       13.284298              13.284298
              1       5.1749931        1.171818        1.380527    -0.036762123              -0               -0       10.349986              10.349986
              2       6.0843438       1.1907191       1.2499698     0.011567194              -0               -0       12.168688              12.168688
              1       4.2238516       1.1568763       1.3771374    0.0036050196              -0               -0       8.4477033              8.4477033
              3       4.0413991       1.0687727       1.4585441     0.014597478              -0               -0       8.0827983              8.0827983
              8       4.0204523        1.070861       1.4580762     0.014518335              -0               -0       8.0409047              8.0409047
              9       4.1075688       1.1012812       1.4963237      -0.0111591              -0               -0       8.2151376              8.2151376
              1       4.8373216       1.1672673       1.4359874    0.0042605813              -0               -0       9.6746433              9.6746433
              4       4.6961369       1.1888099       1.3658898     0.034708025              -0               -0       9.3922739              9.3922739
              1         3.97768       1.0801712       1.4600609     0.019685309              -0               -0       7.9553599              7.9553599
              3       4.0074085        1.050952       1.5116872     0.014538445              -0               -0        8.014817               8.014817
              1       3.9628312       1.0305597       1.5585662    -0.018254113              -0               -0       7.9256624              7.9256624
             18       4.2526161      0.99140993        1.583119    -0.020025741              -0               -0       8.5052322              8.5052322
              3        5.228596       1.0649814       1.4133832   -0.0054289997              -0               -0       10.457192              10.457192
              4       5.0737588       1.0780953       1.4019647    -0.003538031              -0               -0       10.147518              10.147518
              4       4.4424066       1.0190698       1.5034495    0.0018136121              -0               -0       8.8848131              8.8848131
              4        4.966001      0.97160269       1.5574336    0.0029537894              -0               -0        9.932002               9.932002
              7       4.6561886      0.98584452       1.5485487    0.0012692969              -0               -0       9.3123772              9.3123772
              1       6.5867205       1.0922589       1.6027489    -0.049651552              -0               -0       13.173441              13.173441
              1       5.7894125       1.1154283        1.551106    -0.029906565              -0               -0       11.578825              11.578825
              4       5.7143766       1.1177668       1.5459908    -0.031572371              -0               -0       11.428753              11.428753
              1       4.4294616       1.1333319       1.4318456    -0.028147076              -0               -0       8.8589232              8.8589232
              2       6.1816901       1.1436718       1.2847754     0.081265221              -0               -0        12.36338               12.36338
              3       6.3512137       1.1827405       1.2472033     0.091415618              -0               -0       12.702427              12.702427
              4       6.1534458       1.1400809       1.3174495     0.094866061              -0               -0       12.306892              12.306892
              1       6.2633135      0.94650637       1.5741882     0.044021748              -0               -0       12.526627              12.526627
              2       5.7678176      0.95683251       1.6441008     0.028116067              -0               -0       11.535635              11.535635
              2       5.8894204      0.97348229        1.608364     0.042373375              -0               -0       11.778841              11.778841
              1       5.6314257      0.97180521       1.6021038      0.03907109              -0               -0       11.262851              11.262851
              3       4.2017084       1.0549269        1.503673     0.026182539              -0               -0       8.4034167              8.4034167
              2        3.931564       1.0707208       1.5179081    -0.016394355              -0               -0       7.8631281              7.8631281
              7       3.9306203        1.056789       1.5163505    -0.019426205              -0               -0       7.8612407              7.8612407
              4       4.6316177       1.0096581         1.56873     0.024568473              -0               -0       9.2632354              9.2632354
              1       6.2424705      0.99592327       1.4688325     0.046971986              -0               -0       12.484941              12.484941
              2       7.0351143       1.1494764       1.2610833      0.10016813              -0               -0       14.070229              14.070229
              3        6.391009       1.1840371        1.245849     0.092889765              -0               -0       12.782018              12.782018
              1       4.4475471       1.1405288       1.3731671   -0.0050185606              -0               -0       8.8950942              8.8950942
              1       4.3055687       1.0505843       1.5710762    -0.011425238              -0               -0       8.6111374              8.6111374
              4        4.031013       1.0597314       1.5389968   -0.0044694899              -0               -0        8.062026               8.062026
              1       4.4133909       1.0550835       1.5759761    -0.031813265              -0               -0       8.8267818              8.8267818
              1       5.3946091      0.92767204       1.7070661    -0.057912282              -0               -0       10.789218              10.789218
              3       5.6703027       1.0185767       1.5161903     0.061915247              -0               -0       11.340605              11.340605
              7       5.4432179      0.97507702       1.5800276      0.03966336              -0               -0       10.886436              10.886436
              4       4.0925369       1.0353482       1.5251254     0.015338506              -0               -0       8.1850737              8.1850737
              1       4.3388651       1.0210087       1.5821994    0.0053251979              -0               -0       8.6777302              8.6777302
              7       4.9125813       1.1386086       1.4879061    -0.020290346              -0               -0       9.8251626              9.8251626
              1       4.8865245       1.1376063       1.4882585    -0.019817024              -0               -0       9.7730489              9.7730489
              1       5.7681622       1.0957548       1.5744085    -0.024519129              -0               -0       11.536324              11.536324
              5       4.3758408       1.1190687       1.3938805   -0.0055690865              -0               -0       8.7516816              8.7516816
              1       4.7674176       1.2131081       1.2961368     0.027592435              -0               -0       9.5348352              9.5348352
              1       4.4498278       1.0596322       1.5092853     0.032323873              -0               -0       8.8996556              8.8996556
              3        6.317502       1.0844529       1.3922422     0.092940818              -0               -0       12.635004              12.635004
              1       4.1353477       1.0931488       1.4272213     0.028480022              -0               -0       8.2706954              8.2706954
             19       4.4633113       1.1564825       1.3889353     0.039107149              -0               -0       8.9266227              8.9266227
              3       7.7860995       1.1836899       1.4595277     -0.08358419              -0               -0       15.572199              15.572199
              8       6.6790682       1.1290279       1.5476203    -0.010451919              -0               -0       13.358136              13.358136
              1       5.8876531       1.2071596       1.4182122    -0.024424135              -0               -0       11.775306              11.775306
              6       5.2840616       1.1432403        1.489804   -0.0018424036              -0               -0       10.568123              10.568123
             14       4.4323243        1.133919        1.466834    -0.020437212              -0               -0       8.8646486              8.8646486
              1       4.1927383       1.1293035       1.4589506   -0.0092180458              -0               -0       8.3854766              8.3854766
              2       4.8067035       1.2219286       1.3080716     0.025835447              -0               -0       9.6134071              9.6134071
              7       4.9523884       1.2309319       1.2979449     0.014642234              -0               -0       9.9047767              9.9047767
              9       5.0574609       1.2286125       1.3176924  -0.00046565356              -0               -0       10.114922              10.114922
              2       5.9703625      0.98636338       1.4979351   -0.0069762383              -0               -0       11.940725              11.940725
              4        6.595005      0.89161418       1.6874465    -0.050975606              -0               -0        13.19001               13.19001
              5       7.7055697      0.88289223       1.8166345    -0.097976718              -0               -0       15.411139              15.411139
              1       7.4723069       1.0750343       1.6119672    -0.095272431              -0               -0       14.944614              14.944614
              1       7.6982464       1.2278079       1.2481686      0.12860929              -0               -0       15.396493              15.396493
              3        9.879745       1.3625484       1.1567548      0.13886224              -0               -0        19.75949               19.75949
              5       8.6711824       1.4011594       1.0931204      0.10771444              -0               -0       17.342365              17.342365
              2       4.9321957       1.1202202       1.4731989     0.032795879              -0               -0       9.8643914              9.8643914
              6       4.6600303       1.1397176        1.379518    -0.017802762              -0               -0       9.3200605              9.3200605
              3       4.0750975       1.0530688       1.5291124    -0.030425135              -0               -0       8.1501949              8.1501949
              1       4.4030271       1.0244078       1.5750121    -0.045626683              -0               -0       8.8060541              8.8060541
              2       4.2657554       1.0090508       1.5813185    -0.036143133              -0               -0       8.5315107              8.5315107
             14       4.0933367       1.0304045       1.5799106    -0.022025935              -0               -0       8.1866734              8.1866734
              6       6.2082782      0.97128054       1.6493468    -0.085415228              -0               -0       12.416556              12.416556
              5       7.1165524      0.98577408       1.6666515     0.028127955              -0               -0       14.233105              14.233105
              2       7.1058072      0.98306368       1.6669749     0.029227188              -0               -0       14.211614              14.211614
              1       6.0275512       1.0393433       1.5749317     0.041107598              -0               -0       12.055102              12.055102
              4       5.3201864       1.1485486        1.428145     0.050751557              -0               -0       10.640373              10.640373
              6       4.9573187       1.1858916       1.3226682     0.061568117              -0               -0       9.9146373              9.9146373
              2       4.0002475       1.0973019       1.4825549    0.0066384791              -0               -0       8.0004951              8.0004951
              1       4.0284033       1.1020653       1.4774061    0.0081549483              -0               -0       8.0568066              8.0568066
              2        4.610118        1.083352       1.4461734     0.049955432              -0               -0       9.2202361              9.2202361
              1        4.194826       1.0672183       1.5079435     0.021507047              -0               -0       8.3896521              8.3896521
              2        5.033673       1.0012842       1.5958638     0.025645112              -0               -0       10.067346              10.067346
              1       5.5156802       1.0089559         1.50526     0.055793578              -0               -0        11.03136               11.03136
             15       6.1870848       1.0624501       1.4412377     0.085727632              -0               -0        12.37417               12.37417
             11       5.5847417       1.0415759       1.5821765    -0.076645905              -0               -0       11.169483              11.169483
              5       5.0092018      0.94460665       1.6313952    -0.031902999              -0               -0       10.018404              10.018404
              1       5.0217312       1.0572195       1.5988842    -0.023902432              -0               -0       10.043462              10.043462
             10        4.999883       1.0226576       1.6309631    -0.015780107              -0               -0       9.9997659              9.9997659
              1       5.8481272      0.98477158       1.6945587    -0.074805738              -0               -0       11.696254              11.696254
              2       5.4506412      0.99427568       1.6668582    -0.070518396              -0               -0       10.901282              10.901282
              1       4.5720641       1.1178017       1.5013218    -0.011321453              -0               -0       9.1441283              9.1441283
              1       4.3304929       1.1254974       1.4764169   -0.0097885864              -0               -0       8.6609858              8.6609858
              1       4.3418458       1.1551134       1.4208439     0.012047387              -0               -0       8.6836917              8.6836917
              5       3.9833218        1.128235       1.4177918    0.0080777445              -0               -0       7.9666436              7.9666436
              2       4.1778359       1.1581128       1.3809461    0.0095373984              -0               -0       8.3556717              8.3556717
              6       4.3426358       1.1728926        1.360642     0.028050536              -0               -0       8.6852717              8.6852717
             11       4.3501386       1.1767661       1.3516062     0.024397567              -0               -0       8.7002773              8.7002773
              3       4.0122544       1.0257477       1.5592161   -0.0016088881              -0               -0       8.0245088              8.0245088
             13       4.1752426       1.0408579       1.4899939     0.017275124              -0               -0       8.3504852              8.3504852
              7       5.4430639      0.97569029       1.5268174    0.0080641112              -0               -0       10.886128              10.886128
              6       4.7884785      0.94335391       1.6691169     -0.03346904              -0               -0       9.5769571              9.5769571
              9       3.9188465       1.0634982       1.5007876    -0.015940107              -0               -0        7.837693               7.837693
              3       3.9128218       1.0888126       1.4739232    -0.012445346              -0               -0       7.8256437              7.8256437
             15       4.4230604       1.0836242       1.4892701    -0.040119721              -0               -0       8.8461208              8.8461208
             11        4.037564       1.1067216       1.4254979   -0.0020916159              -0               -0        8.075128               8.075128
              1       4.0333774       1.1017341       1.4252007    0.0031238074              -0               -0       8.0667547              8.0667547
              1       4.5326076       1.1635503       1.3290405     0.028406729              -0               -0       9.0652153              9.0652153
              4       4.5967576       1.2035253       1.3354166     0.020931744              -0               -0       9.1935153              9.1935153
              2       4.9059069       1.2046939       1.3757325   0.00058059674              -0               -0       9.8118138              9.8118138
              6       4.0887777       1.0997385       1.4943101    -0.018404663              -0               -0       8.1775555              8.1775555
             15       4.7732675         1.13052       1.4876833  -0.00015006525              -0               -0       9.5465351              9.5465351
              7       5.4637553      0.94928701       1.7199342    -0.028446402              -0               -0       10.927511              10.927511
              1       4.7319666       1.1020748       1.5316223    -0.019574006              -0               -0       9.4639332              9.4639332
              1       4.5277047       1.1917231       1.3257391     0.030688547              -0               -0       9.0554093              9.0554093
              1       4.3749259       1.0804309       1.4258067      0.03555521              -0               -0       8.7498518              8.7498518
              2       4.8616166        1.054713        1.444826    -0.011998542              -0               -0       9.7232333              9.7232333
              5       6.5966217      0.95026115       1.6598027    -0.086328379              -0               -0       13.193243              13.193243
              5       6.7204032       1.3280911       1.1479469     0.070764204              -0               -0       13.440806              13.440806
              3       5.8755528       1.2589668       1.2009797     0.063916087              -0               -0       11.751106              11.751106
              2       6.1237627       1.1487918       1.2760619     0.074360531              -0               -0       12.247525              12.247525
              4       5.5264602       1.0545202        1.438856    -0.027834023              -0               -0        11.05292               11.05292
              1       5.4995223       1.0577912       1.4333023    -0.025709243              -0               -0       10.999045              10.999045
              3       4.7861068       1.0631361       1.4622386    -0.031277121              -0               -0       9.5722136              9.5722136
              3       4.8614075       1.0149749       1.5471697    -0.047364529              -0               -0       9.7228151              9.7228151
              3       5.3105141       1.1131239       1.4838161     0.040235868              -0               -0       10.621028              10.621028
              6       6.7014453      0.99309424       1.5935374     0.058541443              -0               -0       13.402891              13.402891
              1       10.114206       1.0436559        1.644101     0.041115003              -0               -0       20.228412              20.228412
              6       8.8024867       1.3334084       1.2361333     0.095310782              -0               -0       17.604973              17.604973
              1       8.4865533       1.4053703       1.0404837     0.073109507              -0               -0       16.973107              16.973107
              3       5.3547306       1.2295153       1.2409529     0.036632623              -0               -0       10.709461              10.709461
              3       6.6699059       1.2077565       1.2043953     0.086246576              -0               -0       13.339812              13.339812
              2       6.4919749       1.2449116       1.1881313     0.026595876              -0               -0        12.98395               12.98395
              1       5.5146742       1.1601881       1.2972602     0.075050914              -0               -0       11.029348              11.029348
              1       5.9244912        1.164423       1.2765696     0.081964479              -0               -0       11.848982              11.848982
              1       6.2944546      0.92584947       1.5882194    0.0017207827              -0               -0       12.588909              12.588909
              2       5.9594095       0.9370005       1.5819824   -0.0077292382              -0               -0       11.918819              11.918819
              2       4.6375116      0.98359423       1.6528073    -0.044907794              -0               -0       9.2750231              9.2750231
              1       6.6167299      0.87037496       1.8111559    -0.040319399              -0               -0        13.23346               13.23346
              4       6.2891195      0.94927966       1.7472573    -0.031260528              -0               -0       12.578239              12.578239
              4       6.8543446        1.041151       1.5711981     0.054853921              -0               -0       13.708689              13.708689
              3        3.937485       1.0432045       1.5127656    0.0049355144              -0               -0       7.8749701              7.8749701
              1        4.692548      0.96885972       1.6475158   -0.0052049087              -0               -0        9.385096               9.385096
              1       5.0401986       0.9439115         1.66498  -0.00022816609              -0               -0       10.080397              10.080397
              6       5.8130778         1.11574       1.3189841     0.062040821              -0               -0       11.626156              11.626156
              4       5.6928635       1.2629332       1.2206288      0.02366627              -0               -0       11.385727              11.385727
              3       6.1607942       1.3033607       1.1847912     0.035919579              -0               -0       12.321588              12.321588
              2       6.1550161       1.3028956       1.1851145     0.035802881              -0               -0       12.310032              12.310032
              9       4.8143913       1.1576354       1.3986127    -0.031868323              -0               -0       9.6287825              9.6287825
              3        5.545832       1.1469567       1.2919839     0.041590848              -0               -0       11.091664              11.091664
              1       4.6781159       1.0773382       1.4185624     0.046589678              -0               -0       9.3562319              9.3562319
              3       5.0298534       1.0817118       1.4012692     0.057540124              -0               -0       10.059707              10.059707
              4       4.4551545       1.1880136       1.3618338     0.015927841              -0               -0       8.9103089              8.9103089
              3        4.219249      0.99310118       1.5780235    -0.014128952              -0               -0        8.438498               8.438498
              1       5.1781603      0.95686257       1.6134391     -0.04319783              -0               -0       10.356321              10.356321
              8       4.8594589       1.0490575       1.4794371    -0.034134525              -0               -0       9.7189179              9.7189179
              1       4.8252447       1.0099592        1.531144    -0.033879073              -0               -0       9.6504893              9.6504893
              6       4.3442992       1.1138941       1.4091187     0.042856334              -0               -0       8.6885983              8.6885983
              6       4.8514765      0.96584302       1.5833137     0.011103488              -0               -0       9.7029531              9.7029531
             22       4.2584355       1.0571634       1.4562323     0.011250026              -0               -0       8.5168711              8.5168711
              2       5.0359874       1.1711985       1.2966476     0.054145438              -0               -0       10.071975              10.071975
              1       5.1112404       1.1896047        1.277781     0.052841457              -0               -0       10.222481              10.222481
              4       4.5105725       1.1029349       1.5188969    -0.012447381              -0               -0       9.0211449              9.0211449
              7       4.9139704       1.0806672          1.5679     -0.03258836              -0               -0       9.8279407              9.8279407
              1       5.1992542      0.96346766       1.6448418     0.014062778              -0               -0       10.398508              10.398508
              2       5.5265569       1.1228338       1.3411476     0.076181014              -0               -0       11.053114              11.053114
              2       4.3069375       1.1695308       1.3875464      0.01372545              -0               -0       8.6138749              8.6138749
              2       5.3136916       1.2440626       1.2677777     0.055581893              -0               -0       10.627383              10.627383
              2        5.851541       1.2352642       1.2092998     0.051671448              -0               -0       11.703082              11.703082
              1       5.8041579       1.2339386       1.2125813     0.056278865              -0               -0       11.608316              11.608316
              3       6.8252885        1.005267       1.4317758     0.038673775              -0               -0       13.650577              13.650577
              1       6.9634773       1.2497495       1.2284221       0.1120316              -0               -0       13.926955              13.926955
              2       6.8444474       1.1092279       1.4586658     0.082725856              -0               -0       13.688895              13.688895
              7       4.6972302       1.0682922       1.5002141     0.040355077              -0               -0       9.3944604              9.3944604
              3       5.1854862       1.0274699       1.6402463    -0.031458359              -0               -0       10.370972              10.370972
              8       3.9786034        1.034364       1.5618963    -0.018208539              -0               -0       7.9572069              7.9572069
              1       4.0033003       1.0292264       1.5694833    -0.016150793              -0               -0       8.0066005              8.0066005
              2       3.8692277       1.0524763       1.5224562   -0.0034330004              -0               -0       7.7384555              7.7384555
              6       4.8480256       1.0161217       1.5672913     0.030259272              -0               -0       9.6960511              9.6960511
             10       4.2064599       1.1373128       1.4272354    -0.015485037              -0               -0       8.4129199              8.4129199
             10       4.1150894       1.0279726       1.5137101    0.0060555793              -0               -0       8.2301789              8.2301789
              3       4.1851986       1.0933055       1.4379811    -0.012946223              -0               -0       8.3703973              8.3703973
              5       5.7406798       1.1881172       1.3986747    -0.048561413              -0               -0        11.48136               11.48136
              5       5.7360632       1.1858826       1.4010602    -0.049308098              -0               -0       11.472126              11.472126
              9       5.8879284       1.2121673       1.3501326    -0.041709127              -0               -0       11.775857              11.775857
              3       4.7155493       1.1867868       1.3211321    0.0043188988              -0               -0       9.4310987              9.4310987
              1       5.2986701       1.1232754       1.3347181     0.062592896              -0               -0        10.59734               10.59734
              1       5.2530747       1.1253322       1.3342433     0.061855137              -0               -0       10.506149              10.506149
              1       5.5196445       1.1009272       1.3482342     0.017120448              -0               -0       11.039289              11.039289
              5        4.994858       1.0143037       1.4899222   -0.0076937312              -0               -0        9.989716               9.989716
              3       5.2352646      0.97115117       1.5942053    -0.048037056              -0               -0       10.470529              10.470529
              4       4.6046798       1.0299637       1.5074494    -0.028946786              -0               -0       9.2093595              9.2093595
              7       4.9029966        1.033277       1.5002672    -0.036388545              -0               -0       9.8059931              9.8059931
              3       8.7011685      0.97303344       1.7020892     -0.12318315              -0               -0       17.402337              17.402337
              2       8.7411492      0.95627894       1.7094517     -0.12287781              -0               -0       17.482298              17.482298
             17        7.958633       1.2490186        1.208426    -0.032362086              -0               -0       15.917266              15.917266
              2       8.2008847       1.2741649       1.2137755    -0.043960061              -0               -0       16.401769              16.401769
              3       8.3355783       1.2712255       1.1947965    -0.037129133              -0               -0       16.671157              16.671157
              1       6.8046122       1.1823041       1.3602503    -0.064441826              -0               -0       13.609224              13.609224
              4       5.6837482       1.1746332       1.3576261    -0.042401232              -0               -0       11.367496              11.367496
              1       5.3337859       1.1846065       1.3179627    -0.017809578              -0               -0       10.667572              10.667572
              4       7.4663079       1.2086772       1.4640909    -0.031954028              -0               -0       14.932616              14.932616
              4       6.6415877       1.2415586       1.3882813    -0.025172005              -0               -0       13.283175              13.283175
              5       5.4378199       1.2220246       1.3144597    -0.020279229              -0               -0        10.87564               10.87564
              1       5.1038654       1.2168564       1.3045424   -0.0054856656              -0               -0       10.207731              10.207731
              7        4.782164        1.123714        1.406786    -0.030554615              -0               -0       9.5643279              9.5643279
              1       4.6032733       1.1340691       1.4154073    -0.030392264              -0               -0       9.2065466              9.2065466
             17       3.8972523       1.0492167       1.5091214   -0.0064028059              -0               -0       7.7945047              7.7945047
              1       3.9336444       1.0311321       1.5472489    -0.013424522              -0               -0       7.8672889              7.8672889
              2       3.9635438        1.026883       1.5513783    -0.016137787              -0               -0       7.9270875              7.9270875
              5       3.9701613       1.0390609       1.5570356    -0.012266573              -0               -0       7.9403226              7.9403226
              1       4.3763355       1.0503479       1.5666982    -0.042550768              -0               -0        8.752671               8.752671
              1         4.16915      0.99772474       1.5770034   -0.0040687995              -0               -0          8.3383                 8.3383
              9       4.1601658      0.99904294       1.5748803   -0.0036742418              -0               -0       8.3203316              8.3203316
              2       3.9037943        1.051981       1.5010134    0.0032464928              -0               -0       7.8075886              7.8075886
              7       3.9123558       1.0870775       1.4523811     0.010772534              -0               -0       7.8247116              7.8247116
              1       3.9152928       1.0903558       1.4494622     0.012292144              -0               -0       7.8305857              7.8305857
              1       5.1700813      0.99047183       1.5506637     0.039799662              -0               -0       10.340163              10.340163
              4       5.9071781        1.013353       1.6298308     0.017703783              -0               -0       11.814356              11.814356
              2       5.7749665       1.2211183       1.2739598     0.083847579              -0               -0       11.549933              11.549933
              1        6.673524       1.2048759       1.2791897      0.10868581              -0               -0       13.347048              13.347048
              3       6.8136282       1.2150397       1.2628073      0.11183125              -0               -0       13.627256              13.627256
              2       5.0580554       1.1116383       1.4861321    -0.055236634              -0               -0       10.116111              10.116111
              2        4.999013       1.0976796       1.5048036     -0.05670868              -0               -0        9.998026               9.998026
              1       5.0600202       1.0938599       1.5042286    -0.058817499              -0               -0        10.12004               10.12004
              9       5.1274509        1.101954       1.5178268    -0.057503284              -0               -0       10.254902              10.254902
              3       4.9297312       1.1191954       1.4612233    -0.049327052              -0               -0       9.8594624              9.8594624
              1       4.8044908       1.1206799       1.4611349    -0.045779055              -0               -0       9.6089816              9.6089816
              8       4.7189853       1.1008664        1.388831  -0.00071340442              -0               -0       9.4379706              9.4379706
              2       4.3425392       1.0944139       1.4638564    -0.032217802              -0               -0       8.6850783              8.6850783
             14       4.3092077        1.065611       1.4994562    -0.035637619              -0               -0       8.6184154              8.6184154
              3       4.0119568       1.0186744       1.5489689   -0.0043338673              -0               -0       8.0239136              8.0239136
              1       4.0127469         1.02091       1.5419776   -0.0056086512              -0               -0       8.0254937              8.0254937
              2       3.8689667       1.0871665       1.4833248   -0.0073318002              -0               -0       7.7379334              7.7379334
              2       3.9848898       1.1135901       1.4466567     0.014612368              -0               -0       7.9697795              7.9697795
              2       4.8847646       1.1439935       1.3244141     0.027183185              -0               -0       9.7695292              9.7695292
              1        5.110351       1.1822674       1.2964213    0.0079194577              -0               -0       10.220702              10.220702
              5       4.2555127       1.1638852       1.3708711    0.0061009374              -0               -0       8.5110254              8.5110254
              3       5.0774137       1.1841396       1.2909982      0.06045108              -0               -0       10.154827              10.154827
              2       4.8897735       1.1681078       1.3142237     0.057009384              -0               -0       9.7795469              9.7795469
              3       4.6148542       1.1317456        1.351674     0.041551751              -0               -0       9.2297083              9.2297083
              2       4.7061385        1.151725       1.3268185     0.039742771              -0               -0       9.4122769              9.4122769
              1       5.1966533       1.2431861       1.2902997     0.041860763              -0               -0       10.393307              10.393307
              3       5.2026668       1.2085417       1.3396525     0.052739327              -0               -0       10.405334              10.405334
              1       6.8474381       1.2706852       1.1737809      0.10203108              -0               -0       13.694876              13.694876
              1       6.5657771       1.1992043       1.2205273     0.022670367              -0               -0       13.131554              13.131554
              9       6.7082756       1.1596809       1.3717911    -0.064149362              -0               -0       13.416551              13.416551
              1       6.8841134         1.25127       1.2407955    -0.028416694              -0               -0       13.768227              13.768227
              9       4.8936356       1.1878318       1.3021022     0.010592858              -0               -0       9.7872713              9.7872713
              4       6.1320334        1.241339       1.3503339       -0.031789              -0               -0       12.264067              12.264067
              3       7.6669588       1.3075841       1.3114787     -0.01513093              -0               -0       15.333918              15.333918
              6       5.4266225       1.1232505       1.5292957    -0.026402288              -0               -0       10.853245              10.853245
             16       5.5501227       1.1224898       1.5330027    -0.039927224              -0               -0       11.100245              11.100245
              6       5.5213933       1.1225211       1.5329745    -0.036147796              -0               -0       11.042787              11.042787
              1       4.3939267       1.1572504       1.4147656     0.019182188              -0               -0       8.7878533              8.7878533
             12       4.1131386        1.055145       1.5305673     0.011263955              -0               -0       8.2262772              8.2262772
              4       4.4635845       1.1272232       1.4822326    -0.011727213              -0               -0        8.927169               8.927169
              1       4.9332971        1.180921       1.3673027    -0.025291722              -0               -0       9.8665942              9.8665942
              2       5.2051862      0.98329598       1.6169829    -0.063427245              -0               -0       10.410372              10.410372
              1       5.4418079       0.9825915       1.5692494    -0.049590355              -0               -0       10.883616              10.883616
              6       5.4788843       1.0193167       1.5034378    -0.041841025              -0               -0       10.957769              10.957769
              1       6.5647879      0.99757965       1.5287853    -0.061463004              -0               -0       13.129576              13.129576
              2       8.0122032       1.0063183        1.658692     -0.11484896              -0               -0       16.024406              16.024406
              5       11.122488       1.1757714       1.4850517     -0.12655816              -0               -0       22.244977              22.244977
              7        6.377462       1.0603176       1.5924774    -0.087375307              -0               -0       12.754924              12.754924
              1       6.7260852       1.0561854       1.6079324    -0.092136145              -0               -0        13.45217               13.45217
              4        7.042764       0.9446332       1.7474257   -0.0084140597              -0               -0       14.085528              14.085528
              7       6.2093193      0.89543806       1.7385983   -0.0018685707              -0               -0       12.418639              12.418639
              1       6.4162018       0.8679946       1.7587817    -0.016211072              -0               -0       12.832404              12.832404
             10       6.5174699       1.2208479       1.1954041     0.042349891              -0               -0        13.03494               13.03494
              2        5.753836       1.2624396       1.2311142     0.010907089              -0               -0       11.507672              11.507672
              1       6.5789276       1.2729124       1.2523534    -0.024550404              -0               -0       13.157855              13.157855
              4       5.4344999       1.1894957       1.4029944    -0.038759685              -0               -0          10.869                 10.869
              1       5.0626066       1.2147838       1.3246275    -0.010903641              -0               -0       10.125213              10.125213
              2       4.1439177       1.0603839       1.5141272     0.019037013              -0               -0       8.2878354              8.2878354
              1       4.0625154       1.0151696        1.565594    -0.022219562              -0               -0       8.1250308              8.1250308
              8       6.2197332       1.0170334       1.4317305     0.029162593              -0               -0       12.439466              12.439466
              1       5.3888038      0.99243965       1.5766006     0.041641551              -0               -0       10.777608              10.777608
              7        5.802658       1.2639827       1.2949668     0.043973873              -0               -0       11.605316              11.605316
              3       6.4349644       1.3017326       1.2471489     0.055975581              -0               -0       12.869929              12.869929
              1       8.0040492       1.4025764       1.1034408     0.057332824              -0               -0       16.008098              16.008098
              8       6.7816528       1.3370712       1.1484989     0.066353612              -0               -0       13.563306              13.563306
              8       6.4744805       1.3242299       1.1666008      0.05614896              -0               -0       12.948961              12.948961
              3       7.0391971       1.3519372       1.1303202     0.062833951              -0               -0       14.078394              14.078394
              2       6.8163419       1.3400743       1.1411302     0.059183802              -0               -0       13.632684              13.632684
              1       6.2651475        1.295918        1.211119     0.073068202              -0               -0       12.530295              12.530295
              2       5.8574802       1.2766745       1.2415098     0.062485613              -0               -0        11.71496               11.71496
             14       6.0416327       1.2887463       1.2256422     0.064875018              -0               -0       12.083265              12.083265
              3       5.9947723       1.2658868       1.2157789     0.078526705              -0               -0       11.989545              11.989545
              2       5.7824964      0.98367694       1.5219166     0.049072444              -0               -0       11.564993              11.564993
              4       5.5269198        1.028538       1.4866451     0.063010178              -0               -0        11.05384               11.05384
              5       5.8040666      0.98045683       1.5461696     0.051928287              -0               -0       11.608133              11.608133
              2        7.183315      0.89272246       1.7849014    -0.092127849              -0               -0        14.36663               14.36663
              5       7.5883854      0.92892739       1.6748515    -0.094848629              -0               -0       15.176771              15.176771
              1       8.6831673       1.2613252       1.2872506    -0.073050911              -0               -0       17.366335              17.366335
              4       6.8192578       1.0191009       1.4274746   -0.0056750544              -0               -0       13.638516              13.638516
              2         5.34496       0.9760943       1.5580144     0.037415687              -0               -0        10.68992               10.68992
              1       5.3588202       1.1162547       1.3375552     0.060156884              -0               -0        10.71764               10.71764
              2       5.2738283       1.0725132       1.4080959    -0.011143083              -0               -0       10.547657              10.547657
              4       5.3848569       1.0514641       1.4432069    -0.024542919              -0               -0       10.769714              10.769714
              1       6.2017645       1.2330598       1.3005343    -0.035422436              -0               -0       12.403529              12.403529
              2       5.8278512       1.2827609       1.2183972     0.021744726              -0               -0       11.655702              11.655702
              2       5.4256141       1.2339658       1.2672412    0.0013483023              -0               -0       10.851228              10.851228
              2       4.9580985       1.1490766       1.3869244     0.060348756              -0               -0        9.916197               9.916197
              2       4.7448012        1.123508       1.4114556     0.055430521              -0               -0       9.4896024              9.4896024
              4       4.5841838       1.1458623       1.3565457     0.050868761              -0               -0       9.1683677              9.1683677
              3       3.9594272        1.100592       1.4405926     0.018994234              -0               -0       7.9188544              7.9188544
              4       4.9518228       1.1081672       1.3589119     0.045506199              -0               -0       9.9036456              9.9036456
              3       5.3406544      0.91190781       1.6879101    -0.016099521              -0               -0       10.681309              10.681309
              5       4.3586521       1.0599526       1.4620431    -0.012529633              -0               -0       8.7173042              8.7173042
              3       4.6780107       1.0875225        1.472685    -0.043709011              -0               -0       9.3560213              9.3560213
              1       4.5789133       1.0825493       1.4758661    -0.040870194              -0               -0       9.1578265              9.1578265
              2       5.5462226       1.0462471       1.4122312     0.023532494              -0               -0       11.092445              11.092445
              8       5.7949573       1.0254641       1.4353244     0.014914361              -0               -0       11.589915              11.589915
              6        5.840972       1.0292075        1.427021     0.020525457              -0               -0       11.681944              11.681944
              1        4.522319       1.1273839       1.3804933     0.049853166              -0               -0       9.0446379              9.0446379
              3       3.8969191       1.0966012       1.4640552    0.0093838555              -0               -0       7.7938382              7.7938382
              1       4.0993294       1.1280896       1.4515966   -0.0040958559              -0               -0       8.1986589              8.1986589
              6        4.373716        1.108274        1.504453    -0.021113196              -0               -0        8.747432               8.747432
              1       4.3009465        1.092148       1.5208815    -0.026650896              -0               -0       8.6018929              8.6018929
              4       4.2862123       1.1526051        1.378762   -0.0029449296              -0               -0       8.5724246              8.5724246
              1       4.1251802       1.0568881       1.5521739   -0.0089963188              -0               -0       8.2503604              8.2503604
              1       4.4184173       1.0727426       1.5440154    -0.040398591              -0               -0       8.8368347              8.8368347
              3       4.3279516        1.109755       1.4894275    -0.029775582              -0               -0       8.6559032              8.6559032
              7       4.3783272       1.1159848       1.4816114     0.009619708              -0               -0       8.7566545              8.7566545
              1       5.1267179       1.1352678       1.4824885     0.015107537              -0               -0       10.253436              10.253436
              3       6.1489207      0.92222335       1.7686544    -0.037403488              -0               -0       12.297841              12.297841
              5        6.410898      0.91141288       1.7864986    -0.040799268              -0               -0       12.821796              12.821796
              2       6.8415228       1.0827008       1.3822459      0.10224971              -0               -0       13.683046              13.683046
              1       6.5291114      0.97582742       1.4907767     0.041239637              -0               -0       13.058223              13.058223
              1       4.5612482       1.1177053       1.4398313    -0.035138072              -0               -0       9.1224964              9.1224964
              9       4.2001361       1.0579759       1.4941489    -0.026097469              -0               -0       8.4002722              8.4002722
              1       5.1036472      0.93717544       1.6264491    -0.011586957              -0               -0       10.207294              10.207294
              3       7.1057798      0.86563601       1.7486881    -0.064980294              -0               -0        14.21156               14.21156
              1       6.9680827      0.86968721       1.7419988    -0.063138783              -0               -0       13.936165              13.936165
              5       9.3951077      0.88397962       1.8400695   -0.0081327584              -0               -0       18.790215              18.790215
              1        10.28315       1.1219464       1.3995551       0.1440396              -0               -0       20.566301              20.566301
              8       6.8751523       1.2006974       1.2824288      0.11297332              -0               -0       13.750305              13.750305
              4       5.6884761       1.0930362       1.4977399     0.051807351              -0               -0       11.376952              11.376952
              1       7.5093071      0.92803803       1.7543875    0.0045816965              -0               -0       15.018614              15.018614
              3        7.545718      0.92799723       1.7546254    0.0049955255              -0               -0       15.091436              15.091436
              1       7.2924738      0.84495971       1.8504445    -0.054823535              -0               -0       14.584948              14.584948
             11       4.5946118      0.97703531       1.5780826    -0.017513927              -0               -0       9.1892236              9.1892236
              1       4.3402866       1.0562375       1.5054397    -0.035562149              -0               -0       8.6805732              8.6805732
              2       4.3130996       1.0472953       1.5718268    -0.038479616              -0               -0       8.6261993              8.6261993
              4       5.0948442      0.94018304       1.7034056    -0.049575973              -0               -0       10.189688              10.189688
              2         6.28438       1.1177666        1.342153      -0.0227631              -0               -0        12.56876               12.56876
              4       4.4282317       1.0597592       1.4950617    -0.035784838              -0               -0       8.8564634              8.8564634
              2       4.5921537       1.0639471       1.4906876      -0.0406504              -0               -0       9.1843073              9.1843073
             14       4.6821443        1.073504       1.4856388    -0.044488312              -0               -0       9.3642886              9.3642886
             10        4.738942        1.123756       1.3949006    -0.023127529              -0               -0       9.4778841              9.4778841
              4       4.6060704       1.0140823       1.6276738    -0.043699703              -0               -0       9.2121408              9.2121408
              9       4.9272379      0.97761916       1.6666862    -0.055944943              -0               -0       9.8544758              9.8544758
              4       4.6094057      0.96201815       1.6601099    -0.020249725              -0               -0       9.2188113              9.2188113
              5        4.643312       1.1312729       1.4631658      0.02093109              -0               -0       9.2866241              9.2866241
              8       4.5147734       1.1643955       1.4136476     0.017572942              -0               -0       9.0295469              9.0295469
              1       4.5470553       1.1830523       1.3838403     0.017786121              -0               -0       9.0941106              9.0941106
              3       5.5468498        1.004555       1.5771508    -0.068296733              -0               -0         11.0937                11.0937
              5       7.0653927        1.221133       1.4277592    -0.044240753              -0               -0       14.130785              14.130785
             11       5.8525328       1.1104424       1.5539057    -0.054331507              -0               -0       11.705066              11.705066
              5       4.7793654       1.0954471       1.5430852    -0.026715981              -0               -0       9.5587308              9.5587308
              2       5.5957735       1.0741989        1.413001      0.07504603              -0               -0       11.191547              11.191547
              2       5.6783705       1.2184322       1.3506367    -0.033720607              -0               -0       11.356741              11.356741
              2       6.2556802       1.1542944       1.3865923    -0.060558457              -0               -0        12.51136               12.51136
              2       5.7888807       1.2716589       1.2020529     0.048005972              -0               -0       11.577761              11.577761
             10       4.3253806       1.0869755       1.4893365     -0.03702512              -0               -0       8.6507611              8.6507611
              4       3.8608617       1.0550674       1.5078587   -0.0013051103              -0               -0       7.7217233              7.7217233
              7       3.9250347       1.0719491       1.4970947    0.0099638248              -0               -0       7.8500693              7.8500693
              7       3.9398994       1.0418312       1.5202854    -0.012661158              -0               -0       7.8797987              7.8797987
             22       4.0269675       1.0337034       1.5220312      -0.0134026              -0               -0        8.053935               8.053935
             11       4.5391437       1.1741949       1.3340439    0.0084660872              -0               -0       9.0782874              9.0782874
              1       5.4387075       1.2480657       1.2325211     0.033119353              -0               -0       10.877415              10.877415
              1       5.8212406       1.1995631       1.3450674       0.0736043              -0               -0       11.642481              11.642481
              1       6.2766251       1.2904162       1.1734755     0.071299741              -0               -0        12.55325               12.55325
              2       5.0983872       1.1978335        1.351427    -0.023585796              -0               -0       10.196774              10.196774
              7       5.1606776       1.1947234       1.3652429    -0.028655075              -0               -0       10.321355              10.321355
              2       5.2776411       1.2082759       1.3537782    -0.025959514              -0               -0       10.555282              10.555282
              5       6.2739594       1.2839093       1.2951077   -0.0036581579              -0               -0       12.547919              12.547919
             16       4.7597789       1.1325164       1.3613545   -0.0045093716              -0               -0       9.5195578              9.5195578
              3       4.2718487       1.1117712        1.392548     0.011722237              -0               -0       8.5436974              8.5436974
              7       4.5205652       1.0342437       1.4981401    -0.023122681              -0               -0       9.0411304              9.0411304
              2       4.8424835       1.0679573       1.4543798    -0.031267331              -0               -0        9.684967               9.684967
              2        4.624581       1.0646238       1.4573199    -0.024004899              -0               -0       9.2491621              9.2491621
              3       5.2294682       1.1096001       1.3618704   -0.0025053617              -0               -0       10.458936              10.458936
              4       7.0270652       1.0009968       1.4585487    -0.019829537              -0               -0        14.05413               14.05413
              1       6.3978954        1.031042       1.4179651   0.00039102466              -0               -0       12.795791              12.795791
              1       4.7936074       1.1031484       1.4862747    -0.049923475              -0               -0       9.5872148              9.5872148
              6       4.6163683       1.0019544       1.6354047    -0.047186729              -0               -0       9.2327366              9.2327366
              4        5.912595        1.209608       1.3069647    -0.031596644              -0               -0        11.82519               11.82519
              1       5.7803332       1.0700153       1.4816919    -0.065011825              -0               -0       11.560666              11.560666
              1       6.3986123       1.0507133        1.385201     0.013085179              -0               -0       12.797225              12.797225
              5       5.2033464       1.0139998       1.5003229     0.048792196              -0               -0       10.406693              10.406693
              2       4.9967237       1.0123495       1.5063917     0.041882675              -0               -0       9.9934475              9.9934475
              8       5.1131536       1.0027345       1.5231608      0.04264801              -0               -0       10.226307              10.226307
              2       4.1061608       1.0702853       1.4504973      0.01662127              -0               -0       8.2123216              8.2123216
              1       4.0731774       1.1014175       1.4169635     0.015343956              -0               -0       8.1463547              8.1463547
              2       4.4247081        1.128107       1.3706585     0.040553902              -0               -0       8.8494163              8.8494163
              4       5.9936001       1.0099484       1.5338193    -0.062368324              -0               -0         11.9872                11.9872
              2       4.1118014       1.1368699       1.3897481    0.0082965049              -0               -0       8.2236028              8.2236028
              1        4.213163       1.0016842       1.5953933    -0.031651058              -0               -0       8.4263261              8.4263261
              1       5.0396615       1.0448904       1.6119596    -0.020763989              -0               -0       10.079323              10.079323
              3       4.7773796       1.0176213        1.631492    -0.021307293              -0               -0       9.5547591              9.5547591
              4       5.1088654      0.93558402       1.6486843    -0.034715246              -0               -0       10.217731              10.217731
             11       5.2687642      0.92579702       1.6605636    -0.034995286              -0               -0       10.537528              10.537528
              3       6.9096568      0.97830063       1.6684839    -0.099742025              -0               -0       13.819314              13.819314
              2       5.1661609      0.95986535       1.5720921     0.011844405              -0               -0       10.332322              10.332322
              3       5.9541063      0.92156886       1.6117754    0.0023267666              -0               -0       11.908213              11.908213
              1       6.3627262      0.99866067       1.5126245    -0.048788781              -0               -0       12.725452              12.725452
              4       4.3408275       1.0653566       1.4510787     0.034051281              -0               -0        8.681655               8.681655
              9       4.2739865       1.0721053       1.4398677     0.028809119              -0               -0        8.547973               8.547973
              2       4.8969232       1.1886977       1.3114344    0.0015482464              -0               -0       9.7938463              9.7938463
              2       4.8873146       1.2135072       1.2844599     0.023242072              -0               -0       9.7746293              9.7746293
              2       4.7558917       1.2126605       1.3089736     0.013473328              -0               -0       9.5117835              9.5117835
              1       4.7897564       1.2019557       1.3446155   -0.0073896149              -0               -0       9.5795127              9.5795127
              2       3.9276314       1.0599458       1.5319292    -0.013568954              -0               -0       7.8552628              7.8552628
              1       4.7642142       1.2180982       1.3168901      0.01748626              -0               -0       9.5284283              9.5284283
              9       4.7356689       1.2156988        1.309008     0.025533907              -0               -0       9.4713378              9.4713378
              1        4.887485       1.2067849       1.3220546     0.048474851              -0               -0         9.77497                9.77497
              2       5.8552303       1.2585462       1.2699608     0.067719548              -0               -0       11.710461              11.710461
              3       6.2019407       1.2504084       1.2489892     0.089647767              -0               -0       12.403881              12.403881
              4       4.3476283       1.1460167       1.3628868       0.0374199              -0               -0       8.6952566              8.6952566
              7       5.3748514       1.0693172       1.3866354     0.031702442              -0               -0       10.749703              10.749703
              3        9.656643       1.2269858       1.2211819      0.16328594              -0               -0       19.313286              19.313286
              1       8.4106459       1.2058884       1.3386612    -0.082980388              -0               -0       16.821292              16.821292
              3       8.3748767       1.2018362       1.3447235     -0.08383719              -0               -0       16.749753              16.749753
              5       7.3053864       0.9874447         1.70905     -0.10130538              -0               -0       14.610773              14.610773
              1         8.31703      0.99905977        1.659489      -0.1186827              -0               -0        16.63406               16.63406
              5       7.7871433       1.2065532         1.16849      0.08971512              -0               -0       15.574287              15.574287
              6       7.7528602       1.2254396        1.153009     0.091267105              -0               -0        15.50572               15.50572
              1        6.584118       1.3254823        1.196841     0.060546311              -0               -0       13.168236              13.168236
              1       6.6316769      0.99598216       1.6798142    0.0035330326              -0               -0       13.263354              13.263354
             16       7.1101169      0.98038391       1.7086832  -0.00079716037              -0               -0       14.220234              14.220234
              4       6.4757735       1.0310986       1.6447366    0.0012769381              -0               -0       12.951547              12.951547
              2        7.189365         1.02783       1.6402952     0.020581943              -0               -0        14.37873               14.37873
              1       7.9284767      0.96696415       1.6983492     0.028141969              -0               -0       15.856953              15.856953
              2       7.3840423       1.0765959       1.4614653     0.099133012              -0               -0       14.768085              14.768085
              4       8.4177667      0.83447448       1.7314691    -0.035008093              -0               -0       16.835533              16.835533
              8       6.8075238       1.0218719       1.4488048    -0.032704017              -0               -0       13.615048              13.615048
              5        4.011425       1.1275712       1.4335211    0.0098581336              -0               -0       8.0228501              8.0228501
              1       4.3160429        1.060714       1.4763788    -0.022451852              -0               -0       8.6320858              8.6320858
              5       4.5728613      0.98533679       1.6048929    -0.042575098              -0               -0       9.1457226              9.1457226
              7       4.7797929      0.96668852       1.6162152    -0.040260276              -0               -0       9.5595857              9.5595857
              1       4.3932788       1.0281455       1.4918286     0.016748452              -0               -0       8.7865577              8.7865577
              6       5.1585125       1.0416218       1.4362457     0.009188184              -0               -0       10.317025              10.317025
              9       4.9526978      0.94489503       1.6989954     -0.03568174              -0               -0       9.9053955              9.9053955
              2       4.4461795      0.99782529       1.5961852    -0.042228474              -0               -0       8.8923589              8.8923589
             15       4.2631433      0.98961168       1.6134759    -0.028853159              -0               -0       8.5262866              8.5262866
              2       4.4459695       1.1134627       1.4903672    0.0072448689              -0               -0       8.8919389              8.8919389
              6       5.5222954        1.041312       1.6318425     -0.05961365              -0               -0       11.044591              11.044591
              1       6.5450916        0.870016       1.7316228    -0.043003971              -0               -0       13.090183              13.090183
              4       6.8980883       1.0911715       1.3435017     0.097947695              -0               -0       13.796177              13.796177
              1       6.3024484      0.92153666       1.7262085    -0.081430077              -0               -0       12.604897              12.604897
              1       5.1262197       1.0954428       1.3686981     0.051331901              -0               -0       10.252439              10.252439
              9       4.9048907       1.1857766       1.3085101     0.058293022              -0               -0       9.8097813              9.8097813
              3       4.2166265       1.1331944       1.4512343      -0.0137502              -0               -0       8.4332529              8.4332529
             10       4.4395265       1.1764834       1.3568055  -1.8167396e-05              -0               -0        8.879053               8.879053
              1       6.3048042       1.2979223       1.2691965      0.03084776              -0               -0       12.609608              12.609608
              1       7.8371081       1.3513835       1.1915871     0.083782908              -0               -0       15.674216              15.674216
              1       11.079313       1.0962752       1.5748237     0.064588922              -0               -0       22.158627              22.158627
              2       9.1758852       1.0563393       1.5613006     0.080495079              -0               -0        18.35177               18.35177
              2       8.3120999       1.0923713       1.4790346     0.098747384              -0               -0         16.6242                16.6242
              8       5.2131941       1.0685336       1.4396325     0.065444075              -0               -0       10.426388              10.426388
              6       5.2980257       1.0602038       1.4665352      0.06458455              -0               -0       10.596051              10.596051
              2       4.4954192       1.0867286        1.506862     0.021899721              -0               -0       8.9908385              8.9908385
              1       5.2183811       1.1984784       1.2635977     0.046913422              -0               -0       10.436762              10.436762
              5       4.9143302       1.1707344       1.3033335     0.022185336              -0               -0       9.8286603              9.8286603
              6       5.0402046       1.1902665       1.2845517     0.021432261              -0               -0       10.080409              10.080409
              1       5.3024574       1.2049235       1.2620376     0.022936353              -0               -0       10.604915              10.604915
              1        5.252151       1.2077431       1.2654211     0.019365831              -0               -0       10.504302              10.504302
              2       4.9515268       1.2019004       1.2812226     0.025805783              -0               -0       9.9030536              9.9030536
             12       5.0039385       1.1177544       1.4817096    -0.052315144              -0               -0       10.007877              10.007877
              1       3.8881303       1.0482652       1.5289937    -0.002721739              -0               -0       7.7762606              7.7762606
              1       4.0176864       1.0407106       1.5621864    -0.020649005              -0               -0       8.0353728              8.0353728
             18       5.8205363       1.2199441       1.3022603    -0.027728319              -0               -0       11.641073              11.641073
              4       5.7437483        1.207912       1.3060238    -0.026951158              -0               -0       11.487497              11.487497
              7       5.6001153       1.1780006        1.332023     -0.03064401              -0               -0       11.200231              11.200231
              4       4.1315921       1.0497607       1.4796608   -0.0014768779              -0               -0       8.2631842              8.2631842
              2       4.0411967       1.0195072        1.539715   -0.0028611419              -0               -0       8.0823935              8.0823935
              6       4.2540301        1.029069       1.5645728    0.0092019606              -0               -0       8.5080603              8.5080603
              3       6.1825437       1.0601476       1.5750444      0.03081055              -0               -0       12.365087              12.365087
              1       5.1414501       1.1362877       1.3278212     0.060760352              -0               -0         10.2829                10.2829
              1       4.8729207       1.1050709        1.409669    -0.026927979              -0               -0       9.7458414              9.7458414
              8       6.1707624       1.2598116       1.2451914    -0.012719928              -0               -0       12.341525              12.341525
              7       6.2480019       1.2677205       1.3237983     0.026927223              -0               -0       12.496004              12.496004
              3       6.0272697       1.2645355        1.326548    0.0038840649              -0               -0       12.054539              12.054539
              3       5.4628034         1.15642         1.39211    -0.047024945              -0               -0       10.925607              10.925607
              1       5.3243035       1.1647761       1.3765688    -0.039701545              -0               -0       10.648607              10.648607
              1       5.5517863       1.1880667       1.3005197     -0.01459527              -0               -0       11.103573              11.103573
              4       5.2125261       1.1785358       1.3132651   -0.0089204195              -0               -0       10.425052              10.425052
              7       5.3046669       1.2069179       1.3316477     0.061164135              -0               -0       10.609334              10.609334
              2       4.7786834      0.96180724       1.5970339    -0.018830574              -0               -0       9.5573668              9.5573668
              3       4.7437006      0.95684296       1.6369634    -0.037755006              -0               -0       9.4874011              9.4874011
              1        4.314571       1.0535412       1.5717506    -0.018543153              -0               -0       8.6291421              8.6291421
              1       4.0115565       1.1221066       1.4486476     0.004360582              -0               -0       8.0231131              8.0231131
              6       4.1862125        1.069962       1.4822742     -0.02584562              -0               -0       8.3724251              8.3724251
              5       4.5134994       1.0878607        1.440721    -0.025037396              -0               -0       9.0269988              9.0269988
              1       4.1845934       1.1371644        1.411284     0.028062861              -0               -0       8.3691867              8.3691867
              2       4.3348622       1.0364878       1.5737564    0.0023604635              -0               -0       8.6697244              8.6697244
              4       4.2799003       1.0374072       1.5725003   9.4620205e-05              -0               -0       8.5598006              8.5598006
              1       5.4038787        1.038999       1.5771781     0.028523196              -0               -0       10.807757              10.807757
              2       8.0352772       1.3474989       1.2303439     0.063083297              -0               -0       16.070554              16.070554
              2       8.8562866       1.3473191       1.2302112     0.086198583              -0               -0       17.712573              17.712573
              6       7.9896352       1.3448218        1.235402    -0.018958044              -0               -0        15.97927               15.97927
              3       6.6925789       1.2269114       1.3825662    -0.051719411              -0               -0       13.385158              13.385158
              2       6.8036395       1.2437291       1.3478769     0.057748813              -0               -0       13.607279              13.607279
              1       5.8403365       1.1016142       1.5116444     0.040324665              -0               -0       11.680673              11.680673
              5       5.2621709       1.1536025       1.4107228      0.05584104              -0               -0       10.524342              10.524342
              6       5.5137969        1.026885       1.6414863    -0.066783923              -0               -0       11.027594              11.027594
              1       6.7690499      0.97105506       1.6505432     -0.09431646              -0               -0         13.5381                13.5381
              2       6.7781486      0.96583253       1.6634958    -0.095134962              -0               -0       13.556297              13.556297
              7       4.8691083       1.1646579       1.3619815     0.058880562              -0               -0       9.7382167              9.7382167
              8       5.3287684       1.2291946       1.2831499      0.06372111              -0               -0       10.657537              10.657537
              1       4.0243535       1.0953056       1.4318985     0.021150132              -0               -0        8.048707               8.048707
              7       4.0877245        1.118421       1.4049346      0.02526828              -0               -0        8.175449               8.175449
              1       4.4619027       1.1791732       1.3307023     0.029788205              -0               -0       8.9238053              8.9238053
              3       5.8205201       1.2142955       1.2994349     0.082789586              -0               -0        11.64104               11.64104
              2       4.4659436       1.1450426       1.3664306     0.046375607              -0               -0       8.9318871              8.9318871
              8       4.2392149       1.1091033       1.4751478     0.016117031              -0               -0       8.4784298              8.4784298
              2       4.5027032       1.0185926       1.5024878       0.0201054              -0               -0       9.0054064              9.0054064
              2       5.1634545       1.1312364       1.3256571      0.02458374              -0               -0       10.326909              10.326909
              6       4.2744638       1.0778257       1.4902489     0.028411394              -0               -0       8.5489277              8.5489277
              5       5.2795254       1.1143832       1.5261971   -0.0014264503              -0               -0       10.559051              10.559051
              7       5.1640876       1.1538398       1.4718621   -0.0026963236              -0               -0       10.328175              10.328175
              7       5.2382469       1.1721065       1.4507963    -0.014619041              -0               -0       10.476494              10.476494
              1        7.002012      0.97159487       1.7121145    -0.099196177              -0               -0       14.004024              14.004024
              1        6.621087       1.1473409       1.5303902    -0.035163991              -0               -0       13.242174              13.242174
              1       5.0332019         1.11692         1.50105     0.015788293              -0               -0       10.066404              10.066404
              2         4.69812       1.1407466       1.4565943     0.017979562              -0               -0       9.3962401              9.3962401
              3       6.2558186        1.139974       1.5059802     0.016243464              -0               -0       12.511637              12.511637
              1       6.2585624      0.90623463       1.7810614    -0.069073474              -0               -0       12.517125              12.517125
              2       6.4258831      0.92020414       1.7720024    -0.078525351              -0               -0       12.851766              12.851766
              5       5.4981211      0.92527508       1.7421828    -0.043875155              -0               -0       10.996242              10.996242
              1       5.0080514       1.0052859       1.6569902    -0.031299182              -0               -0       10.016103              10.016103
              3       5.6826319      0.99277556        1.693109    -0.036057938              -0               -0       11.365264              11.365264
              4       5.0477595       1.2175131       1.2666031     0.032432708              -0               -0       10.095519              10.095519
              3       5.0489169       1.2176581         1.26648     0.032434516              -0               -0       10.097834              10.097834
              1        4.133606       1.1157531       1.4391063     0.026856279              -0               -0        8.267212               8.267212
              2       4.2141846       1.1003008       1.4402893     0.035314455              -0               -0       8.4283691              8.4283691
              1       5.0972288       0.9674007       1.6573761    0.0037707052              -0               -0       10.194458              10.194458
              1       4.4538175       1.0014629       1.6146083   -0.0035298069              -0               -0        8.907635               8.907635
              1       5.0745686       0.9674419       1.6931655     -0.03227248              -0               -0       10.149137              10.149137
             11       5.1015445      0.97157212       1.6906318    -0.031140113              -0               -0       10.203089              10.203089
              6       5.3579369      0.97996894       1.6564727    -0.071005229              -0               -0       10.715874              10.715874
              6       6.1065658      0.89282476        1.731685    -0.059633045              -0               -0       12.213132              12.213132
              1       5.9560889       1.0309738       1.5063918    -0.061112015              -0               -0       11.912178              11.912178
              2       5.9750687       1.2500399       1.2096088     0.078020125              -0               -0       11.950137              11.950137
              1       5.8902732        0.966062       1.7082152    -0.014430708              -0               -0       11.780546              11.780546
              3       5.5965568      0.92550034       1.7344986     -0.06209945              -0               -0       11.193114              11.193114
              5       5.6719136      0.89826689       1.7439494    -0.027078706              -0               -0       11.343827              11.343827
              1       5.3507644      0.91916988       1.7213342    -0.022375905              -0               -0       10.701529              10.701529
              2       4.8628502      0.94065522       1.6860487    -0.035208078              -0               -0       9.7257004              9.7257004
              2        4.722689      0.95998511       1.6643264    -0.043653517              -0               -0        9.445378               9.445378
              9       4.1439026       1.0847263       1.4757023     0.026493242              -0               -0       8.2878052              8.2878052
              1       4.0431836       1.1109916        1.473729    -0.011097254              -0               -0       8.0863672              8.0863672
              1       4.2662819       1.1530783       1.4227204   0.00058598251              -0               -0       8.5325639              8.5325639
              9        6.375408       1.2069094       1.2234643     0.018098038              -0               -0       12.750816              12.750816
             10       5.1027733       1.2330128       1.2690858     0.048084075              -0               -0       10.205547              10.205547
              1       4.8016244       1.2144566       1.3386841    0.0061000264              -0               -0       9.6032489              9.6032489
              5       3.9974125       1.0464014       1.5507288   -0.0068517718              -0               -0       7.9948249              7.9948249
              5       3.8838308        1.045465       1.5278997   -0.0031102195              -0               -0       7.7676617              7.7676617
             12       3.9571457       1.0389409       1.5491539   -0.0042749095              -0               -0       7.9142915              7.9142915
              4       5.5014204        1.087011       1.5668355   -0.0041213459              -0               -0       11.002841              11.002841
              1       5.9653647       1.1265895       1.5318381   -0.0054287763              -0               -0       11.930729              11.930729
              1       6.2246401       1.2773278       1.2007211     0.082940581              -0               -0        12.44928               12.44928
              1       6.7269931       1.2560279       1.1936703    0.0045480969              -0               -0       13.453986              13.453986
              2       7.1346348       1.2138758       1.2137392   -0.0020164725              -0               -0        14.26927               14.26927
              1       4.9026431       1.0623333       1.4151645     0.032131246              -0               -0       9.8052862              9.8052862
              3       4.7508776      0.97964717       1.5549881    0.0063334991              -0               -0       9.5017552              9.5017552
              4       5.7173848        1.146874       1.3189716     0.085114003              -0               -0        11.43477               11.43477
              3       6.8812049      0.88670061       1.7700461   -0.0017155219              -0               -0        13.76241               13.76241
              2       5.6316411      0.95767426       1.6783398    0.0078813142              -0               -0       11.263282              11.263282
              8       4.9288483       1.0480741       1.4368162    0.0078313566              -0               -0       9.8576966              9.8576966
              4       4.6581077       1.1995969       1.3139366     0.038346222              -0               -0       9.3162154              9.3162154
              5       4.9311813       1.1866941       1.2910887     0.049960063              -0               -0       9.8623626              9.8623626
              1        3.978154       1.0838965       1.4495004      0.01765303              -0               -0        7.956308               7.956308
              6       4.1882542       1.0720211       1.4414136     0.012007542              -0               -0       8.3765084              8.3765084
              5       4.3588784       1.0343754       1.4861372  -0.00060078606              -0               -0       8.7177569              8.7177569
              4       4.2481242       1.0530413        1.463136    0.0082964723              -0               -0       8.4962484              8.4962484
              3       5.9280294        1.040776       1.4990208    -0.062451376              -0               -0       11.856059              11.856059
              4       4.9703819       1.0045152       1.6562444    -0.048074134              -0               -0       9.9407637              9.9407637
              1       5.2889368       1.0276343       1.6448798    -0.047836521              -0               -0       10.577874              10.577874
              3       4.5543035       1.1505917       1.4161663     0.033558429              -0               -0        9.108607               9.108607
              5       4.5568986       1.1527845       1.4137175     0.033302312              -0               -0       9.1137973              9.1137973
              3       4.1394165       1.1519159       1.3823316     0.013353851              -0               -0       8.2788331              8.2788331
              2       4.3679618      0.98322814       1.6066585   -0.0013599272              -0               -0       8.7359235              8.7359235
              2        4.108395       1.0155603       1.5852092   -0.0086018629              -0               -0       8.2167901              8.2167901
              7       4.3638563       1.0618629       1.5197187     0.024166796              -0               -0       8.7277126              8.7277126
              6       4.6491131       1.0071715       1.5119455     0.018308412              -0               -0       9.2982262              9.2982262
              4       4.9837206        1.003005       1.5011558     0.022899285              -0               -0       9.9674413              9.9674413
             11       4.0201249        1.047515       1.5145882    -0.020842983              -0               -0       8.0402498              8.0402498
              2       4.8724182       1.0274314       1.5565889    -0.056470701              -0               -0       9.7448364              9.7448364
              6       4.8280439        1.029928       1.5758957    -0.059349221              -0               -0       9.6560877              9.6560877
              2       6.8245507      0.91107606       1.6647455    -0.065821585              -0               -0       13.649101              13.649101
              7       7.4102833      0.93527005       1.5610466    -0.033287693              -0               -0       14.820567              14.820567
              3       7.4092565       0.9342763       1.5632279    -0.033814394              -0               -0       14.818513              14.818513
              1       7.2877055       1.1078453       1.3404639    -0.034755054              -0               -0       14.575411              14.575411
              1       7.1002662       1.1057707       1.3438512    -0.032101985              -0               -0       14.200532              14.200532
              3       6.4975001       1.1537999        1.396662    -0.067329788              -0               -0          12.995                 12.995
              1       6.6175822       1.1972652       1.3303572     -0.05339484              -0               -0       13.235164              13.235164
              4       6.6261455       1.1881761        1.327855    -0.051699024              -0               -0       13.252291              13.252291
              2       7.7701795        1.139026       1.2819029     -0.02123064              -0               -0       15.540359              15.540359
              4       7.4748402       1.1267277       1.2997902    -0.020289743              -0               -0        14.94968               14.94968
              5       5.9946164        1.027714       1.4602591    -0.030146304              -0               -0       11.989233              11.989233
              3       8.0927825       1.3586409       1.0625782     0.059420795              -0               -0       16.185565              16.185565
              1       7.4619585        1.326524       1.0985077     0.056037535              -0               -0       14.923917              14.923917
              2       4.7603476       1.1544766       1.3213159     0.040566547              -0               -0       9.5206953              9.5206953
              1       4.6014338       1.1565213       1.3300687     0.038479587              -0               -0       9.2028676              9.2028676
              1       5.3784411       1.1315127       1.3138412     0.041165349              -0               -0       10.756882              10.756882
              2       5.4611209       1.0136339       1.5134574    -0.043037889              -0               -0       10.922242              10.922242
              1       6.3542956       0.9868203       1.5136578    -0.036967081              -0               -0       12.708591              12.708591
              7       5.6153757       1.0819744       1.3620564     0.035706893              -0               -0       11.230751              11.230751
              1        4.960338       1.1044572       1.3748814  -9.6965064e-05              -0               -0       9.9206761              9.9206761
              3       5.4983489       1.1339277       1.4823313     0.027878934              -0               -0       10.996698              10.996698
              5       5.4185248        1.124818       1.4838837     0.033350531              -0               -0        10.83705               10.83705
              2       5.8055923       1.0899365       1.5425489     0.025321773              -0               -0       11.611185              11.611185
              4       5.4529662        1.095504       1.5235569      0.02829662              -0               -0       10.905932              10.905932
              2       5.1029557       1.1070085       1.5105616     0.019790145              -0               -0       10.205911              10.205911
              8       4.2801812       1.1146571       1.4027694    -0.004872867              -0               -0       8.5603624              8.5603624
              5       4.8559515       1.1676994       1.3075913     0.024098993              -0               -0       9.7119029              9.7119029
              7       4.2317684       1.1649523       1.3793457    0.0077001599              -0               -0       8.4635369              8.4635369
              1        5.183834        1.218966       1.2550499     0.041478045              -0               -0       10.367668              10.367668
              2        5.073009       1.1158173       1.3562037     0.060874395              -0               -0       10.146018              10.146018
              4       4.8372375       1.1738988       1.3036824     0.046019174              -0               -0        9.674475               9.674475
              4       5.0612299      0.98036478       1.5646254     0.031477661              -0               -0        10.12246               10.12246
              2       4.2862927       1.1110795       1.4205899     0.039845379              -0               -0       8.5725853              8.5725853
              8       4.4774565       1.1899413       1.3370038     0.027577758              -0               -0       8.9549129              8.9549129
              2       4.4060055       1.1835082       1.3443475     0.024202443              -0               -0        8.812011               8.812011
              3       4.7136538       1.2127204       1.3116299     0.018400979              -0               -0       9.4273076              9.4273076
              6       5.6547799       1.1775879        1.264982     0.026800593              -0               -0        11.30956               11.30956
              1       4.1816409       1.0738573       1.4477166    -0.003547736              -0               -0       8.3632817              8.3632817
              8       4.2838107       1.0432443       1.4958745    -0.019893313              -0               -0       8.5676214              8.5676214
              2       5.4578343       0.9814302       1.5754244    -0.052325164              -0               -0       10.915669              10.915669
              6        5.262794      0.92879915       1.6793081    -0.048202332              -0               -0       10.525588              10.525588
              1       5.7426545       1.2172281       1.3920236    -0.024244578              -0               -0       11.485309              11.485309
              6        5.331795       1.2430066       1.3239983      0.02181726              -0               -0        10.66359               10.66359
              1       5.3114705       1.2417185       1.3255059      0.02119168              -0               -0       10.622941              10.622941
              4       5.2622187       1.2218042       1.3568808      0.02509631              -0               -0       10.524437              10.524437
              5       6.9022245       1.0524102        1.421852     0.096974141              -0               -0       13.804449              13.804449
              6       6.6924043       1.0402369        1.437949     0.089771234              -0               -0       13.384809              13.384809
              1       6.0729566       1.2453209       1.2477548     0.088000035              -0               -0       12.145913              12.145913
              4       5.9281318       1.0914977        1.585592      -0.0303579              -0               -0       11.856264              11.856264
              1       8.1752601       1.1296548       1.4617727     0.088676274              -0               -0        16.35052               16.35052
              2       8.4678503       1.4107366       1.1292109     0.026496189              -0               -0       16.935701              16.935701
             13       9.0689865       1.4092915       1.1732517      0.01439388              -0               -0       18.137973              18.137973
              1       11.170891       1.3775847       1.2232317    -0.066196565              -0               -0       22.341782              22.341782
              2       8.9663077       1.2678637       1.3523787    -0.076751102              -0               -0       17.932615              17.932615
              2        5.351026       1.2306468       1.3281019    -0.014718656              -0               -0       10.702052              10.702052
              1       5.2173789       1.2150736       1.3655198    -0.015808295              -0               -0       10.434758              10.434758
              1       4.8664727       1.1960997       1.3836407    -0.011532574              -0               -0       9.7329455              9.7329455
              1       4.8785517       1.1998582       1.3779909   -0.0093285032              -0               -0       9.7571033              9.7571033
              1       4.9248299       1.1991164       1.3843949   -0.0097669163              -0               -0       9.8496597              9.8496597
              4       4.6970045        1.169363       1.3711755    -0.019483327              -0               -0        9.394009               9.394009
              2       6.2830195       1.1256984       1.3213849     0.093592396              -0               -0       12.566039              12.566039
              1       6.2689514       1.1148805       1.3377935     0.093305859              -0               -0       12.537903              12.537903
              4       5.8299136       1.2002202       1.4056235     0.031163617              -0               -0       11.659827              11.659827
             12       6.3917095       1.2826416       1.3044845     0.026815623              -0               -0       12.783419              12.783419
              1        5.704121       1.2274222       1.3650082     0.028552077              -0               -0       11.408242              11.408242
              2       5.6776253       1.1001661       1.3958282    -0.035627851              -0               -0       11.355251              11.355251
              3       5.6982266       1.0779852       1.4399497    -0.048923309              -0               -0       11.396453              11.396453
              3       5.4535359       1.0147388       1.5441907    -0.059454628              -0               -0       10.907072              10.907072
              1       4.5540338       1.0163525       1.5206302    -0.022769056              -0               -0       9.1080675              9.1080675
              2       4.5870708       1.0370471       1.4846803    -0.017680156              -0               -0       9.1741416              9.1741416
              2       4.3685881        1.045374         1.47569   -0.0082739073              -0               -0       8.7371762              8.7371762
              3       3.9377665       1.0728136       1.4883813    -0.016180403              -0               -0        7.875533               7.875533
              2       4.2275681       1.0689214       1.5092554    -0.035831649              -0               -0       8.4551362              8.4551362
              5       6.8423772       1.1182691       1.5749688    -0.043342336              -0               -0       13.684754              13.684754
              3       7.2380585       1.0557778       1.6632333    -0.057855364              -0               -0       14.476117              14.476117
              1       7.2353002       1.0717064       1.4700844    -0.083486744              -0               -0         14.4706                14.4706
              2       8.1821375        1.187047       1.3471689    -0.081217874              -0               -0       16.364275              16.364275
              3       7.1538936       1.1974177       1.3364387    -0.064202792              -0               -0       14.307787              14.307787
              1        7.759229       1.1836088       1.3327712     -0.07059063              -0               -0       15.518458              15.518458
              4       7.4717978       1.1930662        1.230206    -0.011047293              -0               -0       14.943596              14.943596
              1       7.5922103       1.2913168        1.223385    -0.035968482              -0               -0       15.184421              15.184421
              2        6.859233       1.2709198       1.2560573    -0.032744727              -0               -0       13.718466              13.718466
              3       6.9233494       1.2750789       1.2513487    -0.032170412              -0               -0       13.846699              13.846699
              1        7.996573       1.1833096       1.3249275    -0.071068001              -0               -0       15.993146              15.993146
              9       5.6280609      0.96865012       1.6319546    -0.070016095              -0               -0       11.256122              11.256122
              2       5.5670851      0.98827318       1.6325296    -0.075511116              -0               -0        11.13417               11.13417
              1       6.1840767       1.2765584       1.1805737     0.036121637              -0               -0       12.368153              12.368153
              6        6.161847       1.2748011       1.1816255     0.037119116              -0               -0       12.323694              12.323694
              8       4.9015041       1.1661035       1.4382765    0.0083683893              -0               -0       9.8030083              9.8030083
              3       4.9549515       1.1105434       1.5063002     0.015442145              -0               -0       9.9099031              9.9099031
              4       4.6449075        1.158745       1.4006068    -0.026231437              -0               -0       9.2898149              9.2898149
              5       4.2284537       1.0779709       1.4931386    -0.033567197              -0               -0       8.4569074              8.4569074
              2       4.0870772       1.0820731       1.4854939    -0.026143827              -0               -0       8.1741543              8.1741543
              5       3.9388256       1.1163977       1.4337913     0.011092382              -0               -0       7.8776512              7.8776512
              1       4.1466024       1.1515445       1.3878165     0.020162518              -0               -0       8.2932047              8.2932047
              2       4.2177791       1.1163457       1.3916327     0.012746772              -0               -0       8.4355582              8.4355582
              3       4.6822761       1.1454241       1.3328944     0.036353827              -0               -0       9.3645521              9.3645521
              2       4.7384403       1.1530074       1.3237396     0.039938025              -0               -0       9.4768807              9.4768807
              7       5.1347964       1.1696595       1.3945221     0.050656843              -0               -0       10.269593              10.269593
              7       4.8081228       1.1682949       1.4067626     0.033340278              -0               -0       9.6162456              9.6162456
              2       4.1745151       1.1445504        1.427367   -0.0042694825              -0               -0       8.3490301              8.3490301
              1       4.3115992       1.1690953       1.3525181     0.016738471              -0               -0       8.6231983              8.6231983
             15       4.3545943       1.0987774       1.4751618     0.028622727              -0               -0       8.7091885              8.7091885
              2       4.1589455       1.0632862        1.488003     0.027366872              -0               -0        8.317891               8.317891
             12       5.4924802       1.0041683       1.5696168     0.045396014              -0               -0        10.98496               10.98496
              4       4.0418189       1.0847243       1.4737068     0.022164287              -0               -0       8.0836379              8.0836379
              1       4.2879256       1.1183612       1.4438077     0.030641874              -0               -0       8.5758512              8.5758512
              1       4.8427343       1.2119591       1.2862789     0.028363724              -0               -0       9.6854686              9.6854686
              4       4.7607112       1.2096505       1.3000382     0.019149178              -0               -0       9.5214224              9.5214224
              3       7.0721848      0.87144862       1.8382398    -0.057102961              -0               -0        14.14437               14.14437
              2       4.8102436       1.0602504       1.4244801     0.010802728              -0               -0       9.6204873              9.6204873
              4       5.2043714       1.0308967       1.4469895     0.016985605              -0               -0       10.408743              10.408743
              1       5.9114893      0.99717988       1.6313457      0.02580481              -0               -0       11.822979              11.822979
              2       7.2291256      0.89450617       1.7475535     0.015731957              -0               -0       14.458251              14.458251
              3       6.7750497       0.8970843       1.7710749   -0.0068652149              -0               -0       13.550099              13.550099
              5       4.8889105       1.0712585       1.4035149     0.026993601              -0               -0       9.7778211              9.7778211
              1       4.8784407       1.0679765       1.4082854     0.025035708              -0               -0       9.7568814              9.7568814
              5       4.4903179        1.156217       1.4165988    -0.021387397              -0               -0       8.9806357              8.9806357
              3       5.5945725        1.231649       1.3200819    -0.023132776              -0               -0       11.189145              11.189145
              2       5.2328538       1.1446128       1.4794942     0.008657691              -0               -0       10.465708              10.465708
              4       4.6344224       1.0785948       1.5538709    -0.010853512              -0               -0       9.2688448              9.2688448
              3       4.8862039        1.111725         1.52533    -0.026302017              -0               -0       9.7724078              9.7724078
              4       5.1583809       1.1428214       1.4917708      -0.0182551              -0               -0       10.316762              10.316762
              5       6.7230154        1.155091       1.3148084    -0.036299287              -0               -0       13.446031              13.446031
              1       7.0251923       1.1710536       1.3078635    -0.044896919              -0               -0       14.050385              14.050385
              2       7.1432256       1.1901296       1.2779267     -0.03756165              -0               -0       14.286451              14.286451
              1         4.87207       1.2038629       1.3708162      0.01695017              -0               -0       9.7441401              9.7441401
              4       5.2250829       1.2010658       1.3866069     0.026647279              -0               -0       10.450166              10.450166
              1       4.9242581       1.2140505       1.3384278     0.034878038              -0               -0       9.8485161              9.8485161
              6       4.8661166       1.1992177       1.3728713    -0.012142074              -0               -0       9.7322332              9.7322332
              6       4.6714995       1.0786817       1.5417292    0.0063528577              -0               -0        9.342999               9.342999
              9       4.5028352        1.103117       1.4036285     0.047453588              -0               -0       9.0056705              9.0056705
             12       4.3761882         1.14054       1.3997914    -0.016897879              -0               -0       8.7523764              8.7523764
              5       4.9818928       1.0429319       1.5552875    -0.062046893              -0               -0       9.9637856              9.9637856
              5       5.4952303       1.0024874       1.6307008    -0.075671081              -0               -0       10.990461              10.990461
              1       4.8219903        0.951613       1.6865895    -0.035787881              -0               -0       9.6439806              9.6439806
             13       4.0388846       1.0526524       1.4859137     0.015870417              -0               -0       8.0777691              8.0777691
              3       5.7091279      0.94764675       1.7212099    -0.071090416              -0               -0       11.418256              11.418256
              6        5.426469       1.2423859       1.2319417     0.039533747              -0               -0       10.852938              10.852938
             12       4.5698246       1.1864096       1.3175589     0.033715818              -0               -0       9.1396492              9.1396492
              7       4.2979447       1.1625542       1.3956311     0.019680624              -0               -0       8.5958894              8.5958894
              6       7.2953573       1.0710531       1.3907651    -0.043254848              -0               -0       14.590715              14.590715
              4       6.3784463      0.96900621       1.6222865    -0.080910722              -0               -0       12.756893              12.756893
              7         5.63218       1.1520485        1.285403     0.034410222              -0               -0        11.26436               11.26436
              1       5.6019741        1.185796       1.2704367       0.0115153              -0               -0       11.203948              11.203948
             12       5.7312622       1.1078654       1.3347333     0.066324783              -0               -0       11.462524              11.462524
              7       5.3095656       1.1393298       1.4688619     0.029060348              -0               -0       10.619131              10.619131
              1       5.5672954       1.0888532       1.5579709     0.006134284              -0               -0       11.134591              11.134591
              2       4.1958409       0.9985785       1.5914803   -0.0035841169              -0               -0       8.3916818              8.3916818
              1       4.1874514      0.99944376       1.6032572    -0.012118905              -0               -0       8.3749028              8.3749028
              4       4.0071581       1.0169076       1.5700864     -0.01572725              -0               -0       8.0143162              8.0143162
              3        4.287081      0.99132732        1.577217    0.0014972545              -0               -0       8.5741619              8.5741619
              6       4.2228312       1.0315022        1.521602    -0.023828049              -0               -0       8.4456623              8.4456623
              1       4.1879162       1.0299244       1.5283555    -0.024780744              -0               -0       8.3758324              8.3758324
             12       4.9921178       1.2286808       1.2991665    0.0076921607              -0               -0       9.9842356              9.9842356
              1       5.3429073       1.2562005       1.2830291      0.01215006              -0               -0       10.685815              10.685815
              4        6.331115       1.3139724       1.1718365     0.041935778              -0               -0        12.66223               12.66223
              2       6.5900308       1.3165795       1.1941689    0.0091033262              -0               -0       13.180062              13.180062
              4       5.0242881       1.2098813       1.3243665    -0.010854453              -0               -0       10.048576              10.048576
              1       5.9518532       1.2809423       1.2135945     0.015897985              -0               -0       11.903706              11.903706
              3       6.2123377       1.1730029       1.2434014     0.059870594              -0               -0       12.424675              12.424675
              4        6.688277       1.1957432        1.208188     0.071911364              -0               -0       13.376554              13.376554
              3        6.233681       1.0448904       1.4192434    -0.018200404              -0               -0       12.467362              12.467362
              6       5.7885141       1.0457625       1.4263757    -0.013663667              -0               -0       11.577028              11.577028
              1       5.1416581       1.0263092       1.5266643    -0.051589564              -0               -0       10.283316              10.283316
              4       4.4490414       1.0613168       1.4397871      0.02616908              -0               -0       8.8980829              8.8980829
              1       4.7864656       1.1254901       1.4370301    -0.041222357              -0               -0       9.5729311              9.5729311
              5       4.9911839       1.0866823       1.4835779    -0.054136416              -0               -0       9.9823678              9.9823678
              2        5.507639       1.1347242        1.329397     0.076891119              -0               -0       11.015278              11.015278
              3       6.4968748       1.1033047       1.3106131     0.034899027              -0               -0        12.99375               12.99375
              9        8.286831       1.0983554       1.2715245     0.044099584              -0               -0       16.573662              16.573662
              3       5.6731791       1.0421308       1.4154912     0.045810961              -0               -0       11.346358              11.346358
              1       4.6028611        1.096027       1.4183503     0.051789554              -0               -0       9.2057222              9.2057222
              3       4.1115012       1.0926746       1.4378703      0.02984469              -0               -0       8.2230024              8.2230024
              4        4.557081      0.95956251       1.6252731    -0.013213557              -0               -0        9.114162               9.114162
              4       6.4844825      0.88962266       1.6943099    -0.049284975              -0               -0       12.968965              12.968965
              2       4.7771599      0.95337051       1.6734147    -0.042312876              -0               -0       9.5543198              9.5543198
              2       4.8967183       1.0155062       1.5289338     0.041370139              -0               -0       9.7934365              9.7934365
              1       4.5454741       1.0673985       1.5323461    -0.048994377              -0               -0       9.0909482              9.0909482
              1       5.7595345      0.96144068       1.6606319    -0.075983885              -0               -0       11.519069              11.519069
              5       5.2853234      0.96557533       1.6643945    -0.066786627              -0               -0       10.570647              10.570647
             13        4.988014       1.0722282       1.5773666    -0.046334038              -0               -0       9.9760279              9.9760279
              1       4.2076475        1.017798       1.5578258      0.01186229              -0               -0        8.415295               8.415295
              9       4.0856873       1.0364231       1.5263785     0.014975063              -0               -0       8.1713747              8.1713747
              6       4.0725064       1.0077348       1.5686801    -0.014805401              -0               -0       8.1450128              8.1450128
              5       5.7023999       1.0783037       1.3899692     0.074365846              -0               -0         11.4048                11.4048
              4       5.2506507      0.95215625       1.6151999    -0.041421598              -0               -0       10.501301              10.501301
              2       4.7868144       1.0206474        1.534075    -0.042813107              -0               -0       9.5736288              9.5736288
              4       4.5799799        1.072771        1.459086    -0.029293416              -0               -0       9.1599598              9.1599598
              5       4.6680519      0.98765701       1.5641849    -0.026951682              -0               -0       9.3361037              9.3361037
              5       4.7681629       1.1882963        1.393899     0.013168882              -0               -0       9.5363257              9.5363257
              2       5.4604389       1.1153512       1.5252871    0.0050821366              -0               -0       10.920878              10.920878
              2       4.7995076       0.9852892        1.666455    -0.032237936              -0               -0       9.5990153              9.5990153
              3       4.7603597       1.0588937       1.5691306    -0.053743223              -0               -0       9.5207194              9.5207194
              2       4.5095211       1.0733645       1.5538155    -0.038787174              -0               -0       9.0190423              9.0190423
              3       5.2051072      0.99548922        1.502371     0.019115597              -0               -0       10.410214              10.410214
              2        4.694412       1.1264904       1.3496062     0.034227125              -0               -0        9.388824               9.388824
              1       5.1496429       1.1358288       1.3385215  -0.00091357213              -0               -0       10.299286              10.299286
              7       5.2166828       1.1392154       1.3315279   0.00068591641              -0               -0       10.433366              10.433366
              2       5.6820276       1.2545167       1.2442188    0.0050099766              -0               -0       11.364055              11.364055
              5       4.7001159       1.1961528        1.358351   -0.0070136012              -0               -0       9.4002317              9.4002317
              4       4.1375992       1.1047461       1.4475584     0.028894377              -0               -0       8.2751983              8.2751983
              4       4.0767238       1.1029122       1.4472819     0.026392934              -0               -0       8.1534476              8.1534476
              5       4.2136307       1.1134914       1.4421724     0.030715522              -0               -0       8.4272614              8.4272614
              4       5.0973154       1.1931914       1.3483704     0.056384441              -0               -0       10.194631              10.194631
              6       4.9854544       1.0892887        1.526569      0.01964796              -0               -0       9.9709088              9.9709088
              2        4.550321       1.1396027       1.4510434     0.018064084              -0               -0        9.100642               9.100642
              1       4.0720275       1.0741815        1.530231    -0.018982018              -0               -0        8.144055               8.144055
              8       3.9839412       1.0425081       1.5528412   -0.0071632905              -0               -0       7.9678824              7.9678824
              1       5.6573616       1.2304941        1.367958     0.013862165              -0               -0       11.314723              11.314723
              1        5.837979       1.2403841       1.3615522    0.0072042287              -0               -0       11.675958              11.675958
              1       4.8898812       1.0645555       1.5662434     -0.05632329              -0               -0       9.7797623              9.7797623
              2       5.5671233       1.0440996       1.6252263    -0.064586279              -0               -0       11.134247              11.134247
              4       5.1168883      0.96680215       1.6961951     -0.05017885              -0               -0       10.233777              10.233777
              3       5.1172938       1.0214098       1.6385803    -0.057365735              -0               -0       10.234588              10.234588
              2       5.1824131       1.0240118       1.5845965     0.026959572              -0               -0       10.364826              10.364826
              1       4.6393619      0.95635611       1.6441001   -0.0090393404              -0               -0       9.2787238              9.2787238
              1       4.1767169       1.1243751       1.4178021    -0.013039879              -0               -0       8.3534338              8.3534338
              1       4.1740376       1.1384218       1.4238701    -0.012518677              -0               -0       8.3480752              8.3480752
              2       4.0112498       1.0298657       1.5637695    -0.006100286              -0               -0       8.0224997              8.0224997
              2       4.1898244       1.0277239       1.5273663     0.018327462              -0               -0       8.3796488              8.3796488
              6       5.4903927      0.91200724       1.6714377   -0.0057946755              -0               -0       10.980785              10.980785
              1       7.0050216      0.91921447       1.7427089    0.0084918559              -0               -0       14.010043              14.010043
              1       4.5127265       1.0474847       1.4720256     0.037672241              -0               -0        9.025453               9.025453
              2       4.3767408       1.1490372       1.4269765    -0.018660053              -0               -0       8.7534816              8.7534816
             10       4.2893995       1.1171635       1.4513583    -0.027937114              -0               -0        8.578799               8.578799
              9       4.7126999      0.99516903       1.5781488     0.023931643              -0               -0       9.4253999              9.4253999
              2       4.5950532       1.0111488       1.5569419     0.026896334              -0               -0       9.1901064              9.1901064
              1       5.5456226      0.96888187        1.587113     0.039474658              -0               -0       11.091245              11.091245
              2       6.5305164      0.86683605       1.7272882    -0.018170538              -0               -0       13.061033              13.061033
              2       7.7213872      0.88109483       1.6324249     0.012803174              -0               -0       15.442774              15.442774
              2       4.8582485       1.1035242       1.3658774     0.032088625              -0               -0        9.716497               9.716497
              1       4.7601602       1.0825763       1.4061584     0.048234589              -0               -0       9.5203204              9.5203204
              3       5.1827474      0.92148256       1.6839211    -0.035657382              -0               -0       10.365495              10.365495
              3       4.3789872      0.97908629       1.5939003    -0.017951638              -0               -0       8.7579743              8.7579743
             12       4.1978831       1.0077352       1.5554267     -0.01965968              -0               -0       8.3957663              8.3957663
              2       4.7584119      0.95513504       1.6273424    0.0014007658              -0               -0       9.5168239              9.5168239
              1       4.7822474      0.96483026       1.5845773    0.0013577924              -0               -0       9.5644948              9.5644948
              6        4.435503      0.98428027        1.569623   -0.0044651923              -0               -0       8.8710061              8.8710061
              1       4.4756859       1.1069069       1.4441115    -0.032401969              -0               -0       8.9513717              8.9513717
              6       6.2581482       1.2747911       1.1955076     0.014642137              -0               -0       12.516296              12.516296
              1       5.1757493       1.2239924       1.2596739      0.02465806              -0               -0       10.351499              10.351499
              5       4.6469498       1.1782022       1.3607242    -0.012918701              -0               -0       9.2938996              9.2938996
              1       5.9832409       1.1090719         1.31742     0.043261921              -0               -0       11.966482              11.966482
              2       5.8117431      0.95430279       1.5612237     0.031559632              -0               -0       11.623486              11.623486
              8       5.2894039       0.9698228       1.5477585     0.020921194              -0               -0       10.578808              10.578808
              1       5.5418099      0.95056268       1.5715347   -0.0041782952              -0               -0        11.08362               11.08362
              2       5.3839497      0.97192825          1.5359     0.012794489              -0               -0       10.767899              10.767899
              2       4.9991909        1.009694       1.4884585    0.0098987501              -0               -0       9.9983818              9.9983818
             10       4.4358735       1.0590189       1.4635028    -0.016515926              -0               -0       8.8717469              8.8717469
              1        5.660833       1.0008509       1.6386647     -0.07903075              -0               -0       11.321666              11.321666
              3       5.3705943      0.97908568       1.6529833    -0.071155335              -0               -0       10.741189              10.741189
              4       4.3494519       1.1093118       1.4311913    -0.023395302              -0               -0       8.6989038              8.6989038
              4        5.795119       1.2220058       1.3067944    -0.028458673              -0               -0       11.590238              11.590238
             10       4.9411414       1.1954647         1.38428    -0.017410176              -0               -0       9.8822828              9.8822828
              3       5.1797855       1.1314745        1.416517    -0.045862516              -0               -0       10.359571              10.359571
              1       4.6911074         1.11518        1.414858    -0.028967666              -0               -0       9.3822148              9.3822148
              1       6.2477543       1.1986523       1.2639521    -0.012442865              -0               -0       12.495509              12.495509
              2       6.7588505       1.3318143       1.1427391     0.043778227              -0               -0       13.517701              13.517701
              3       6.4469516        1.281773       1.3134424   0.00041978705              -0               -0       12.893903              12.893903
              3        4.994404       1.1342891       1.4616452     0.030966368              -0               -0       9.9888081              9.9888081
              3       4.6294684       1.1658339       1.3506168   -0.0070592065              -0               -0       9.2589368              9.2589368
              1       4.8555778       1.1783505       1.3292649   -0.0064076495              -0               -0       9.7111557              9.7111557
              4       5.1321851       1.1131908       1.3765974    -0.016510811              -0               -0        10.26437               10.26437
             17       5.0543105        1.112349       1.3794693    -0.015736036              -0               -0       10.108621              10.108621
             20       5.2235912       1.1127065       1.3874216    -0.026732282              -0               -0       10.447182              10.447182
              2       4.6760695        1.094304        1.394788     0.046964798              -0               -0        9.352139               9.352139
              1       4.2885107       1.0698359       1.5402368    -0.036926855              -0               -0       8.5770215              8.5770215
              1       5.3067225        1.003656       1.5852103    -0.065507931              -0               -0       10.613445              10.613445
              6       6.5736635      0.87746913       1.7627867    -0.067785191              -0               -0       13.147327              13.147327
              2       6.3946116      0.88006619       1.7486703    -0.060996325              -0               -0       12.789223              12.789223
              4       7.7782428       0.8678208       1.7069444     -0.06028651              -0               -0       15.556486              15.556486
              2       8.1649656      0.86465243       1.6957049    -0.056480983              -0               -0       16.329931              16.329931
              1       6.2727318       0.8759095       1.7183313    -0.027287921              -0               -0       12.545464              12.545464
              2       5.6886711      0.96539391        1.699272    -0.074570793              -0               -0       11.377342              11.377342
              3       5.7672647       1.0872252       1.4957197     0.057250137              -0               -0       11.534529              11.534529
              1       4.4919137       1.0622768       1.5565234    0.0020106301              -0               -0       8.9838274              8.9838274
              3       4.6882272       1.0628173       1.5646277    0.0011411369              -0               -0       9.3764543              9.3764543
              5       4.1228346       1.1116252       1.4794145    -0.016259668              -0               -0       8.2456693              8.2456693
              2       4.1800547       1.1294898       1.4578083   -0.0049602043              -0               -0       8.3601094              8.3601094
              3       4.8636937      0.99198852       1.6560735    -0.018109889              -0               -0       9.7273874              9.7273874
              1       5.0126735      0.96785156       1.6699358   -0.0080311323              -0               -0       10.025347              10.025347
              3        4.432507       1.1219359        1.384628     0.045014334              -0               -0        8.865014               8.865014
              4       4.8492988       1.1258759        1.346931     0.048989807              -0               -0       9.6985976              9.6985976
              3       6.2059947       1.0694779       1.6040411   -0.0051630696              -0               -0       12.411989              12.411989
              1       7.3158192       1.2193547       1.3964176     0.053393293              -0               -0       14.631638              14.631638
              3       7.9463173       1.1755188       1.4846239     0.029908796              -0               -0       15.892635              15.892635
              1       6.5628271       1.1192837       1.5526123   -0.0033350277              -0               -0       13.125654              13.125654
              3       6.8708874       1.1159059       1.5644477   -0.0058265875              -0               -0       13.741775              13.741775
              2       5.8270583       1.1185644       1.5287191     0.007734843              -0               -0       11.654117              11.654117
              4       6.2902524       1.0243906       1.6607646    -0.013101776              -0               -0       12.580505              12.580505
              1       6.9797228       1.0553429       1.6422189     -0.08421401              -0               -0       13.959446              13.959446
              1       6.3216436       1.0225189        1.655697    -0.084941375              -0               -0       12.643287              12.643287
              1        5.852437       1.0923473       1.5145923    -0.075622356              -0               -0       11.704874              11.704874
              5       4.3184807       1.1127708        1.460779    -0.030987623              -0               -0       8.6369614              8.6369614
              1       5.6224197       1.1679613       1.4700661   -0.0098984465              -0               -0       11.244839              11.244839
              1       5.2960183       1.1624776       1.4565366     0.010711198              -0               -0       10.592037              10.592037
              7       6.6803918       1.3311804       1.2108112     0.043895612              -0               -0       13.360784              13.360784
              3       10.627477       1.4874502       1.0717368     0.037662224              -0               -0       21.254955              21.254955
              3       9.8760219       1.4687003        1.076633     0.050935891              -0               -0       19.752044              19.752044
              5       8.9235266       1.4075767       1.1584859     0.064988941              -0               -0       17.847053              17.847053
              3       8.5538241       1.2850216       1.3739405    -0.030472598              -0               -0       17.107648              17.107648
              1       8.9401243        1.430502       1.0373327     0.095581131              -0               -0       17.880249              17.880249
              4       6.7529682       1.0986581       1.5258741     0.047932736              -0               -0       13.505936              13.505936
              4       4.5091941       1.1295823       1.4797523   -0.0055134558              -0               -0       9.0183882              9.0183882
              4       5.6050323       1.2205917       1.3816313    -0.018619769              -0               -0       11.210065              11.210065
              2       7.3951059       1.2541982       1.3938364     -0.01975641              -0               -0       14.790212              14.790212
              1       7.3881399       1.1383614       1.5342582     0.011787623              -0               -0        14.77628               14.77628
              7       6.3093735       1.1527613        1.507745   -0.0068855082              -0               -0       12.618747              12.618747
              2       5.8421354       1.1427473       1.5088632    -0.006374166              -0               -0       11.684271              11.684271
              3       5.2487288       1.1999782        1.404516    0.0016651969              -0               -0       10.497458              10.497458
              4       5.3429174       1.2408019       1.2876797     0.054606542              -0               -0       10.685835              10.685835
              2       5.3837601       1.2437193       1.2812603     0.056323777              -0               -0        10.76752               10.76752
              2       5.3743559       1.2121311       1.3556245     0.045401043              -0               -0       10.748712              10.748712
              2       4.4573729       1.1243861       1.4380294     0.036442206              -0               -0       8.9147458              8.9147458
              2       4.3859149       1.1228951       1.4316716     0.037451122              -0               -0       8.7718299              8.7718299
              1       7.9065925         1.05588       1.4505915      0.11118865              -0               -0       15.813185              15.813185
              2       9.8010678       1.1985839       1.2955966      0.15423104              -0               -0       19.602136              19.602136
              2       5.8467535      0.90186603       1.6670621    -0.010292426              -0               -0       11.693507              11.693507
             11       4.7463653       1.0193135       1.5069379    -0.022740483              -0               -0       9.4927307              9.4927307
              1       8.8297556       1.0837549        1.286417      0.10136649              -0               -0       17.659511              17.659511
              6       9.9300294       1.0609416       1.4302396      0.14007916              -0               -0       19.860059              19.860059
              2       9.6615506       1.0689821         1.41962      0.13902466              -0               -0       19.323101              19.323101
              2       9.6081929       1.0511522       1.4475277      0.13296304              -0               -0       19.216386              19.216386
              1       9.6515402       1.1547697       1.4037941      0.12421135              -0               -0        19.30308               19.30308
              1       7.9783564       1.1942481       1.3382135      0.11677654              -0               -0       15.956713              15.956713
              1       6.0952267       1.1075092       1.4889867     0.055790249              -0               -0       12.190453              12.190453
              4       6.0257596       1.1103439       1.4900743     0.052140239              -0               -0       12.051519              12.051519
              8       5.6109308         1.05082       1.6248025    -0.057525946              -0               -0       11.221862              11.221862
              1       6.0067471       1.1158457         1.39161     0.089613581              -0               -0       12.013494              12.013494
              3       7.4134971       1.3210274       1.1251663      0.10438287              -0               -0       14.826994              14.826994
              1       7.2942221       1.3079148       1.1510055      0.10837664              -0               -0       14.588444              14.588444
              6       7.5572282       1.1654519       1.2436218      0.11676225              -0               -0       15.114456              15.114456
              5       7.5172945       1.2567014        1.142305      0.10235194              -0               -0       15.034589              15.034589
              1       6.9918559       1.2770641       1.1407471      0.08410085              -0               -0       13.983712              13.983712
              3       7.0552013       1.2385292       1.3011547     0.096638387              -0               -0       14.110403              14.110403
              3       6.4540052       1.2958789       1.2274335      0.07523838              -0               -0        12.90801               12.90801
              2       6.9903371       1.1367199       1.3018127      0.11037542              -0               -0       13.980674              13.980674
              4       6.1500112       1.0345764       1.4284382     0.069671886              -0               -0       12.300022              12.300022
             11       4.3272694       1.1647206        1.405014    0.0053828969              -0               -0       8.6545389              8.6545389
              6       4.6962471       1.1076168       1.5111032    -0.040858614              -0               -0       9.3924943              9.3924943
              1       4.3536561       1.0313128       1.5804305     -0.04381025              -0               -0       8.7073123              8.7073123
              5       5.0881454      0.99190177       1.6750673    -0.044555013              -0               -0       10.176291              10.176291
              1       6.3810227       1.2149667       1.2038517     0.073768674              -0               -0       12.762045              12.762045
              1       6.6914158        1.217903       1.2083551     0.099159674              -0               -0       13.382832              13.382832
              8       4.4988942       1.1323929        1.379987     0.049178513              -0               -0       8.9977883              8.9977883
              8       4.3291739       1.0743781       1.4618868     0.038217572              -0               -0       8.6583478              8.6583478
              3       4.4477783       1.1273623       1.4230067     0.041000759              -0               -0       8.8955566              8.8955566
              1       4.2172234       1.0733965       1.4617961     0.033236197              -0               -0       8.4344467              8.4344467
              3       4.3552752       1.0286504       1.5880075    -0.042914325              -0               -0       8.7105504              8.7105504
              7       4.1704975       1.0397357       1.5373755     0.015836819              -0               -0        8.340995               8.340995
              4       4.4200797       1.0252878       1.5829008      0.00603222              -0               -0       8.8401593              8.8401593
             15       4.3678212       1.1232692       1.4271096    -0.025130043              -0               -0       8.7356424              8.7356424
              1       4.9524327       1.1203035       1.4495757     0.047491984              -0               -0       9.9048655              9.9048655
              1       5.0749328        1.150974       1.4069796     0.054598272              -0               -0       10.149866              10.149866
              2       4.2474411       1.0871917       1.4234151    0.0037564791              -0               -0       8.4948823              8.4948823
              3       4.3560094       1.0859317       1.4149712     0.010467357              -0               -0       8.7120188              8.7120188
              3       3.9021545       1.0960433       1.4699646   -0.0094134659              -0               -0       7.8043091              7.8043091
              7       5.1393125      0.95741871       1.5864502     0.017174311              -0               -0       10.278625              10.278625
              6       4.9411559       1.0440335       1.4381277     0.024037838              -0               -0       9.8823118              9.8823118
              1       5.1908697       1.0504517       1.4191485     0.032836566              -0               -0       10.381739              10.381739
              3       5.7085651       1.0938027       1.3479397     0.022769299              -0               -0        11.41713               11.41713
              3       4.7923068       1.0657134       1.4233659     0.043881974              -0               -0       9.5846137              9.5846137
              3       5.6505647       1.1376283       1.3009595     0.062054149              -0               -0       11.301129              11.301129
              2       4.5236816       1.0679601       1.5243598     0.023631577              -0               -0       9.0473632              9.0473632
             13       4.5346107       1.0519549       1.5434388      0.02119669              -0               -0       9.0692214              9.0692214
              4       4.7844917       1.0941198       1.5254469    0.0094496673              -0               -0       9.5689833              9.5689833
              1       4.6951201      0.95461678       1.6586078    -0.038239033              -0               -0       9.3902403              9.3902403
              7       4.9857253      0.92898105       1.6834388    -0.030369075              -0               -0       9.9714507              9.9714507
              9       4.5449824        0.959617       1.6494675    -0.020609191              -0               -0       9.0899647              9.0899647
              2       5.1878433       1.1260684        1.513279    -0.038815716              -0               -0       10.375687              10.375687
              2       4.9707905       1.1240843       1.5049187    -0.038934542              -0               -0       9.9415809              9.9415809
              1       4.6978906         1.15657       1.4488469    -0.014740957              -0               -0       9.3957811              9.3957811
              2       4.6959238       1.1599175       1.4432334     -0.01353605              -0               -0       9.3918477              9.3918477
              1       5.0085411       1.0006185        1.511089     0.031707234              -0               -0       10.017082              10.017082
              3       5.0397595        1.034298       1.4534079    0.0031558984              -0               -0       10.079519              10.079519
              2       5.9610663       1.1504272       1.2814349     0.074461719              -0               -0       11.922133              11.922133
              2        5.230969       1.1843734       1.2813885     0.063223728              -0               -0       10.461938              10.461938
              2       5.1465596       1.0836844       1.3888661     0.057013735              -0               -0       10.293119              10.293119
              3       6.3362789       1.2145397       1.2085693     0.078833084              -0               -0       12.672558              12.672558
              3       4.5647403       1.1748745       1.3205551     0.027461236              -0               -0       9.1294807              9.1294807
              1       4.9219142       1.2016918       1.2837752     0.024767438              -0               -0       9.8438285              9.8438285
             10       6.3365998       1.1339826       1.2853485     0.024877692              -0               -0         12.6732                12.6732
              1       5.4124317       1.0954399       1.3619411    0.0093851921              -0               -0       10.824863              10.824863
              1       4.5129694       1.1675168       1.3419289    0.0053244317              -0               -0       9.0259388              9.0259388
              1       4.0129896       1.1150071       1.4188531     0.021514879              -0               -0       8.0259792              8.0259792
              4       4.5027045       1.1545439       1.3506901     0.045571577              -0               -0        9.005409               9.005409
              1       4.3422687       1.1384882       1.3862937     0.041290463              -0               -0       8.6845374              8.6845374
              6       4.6119783       1.0034776       1.5395155    -0.025053894              -0               -0       9.2239566              9.2239566
              1        5.939199      0.90832076       1.6890346     0.010764734              -0               -0       11.878398              11.878398
              1       5.6262062       1.0101336       1.6327822     0.011974203              -0               -0       11.252412              11.252412
              1       5.5433342       1.0119368         1.63106     0.010270965              -0               -0       11.086668              11.086668
              3       5.3064161       1.0209439       1.6091627      0.01546534              -0               -0       10.612832              10.612832
              1       5.3568569       1.0132428       1.6162295     0.016254996              -0               -0       10.713714              10.713714
              2       4.9117427       1.0626208       1.4159555     0.014571634              -0               -0       9.8234854              9.8234854
              1       4.5231695       1.0878379       1.4102202   0.00066246518              -0               -0       9.0463389              9.0463389
              4       4.2306854      0.99341973       1.6011873   -0.0065668055              -0               -0       8.4613708              8.4613708
              2       4.2710505      0.98769351       1.6211249    -0.021346908              -0               -0        8.542101               8.542101
             17       4.2149695       1.0025263       1.6104527     -0.01904967              -0               -0       8.4299389              8.4299389
             14       4.1307715       1.0181006       1.5613591    0.0064404339              -0               -0       8.2615431              8.2615431
              6       4.1142278       1.0398138       1.5511811    0.0060241653              -0               -0       8.2284555              8.2284555
              3       4.0149346       1.0530596       1.5357792     0.003235333              -0               -0       8.0298693              8.0298693
              2       3.9969956       1.0366993       1.5607994   -0.0097621065              -0               -0       7.9939912              7.9939912
              1       4.9844655      0.94712646       1.6182982     0.004513205              -0               -0       9.9689309              9.9689309
              3       5.0836518      0.95853027       1.5943149     0.018583243              -0               -0       10.167304              10.167304
              7       5.1389277      0.95261843       1.6303442     0.016117927              -0               -0       10.277855              10.277855
              1       4.9418272      0.95522939       1.5939153   -0.0036890567              -0               -0       9.8836544              9.8836544
              1       5.6168879      0.96503946       1.5421095     0.024969231              -0               -0       11.233776              11.233776
              1       5.4576287      0.96615095        1.574107     0.035973247              -0               -0       10.915257              10.915257
              4       4.6300308       1.0825145       1.5454896    -0.041966727              -0               -0       9.2600617              9.2600617
              3       4.6322535       1.1042087       1.5168998    -0.037543048              -0               -0       9.2645069              9.2645069
              3       4.3958122       1.1343918       1.3605247     0.028933402              -0               -0       8.7916245              8.7916245
              3       4.6198651       1.0645999       1.4278582    0.0092090005              -0               -0       9.2397303              9.2397303
              1       5.0484318       1.0937248       1.3794907    0.0044522828              -0               -0       10.096864              10.096864
              2       4.7761466       1.1406964       1.4007811    -0.031421304              -0               -0       9.5522933              9.5522933
              3       4.9805718        1.103948        1.449415    -0.047237501              -0               -0       9.9611436              9.9611436
              1       4.4838602       1.0990981         1.43977      -0.0287161              -0               -0       8.9677204              8.9677204
              3       5.0918372       1.1229932       1.4141506    -0.041493282              -0               -0       10.183674              10.183674
              5       4.3339115      0.99844955       1.5531103    -0.012526696              -0               -0        8.667823               8.667823
              2       4.3185794      0.99946253       1.5521521    -0.012059739              -0               -0       8.6371587              8.6371587
              2        4.581937      0.99769288       1.5313275   0.00074971233              -0               -0        9.163874               9.163874
              2       4.4428907      0.99928897       1.5389406   -0.0041738609              -0               -0       8.8857814              8.8857814
              2       4.4281798      0.99580241       1.5458839   -0.0018987182              -0               -0       8.8563596              8.8563596
              2       5.1452112      0.95180546       1.5888721   -0.0061548529              -0               -0       10.290422              10.290422
              3       5.1749543      0.98286576       1.5256454    0.0080694991              -0               -0       10.349909              10.349909
              6       5.3532677      0.97912367       1.5249282    0.0058308421              -0               -0       10.706535              10.706535
              2        5.464751      0.99130062       1.5015949     0.002778968              -0               -0       10.929502              10.929502
             11       4.7009049       1.0385758       1.4589343    0.0086801812              -0               -0       9.4018098              9.4018098
              1       6.7502102       1.1255433       1.3493019    -0.042680154              -0               -0        13.50042               13.50042
             12       6.7189133       1.1102502       1.3785973    -0.051183805              -0               -0       13.437827              13.437827
              4       7.4496111       1.1053521       1.3670447    -0.053866063              -0               -0       14.899222              14.899222
              4       5.4124084      0.97440238       1.6666392    0.0032286789              -0               -0       10.824817              10.824817
              1       5.5193006      0.95403687       1.6002528     0.031479988              -0               -0       11.038601              11.038601
              3       5.3657726      0.99259856       1.5487703     0.045984456              -0               -0       10.731545              10.731545
              1       6.0887897        1.035926       1.6252819    0.0073820121              -0               -0       12.177579              12.177579
              4        3.961229       1.0629818       1.5219433    0.0027569713              -0               -0        7.922458               7.922458
              4       6.7187267       1.1057353       1.5878512    -0.052323092              -0               -0       13.437453              13.437453
              1       5.8363414         1.24451       1.3530395   -0.0080000287              -0               -0       11.672683              11.672683
              1       6.1326617       1.2551976       1.3023947    -0.027149347              -0               -0       12.265323              12.265323
              1       6.6091171       1.1605368       1.2458807     0.075123642              -0               -0       13.218234              13.218234
              3       5.8774108       1.0148099         1.44609     0.032165993              -0               -0       11.754822              11.754822
              3        6.133546      0.93604347       1.6116811     0.037681729              -0               -0       12.267092              12.267092
              1       8.8022134      0.86654548       1.6324102     0.023897387              -0               -0       17.604427              17.604427
              1       9.3382362      0.85899333       1.6325475     0.021585985              -0               -0       18.676472              18.676472
              2       11.036044      0.85083837       1.6157653     0.050899114              -0               -0       22.072088              22.072088
              1       10.770868      0.85890339       1.6097487     0.057504049              -0               -0       21.541735              21.541735
              1       8.3048864      0.99921842       1.4108304      0.07337539              -0               -0       16.609773              16.609773
              2       6.2673866       1.0090584       1.4459523     0.047948929              -0               -0       12.534773              12.534773
              2       6.2664265       1.0258524       1.4193064     0.048189477              -0               -0       12.532853              12.532853
              1        10.50901      0.97061669        1.439696    -0.029109586              -0               -0        21.01802               21.01802
              2       9.6200117       1.1235884       1.2573016     -0.01976821              -0               -0       19.240023              19.240023
              3       5.7507141        1.095337       1.4618813     0.069147029              -0               -0       11.501428              11.501428
              2       5.4495371       1.0485433       1.5172804     0.055558192              -0               -0       10.899074              10.899074
              1        4.571646       1.1566985       1.3783088    -0.017397099              -0               -0       9.1432921              9.1432921
              1       4.4618435       1.1568634       1.3808199    -0.013705268              -0               -0       8.9236869              8.9236869
              2       5.3057238      0.94927736       1.6635145    -0.060594316              -0               -0       10.611448              10.611448
              1        5.755255      0.92961531       1.6813201     -0.06479916              -0               -0        11.51051               11.51051
              2       5.6379763       1.0141089       1.5087931    -0.044558521              -0               -0       11.275953              11.275953
              1       4.9560325       1.0504106       1.4990971    -0.047599087              -0               -0       9.9120651              9.9120651
              1       4.5828282       1.0623107       1.4773539     -0.03343211              -0               -0       9.1656564              9.1656564
              3       5.3653481       1.1292625       1.3714408      -0.0291504              -0               -0       10.730696              10.730696
              4       5.3661983       1.1267201        1.376939    -0.031241175              -0               -0       10.732397              10.732397
              9       4.9411209        1.174666       1.3338911     -0.01168267              -0               -0       9.8822419              9.8822419
              1       4.2474078       1.1621472        1.372071    0.0056239081              -0               -0       8.4948155              8.4948155
              2       5.1418234       1.0921344        1.368806     0.044872238              -0               -0       10.283647              10.283647
              6       4.8335915       1.0691559       1.4117226     0.038880458              -0               -0        9.667183               9.667183
              2       4.7807288       1.0346756        1.459108     0.017616267              -0               -0       9.5614577              9.5614577
              3        4.298633       1.0680788       1.4405458    0.0077038835              -0               -0        8.597266               8.597266
              4       4.8204932       1.0515877       1.4363179     0.035884262              -0               -0       9.6409864              9.6409864
              1       5.2561713       1.2081509       1.2601792     0.027019355              -0               -0       10.512343              10.512343
              2       5.2829033       1.1816374       1.2914853    0.0053955416              -0               -0       10.565807              10.565807
              1        5.263229        1.136838       1.3556064     -0.02005359              -0               -0       10.526458              10.526458
              4       6.0202294       1.1544029       1.3140593    -0.020076596              -0               -0       12.040459              12.040459
              1       4.0925653         1.08084       1.4805854     0.023599374              -0               -0       8.1851305              8.1851305
              1       4.2322843       1.0275065       1.5773031    -0.038507227              -0               -0       8.4645687              8.4645687
              1       4.3386941       1.0243855       1.5967076    -0.040312916              -0               -0       8.6773882              8.6773882
              3       5.0247222       1.1491548       1.4604438    -0.039679517              -0               -0       10.049444              10.049444
             10       5.4219886       1.1761046       1.3751102    -0.041415235              -0               -0       10.843977              10.843977
              6        5.346771       1.2094448       1.3475564     -0.02731291              -0               -0       10.693542              10.693542
              1       7.7402668       1.3456942       1.2190947    -0.013493712              -0               -0       15.480534              15.480534
              1       7.9587999       1.3130353       1.2987178    -0.030696154              -0               -0         15.9176                15.9176
              1         7.22722       1.3067531       1.2997855     0.014859989              -0               -0        14.45444               14.45444
              4       6.7130981       1.3201809       1.2302585     0.053377893              -0               -0       13.426196              13.426196
              2       7.5886799       1.3443966       1.2189577     0.062837448              -0               -0        15.17736               15.17736
              2       7.3486875       1.2917514       1.3145234     0.039204842              -0               -0       14.697375              14.697375
              1       4.7967666       1.1925101       1.3673067     0.034838354              -0               -0       9.5935333              9.5935333
              2         4.04605       1.1039139       1.4581057    -0.018344603              -0               -0       8.0920999              8.0920999
             16       5.2584453         1.04384       1.6199583    -0.056014625              -0               -0       10.516891              10.516891
              7       5.7740263       1.1682367        1.468093    -0.042658684              -0               -0       11.548053              11.548053
              1       5.2984543       1.1736864       1.3295093     0.075098635              -0               -0       10.596909              10.596909
              2       5.2933653       1.1770342        1.322542      0.07495338              -0               -0       10.586731              10.586731
              2       6.6737569       1.1856664       1.2736223      0.10979235              -0               -0       13.347514              13.347514
              2       6.2919627       1.1973723        1.274254      0.10114319              -0               -0       12.583925              12.583925
              1       7.1311158       1.2376695       1.2229124      0.11799955              -0               -0       14.262232              14.262232
              1       5.9008092        1.169548       1.3132058     0.092313874              -0               -0       11.801618              11.801618
              3       7.4574787       1.2456837       1.1421446     0.070207487              -0               -0       14.914957              14.914957
              1        6.669922       1.1877479       1.2562665    -0.010842789              -0               -0       13.339844              13.339844
              5       6.2082557       1.1613566       1.2931156    -0.012549564              -0               -0       12.416511              12.416511
              5        7.435993       1.1947214        1.222911   -0.0045064666              -0               -0       14.871986              14.871986
              4       7.0491892      0.91240393       1.6651385    -0.071500444              -0               -0       14.098378              14.098378
              1       5.0856304        1.003026       1.4955942    0.0088538704              -0               -0       10.171261              10.171261
              5       5.0982484       1.0009215       1.4984132    0.0090011862              -0               -0       10.196497              10.196497
              4       5.2638152       1.2561086       1.2655115     0.031352914              -0               -0        10.52763               10.52763
              4       4.3883129       1.1714987       1.3398771     0.024464394              -0               -0       8.7766258              8.7766258
              4        4.043039       1.0976539       1.4660943    -0.020143821              -0               -0       8.0860779              8.0860779
              1       5.1376031       1.1220111       1.4274047    -0.046995171              -0               -0       10.275206              10.275206
              2       6.0210463       1.0311089       1.4687248    -0.040690183              -0               -0       12.042093              12.042093
              7       8.1091866       1.0819143       1.4225946    -0.079977765              -0               -0       16.218373              16.218373
              2       5.2374659       1.0782429       1.4537805     0.065175799              -0               -0       10.474932              10.474932
              4       4.0007264        1.043821       1.5094136    -0.013056523              -0               -0       8.0014528              8.0014528
             11       3.9906619       1.0438014       1.5102745    -0.012790163              -0               -0       7.9813238              7.9813238
             10       3.9348058       1.0576506       1.4875531   -0.0019447563              -0               -0       7.8696116              7.8696116
              4       3.9156816       1.0392623       1.5424601    -0.015397271              -0               -0       7.8313632              7.8313632
              2        4.464159      0.99542081       1.6342685    -0.039688829              -0               -0       8.9283181              8.9283181
              1       4.5283173      0.99261899       1.6343363    -0.044953706              -0               -0       9.0566347              9.0566347
              3       7.2568371      0.96419106       1.7682356    -0.070062455              -0               -0       14.513674              14.513674
              1       7.7764216      0.98516146       1.7314588     -0.10272541              -0               -0       15.552843              15.552843
              1       4.3026932       1.1242245       1.4541301    -0.026706114              -0               -0       8.6053864              8.6053864
             13       4.5543473       1.0096958       1.5387162    -0.029033976              -0               -0       9.1086947              9.1086947
              1       5.2033927       1.1794773       1.3901352     0.047577166              -0               -0       10.406785              10.406785
              3       5.7685172       1.2833502       1.2567584     0.036405429              -0               -0       11.537034              11.537034
             10       5.2764342       1.2544085       1.2818596     0.017136354              -0               -0       10.552868              10.552868
              3       5.2530119       1.2520684       1.2844362     0.015020879              -0               -0       10.506024              10.506024
              2       5.1228154       1.2422261        1.303568       0.0156616              -0               -0       10.245631              10.245631
              4       5.5546718       1.1697852       1.4460406    -0.046026718              -0               -0       11.109344              11.109344
              1       4.6371741       1.1263327       1.4786241    -0.035998972              -0               -0       9.2743483              9.2743483
              2       4.6910303       1.1173125       1.4576118     -0.04260839              -0               -0       9.3820606              9.3820606
              2       5.0731972       1.1851435       1.3654791    -0.028614507              -0               -0       10.146394              10.146394
              2       6.0936695       1.1106474       1.4461085    -0.068902949              -0               -0       12.187339              12.187339
              2       7.5637164      0.96444097       1.7126245     0.014646556              -0               -0       15.127433              15.127433
              1       10.006349      0.79571863       1.8284105     0.014530196              -0               -0       20.012699              20.012699
              5       6.5608963      0.94488116       1.6910331     0.022735284              -0               -0       13.121793              13.121793
              5       6.6987335       1.0960018       1.4956031     0.067851031              -0               -0       13.397467              13.397467
              1       7.2244936       1.1005643       1.5646939     0.021730638              -0               -0       14.448987              14.448987
              2       4.8468882       1.0003866       1.6117881    -0.058851932              -0               -0       9.6937763              9.6937763
              2       4.7669128       1.1335764       1.3389671      0.03077462              -0               -0       9.5338256              9.5338256
              2       5.1477604       1.1522384       1.3125954     0.061952803              -0               -0       10.295521              10.295521
              4       4.7893679        1.154253       1.3323293     0.055476972              -0               -0       9.5787359              9.5787359
              1       4.2395724       1.0591713       1.5260444    -0.038074406              -0               -0       8.4791448              8.4791448
              1       4.1854536       1.0264906       1.5703365    -0.036124214              -0               -0       8.3709071              8.3709071
              1       5.0928321       1.0885111       1.5644905    -0.029957063              -0               -0       10.185664              10.185664
             10       4.6608801       1.0760609       1.4623275     0.049228991              -0               -0       9.3217601              9.3217601
              1        7.351772       1.0353536       1.4534269     -0.05848062              -0               -0       14.703544              14.703544
              5       8.5959396       0.9800283       1.6179467     -0.11286649              -0               -0       17.191879              17.191879
              3       8.2765036      0.97849288       1.6205737     -0.10944719              -0               -0       16.553007              16.553007
              4       9.5807297      0.99265853       1.6605312     -0.13194215              -0               -0       19.161459              19.161459
              1       10.438408       1.2830324       1.1340585    -0.040478054              -0               -0       20.876816              20.876816
              1       10.819179       1.2828215       1.1398758    -0.049532152              -0               -0       21.638359              21.638359
              1       9.2439566      0.95567318       1.6205213     -0.11087482              -0               -0       18.487913              18.487913
              2       9.4513795       1.0853601       1.6462889     -0.10457776              -0               -0       18.902759              18.902759
              1       6.2990856       1.1226634       1.5450956    -0.062319471              -0               -0       12.598171              12.598171
              5       6.6866037      0.89164324       1.8139597    -0.057256832              -0               -0       13.373207              13.373207
              4       3.9188706       1.0615553       1.5289014    -0.012388949              -0               -0       7.8377413              7.8377413
              2       3.8842397       1.0707242       1.5119738   -0.0067484455              -0               -0       7.7684794              7.7684794
              3       5.1342077      0.98212551       1.6817809    -0.054986318              -0               -0       10.268415              10.268415
              4       4.0202531        1.046531       1.5385637    -0.027399046              -0               -0       8.0405061              8.0405061
              2       3.8636962       1.0772533       1.4857263   -0.0089313371              -0               -0       7.7273924              7.7273924
              6       4.5602091       1.0987066       1.4305407    -0.026321274              -0               -0       9.1204183              9.1204183
              1       4.2522865        1.037069       1.5243777    -0.030731038              -0               -0       8.5045731              8.5045731
              1       4.1056613        1.044513       1.5125641     -0.02277939              -0               -0       8.2113227              8.2113227
              4       4.5571361       1.0976128       1.5297242    -0.019034739              -0               -0       9.1142722              9.1142722
              9       4.2054578       1.0673227       1.5214445     0.014376297              -0               -0       8.4109157              8.4109157
              2       5.2049466       1.0554318       1.5823294    0.0080234456              -0               -0       10.409893              10.409893
              1       5.6466773      0.97965127       1.6153231     0.034598063              -0               -0       11.293355              11.293355
              9       5.2042012      0.97224365       1.6176009     0.024604637              -0               -0       10.408402              10.408402
              1       5.6845919      0.96029843       1.6052273     0.037765991              -0               -0       11.369184              11.369184
              3       5.2440318      0.95596391       1.5997043     0.023677723              -0               -0       10.488064              10.488064
              1       4.5444883      0.98094201       1.5865515     0.010969313              -0               -0       9.0889767              9.0889767
              1       6.4759503        1.020763       1.4669568     0.080026324              -0               -0       12.951901              12.951901
              2       6.3112018       1.1606955       1.3407606     0.099050355              -0               -0       12.622404              12.622404
              1       7.2082187       1.1096079       1.2846397     0.037500267              -0               -0       14.416437              14.416437
              1       6.8252784      0.93781521       1.5888341    -0.047460265              -0               -0       13.650557              13.650557
              2        6.234305      0.99459232       1.5450777    -0.062148398              -0               -0        12.46861               12.46861
              5       6.5988446      0.86524371       1.7554036    -0.051074508              -0               -0       13.197689              13.197689
              4       7.2482212      0.85380857       1.7665536    -0.062174398              -0               -0       14.496442              14.496442
              6       8.5530455       1.0026291       1.3962109     0.068324379              -0               -0       17.106091              17.106091
              1       8.4330647        1.097197       1.2736128     0.032242706              -0               -0       16.866129              16.866129
              1       8.9665766       1.2610781       1.0885791     0.088135204              -0               -0       17.933153              17.933153
              4        8.637599        1.065662       1.3037664     0.073099356              -0               -0       17.275198              17.275198
              1       6.7892787      0.99299968       1.4519145     0.036300812              -0               -0       13.578557              13.578557
             16        6.530255        1.020119       1.4231736     0.012104569              -0               -0        13.06051               13.06051
              1       5.2019361      0.95072904       1.6998936    -0.018416294              -0               -0       10.403872              10.403872
              2       5.8024274       1.1469879       1.5065452    -0.038026673              -0               -0       11.604855              11.604855
              1       7.6038309      0.93470524       1.7889811    -0.030885481              -0               -0       15.207662              15.207662
              1       6.1941986      0.92782238        1.742142     -0.01134645              -0               -0       12.388397              12.388397
              2       6.7354338      0.96352724       1.6979125     0.013219189              -0               -0       13.470868              13.470868
              4       5.6599537      0.97019752       1.6662201     0.011236375              -0               -0       11.319907              11.319907
              1       4.8257518       1.0655084       1.5511244    -0.056902872              -0               -0       9.6515036              9.6515036
              2       4.5572308       1.1218605       1.4893229    -0.030437055              -0               -0       9.1144617              9.1144617
              5       3.9573603       1.0823889       1.4548554     0.016860602              -0               -0       7.9147206              7.9147206
              3       3.9212506       1.0886211       1.4523365     0.014233277              -0               -0       7.8425012              7.8425012
              2       5.0530701       1.1663679       1.3547556     0.065702826              -0               -0        10.10614               10.10614
              3       4.9852765       1.1512078       1.3526466     0.066736063              -0               -0       9.9705531              9.9705531
              6       5.1060651       1.1548062       1.3492887     0.070386672              -0               -0        10.21213               10.21213
              2       4.7974512       1.1310888       1.3877971     0.060031452              -0               -0       9.5949024              9.5949024
              1       8.3452003        1.324222       1.2086569    -0.040532176              -0               -0       16.690401              16.690401
              5       8.9146852       1.3143552       1.2837133     -0.05819895              -0               -0        17.82937               17.82937
              5        8.954918       1.3067212       1.2898418    -0.062832998              -0               -0       17.909836              17.909836
              2       7.7754623       1.3027456       1.2914023    -0.040101168              -0               -0       15.550925              15.550925
              5        6.242592       1.0571093       1.5548795    -0.086295298              -0               -0       12.485184              12.485184
              1       5.7377124      0.90720065       1.7378865    -0.059596905              -0               -0       11.475425              11.475425
              1       5.2097052      0.99133452       1.6621275    -0.010042574              -0               -0        10.41941               10.41941
              2       4.9070431       1.0111788       1.6329833    -0.008788457              -0               -0       9.8140861              9.8140861
              3        4.841831       1.0164824       1.6247078   -0.0076713461              -0               -0       9.6836621              9.6836621
              4       6.6121292       1.2346249       1.2880702    -0.040583194              -0               -0       13.224258              13.224258
              3       8.2676121       1.1513588       1.5607841    -0.049154127              -0               -0       16.535224              16.535224
              3       5.4281642       1.0710597       1.5977309    -0.033158745              -0               -0       10.856328              10.856328
              4       4.8193411       1.0336853       1.6129245    -0.051384468              -0               -0       9.6386821              9.6386821
              4       4.9180013      0.95612818       1.6832363    -0.049858029              -0               -0       9.8360027              9.8360027
              3       5.6200684      0.93448912       1.7158241    -0.068256264              -0               -0       11.240137              11.240137
              2       5.3843568      0.95062358       1.6976111    -0.065820966              -0               -0       10.768714              10.768714
              1       7.0221599       1.0016369       1.5032255    -0.057447677              -0               -0        14.04432               14.04432
              2       4.8820946       1.1617524       1.3873348    -0.030939004              -0               -0       9.7641892              9.7641892
              2       6.6070481       1.2074203       1.3279709    -0.052783711              -0               -0       13.214096              13.214096
              2       6.0922353       1.1960879         1.33952    -0.046169076              -0               -0       12.184471              12.184471
              3       4.6331676      0.95840888       1.6154714   -0.0099161193              -0               -0       9.2663351              9.2663351
              2       4.4430054      0.99893374       1.5409987     0.010339922              -0               -0       8.8860107              8.8860107
              3       4.4231677       1.0006022       1.5377011    0.0077602529              -0               -0       8.8463355              8.8463355
              1       4.6403933       1.1250136       1.4006769     -0.02363257              -0               -0       9.2807866              9.2807866
              2       4.2848856       1.1192344       1.4611868    -0.027645837              -0               -0       8.5697712              8.5697712
              6       4.0773743       1.1039877        1.474088     -0.02169828              -0               -0       8.1547485              8.1547485
              1       5.4296929       1.2652122       1.2437646     0.040281395              -0               -0       10.859386              10.859386
              5       6.4857891       1.2961678       1.2548119     0.060321401              -0               -0       12.971578              12.971578
              3       5.6789338       1.2208623       1.2389277     0.074159147              -0               -0       11.357868              11.357868
              4       5.4151074       1.2207439       1.2438107     0.059347238              -0               -0       10.830215              10.830215
              4       9.6153094      0.97915501       1.4649917       0.1140096              -0               -0       19.230619              19.230619
              1       8.6279132      0.94491144       1.4864793     0.052161661              -0               -0       17.255826              17.255826
              3       8.7838891      0.97734409       1.4295681     0.062855676              -0               -0       17.567778              17.567778
              3       6.7361849      0.92705466       1.7093995     0.020726086              -0               -0        13.47237               13.47237
              3        5.364534      0.97812563       1.5583818     0.039424974              -0               -0       10.729068              10.729068
              6       4.6468947       1.0071427       1.6028005    0.0095216593              -0               -0       9.2937894              9.2937894
              1       5.1100714      0.94240593        1.657574    0.0047850441              -0               -0       10.220143              10.220143
              5       5.7935319       0.9163339       1.6485483     0.012746773              -0               -0       11.587064              11.587064
              1       8.0378289       0.8561875       1.7979335     0.008058578              -0               -0       16.075658              16.075658
              1       6.7651334      0.94776132       1.6682486     0.036693245              -0               -0       13.530267              13.530267
              1       7.1401968      0.97623539       1.6908733     0.017135625              -0               -0       14.280394              14.280394
              3       7.4368208       0.9742756       1.6946191     0.019932162              -0               -0       14.873642              14.873642
              3       6.8764426      0.94763386       1.6419324     0.048958653              -0               -0       13.752885              13.752885
              5       6.9535032      0.97362433       1.5936622     0.064533869              -0               -0       13.907006              13.907006
              4       6.9748057      0.90689182       1.7224629     0.021759283              -0               -0       13.949611              13.949611
              1       6.4210285      0.93020142       1.7463842    -0.010722585              -0               -0       12.842057              12.842057
              1       6.3309857      0.91846373       1.7608452    -0.018817541              -0               -0       12.661971              12.661971
              1       6.3451612      0.92924078       1.7583901    -0.023322324              -0               -0       12.690322              12.690322
              2       4.5853042        1.165334       1.3363087     0.006759891              -0               -0       9.1706085              9.1706085
              5       4.6067552       1.1608743       1.4197332    -0.023567167              -0               -0       9.2135105              9.2135105
              4       4.0105226       1.0673911       1.4987315     0.016579253              -0               -0       8.0210451              8.0210451
              5       4.4288012       1.1694997       1.4018073   -0.0068108773              -0               -0       8.8576025              8.8576025
              3       4.5117193       1.0921954        1.515798    -0.042239071              -0               -0       9.0234386              9.0234386
              1        4.379517       1.0911135       1.5080531    -0.038769533              -0               -0       8.7590339              8.7590339
              2       4.3497812       1.0978028       1.4997229    -0.035862438              -0               -0       8.6995624              8.6995624
              3       4.2366168       1.0623064       1.5448988    -0.036559594              -0               -0       8.4732335              8.4732335
              1        4.174662       1.0340168       1.5800799    -0.031699336              -0               -0       8.3493239              8.3493239
              3       4.0062327       1.0419976       1.5047869   -0.0062579469              -0               -0       8.0124653              8.0124653
              2       4.0900555       1.1374928       1.4026276   3.2055142e-05              -0               -0       8.1801109              8.1801109
              4       5.0123466       1.1612775       1.3681776    -0.028360199              -0               -0       10.024693              10.024693
              7       5.8063848       1.2029449       1.3508677    -0.042072751              -0               -0        11.61277               11.61277
              4       6.9170114       1.2104449       1.3933924    -0.064679814              -0               -0       13.834023              13.834023
              1       7.6481423       1.2577914        1.263318      0.11342242              -0               -0       15.296285              15.296285
              1        7.858282       1.1511385       1.4237371     0.094406396              -0               -0       15.716564              15.716564
              1       7.6578642       1.0422205       1.4140602      0.10612007              -0               -0       15.315728              15.315728
              3       9.1922991       0.8502732       1.6555746    0.0028433514              -0               -0       18.384598              18.384598
              1       9.3413462      0.85876394       1.6322334     0.016785888              -0               -0       18.682692              18.682692
              3       9.1983174      0.82681968       1.7438026     0.026946527              -0               -0       18.396635              18.396635
              3         4.95507      0.94996758         1.61591     0.006306612              -0               -0         9.91014                9.91014
              9       4.6202469       1.0611366       1.4340596    0.0052823962              -0               -0       9.2404937              9.2404937
              3       4.0401253       1.0848821       1.4389855    0.0074479819              -0               -0       8.0802507              8.0802507
              1       4.7224018        1.056241       1.4991328    -0.044421407              -0               -0       9.4448035              9.4448035
              5       5.1912021       1.0332827       1.4975546    -0.042259695              -0               -0       10.382404              10.382404
              1       4.6633197       1.1640362       1.4349161   -0.0077539475              -0               -0       9.3266395              9.3266395
              2       5.4289232       1.0473821       1.5593101     0.035505288              -0               -0       10.857846              10.857846
              2       4.8837513       1.2166402       1.2820498     0.029458639              -0               -0       9.7675026              9.7675026
              1       5.6565217       1.2498911       1.2443511    0.0058471277              -0               -0       11.313043              11.313043
              2       6.1800386       1.0604108       1.4248902    -0.037719941              -0               -0       12.360077              12.360077
              1       5.9955904       1.1351186        1.338672    -0.025710922              -0               -0       11.991181              11.991181
              2       5.5384762       1.1361113       1.3119362     0.015803784              -0               -0       11.076952              11.076952
              3       5.5545188       1.1403432       1.3060841     0.018004871              -0               -0       11.109038              11.109038
              5       4.5927237        1.138515       1.3491202     0.044244448              -0               -0       9.1854475              9.1854475
              4       4.5243059       1.1409981       1.3525401     0.043469056              -0               -0       9.0486119              9.0486119
              2       4.4117593       1.0757973       1.4500802     0.041956775              -0               -0       8.8235186              8.8235186
              5       4.9015624      0.97413793       1.5963805    -0.041821328              -0               -0       9.8031248              9.8031248
              3       5.8518921      0.93905924       1.6748113    -0.071024269              -0               -0       11.703784              11.703784
              1       6.0974979      0.93431728       1.6667276    -0.070921769              -0               -0       12.194996              12.194996
              1       5.3731652      0.93411146       1.6500938     -0.04503401              -0               -0        10.74633               10.74633
              4       4.7703375      0.97583915       1.6172866    -0.047603261              -0               -0       9.5406749              9.5406749
              2       4.3260793       1.0430797       1.5475089    -0.042473613              -0               -0       8.6521586              8.6521586
              1       4.5109059        1.157498       1.3728367    -0.012490849              -0               -0       9.0218117              9.0218117
              3        9.093404       1.1274098       1.3709362     -0.08773885              -0               -0       18.186808              18.186808
              5       6.8720203       1.1043475       1.3428574    -0.025328781              -0               -0       13.744041              13.744041
              6       6.0005439       1.0480892       1.4414937    -0.035467225              -0               -0       12.001088              12.001088
              3       6.6979905        1.054823       1.4623467    -0.065438862              -0               -0       13.395981              13.395981
              1       7.3959541       1.0722339       1.4796346    -0.088872277              -0               -0       14.791908              14.791908
              1       7.0447861       1.0723462       1.4844934    -0.085763816              -0               -0       14.089572              14.089572
              2        6.839212       1.1606268       1.3626295    -0.063270342              -0               -0       13.678424              13.678424
              3       4.2769819      0.98614346       1.5915417    -0.018930273              -0               -0       8.5539637              8.5539637
              8       4.6638093        0.968165       1.5976164    -0.024548139              -0               -0       9.3276187              9.3276187
              2       4.2248735       1.0003831       1.5563886   -0.0026065637              -0               -0       8.4497469              8.4497469
              1       4.1175013       1.0011801       1.5750924   -0.0089585681              -0               -0       8.2350026              8.2350026
              7       4.0216962       1.0141768       1.5602166   -0.0093655716              -0               -0       8.0433925              8.0433925
              1       6.5586298        1.153995       1.3427861    -0.048477965              -0               -0        13.11726               13.11726
              3       8.2266055       1.3838931       1.0790412     0.029148351              -0               -0       16.453211              16.453211
              2       7.1883057        1.335409       1.1633397    0.0055832708              -0               -0       14.376611              14.376611
              1       9.5441091        1.286845       1.0944412     0.005612987              -0               -0       19.088218              19.088218
              1       9.1022245      0.86300132       1.6527472    -0.036952972              -0               -0       18.204449              18.204449
              1       4.6901681       1.1788217       1.3529241    -0.011946074              -0               -0       9.3803361              9.3803361
              1        4.656546       1.1261824       1.4790779     0.012343001              -0               -0       9.3130921              9.3130921
              7       6.5891713        1.205833       1.2768653      0.10702948              -0               -0       13.178343              13.178343
              5        6.483511       1.1455235       1.3803084     0.095498149              -0               -0       12.967022              12.967022
              1       5.3803202       1.1272521       1.5208552    -0.017991488              -0               -0        10.76064               10.76064
              4        4.375599        1.173134       1.3891911   0.00026588536              -0               -0        8.751198               8.751198
              1       5.0099189       1.0152737        1.611725    -0.064559863              -0               -0       10.019838              10.019838
              1       4.7463124       0.9574986       1.6785643    -0.036358057              -0               -0       9.4926248              9.4926248
              1       5.3338512       1.0159679        1.619382     0.011759052              -0               -0       10.667702              10.667702
              3       5.5020125       1.2358467       1.3530281    0.0090065371              -0               -0       11.004025              11.004025
              5       5.1409822       1.1640253       1.4546769    -0.029006157              -0               -0       10.281964              10.281964
              4       4.7814729       1.1564739       1.4450028     0.010988969              -0               -0       9.5629457              9.5629457
              1       5.0100111       1.0062318       1.5538511     0.039029242              -0               -0       10.020022              10.020022
              2       5.5099415      0.94556748       1.6699712     0.012236759              -0               -0       11.019883              11.019883
