#        weight    minuslogpost              a0              a1              a2   minuslogprior minuslogprior__0            chi2 chi2__likelihoods.EmulLike
              1       4.9484822       1.0058688       1.5061634    -0.012841137              -0               -0       9.8969644                  9.8969644
              1       4.5766802       1.0015441       1.5251568   -0.0062457104              -0               -0       9.1533604                  9.1533604
              1       4.2609789       1.0117568       1.5254906  -0.00051051601              -0               -0       8.5219578                  8.5219578
              1       6.3054039       0.9908487       1.4833952    -0.012234503              -0               -0       12.610808                  12.610808
              2       6.0886014      0.99102494        1.478549    0.0048516646              -0               -0       12.177203                  12.177203
              3       7.3786441      0.96023972       1.4908805     0.051014501              -0               -0       14.757288                  14.757288
              1       6.4194202      0.98149534       1.4816482     0.043074965              -0               -0        12.83884                   12.83884
              1       6.2075091      0.97862062       1.4897741     0.025929769              -0               -0       12.415018                  12.415018
              1       5.8383314      0.98256948       1.4966375      0.02852057              -0               -0       11.676663                  11.676663
              1       5.2970144       1.0094597       1.4955294     0.049428082              -0               -0       10.594029                  10.594029
              1       5.5279953       1.0117767       1.4674913     0.044962084              -0               -0       11.055991                  11.055991
              1       5.0558252        1.020054       1.4698511     0.034441278              -0               -0        10.11165                   10.11165
              1       4.8776729       1.0285607       1.4953286     0.047059297              -0               -0       9.7553457                  9.7553457
              1       3.9824813       1.0428075       1.5073772     0.013126543              -0               -0       7.9649626                  7.9649626
              1       4.0151502       1.0363957       1.5103318     0.011483627              -0               -0       8.0303005                  8.0303005
              1        4.232147       1.0579771       1.4928413     0.031125726              -0               -0       8.4642939                  8.4642939
              1       4.3856728       1.0535942        1.493563     0.036583986              -0               -0       8.7713457                  8.7713457
              1       6.1642463       1.0193495       1.4298837     0.017505878              -0               -0       12.328493                  12.328493
              1       7.5579891       1.0119171       1.4045194     0.066024817              -0               -0       15.115978                  15.115978
              2       8.5684107       0.9908245       1.4101445     0.065734347              -0               -0       17.136821                  17.136821
              1       8.5756722      0.99434182       1.4099468      0.07719468              -0               -0       17.151344                  17.151344
              1       5.4668589       1.0581814       1.4065039     0.057542165              -0               -0       10.933718                  10.933718
              1       5.0713702       1.0595923       1.4325707     0.057558643              -0               -0        10.14274                   10.14274
              5       4.3318319       1.0835284       1.4268514     0.037783022              -0               -0       8.6636638                  8.6636638
              1       4.3061486       1.1183886       1.4305238     0.037695859              -0               -0       8.6122973                  8.6122973
              1       4.1922945       1.1112253       1.4291043     0.035354324              -0               -0       8.3845889                  8.3845889
              2       5.4945012       1.0974858       1.4377013     0.072174879              -0               -0       10.989002                  10.989002
              2       5.0997758       1.0966149          1.4287     0.065754006              -0               -0       10.199552                  10.199552
              1       5.0779956       1.0835774       1.4304779     0.065029931              -0               -0       10.155991                  10.155991
              2       4.7896697       1.0672306       1.4577057     0.054073831              -0               -0       9.5793394                  9.5793394
              2       4.8418189       1.0775811       1.4640281     0.054342773              -0               -0       9.6836378                  9.6836378
              1       4.4158072       1.0743601       1.4761626     0.039919417              -0               -0       8.8316143                  8.8316143
              1       5.9340458       1.0685401       1.5038102     0.064479331              -0               -0       11.868092                  11.868092
              1       4.2642324       1.1050883       1.4943347    -0.029595936              -0               -0       8.5284647                  8.5284647
              1       4.4070709        1.125672       1.4823578    -0.020392823              -0               -0       8.8141419                  8.8141419
              1       4.7618451       1.0946494       1.4242764    -0.026595042              -0               -0       9.5236901                  9.5236901
              2       4.8285348       1.0944779       1.4250856     -0.02889328              -0               -0       9.6570696                  9.6570696
              1       3.9810001       1.0958724        1.462136    -0.015952291              -0               -0       7.9620002                  7.9620002
              1       4.9113261       1.0841593       1.4439242    -0.036288407              -0               -0       9.8226522                  9.8226522
              5       5.1190881       1.0537855       1.4317715   -0.0079106395              -0               -0       10.238176                  10.238176
              1       5.3559722       1.0358954        1.430982     0.022996602              -0               -0       10.711944                  10.711944
              2       4.9301677       1.0340271       1.4505971     0.022416221              -0               -0       9.8603353                  9.8603353
              2       4.8435591        1.039884       1.4460237     0.022989507              -0               -0       9.6871182                  9.6871182
              1       5.1813131       1.0354002       1.4394379     0.016259179              -0               -0       10.362626                  10.362626
              1       4.5515361       1.0447265       1.4565133    0.0058969526              -0               -0       9.1030723                  9.1030723
              1       4.3597814       1.0478273       1.4600942     0.014588599              -0               -0       8.7195628                  8.7195628
              1       4.1504422       1.0668237       1.4485039     0.012586701              -0               -0       8.3008845                  8.3008845
              1       4.2233761       1.0654931       1.4448197     0.015936087              -0               -0       8.4467521                  8.4467521
              1       4.6018264       1.0677174       1.4291881  -0.00037434626              -0               -0       9.2036528                  9.2036528
              1       3.9362403       1.1173339       1.4228989     0.012419593              -0               -0       7.8724806                  7.8724806
              1       4.1341655       1.1042567       1.4148988     0.030645228              -0               -0       8.2683311                  8.2683311
              2       4.1383289       1.1049792       1.4123401     0.030040524              -0               -0       8.2766578                  8.2766578
              1       4.1988482       1.1265984       1.4000926     0.035592528              -0               -0       8.3976964                  8.3976964
              1        4.470402       1.1395899       1.4231632     0.035897149              -0               -0        8.940804                   8.940804
              1       5.6991333       1.1330007       1.4264395     0.068782611              -0               -0       11.398267                  11.398267
              1       5.0062738       1.1352689        1.404702     0.061226753              -0               -0       10.012548                  10.012548
              1       5.2640355       1.1247936       1.4001167      0.07127356              -0               -0       10.528071                  10.528071
              1         4.93688       1.1169916       1.4018545     0.063931881              -0               -0         9.87376                    9.87376
              1       5.0432585       1.1151681       1.4054815     0.066388765              -0               -0       10.086517                  10.086517
              1       3.9906406       1.1085085       1.4312958     0.023337396              -0               -0       7.9812812                  7.9812812
              6       4.6506567       1.0701662       1.4147303     0.019335652              -0               -0       9.3013133                  9.3013133
              1       4.1218065       1.0853337       1.4288315     0.021191216              -0               -0       8.2436131                  8.2436131
              1       4.5294337       1.0674892       1.4257175     0.031244213              -0               -0       9.0588675                  9.0588675
              1       4.6331047       1.0772502       1.4296985     0.049803633              -0               -0       9.2662093                  9.2662093
              1       4.5892204       1.0654272       1.4815901     0.044891008              -0               -0       9.1784407                  9.1784407
              3       5.0311338       1.0630843        1.462428     0.059704813              -0               -0       10.062268                  10.062268
              1       6.4581459       1.0475155       1.4333097     0.088018158              -0               -0       12.916292                  12.916292
              1       5.7135055       1.0549426       1.4055873     0.063591496              -0               -0       11.427011                  11.427011
              1       5.5808141       1.0883621       1.4017899     0.078062618              -0               -0       11.161628                  11.161628
              1       4.7235729       1.0895269       1.3953175     0.046766241              -0               -0       9.4471459                  9.4471459
              1       6.6037204       1.0903783       1.3214094     0.062082783              -0               -0       13.207441                  13.207441
              1       6.9596461       1.0820207       1.3212553     0.061803591              -0               -0       13.919292                  13.919292
              1       6.5290443       1.0860989       1.3369365     0.076097131              -0               -0       13.058089                  13.058089
              1       5.2920328       1.0849099       1.3690096     0.041249407              -0               -0       10.584066                  10.584066
              1       5.9397456       1.0648905       1.3715023     0.044226651              -0               -0       11.879491                  11.879491
              1       5.2061775       1.0873681       1.3897881     0.064155767              -0               -0       10.412355                  10.412355
              1       5.6821666        1.089007       1.3754605     0.075453458              -0               -0       11.364333                  11.364333
              1        5.219364       1.1029374       1.3691967     0.065488973              -0               -0       10.438728                  10.438728
              1       5.5106012       1.1041398       1.3579128     0.071668463              -0               -0       11.021202                  11.021202
              1       5.3667731       1.1066806       1.3553156     0.066431518              -0               -0       10.733546                  10.733546
              1       5.9746793       1.1600117       1.3709281     0.084563241              -0               -0       11.949359                  11.949359
              1       5.6909057       1.1349038       1.3460771     0.085206593              -0               -0       11.381811                  11.381811
              1       5.4900973       1.1273972        1.353512     0.079435279              -0               -0       10.980195                  10.980195
              1       5.3568815       1.1287882       1.3520097     0.075690715              -0               -0       10.713763                  10.713763
              1       4.4264059       1.1537252       1.3721839     0.043592701              -0               -0       8.8528118                  8.8528118
              2       4.4105871       1.1205106       1.4153267      0.04490434              -0               -0       8.8211743                  8.8211743
              1       4.3920786       1.1197125       1.4149533      0.04445048              -0               -0       8.7841571                  8.7841571
              1        4.482186       1.1213797       1.4060625     0.048833061              -0               -0        8.964372                   8.964372
              1       5.0752487        1.108182       1.4124409     0.066793406              -0               -0       10.150497                  10.150497
              4       5.3177573       1.1074183       1.4043789     0.073658027              -0               -0       10.635515                  10.635515
              1       5.2449288       1.1240493       1.4045512     0.069984715              -0               -0       10.489858                  10.489858
              1       5.4024788        1.123773       1.4187826     0.069400799              -0               -0       10.804958                  10.804958
              2       4.6340695       1.1198477       1.3902885     0.054970093              -0               -0       9.2681389                  9.2681389
              2        4.794763       1.0956049        1.393846     0.054539846              -0               -0        9.589526                   9.589526
              1       5.2154084       1.1311089       1.3749925     0.073022773              -0               -0       10.430817                  10.430817
              1       4.8389053       1.1402574       1.3804527     0.061019154              -0               -0       9.6778106                  9.6778106
              1        5.015802       1.1145002        1.416348     0.063766661              -0               -0       10.031604                  10.031604
              1       4.1098348       1.1195835       1.4225755     0.030060497              -0               -0       8.2196696                  8.2196696
              2       4.1031129        1.119007       1.4221741     0.029899414              -0               -0       8.2062259                  8.2062259
              1       3.9180501        1.114759       1.4296116     0.012035467              -0               -0       7.8361002                  7.8361002
              1       4.0757711       1.1308228       1.4060793   -0.0015818903              -0               -0       8.1515422                  8.1515422
              1         4.17428       1.1259003       1.3974268     0.033662937              -0               -0       8.3485601                  8.3485601
              1       4.1735689       1.1253319       1.3958661     0.033200405              -0               -0       8.3471378                  8.3471378
              1       4.1786647       1.1303252       1.3939782     0.033434337              -0               -0       8.3573295                  8.3573295
              1       4.0661049       1.1368553       1.4313731    0.0072467999              -0               -0       8.1322097                  8.1322097
              1       4.7021642       1.1691469       1.4269121    0.0089287996              -0               -0       9.4043283                  9.4043283
              2       4.4751653       1.1683987        1.415026   -0.0082306715              -0               -0       8.9503306                  8.9503306
              1       4.7854671       1.1861181       1.4073132   -0.0063582344              -0               -0       9.5709341                  9.5709341
              1       4.7808185       1.1852983       1.4035008    -0.014303897              -0               -0        9.561637                   9.561637
              1         4.16513        1.157034       1.3802453    0.0076501149              -0               -0         8.33026                    8.33026
              1       4.1656773       1.1603742       1.3806539     0.012383199              -0               -0       8.3313546                  8.3313546
              3       4.1199432       1.1519256       1.3953531     0.017076775              -0               -0       8.2398863                  8.2398863
              1       3.9826947       1.1194045       1.4465307   -0.0086536651              -0               -0       7.9653895                  7.9653895
              2        4.076378       1.1350396       1.4387901   -0.0022061096              -0               -0        8.152756                   8.152756
              2       3.9906822        1.125214       1.4327624     0.014384038              -0               -0       7.9813644                  7.9813644
              1       4.1160119       1.1369527       1.4311522     0.014110847              -0               -0       8.2320238                  8.2320238
              3       4.1866494       1.1360586       1.4297409     -0.01598594              -0               -0       8.3732988                  8.3732988
              2       4.3005869       1.1374765       1.4343476    -0.021964275              -0               -0       8.6011739                  8.6011739
              1       4.4879331       1.1342621       1.4575228    -0.030573918              -0               -0       8.9758663                  8.9758663
              2        4.791022       1.1468765       1.4578348    -0.034443739              -0               -0        9.582044                   9.582044
              1       4.9246708       1.1541315       1.4479549    -0.037293046              -0               -0       9.8493415                  9.8493415
              1       8.1956015       1.0879161       1.4261047    -0.084082916              -0               -0       16.391203                  16.391203
              2       4.3392695       1.1320093       1.4679665    -0.016747588              -0               -0       8.6785391                  8.6785391
              1       3.9146305        1.091191       1.4937089   -0.0082179698              -0               -0       7.8292611                  7.8292611
              1       4.0919652       1.0842911       1.5213976     -0.01105429              -0               -0       8.1839305                  8.1839305
              2       4.2808869       1.0911295       1.5217815   -0.0054338094              -0               -0       8.5617738                  8.5617738
              1       5.5835896       1.0902103       1.5187598     0.039588389              -0               -0       11.167179                  11.167179
              2       4.4084796       1.1152103       1.4041051     0.046357817              -0               -0       8.8169593                  8.8169593
              1       4.9502539       1.1519916       1.4041996     0.052641537              -0               -0       9.9005077                  9.9005077
              1       5.6770829       1.1497701       1.3945324      0.07431137              -0               -0       11.354166                  11.354166
              5       4.6968349       1.1643554       1.3401225     0.054253757              -0               -0       9.3936699                  9.3936699
              4       4.0865586       1.1399378       1.4265441    0.0096531859              -0               -0       8.1731173                  8.1731173
              3       4.4436745       1.1506342       1.4453408  -0.00052885407              -0               -0       8.8873491                  8.8873491
              1       4.8448512       1.1958384        1.381583    -0.015087267              -0               -0       9.6897024                  9.6897024
              1       5.4256896       1.1411602       1.3592356     0.078963981              -0               -0       10.851379                  10.851379
              1       5.2916671        1.133295       1.3657345     0.075399562              -0               -0       10.583334                  10.583334
              4       5.1328999       1.1245456       1.3486755     0.065322423              -0               -0         10.2658                    10.2658
              2       5.1992762       1.1183061       1.3355674      0.02879986              -0               -0       10.398552                  10.398552
              3       5.0922846       1.1123899       1.3471973     0.024004345              -0               -0       10.184569                  10.184569
              1       4.4532534       1.1224473       1.3766463     0.043856835              -0               -0       8.9065068                  8.9065068
              8       4.5407288       1.1060421       1.3800458      0.03699896              -0               -0       9.0814575                  9.0814575
              2       4.7537545       1.0865304       1.3911339      0.03863131              -0               -0       9.5075089                  9.5075089
              3       7.6968084       1.0227935       1.3881663     0.015048736              -0               -0       15.393617                  15.393617
              3       8.0933639       1.0200533       1.3774573     0.030208392              -0               -0       16.186728                  16.186728
              1       6.0703801       1.0367878       1.4053787     0.029971955              -0               -0        12.14076                   12.14076
              2       5.2131601       1.0946282       1.3700297    0.0075156031              -0               -0        10.42632                   10.42632
              1       3.9666287       1.1014073       1.4282989     0.017438477              -0               -0       7.9332575                  7.9332575
              1       3.9603247       1.0992389       1.4323106    0.0044346015              -0               -0       7.9206493                  7.9206493
              7       3.9105291       1.1173113       1.4381975    0.0058157803              -0               -0       7.8210582                  7.8210582
              2       4.0741217       1.1401957       1.4142427      0.01727323              -0               -0       8.1482433                  8.1482433
              1       5.1985647       1.1299418       1.4264966      0.05984445              -0               -0       10.397129                  10.397129
              1         4.76612       1.0556965       1.4372265     0.043232207              -0               -0         9.53224                    9.53224
              2       5.4390645       1.0545556        1.410002      0.05413246              -0               -0       10.878129                  10.878129
              1       5.1648691       1.0620529       1.4021818     0.031736609              -0               -0       10.329738                  10.329738
              1       5.6392896       0.9995477       1.5131086    -0.034360477              -0               -0       11.278579                  11.278579
              2       5.1330967       1.0026818        1.531075    -0.037088466              -0               -0       10.266193                  10.266193
              2       4.3551708       1.0202626       1.5255947    -0.023491028              -0               -0       8.7103415                  8.7103415
              2       4.7530663       1.0797573       1.5232095     0.024759354              -0               -0       9.5061326                  9.5061326
              1       4.4549014       1.0682022       1.4323358     0.034641777              -0               -0       8.9098027                  8.9098027
              1       4.2455349       1.0763693        1.430406     0.023604507              -0               -0       8.4910697                  8.4910697
              2       4.3381397       1.1012709       1.4229808     0.042989072              -0               -0       8.6762794                  8.6762794
              1       5.0428032       1.0710733       1.4221737     0.060012151              -0               -0       10.085606                  10.085606
              1       4.8243097       1.0657918       1.4333539     0.052450693              -0               -0       9.6486194                  9.6486194
              2       4.9146327        1.064866       1.4403013     0.056685267              -0               -0       9.8292655                  9.8292655
              1       4.4886443       1.0662812       1.4486887     0.043084487              -0               -0       8.9772885                  8.9772885
              1       5.1601398       1.0448721       1.4283047     0.040046941              -0               -0        10.32028                   10.32028
              2       5.4825463       1.0429944       1.4266035     0.054832016              -0               -0       10.965093                  10.965093
              2       4.9726537       1.1008989       1.3654552     0.019981649              -0               -0       9.9453075                  9.9453075
              2       4.0454624       1.1359421       1.3954104     0.015409215              -0               -0       8.0909248                  8.0909248
              3       4.5289053       1.1581233       1.4255226     0.019023117              -0               -0       9.0578107                  9.0578107
              3       4.2389976       1.1211556       1.4231382     0.036005191              -0               -0       8.4779952                  8.4779952
              3        3.987299       1.1112338       1.4300421      0.02264573              -0               -0        7.974598                   7.974598
              1       4.1021258       1.1189973       1.4173574     0.030385378              -0               -0       8.2042517                  8.2042517
              1       4.3579756       1.1149712       1.4218308      0.04287869              -0               -0       8.7159512                  8.7159512
              1       4.2855867       1.1272854       1.4199514     0.036607595              -0               -0       8.5711734                  8.5711734
              1       4.0030022       1.1175184       1.4104568     0.017871968              -0               -0       8.0060044                  8.0060044
              1       5.1643728       1.0862413       1.5433632     -0.06161747              -0               -0       10.328746                  10.328746
              1       3.9723099       1.0271376       1.5582738    -0.023341112              -0               -0       7.9446198                  7.9446198
              1       4.0187555        1.038413       1.5647336   -0.0080634804              -0               -0        8.037511                   8.037511
              4       5.3526265       1.0232136       1.6534705    -0.057370108              -0               -0       10.705253                  10.705253
              4       5.7716791       1.0567888       1.6291195    -0.040525544              -0               -0       11.543358                  11.543358
              1        4.220682        1.075931       1.5197934     0.011857211              -0               -0       8.4413639                  8.4413639
              1       3.8349423       1.0580019       1.5119725    -0.010668851              -0               -0       7.6698846                  7.6698846
              1       4.0503515       1.0403118       1.4949737    0.0060702415              -0               -0        8.100703                   8.100703
              1       4.2064652       1.1265258        1.397592   -0.0035603941              -0               -0       8.4129303                  8.4129303
              2       4.4316648       1.1471572       1.4044351     0.038251249              -0               -0       8.8633296                  8.8633296
              1       3.9931672       1.0910524        1.452385     0.024141333              -0               -0       7.9863345                  7.9863345
              2       4.2616739       1.0765691       1.4311531    0.0072913452              -0               -0       8.5233477                  8.5233477
              1       4.1884746       1.0603583       1.5283913     0.015086413              -0               -0       8.3769492                  8.3769492
              1       4.2664076       1.0080672        1.531334    0.0021391365              -0               -0       8.5328151                  8.5328151
              1       4.4206078       1.1013867       1.5061583    -0.036647294              -0               -0       8.8412156                  8.8412156
              4       4.0327639       1.1033733       1.4777501    -0.019834222              -0               -0       8.0655279                  8.0655279
              2       4.0493809       1.0768846       1.4861986     0.022273898              -0               -0       8.0987619                  8.0987619
              1       4.0847878       1.0743516       1.4917204      0.02270175              -0               -0       8.1695756                  8.1695756
              1       5.6313532       1.0623421       1.4795385     0.069200601              -0               -0       11.262706                  11.262706
              2       6.3303811       1.0703957       1.4527889     0.087000607              -0               -0       12.660762                  12.660762
              2        6.250768       1.0296934       1.4399886     0.075264933              -0               -0       12.501536                  12.501536
              1       6.3732006       1.0693331       1.3711153   -0.0016962336              -0               -0       12.746401                  12.746401
              1       4.7512566       1.1072808       1.4014365    -0.018748518              -0               -0       9.5025132                  9.5025132
              1       4.0228437       1.1089527        1.420707    0.0010944636              -0               -0       8.0456875                  8.0456875
              1       4.0409431       1.1120049       1.4092197     0.012981358              -0               -0       8.0818863                  8.0818863
              1       4.6393364        1.181776       1.4053239   -0.0011084289              -0               -0       9.2786728                  9.2786728
              2       4.6427013        1.181924       1.4053077   -0.0010774425              -0               -0       9.2854025                  9.2854025
              1       4.8224659       1.1766643       1.4131035     0.020167648              -0               -0       9.6449318                  9.6449318
              3       5.0022271       1.1763509       1.4173402        0.024733              -0               -0       10.004454                  10.004454
              3       4.5419924       1.1500145       1.4499708    -0.019813554              -0               -0       9.0839848                  9.0839848
              5       4.9233086       1.1381275       1.4917797    -0.018439075              -0               -0       9.8466172                  9.8466172
              1       5.0018784        1.137535       1.4947815    -0.028392883              -0               -0       10.003757                  10.003757
              1       4.1475925       1.0404326       1.5782224    -0.017197317              -0               -0        8.295185                   8.295185
              2       4.2501043       1.0286652       1.5571203     0.014905593              -0               -0       8.5002087                  8.5002087
              1       4.0414419       1.0341729       1.5521555    -0.029919833              -0               -0       8.0828838                  8.0828838
              1        4.338592       1.0052901       1.5975191    -0.042955131              -0               -0        8.677184                   8.677184
              4       4.4595579       1.0268147       1.6083385    -0.043876612              -0               -0       8.9191157                  8.9191157
              3       4.8561796       1.0314507       1.6184718    -0.013893126              -0               -0       9.7123592                  9.7123592
              1       7.8531181       0.9996046       1.5610373    -0.095673887              -0               -0       15.706236                  15.706236
              1       7.1607146       1.0273621        1.539613    -0.090571724              -0               -0       14.321429                  14.321429
              1       6.5518806      0.99046314       1.4978972    -0.033644658              -0               -0       13.103761                  13.103761
              2       4.7473722       1.0210053        1.484308   -0.0012050832              -0               -0       9.4947444                  9.4947444
              1       5.6256661       1.0472815       1.4501936    -0.032682432              -0               -0       11.251332                  11.251332
              1       6.4145679       1.0417798       1.3937503      0.01487089              -0               -0       12.829136                  12.829136
              2       5.2513201       1.0674838       1.3929727     0.023261629              -0               -0        10.50264                   10.50264
              2       6.1272218       1.0702057       1.3675497     0.011824465              -0               -0       12.254444                  12.254444
              2       4.4759105       1.1306745       1.3587628     0.020735851              -0               -0        8.951821                   8.951821
              1       5.6261173       1.1679181       1.3040976     0.082836312              -0               -0       11.252235                  11.252235
              1       5.8976233       1.1725785        1.316819     0.090858554              -0               -0       11.795247                  11.795247
              4       5.4771678        1.209569       1.2477272      0.03012036              -0               -0       10.954336                  10.954336
              2       4.8718299       1.2104105       1.3195871   -0.0027603881              -0               -0       9.7436598                  9.7436598
              2       7.4138318       1.2680533       1.2892169    -0.051704779              -0               -0       14.827664                  14.827664
              2       7.2769844        1.308974          1.3013    -0.015950654              -0               -0       14.553969                  14.553969
              1        8.589435       1.3246433       1.3235263   -0.0081321706              -0               -0        17.17887                   17.17887
              2       8.2232875       1.3175154       1.3234878    0.0050686046              -0               -0       16.446575                  16.446575
              2       8.8108838       1.3165977        1.340134     0.001786453              -0               -0       17.621768                  17.621768
              2        5.526731       1.2392374       1.3519102    -0.007300946              -0               -0       11.053462                  11.053462
              1       6.3617686       1.2439602       1.3321473    -0.041154572              -0               -0       12.723537                  12.723537
              1       6.8038088        1.229888       1.2779956    -0.039700192              -0               -0       13.607618                  13.607618
              1        6.775595        1.237893       1.2747689    -0.038549512              -0               -0        13.55119                   13.55119
              1        5.290347       1.2241159       1.2697113     0.064323169              -0               -0       10.580694                  10.580694
              1       5.6383329       1.2139172        1.233396       0.0441037              -0               -0       11.276666                  11.276666
              1       5.5485494       1.2195558       1.2370707     0.033506604              -0               -0       11.097099                  11.097099
              6       5.6735428       1.2616372       1.2110257     0.050438889              -0               -0       11.347086                  11.347086
              1       5.8760068       1.2649789       1.1975029     0.057118644              -0               -0       11.752014                  11.752014
              4       5.8099511       1.2811292       1.2152564     0.021775366              -0               -0       11.619902                  11.619902
              6       4.5011511       1.1647424        1.330607      0.02665704              -0               -0       9.0023022                  9.0023022
              3       4.4757042       1.1657628       1.3325211     0.024170297              -0               -0       8.9514085                  8.9514085
              1       4.9326885       1.1348373       1.3538444     0.063319913              -0               -0       9.8653769                  9.8653769
              2       5.9490274       1.1576356       1.2854957     0.082884266              -0               -0       11.898055                  11.898055
              3       6.1940692       1.2884243       1.1883512     0.022533674              -0               -0       12.388138                  12.388138
              1       7.6567645       1.3559115       1.1116144     0.020952011              -0               -0       15.313529                  15.313529
              1       8.8226338       1.3363458       1.0512679     0.048644911              -0               -0       17.645268                  17.645268
              2       8.5262813       1.4265357       1.0549373     0.070966129              -0               -0       17.052563                  17.052563
              4       8.8652564       1.4410702       1.0376603     0.069022783              -0               -0       17.730513                  17.730513
              4       9.6830716       1.4734656       1.0144409     0.086203464              -0               -0       19.366143                  19.366143
              1       9.3865602       1.4422246       1.0058442      0.10173381              -0               -0        18.77312                   18.77312
              5       8.9276336       1.4261984       1.0181307     0.083655063              -0               -0       17.855267                  17.855267
              1       7.1778219       1.3341213       1.2196626     0.066866232              -0               -0       14.355644                  14.355644
              8        5.639785       1.2168626       1.2452154     0.073030348              -0               -0        11.27957                   11.27957
              3       5.8008083      0.96647793       1.5769762    -0.049033553              -0               -0       11.601617                  11.601617
              5       5.3681128      0.98675158        1.588777    -0.060927806              -0               -0       10.736226                  10.736226
              6       5.4542406      0.90390319        1.717029    -0.041936235              -0               -0       10.908481                  10.908481
              2       5.4468494      0.90408575       1.7154346    -0.041086752              -0               -0       10.893699                  10.893699
              2       5.5671316      0.94806349       1.7212497     -0.01995894              -0               -0       11.134263                  11.134263
              2       6.1553544       1.1107351       1.5703465    -0.035461056              -0               -0       12.310709                  12.310709
              7       5.4045212       1.0737838       1.5497289     0.025819126              -0               -0       10.809042                  10.809042
              8       7.0270884       1.0387434       1.3758326     0.054790244              -0               -0       14.054177                  14.054177
              1       5.5640987       1.0330991       1.4472029     0.060167434              -0               -0       11.128197                  11.128197
              1       5.9688882       1.0325301       1.4378732     0.068614785              -0               -0       11.937776                  11.937776
              4       6.5606774       1.2695647       1.2432551     0.090929923              -0               -0       13.121355                  13.121355
              2       6.6265052       1.2615501       1.2738694      0.08613757              -0               -0        13.25301                   13.25301
              5       5.2474416        1.173091       1.3875686    -0.039799712              -0               -0       10.494883                  10.494883
              2       4.1852697       1.1528814       1.3970935   -0.0037762987              -0               -0       8.3705395                  8.3705395
              4       4.0113737        1.058092       1.5474146    -0.021378984              -0               -0       8.0227473                  8.0227473
              1       4.4999109       1.0065304       1.6363371    -0.037512222              -0               -0       8.9998218                  8.9998218
              1        7.534892       1.0163574       1.6507559     -0.11047098              -0               -0       15.069784                  15.069784
              2       7.9602738       1.0337041       1.6393912     -0.11432162              -0               -0       15.920548                  15.920548
              3       5.5703101       1.0876707       1.5751026     -0.05895251              -0               -0        11.14062                   11.14062
              1       5.0284102        1.100683       1.5463459    -0.039644317              -0               -0        10.05682                   10.05682
              3       5.0681149        1.103099       1.5443492    -0.040244382              -0               -0        10.13623                   10.13623
              4       5.0480316       1.1032272       1.5434267    -0.039891384              -0               -0       10.096063                  10.096063
              8       4.8865989        1.059281       1.5948649    -0.025060083              -0               -0       9.7731978                  9.7731978
              2       4.4828397       1.1384361       1.3868162     0.048267809              -0               -0       8.9656795                  8.9656795
              1       4.4340411       1.1405149       1.3842499     0.046063149              -0               -0       8.8680821                  8.8680821
              1       4.3647586       1.1350492       1.3835887     0.043459527              -0               -0       8.7295171                  8.7295171
              1       4.3470237       1.1560951       1.3659909     0.038593189              -0               -0       8.6940475                  8.6940475
              3       4.9189451       1.1678511       1.3176856     0.059644853              -0               -0       9.8378901                  9.8378901
              1       5.5106425       1.1337914       1.3408496     0.079396937              -0               -0       11.021285                  11.021285
              2       6.7843796        1.126799       1.3079132      0.10160526              -0               -0       13.568759                  13.568759
              1       6.8548036       1.1203612       1.2929106     0.089751635              -0               -0       13.709607                  13.709607
              1       6.7149324        1.079423       1.3601831     0.092191839              -0               -0       13.429865                  13.429865
              6       4.8313843       1.1155841       1.3979395     0.061327979              -0               -0       9.6627685                  9.6627685
              1        4.626227       1.1234031       1.4137692     0.051785413              -0               -0       9.2524539                  9.2524539
              2       4.5755829       1.0080682       1.5179583    -0.010691262              -0               -0       9.1511657                  9.1511657
              1       4.6393549       1.0110606       1.5125657    -0.013424718              -0               -0       9.2787098                  9.2787098
              1       4.5177764       1.0208826       1.5008691   -0.0094870715              -0               -0       9.0355529                  9.0355529
              2       4.4980473       1.0541382       1.4517091   -0.0022584772              -0               -0       8.9960947                  8.9960947
              4       4.8118764       1.0602622        1.464831     -0.03178949              -0               -0       9.6237528                  9.6237528
              2       4.4547899       1.1848078       1.3745236   0.00041028349              -0               -0       8.9095797                  8.9095797
              3       4.4682311       1.1848223       1.3766217  -0.00051682236              -0               -0       8.9364622                  8.9364622
              2       4.2713013       1.1719427       1.3788104     0.014839853              -0               -0       8.5426025                  8.5426025
              3       4.5933655       1.1979763       1.3535494     0.026449411              -0               -0        9.186731                   9.186731
              1       5.1585186       1.2028705       1.2669476     0.030303498              -0               -0       10.317037                  10.317037
              4       6.3381933         1.31981       1.1743327     0.036938921              -0               -0       12.676387                  12.676387
              1       6.7623867       1.2630888       1.3134124    -0.041863093              -0               -0       13.524773                  13.524773
              1       6.6119464       1.2526648       1.3059361    -0.041901647              -0               -0       13.223893                  13.223893
              2       3.8129415       1.0661386       1.4979987   -0.0020792942              -0               -0       7.6258829                  7.6258829
              2        4.160373      0.99831405       1.5671835    -0.013448781              -0               -0       8.3207459                  8.3207459
              1       4.6012161       1.0161371       1.5900558     0.013810288              -0               -0       9.2024322                  9.2024322
              6       4.7313383      0.99673639       1.6242556    0.0047800338              -0               -0       9.4626767                  9.4626767
              1       4.2284199      0.99743617       1.5590516     0.002286954              -0               -0       8.4568397                  8.4568397
              7       5.1694475       1.1924273       1.3498521     0.059127562              -0               -0       10.338895                  10.338895
              1       5.2763381        1.239279       1.2434452     0.041379459              -0               -0       10.552676                  10.552676
              1       4.7194013       1.1717708       1.3395731   -0.0053248993              -0               -0       9.4388026                  9.4388026
              2       5.1748613       1.2104019       1.3497249    -0.022179577              -0               -0       10.349723                  10.349723
              2       5.1419534       1.2143316       1.3405113     -0.01826417              -0               -0       10.283907                  10.283907
              2       5.1650158       1.2231613       1.3537624     -0.01055187              -0               -0       10.330032                  10.330032
              5       6.2392349       1.3061969       1.1722982     0.056721839              -0               -0        12.47847                   12.47847
              2       8.0662379       1.4091652       1.0987138     0.065259694              -0               -0       16.132476                  16.132476
              3       8.2702784       1.4165067       1.1170329     0.054241464              -0               -0       16.540557                  16.540557
              1       6.0712508        1.285827       1.1807642     0.053462851              -0               -0       12.142502                  12.142502
              2        5.542028       1.2323422       1.3576519     0.025259817              -0               -0       11.084056                  11.084056
              1       5.5229805       1.2311435       1.3589567     0.024919201              -0               -0       11.045961                  11.045961
              3         5.31009       1.2001966       1.3304477     0.066040922              -0               -0        10.62018                   10.62018
              1       5.1959114        1.185299        1.349614     0.063780674              -0               -0       10.391823                  10.391823
              2       4.6114351       1.1696865       1.3411235     0.049583277              -0               -0       9.2228702                  9.2228702
              6       5.7339796       1.1374667       1.4301115     0.065605816              -0               -0       11.467959                  11.467959
              1       5.0942491       1.1393314       1.4741959     0.019493851              -0               -0       10.188498                  10.188498
              3       3.9131443       1.0638573       1.4807432     0.013142268              -0               -0       7.8262886                  7.8262886
              5       4.0427181       1.0495798       1.4891644     0.018395613              -0               -0       8.0854363                  8.0854363
              8       4.2538179       1.0355579        1.485724     0.013836233              -0               -0       8.5076358                  8.5076358
              5       3.9389936       1.0667198       1.5260977    -0.020471172              -0               -0       7.8779872                  7.8779872
              2       3.9300621       1.0672233       1.5230216    -0.020534763              -0               -0       7.8601242                  7.8601242
              2       6.0299345       0.9830782       1.5908656    -0.072444401              -0               -0       12.059869                  12.059869
              1       7.8211424       1.0247182       1.5220258    -0.091862511              -0               -0       15.642285                  15.642285
              2       6.5267817       1.0727118        1.488476    -0.079521969              -0               -0       13.053563                  13.053563
              1       5.8440205       1.0302698       1.5013584      -0.0562771              -0               -0       11.688041                  11.688041
              3       4.7512514       1.0746145        1.570642      -0.0372966              -0               -0       9.5025027                  9.5025027
              2       4.8411796       1.0129901       1.6399273    -0.018734664              -0               -0       9.6823592                  9.6823592
              3       4.1917932      0.99316314       1.6172714    -0.026548642              -0               -0       8.3835863                  8.3835863
              5       4.9902788      0.95852136       1.6678148    -0.058765078              -0               -0       9.9805576                  9.9805576
              3        4.739924      0.96930438       1.6384552    -0.050500448              -0               -0        9.479848                   9.479848
              2       5.3557055      0.97220313       1.6317998    -0.067366555              -0               -0       10.711411                  10.711411
              3        5.259192       1.0277074       1.5842384    -0.071085684              -0               -0       10.518384                  10.518384
              1       4.6000368      0.99826662       1.6069913    -0.052016603              -0               -0       9.2000736                  9.2000736
              3       5.5947263      0.95653959       1.6546371    -0.071242207              -0               -0       11.189453                  11.189453
              1       7.0249376       0.9190698       1.6695535     -0.07981461              -0               -0       14.049875                  14.049875
              1       6.2547138       1.1168689       1.5158752    -0.078175368              -0               -0       12.509428                  12.509428
              1       4.3087508       1.1272017       1.4585951    -0.025953345              -0               -0       8.6175016                  8.6175016
              4       5.0197723       1.1282447       1.3808135    -0.024566808              -0               -0       10.039545                  10.039545
              1       5.4139705         1.17849       1.4434857    -0.033786382              -0               -0       10.827941                  10.827941
              2       5.2329619       1.1053636       1.4678582     0.053110072              -0               -0       10.465924                  10.465924
              1         6.24473       1.2417943       1.2889834     0.082880255              -0               -0        12.48946                   12.48946
              2       8.1088643       1.2550084       1.3039417    -0.068013671              -0               -0       16.217729                  16.217729
              1       7.0213915       1.1354551       1.2617916     0.033723587              -0               -0       14.042783                  14.042783
              1       7.8129705       1.2654109       1.1192434     0.087646315              -0               -0       15.625941                  15.625941
              5       6.5946393       1.2332257       1.2831823     0.096690583              -0               -0       13.189279                  13.189279
              2       4.3074708       1.1565105       1.4193251     0.011587123              -0               -0       8.6149416                  8.6149416
              4        4.101322       1.0361972       1.5230534    -0.023637688              -0               -0        8.202644                   8.202644
              5       4.7604494      0.96903129       1.6442437    -0.052238846              -0               -0       9.5208989                  9.5208989
              5       5.3406349       1.0355207       1.5268775     0.053473451              -0               -0        10.68127                   10.68127
              2       5.8251243        1.050327       1.5168385     0.062813064              -0               -0       11.650249                  11.650249
              1       5.0585672       1.0295475       1.4826392     0.051814419              -0               -0       10.117134                  10.117134
              3        4.062765       1.1251279       1.4268063     0.023450471              -0               -0       8.1255299                  8.1255299
              1       4.2478429       1.1406825       1.4292527     0.021017252              -0               -0       8.4956857                  8.4956857
              3       4.3594633       1.1285446        1.428763     0.035727263              -0               -0       8.7189266                  8.7189266
              1       4.8767621       1.2119344       1.2832927     0.026006474              -0               -0       9.7535241                  9.7535241
              6       5.0403976       1.2385871       1.2778369     0.019021832              -0               -0       10.080795                  10.080795
              8       4.7370262       1.1844131        1.358744    -0.015488835              -0               -0       9.4740523                  9.4740523
              7       5.8000337       1.2817919        1.207949     0.055575607              -0               -0       11.600067                  11.600067
              1       5.4463304       1.2475843       1.3042303     0.046086944              -0               -0       10.892661                  10.892661
              1       5.3089556       1.2202447       1.3153782     0.059661875              -0               -0       10.617911                  10.617911
              3       5.0699774       1.2135078       1.3237234     0.052277569              -0               -0       10.139955                  10.139955
              1       4.7822022       0.9819189       1.6368752    -0.056915744              -0               -0       9.5644045                  9.5644045
              1       5.6654159      0.99731826        1.533817    -0.047219792              -0               -0       11.330832                  11.330832
              2       5.8851146      0.96926922       1.5515972    -0.036055268              -0               -0       11.770229                  11.770229
              1       6.0053414      0.91693076       1.6190908    -0.010094143              -0               -0       12.010683                  12.010683
              3       5.0538654       1.0348242       1.6321058    -0.036377911              -0               -0       10.107731                  10.107731
              3       5.4348002       1.0023537       1.5722298     0.044649559              -0               -0         10.8696                    10.8696
              5       8.5705985       1.3008465       1.2753104     0.094718597              -0               -0       17.141197                  17.141197
              4       5.9885169       1.1341465       1.5292461    -0.050660777              -0               -0       11.977034                  11.977034
              2       6.4177795       1.0885667       1.5120718    -0.085113792              -0               -0       12.835559                  12.835559
              1       4.9401424       1.1540564       1.4678735   -0.0089145314              -0               -0       9.8802848                  9.8802848
              4       5.7369036       1.2512624       1.2231949     0.069809223              -0               -0       11.473807                  11.473807
              1       6.7054803        1.069607       1.3731227     0.090525616              -0               -0       13.410961                  13.410961
              2       6.5655527      0.98558647       1.4671465     0.025853506              -0               -0       13.131105                  13.131105
              6       5.2049986      0.94792073       1.6121669    -0.033882458              -0               -0       10.409997                  10.409997
              1       6.0132266      0.95073507       1.5896849     0.044427178              -0               -0       12.026453                  12.026453
              3       6.2556646      0.93906667       1.5985752     0.043642888              -0               -0       12.511329                  12.511329
              5       6.4927365       1.0742248       1.3432128     0.052998839              -0               -0       12.985473                  12.985473
              1       6.1550183       1.1473078       1.2722837      0.06528097              -0               -0       12.310037                  12.310037
              5       4.9837003       1.1301098       1.3313215     0.036453122              -0               -0       9.9674006                  9.9674006
              2        4.451309       1.1022324       1.3883583     0.017552904              -0               -0       8.9026181                  8.9026181
              2       4.9303299       1.0433436       1.4372448      0.02318279              -0               -0       9.8606598                  9.8606598
              1       5.2848847        1.119924        1.329139     0.040792612              -0               -0       10.569769                  10.569769
              4       5.8462872       1.1209594       1.4028294    -0.051186544              -0               -0       11.692574                  11.692574
              2       5.7755947       1.1818939       1.3354338    -0.036046051              -0               -0       11.551189                  11.551189
              5       4.5024774       1.1048438       1.4479258     0.043552462              -0               -0       9.0049547                  9.0049547
              7       4.5504231        1.107167       1.4434546     0.045733183              -0               -0       9.1008461                  9.1008461
              1        4.813548       1.1052877       1.4347516     0.056089818              -0               -0        9.627096                   9.627096
              4       6.1228259      0.94796315       1.5482538     0.020965898              -0               -0       12.245652                  12.245652
              2       4.6590321       1.0029372       1.5208949     0.024627516              -0               -0       9.3180642                  9.3180642
              2       4.6446812      0.98212591       1.5536025     0.006984624              -0               -0       9.2893625                  9.2893625
              1       4.1286109       1.1270836        1.394592    0.0049696222              -0               -0       8.2572218                  8.2572218
              9       4.0791163       1.1194729       1.4056332     0.003363217              -0               -0       8.1582325                  8.1582325
              2       3.8761926       1.0987713       1.4674038   -0.0072597256              -0               -0       7.7523852                  7.7523852
              1        7.128278       0.9988785       1.6177598     -0.10172354              -0               -0       14.256556                  14.256556
              3        9.086692       1.2967785       1.3482159    -0.061868428              -0               -0       18.173384                  18.173384
              1       9.2536215       1.2678616       1.3618874    -0.081997544              -0               -0       18.507243                  18.507243
              1       8.8524455       1.2728178       1.3460874    -0.075230613              -0               -0       17.704891                  17.704891
              1       6.5403063      0.90138365       1.7521905     -0.08365553              -0               -0       13.080613                  13.080613
              1       6.6131735      0.89838464       1.7572302    -0.084371321              -0               -0       13.226347                  13.226347
              2       6.0318314      0.88916707       1.7394875    -0.058201229              -0               -0       12.063663                  12.063663
              3       5.4605435       1.0283245        1.653739    -0.040601924              -0               -0       10.921087                  10.921087
              4       6.1133235       1.1915584       1.4213253     0.037408566              -0               -0       12.226647                  12.226647
              6       6.2787845       1.0634851       1.6343429    -0.056386537              -0               -0       12.557569                  12.557569
              5       4.7081504       1.0405888        1.611214    -0.038187205              -0               -0       9.4163008                  9.4163008
              6        4.794004        1.125971       1.5023683    -0.028120478              -0               -0        9.588008                   9.588008
              4       6.2602416       1.0822874       1.6058471    -0.063232938              -0               -0       12.520483                  12.520483
              2       6.2933841       1.3191747        1.197517     0.023533855              -0               -0       12.586768                  12.586768
              2       6.2352784        1.315129       1.1885363     0.029593219              -0               -0       12.470557                  12.470557
              3       5.8733329       1.2967119       1.2143329     0.029204385              -0               -0       11.746666                  11.746666
              7       5.2916229       1.2580132       1.2799233     0.013699132              -0               -0       10.583246                  10.583246
              2       5.0066826       1.2115621       1.3709879   -0.0076886183              -0               -0       10.013365                  10.013365
              3       4.2736401       1.1301331       1.4155655     0.036212165              -0               -0       8.5472802                  8.5472802
              2       4.2701579       1.1302282       1.4153651     0.036073484              -0               -0       8.5403159                  8.5403159
              4       4.2209686       1.0665964       1.4885614      0.03106778              -0               -0       8.4419373                  8.4419373
              1        5.170508       1.1848332       1.3655541     0.057037224              -0               -0       10.341016                  10.341016
              2       7.9609553       1.1423175       1.5694127     -0.05551082              -0               -0       15.921911                  15.921911
              2       8.2143605        1.043881       1.7004111    -0.058045698              -0               -0       16.428721                  16.428721
              1       9.2189672       1.0251467       1.7366075    -0.096385868              -0               -0       18.437934                  18.437934
              2       5.6700938       1.1845553       1.4347892    -0.042602855              -0               -0       11.340188                  11.340188
              1       6.4881617       1.1905907       1.4582201     -0.04935439              -0               -0       12.976323                  12.976323
              4       5.7003001       1.0158494        1.633787      0.01043643              -0               -0         11.4006                    11.4006
              3       6.5064153       1.1825468       1.4436424      0.03617515              -0               -0       13.012831                  13.012831
              3       6.3094478        1.249642       1.3622836     0.022412612              -0               -0       12.618896                  12.618896
              2       6.1527448       1.2197085       1.3993276    -0.038776587              -0               -0        12.30549                   12.30549
              3       6.4479587       1.3138863       1.2174557     0.003359566              -0               -0       12.895917                  12.895917
              1       8.3115631       1.1650456       1.3637778       0.1212672              -0               -0       16.623126                  16.623126
              4       4.6601414       1.1818293       1.4001451     0.015384279              -0               -0       9.3202828                  9.3202828
              1       4.9289999       1.2033341       1.3829011   -0.0076045801              -0               -0       9.8579997                  9.8579997
              1       6.4823601       1.0400827       1.6552012    -0.080919895              -0               -0        12.96472                   12.96472
              1       6.2716413        1.031723       1.6623805    -0.077538589              -0               -0       12.543283                  12.543283
              1       6.0937708      0.96822428       1.6357516    -0.081027328              -0               -0       12.187542                  12.187542
              5       4.6774738       1.1696548       1.3178591     0.020585192              -0               -0       9.3549476                  9.3549476
              2        4.596866       1.1848085       1.3946511   -0.0032362841              -0               -0       9.1937319                  9.1937319
              3       5.3985683       1.1747069       1.4240472     -0.04462792              -0               -0       10.797137                  10.797137
              2       4.7970382       1.1747448       1.4281943   -0.0042767281              -0               -0       9.5940764                  9.5940764
              6       4.3384701      0.97441224       1.6132931    -0.024128081              -0               -0       8.6769402                  8.6769402
              1       4.1147381       1.0004033       1.6035728    -0.016232773              -0               -0       8.2294763                  8.2294763
              6       4.5739312       1.1758533       1.3206251     0.037310963              -0               -0       9.1478624                  9.1478624
              7       5.0941505        1.197094       1.3917668    -0.023798026              -0               -0       10.188301                  10.188301
              1       5.1011616       1.0760063       1.3869065      0.03155141              -0               -0       10.202323                  10.202323
              3       5.1495131       1.0093967        1.482477    0.0038425137              -0               -0       10.299026                  10.299026
              4       4.6173757      0.99877946       1.5369992    -0.018371125              -0               -0       9.2347513                  9.2347513
              2       4.4143529      0.98146676       1.5864559    -0.023904095              -0               -0       8.8287059                  8.8287059
              2       4.3204478       1.0125778       1.5253256     0.017048864              -0               -0       8.6408956                  8.6408956
              7        4.668597       1.1721306       1.3669322     0.047384099              -0               -0       9.3371939                  9.3371939
              1       5.0848061       1.2289503       1.3008356     0.048930959              -0               -0       10.169612                  10.169612
              1       4.2079731       1.1439475       1.4349794    0.0069869463              -0               -0       8.4159463                  8.4159463
              2       4.2676807        1.150019       1.4311547    0.0048657064              -0               -0       8.5353613                  8.5353613
              2        3.893029       1.0401962       1.5487178    -0.015840713              -0               -0       7.7860581                  7.7860581
              2       3.9422894        1.038783       1.5571363    -0.021139835              -0               -0       7.8845789                  7.8845789
              2       4.6742011       1.0045606       1.6291267    -0.055327695              -0               -0       9.3484022                  9.3484022
              5       4.8473953       1.2033411       1.3763706   -0.0055528718              -0               -0       9.6947906                  9.6947906
              2        4.294838      0.99699771       1.6215893    -0.037652864              -0               -0        8.589676                   8.589676
              1       4.1283801       1.1334482       1.4488961   -0.0034532548              -0               -0       8.2567602                  8.2567602
              4       4.0345768       1.1306103       1.4406466    0.0040274095              -0               -0       8.0691536                  8.0691536
              5       3.8938881       1.0900238       1.4904116    -0.010964982              -0               -0       7.7877761                  7.7877761
              4       4.3935495        1.086851       1.5383369    -0.024648638              -0               -0       8.7870991                  8.7870991
              1       4.2785569       1.0701442       1.5535695    -0.021842114              -0               -0       8.5571137                  8.5571137
              1       5.0987848       1.0788583       1.3940762    0.0036221502              -0               -0        10.19757                   10.19757
              2        5.337887       1.1389504       1.3076133     0.040608852              -0               -0       10.675774                  10.675774
              1       5.6013042       1.2206607       1.2328559     0.036511262              -0               -0       11.202608                  11.202608
              5       4.7416859       1.1543645       1.4585031    -0.012107668              -0               -0       9.4833718                  9.4833718
              1       4.7889815       1.1518129        1.464932    -0.013953742              -0               -0        9.577963                   9.577963
              1       4.2713373       1.1028799       1.5088252    -0.018776349              -0               -0       8.5426746                  8.5426746
              8       4.7531078       1.0562375       1.5363158    -0.055803634              -0               -0       9.5062157                  9.5062157
              3       5.3083078       1.1785562        1.284648     0.065915286              -0               -0       10.616616                  10.616616
              2       5.3377563       1.1790829       1.2830772     0.066677139              -0               -0       10.675513                  10.675513
              1       4.9107069       1.1809853       1.3476504     0.057509278              -0               -0       9.8214137                  9.8214137
              1       4.2521488       1.1394829       1.4081502     0.033005877              -0               -0       8.5042977                  8.5042977
              4       4.5047158        1.170546       1.3678282    -0.010181397              -0               -0       9.0094317                  9.0094317
              1       4.5117429       1.1800907       1.3930251   -0.0058975783              -0               -0       9.0234858                  9.0234858
              8       4.4250809       0.9726041       1.6012395   -0.0016150381              -0               -0       8.8501619                  8.8501619
              1       4.3191904      0.98065217       1.5933941   -0.0020133732              -0               -0       8.6383808                  8.6383808
              1       4.7279122      0.94269591       1.6744687    -0.032796582              -0               -0       9.4558245                  9.4558245
              7       4.1089366      0.99662608       1.5803448    -0.010232844              -0               -0       8.2178732                  8.2178732
              1       4.4492006      0.96514503       1.6351644    -0.011112515              -0               -0       8.8984013                  8.8984013
              1       4.6270826       1.0301633       1.6181254    -0.026687583              -0               -0       9.2541652                  9.2541652
              2       4.6004147       1.1372443       1.4479526    -0.034766712              -0               -0       9.2008295                  9.2008295
             13       4.2632463          1.0905       1.4585155    -0.026523179              -0               -0       8.5264926                  8.5264926
              1       3.9902332       1.0275707       1.5245112   0.00019500234              -0               -0       7.9804665                  7.9804665
              2       4.8600244       0.9974627       1.5128411    0.0051719614              -0               -0       9.7200488                  9.7200488
              5       4.7717844      0.99781136       1.5592413     0.031496154              -0               -0       9.5435689                  9.5435689
              1       4.7282871         1.01431       1.5500636     0.034205427              -0               -0       9.4565741                  9.4565741
              5       4.4375226       1.0796413       1.4210579     0.037819309              -0               -0       8.8750452                  8.8750452
              2       4.5926068      0.96536254       1.5949246   -0.0042513139              -0               -0       9.1852136                  9.1852136
              2       7.1685722      0.88102349       1.6525373    0.0090385308              -0               -0       14.337144                  14.337144
              1       7.3304658       0.8793043       1.6506407      0.01150663              -0               -0       14.660932                  14.660932
              1       5.5406871      0.97861285       1.5384692     0.043996713              -0               -0       11.081374                  11.081374
              2        6.314376      0.93667702       1.6252769     0.042766902              -0               -0       12.628752                  12.628752
              2       5.9563209      0.96473723       1.5948158      0.04768071              -0               -0       11.912642                  11.912642
              2       5.9650073      0.96353675       1.5965828     0.047300856              -0               -0       11.930015                  11.930015
              1       4.8252495       1.0519754       1.6000529     -0.02225532              -0               -0       9.6504991                  9.6504991
              8       4.1297485      0.99604172       1.6065149    -0.018059258              -0               -0        8.259497                   8.259497
              8       4.1749458      0.98888321       1.6123403    -0.019652705              -0               -0       8.3498915                  8.3498915
              1       4.8605266      0.93307676       1.6846005    -0.025293053              -0               -0       9.7210532                  9.7210532
              5       4.9860493      0.98193935       1.6249223     0.016446843              -0               -0       9.9720986                  9.9720986
              2       4.6589244       1.0319656       1.4751599     0.034513369              -0               -0       9.3178489                  9.3178489
              1        4.782472      0.99454634       1.6044036     0.018099746              -0               -0       9.5649439                  9.5649439
              1       4.7670518       1.0335396       1.5616909     0.027049212              -0               -0       9.5341035                  9.5341035
              9       5.3166839       1.0620415       1.6033201    -0.055691381              -0               -0       10.633368                  10.633368
              2       5.8598409      0.89806979       1.6771467   -0.0063957452              -0               -0       11.719682                  11.719682
              2       4.5458503      0.97811919       1.6031778      0.01012772              -0               -0       9.0917007                  9.0917007
              1       5.7428101       1.1516392       1.3063646     0.082674414              -0               -0        11.48562                   11.48562
              4       5.1316859       1.1687129       1.2935244     0.054719528              -0               -0       10.263372                  10.263372
              2       6.4694785       1.1950113       1.2169567     0.070153984              -0               -0       12.938957                  12.938957
              1       7.2679717      0.96690217       1.7411483    -0.014227033              -0               -0       14.535943                  14.535943
              1       7.1431962      0.88757181       1.8383923    -0.062212392              -0               -0       14.286392                  14.286392
              1       9.0920485      0.79750243       1.8893411    -0.029392307              -0               -0       18.184097                  18.184097
              3       8.1692279      0.82947658       1.8431141    -0.015022299              -0               -0       16.338456                  16.338456
              5       6.4264287       1.0218439       1.6347061      0.01897698              -0               -0       12.852857                  12.852857
              2       4.5133016       1.1667757       1.3644066     0.044069784              -0               -0       9.0266032                  9.0266032
              3       5.9098228       1.1437501       1.3299743     0.090492186              -0               -0       11.819646                  11.819646
              2       6.1355618       1.0702427       1.3637098     0.062605005              -0               -0       12.271124                  12.271124
              3       4.9223959       1.0422558       1.4680305    -0.022432902              -0               -0       9.8447918                  9.8447918
              2       4.5697233       1.0982812       1.4620361    -0.039434794              -0               -0       9.1394465                  9.1394465
              6       4.2317223       1.1423132        1.436255    -0.013662605              -0               -0       8.4634445                  8.4634445
              5       4.5613351        1.190679       1.3728671     0.019944007              -0               -0       9.1226703                  9.1226703
              6        4.568629       1.1930208       1.3676547     0.021175295              -0               -0       9.1372581                  9.1372581
              7       4.2410324        1.134037       1.3985281   -0.0088665806              -0               -0       8.4820648                  8.4820648
              3       4.3271469       1.1304322        1.409689    -0.017758666              -0               -0       8.6542938                  8.6542938
              1       4.6784751       1.0738577       1.5019721    -0.049268413              -0               -0       9.3569502                  9.3569502
              2       4.5453961       1.0707185       1.5636357    -0.038788959              -0               -0       9.0907922                  9.0907922
              3       4.3339142       1.1031708       1.5124136    -0.019867076              -0               -0       8.6678283                  8.6678283
              3       5.3979143       0.9761137       1.7061797    -0.040310485              -0               -0       10.795829                  10.795829
              5       5.9608528      0.94293379       1.7047332    0.0055545262              -0               -0       11.921706                  11.921706
              1       8.5986699       1.0872987       1.3350242      0.12843867              -0               -0        17.19734                   17.19734
              1       8.7919977       1.1354623       1.3430603      0.13881651              -0               -0       17.583995                  17.583995
              2       9.1815526      0.85297589       1.7764133     0.033644862              -0               -0       18.363105                  18.363105
              6       10.906399      0.79137873       1.9737848     -0.05956367              -0               -0       21.812798                  21.812798
              4       11.283146      0.80935804       1.9803955    -0.072076733              -0               -0       22.566292                  22.566292
              1       8.2175243      0.97977747       1.6489451     0.056525433              -0               -0       16.435049                  16.435049
              1       9.0004796       1.0475263       1.6042421      0.05749496              -0               -0       18.000959                  18.000959
              3        6.870161       1.0750517       1.5500429     0.050130157              -0               -0       13.740322                  13.740322
              2       7.0600609      0.93107491       1.6467668     0.050763489              -0               -0       14.120122                  14.120122
              5       5.4454323      0.94335974       1.6217746     0.024157084              -0               -0       10.890865                  10.890865
              3       5.1295526       0.9457688       1.6483584     0.010994231              -0               -0       10.259105                  10.259105
              1        4.705805      0.94369662       1.6646866    -0.030796528              -0               -0       9.4116101                  9.4116101
              3       5.2810454       1.0264244       1.4476751     0.019851782              -0               -0       10.562091                  10.562091
              1       3.9422317       1.0966522       1.4358754    0.0057750456              -0               -0       7.8844635                  7.8844635
              4       6.7885956       1.2012287       1.2050491     0.037641295              -0               -0       13.577191                  13.577191
              7       7.7988027       1.2053572       1.1733304     0.041200402              -0               -0       15.597605                  15.597605
              4       7.1243942       1.1547922        1.346895    -0.058586694              -0               -0       14.248788                  14.248788
              1        5.975919      0.99646846       1.5000224    -0.028597523              -0               -0       11.951838                  11.951838
              4       5.8497498       1.0000867       1.4971647    -0.027154528              -0               -0         11.6995                    11.6995
              4        9.862602       1.4611046       1.1011575     0.014108237              -0               -0       19.725204                  19.725204
              5       6.7448229       1.2225807       1.2968335     -0.04511189              -0               -0       13.489646                  13.489646
             10        6.527179       1.2777423       1.2594302    -0.024667169              -0               -0       13.054358                  13.054358
              2       6.9827677       1.3092942       1.2036569    -0.012949301              -0               -0       13.965535                  13.965535
              7         8.39039       1.4079323       1.1409485     0.013196897              -0               -0        16.78078                   16.78078
              6       6.0592816       1.2455253       1.3459963     -0.02982587              -0               -0       12.118563                  12.118563
              2       4.6141429      0.97020041       1.6523571    -0.047132119              -0               -0       9.2282858                  9.2282858
             10       4.7743357        1.020449       1.6140853  -0.00078379909              -0               -0       9.5486714                  9.5486714
              2       6.7469914       1.0210391       1.6960258    -0.045993853              -0               -0       13.493983                  13.493983
              2       8.0581034       1.1362849       1.5685637    -0.014237445              -0               -0       16.116207                  16.116207
              3       7.1634802       1.1270718       1.5454216     0.011643914              -0               -0        14.32696                   14.32696
              1       6.1406154      0.95935084       1.6117275     0.046788294              -0               -0       12.281231                  12.281231
              1       6.1526764      0.96038734       1.6102293     0.047485393              -0               -0       12.305353                  12.305353
              3       6.9806796       1.0086488       1.4600982     0.084200521              -0               -0       13.961359                  13.961359
              2       4.7218516       1.0098511       1.5699472     0.028185068              -0               -0       9.4437032                  9.4437032
              4       5.2958647       1.0138605        1.572488     0.039867346              -0               -0       10.591729                  10.591729
              1       5.5985267       1.1061894       1.4602525     0.063477094              -0               -0       11.197053                  11.197053
              2        4.396571         1.13297       1.4596283     0.012656921              -0               -0        8.793142                   8.793142
              2       4.3939414       1.0471609       1.5828678    -0.040052202              -0               -0       8.7878828                  8.7878828
              4       4.8157921       1.1425953       1.4118459    -0.035782512              -0               -0       9.6315843                  9.6315843
              3       7.6135959      0.95980272       1.5059295      0.07217788              -0               -0       15.227192                  15.227192
              3       6.1743967       1.0095165       1.4501982      0.05522669              -0               -0       12.348793                  12.348793
              2       4.9590477       1.1120321       1.3552657     0.017676267              -0               -0       9.9180955                  9.9180955
              2       7.8835143       1.1308316       1.2416102     0.048125836              -0               -0       15.767029                  15.767029
              3        7.616819        1.106173       1.2766027     0.042005615              -0               -0       15.233638                  15.233638
              2       7.7161765       1.1276169       1.2552387      0.02980529              -0               -0       15.432353                  15.432353
              2       6.1264304       1.2468804       1.2419421   -0.0089208607              -0               -0       12.252861                  12.252861
              3       4.4210928       1.1633983       1.3831565    -0.012187126              -0               -0       8.8421857                  8.8421857
              2       4.6154938        1.189119       1.3638111   -0.0089858081              -0               -0       9.2309877                  9.2309877
              2       5.0367514        1.220938       1.3521846   -0.0051551026              -0               -0       10.073503                  10.073503
              1       5.0446045       1.2327838       1.3056767    0.0022912551              -0               -0       10.089209                  10.089209
             12       5.1857555      0.95981161       1.5848716    -0.028373807              -0               -0       10.371511                  10.371511
              2       5.3162178       0.9497449       1.6013338    -0.032231309              -0               -0       10.632436                  10.632436
              3       5.0223496       0.9832228       1.5568438     -0.03140165              -0               -0       10.044699                  10.044699
              5       5.4083052        1.027538       1.5685933    -0.071435059              -0               -0        10.81661                   10.81661
              5       4.8900646       1.2218623       1.3387021     0.021102516              -0               -0       9.7801292                  9.7801292
              1       5.2699307       1.2374574       1.3348718     0.024876038              -0               -0       10.539861                  10.539861
              4       4.8235017       1.0575221       1.5691593    0.0087684948              -0               -0       9.6470033                  9.6470033
              5        5.514777      0.94510119       1.5802542     0.011455446              -0               -0       11.029554                  11.029554
              4       4.8328006       1.0516604       1.4724006    -0.031090318              -0               -0       9.6656011                  9.6656011
              2       4.8570928       1.0467478       1.4799346    -0.032972827              -0               -0       9.7141855                  9.7141855
              1       4.5820051       1.0227199       1.4968265    -0.011547107              -0               -0       9.1640102                  9.1640102
              2       4.4970262       1.0289156       1.4839272   0.00016431746              -0               -0       8.9940524                  8.9940524
              1       4.7299276       1.1871784       1.4018027   -0.0030227136              -0               -0       9.4598551                  9.4598551
              1       5.2041482        1.114399       1.5356809    -0.035289155              -0               -0       10.408296                  10.408296
              1       5.1633092      0.95839126        1.631055    -0.054278219              -0               -0       10.326618                  10.326618
              7       5.0076613       0.9344751       1.6450327    -0.025896939              -0               -0       10.015323                  10.015323
              5       5.1741913      0.98893338       1.5148077   0.00052856217              -0               -0       10.348383                  10.348383
              2       4.9767049       1.0052054       1.5007644   -0.0057761902              -0               -0       9.9534098                  9.9534098
              1       5.8931646       1.1529436       1.4876595     0.011589473              -0               -0       11.786329                  11.786329
              1       6.7319053       1.1897359       1.4767523    -0.028799405              -0               -0       13.463811                  13.463811
              2       7.5347325       1.2290232       1.4405647    -0.028171345              -0               -0       15.069465                  15.069465
              9       7.5094135       1.2295845       1.4391152     -0.02794242              -0               -0       15.018827                  15.018827
              3       5.1307846       1.0827866        1.566133    -0.053627426              -0               -0       10.261569                  10.261569
              3       5.0770328       1.1294114       1.5010073    0.0018473028              -0               -0       10.154066                  10.154066
              3        6.320847       1.2184889       1.4191629  -7.7717012e-05              -0               -0       12.641694                  12.641694
              1       6.9267141      0.94157913       1.5336255     0.031888229              -0               -0       13.853428                  13.853428
              2       6.9348416      0.95886174       1.5042522      0.04239665              -0               -0       13.869683                  13.869683
              3       7.5129987      0.97888845        1.451236     0.037300289              -0               -0       15.025997                  15.025997
              4       6.4272932      0.99256537        1.460028     0.028127563              -0               -0       12.854586                  12.854586
              2       6.5314049      0.96747846       1.4982152     0.024388001              -0               -0        13.06281                   13.06281
              3          5.2764       0.9848899       1.5353407    -0.024006361              -0               -0         10.5528                    10.5528
              6       4.7841725       1.0392839       1.5845867    -0.059413873              -0               -0        9.568345                   9.568345
              2       4.6086829      0.99324363       1.6216931    0.0037240803              -0               -0       9.2173659                  9.2173659
              1       5.2159536      0.99389876       1.5206716    -0.020731608              -0               -0       10.431907                  10.431907
              3       5.2337452      0.98879455       1.5349097    -0.027583159              -0               -0        10.46749                   10.46749
              1       4.2379286       1.0989413       1.4478836    -0.023538247              -0               -0       8.4758573                  8.4758573
              5       4.2515078       1.1040377        1.441186    -0.022597332              -0               -0       8.5030156                  8.5030156
              3       4.6109723        1.108724       1.4503567     0.044404417              -0               -0       9.2219446                  9.2219446
              2       4.8563161       1.1610513       1.3735564     0.057026526              -0               -0       9.7126322                  9.7126322
              2       5.1212286       1.1862077       1.3703892     0.052351599              -0               -0       10.242457                  10.242457
              9       5.2881724       1.2610678       1.2684905     0.022943264              -0               -0       10.576345                  10.576345
              1       5.6188102       1.1640572       1.2731558     0.042838252              -0               -0        11.23762                   11.23762
              1       5.2862156       1.1401325       1.3101733     0.030553305              -0               -0       10.572431                  10.572431
              1       5.3256618       1.1427893       1.3063454     0.030025092              -0               -0       10.651324                  10.651324
              2       5.5017271       1.1468836       1.2947857     0.034473772              -0               -0       11.003454                  11.003454
              1       5.0156899       1.1142726       1.3482933       0.0465341              -0               -0        10.03138                   10.03138
              2       4.8381133       1.1611075       1.3445915      0.06067007              -0               -0       9.6762265                  9.6762265
              5       6.9315863        1.131531       1.3220956      0.10993911              -0               -0       13.863173                  13.863173
              1        6.257527       1.2093458       1.2112356     0.061913147              -0               -0       12.515054                  12.515054
              4       5.7671599       1.2608505       1.2045729     0.052197486              -0               -0        11.53432                   11.53432
              5         6.29324       1.2799542       1.2588987     0.070758505              -0               -0        12.58648                   12.58648
              3       4.8561107       1.1867708       1.2923592     0.035015833              -0               -0       9.7122213                  9.7122213
              7       4.6229588       1.0835736       1.5111452     0.026512063              -0               -0       9.2459176                  9.2459176
              1       4.2158959       1.1234363       1.4262965     0.033124293              -0               -0       8.4317918                  8.4317918
              1       4.1166225       1.0847891       1.4595808     0.030678032              -0               -0       8.2332449                  8.2332449
              2       3.8888618       1.0782749       1.4799156     0.013636272              -0               -0       7.7777235                  7.7777235
              5       7.4399882       1.1230076        1.362077      0.11742379              -0               -0       14.879976                  14.879976
              1       6.3857033       1.2074977       1.2953719     0.098129373              -0               -0       12.771407                  12.771407
              9       4.1702987      0.99050496        1.601912   -0.0095585518              -0               -0       8.3405974                  8.3405974
              2       4.2029267      0.98536965       1.6035129    -0.010827474              -0               -0       8.4058533                  8.4058533
              3       4.4360979       1.1718891       1.3778707   -0.0091607361              -0               -0       8.8721958                  8.8721958
              6       4.2073349       1.1293235       1.3915282      0.03503274              -0               -0       8.4146698                  8.4146698
              3       5.4941841       1.2746323       1.2477022      0.03741199              -0               -0       10.988368                  10.988368
              1       4.4915536       1.1635744       1.4224803     0.010193707              -0               -0       8.9831071                  8.9831071
              1       4.8204222        1.169432        1.428063    -0.025341737              -0               -0       9.6408444                  9.6408444
              4       4.3088319        1.077087       1.4533844    -0.018966048              -0               -0       8.6176637                  8.6176637
              7       4.3231447       1.0375028       1.4839629   -0.0043695024              -0               -0       8.6462894                  8.6462894
              4       4.0145103       1.1008553       1.4220396     0.011219189              -0               -0       8.0290206                  8.0290206
              1       5.7576768      0.98775904       1.4957117     0.039386678              -0               -0       11.515354                  11.515354
              8       9.7858166       1.1536002       1.5752812    -0.016974985              -0               -0       19.571633                  19.571633
              5       8.6660441      0.95954426       1.7921589    -0.037844361              -0               -0       17.332088                  17.332088
              2       10.060316      0.84260938       1.9187422    -0.041586432              -0               -0       20.120632                  20.120632
              3       10.243773         1.10829       1.5934813     0.030831024              -0               -0       20.487546                  20.487546
              5        9.106214        1.199409       1.3814608      0.10704965              -0               -0       18.212428                  18.212428
              2       8.0899117      0.83363688        1.738881     -0.01613767              -0               -0       16.179823                  16.179823
              2       8.4401004      0.82328506       1.7558875    -0.025713733              -0               -0       16.880201                  16.880201
              1       7.0027143      0.91850076       1.5776837   -0.0027511446              -0               -0       14.005429                  14.005429
              4       6.6992889      0.92789096       1.5670749    0.0040657816              -0               -0       13.398578                  13.398578
              2        6.783179       1.2655565       1.3403116     0.039875878              -0               -0       13.566358                  13.566358
              2       6.2731675       1.3123241       1.1840602     0.062039623              -0               -0       12.546335                  12.546335
              6       4.3149389        1.132043       1.4557255     0.013035907              -0               -0       8.6298777                  8.6298777
              9       4.1974317       1.0765703       1.4604472     0.034223135              -0               -0       8.3948635                  8.3948635
              5       5.0575587       1.0347972       1.5328877     0.045700643              -0               -0       10.115117                  10.115117
              6       4.7021007       1.0783888       1.4856057     0.043994301              -0               -0       9.4042015                  9.4042015
              2       4.6461183      0.97659378       1.5785858     0.014789204              -0               -0       9.2922366                  9.2922366
              5       6.0262574      0.88609693          1.7002    -0.021148282              -0               -0       12.052515                  12.052515
              2       6.1545137      0.88117211       1.7062568    -0.021399117              -0               -0       12.309027                  12.309027
              1       6.7543798      0.95043178       1.7133948     0.011346949              -0               -0        13.50876                   13.50876
              1       5.8036554      0.97728901       1.6314613     0.032113581              -0               -0       11.607311                  11.607311
              8       4.4219675       1.1136221       1.4938309    0.0040737859              -0               -0       8.8439349                  8.8439349
              1       6.0857965       1.1014965       1.5420453    -0.076914208              -0               -0       12.171593                  12.171593
              1       6.0474634        1.159706       1.4488365    -0.064683375              -0               -0       12.094927                  12.094927
              3       5.4077188       1.0976355       1.4718278    -0.061192546              -0               -0       10.815438                  10.815438
              1       5.9050644       1.1067986       1.4590811    -0.068131154              -0               -0       11.810129                  11.810129
              4       4.3883854       1.1740625       1.3448759     0.011289142              -0               -0       8.7767709                  8.7767709
              3       5.9032373       1.1220278       1.3109476     0.067868633              -0               -0       11.806475                  11.806475
              1       5.4315082       1.0387619       1.4595525     0.063645294              -0               -0       10.863016                  10.863016
              3       4.4652736       1.1358578       1.4668487     0.003058918              -0               -0       8.9305473                  8.9305473
              5       4.1748379       1.0212568       1.5757332    -0.037079433              -0               -0       8.3496758                  8.3496758
              1       5.0608205      0.99204993       1.5638732    -0.045751153              -0               -0       10.121641                  10.121641
              1       5.0510984       1.0619355        1.484807    -0.048823135              -0               -0       10.102197                  10.102197
             22       5.1240144       1.0930331       1.4718869    -0.054836522              -0               -0       10.248029                  10.248029
              5       4.3679796       1.1557808       1.3938284    -0.013953909              -0               -0       8.7359593                  8.7359593
              4       4.7764505       1.1313206        1.408297    -0.032430825              -0               -0        9.552901                   9.552901
              2       5.0492699       1.1531802       1.3264903     0.064954076              -0               -0        10.09854                   10.09854
              3       3.9833698       1.1070206       1.4326714   -0.0042885756              -0               -0       7.9667397                  7.9667397
              2       4.0139655       1.1112608       1.4238558   -0.0023548774              -0               -0       8.0279309                  8.0279309
              4       5.5066666       1.2581478       1.3102838     0.025446681              -0               -0       11.013333                  11.013333
              2       5.0349567       1.1770684       1.4304164    0.0092785461              -0               -0       10.069913                  10.069913
              4       3.9301306       1.1154769       1.4323623     0.014588378              -0               -0       7.8602612                  7.8602612
              3       4.9225139       1.2161089       1.3408143   -0.0065244369              -0               -0       9.8450279                  9.8450279
              5       5.2720051       1.2104304       1.3458177    -0.025126108              -0               -0        10.54401                   10.54401
             11       5.4091728       1.2013421         1.35185    -0.032650569              -0               -0       10.818346                  10.818346
             15       4.2272677       1.0624956       1.5566168    -0.011661672              -0               -0       8.4545354                  8.4545354
              3        4.571529       1.0133347       1.5423224     0.030870819              -0               -0       9.1430579                  9.1430579
              1       4.1939492       1.1516778       1.4145278     0.013778123              -0               -0       8.3878984                  8.3878984
              3       5.5824537       1.1526681       1.4745358      0.01764851              -0               -0       11.164907                  11.164907
              3       4.5997422       1.0012588       1.5879185      0.01876937              -0               -0       9.1994844                  9.1994844
              3       4.5953366      0.99300147       1.5929372     0.017225823              -0               -0       9.1906732                  9.1906732
              9       4.3705447      0.97707963       1.6437232    -0.024336264              -0               -0       8.7410894                  8.7410894
              2       5.8279208       1.2690104       1.3137254    0.0055206715              -0               -0       11.655842                  11.655842
              1       4.1478528       1.1250751       1.4053231    -0.004833096              -0               -0       8.2957056                  8.2957056
             15        4.301718       1.1296109       1.4044196    -0.013959244              -0               -0       8.6034359                  8.6034359
              4       4.2612716       1.1386284       1.3902036   -0.0062200931              -0               -0       8.5225433                  8.5225433
              2       4.2206124       1.1269087       1.4070883     -0.01074826              -0               -0       8.4412248                  8.4412248
              1       3.9348485        1.088858        1.445045    0.0037560913              -0               -0        7.869697                   7.869697
              2       5.7332526       1.0829844       1.4457494     0.076936166              -0               -0       11.466505                  11.466505
              1       7.0425104       1.0574869       1.5881497     0.037907269              -0               -0       14.085021                  14.085021
              3       6.8780992       1.0577929       1.5853811     0.037295503              -0               -0       13.756198                  13.756198
              2       6.6457939        1.315655       1.1556148     0.028855972              -0               -0       13.291588                  13.291588
              1       6.5611322       1.3091386       1.1618494      0.02730588              -0               -0       13.122264                  13.122264
              9       6.1981828       1.3080509       1.1872471     0.060832061              -0               -0       12.396366                  12.396366
              5       4.5935643       1.1078109       1.3734976     0.032718111              -0               -0       9.1871285                  9.1871285
              5       6.1803676       1.2427812       1.2268379     0.090184444              -0               -0       12.360735                  12.360735
              1       7.1201218       1.0627733       1.5739443     0.045475589              -0               -0       14.240244                  14.240244
              5        5.335637      0.94487291       1.7238472    -0.060495345              -0               -0       10.671274                  10.671274
              1       6.0678722      0.89756672       1.7252397     -0.06351484              -0               -0       12.135744                  12.135744
             10       6.8404599       0.8623081       1.7265305   -0.0052410146              -0               -0        13.68092                   13.68092
              1       5.6421111       1.0411035       1.5175749      0.06130058              -0               -0       11.284222                  11.284222
              3       5.8133034       1.0553759       1.4477641     0.077333228              -0               -0       11.626607                  11.626607
              3       5.2818952       1.0968454       1.4060123     0.072267698              -0               -0        10.56379                   10.56379
              1       4.3534347       1.0935882       1.5138354     0.005695728              -0               -0       8.7068694                  8.7068694
              2       4.0035708       1.0920609       1.4690412    -0.019109234              -0               -0       8.0071416                  8.0071416
              3        3.889088       1.0562692       1.5287501    -0.018734898              -0               -0        7.778176                   7.778176
              1       3.8921134       1.0527586       1.5262871    -0.019229651              -0               -0       7.7842267                  7.7842267
             24       3.8171748       1.0716464       1.4907933   -0.0046247742              -0               -0       7.6343495                  7.6343495
             12       3.9238217       1.0789115       1.4553405     0.010019877              -0               -0       7.8476434                  7.8476434
              3       4.3430722        1.000325       1.5518314    -0.019029494              -0               -0       8.6861443                  8.6861443
              2       4.3565818       1.1791394       1.3567794    0.0075540522              -0               -0       8.7131636                  8.7131636
              1       4.6243212       1.1937135       1.3360024   0.00022591873              -0               -0       9.2486423                  9.2486423
              1       4.4156652       1.0515394       1.4970014    -0.032536306              -0               -0       8.8313305                  8.8313305
              3       4.9911976       1.0090488        1.576608     0.032577219              -0               -0       9.9823952                  9.9823952
              2       4.6914671        1.075811       1.5447412    0.0091210716              -0               -0       9.3829342                  9.3829342
              7       4.1272182       1.1496811       1.3982378     0.020018306              -0               -0       8.2544364                  8.2544364
              8       4.1528399       1.1558355       1.3833213     0.020258807              -0               -0       8.3056799                  8.3056799
              1        4.949237       1.1455416       1.3645611    -0.020129451              -0               -0        9.898474                   9.898474
              4       4.0717902       1.0524685       1.4991692    -0.020170752              -0               -0       8.1435804                  8.1435804
              2       4.0371879        1.046293        1.497166    -0.010847941              -0               -0       8.0743757                  8.0743757
              3       5.5059463       1.0626878       1.6141681    -0.041204301              -0               -0       11.011893                  11.011893
              2       5.2401091        1.185616       1.4318714    -0.018288767              -0               -0       10.480218                  10.480218
              4        4.644871       1.1128504       1.4595345    -0.041908695              -0               -0       9.2897421                  9.2897421
              2       4.7272982       1.1207704       1.4670651    -0.044133132              -0               -0       9.4545965                  9.4545965
              7       8.5166545      0.94590084       1.7220432     -0.12242257              -0               -0       17.033309                  17.033309
             15       6.3395701      0.96718628       1.6633595    -0.090588168              -0               -0        12.67914                   12.67914
              2       6.4655493      0.96310786       1.5853193    -0.064393402              -0               -0       12.931099                  12.931099
              5       4.9142004       1.0723748       1.4525812    -0.034836599              -0               -0       9.8284008                  9.8284008
              3       4.5344404      0.97866372       1.6569268    -0.023568116              -0               -0       9.0688808                  9.0688808
              1       4.4492293      0.99015251       1.6320339   -0.0093959152              -0               -0       8.8984585                  8.8984585
              3       7.0443071      0.88157391       1.7969033    -0.012871846              -0               -0       14.088614                  14.088614
              4       5.4745734       1.2660314       1.2775172     0.038661539              -0               -0       10.949147                  10.949147
              2        6.688214       1.2983223       1.1867463     0.090905213              -0               -0       13.376428                  13.376428
              1       6.3261392       1.2581738       1.1899807     0.083599397              -0               -0       12.652278                  12.652278
              1       5.2598364        1.155693       1.3150541     0.070106843              -0               -0       10.519673                  10.519673
              1       4.5562174       1.1608667       1.4333674    0.0058078617              -0               -0       9.1124347                  9.1124347
              2       4.4549053       1.1594531         1.43109    0.0014555925              -0               -0       8.9098107                  8.9098107
              1       4.7441218       1.0833024       1.5579329    -0.017699511              -0               -0       9.4882436                  9.4882436
              1       5.2318655       1.1029383       1.5431517   -0.0049290456              -0               -0       10.463731                  10.463731
              5        4.299184        1.129411       1.4637266    -0.021642868              -0               -0        8.598368                   8.598368
             12       4.4828749      0.98197977       1.5894361    -0.030750182              -0               -0       8.9657498                  8.9657498
              5       4.3709995       1.0667652       1.5575365   -0.0089940603              -0               -0       8.7419991                  8.7419991
              2       4.1106728       1.0606022       1.4789894     0.026911083              -0               -0       8.2213455                  8.2213455
              7       4.0639694        1.062537       1.4734142     0.024021138              -0               -0       8.1279388                  8.1279388
              4       4.0504164       1.0773246       1.4526863     0.025030629              -0               -0       8.1008327                  8.1008327
              7       4.5552219       1.0608447       1.4993983    -0.041998054              -0               -0       9.1104437                  9.1104437
              1       5.2838215       1.2207557       1.3589989     0.030633056              -0               -0       10.567643                  10.567643
              5       5.2464613       1.2063628       1.3807233     0.029096589              -0               -0       10.492923                  10.492923
              4       5.3830265       1.2657796       1.2702928     0.033985286              -0               -0       10.766053                  10.766053
              4        5.968843       1.2602283        1.228278    0.0031005588              -0               -0       11.937686                  11.937686
              1       4.8745816       1.1847973       1.3131829    0.0028321714              -0               -0       9.7491632                  9.7491632
              3       4.7414581       1.0888346       1.4605211    -0.041352242              -0               -0       9.4829163                  9.4829163
              7       5.4076889      0.99858182       1.5575858    -0.055496823              -0               -0       10.815378                  10.815378
              1       5.5291393       1.0218504       1.5289299    -0.058620406              -0               -0       11.058279                  11.058279
              2       5.3734381       1.1902247       1.2625257     0.037992156              -0               -0       10.746876                  10.746876
              4       3.9871833       1.1031112       1.4500295    -0.012839759              -0               -0       7.9743667                  7.9743667
              5       3.8965905       1.0722153       1.5090424    -0.018119156              -0               -0        7.793181                   7.793181
              5       8.0971474      0.99936329       1.4244388   -0.0062996712              -0               -0       16.194295                  16.194295
              3       7.7871856       1.1779391       1.1991793     0.039278375              -0               -0       15.574371                  15.574371
              2       7.9225159       1.0986324       1.2805933     0.034786332              -0               -0       15.845032                  15.845032
              3       8.1905875       1.1157302       1.2825259      0.11757434              -0               -0       16.381175                  16.381175
              2       6.8023446       1.1984108       1.2030073      0.07291095              -0               -0       13.604689                  13.604689
              2       6.9088543       1.2029873       1.1955302     0.073424508              -0               -0       13.817709                  13.817709
              1       8.9753092      0.86037855        1.652914     0.039271212              -0               -0       17.950618                  17.950618
              4       8.6569135      0.96971035       1.6471944     0.065898324              -0               -0       17.313827                  17.313827
              7       7.8051448       1.2368323       1.4309009     -0.04491645              -0               -0        15.61029                   15.61029
              9       8.6507702        1.013851       1.7402223    -0.094096553              -0               -0        17.30154                   17.30154
              3       7.0583084       1.1205806        1.562435    -0.077307219              -0               -0       14.116617                  14.116617
              3       4.3022266       1.0158319       1.5622888    -0.037333463              -0               -0       8.6044533                  8.6044533
              3       4.8775012      0.96510848       1.6601133    -0.056700307              -0               -0       9.7550023                  9.7550023
              1       4.9605358       0.9537546        1.667309    -0.055472798              -0               -0       9.9210716                  9.9210716
              1       4.8114099        1.009348       1.5628057    -0.050162196              -0               -0       9.6228198                  9.6228198
              3       4.1176202       1.1091521       1.4092162     0.028634987              -0               -0       8.2352405                  8.2352405
              3        3.956809       1.0910914       1.4406835      0.01801659              -0               -0       7.9136181                  7.9136181
              4       4.2288469        1.070048       1.4446344     0.029179695              -0               -0       8.4576938                  8.4576938
              2       5.0732386       1.2348465       1.3222685    0.0028009219              -0               -0       10.146477                  10.146477
              3       5.5011132       1.2338897       1.2903269     -0.01300547              -0               -0       11.002226                  11.002226
              2       7.0454231       1.3321457        1.238668   -0.0040050294              -0               -0       14.090846                  14.090846
              1       7.1193368       1.1772808       1.2181542     0.034880781              -0               -0       14.238674                  14.238674
              5       6.4643901       1.0907577       1.3448088   -0.0020259884              -0               -0        12.92878                   12.92878
              2       4.9937784        1.200202       1.3451574     0.050165485              -0               -0       9.9875567                  9.9875567
              4       5.1348047       1.1878222       1.3443626     0.062492467              -0               -0       10.269609                  10.269609
              4       4.7219952       1.1866708        1.350655     0.046377132              -0               -0       9.4439905                  9.4439905
              1       3.9466442       1.1085746       1.4394454     0.018770345              -0               -0       7.8932884                  7.8932884
              7       4.3898553       1.1551563       1.4080591     0.028549089              -0               -0       8.7797105                  8.7797105
              2       5.4541637        1.197418       1.2821147     0.075784121              -0               -0       10.908327                  10.908327
              1       5.2328828       1.1392322       1.3418573     0.072329414              -0               -0       10.465766                  10.465766
              6       8.7841177       1.1965845       1.1602823       0.1108877              -0               -0       17.568235                  17.568235
              3       4.9551535       1.0249042       1.5734515    -0.062374058              -0               -0       9.9103071                  9.9103071
              2       4.8064547       1.1726717       1.3204912    0.0054273611              -0               -0       9.6129093                  9.6129093
             12        4.849021       1.1531669       1.3420778   -0.0046574805              -0               -0        9.698042                   9.698042
              3       5.5949676        1.215414       1.2597836    0.0046620344              -0               -0       11.189935                  11.189935
              1       5.6141536       1.1481264       1.2921459     0.027336889              -0               -0       11.228307                  11.228307
              1       5.5370093        1.139404        1.304463     0.023920868              -0               -0       11.074019                  11.074019
              1       6.9924771       1.1584912       1.2479477     0.018203281              -0               -0       13.984954                  13.984954
              1       7.0313668       1.1241166       1.2898252    0.0051940533              -0               -0       14.062734                  14.062734
              3       6.8577257       1.1590061       1.4866455    -0.075352236              -0               -0       13.715451                  13.715451
             19       5.9675899       1.0510453       1.6339933    -0.022861176              -0               -0        11.93518                   11.93518
              1       6.3383199        1.124901       1.5472192   -0.0097162455              -0               -0        12.67664                   12.67664
              6       5.3949888       1.1007734       1.5551153    -0.012620947              -0               -0       10.789978                  10.789978
              1       5.3008054       1.1800189       1.4422099   -0.0021751639              -0               -0       10.601611                  10.601611
              1       6.0352156       1.2056583       1.4106651     0.027807929              -0               -0       12.070431                  12.070431
              4       4.7289295       1.1489453        1.394015     0.051757407              -0               -0        9.457859                   9.457859
              1       4.4537858       1.1174243       1.4864096    -0.033019827              -0               -0       8.9075716                  8.9075716
              5       4.6892298       0.9829928       1.5890973    -0.040263181              -0               -0       9.3784596                  9.3784596
              2        4.666735      0.98683663       1.5863948      -0.0413467              -0               -0         9.33347                    9.33347
             10       4.2082625      0.99492083       1.6086773    -0.032299916              -0               -0       8.4165251                  8.4165251
              9       4.1321726       1.0057206       1.6043477    -0.028061833              -0               -0       8.2643452                  8.2643452
              1       4.1379247       1.0032263       1.6072966    -0.026508186              -0               -0       8.2758495                  8.2758495
              6       4.1541875      0.99312531       1.6066226    -0.024867256              -0               -0        8.308375                   8.308375
              4       4.3821725       1.0440809       1.5408178     0.022642104              -0               -0       8.7643449                  8.7643449
              1       4.3262718       1.0097128       1.5266016     0.013364536              -0               -0       8.6525435                  8.6525435
              1       4.4918093       1.0648871       1.4313578     0.010708244              -0               -0       8.9836185                  8.9836185
              4       5.5666172       1.2329343       1.2379564     0.067582702              -0               -0       11.133234                  11.133234
              2       5.6934483       1.2137751       1.2375537     0.068669338              -0               -0       11.386897                  11.386897
              1        4.384703       1.1479412       1.3955734     0.039042181              -0               -0        8.769406                   8.769406
              1       5.8192649       1.1037373       1.4637083    -0.067436248              -0               -0        11.63853                   11.63853
              3       5.8765495       1.0919524       1.4800832    -0.070873608              -0               -0       11.753099                  11.753099
              2       5.6012027       1.0640474       1.5421285    -0.074924526              -0               -0       11.202405                  11.202405
              1       4.6089075       1.1127356       1.4710694    -0.042379773              -0               -0       9.2178151                  9.2178151
              1       7.3483916       1.1313994        1.454757    -0.090208127              -0               -0       14.696783                  14.696783
              3       7.4130197       1.2066646       1.3271605    -0.064976874              -0               -0       14.826039                  14.826039
              2       5.1340596       1.1688393       1.3790908    -0.035295159              -0               -0       10.268119                  10.268119
              2       5.6906087       1.1965141       1.3591771    -0.041921286              -0               -0       11.381217                  11.381217
              9       5.7838013       1.1594884       1.4198521    -0.058458301              -0               -0       11.567603                  11.567603
              4       7.0222902       1.1346691        1.471705     -0.08733614              -0               -0        14.04458                   14.04458
              2       6.8528328       1.1338569       1.4610156    -0.083988638              -0               -0       13.705666                  13.705666
              3       6.3926015       1.0994639       1.5027268     -0.08346091              -0               -0       12.785203                  12.785203
              4       5.6165468       1.0836025       1.5225564    -0.072905934              -0               -0       11.233094                  11.233094
              2       5.7991661       1.1689415       1.3346807    -0.033162778              -0               -0       11.598332                  11.598332
             13       6.3376701       1.2593155       1.2564378    -0.022042744              -0               -0        12.67534                   12.67534
              3       6.8081593      0.85561424       1.8152356    -0.062593396              -0               -0       13.616319                  13.616319
              1       6.7321447      0.85421739       1.8037392    -0.056271572              -0               -0       13.464289                  13.464289
              3       4.8217357      0.94388716       1.6926349    -0.040017991              -0               -0       9.6434715                  9.6434715
             11        4.644109      0.98728813       1.6615502    -0.040729619              -0               -0       9.2882181                  9.2882181
              2       4.2651745       1.0123857       1.5650376     0.014254613              -0               -0       8.5303491                  8.5303491
              2       4.2157362       1.0972764       1.4105465    0.0092365508              -0               -0       8.4314723                  8.4314723
              5       4.1093825       1.0998446       1.4172778    0.0059566175              -0               -0       8.2187651                  8.2187651
              2        4.273613       1.0999632       1.4038281     0.010022976              -0               -0        8.547226                   8.547226
              2       4.4999476       1.1355917        1.361746    0.0062496084              -0               -0       8.9998953                  8.9998953
              1       4.4258313       1.1300848       1.3742141    0.0018218239              -0               -0       8.8516626                  8.8516626
              7       5.0295286       1.0202806       1.4741258   -0.0016038265              -0               -0       10.059057                  10.059057
              3       5.1326713        1.101544       1.3661946     0.058629908              -0               -0       10.265343                  10.265343
              8       5.9409985       1.1120388       1.5436797      0.00456927              -0               -0       11.881997                  11.881997
              1       4.7858313       1.0818956       1.4029355     0.048258109              -0               -0       9.5716626                  9.5716626
              3        6.018587      0.98569672        1.698622    -0.016127662              -0               -0       12.037174                  12.037174
              5        7.443576      0.97287838       1.7688439    -0.075400791              -0               -0       14.887152                  14.887152
              3       6.8990027      0.94891111       1.7812343     -0.06402574              -0               -0       13.798005                  13.798005
              1       4.7705669       1.0108363       1.6457882    -0.031288871              -0               -0       9.5411337                  9.5411337
              4        4.796896       1.0247062       1.6320824    -0.029916753              -0               -0        9.593792                   9.593792
              1       4.9460769      0.97600829       1.6451625    -0.061107309              -0               -0       9.8921538                  9.8921538
              4       4.5042264      0.97921963       1.5897729    -0.028697543              -0               -0       9.0084528                  9.0084528
              2       4.5713994      0.97428866       1.5861388    -0.022225806              -0               -0       9.1427987                  9.1427987
             12        4.235561       0.9901413       1.5774659    -0.015351708              -0               -0        8.471122                   8.471122
             13        3.898166       1.0688281       1.4962235     -0.01633096              -0               -0        7.796332                   7.796332
              6       4.0810956       1.1194958       1.4088096     0.028270447              -0               -0       8.1621912                  8.1621912
              4       4.3662813       1.1817378       1.3648354     0.020417202              -0               -0       8.7325626                  8.7325626
              9       6.1771387      0.97206348        1.671331     0.018697091              -0               -0       12.354277                  12.354277
              4       6.2715556        1.177061       1.3612288     0.087102775              -0               -0       12.543111                  12.543111
              2       8.4009944       1.1700808       1.3375677      0.12957113              -0               -0       16.801989                  16.801989
              6       6.1134573       1.2679955       1.1937382     0.075341986              -0               -0       12.226915                  12.226915
              2       5.3379004       1.2283786       1.2563256     0.062742183              -0               -0       10.675801                  10.675801
              1       5.1976091      0.97676157       1.6976704    -0.053845008              -0               -0       10.395218                  10.395218
              1       5.1982654       0.9794567       1.6946646    -0.055080749              -0               -0       10.396531                  10.396531
              2       5.1423482      0.97247438       1.6974398    -0.055566601              -0               -0       10.284696                  10.284696
              1       5.4320812       1.0717077       1.4262734    -0.030543685              -0               -0       10.864162                  10.864162
              7       5.6156099        1.201379       1.2426394     0.050610903              -0               -0        11.23122                   11.23122
              3       5.7920352       1.1812906       1.4607548     -0.01613227              -0               -0        11.58407                   11.58407
              2       4.9708615       1.1314985       1.4932854    -0.040519937              -0               -0        9.941723                   9.941723
              1       5.7840642       1.2248244       1.3663389    -0.033185628              -0               -0       11.568128                  11.568128
              1       6.0334058       1.2193575       1.3926277    -0.038243066              -0               -0       12.066812                  12.066812
              9        6.421174       1.2440628       1.3224856     0.068759521              -0               -0       12.842348                  12.842348
              3       5.8411693       1.2494166       1.3527609    0.0002724324              -0               -0       11.682339                  11.682339
              2       5.1308098       1.1382842       1.4976481    -0.033209499              -0               -0        10.26162                   10.26162
              1       6.1079872       1.0828038       1.4951862     -0.07692159              -0               -0       12.215974                  12.215974
              1       5.4542902       1.0361644        1.520039    -0.060439201              -0               -0        10.90858                   10.90858
              1       6.5195229      0.95941332       1.6464191    -0.087166127              -0               -0       13.039046                  13.039046
             10       4.6652555      0.99308415       1.5428508    -0.017589377              -0               -0       9.3305111                  9.3305111
              1       4.1851461        1.015473       1.5368002    -0.017061711              -0               -0       8.3702923                  8.3702923
              3       4.1147176       1.0348412       1.5035203   -0.0073114985              -0               -0       8.2294352                  8.2294352
              1        6.224591      0.93962396       1.5819456    -0.029645379              -0               -0       12.449182                  12.449182
              5       4.3116935       1.1036092       1.4250097    -0.016297981              -0               -0        8.623387                   8.623387
              3       5.9057313      0.96653649       1.5583554     0.049235612              -0               -0       11.811463                  11.811463
              5       6.1131554      0.94462681        1.571433     0.038249304              -0               -0       12.226311                  12.226311
              3        6.945656      0.89612734       1.6595577    -0.048549903              -0               -0       13.891312                  13.891312
              1       6.1109381      0.88872319       1.7601719    -0.065170755              -0               -0       12.221876                  12.221876
              4          4.5954       0.9807929        1.649729    -0.048847168              -0               -0          9.1908                     9.1908
              2       4.2649267       1.1347964       1.4515235    -0.018727618              -0               -0       8.5298534                  8.5298534
              5       4.8117655        1.140277       1.4574624    -0.040037212              -0               -0       9.6235311                  9.6235311
              2       4.7286656       1.0650887       1.4954864    -0.046583882              -0               -0       9.4573311                  9.4573311
              6       4.2554981       1.0322817       1.5867297    -0.039361097              -0               -0       8.5109961                  8.5109961
              1       4.0771632       1.0739261       1.5246479    -0.028819773              -0               -0       8.1543265                  8.1543265
              1       3.8937485       1.0409634       1.5237519    -0.012040547              -0               -0       7.7874969                  7.7874969
              1       4.3596694       1.0301226       1.5222782    -0.030205763              -0               -0       8.7193388                  8.7193388
              4       4.2362943       1.0191004       1.5355369    -0.023463178              -0               -0       8.4725886                  8.4725886
              5       5.3779683      0.91211394       1.7394091    -0.045522096              -0               -0       10.755937                  10.755937
              7       4.4326544      0.97739809        1.651643    -0.031074664              -0               -0       8.8653088                  8.8653088
              1       4.2708096       1.0125996       1.5430571     0.018169695              -0               -0       8.5416193                  8.5416193
              5       5.0340985        1.240114       1.2747391     0.025263936              -0               -0       10.068197                  10.068197
              2       4.1772771       1.1497425       1.3731127     0.024838733              -0               -0       8.3545541                  8.3545541
              1       4.7065707       1.0557338        1.431174     0.029499411              -0               -0       9.4131413                  9.4131413
              3       4.9599457        1.078276        1.390004     0.028433297              -0               -0       9.9198915                  9.9198915
              3       5.6735325       1.0469456       1.4038403     0.032867112              -0               -0       11.347065                  11.347065
              3       5.6596567       1.0465957       1.4047957     0.032532587              -0               -0       11.319313                  11.319313
              4       8.8895924       1.0804215       1.5241576     0.087583388              -0               -0       17.779185                  17.779185
              2       8.8709303       1.0792836       1.5271557     0.086256676              -0               -0       17.741861                  17.741861
              1       7.1626966       1.1689888       1.3390029      0.11159537              -0               -0       14.325393                  14.325393
             12       5.5395623       1.2512627       1.3284845      0.02069838              -0               -0       11.079125                  11.079125
              1        6.156147       1.2361441       1.2377438   -0.0045611612              -0               -0       12.312294                  12.312294
              1       6.2576612       1.1250154       1.2934728     0.032108993              -0               -0       12.515322                  12.515322
              1       5.6620812       1.1374264        1.296832     0.045157047              -0               -0       11.324162                  11.324162
              8       4.6551265        1.038894       1.4577134     0.011047956              -0               -0        9.310253                   9.310253
              2       5.0563465       1.1597281       1.4187023    -0.041292408              -0               -0       10.112693                  10.112693
              8        5.054115       1.1560293        1.424231    -0.042572048              -0               -0        10.10823                   10.10823
              4       4.8676064       1.1912419        1.294587     0.020171149              -0               -0       9.7352128                  9.7352128
              7       4.8552584       1.1733938       1.3763849     0.049690858              -0               -0       9.7105168                  9.7105168
              6       5.7365548       1.2775731       1.2543784     0.052501101              -0               -0        11.47311                   11.47311
              3       4.6144973       1.1138973       1.4163598     0.052853121              -0               -0       9.2289946                  9.2289946
              7       5.1082624       1.0046645       1.5000067    -0.010752548              -0               -0       10.216525                  10.216525
              1       4.9474096      0.96353456       1.5737877   -0.0080953696              -0               -0       9.8948192                  9.8948192
              1       5.6008153      0.93070865       1.6444507     0.020088076              -0               -0       11.201631                  11.201631
              1       5.8661907       1.0701743        1.416377     0.081124687              -0               -0       11.732381                  11.732381
              1       6.1087226       1.2406183       1.3356219      0.05520142              -0               -0       12.217445                  12.217445
              2       5.5061443      0.94719644       1.5891239      0.02486007              -0               -0       11.012289                  11.012289
              1       7.2510014       1.0948984       1.3092782     0.014940475              -0               -0       14.502003                  14.502003
              2       8.1411529       1.0148801       1.5048032    -0.083767947              -0               -0       16.282306                  16.282306
              4       7.1906403      0.85101964       1.8174349    -0.073760426              -0               -0       14.381281                  14.381281
              4       4.4544084        1.185348       1.3382911     0.032362189              -0               -0       8.9088168                  8.9088168
              2       4.3272929       1.1780683       1.3700083    0.0073126193              -0               -0       8.6545859                  8.6545859
              4       4.3781134        1.116428       1.4948139   -0.0081102092              -0               -0       8.7562268                  8.7562268
              1       4.4263749       1.0936323       1.5299535    -0.014131998              -0               -0       8.8527498                  8.8527498
              2       5.5871819       1.0936133       1.5286818     0.030082818              -0               -0       11.174364                  11.174364
              3       3.8996432       1.0526939        1.509802    -0.014620999              -0               -0       7.7992863                  7.7992863
              1       4.2116984       1.1545693       1.3653579     0.023109212              -0               -0       8.4233968                  8.4233968
              1       4.5123315       1.1273266       1.3590457     0.034281511              -0               -0       9.0246631                  9.0246631
              5       4.1251468        1.014865       1.5766728     -0.03243522              -0               -0       8.2502935                  8.2502935
             10       4.1710571       1.0907581       1.4221002    0.0056994667              -0               -0       8.3421142                  8.3421142
              2       4.4085039        1.042157       1.5279205     -0.04098888              -0               -0       8.8170078                  8.8170078
              1       4.7820496       1.0392354       1.5136374    -0.044430895              -0               -0       9.5640991                  9.5640991
              2       4.9127458       1.0789727       1.4601674    -0.041922546              -0               -0       9.8254916                  9.8254916
              1       4.7106183       1.1361516       1.3391631     0.036176614              -0               -0       9.4212366                  9.4212366
              2       3.8650039       1.0768968       1.4764042   -0.0070722566              -0               -0       7.7300079                  7.7300079
              1       4.7002489      0.96289784       1.5908731   -0.0027162835              -0               -0       9.4004979                  9.4004979
              2       5.3169417      0.91870621       1.7210374    -0.052911327              -0               -0       10.633883                  10.633883
              1       4.7080943       1.0143426       1.6391924    -0.030097416              -0               -0       9.4161885                  9.4161885
              9       5.1460034       1.1482518       1.4861997    -0.021016947              -0               -0       10.292007                  10.292007
              2       4.9529549       1.1341966       1.4975928     -0.01276388              -0               -0       9.9059098                  9.9059098
              6       4.5575504         1.03257       1.6103828    -0.042740773              -0               -0       9.1151008                  9.1151008
              1       5.2129526       1.1580545       1.4736693     -0.01234306              -0               -0       10.425905                  10.425905
              2       5.8950334       1.1663719       1.4829564    -0.038711764              -0               -0       11.790067                  11.790067
              2       6.1390969       1.1504745       1.3275522    -0.028890536              -0               -0       12.278194                  12.278194
              4       4.4319853       1.1175956       1.3724734      0.02540428              -0               -0       8.8639707                  8.8639707
              8        3.894535       1.1080711       1.4509757     -0.00380037              -0               -0       7.7890701                  7.7890701
              3        4.472887       1.0931892       1.4379751    -0.024814622              -0               -0        8.945774                   8.945774
              1        5.711531       1.2580782       1.2398603    0.0059746239              -0               -0       11.423062                  11.423062
              4       5.2227699       1.2391545       1.2608361     0.053288631              -0               -0        10.44554                   10.44554
              4        5.074973       1.1304702       1.3807303     0.068891565              -0               -0       10.149946                  10.149946
              1       3.9239022       1.1028144       1.4478322   -0.0066997063              -0               -0       7.8478044                  7.8478044
              4       4.4729805       1.1168024       1.3811875    0.0035631939              -0               -0        8.945961                   8.945961
              8       4.1471176      0.99115407       1.6050806    -0.020086242              -0               -0       8.2942352                  8.2942352
              9       4.1122251      0.99528436       1.5990739     -0.01931718              -0               -0       8.2244502                  8.2244502
              7       4.8581382       1.0295201       1.4948899    -0.028860367              -0               -0       9.7162765                  9.7162765
              6       4.7928576       1.0718721       1.4115157     0.043677004              -0               -0       9.5857152                  9.5857152
              4       5.5466331         1.23849       1.2539272     0.070411891              -0               -0       11.093266                  11.093266
              1       5.0309288       1.2351474       1.2876957     0.042786726              -0               -0       10.061858                  10.061858
              4       5.4689417       1.1066703        1.506384     0.033874074              -0               -0       10.937883                  10.937883
              1       5.0667796      0.99530466       1.6223997     0.015844313              -0               -0       10.133559                  10.133559
              9       4.4456231       1.0601873       1.4486819     0.036906218              -0               -0       8.8912463                  8.8912463
              2       3.9746838       1.0817763       1.4643734     0.022193361              -0               -0       7.9493677                  7.9493677
              1       4.3166095       1.0367448       1.4889402   -0.0089210534              -0               -0       8.6332189                  8.6332189
              7       4.3159874       1.0367987       1.4889278   -0.0089501333              -0               -0       8.6319747                  8.6319747
              2       4.1748096       1.0812168       1.4295461     0.022303744              -0               -0       8.3496192                  8.3496192
              9       4.9771482      0.97698192       1.5473766     0.019583483              -0               -0       9.9542964                  9.9542964
              2       5.5032478       1.0626952       1.5287101     0.047510588              -0               -0       11.006496                  11.006496
              1       6.2110768       1.2412143       1.2557493     0.091101347              -0               -0       12.422154                  12.422154
              1       5.5361754       1.1669614       1.2739117     0.051591293              -0               -0       11.072351                  11.072351
              1       5.4946014       1.2338856       1.2720526   -0.0044018341              -0               -0       10.989203                  10.989203
              4       5.2658565       1.2218158       1.2912235    -0.005819326              -0               -0       10.531713                  10.531713
              3       5.6141643       1.2387181       1.2699053   -0.0075749856              -0               -0       11.228329                  11.228329
              2       6.8135102       1.2320675       1.1825378     0.033664097              -0               -0        13.62702                   13.62702
              1       7.0136345       1.2414032       1.1689173     0.035481867              -0               -0       14.027269                  14.027269
              2        7.432905       1.3730525       1.1612625     0.060086184              -0               -0        14.86581                   14.86581
              2       7.1524419       1.1337231       1.2796504      0.10215957              -0               -0       14.304884                  14.304884
              4       5.6106247      0.94137841       1.5822388    0.0045685673              -0               -0       11.221249                  11.221249
              1       4.2999178       1.1520899       1.3900048     0.034262896              -0               -0       8.5998355                  8.5998355
              6       4.4697787       1.1785782       1.3368936     0.037291397              -0               -0       8.9395573                  8.9395573
              3       6.2887682      0.86845068       1.7490241    -0.024049094              -0               -0       12.577536                  12.577536
              2        7.558979       0.9741057       1.7521297    -0.099965315              -0               -0       15.117958                  15.117958
              6       6.5288937      0.89706178       1.7514121    -0.081024395              -0               -0       13.057787                  13.057787
              1       4.9082165       1.1316276       1.4875618    -0.040887789              -0               -0        9.816433                   9.816433
              3       4.8683512       1.1646419       1.3086919     0.025610698              -0               -0       9.7367024                  9.7367024
              4       5.0038393      0.99079984       1.5303096     0.032606249              -0               -0       10.007679                  10.007679
              1        4.821707       1.0431552       1.4702001     0.048853287              -0               -0        9.643414                   9.643414
              4       5.2298609      0.99180836       1.6182066     0.023139849              -0               -0       10.459722                  10.459722
              2       4.2561849       1.0409941       1.5757192    -0.004779517              -0               -0       8.5123699                  8.5123699
              4       4.0713148        1.047886        1.542192    0.0077411397              -0               -0       8.1426297                  8.1426297
              1       4.0830727       1.0704157       1.4783394      0.02688278              -0               -0       8.1661454                  8.1661454
              1       4.0209875       1.0629862       1.4726146   -0.0059479452              -0               -0        8.041975                   8.041975
             10       4.2931122       1.0242772       1.5218747    -0.021986043              -0               -0       8.5862243                  8.5862243
              4       7.1360796        1.198329       1.2058802     0.098490095              -0               -0       14.272159                  14.272159
              2       6.9825009       1.2094579       1.2019197     0.097775564              -0               -0       13.965002                  13.965002
              4       6.4395383      0.92731793       1.6830488     0.028392819              -0               -0       12.879077                  12.879077
              3        6.386595      0.92706866       1.6823546     0.027685043              -0               -0        12.77319                   12.77319
              7       7.6132765      0.87104599       1.8368538    -0.094297425              -0               -0       15.226553                  15.226553
              2        5.949659      0.92266178       1.7490758    -0.018595632              -0               -0       11.899318                  11.899318
             13       3.8793578       1.0723513       1.4754136     0.012231879              -0               -0       7.7587157                  7.7587157
              1        5.342483       1.0014656       1.4844626     0.012110403              -0               -0       10.684966                  10.684966
              2       5.9895385       1.0781666       1.4012172    -0.030279079              -0               -0       11.979077                  11.979077
              1        4.582123       1.1234746       1.3897298    -0.014007537              -0               -0        9.164246                   9.164246
             14       4.2648179       1.0496699       1.4724364   -0.0060082061              -0               -0       8.5296357                  8.5296357
              1       4.9926038       1.2038823       1.3869443    0.0086785476              -0               -0       9.9852077                  9.9852077
              4       4.9769218       1.1849321       1.4191533    0.0032622624              -0               -0       9.9538436                  9.9538436
              2       4.3009615       1.1663695       1.4007281     0.010976517              -0               -0        8.601923                   8.601923
              3       3.9960819       1.1218685       1.4191576     0.020931914              -0               -0       7.9921638                  7.9921638
              2       4.0361073       1.1151127       1.4243272     0.026120059              -0               -0       8.0722147                  8.0722147
              1       4.0156123       1.0999858       1.4414946   -0.0095190911              -0               -0       8.0312247                  8.0312247
              2       5.2165108       1.1896725       1.2783613     0.019026545              -0               -0       10.433022                  10.433022
             12       5.2023691       1.1881894       1.2802583     0.018597474              -0               -0       10.404738                  10.404738
              4       5.5967991        1.098607       1.4536818     0.068830209              -0               -0       11.193598                  11.193598
              1       4.3865047       1.1252298       1.4454563     0.030536103              -0               -0       8.7730093                  8.7730093
              2       4.8962595       1.1695976       1.4035982     0.039099632              -0               -0       9.7925189                  9.7925189
              3       5.7339209       1.2358896       1.2656498     0.077842816              -0               -0       11.467842                  11.467842
              1       5.7752141       1.2368551       1.2671931     0.078596335              -0               -0       11.550428                  11.550428
              5       5.2711575       1.1888607       1.3310449     0.069603598              -0               -0       10.542315                  10.542315
              4       5.2388242      0.99310292       1.5688031     0.041476768              -0               -0       10.477648                  10.477648
              8       5.8589266      0.98997597       1.5834678     0.050056164              -0               -0       11.717853                  11.717853
              3       5.4650714       1.0058057       1.5556179     0.050046492              -0               -0       10.930143                  10.930143
              2       7.1565271      0.89268588       1.6865311     0.034114323              -0               -0       14.313054                  14.313054
              3        7.200699      0.84880343       1.7440646    -0.011360819              -0               -0       14.401398                  14.401398
              2       7.6039683      0.91488749       1.7125014     -0.10013611              -0               -0       15.207937                  15.207937
              9       6.3720966      0.96694433       1.6444066    -0.087329193              -0               -0       12.744193                  12.744193
              4        6.640811      0.93030888       1.6593654    -0.077234465              -0               -0       13.281622                  13.281622
              3       6.5038064       1.0168453       1.5036528     -0.06059211              -0               -0       13.007613                  13.007613
              1       6.7386881       1.0290092       1.5708347    -0.093548116              -0               -0       13.477376                  13.477376
              2       5.4271863       1.2168089       1.3448298    -0.027599594              -0               -0       10.854373                  10.854373
              3       5.4822118       1.1693649        1.278424     0.062564078              -0               -0       10.964424                  10.964424
              1       7.0713048       1.2532565       1.1574451     0.090388651              -0               -0        14.14261                   14.14261
              2       6.6851313        1.327365       1.1406728     0.054231447              -0               -0       13.370263                  13.370263
              2       5.8861629       1.1605116       1.4433745    -0.061282756              -0               -0       11.772326                  11.772326
              5       5.3381457       1.1126503       1.5343054     -0.05072524              -0               -0       10.676291                  10.676291
              3       6.6169751       1.1179025       1.3380168    -0.026094707              -0               -0        13.23395                   13.23395
              3       4.6901853       1.0500752        1.472227    -0.025343578              -0               -0       9.3803706                  9.3803706
              2       4.6657352       1.0708612       1.4700682     0.049056639              -0               -0       9.3314704                  9.3314704
              1       4.7706401        1.070581       1.4687359     0.052165523              -0               -0       9.5412802                  9.5412802
              4       4.8296367       1.0669924        1.447703     0.055353135              -0               -0       9.6592735                  9.6592735
              3       5.3549969       1.1022065       1.3858114     0.074079057              -0               -0       10.709994                  10.709994
              4       4.7305651       1.1214437       1.3618475     0.051144155              -0               -0       9.4611301                  9.4611301
              6       5.0755253       1.0431677       1.4384871     0.044551558              -0               -0       10.151051                  10.151051
              5       4.7032322       1.0076614       1.5029918     0.015260136              -0               -0       9.4064644                  9.4064644
              1       4.0763332       1.0849315       1.5170844    -0.005547066              -0               -0       8.1526663                  8.1526663
              4       4.3403356       1.1101572       1.5028581    -0.017626449              -0               -0       8.6806712                  8.6806712
              1       4.2758219        1.049616         1.47872    -0.013146785              -0               -0       8.5516438                  8.5516438
              1        7.620435      0.99140605        1.497047     0.092571343              -0               -0        15.24087                   15.24087
              1       6.9062525      0.98328485       1.5022629      0.07527226              -0               -0       13.812505                  13.812505
              6       5.4195818       1.1392306       1.3474613     0.078711445              -0               -0       10.839164                  10.839164
              2       5.8622872      0.95588678       1.5430855    0.0075531175              -0               -0       11.724574                  11.724574
              3       5.3636642      0.97641686       1.5447685     0.037528575              -0               -0       10.727328                  10.727328
              4        5.364201      0.95864688       1.5762646     0.028589614              -0               -0       10.728402                  10.728402
              4       6.1686878      0.89197207        1.679878    -0.030039381              -0               -0       12.337376                  12.337376
              4       7.6820715       1.0167353        1.418095      0.09128521              -0               -0       15.364143                  15.364143
              2        5.687879       1.2303664       1.3461904     0.045419091              -0               -0       11.375758                  11.375758
              1       5.0245288        1.122287       1.4971398    -0.049208404              -0               -0       10.049058                  10.049058
              1       5.0532394       1.0336919       1.6184505    -0.061837622              -0               -0       10.106479                  10.106479
              3       4.9241295       1.0705457       1.5670026   0.00055236223              -0               -0        9.848259                   9.848259
              2       5.0681739       1.0598211       1.5892861    -0.006473672              -0               -0       10.136348                  10.136348
              5       4.6055375       1.1490928       1.4522738    0.0076069784              -0               -0       9.2110751                  9.2110751
              1         4.91087       1.1811474        1.419714    0.0078317604              -0               -0         9.82174                    9.82174
              5       4.2390345       1.0903855        1.474752     0.029932385              -0               -0       8.4780689                  8.4780689
              2       4.6098158       1.0789828       1.4395741     0.050611633              -0               -0       9.2196316                  9.2196316
             12       4.2128474       1.1238654       1.4112742     0.036297993              -0               -0       8.4256948                  8.4256948
              2       4.0678763       1.0952697       1.4294262     0.027011228              -0               -0       8.1357526                  8.1357526
              5       4.0888782       1.0665709        1.455994     0.020072944              -0               -0       8.1777563                  8.1777563
              3       4.1275311       1.0998152       1.5019235   -0.0071049092              -0               -0       8.2550621                  8.2550621
              4       4.0822468       1.0722591       1.5363534    -0.012672219              -0               -0       8.1644936                  8.1644936
              8       4.1094188       1.0694307       1.5414781    -0.012072928              -0               -0       8.2188376                  8.2188376
             11       4.0544583       1.0446547       1.5668753    -0.017711974              -0               -0       8.1089166                  8.1089166
              2       3.9036493       1.0612886       1.5199326    0.0034502966              -0               -0       7.8072986                  7.8072986
              3       3.8410431       1.0583266       1.5085526    -0.010688155              -0               -0       7.6820863                  7.6820863
              2       5.1252092       1.0772167       1.4711621    -0.050681071              -0               -0       10.250418                  10.250418
              3       5.1568577       1.1015885       1.4127403    -0.033940943              -0               -0       10.313715                  10.313715
              2       5.1839046       1.1174944        1.387605    -0.027836393              -0               -0       10.367809                  10.367809
              2       5.0855311       1.2426629       1.2942655     0.034994213              -0               -0       10.171062                  10.171062
              4        5.231991       1.0545475       1.4137084     0.012267231              -0               -0       10.463982                  10.463982
              8        5.407366       1.0465101       1.4191684     0.010011462              -0               -0       10.814732                  10.814732
              6       5.2883279       1.0665822        1.394841     0.016864149              -0               -0       10.576656                  10.576656
              3       4.3617579       1.1089109       1.5055889    -0.020620913              -0               -0       8.7235157                  8.7235157
              1       4.5675238       1.0986511       1.5315597    -0.024063179              -0               -0       9.1350476                  9.1350476
              2       4.5590963        1.090734       1.5414854    -0.028471704              -0               -0       9.1181926                  9.1181926
              7       4.5478241       1.0865464       1.5454286    -0.032418214              -0               -0       9.0956482                  9.0956482
              3       4.7851084       1.0552872       1.5888671    -0.050439731              -0               -0       9.5702168                  9.5702168
              1       4.6572563       1.0644918       1.5603288    -0.051666866              -0               -0       9.3145125                  9.3145125
              2       5.5039428       1.0690646       1.5770628    -0.070558731              -0               -0       11.007886                  11.007886
              8       14.666295       1.0807436       1.6718672     -0.16313974              -0               -0       29.332589                  29.332589
              2       14.060879       1.0915422       1.6589728       -0.156338              -0               -0       28.121758                  28.121758
              5       13.849157       0.9191656       1.8870125     -0.15658941              -0               -0       27.698314                  27.698314
              2       9.6639271       1.1522212       1.5708694    -0.094073121              -0               -0       19.327854                  19.327854
              1       7.0617538         1.24357       1.4013082    -0.035002805              -0               -0       14.123508                  14.123508
              1       10.221684       1.2777831         1.42654    -0.020730542              -0               -0       20.443367                  20.443367
              2       8.7754814       1.0842969       1.6274519    0.0022918617              -0               -0       17.550963                  17.550963
              1       7.7156422       1.1357202       1.5264701     0.031379164              -0               -0       15.431284                  15.431284
              3       4.6447792      0.95238623       1.6266939    -0.010964222              -0               -0       9.2895584                  9.2895584
              3       4.8411228       1.0998132       1.5278571    -0.047677109              -0               -0       9.6822456                  9.6822456
              1       5.7541422       0.9608951       1.5401559     0.025590664              -0               -0       11.508284                  11.508284
              1       5.3811903      0.91602046       1.6641726    -0.026352365              -0               -0       10.762381                  10.762381
              9       4.7206024       1.1737622       1.3718638    -0.020248696              -0               -0       9.4412048                  9.4412048
              1       4.9272909       1.1768139       1.3750756    -0.027698862              -0               -0       9.8545819                  9.8545819
              4       5.1378021       1.0059793       1.6552827    -0.063614699              -0               -0       10.275604                  10.275604
              3       6.0525863       1.0148053        1.645787    -0.087264902              -0               -0       12.105173                  12.105173
              7       4.7757996       1.2139964       1.3474081     0.016030258              -0               -0       9.5515992                  9.5515992
              2        4.999921       1.2176314       1.3624075    0.0042741629              -0               -0       9.9998419                  9.9998419
              4       4.0681068       1.0829148       1.4744963     0.025345169              -0               -0       8.1362136                  8.1362136
              3       4.1839271       1.0289154       1.5883821    -0.011528283              -0               -0       8.3678541                  8.3678541
              6       3.9450291       1.0741768       1.5052091    0.0082912795              -0               -0       7.8900581                  7.8900581
              7       4.8404454       1.1825194        1.311055     0.055101019              -0               -0       9.6808908                  9.6808908
              3       4.5570666         1.14644       1.3504176    0.0062860123              -0               -0       9.1141331                  9.1141331
              3       3.9815166        1.130264       1.4277501    0.0081027035              -0               -0       7.9630333                  7.9630333
              1       4.4856335       1.0183812       1.5059742   -0.0092426433              -0               -0        8.971267                   8.971267
              1       5.3761312       1.0116892        1.657923    -0.067546547              -0               -0       10.752262                  10.752262
              3       5.3372701       1.0122718       1.6576249    -0.065793741              -0               -0        10.67454                   10.67454
              6       4.7471863       1.0400666       1.6029352    -0.052895419              -0               -0       9.4943725                  9.4943725
              3       4.3920057       1.1100614       1.4583992     0.033363975              -0               -0       8.7840114                  8.7840114
              2       4.8254255        1.002494       1.6058219     0.016418605              -0               -0        9.650851                   9.650851
              2       4.3844396       1.0052271       1.5992636    0.0047972118              -0               -0       8.7688791                  8.7688791
              6       4.1928433       1.0435765       1.5317402     0.019999447              -0               -0       8.3856865                  8.3856865
              6       4.6433605       1.0102485       1.5406745     0.032727286              -0               -0       9.2867209                  9.2867209
              2       4.6571943       1.0101331       1.5399383     0.033220493              -0               -0       9.3143886                  9.3143886
              1       4.5935729       1.0234029       1.5302003     0.035042969              -0               -0       9.1871457                  9.1871457
              2       5.2069895       1.0152534       1.5319662      0.05012386              -0               -0       10.413979                  10.413979
              3       4.0462818       1.0578705       1.4692625    0.0081857677              -0               -0       8.0925636                  8.0925636
              2        4.652341       1.0558824       1.4331859     0.017978391              -0               -0        9.304682                   9.304682
              3       4.3238454       1.1048212        1.503794    -0.028677622              -0               -0       8.6476908                  8.6476908
              9       4.5849431       1.0382271       1.5875327    -0.052678747              -0               -0       9.1698861                  9.1698861
              1       6.2151051      0.96399216       1.6819207    -0.089891803              -0               -0        12.43021                   12.43021
              4         8.07896       1.0644316       1.3950542    -0.053430663              -0               -0        16.15792                   16.15792
              3       7.5795794       1.1088852          1.4033    -0.074344818              -0               -0       15.159159                  15.159159
              2       6.8947891        1.354666        1.150595     0.043367059              -0               -0       13.789578                  13.789578
              3        7.235419       1.3282334       1.2405649     -0.01618121              -0               -0       14.470838                  14.470838
              3       7.5494935       1.0387098        1.624297     -0.10901343              -0               -0       15.098987                  15.098987
              5        5.841548       1.0210838       1.6531806    -0.078528772              -0               -0       11.683096                  11.683096
              1       5.8539674       1.0215752       1.6528021    -0.078744782              -0               -0       11.707935                  11.707935
              3       5.2571624       1.2498559       1.2704135     0.011062382              -0               -0       10.514325                  10.514325
             17       4.2335156       1.1063236       1.4880936    0.0095937721              -0               -0       8.4670312                  8.4670312
              3       4.8771909       1.1720392       1.4271391    -0.025754121              -0               -0       9.7543817                  9.7543817
              5       4.1366575       1.1158754       1.4794938    -0.008759445              -0               -0        8.273315                   8.273315
              2       5.7387319       1.2712312       1.2371864    0.0082805007              -0               -0       11.477464                  11.477464
              4       5.7442143       1.2712584        1.236771    0.0082368798              -0               -0       11.488429                  11.488429
             11        4.090011       1.0656737       1.4960538    -0.026369414              -0               -0       8.1800221                  8.1800221
              1       4.2299328       1.1008954       1.4367861    -0.018472221              -0               -0       8.4598656                  8.4598656
              7       4.1130619       1.1028516       1.4113161      0.02350675              -0               -0       8.2261238                  8.2261238
              2       5.4286129      0.95676303       1.6035924     0.031732446              -0               -0       10.857226                  10.857226
              1       6.2161106      0.87722109       1.7157599    -0.017284708              -0               -0       12.432221                  12.432221
              9       5.4877326      0.90388041       1.7000514    -0.035174951              -0               -0       10.975465                  10.975465
              1       4.6269401       1.0108869       1.5998889     -0.05493347              -0               -0       9.2538803                  9.2538803
              2       4.8955706      0.99693991        1.623459    -0.062465816              -0               -0       9.7911413                  9.7911413
              4       5.1720775       1.0239254       1.6099136    -0.070091421              -0               -0       10.344155                  10.344155
              7       5.4236257      0.99917456       1.6019851    -0.071618973              -0               -0       10.847251                  10.847251
              3       5.1348493        1.041152       1.5208521    -0.056415786              -0               -0       10.269699                  10.269699
              6       5.3061905       1.1971396       1.3917803     0.033516496              -0               -0       10.612381                  10.612381
              3       5.8440864       1.2844735       1.2402447     0.056249765              -0               -0       11.688173                  11.688173
              1       6.0166135       1.2950533       1.2331283     0.056354085              -0               -0       12.033227                  12.033227
              1       4.2452245       1.1226372       1.3822527     0.028948007              -0               -0        8.490449                   8.490449
              2       5.3204716       1.1386898       1.3221563     0.067363824              -0               -0       10.640943                  10.640943
              3       4.8870901       1.1628379       1.3484915     0.062092203              -0               -0       9.7741802                  9.7741802
              2       4.3048441       1.1694805       1.3790819     0.024364364              -0               -0       8.6096882                  8.6096882
              1       5.4230136       1.2649073       1.2365288     0.040220022              -0               -0       10.846027                  10.846027
              4       5.5171182       1.2681201       1.2278151     0.045777865              -0               -0       11.034236                  11.034236
              1       6.5904978       1.3040861       1.2848819       0.0224025              -0               -0       13.180996                  13.180996
              3       6.8341864       1.2757046       1.3305641     -0.03078499              -0               -0       13.668373                  13.668373
              2       5.5177942       1.2460838       1.3331452     0.026073009              -0               -0       11.035588                  11.035588
              2       4.5831734       1.1136914       1.4040848    -0.018496685              -0               -0       9.1663468                  9.1663468
             13        4.858634       1.0931624       1.4312073     -0.03250953              -0               -0        9.717268                   9.717268
              2       4.8032757       1.1094094       1.4686721    -0.047846671              -0               -0       9.6065514                  9.6065514
              7       5.4732746        1.132819       1.4753272    -0.059966057              -0               -0       10.946549                  10.946549
              3       7.0780005       1.2958992       1.2728445     -0.03280046              -0               -0       14.156001                  14.156001
              2       6.7926871      0.94865232       1.5246713     0.032085808              -0               -0       13.585374                  13.585374
              2       5.4733645      0.97361456       1.6446123     0.020044821              -0               -0       10.946729                  10.946729
             13       4.4216677       1.1126305       1.5040131    -0.014290967              -0               -0       8.8433354                  8.8433354
              5       6.2800304        1.168898       1.4846908    -0.051176199              -0               -0       12.560061                  12.560061
              4       4.7693251       1.1223696       1.4854852    -0.043363695              -0               -0       9.5386501                  9.5386501
              4       4.1524617       1.0992028       1.5003845    -0.024267584              -0               -0       8.3049234                  8.3049234
              8       4.7115138       1.1137393       1.4375471    -0.038105165              -0               -0       9.4230275                  9.4230275
              4        4.592384       1.1151007       1.4343197    -0.033881777              -0               -0       9.1847679                  9.1847679
              1       4.5264644       1.0931687       1.5024932    -0.044735367              -0               -0       9.0529288                  9.0529288
              1       4.5638525       1.0983943       1.4973523     -0.04478435              -0               -0        9.127705                   9.127705
              1       4.9404462       1.1413436        1.466236     -0.04213925              -0               -0       9.8808923                  9.8808923
              2       4.6242961       1.1491962       1.4462855    -0.028614421              -0               -0       9.2485921                  9.2485921
              5        5.137067       1.2060703        1.367559    -0.023128272              -0               -0       10.274134                  10.274134
              3       5.4269186       1.2050523       1.4035653    -0.023326505              -0               -0       10.853837                  10.853837
              1       5.3072263       1.1309274       1.5109647    -0.043217528              -0               -0       10.614453                  10.614453
              3       5.1825973       1.1224601       1.5198245    -0.041348809              -0               -0       10.365195                  10.365195
              1        5.158194       1.2490089       1.2893253     0.013416534              -0               -0       10.316388                  10.316388
              1       7.2840865       1.1862493       1.3050864    -0.051230211              -0               -0       14.568173                  14.568173
              3       9.1671898       1.2651057       1.2508006    -0.069805812              -0               -0        18.33438                   18.33438
              2        6.746775       1.2704255       1.1527822     0.052038418              -0               -0        13.49355                   13.49355
              3       8.0245538       1.2009754       1.4262414    -0.085689379              -0               -0       16.049108                  16.049108
              4       6.3996398       1.1939671        1.327776    -0.047247522              -0               -0        12.79928                   12.79928
              1       6.8809987        1.272095       1.3498471    -0.024007144              -0               -0       13.761997                  13.761997
              7       5.1452324       1.0990086       1.4713916     0.052479581              -0               -0       10.290465                  10.290465
             12       4.0422416       1.1048334       1.4457099    -0.014818813              -0               -0       8.0844832                  8.0844832
              6       5.9099535       1.0593476       1.3910733    0.0044736018              -0               -0       11.819907                  11.819907
              2       6.4357481       1.0768823       1.3740393    -0.016342652              -0               -0       12.871496                  12.871496
              3       4.0846206       1.0614713       1.5460528    -0.028347899              -0               -0       8.1692412                  8.1692412
              3       3.9915352       1.0278076       1.5649507    -0.003674539              -0               -0       7.9830704                  7.9830704
              3       5.2217184       1.0041794       1.6506422   -0.0067858608              -0               -0       10.443437                  10.443437
              5       5.7726188       1.0077122       1.6513767    0.0036567108              -0               -0       11.545238                  11.545238
              6       5.1416757       1.2226424       1.3619351   -0.0010419843              -0               -0       10.283351                  10.283351
              2       5.1408515       1.1448828       1.4904063     -0.02626047              -0               -0       10.281703                  10.281703
              1       4.8429819       1.1461064       1.4759504    -0.020068944              -0               -0       9.6859638                  9.6859638
              6       4.8332805       1.1211837       1.4984967    -0.042329258              -0               -0        9.666561                   9.666561
              3       4.8497519       1.1076684       1.5167455    -0.046510696              -0               -0       9.6995038                  9.6995038
              2       4.9425429       1.2042376       1.3540026    -0.016208466              -0               -0       9.8850859                  9.8850859
              3       5.6489556       1.2426215       1.2749036    -0.010831675              -0               -0       11.297911                  11.297911
              5        6.047646       1.0966135       1.3293081     0.052141494              -0               -0       12.095292                  12.095292
              1       5.2561844       1.1856988       1.2713019      0.03700722              -0               -0       10.512369                  10.512369
              1       4.6008226       1.1419994       1.3456812     0.013954821              -0               -0       9.2016453                  9.2016453
              2       4.2604851       1.1199802       1.4210372     0.037830637              -0               -0       8.5209701                  8.5209701
              7       4.4884874       1.0975748       1.5274994    -0.029099438              -0               -0       8.9769747                  8.9769747
              5       4.5463184       1.1065937       1.5176517    -0.028950596              -0               -0       9.0926367                  9.0926367
              4       4.3236689       1.0892762       1.5304037     -0.02533678              -0               -0       8.6473379                  8.6473379
             12       4.1848727       1.0712116       1.5435016    -0.010595502              -0               -0       8.3697455                  8.3697455
              2       6.7812223       1.3243594       1.2165839     0.065675532              -0               -0       13.562445                  13.562445
              1       6.7936153       1.2731714       1.1524534     0.043736123              -0               -0       13.587231                  13.587231
              1       5.6300536       1.1229759       1.3143037      0.05380885              -0               -0       11.260107                  11.260107
              2       4.5647665       1.1028857       1.3983546   -0.0058925337              -0               -0       9.1295329                  9.1295329
              2       4.3119493      0.97493985       1.6208861    -0.012591641              -0               -0       8.6238986                  8.6238986
              1       6.1750033       0.8890822       1.7762479    -0.024087177              -0               -0       12.350007                  12.350007
              1       6.2060587      0.89082036       1.7964496    -0.046011978              -0               -0       12.412117                  12.412117
              1       5.6690723       1.0140902       1.6351815    -0.080726638              -0               -0       11.338145                  11.338145
              4       4.2071665       1.0956861       1.4907141    -0.031997566              -0               -0        8.414333                   8.414333
              3       4.2015792       1.0652701       1.4497866     0.024628225              -0               -0       8.4031584                  8.4031584
              3       4.0872978       1.0077188       1.5816778   -0.0025841947              -0               -0       8.1745956                  8.1745956
              2        4.103646       1.0272733       1.5475004     0.012304813              -0               -0        8.207292                   8.207292
              2       4.1274248       1.1166808       1.4398219    -0.018438093              -0               -0       8.2548495                  8.2548495
              5        4.071641       1.1203312       1.4256343    -0.010277087              -0               -0       8.1432821                  8.1432821
              2       5.4673368       1.1592073       1.2869757     0.060241335              -0               -0       10.934674                  10.934674
              2       5.3331223       1.1603699       1.2933641     0.060960358              -0               -0       10.666245                  10.666245
              5       5.5196984       1.1561459       1.2864236     0.058245254              -0               -0       11.039397                  11.039397
              4        5.336213       1.0185435       1.4836888     0.054164089              -0               -0       10.672426                  10.672426
              3       5.4686666       1.1023709       1.4700457     0.058175274              -0               -0       10.937333                  10.937333
             12       4.3100678      0.99992489       1.6286833    -0.028276297              -0               -0       8.6201356                  8.6201356
              1       4.0751937       1.0261304        1.537375     0.012801253              -0               -0       8.1503875                  8.1503875
              3       3.9172646        1.051504       1.5042092     0.011296336              -0               -0       7.8345293                  7.8345293
              2       3.9492969       1.0543697       1.4973256     0.015021701              -0               -0       7.8985938                  7.8985938
              8       4.3449784       1.1189545       1.4445609    -0.029039582              -0               -0       8.6899567                  8.6899567
              7       4.3400096       1.1718381         1.35973     0.030978432              -0               -0       8.6800192                  8.6800192
             11       4.8139298       1.2131478        1.311493     0.043061863              -0               -0       9.6278597                  9.6278597
              1       4.8085436      0.94455582        1.630226    -0.009282076              -0               -0       9.6170871                  9.6170871
              1       4.5245594      0.95965615       1.6204223    -0.014581146              -0               -0       9.0491187                  9.0491187
              2        4.634451       1.0905338       1.3933579     0.039022426              -0               -0        9.268902                   9.268902
              4       4.4862363       1.0890932       1.4025133      0.03511377              -0               -0       8.9724726                  8.9724726
              6       4.4677896       1.0725334       1.4365472     0.042067983              -0               -0       8.9355793                  8.9355793
              3        4.895759        1.115383        1.356395     0.050861555              -0               -0        9.791518                   9.791518
              3       4.9793335       1.0988329       1.3855912     0.060707575              -0               -0        9.958667                   9.958667
              4       4.2330531       1.0079635       1.5624922     0.012653407              -0               -0       8.4661061                  8.4661061
              2       3.9011939       1.0960388       1.4531823   -0.0055343079              -0               -0       7.8023879                  7.8023879
              2       3.8868084       1.0918905       1.4592243   -0.0060872142              -0               -0       7.7736169                  7.7736169
             15       4.2224363        1.081865       1.4247623     0.015287469              -0               -0       8.4448726                  8.4448726
              2       5.1567468       1.0798631       1.4100289    -0.017148452              -0               -0       10.313494                  10.313494
              7        5.549596       1.0936811       1.5041554    -0.069420051              -0               -0       11.099192                  11.099192
              3        6.861892       1.2091143       1.3480112    -0.061272024              -0               -0       13.723784                  13.723784
              7       4.0712634       1.1294665       1.4394385    -0.010887832              -0               -0       8.1425268                  8.1425268
              2       4.8296608       1.0709457       1.5795939    -0.029678348              -0               -0       9.6593217                  9.6593217
              5       4.4450561       1.0846218       1.5413524    -0.033080902              -0               -0       8.8901121                  8.8901121
              2       4.7980605        1.102633       1.5320064    -0.039022443              -0               -0        9.596121                   9.596121
              2       4.7167048       0.9812164       1.5883544    -0.039267994              -0               -0       9.4334096                  9.4334096
              4       5.8959361      0.90491935       1.6987478    -0.055382899              -0               -0       11.791872                  11.791872
              1       5.6028554      0.94019136        1.672758    -0.067506069              -0               -0       11.205711                  11.205711
              3       6.0280094       1.0882546       1.3616808   -0.0049874904              -0               -0       12.056019                  12.056019
              7         3.94376        1.023756       1.5444713   -0.0024946962              -0               -0         7.88752                    7.88752
              3       4.2894244      0.98467281       1.5859418  -0.00080813326              -0               -0       8.5788488                  8.5788488
              4       4.5555457       1.1974028       1.3300849     0.010374468              -0               -0       9.1110913                  9.1110913
             13       4.2071321       1.0183633       1.5675893    -0.036184541              -0               -0       8.4142641                  8.4142641
              5       4.7088302        0.948011       1.6410737   -0.0073403702              -0               -0       9.4176603                  9.4176603
              3       4.2771324        1.155282       1.3855535     0.032229808              -0               -0       8.5542648                  8.5542648
              4       3.9186817       1.0831563        1.502098  -0.00043457061              -0               -0       7.8373635                  7.8373635
              1       5.9368846        0.979704       1.6137041     -0.07694813              -0               -0       11.873769                  11.873769
              5       4.7264288       1.0475163       1.5804944    -0.056174812              -0               -0       9.4528575                  9.4528575
              1       4.4099067       1.0971363       1.4851621     0.027135161              -0               -0       8.8198135                  8.8198135
             21       4.3067774       1.0345293       1.5667864     -0.04403556              -0               -0       8.6135547                  8.6135547
              2       4.5234383       1.0107249       1.5456577    -0.034352466              -0               -0       9.0468766                  9.0468766
              1       4.4544444      0.98600435       1.5757655    -0.024914074              -0               -0       8.9088887                  8.9088887
              1       5.6136895      0.92116398       1.7349019    -0.017470779              -0               -0       11.227379                  11.227379
              2       6.4816081      0.90525453        1.804636    -0.064131364              -0               -0       12.963216                  12.963216
              4       5.7733615      0.94068033       1.7430953    -0.030851164              -0               -0       11.546723                  11.546723
              2       4.4227467       0.9775123       1.6356039   -0.0099808796              -0               -0       8.8454935                  8.8454935
             10       4.6892836      0.94436366       1.6664405    -0.020853758              -0               -0       9.3785672                  9.3785672
              1       6.9967246      0.87206497        1.770618    -0.078273076              -0               -0       13.993449                  13.993449
              4       7.6881314      0.84413645       1.8004459    -0.076687282              -0               -0       15.376263                  15.376263
              6       7.5925268         1.01244       1.4653996    -0.051541169              -0               -0       15.185054                  15.185054
              4       6.7699205       1.0075752       1.5513407    -0.081302014              -0               -0       13.539841                  13.539841
              3       6.7130385       0.9782323       1.6892081    -0.099406854              -0               -0       13.426077                  13.426077
              5       7.5837536       1.0606251       1.5972493     -0.10724399              -0               -0       15.167507                  15.167507
              1       9.7373833       1.1072499       1.5789601     -0.12340386              -0               -0       19.474767                  19.474767
              2       10.103083       1.1396649       1.5096449     -0.12493751              -0               -0       20.206166                  20.206166
              1       10.137924       1.1406468       1.5119284     -0.12500628              -0               -0       20.275847                  20.275847
              1       6.2021935      0.93706071       1.7219297    -0.086558952              -0               -0       12.404387                  12.404387
              3       3.8293737       1.0695814       1.5063766    -0.008881435              -0               -0       7.6587473                  7.6587473
              2       4.2879434       1.0229735       1.5037921     0.012282069              -0               -0       8.5758869                  8.5758869
              3       4.2775634       0.9932683       1.5616689   0.00069626281              -0               -0       8.5551267                  8.5551267
              1       4.4332188      0.97800128       1.5929552    0.0048872532              -0               -0       8.8664376                  8.8664376
              2       4.8300708       1.1722397       1.3740095     0.050552912              -0               -0       9.6601416                  9.6601416
              2       5.3213331       1.1749591       1.3908739     0.054821446              -0               -0       10.642666                  10.642666
              1        7.044906       1.2877904       1.1869785      0.10527456              -0               -0       14.089812                  14.089812
              1       6.6501621       1.2279359       1.2168721      0.10205853              -0               -0       13.300324                  13.300324
              4       6.4994863       1.2887262       1.1558418     0.049192158              -0               -0       12.998973                  12.998973
              3       5.7873953       1.2784263       1.2028178     0.049096469              -0               -0       11.574791                  11.574791
              3       5.9008218       1.2678092       1.1943901     0.053321152              -0               -0       11.801644                  11.801644
              2        6.801449       1.2196746       1.2073054     0.011847425              -0               -0       13.602898                  13.602898
              5       6.0470674       1.1549225       1.3909795    -0.057434227              -0               -0       12.094135                  12.094135
              1       6.0308227       1.1580534       1.3867752    -0.056200967              -0               -0       12.061645                  12.061645
              4       7.0741599       1.1671106       1.3185142    -0.048271027              -0               -0        14.14832                   14.14832
              1       4.9032901       1.1666677       1.4360591    -0.029017756              -0               -0       9.8065802                  9.8065802
              2       4.2303663       1.0734472       1.4637157     0.035219597              -0               -0       8.4607327                  8.4607327
              5       4.2555741        1.059698       1.4625111     0.031459204              -0               -0       8.5111483                  8.5111483
              1       4.2593749       1.0641129       1.4580178     0.033054919              -0               -0       8.5187499                  8.5187499
              3       4.9118811      0.97052503       1.5602279   -0.0025941544              -0               -0       9.8237621                  9.8237621
              1       6.9316248       1.0348041       1.4346576    -0.037462548              -0               -0        13.86325                   13.86325
              2       8.2415605      0.96268198       1.5554591    -0.075755629              -0               -0       16.483121                  16.483121
              6       9.2794432      0.99536548       1.5137312    -0.090312049              -0               -0       18.558886                  18.558886
              3       10.476998      0.97166438       1.5486208     -0.10535717              -0               -0       20.953996                  20.953996
              2       6.6801674       1.0420713       1.6173646    -0.095996367              -0               -0       13.360335                  13.360335
              1       4.9544186       1.0512213       1.4774805     0.055161285              -0               -0       9.9088371                  9.9088371
              2       4.9766837       1.0734554       1.4788845     0.054188516              -0               -0       9.9533674                  9.9533674
              7        3.905013        1.098019        1.472412    0.0076042009              -0               -0        7.810026                   7.810026
              3       4.2499512       1.0934366       1.5079976    0.0063737188              -0               -0       8.4999025                  8.4999025
              1       4.8400695       1.0329855       1.6199692    -0.051833142              -0               -0       9.6801391                  9.6801391
              3       7.5617229       0.8638241       1.6954108    -0.038830498              -0               -0       15.123446                  15.123446
              2       5.9054608      0.88346979       1.7664958    -0.046313503              -0               -0       11.810922                  11.810922
              3       6.5172336       1.0723624       1.3634185     0.082044742              -0               -0       13.034467                  13.034467
              2       5.2273231       1.0737094       1.4057046     0.062477704              -0               -0       10.454646                  10.454646
              3       5.0295815       1.0735437        1.402637      0.05190025              -0               -0       10.059163                  10.059163
              2        4.818517       1.1184607        1.513167    -0.011112745              -0               -0        9.637034                   9.637034
              1       6.5161345       1.0839222       1.5729989     0.019752679              -0               -0       13.032269                  13.032269
              6       5.7637939        1.011781       1.6295986     0.017640831              -0               -0       11.527588                  11.527588
              7       5.2607539        1.048158       1.4393271     0.058759467              -0               -0       10.521508                  10.521508
              1        5.884258       1.1685336       1.2818235     0.084362229              -0               -0       11.768516                  11.768516
              1       5.9541985       1.1713101       1.2550397     0.061004051              -0               -0       11.908397                  11.908397
              1       4.9427032       1.1838789        1.288908     0.034622086              -0               -0       9.8854063                  9.8854063
              1       4.9783906       1.1798472       1.2893032     0.037588814              -0               -0       9.9567812                  9.9567812
              1       4.9925024       1.1968316       1.3178206     0.059814081              -0               -0       9.9850048                  9.9850048
              3       4.1721221       1.0768216       1.4968713     0.023254792              -0               -0       8.3442441                  8.3442441
              7       5.3269969      0.95172546       1.6899973   -0.0035187195              -0               -0       10.653994                  10.653994
              4       5.1015395      0.97141237       1.6683957   -0.0030417652              -0               -0       10.203079                  10.203079
              3       5.0310006      0.93360445       1.6560537   -0.0019729319              -0               -0       10.062001                  10.062001
             10       5.0955063       0.9208303       1.6788584    -0.025280292              -0               -0       10.191013                  10.191013
              2       4.8662631       1.0019516       1.5898121    -0.057106599              -0               -0       9.7325262                  9.7325262
              5       5.6395985      0.98714896        1.644883    -0.079893201              -0               -0       11.279197                  11.279197
              1       5.0421379       0.9287163       1.6949994    -0.016402601              -0               -0       10.084276                  10.084276
              1       4.7498162      0.94744179       1.6534272   -0.0065377102              -0               -0       9.4996325                  9.4996325
              2       4.9120989       1.0846495       1.5371874     0.014328927              -0               -0       9.8241978                  9.8241978
              2        4.372917       1.1049087       1.4391528     0.041888686              -0               -0       8.7458339                  8.7458339
              4       4.4208438       1.1401644       1.3580751     0.038939585              -0               -0       8.8416876                  8.8416876
              1       4.1908516       1.0935852       1.4169437     0.028689873              -0               -0       8.3817032                  8.3817032
              2        3.929257       1.0953637       1.4621513     0.016788394              -0               -0        7.858514                   7.858514
              5       4.4226279       1.1398493       1.4627735   -0.0091138891              -0               -0       8.8452557                  8.8452557
              6       4.4962248       1.1304045        1.472149    0.0082360613              -0               -0       8.9924495                  8.9924495
              2        7.362228       1.1673241       1.5230026    -0.032244114              -0               -0       14.724456                  14.724456
              4       8.0909506       1.3405838       1.2816045   -0.0024594064              -0               -0       16.181901                  16.181901
              1       8.7199063        1.393341       1.2012267   -0.0011142501              -0               -0       17.439813                  17.439813
              4       8.1807765       1.3770616       1.2078326   -0.0013747212              -0               -0       16.361553                  16.361553
              2        8.385673       1.3701276        1.228516    -0.010707221              -0               -0       16.771346                  16.771346
              1       6.5488898       1.1040668        1.311035      0.07320359              -0               -0        13.09778                   13.09778
              6       7.4450872       1.1447746       1.2367079     0.073652686              -0               -0       14.890174                  14.890174
              1       7.4405792       1.2130225       1.1704745     0.060024663              -0               -0       14.881158                  14.881158
              4       6.2585831       1.1171459       1.3974358    -0.054823534              -0               -0       12.517166                  12.517166
              9       4.5048078       1.0337315       1.5183361    -0.035621021              -0               -0       9.0096157                  9.0096157
              3       4.3174821       1.0968974       1.4268302    -0.013954019              -0               -0       8.6349642                  8.6349642
              3        4.055432       1.1083508       1.4427305    -0.014952489              -0               -0       8.1108639                  8.1108639
              2       4.0087931       1.1275261          1.4436   6.1481988e-05              -0               -0       8.0175861                  8.0175861
              6       6.3824823       1.1353258       1.5254776    -0.066891926              -0               -0       12.764965                  12.764965
              1       5.9322741        1.136705       1.5160258    -0.057374148              -0               -0       11.864548                  11.864548
              1       5.3367344       1.0042239       1.6221393    -0.073965733              -0               -0       10.673469                  10.673469
              1       5.2665104       1.0298248       1.5744346    -0.070148574              -0               -0       10.533021                  10.533021
              1        4.560842      0.95280697        1.647359    -0.023112731              -0               -0       9.1216841                  9.1216841
              5       4.6820851      0.95226268       1.6224117    -0.016961702              -0               -0       9.3641701                  9.3641701
              5        5.798928      0.90243759       1.7117392    -0.054970883              -0               -0       11.597856                  11.597856
              2       5.5346271       1.0995596       1.5662175     -0.02648273              -0               -0       11.069254                  11.069254
              1       4.4156568       1.0000808       1.6040278    -0.045420501              -0               -0       8.8313135                  8.8313135
              4       4.0595648       1.0205426       1.5299379    0.0040512223              -0               -0       8.1191296                  8.1191296
              3       4.0958834       1.0609017       1.4633537     0.019765542              -0               -0       8.1917669                  8.1917669
              3       3.9896341       1.0721285       1.4878388     0.019768858              -0               -0       7.9792683                  7.9792683
              1       4.3209388       1.0434911       1.5207584     0.028522728              -0               -0       8.6418776                  8.6418776
              3       4.6949976      0.99298882       1.5373355     0.022266969              -0               -0       9.3899952                  9.3899952
              1       5.1845347       1.0581586       1.4155847     0.051412297              -0               -0       10.369069                  10.369069
              3       6.4960084       1.0600536       1.3923397    -0.016991916              -0               -0       12.992017                  12.992017
              5        7.683368       1.1123481       1.2695091     0.081411925              -0               -0       15.366736                  15.366736
              7        4.130465       1.0087191       1.5445917    0.0008470461              -0               -0         8.26093                    8.26093
              1       4.3874876       1.1023217       1.3950496       0.0361736              -0               -0       8.7749753                  8.7749753
              4       4.4096281       1.1277729       1.4297261     0.037630791              -0               -0       8.8192561                  8.8192561
              2       4.8417736       1.1505678       1.3899555     0.055811869              -0               -0       9.6835473                  9.6835473
              1       4.5103289         1.15815       1.3764945     0.045064932              -0               -0       9.0206577                  9.0206577
              2        4.518122       1.1141335       1.4968489    0.0050615119              -0               -0        9.036244                   9.036244
              6       4.4642525       1.0912406       1.5249756    0.0020685851              -0               -0       8.9285051                  8.9285051
              5       4.1380588       1.0995602       1.5007285   -0.0024590926              -0               -0       8.2761176                  8.2761176
              7       3.9135104       1.1180317       1.4331367     0.006866826              -0               -0       7.8270208                  7.8270208
              8       4.7060835       0.9801463       1.5534752   -0.0018761769              -0               -0       9.4121671                  9.4121671
              2       4.7430242      0.96996961       1.5732054   -0.0083426432              -0               -0       9.4860485                  9.4860485
             14       4.5767802       1.0081119       1.5242644     0.027765639              -0               -0       9.1535605                  9.1535605
              3       5.4604277       1.0750124       1.4004789     0.069234784              -0               -0       10.920855                  10.920855
              2       4.5773925       1.1348683       1.3593831     0.048647536              -0               -0       9.1547849                  9.1547849
              4       4.0305253       1.0582053       1.4703171     0.011275458              -0               -0       8.0610507                  8.0610507
              1       3.9220407       1.1065748       1.4340186     0.015871463              -0               -0       7.8440815                  7.8440815
              7       4.0493383       1.0448141       1.5487262    0.0037929171              -0               -0       8.0986767                  8.0986767
              1       3.9910665       1.0214831       1.5707697   -0.0061698901              -0               -0       7.9821329                  7.9821329
              6       4.2061839       1.0940204       1.4253454     0.035130094              -0               -0       8.4123678                  8.4123678
              1       4.8725245       1.1051004       1.3989311    -0.019442862              -0               -0        9.745049                   9.745049
              3       5.2927655       1.1277345       1.3433705   -0.0034893487              -0               -0       10.585531                  10.585531
              2       7.2317476      0.93116387       1.6287472     -0.07397936              -0               -0       14.463495                  14.463495
              4       6.1043626      0.89191845       1.7120133    0.0028320903              -0               -0       12.208725                  12.208725
              1        6.115392      0.89350536        1.707979    0.0050193635              -0               -0       12.230784                  12.230784
              1       4.2773449      0.99252651       1.5836268    0.0056428022              -0               -0       8.5546899                  8.5546899
              5       4.1151197       1.1386687       1.3842908     0.012782325              -0               -0       8.2302393                  8.2302393
              7       3.8872094       1.0593053       1.4863595    0.0057452651              -0               -0       7.7744187                  7.7744187
              6       3.8753334       1.0839154         1.49816   -0.0084645848              -0               -0       7.7506669                  7.7506669
              2          4.4683       1.0579339       1.5492382     0.013073393              -0               -0       8.9365999                  8.9365999
              1       4.8035773       1.1187543       1.4863965      0.02150758              -0               -0       9.6071546                  9.6071546
              1       5.0748854       1.0516089        1.598543   -0.0066119237              -0               -0       10.149771                  10.149771
              6       5.1366496        1.021945       1.6177279    0.0057036991              -0               -0       10.273299                  10.273299
              4       4.3430867       1.0118355        1.591327    0.0056034478              -0               -0       8.6861734                  8.6861734
              4       4.3268937        1.013495       1.5886335    0.0059537803              -0               -0       8.6537874                  8.6537874
             17       4.3848202      0.98933762       1.6407029    -0.035062455              -0               -0       8.7696404                  8.7696404
              3       4.1941469       1.0518436       1.4663466    0.0071803283              -0               -0       8.3882939                  8.3882939
             16       4.5508533       1.1072977       1.4743988     0.031516206              -0               -0       9.1017066                  9.1017066
              3        5.812768       1.1455999       1.4492183     0.051201756              -0               -0       11.625536                  11.625536
              8       5.5313502      0.95933346       1.7239159    -0.036456717              -0               -0         11.0627                    11.0627
              1       4.5617288      0.97897754       1.6431769   -0.0078869297              -0               -0       9.1234576                  9.1234576
              7       4.5651002      0.95444872       1.6605994    -0.022503993              -0               -0       9.1302003                  9.1302003
              1       4.1769796      0.98851538       1.5913802    -0.011115972              -0               -0       8.3539593                  8.3539593
              1       5.9960039      0.89994373       1.6609777    -0.015549171              -0               -0       11.992008                  11.992008
              4       5.6871791       1.1017243       1.3374015      0.05647692              -0               -0       11.374358                  11.374358
              2       5.8391986       1.0853902        1.351657      0.05625557              -0               -0       11.678397                  11.678397
              5       5.3538187       1.0032299        1.585338    -0.067312043              -0               -0       10.707637                  10.707637
              1       6.2971112      0.95186081       1.7083614    -0.090649927              -0               -0       12.594222                  12.594222
              2       6.2864765      0.95952244       1.6979098    -0.091235134              -0               -0       12.572953                  12.572953
              3       6.6992389       1.1158635       1.5775865    -0.042695952              -0               -0       13.398478                  13.398478
              1       5.7977701      0.96719459       1.7281872    -0.065443234              -0               -0        11.59554                   11.59554
              5        7.734929      0.82209072       1.8519803    -0.055453874              -0               -0       15.469858                  15.469858
              5       8.9171045        1.071488       1.4406617      0.12518434              -0               -0       17.834209                  17.834209
              3       4.0992123       1.1175177       1.4709585    -0.014046702              -0               -0       8.1984246                  8.1984246
              2       5.3934182       1.2484984       1.2928093     0.049079139              -0               -0       10.786836                  10.786836
              1       5.3627005      0.93712092       1.6730829    0.0083216795              -0               -0       10.725401                  10.725401
              1       5.1697539      0.93041489        1.725918    -0.044402952              -0               -0       10.339508                  10.339508
              1       5.0753232      0.92805859       1.6891609    -0.044780105              -0               -0       10.150646                  10.150646
              7       4.9480421      0.93637402       1.6729262    -0.042481915              -0               -0       9.8960842                  9.8960842
              2       4.8316671      0.94570789        1.689332    -0.044428436              -0               -0       9.6633341                  9.6633341
              2        5.517781      0.89951934       1.7103631    -0.021300723              -0               -0       11.035562                  11.035562
              2       5.0676039      0.99981256       1.5008325    0.0026917421              -0               -0       10.135208                  10.135208
              4       4.2793729      0.98582295       1.6071553    -0.031100048              -0               -0       8.5587458                  8.5587458
              9       3.9726892       1.0224773       1.5431091     -0.01223058              -0               -0       7.9453784                  7.9453784
              9         3.84978       1.0474863       1.5240189     -0.01115329              -0               -0       7.6995599                  7.6995599
              1       6.8878665       1.0277719       1.5082719     0.085452948              -0               -0       13.775733                  13.775733
              1       6.1793685       1.1807473       1.3742304       0.0781924              -0               -0       12.358737                  12.358737
             16       5.7299135       1.1788057       1.3725142      0.07101735              -0               -0       11.459827                  11.459827
              7       6.0335051       1.2349115       1.2272025     0.008557051              -0               -0        12.06701                   12.06701
              3       6.2949501       1.3002474       1.1782324      0.02672553              -0               -0         12.5899                    12.5899
              2       6.2670545       1.2987031        1.179926     0.026699032              -0               -0       12.534109                  12.534109
              4       6.4069287       1.3063443       1.1634014     0.036781985              -0               -0       12.813857                  12.813857
              2       6.2876212       1.2239126        1.200967     0.069828702              -0               -0       12.575242                  12.575242
              3       5.6495701      0.89703189       1.7333917    -0.048644672              -0               -0        11.29914                   11.29914
              6       5.1039142       1.0880774       1.5422284    -0.059304946              -0               -0       10.207828                  10.207828
              1        5.226113       1.0732366       1.5662739    -0.064001351              -0               -0       10.452226                  10.452226
              3       4.5241806        1.060524       1.5450367    -0.050112092              -0               -0       9.0483612                  9.0483612
              1       4.5382268       1.0806003       1.4980557    -0.045386883              -0               -0       9.0764536                  9.0764536
              5       5.6505838      0.95694452       1.5537629     0.025259711              -0               -0       11.301168                  11.301168
              1       3.9562825       1.0976866       1.4316432      0.01372382              -0               -0        7.912565                   7.912565
              2       3.9727375       1.0968927       1.4302458     0.011341351              -0               -0        7.945475                   7.945475
              2        4.314799       1.0749718       1.4281971     0.011445106              -0               -0        8.629598                   8.629598
              1       4.6409974        1.125683       1.3552354     0.018833425              -0               -0       9.2819948                  9.2819948
              6         5.20463       1.0281693       1.4487466     0.016217201              -0               -0        10.40926                   10.40926
              3       4.9792386      0.93795139       1.6329737   -0.0052225338              -0               -0       9.9584772                  9.9584772
              1       5.4730883      0.95900716       1.5532775    0.0055747089              -0               -0       10.946177                  10.946177
              2       4.7145802       1.0339774       1.4630421     0.028946311              -0               -0       9.4291603                  9.4291603
              5       4.7961999       1.0341579       1.4588996     0.030688148              -0               -0       9.5923998                  9.5923998
              2       5.6359105      0.89736063       1.7008044    -0.028700141              -0               -0       11.271821                  11.271821
              5       5.4140843      0.90370003       1.7050555    -0.024848975              -0               -0       10.828169                  10.828169
              6       4.0434981        1.089405        1.493168     0.011505927              -0               -0       8.0869962                  8.0869962
              4       4.2474882       1.0139467       1.5810011      0.00664938              -0               -0       8.4949763                  8.4949763
              6       4.3972375       1.0180702       1.5557931     0.022313517              -0               -0        8.794475                   8.794475
              3       4.5961804       1.0065774       1.5592051     0.027585718              -0               -0       9.1923609                  9.1923609
              8       5.3555397      0.92862981       1.6257935   -0.0065719032              -0               -0       10.711079                  10.711079
              1       4.6405481       0.9545798       1.6332212    -0.029615373              -0               -0       9.2810961                  9.2810961
              5       3.9676322       1.1112385       1.4204627     0.017155062              -0               -0       7.9352643                  7.9352643
              1       4.1367259       1.1484557       1.3873747     0.024295037              -0               -0       8.2734518                  8.2734518
              1       4.1614734       1.1103319       1.4900496   -0.0095651838              -0               -0       8.3229468                  8.3229468
              2       4.3142065       1.0803255       1.5285666    0.0043391217              -0               -0       8.6284129                  8.6284129
             12       5.5010411       1.2160103       1.3242902     0.064881141              -0               -0       11.002082                  11.002082
              4       5.5028662        1.167461       1.4646877    -0.037444506              -0               -0       11.005732                  11.005732
              2        4.934049       1.0763763       1.5738441    -0.019190265              -0               -0        9.868098                   9.868098
              2       5.6877049       1.2358915       1.3646094      0.01558883              -0               -0        11.37541                   11.37541
              2         6.00122       1.1073665        1.334409    0.0043760211              -0               -0        12.00244                   12.00244
              6       6.5315497       1.1465111        1.266628     0.026441689              -0               -0       13.063099                  13.063099
              2       6.0686978       1.1201597       1.3143715     0.011324076              -0               -0       12.137396                  12.137396
              3       4.8255008       1.1302814       1.3543233    0.0017236774              -0               -0       9.6510016                  9.6510016
              2       4.7454189       1.1493496       1.3334534      0.01262748              -0               -0       9.4908378                  9.4908378
              2       4.7600409       1.1406201       1.3362632     0.018759591              -0               -0       9.5200817                  9.5200817
              8       4.5039498       1.0632135       1.5526611    0.0072934886              -0               -0       9.0078996                  9.0078996
              1       5.9871028       1.0506656       1.6318295    -0.017984678              -0               -0       11.974206                  11.974206
              1       6.0495017       1.0359235       1.6472209    -0.077277564              -0               -0       12.099003                  12.099003
              2       6.4370929       1.1883839       1.4697229    -0.017046745              -0               -0       12.874186                  12.874186
              1       6.5806282        1.173851       1.4927853    -0.015559866              -0               -0       13.161256                  13.161256
              5       6.5641178      0.88718491       1.8154491    -0.066309976              -0               -0       13.128236                  13.128236
              8       4.0168016       1.0915332       1.4402861   -0.0033734301              -0               -0       8.0336032                  8.0336032
              3       4.0189258       1.1145076       1.4509824    -0.014501228              -0               -0       8.0378515                  8.0378515
              3       3.8755547       1.0513851       1.5376593    -0.012295609              -0               -0       7.7511094                  7.7511094
              3       4.7724971       1.0620089       1.4853884    -0.042512035              -0               -0       9.5449941                  9.5449941
              3       5.2631581       1.0019318       1.6364537    -0.072470624              -0               -0       10.526316                  10.526316
              1       4.6594657       1.0931693       1.4709892    -0.043685583              -0               -0       9.3189313                  9.3189313
              1       5.1592044       1.1033955       1.4678389    -0.055817145              -0               -0       10.318409                  10.318409
              1       5.3761215       1.1569347       1.3265673    -0.012599911              -0               -0       10.752243                  10.752243
              2       4.3939591       1.1069039       1.3874583     0.015469424              -0               -0       8.7879183                  8.7879183
              3       7.0986057       1.1130591       1.2837879     0.033620588              -0               -0       14.197211                  14.197211
              2       5.3091204      0.96509478       1.5663386    -0.024416112              -0               -0       10.618241                  10.618241
              4       7.8494739      0.91599738       1.5974623     0.062756775              -0               -0       15.698948                  15.698948
              2       7.5682597      0.92419465       1.5851405     0.061391817              -0               -0       15.136519                  15.136519
              3       7.4005935      0.90981753       1.6128481     0.049923598              -0               -0       14.801187                  14.801187
              1       7.4106273       1.0313477       1.5146381     0.090631996              -0               -0       14.821255                  14.821255
              4       6.4235707       1.0517086       1.5202584     0.070542337              -0               -0       12.847141                  12.847141
              1       6.7686303       1.1107999       1.4917961     0.063560661              -0               -0       13.537261                  13.537261
              1       9.9177648        1.102779       1.5062238     0.097016984              -0               -0        19.83553                   19.83553
              1       9.7998226       1.1319542       1.4589355      0.10773087              -0               -0       19.599645                  19.599645
              2        6.401686       1.0163173       1.4296567     0.055117066              -0               -0       12.803372                  12.803372
              4       5.7285195       1.2647553       1.2787878      0.05442236              -0               -0       11.457039                  11.457039
              2        5.092127       1.1182918       1.4621841     0.046071469              -0               -0       10.184254                  10.184254
             11       4.7712928      0.99206613       1.6503638    -0.056186531              -0               -0       9.5425856                  9.5425856
              3       5.0713245      0.95261211       1.6468133     0.011076785              -0               -0       10.142649                  10.142649
              3       4.1610202       1.0340902       1.5448233     0.015345603              -0               -0       8.3220404                  8.3220404
              3       4.1578044       1.0325574        1.546627     0.014743761              -0               -0       8.3156088                  8.3156088
              1       4.5044238      0.98485496       1.6036917    0.0097281761              -0               -0       9.0088476                  9.0088476
              1       4.1682329       1.0200924       1.5651464    0.0093909802              -0               -0       8.3364657                  8.3364657
              5       5.9858423       0.9787546       1.5305358    -0.033162764              -0               -0       11.971685                  11.971685
              6       4.4068213       1.1556908       1.3902133    -0.014805035              -0               -0       8.8136426                  8.8136426
              5       4.5601263       1.1887697       1.3781439   -0.0036001126              -0               -0       9.1202526                  9.1202526
              3       3.9719327       1.0753452       1.4954859    -0.022448225              -0               -0       7.9438655                  7.9438655
              2       4.4978108       1.1004434       1.4470412    -0.032595815              -0               -0       8.9956216                  8.9956216
              3       6.1648492       1.0662463        1.518557    -0.080612146              -0               -0       12.329698                  12.329698
              2       5.0817381       1.0101614       1.5553733    -0.054225109              -0               -0       10.163476                  10.163476
              1       4.2301331      0.98243944       1.6194665    -0.021041092              -0               -0       8.4602661                  8.4602661
              1       4.6852528       0.9443123       1.6548877    -0.023122239              -0               -0       9.3705055                  9.3705055
              3       4.5731569      0.97625106       1.5737859    0.0062371728              -0               -0       9.1463139                  9.1463139
             14        4.079292       1.0370485       1.5323917     0.015510094              -0               -0        8.158584                   8.158584
              2       4.0851546       1.0350673       1.5207745     0.017651726              -0               -0       8.1703092                  8.1703092
              4       4.3038379       1.0409251        1.519333      0.02844221              -0               -0       8.6076757                  8.6076757
              1       5.4149781      0.93528668       1.7304942    -0.027581241              -0               -0       10.829956                  10.829956
              1       5.4088098      0.98879478       1.6900373    -0.030629802              -0               -0        10.81762                   10.81762
              3       6.4071174       1.0223322       1.5998232     0.041960603              -0               -0       12.814235                  12.814235
              4        5.402645      0.91657453       1.6577902    -0.021384352              -0               -0        10.80529                   10.80529
              1       5.5812079      0.92120003       1.6511099     0.011676382              -0               -0       11.162416                  11.162416
              3       7.6643441        1.353449       1.2382276      0.03115499              -0               -0       15.328688                  15.328688
              6       6.3399283       1.2841516       1.1781402     0.078637576              -0               -0       12.679857                  12.679857
              1       8.4933247       1.2018266          1.3396      0.11929198              -0               -0       16.986649                  16.986649
              2        8.282868       1.1816928       1.3097185      0.13259943              -0               -0       16.565736                  16.565736
              2       5.4595932       1.0057818       1.5581822     0.049233027              -0               -0       10.919186                  10.919186
              3       5.6213027       1.0508281       1.5134864     0.060387903              -0               -0       11.242605                  11.242605
              1       5.4654147       1.0554261       1.4999361      0.06119216              -0               -0       10.930829                  10.930829
              1       4.6345173      0.95571225       1.6743133    -0.035845605              -0               -0       9.2690346                  9.2690346
              1       4.7246984      0.98357495       1.6204191     0.010760713              -0               -0       9.4493969                  9.4493969
              5       4.0476635       1.0570699       1.5005702     0.021362157              -0               -0       8.0953271                  8.0953271
              7       6.1008736       1.1179127       1.5593732    -0.042011942              -0               -0       12.201747                  12.201747
              4       4.7709988       1.1128392       1.5147101    -0.038314302              -0               -0       9.5419975                  9.5419975
              2       4.0549106       1.1023755       1.4287889   -0.0044596169              -0               -0       8.1098212                  8.1098212
              5       4.5671105       1.1193372       1.4006451    -0.018517348              -0               -0       9.1342211                  9.1342211
              7       5.4032498       1.0001634       1.5024569    -0.018306249              -0               -0         10.8065                    10.8065
              3       4.4860266       1.0857466       1.4107792    0.0043604917              -0               -0       8.9720532                  8.9720532
              6       4.7481256        1.208082       1.3084004     0.010637335              -0               -0       9.4962511                  9.4962511
              2       5.3195289       1.1335888       1.3515121    -0.015968607              -0               -0       10.639058                  10.639058
              2       5.7905147       1.1669678       1.3079369     -0.01574217              -0               -0       11.581029                  11.581029
              1       5.4233906       1.1906813       1.2883141    -0.001710075              -0               -0       10.846781                  10.846781
              2       4.4340509       1.0991313       1.5175972    -0.033516977              -0               -0       8.8681017                  8.8681017
              1       4.0541173       1.0568967       1.5512471    -0.025519738              -0               -0       8.1082346                  8.1082346
              9       4.5368167       1.1907704       1.3391373     0.036028057              -0               -0       9.0736334                  9.0736334
              1       4.8847921       1.2091013         1.28245     0.027821417              -0               -0       9.7695842                  9.7695842
              1        5.220909      0.96082966       1.5988595    -0.041596162              -0               -0       10.441818                  10.441818
              1       6.2626959      0.99813962       1.6270796    -0.090611323              -0               -0       12.525392                  12.525392
              8       4.7948912       1.0702599       1.4630866    -0.036304029              -0               -0       9.5897824                  9.5897824
              4       6.0544121       1.0442525       1.5319429    -0.077608994              -0               -0       12.108824                  12.108824
              3       6.0511471       1.0704844       1.4610231    -0.061346962              -0               -0       12.102294                  12.102294
              5       6.9169335       1.0232204       1.4428066    -0.031949846              -0               -0       13.833867                  13.833867
              5       7.6126053       1.0168535       1.4373054    -0.034321766              -0               -0       15.225211                  15.225211
              2       5.0581739       1.1162821       1.3432557      0.02825002              -0               -0       10.116348                  10.116348
              1       7.5062167       1.2345075       1.1623683      0.10210085              -0               -0       15.012433                  15.012433
              2        8.157706       1.1253074       1.2768079      0.12065071              -0               -0       16.315412                  16.315412
              1       7.4845346       1.1093943        1.321213      0.11360748              -0               -0       14.969069                  14.969069
              1       5.5331139       1.2509567       1.2264564     0.030697701              -0               -0       11.066228                  11.066228
              1       4.9884456       1.1771482       1.3091676    0.0046836171              -0               -0       9.9768913                  9.9768913
              3       4.8771935       1.1675374       1.3219535    0.0034691998              -0               -0       9.7543869                  9.7543869
              7       6.0433846       1.0037881       1.6916322    -0.074547386              -0               -0       12.086769                  12.086769
              1       5.3124708       1.0282852       1.6355158    -0.066187162              -0               -0       10.624942                  10.624942
              1       4.8356854      0.93994501       1.6943415    -0.032715826              -0               -0       9.6713709                  9.6713709
              2       4.3945697       1.0063325       1.6139571    -0.045533093              -0               -0       8.7891395                  8.7891395
              2        4.755384      0.98799593       1.6444923    -0.057029839              -0               -0       9.5107681                  9.5107681
              3       5.1990528      0.98990384       1.6499217    -0.070357774              -0               -0       10.398106                  10.398106
              7       5.5513368       1.1486025         1.29489     0.063133711              -0               -0       11.102674                  11.102674
              2       5.5831421       1.1359784       1.3068128     0.063700027              -0               -0       11.166284                  11.166284
              1       6.4113935       1.1659541       1.2858562      0.10037956              -0               -0       12.822787                  12.822787
              2       5.1827249        1.078076       1.5396016     0.025112096              -0               -0        10.36545                   10.36545
              3       4.6274379       1.1595993       1.4178108     0.028596015              -0               -0       9.2548759                  9.2548759
              2       4.2139477        1.138474         1.41357    -0.014070805              -0               -0       8.4278955                  8.4278955
             10       6.1983964       1.2823669       1.2355001   -0.0067740591              -0               -0       12.396793                  12.396793
              1       5.5381884       1.2111369       1.3376485    -0.031369348              -0               -0       11.076377                  11.076377
              1       6.0838708       1.2143211       1.4202611    -0.019970364              -0               -0       12.167742                  12.167742
              4       6.1462563       1.1881922       1.4617462    -0.028111563              -0               -0       12.292513                  12.292513
              3       4.9545959       1.1684342       1.3630006    -0.024948285              -0               -0       9.9091918                  9.9091918
              1       4.8026967       1.1732331       1.3713155    -0.023069249              -0               -0       9.6053935                  9.6053935
              2       5.3241815       1.2399077       1.2631597    0.0085272657              -0               -0       10.648363                  10.648363
              5       4.3038936       1.0999522        1.421608    -0.011498107              -0               -0       8.6077872                  8.6077872
              5       4.3115925       1.1386604       1.3711401    0.0063826411              -0               -0        8.623185                   8.623185
              4       3.9449492        1.118015       1.4510059  -0.00056429201              -0               -0       7.8898984                  7.8898984
              7       3.9457905        1.071251        1.461815    0.0093194168              -0               -0        7.891581                   7.891581
              6       3.9346021       1.0826157       1.4516174     0.015188046              -0               -0       7.8692042                  7.8692042
              5        4.073432       1.0016217       1.5858197    -0.020426609              -0               -0        8.146864                   8.146864
              3       3.9626863       1.0364336       1.5630981    -0.021439117              -0               -0       7.9253727                  7.9253727
              2       3.9810258       1.0758917       1.5164398    -0.022645085              -0               -0       7.9620516                  7.9620516
              9       4.1981102       1.0629978       1.5440444    -0.036321517              -0               -0       8.3962204                  8.3962204
              1       5.1412737      0.99936784         1.49538     0.015621529              -0               -0       10.282547                  10.282547
              2        4.844401        1.125231        1.368221     0.060800005              -0               -0       9.6888021                  9.6888021
              1       5.4253151       1.1897748       1.2634516      0.06013861              -0               -0        10.85063                   10.85063
              6       5.2675564       1.1855889       1.2777506     0.061856732              -0               -0       10.535113                  10.535113
              2       5.5227369       1.1287005       1.5276045    -0.030845561              -0               -0       11.045474                  11.045474
              2       6.0696264       1.1325951       1.5320757    -0.010807298              -0               -0       12.139253                  12.139253
              1       6.4439971       1.1328893       1.5349337   -0.0019846834              -0               -0       12.887994                  12.887994
              4       8.3171969      0.84364415       1.7382193     0.022159102              -0               -0       16.634394                  16.634394
              4        8.193653      0.84635253       1.7381564     0.021805254              -0               -0       16.387306                  16.387306
              3       4.8780465       1.0647066        1.415158    0.0098487994              -0               -0       9.7560929                  9.7560929
              3       4.8779589       1.0647413       1.4151057    0.0098759242              -0               -0       9.7559179                  9.7559179
              1       4.8920285       1.0790843       1.3987774    0.0077306275              -0               -0        9.784057                   9.784057
              1       6.2178816       1.1637883       1.4865565    0.0055731863              -0               -0       12.435763                  12.435763
              3       7.2162109       1.2984739       1.2583583     0.080139837              -0               -0       14.432422                  14.432422
              1       7.3924054       1.3473317       1.2089098     0.065143747              -0               -0       14.784811                  14.784811
              3       5.6380334       1.2638169       1.3051073     0.029469088              -0               -0       11.276067                  11.276067
              2       7.9792347       1.3637684       1.0869064     0.028849018              -0               -0       15.958469                  15.958469
              6       6.2371938       1.2904928       1.1704467     0.045473267              -0               -0       12.474388                  12.474388
              1       5.6345575        1.094144       1.4037031     0.080321435              -0               -0       11.269115                  11.269115
              2       5.6166196        0.994108       1.4920127     0.041017146              -0               -0       11.233239                  11.233239
              2       6.9241583       1.0391096       1.6025602     0.038357412              -0               -0       13.848317                  13.848317
              1        6.848766       1.0481394        1.591089     0.039360911              -0               -0       13.697532                  13.697532
              8       7.5740869       1.2821633       1.3218265     0.057541999              -0               -0       15.148174                  15.148174
              6       8.3373422       1.2134127       1.3752478     0.092006087              -0               -0       16.674684                  16.674684
              2       8.6288617       1.4333271       1.0749111     0.069871819              -0               -0       17.257723                  17.257723
              2       9.1458716       1.4551803       1.0530863     0.072141805              -0               -0       18.291743                  18.291743
              2       9.8361288       1.4546653       1.0404211      0.11358761              -0               -0       19.672258                  19.672258
              2       6.8874764       1.0818187       1.5572275     0.040674504              -0               -0       13.774953                  13.774953
              2       5.1192563       1.0407261        1.597817    0.0069202265              -0               -0       10.238513                  10.238513
              4       5.2882265       1.2264014        1.346092     0.034508724              -0               -0       10.576453                  10.576453
              2       5.2882731       1.2264067       1.3460877     0.034507028              -0               -0       10.576546                  10.576546
              3       5.4190885       1.2324908       1.3430227     0.034634811              -0               -0       10.838177                  10.838177
             10       5.1390697       1.2203278       1.3527939     0.029677397              -0               -0       10.278139                  10.278139
              2       5.1220269       1.2196202       1.3521523      0.03047114              -0               -0       10.244054                  10.244054
              4       6.0483201       1.2737684        1.303405     0.037092846              -0               -0        12.09664                   12.09664
              2       6.7842901      0.88213633       1.7182262     0.015516438              -0               -0        13.56858                   13.56858
              2       5.8926521      0.94786356       1.6351207     0.034571405              -0               -0       11.785304                  11.785304
              8       7.4798243      0.96886023       1.4736259     0.054565817              -0               -0       14.959649                  14.959649
              3       7.3554497       1.2919541       1.2923086     0.066274622              -0               -0       14.710899                  14.710899
              2        5.196348       1.1441422       1.3503158     0.072910319              -0               -0       10.392696                  10.392696
              8       5.1167742       1.0080249       1.6104793     0.018752679              -0               -0       10.233548                  10.233548
             15       4.1032288       1.0506992       1.5367678     0.011264262              -0               -0       8.2064576                  8.2064576
              4       3.8588161       1.0484543       1.5256967   0.00013880735              -0               -0       7.7176322                  7.7176322
              3       4.1790955       1.1020953       1.4981363   0.00048159926              -0               -0       8.3581909                  8.3581909
              5       4.1247211       1.1398257       1.4022084     0.026497724              -0               -0       8.2494422                  8.2494422
              3       4.5903653       1.0011211       1.6188932    -0.053255874              -0               -0       9.1807306                  9.1807306
              1       4.2424681       1.0048688       1.6136116    -0.035756364              -0               -0       8.4849362                  8.4849362
              2       5.0726021       1.0469141       1.5504366    -0.064505791              -0               -0       10.145204                  10.145204
              4       4.6083842       1.1355908       1.3788877    -0.013556406              -0               -0       9.2167683                  9.2167683
              2        4.617318       1.1368917        1.375654    -0.012335409              -0               -0       9.2346359                  9.2346359
              3       4.8812229      0.98557697        1.536372   -0.0062915667              -0               -0       9.7624458                  9.7624458
              3       4.4230232       1.0759091       1.5031909     0.029406223              -0               -0       8.8460464                  8.8460464
             11       4.6708239       1.0642504       1.4994089     0.042080139              -0               -0       9.3416478                  9.3416478
              7         4.67757       1.0655143       1.4952127     0.043408882              -0               -0         9.35514                    9.35514
              1       5.4692484       1.1467143       1.4793599     0.016855633              -0               -0       10.938497                  10.938497
              2       5.8610817       1.1592281       1.4923056    -0.011085254              -0               -0       11.722163                  11.722163
              6       4.8263219       1.1293182       1.5003567    -0.019234175              -0               -0       9.6526437                  9.6526437
              5       5.1988745       1.1258795       1.5202032    -0.023750533              -0               -0       10.397749                  10.397749
              1        5.649197       1.1641379       1.4806413    -0.029575842              -0               -0       11.298394                  11.298394
              1       4.6484702       1.1538759       1.3818384    -0.021319111              -0               -0       9.2969404                  9.2969404
             10        4.346496       1.1745946       1.3489404      0.02848282              -0               -0        8.692992                   8.692992
              9       7.6584566      0.84181838       1.7635498    0.0019722653              -0               -0       15.316913                  15.316913
              4       5.4074511       0.9093305       1.6907258    -0.010409615              -0               -0       10.814902                  10.814902
              5       5.0260135      0.92880684        1.677881    -0.010369828              -0               -0       10.052027                  10.052027
             20       4.6264421      0.97822405       1.6114496     0.011156286              -0               -0       9.2528841                  9.2528841
              1       4.2690652       1.0100456       1.6084183    -0.010454312              -0               -0       8.5381304                  8.5381304
              3       3.9553381        1.122622       1.4197201     0.014284584              -0               -0       7.9106762                  7.9106762
              4       3.9119153       1.1167525        1.442634    0.0044438424              -0               -0       7.8238305                  7.8238305
              1       3.8881297       1.0900081       1.4515909     0.013071575              -0               -0       7.7762593                  7.7762593
              5        3.843862       1.0713705       1.5011326    -0.012239313              -0               -0       7.6877239                  7.6877239
             13       4.1860222       1.0488235       1.4705813     0.014023373              -0               -0       8.3720444                  8.3720444
              1         5.03332       1.1247433       1.4345455     0.054955139              -0               -0        10.06664                   10.06664
             10       5.0077196       1.0997339       1.4819123     0.043855813              -0               -0       10.015439                  10.015439
              2       5.1511943       1.1189319       1.4657964     0.044977581              -0               -0       10.302389                  10.302389
              1       4.5979596       1.1467946       1.3448676    0.0099854514              -0               -0       9.1959192                  9.1959192
              1       5.3476124       1.0468341       1.4158818     0.025621167              -0               -0       10.695225                  10.695225
              4       6.8509404        1.043063       1.3781419     0.064127121              -0               -0       13.701881                  13.701881
              6       4.6495465       1.0815755       1.4043994     0.039896873              -0               -0       9.2990929                  9.2990929
              7       4.4354719       1.0331046       1.4774597     0.010508544              -0               -0       8.8709437                  8.8709437
              6        4.320007       1.0458721       1.4880864    -0.019255762              -0               -0        8.640014                   8.640014
              2       3.9880213       1.0924475       1.4467521   -0.0071590134              -0               -0       7.9760425                  7.9760425
              1        4.235256       1.0331666       1.5023467     0.023546948              -0               -0       8.4705121                  8.4705121
              5       5.7119436      0.91886006       1.6296035    -0.012666578              -0               -0       11.423887                  11.423887
              3        5.472138       1.2491196       1.2761776   -0.0033779268              -0               -0       10.944276                  10.944276
              1       6.1359005       1.1494511       1.5023902    -0.058492244              -0               -0       12.271801                  12.271801
              1       6.9918553       1.0180828       1.6103883     -0.10168989              -0               -0       13.983711                  13.983711
              3       6.9363324       1.0266518       1.5908195    -0.099344396              -0               -0       13.872665                  13.872665
              1       7.2252195       1.0457627       1.6710245    -0.082611414              -0               -0       14.450439                  14.450439
              1       5.1293166       1.1909149       1.4134428     0.010283582              -0               -0       10.258633                  10.258633
              6       6.1770593       1.2610862       1.3475822  -0.00010837615              -0               -0       12.354119                  12.354119
              1         5.21949       1.1838507       1.4279698    0.0093563997              -0               -0        10.43898                   10.43898
              2       5.7216286       1.0404952       1.5855011      0.02958392              -0               -0       11.443257                  11.443257
             16       5.9349699       0.9266921       1.7668125    -0.044046344              -0               -0        11.86994                   11.86994
              9       5.6240881      0.93189139       1.7482284    -0.037437641              -0               -0       11.248176                  11.248176
              1       5.3740232       1.1566264       1.4189226     0.052778906              -0               -0       10.748046                  10.748046
              1       4.6714192       1.1685715       1.3805475     0.044461575              -0               -0       9.3428383                  9.3428383
              2        4.830275        1.193056       1.3725632     0.034430147              -0               -0       9.6605501                  9.6605501
              1       5.1051083       1.1993412       1.3724868      0.03913898              -0               -0       10.210217                  10.210217
              2       5.2102067       1.0563146       1.5269588     0.045350343              -0               -0       10.420413                  10.420413
              6       4.5702045        0.953471       1.6607664    -0.023474383              -0               -0       9.1404091                  9.1404091
             12       4.1603423       1.1166386       1.4563098     -0.02305378              -0               -0       8.3206846                  8.3206846
              5       4.1631909       1.1461565       1.4073646   -0.0072542906              -0               -0       8.3263819                  8.3263819
              1       3.9430587       1.0414494        1.539978    0.0034293769              -0               -0       7.8861175                  7.8861175
              1       5.8148851      0.97163741       1.5170383    0.0079787661              -0               -0        11.62977                   11.62977
              4       6.3556885       1.0415467       1.3952032     0.060259027              -0               -0       12.711377                  12.711377
              5       6.8693508      0.84932746       1.8131194    -0.035426252              -0               -0       13.738702                  13.738702
              2       7.4739196      0.86107922       1.7936952  -0.00054880841              -0               -0       14.947839                  14.947839
              2       6.1275218      0.97437364       1.6099349     0.047106404              -0               -0       12.255044                  12.255044
              6       5.7280891       1.0379038       1.4521319      0.06984155              -0               -0       11.456178                  11.456178
              2       4.6518184        1.027573       1.4842675     0.034488267              -0               -0       9.3036369                  9.3036369
              4       4.4880796       1.1163966       1.4564051      0.03392063              -0               -0       8.9761591                  8.9761591
              7       4.9994175        1.061857       1.5967903    -0.028456518              -0               -0        9.998835                   9.998835
              8       4.3607508       1.0381262       1.5919678    -0.015091758              -0               -0       8.7215016                  8.7215016
              2       4.6566165       1.0604367       1.5599936    0.0088080325              -0               -0        9.313233                   9.313233
              1       4.3800404       1.0646581        1.537841     0.013458781              -0               -0       8.7600808                  8.7600808
              2        4.231045       1.0437589       1.5167946     0.026229152              -0               -0         8.46209                    8.46209
              5       4.1606336       1.1462255       1.3746826     0.022328501              -0               -0       8.3212672                  8.3212672
              1       4.1571065       1.1481615       1.3743589     0.020648354              -0               -0        8.314213                   8.314213
              4       4.1000309       1.1453598       1.3944607     0.021592655              -0               -0       8.2000618                  8.2000618
              5       4.0556791       1.1402959       1.3949601     0.017133954              -0               -0       8.1113582                  8.1113582
              2       4.2261676       1.0570994       1.5474775    0.0053954297              -0               -0       8.4523352                  8.4523352
              2       7.6135389       1.2574727       1.3333304     0.074579087              -0               -0       15.227078                  15.227078
              5       7.7629782      0.95304162       1.5390392     0.079212555              -0               -0       15.525956                  15.525956
              2       9.8602207      0.89816094         1.55012     0.066491692              -0               -0       19.720441                  19.720441
              2       7.6688246      0.94198239       1.5176595     0.052608657              -0               -0       15.337649                  15.337649
              1       7.5541014      0.95099917       1.5047656     0.054200306              -0               -0       15.108203                  15.108203
              1       4.0756426       1.0111334       1.5703592    -0.025188478              -0               -0       8.1512852                  8.1512852
             13       4.2139062       1.0454131       1.5594081    0.0041465471              -0               -0       8.4278123                  8.4278123
              4       4.2272973       1.0455481       1.5606094    0.0037230517              -0               -0       8.4545947                  8.4545947
              8       4.1269263       1.1020905       1.4495575    -0.020251149              -0               -0       8.2538525                  8.2538525
              6       6.0010131       1.1808079        1.373431    -0.052812435              -0               -0       12.002026                  12.002026
              8       6.0251714       1.1902492       1.3744424    -0.052688525              -0               -0       12.050343                  12.050343
              1       5.8223137       1.2321198       1.3323793    -0.032157909              -0               -0       11.644627                  11.644627
              1       5.3384895       1.2300565        1.360507   -0.0021717119              -0               -0       10.676979                  10.676979
              2       6.2212619      0.87448362       1.7253094    -0.023553863              -0               -0       12.442524                  12.442524
              1       5.7986216      0.89724179       1.7691365     -0.03832009              -0               -0       11.597243                  11.597243
              1       4.7411499         1.00755       1.6160757    0.0053081297              -0               -0       9.4822998                  9.4822998
              4       4.1408505       1.0745824       1.5378328    -0.023403777              -0               -0        8.281701                   8.281701
             10       4.6010381       1.1599198       1.3316098     0.044192539              -0               -0       9.2020761                  9.2020761
              3       4.4364544       1.1154868       1.3917193     0.045987916              -0               -0       8.8729089                  8.8729089
              9       4.7338617       1.1125224       1.3862528     0.056947091              -0               -0       9.4677233                  9.4677233
              3        5.152189       1.2023402       1.3985233    0.0068567667              -0               -0       10.304378                  10.304378
              1       6.0412666       1.2733253        1.226365     0.076591965              -0               -0       12.082533                  12.082533
              5       9.5083546      0.88657917       1.6071895     0.071399136              -0               -0       19.016709                  19.016709
              1        8.140677      0.94697255       1.5254002     0.079061766              -0               -0       16.281354                  16.281354
              2       5.9156785      0.93980588       1.5808456     0.027217382              -0               -0       11.831357                  11.831357
              4       4.9981773       1.0243923       1.4836552     0.046789821              -0               -0       9.9963546                  9.9963546
              2       6.2346191      0.93239272       1.6482756     0.035717672              -0               -0       12.469238                  12.469238
              1       4.8127524      0.96705496       1.6362753    0.0077306093              -0               -0       9.6255049                  9.6255049
              3       4.5895596      0.98075893       1.6067281     0.011606925              -0               -0       9.1791191                  9.1791191
              2       4.4142884       1.0025915       1.5729879     0.017386508              -0               -0       8.8285767                  8.8285767
              1       5.8024039       1.0592761       1.5227271     0.057129256              -0               -0       11.604808                  11.604808
              3         5.63545       1.0837173       1.5194697     0.044222239              -0               -0         11.2709                    11.2709
              2       5.2355081       1.0229383       1.6067479     0.015857906              -0               -0       10.471016                  10.471016
              2       4.8071095        1.055831       1.5257179     0.037257809              -0               -0       9.6142189                  9.6142189
              2       4.7809032      0.96427787       1.6133513     0.012625636              -0               -0       9.5618065                  9.5618065
              4       4.1671352      0.99094494       1.6124009    -0.019354483              -0               -0       8.3342703                  8.3342703
              1       4.2023135       1.0006936        1.616171    -0.019724506              -0               -0       8.4046271                  8.4046271
              1       4.1616579       1.0228194        1.594795    -0.032012811              -0               -0       8.3233158                  8.3233158
              1       5.1852324       0.9505882       1.7066397    -0.060825495              -0               -0       10.370465                  10.370465
              1       5.7400188      0.94842618       1.7286294    -0.074673588              -0               -0       11.480038                  11.480038
              6        6.016105      0.92831773       1.7643057    -0.071996744              -0               -0        12.03221                   12.03221
             10       6.0269843      0.92856777        1.764389      -0.0723416              -0               -0       12.053969                  12.053969
              1       6.2766571       1.0239577       1.6755456    -0.074847277              -0               -0       12.553314                  12.553314
              1       4.4417735       1.0733309       1.5077095    -0.043821222              -0               -0        8.883547                   8.883547
              1       4.3554641       1.1723087       1.3816056     0.023994955              -0               -0       8.7109283                  8.7109283
              1       4.2166703       1.0987722       1.4525577     0.034016579              -0               -0       8.4333405                  8.4333405
              2       5.3799796       1.2668513       1.2636784      0.02161777              -0               -0       10.759959                  10.759959
              1       6.2733115       1.1785059       1.4552383    -0.058090253              -0               -0       12.546623                  12.546623
              6       5.4915028       1.0951188       1.3599362     0.064028897              -0               -0       10.983006                  10.983006
              2       6.1628545       1.1644072        1.415315     0.065952874              -0               -0       12.325709                  12.325709
              1       5.7862885       1.1838174        1.400857     0.053222977              -0               -0       11.572577                  11.572577
              1       6.1816646       1.0031782       1.6345921     0.026726101              -0               -0       12.363329                  12.363329
              6       6.0841829      0.99713394       1.6064169     0.043390109              -0               -0       12.168366                  12.168366
              1       7.0127094       1.0696833       1.6277313    -0.085030569              -0               -0       14.025419                  14.025419
              1       6.2886703       1.0731779       1.5906507     -0.08286858              -0               -0       12.577341                  12.577341
              4       6.0066338       1.1953162       1.4122454     0.038649806              -0               -0       12.013268                  12.013268
              2       6.2409205       1.2042919       1.4006427     0.044798693              -0               -0       12.481841                  12.481841
              7       6.2864362       1.0706559       1.4697446     0.081949797              -0               -0       12.572872                  12.572872
              1       6.5539127        1.035845       1.5182568     0.076839881              -0               -0       13.107825                  13.107825
              1       5.4248128      0.96080746       1.5533346  -0.00029554583              -0               -0       10.849626                  10.849626
              2       5.5287797       1.0842772       1.3667131     0.015298875              -0               -0       11.057559                  11.057559
              1        4.895071       1.1094652        1.362687     0.013239206              -0               -0        9.790142                   9.790142
              4       4.9366204       1.2018557       1.2853486     0.050094119              -0               -0       9.8732408                  9.8732408
              4        4.801992       1.0706427       1.4346229     0.054277835              -0               -0       9.6039841                  9.6039841
              6       5.0230339       1.1357937       1.3429041   8.7832614e-05              -0               -0       10.046068                  10.046068
              2       5.5761818       1.2771339       1.2294031     0.042862548              -0               -0       11.152364                  11.152364
              1       4.8130073       1.2152405       1.3075782     0.041768721              -0               -0       9.6260147                  9.6260147
              1       5.2965335       1.2361614       1.2890322     0.057079253              -0               -0       10.593067                  10.593067
              1       5.3184469       1.1928105       1.3542546     0.061314456              -0               -0       10.636894                  10.636894
              3       3.9923492       1.0317976       1.5193161    0.0070793142              -0               -0       7.9846985                  7.9846985
              3       4.6853057       1.0448547       1.5612054    -0.056279846              -0               -0       9.3706114                  9.3706114
              1       4.7835487       1.0520458       1.5327525    -0.055304273              -0               -0       9.5670974                  9.5670974
              4       5.3013591      0.96081261       1.6257651    -0.057570738              -0               -0       10.602718                  10.602718
             12       5.1633836       1.0103729       1.5378897    -0.048116089              -0               -0       10.326767                  10.326767
              2       5.1544696       1.0984816       1.4309188    -0.041873811              -0               -0       10.308939                  10.308939
              1       4.0079089       1.1368577       1.4102139     0.010457349              -0               -0       8.0158179                  8.0158179
              4       4.2052358       1.1405673       1.3810137    0.0038779693              -0               -0       8.4104716                  8.4104716
              6       4.7789016        1.049715       1.4684558     0.049920539              -0               -0       9.5578032                  9.5578032
              6       4.5970179       1.0488411       1.5520606      0.02087044              -0               -0       9.1940358                  9.1940358
              2       5.3969745       1.2194802       1.3568067     0.039313482              -0               -0       10.793949                  10.793949
              1       5.1401284       1.1330192       1.4710462     0.030337685              -0               -0       10.280257                  10.280257
              7       4.9771352       1.0554137       1.4195091      0.01951322              -0               -0       9.9542703                  9.9542703
              1       4.2651004       1.0096918       1.5301695   -0.0043475662              -0               -0       8.5302009                  8.5302009
              1        4.523951      0.98928199       1.5479727     0.006979811              -0               -0       9.0479019                  9.0479019
              3       4.2141696      0.99462749       1.5748161    0.0026903348              -0               -0       8.4283393                  8.4283393
              6       4.0223716       1.0172697       1.5412181   -0.0017095348              -0               -0       8.0447433                  8.0447433
              1       4.0996814       1.0021112       1.5647472   -0.0060465867              -0               -0       8.1993628                  8.1993628
              1        4.201159      0.99623991       1.5640588   -0.0090309126              -0               -0       8.4023181                  8.4023181
             11       4.0387287       1.0874014        1.433006     0.012960639              -0               -0       8.0774575                  8.0774575
              2          4.1912       1.0785466       1.4316703     0.011195334              -0               -0          8.3824                     8.3824
              1       4.6342231       1.1179097       1.4570922      0.03718283              -0               -0       9.2684463                  9.2684463
              2       5.3282232      0.98170668        1.637121     0.018447412              -0               -0       10.656446                  10.656446
              1       5.2522812      0.98425514       1.6354199     0.016821619              -0               -0       10.504562                  10.504562
              1       8.7472912      0.89386615       1.8374032    -0.020154696              -0               -0       17.494582                  17.494582
              1        7.468496        0.921097       1.7710996   -0.0028613002              -0               -0       14.936992                  14.936992
              4        8.063848       1.1534877       1.5524876    -0.024798589              -0               -0       16.127696                  16.127696
              1       5.9433707       0.9709389       1.7272867     -0.07045244              -0               -0       11.886741                  11.886741
              7       5.7441861      0.93641427       1.7433729    -0.070809814              -0               -0       11.488372                  11.488372
              2       5.0731693      0.94039625         1.71596    -0.036158399              -0               -0       10.146339                  10.146339
              3       4.6925446      0.95379178       1.6777474    -0.023952888              -0               -0       9.3850892                  9.3850892
              2       4.6065411       1.0458096       1.4656788     0.040840761              -0               -0       9.2130821                  9.2130821
              9       4.6141505       1.0429062       1.4672683     0.039491303              -0               -0        9.228301                   9.228301
              1       3.8789086       1.0396064       1.5435229    -0.014862659              -0               -0       7.7578172                  7.7578172
              5       4.0416093       1.0337032       1.5676787    -0.029779428              -0               -0       8.0832186                  8.0832186
              8       4.4698272       0.9949601       1.6395639    -0.042919746              -0               -0       8.9396544                  8.9396544
              1       4.3936308       1.1022619       1.4921128    -0.037778141              -0               -0       8.7872616                  8.7872616
              1       4.9115685       1.1045274       1.5140483    -0.051653727              -0               -0       9.8231371                  9.8231371
              2       4.6811241       1.1779229       1.4025302    -0.018222087              -0               -0       9.3622483                  9.3622483
              1       5.4547015       1.0190662        1.579677     0.038213592              -0               -0       10.909403                  10.909403
              8       4.9144342      0.99755267        1.590604     0.026984964              -0               -0       9.8288685                  9.8288685
              3       6.2796332       1.0505565       1.5149647     0.070798585              -0               -0       12.559266                  12.559266
              2       6.1261663       1.0665995       1.4665495     0.080767852              -0               -0       12.252333                  12.252333
              1       7.0969193        1.100238       1.4509079     0.093109501              -0               -0       14.193839                  14.193839
             10       6.3954648       1.0636214       1.5826679     0.027306927              -0               -0        12.79093                   12.79093
              3       4.1319124       1.0397059       1.4912298    -0.001340654              -0               -0       8.2638247                  8.2638247
              5       3.8477742       1.0661696       1.4862815    0.0065519104              -0               -0       7.6955485                  7.6955485
              4       4.1771282       1.1162051       1.4017185    0.0013570623              -0               -0       8.3542565                  8.3542565
              2       4.0454073       1.1146491       1.4535444    -0.016593489              -0               -0       8.0908147                  8.0908147
              4       3.9997959       1.1149809       1.4532302    -0.012892733              -0               -0       7.9995919                  7.9995919
              3       4.1502356       1.1362188       1.4149285    -0.011004606              -0               -0       8.3004712                  8.3004712
             19       4.1440457       1.1369426       1.4087423   -0.0083858781              -0               -0       8.2880914                  8.2880914
              7       4.2341802       1.0316451       1.5066169     0.023487047              -0               -0       8.4683605                  8.4683605
              5       8.1280922       1.1968213       1.2857875    -0.058081459              -0               -0       16.256184                  16.256184
              2       4.5263614        1.115344       1.3722381     0.039175034              -0               -0       9.0527228                  9.0527228
              4       4.2517984       1.1701858       1.3730258     0.018623506              -0               -0       8.5035968                  8.5035968
              2       4.6676579       1.2111414       1.3333692     0.023347936              -0               -0       9.3353159                  9.3353159
              6       4.3323249       1.1777234       1.3654851     0.022305072              -0               -0       8.6646498                  8.6646498
              2       5.1076633       1.2436573       1.2985462    0.0099679705              -0               -0       10.215327                  10.215327
              3       5.2568819       1.2485828       1.2600974     0.016864163              -0               -0       10.513764                  10.513764
              1       6.8070256       1.1075254        1.358913    -0.037857801              -0               -0       13.614051                  13.614051
              8        4.513751       1.0494614       1.5909544    -0.036011168              -0               -0       9.0275019                  9.0275019
              5       4.7487408       1.0517798       1.5999812    -0.035720743              -0               -0       9.4974817                  9.4974817
              2       4.6440168        1.079429       1.5408625    -0.048990403              -0               -0       9.2880337                  9.2880337
              2       4.6897199       1.0561379        1.572359    -0.053457355              -0               -0       9.3794397                  9.3794397
              2       4.5621383       1.0517278       1.5654807    -0.051752839              -0               -0       9.1242767                  9.1242767
              2       4.2875019       1.0069151       1.6197839    -0.034587301              -0               -0       8.5750037                  8.5750037
              3       4.0760331        1.052398       1.5571708    -0.027995886              -0               -0       8.1520662                  8.1520662
              3       4.6215337       1.0235685       1.6153141    -0.011146232              -0               -0       9.2430673                  9.2430673
              2       6.0156785      0.90150546       1.7775693    -0.034804138              -0               -0       12.031357                  12.031357
              2       6.5091967      0.90674777       1.7913826    -0.033289129              -0               -0       13.018393                  13.018393
              1       5.9371112       1.2680852       1.2331125     0.074577555              -0               -0       11.874222                  11.874222
              3       5.8638632       1.2722132       1.2306504     0.069423694              -0               -0       11.727726                  11.727726
              2       5.0819885       1.1145957       1.4194953    -0.040634915              -0               -0       10.163977                  10.163977
              2       4.9931348       1.2188447       1.2721264     0.027260075              -0               -0       9.9862695                  9.9862695
              2       5.6600855       1.2307547       1.2239829     0.038134489              -0               -0       11.320171                  11.320171
              4       5.5469291       1.2042306       1.2578559     0.015177549              -0               -0       11.093858                  11.093858
              1       5.7971567       1.2211952       1.2264274     0.068277853              -0               -0       11.594313                  11.594313
              2        6.314052       1.2288561       1.1983653     0.074415092              -0               -0       12.628104                  12.628104
              2       5.0965184       1.2347189       1.2619018     0.042453502              -0               -0       10.193037                  10.193037
              3       7.8207942       1.2750471       1.1795031    -0.017815634              -0               -0       15.641588                  15.641588
              8       4.7413282      0.99211058       1.5468212    -0.023703372              -0               -0       9.4826564                  9.4826564
              3       4.8502816        1.007767       1.5182487    -0.023730368              -0               -0       9.7005632                  9.7005632
              1       4.8496167       1.0275556       1.4863294     -0.01951265              -0               -0       9.6992334                  9.6992334
              4       4.7948951       1.0320278        1.486199    -0.022504593              -0               -0       9.5897903                  9.5897903
              3       4.6946167       1.0954408        1.426027     0.055315434              -0               -0       9.3892333                  9.3892333
              7       4.0159721       1.0765389       1.4710094     0.024184146              -0               -0       8.0319443                  8.0319443
              5       4.2480557       1.0062433       1.6084342   -0.0093818881              -0               -0       8.4961114                  8.4961114
              3       4.1828589       1.0259493       1.5805265   -0.0012251917              -0               -0       8.3657179                  8.3657179
              3       3.9662553       1.0257027       1.5721847    -0.018215675              -0               -0       7.9325106                  7.9325106
              2       4.0694745       1.0112655       1.5882883   -0.0088596598              -0               -0       8.1389491                  8.1389491
              3       4.3064467       1.0661516       1.4441689     0.030606482              -0               -0       8.6128934                  8.6128934
              3       4.1542416       1.0411804       1.5070512      0.02386057              -0               -0       8.3084832                  8.3084832
              3       3.9082766       1.0596862        1.534351    -0.011316595              -0               -0       7.8165533                  7.8165533
              3       4.5248336       1.0802748       1.4266331     0.045857839              -0               -0       9.0496672                  9.0496672
              2       5.7329105       1.2190435        1.358013    -0.036175974              -0               -0       11.465821                  11.465821
              2       5.6315835       1.2212621       1.3522436    -0.032155968              -0               -0       11.263167                  11.263167
              2       4.5371394       1.0809669       1.4255445   -0.0095793781              -0               -0       9.0742789                  9.0742789
              2       4.3687803       1.0687333       1.4654729     0.040169768              -0               -0       8.7375607                  8.7375607
              3       4.8991972        1.027882       1.5721569    -0.061405762              -0               -0       9.7983945                  9.7983945
              2       4.4739489       1.0547742       1.5363012    -0.048003259              -0               -0       8.9478977                  8.9478977
              2       5.7515849       0.9020718       1.6726933   -0.0071893196              -0               -0        11.50317                   11.50317
              3       5.3604936      0.96900276       1.6267925     0.026421744              -0               -0       10.720987                  10.720987
              1       5.1773648      0.97987488       1.5690409    -0.041165582              -0               -0        10.35473                   10.35473
              3       6.4405574       1.1092956       1.5485516    -0.078690017              -0               -0       12.881115                  12.881115
             10       5.9358376       1.0483479       1.4087303    -0.002510109              -0               -0       11.871675                  11.871675
              2       6.6144125       1.2509621       1.1717913     0.043477821              -0               -0       13.228825                  13.228825
              4       7.0363282       1.2773887       1.1387006     0.080427956              -0               -0       14.072656                  14.072656
              2       7.0041588       1.2770774         1.13964      0.07877045              -0               -0       14.008318                  14.008318
              3       5.7000816       1.1475661       1.3131209     0.082117435              -0               -0       11.400163                  11.400163
              2       6.6969285       1.2184652       1.2405318      0.10699191              -0               -0       13.393857                  13.393857
              2       9.4176005       1.2084435        1.179395      0.15027914              -0               -0       18.835201                  18.835201
              7       7.4934562       1.0310245       1.4238037     0.099836403              -0               -0       14.986912                  14.986912
              5       7.4968247        1.026421       1.4293356     0.098555002              -0               -0       14.993649                  14.993649
              2       6.8844245       0.9012883       1.6987369     0.029066032              -0               -0       13.768849                  13.768849
              4       5.5333251      0.96964068       1.5840378     0.041186525              -0               -0        11.06665                   11.06665
              1       5.9073842      0.95315107       1.5883968     0.043098609              -0               -0       11.814768                  11.814768
              1       4.9789526      0.97217702       1.5763485    -0.030976053              -0               -0       9.9579052                  9.9579052
              2       5.1460052       0.9446722       1.6137087    -0.026850572              -0               -0        10.29201                   10.29201
              4       4.2402101       1.0183283       1.5160401     0.010697978              -0               -0       8.4804202                  8.4804202
              1       4.7593139      0.98846625       1.6098674    -0.053798207              -0               -0       9.5186278                  9.5186278
              2       4.6524978       1.0370768       1.6075486    -0.047144574              -0               -0       9.3049955                  9.3049955
              3       4.1451365         1.07956       1.5217105    -0.030919638              -0               -0       8.2902731                  8.2902731
              3       5.0980011        1.152195       1.3286677   -0.0020294866              -0               -0       10.196002                  10.196002
              1       4.6820315        1.089044       1.4982298    -0.049541152              -0               -0       9.3640629                  9.3640629
              3       4.4433102       1.1455353       1.4517198    -0.017530057              -0               -0       8.8866205                  8.8866205
              9       4.4776165       1.1619151       1.4288514    -0.007540985              -0               -0        8.955233                   8.955233
              2       5.5820362       1.2631968       1.2960281     0.036682033              -0               -0       11.164072                  11.164072
              1       5.1884455       1.2436972       1.2928228     0.042862866              -0               -0       10.376891                  10.376891
              3       6.5890254       1.2937429       1.2164376      0.08559402              -0               -0       13.178051                  13.178051
              3       4.4064686        1.111715       1.4506644     0.036601193              -0               -0       8.8129373                  8.8129373
              1       4.6290692       1.1916392       1.3409491   -0.0027252406              -0               -0       9.2581383                  9.2581383
              1       4.7594868       1.2072262       1.3197425    0.0028214107              -0               -0       9.5189737                  9.5189737
              3       4.4978884       1.0897889       1.4755232    -0.039941507              -0               -0       8.9957768                  8.9957768
              8       9.1520639       1.2115159       1.3861643     -0.09832026              -0               -0       18.304128                  18.304128
              6       9.8947985       1.2018473       1.4671575     -0.10550218              -0               -0       19.789597                  19.789597
             10        4.786259      0.99406468         1.56132     0.030624631              -0               -0       9.5725181                  9.5725181
              3       6.0153421      0.90436827       1.6609828      0.01058629              -0               -0       12.030684                  12.030684
              2       6.0485091      0.89965809       1.6776771    0.0090874775              -0               -0       12.097018                  12.097018
              3       4.8680997       1.0456585       1.5033234      0.04861447              -0               -0       9.7361993                  9.7361993
              3       5.2552379       1.0139721        1.508212    -0.035274811              -0               -0       10.510476                  10.510476
              2       4.7357302      0.94464503       1.6570118    -0.033261035              -0               -0       9.4714604                  9.4714604
              1       4.6537644      0.95714783       1.6586968    -0.042324299              -0               -0       9.3075288                  9.3075288
              3       4.8439587      0.95599565        1.650499    -0.048926679              -0               -0       9.6879174                  9.6879174
              4        5.650689       1.0031621       1.5237498     0.058767399              -0               -0       11.301378                  11.301378
              2       5.1177438       1.0252528       1.4811348     0.050926455              -0               -0       10.235488                  10.235488
              1         5.85041       1.0123226        1.473068     0.061930991              -0               -0        11.70082                   11.70082
              2       7.3316104       1.2994216       1.3026884     0.046250755              -0               -0       14.663221                  14.663221
              2       8.2767498        1.372474       1.1674198     0.091353299              -0               -0         16.5535                    16.5535
              8       5.9559153       1.2731232       1.2513357     0.067955314              -0               -0       11.911831                  11.911831
              1       6.0077044       1.2435898        1.282937     0.078095507              -0               -0       12.015409                  12.015409
              3        6.679663       1.2759217       1.2384646     0.092004874              -0               -0       13.359326                  13.359326
              3       8.4763527        1.288211       1.2097045      0.13102647              -0               -0       16.952705                  16.952705
              1        9.730521       1.2020163       1.3259142      0.14018225              -0               -0       19.461042                  19.461042
              2       7.3630738      0.89541391       1.6136928     0.022529121              -0               -0       14.726148                  14.726148
             10       5.0383828      0.94792885       1.6744139   -0.0023403737              -0               -0       10.076766                  10.076766
              2       4.8900538      0.95533609        1.631966    0.0096960713              -0               -0       9.7801076                  9.7801076
              2       4.0529739       1.1348973       1.4085285     0.021622488              -0               -0       8.1059477                  8.1059477
              4       4.5335947       1.1997826       1.3296213     0.025284419              -0               -0       9.0671895                  9.0671895
              1       5.8488896       1.2566286       1.2034266     0.061936582              -0               -0       11.697779                  11.697779
              2       6.3025727       1.2994216       1.1656026     0.060224529              -0               -0       12.605145                  12.605145
              2        4.982048       1.1914075       1.3638148    -0.024119832              -0               -0        9.964096                   9.964096
              1       4.9630224       1.1690813       1.3859845    -0.032252102              -0               -0       9.9260448                  9.9260448
              6       4.8459881      0.98435291       1.6698916    -0.024471835              -0               -0       9.6919762                  9.6919762
              6       4.6446324      0.94670626       1.6547684    -0.021587888              -0               -0       9.2892648                  9.2892648
              6       3.8874718       1.0540511       1.5338837    -0.017623613              -0               -0       7.7749436                  7.7749436
              3       4.3802427       1.0952962       1.4672124     0.036008145              -0               -0       8.7604853                  8.7604853
              4       6.0310751      0.88684516       1.7497749    -0.058377254              -0               -0        12.06215                   12.06215
              1       5.6305701       1.0635794       1.5499012    -0.076166742              -0               -0        11.26114                   11.26114
              4       5.6706077       1.0554165       1.5602214    -0.077862126              -0               -0       11.341215                  11.341215
              2       5.4867469       1.2401689       1.3410152    -0.011723783              -0               -0       10.973494                  10.973494
              1       5.5212343       1.2433002       1.3411153    -0.008180898              -0               -0       11.042469                  11.042469
              1       5.7861773        1.084399       1.5927931    -0.052660427              -0               -0       11.572355                  11.572355
              1       4.3360629       1.0272899       1.6049391    -0.021751126              -0               -0       8.6721257                  8.6721257
              6       5.2735038      0.99178062        1.636981     0.013329296              -0               -0       10.547008                  10.547008
              1       5.6252699       1.1743648       1.4138831      0.04842263              -0               -0        11.25054                   11.25054
              3       9.7219933       1.1696087       1.5341132     0.014590449              -0               -0       19.443987                  19.443987
              2       9.5809686       1.1925412       1.5036336     0.017149105              -0               -0       19.161937                  19.161937
              1       7.2575145       1.3442695       1.1045461     0.057465402              -0               -0       14.515029                  14.515029
              1       6.2260786       1.2471405       1.2411525    -0.011313881              -0               -0       12.452157                  12.452157
              4       7.7533093       1.3170569       1.1848877    -0.023542047              -0               -0       15.506619                  15.506619
              6        4.485011       1.1289309        1.458089    -0.033275065              -0               -0        8.970022                   8.970022
              4       4.4590631       1.1114402       1.4620882    -0.036733598              -0               -0       8.9181263                  8.9181263
              2       4.3389519       1.1143393       1.4759098    -0.032011567              -0               -0       8.6779039                  8.6779039
              5       4.8031574        1.161581       1.4378276     0.015486761              -0               -0       9.6063149                  9.6063149
              3       5.0234223       1.1771008       1.2965483      0.05679593              -0               -0       10.046845                  10.046845
              2       5.1493314       1.1653273       1.3107086     0.066985013              -0               -0       10.298663                  10.298663
              3       5.1141165       1.0693334       1.4283865     0.062776004              -0               -0       10.228233                  10.228233
              1       5.4159005        1.081431        1.393141     0.069046049              -0               -0       10.831801                  10.831801
              1       6.2437058       1.1738934        1.291755     0.098514726              -0               -0       12.487412                  12.487412
             11       4.9853256       1.1741668       1.2932215     0.034993043              -0               -0       9.9706512                  9.9706512
              2       4.6127587       1.1620719       1.3327056     0.011056113              -0               -0       9.2255174                  9.2255174
              3       4.1648334       1.0841924        1.443985     0.033321618              -0               -0       8.3296667                  8.3296667
              1       4.2740221        1.162605       1.3846746   -0.0035691978              -0               -0       8.5480443                  8.5480443
              3       4.5409002       1.1930901       1.3710783    0.0071271482              -0               -0       9.0818005                  9.0818005
              3       4.0224846       1.0313165       1.5310186    -0.019389638              -0               -0       8.0449693                  8.0449693
              8       4.2201426       1.0028172       1.5739445    -0.029344259              -0               -0       8.4402852                  8.4402852
              2       4.1123974       1.0105411       1.5485734    -0.013790676              -0               -0       8.2247948                  8.2247948
              7       4.3018498      0.98197521       1.5859539   -0.0093315516              -0               -0       8.6036996                  8.6036996
              3       4.3791915         1.01217       1.5297286    -0.018367568              -0               -0        8.758383                   8.758383
              1       4.4113186       1.1220417       1.4199693      0.04345683              -0               -0       8.8226371                  8.8226371
             14       4.4138659       1.1036397       1.4592186     0.036914604              -0               -0       8.8277318                  8.8277318
              3       5.7402067       1.1835331       1.2526128     0.039583287              -0               -0       11.480413                  11.480413
              1       5.0988255       1.1543025       1.3045986      0.03139499              -0               -0       10.197651                  10.197651
              1       6.5297906       1.0812106       1.3573797    -0.006362816              -0               -0       13.059581                  13.059581
              3       4.4345669       1.0645024       1.5376241    -0.046657195              -0               -0       8.8691338                  8.8691338
              2       6.4368702       1.0620301       1.6399931    -0.058847524              -0               -0        12.87374                   12.87374
              2       6.7968923       1.1385807       1.5481327    -0.050444951              -0               -0       13.593785                  13.593785
              1       3.9894801       1.0938429       1.4361353     0.021496905              -0               -0       7.9789601                  7.9789601
              3       5.3796086         1.22289       1.2518298     0.019738926              -0               -0       10.759217                  10.759217
              1       5.3672808       1.2208772       1.2584004     0.013937871              -0               -0       10.734562                  10.734562
              1       5.9206924       1.2511778       1.2092122      0.02538313              -0               -0       11.841385                  11.841385
              3       5.5305109       1.2184781       1.2725133     0.075608638              -0               -0       11.061022                  11.061022
             12       4.3180934       1.1708962       1.3937198     0.002954794              -0               -0       8.6361868                  8.6361868
              5       4.3258235       1.1617472       1.4138672    0.0083234658              -0               -0       8.6516471                  8.6516471
              5       5.1526037       1.2190526       1.3604199     0.024580296              -0               -0       10.305207                  10.305207
              3       4.9691555       1.2033299       1.3836027     0.014574008              -0               -0       9.9383111                  9.9383111
              3       4.2720801       1.1385751       1.4537123   -0.0062852396              -0               -0       8.5441602                  8.5441602
              2       4.7261247       1.1109253       1.5220639    -0.022605634              -0               -0       9.4522494                  9.4522494
              9       6.3015983       1.1266541       1.5531275    -0.036385573              -0               -0       12.603197                  12.603197
              3       5.4944726       1.2095528       1.3945571    -0.026729365              -0               -0       10.988945                  10.988945
              4       7.1432461        1.280871       1.3499308    -0.012833922              -0               -0       14.286492                  14.286492
              2       4.3576686       1.0173791        1.567185    -0.041778241              -0               -0       8.7153372                  8.7153372
              2       3.8667829       1.0578892       1.4923847  -0.00037770534              -0               -0       7.7335658                  7.7335658
             12       4.3418959       1.0873443       1.4823003     -0.03651777              -0               -0       8.6837918                  8.6837918
              4        4.411601       1.0843708       1.5415426    -0.029410924              -0               -0        8.823202                   8.823202
              7        4.107456       1.1078857       1.4816059    0.0056002695              -0               -0        8.214912                   8.214912
              9       4.0310138       1.1192276       1.4441451     0.017495187              -0               -0       8.0620277                  8.0620277
             15        4.393085       1.1070686       1.5001365     -0.03297546              -0               -0         8.78617                    8.78617
              3       4.3599714        1.037475       1.5956522    -0.035280737              -0               -0       8.7199428                  8.7199428
              3       4.1425773       1.0891098       1.5141042    -0.026137056              -0               -0       8.2851546                  8.2851546
              2       4.6067473      0.96487519       1.6017069    -0.021089568              -0               -0       9.2134947                  9.2134947
              6       4.2861025       1.0473344       1.4656271     0.015950816              -0               -0        8.572205                   8.572205
              1       5.0663157      0.94018705       1.6535937    0.0051631076              -0               -0       10.132631                  10.132631
              1       4.5174866      0.98266299       1.6448878    -0.013276063              -0               -0       9.0349732                  9.0349732
              5       4.0920568       1.0829826       1.4796119     0.024732731              -0               -0       8.1841136                  8.1841136
              5       4.1019139       1.0818326       1.4795213     0.025590265              -0               -0       8.2038278                  8.2038278
              3       4.2873885       1.0709112        1.494441      0.03072702              -0               -0       8.5747769                  8.5747769
              1       4.4488084        1.106543       1.3888209     0.040116168              -0               -0       8.8976168                  8.8976168
              4       4.3299567       1.1255598       1.3748002     0.034043146              -0               -0       8.6599134                  8.6599134
              1       4.4625681       1.1234931       1.4459114    -0.033185733              -0               -0       8.9251362                  8.9251362
              3       4.4422151       1.1215042       1.4497309    -0.033296794              -0               -0       8.8844303                  8.8844303
              2       5.5634698      0.93251319       1.6949951    0.0040703612              -0               -0        11.12694                   11.12694
              7       5.5588054      0.92041645       1.7537486    -0.053713123              -0               -0       11.117611                  11.117611
              3       5.7861313      0.91800258       1.7633476    -0.063263313              -0               -0       11.572263                  11.572263
              2       4.8964338       0.9600037       1.6895931    -0.024538654              -0               -0       9.7928676                  9.7928676
              6       5.5477981      0.90457698       1.7268828    -0.051630802              -0               -0       11.095596                  11.095596
              1       4.7848868       1.0134813       1.5869649     0.021667031              -0               -0       9.5697735                  9.5697735
              3       4.2507852       1.0558954       1.4954032     0.031390332              -0               -0       8.5015705                  8.5015705
              2       5.4806814      0.94542105       1.6993867   -0.0033634504              -0               -0       10.961363                  10.961363
              1       4.6382181         1.17072       1.3892111     0.037294061              -0               -0       9.2764362                  9.2764362
              2       4.7423215       1.1800438       1.4050695     0.018809403              -0               -0       9.4846431                  9.4846431
              3       4.9378917       1.2080902        1.357097     0.032907391              -0               -0       9.8757834                  9.8757834
             19       6.1346617        1.045786       1.5806186     0.036829823              -0               -0       12.269323                  12.269323
              5       6.2042539      0.99741164       1.6191409     0.038814376              -0               -0       12.408508                  12.408508
              1         6.94531       1.3127974       1.1512571     0.092170764              -0               -0        13.89062                   13.89062
              1       7.0349723       1.2861651       1.1488823     0.096595411              -0               -0       14.069945                  14.069945
              3       6.7275733       1.2836929       1.1561775     0.085759746              -0               -0       13.455147                  13.455147
              6       4.8456686       1.1033292       1.5314121   -0.0067322931              -0               -0       9.6913373                  9.6913373
              1       4.8233824       1.1042136       1.5300207    -0.007611988              -0               -0       9.6467648                  9.6467648
              8       6.7887577        1.051482       1.6389929   -0.0067644668              -0               -0       13.577515                  13.577515
              1       5.8757375       1.0255187       1.6630519    -0.027706258              -0               -0       11.751475                  11.751475
              2       5.6175336       1.2395869       1.3430297     0.032914452              -0               -0       11.235067                  11.235067
              1       5.4553452       1.2125758        1.347374     0.054629872              -0               -0        10.91069                   10.91069
              2       5.4716152       1.2118944       1.3502544     0.054001169              -0               -0        10.94323                   10.94323
              4       3.9241942       1.0813417       1.5093653    -0.010364491              -0               -0       7.8483885                  7.8483885
              4       5.7774473       1.2616557       1.2739612     0.061786882              -0               -0       11.554895                  11.554895
              4       4.2296659       1.1017193       1.4541692     0.033049484              -0               -0       8.4593319                  8.4593319
              9       4.0808246        1.094254       1.4589478     0.027424002              -0               -0       8.1616492                  8.1616492
              2       5.1312219       1.1761855       1.2970717     0.063301005              -0               -0       10.262444                  10.262444
              3       4.8761758       1.1345504       1.4934657    -0.027727013              -0               -0       9.7523515                  9.7523515
              1       5.2475368       1.1618473        1.465601    -0.032021788              -0               -0       10.495074                  10.495074
              7       5.4365415        1.159979       1.4767332    -0.033916388              -0               -0       10.873083                  10.873083
              5       5.8236172       1.1343553       1.5212367    -0.051966107              -0               -0       11.647234                  11.647234
              3       5.8510118      0.99991544       1.6893002    -0.073130615              -0               -0       11.702024                  11.702024
              2       5.9676598      0.99937238       1.6924255    -0.075487991              -0               -0        11.93532                   11.93532
              8       5.2550998      0.99439678       1.6663465    -0.012642559              -0               -0         10.5102                    10.5102
              2       6.0382691       1.0401079       1.6148879     0.013665084              -0               -0       12.076538                  12.076538
              5       4.7735828       1.0847911       1.5097246     0.030774832              -0               -0       9.5471656                  9.5471656
              7       5.0497942       1.0902975         1.49846     0.040871268              -0               -0       10.099588                  10.099588
              6       5.0124632       1.0859463       1.5042055     0.039189303              -0               -0       10.024926                  10.024926
              1       4.3420198       1.0954928       1.4160247     0.040793132              -0               -0       8.6840395                  8.6840395
              3       4.2825371       1.0743351        1.433426     0.029399755              -0               -0       8.5650742                  8.5650742
              3       5.3127353       1.1167329        1.531882    -0.010740043              -0               -0       10.625471                  10.625471
              1       5.1604623       1.1688371       1.4439743     0.013250581              -0               -0       10.320925                  10.320925
              1       5.3858856       1.2105316       1.3986774   -0.0071618802              -0               -0       10.771771                  10.771771
              1       5.4595358       1.2127722       1.3984105   -0.0071166742              -0               -0       10.919072                  10.919072
              1       5.4501102       1.2117471        1.399727   -0.0059877967              -0               -0        10.90022                   10.90022
              3       4.1261583       1.0816069        1.432933     0.010351038              -0               -0       8.2523166                  8.2523166
              1       8.9302716       1.0103516       1.3770038     0.081530523              -0               -0       17.860543                  17.860543
              2       8.9982984       1.0661794       1.3024428      0.09769108              -0               -0       17.996597                  17.996597
              1       7.6974618      0.97328156       1.4687175     0.068643338              -0               -0       15.394924                  15.394924
              1       6.7726392      0.98926549       1.4732589    -0.012015355              -0               -0       13.545278                  13.545278
              7        7.011004      0.99195341       1.4628239    -0.011122677              -0               -0       14.022008                  14.022008
              5       7.6352092       1.0341639       1.4128583    -0.032463327              -0               -0       15.270418                  15.270418
              1       9.0091585      0.96771964         1.45287    -0.008365163              -0               -0       18.018317                  18.018317
              1       10.483182       1.0918683       1.2370289     0.038350648              -0               -0       20.966365                  20.966365
              1       8.3033951       1.2090728       1.2216509      0.13822656              -0               -0        16.60679                   16.60679
             10        10.54135      0.87066295        1.659742     0.081130882              -0               -0       21.082699                  21.082699
              5       8.1892727      0.96437124         1.52749     0.091807741              -0               -0       16.378545                  16.378545
              3       7.5784626       1.1015637       1.6036937    -0.017195849              -0               -0       15.156925                  15.156925
              2       8.0822371       1.0476894       1.6914565     -0.04981378              -0               -0       16.164474                  16.164474
              2       7.0454796       1.1684268       1.4815555    -0.074576985              -0               -0       14.090959                  14.090959
              5       7.6365227       1.1679626       1.4958941    -0.081789614              -0               -0       15.273045                  15.273045
              1       5.8521051       1.0815462       1.5339793    -0.078073793              -0               -0        11.70421                   11.70421
              4       4.8584667       1.1204757       1.4263735     0.055477527              -0               -0       9.7169333                  9.7169333
              1        5.304024      0.91852082       1.6812066   -0.0042743884              -0               -0       10.608048                  10.608048
              6        4.702502       1.0070263       1.6470326    -0.033264203              -0               -0        9.405004                   9.405004
              1       4.7360435       1.1202995       1.5090827    -0.017979357              -0               -0        9.472087                   9.472087
             10        5.338988       1.1262937       1.3210276     0.047949329              -0               -0       10.677976                  10.677976
              2       4.0677166       1.0813314       1.4847812     0.022175771              -0               -0       8.1354332                  8.1354332
              5       5.0790019       1.1366531       1.5000461    -0.017614537              -0               -0       10.158004                  10.158004
              2       5.8742961       1.2909677       1.2523213     0.010759294              -0               -0       11.748592                  11.748592
              2       5.6496924       1.1459277       1.2897301     0.037708113              -0               -0       11.299385                  11.299385
              3       5.8783301       1.2675871       1.2500944   -0.0046194849              -0               -0        11.75666                   11.75666
              2       5.8410527       1.2903778       1.2125163     0.026705917              -0               -0       11.682105                  11.682105
              1       6.0881984       1.0963405       1.3783863     0.089801168              -0               -0       12.176397                  12.176397
              1       5.9108642       1.0878093       1.4022018     0.085474122              -0               -0       11.821728                  11.821728
              6       5.5215253      0.97090975       1.5353427     0.030991839              -0               -0       11.043051                  11.043051
              3       5.0738272      0.97690427       1.5470142      0.02582059              -0               -0       10.147654                  10.147654
              1       4.9739448      0.97984437       1.5474845     0.025120234              -0               -0       9.9478895                  9.9478895
              3       5.6496717      0.93521412       1.6045315     0.020276251              -0               -0       11.299343                  11.299343
              1       5.6021491      0.94021337       1.5927189     0.019652955              -0               -0       11.204298                  11.204298
              6       6.5158854       1.1338761       1.3274648      0.10239515              -0               -0       13.031771                  13.031771
              4       6.3772579       1.1857708       1.2848402       0.1018352              -0               -0       12.754516                  12.754516
              2        6.113329       1.2977358       1.1874606     0.062685326              -0               -0       12.226658                  12.226658
              1       6.0669031        1.266172       1.1937657     0.072255633              -0               -0       12.133806                  12.133806
              3       7.0321254       1.2317385       1.2631326      0.11085945              -0               -0       14.064251                  14.064251
              2       5.2901426       1.0269654       1.5729155     0.035521553              -0               -0       10.580285                  10.580285
              4       4.4785487       1.0879262       1.4911802     0.031334574              -0               -0       8.9570974                  8.9570974
              1       4.3236469       1.0777845       1.5451788    -0.028718969              -0               -0       8.6472938                  8.6472938
              1         3.96342        1.073768       1.4631061     0.018827819              -0               -0         7.92684                    7.92684
              2       3.9863175       1.0956693        1.430031     0.015633699              -0               -0        7.972635                   7.972635
             12       4.9127571       1.0974335       1.3877038   -0.0047055053              -0               -0       9.8255143                  9.8255143
              4       6.8705087         1.07141        1.388835    -0.033625484              -0               -0       13.741017                  13.741017
              2       6.7616384       1.0698236       1.3946538    -0.034626038              -0               -0       13.523277                  13.523277
              5       8.7419776       1.1846895       1.3999205    -0.097952752              -0               -0       17.483955                  17.483955
             19       5.4449531      0.90646944       1.7319582    -0.024720392              -0               -0       10.889906                  10.889906
              1       5.3845699      0.90988415       1.7016227    -0.012197918              -0               -0        10.76914                   10.76914
              3       5.0117508      0.97763714       1.6300195     0.015501456              -0               -0       10.023502                  10.023502
              2       4.5415417        1.054634       1.4609478     0.042231873              -0               -0       9.0830835                  9.0830835
              1       5.4545149      0.93820897       1.6902993    0.0030168869              -0               -0        10.90903                   10.90903
              3       5.0969362      0.94568767        1.688093   -0.0081334661              -0               -0       10.193872                  10.193872
              6         5.00023      0.94566758       1.6901029     -0.01355653              -0               -0        10.00046                   10.00046
              2       6.7524394       0.9348344       1.7515507   -0.0083529771              -0               -0       13.504879                  13.504879
              1       6.6494623        1.102072        1.534765     0.038173673              -0               -0       13.298925                  13.298925
              7       4.1666965       1.1255207       1.4033816     0.033805829              -0               -0       8.3333931                  8.3333931
              1        5.575047       1.1590084       1.3654818     0.078299251              -0               -0       11.150094                  11.150094
              1       6.6295571        1.232207       1.2403182      0.10462276              -0               -0       13.259114                  13.259114
              1       5.8100698       1.2127159       1.2376682     0.075308074              -0               -0        11.62014                   11.62014
              3       6.0933358       1.3080808       1.1894095     0.043845787              -0               -0       12.186672                  12.186672
              2         5.79017       1.2920028       1.2143563     0.038988609              -0               -0        11.58034                   11.58034
              7       5.8821218       1.2912821       1.2579394     0.012003162              -0               -0       11.764244                  11.764244
              2       6.0045576       1.2222603       1.3751787     0.040392807              -0               -0       12.009115                  12.009115
             12       4.3807896       1.1356711       1.4664536   -0.0072446703              -0               -0       8.7615792                  8.7615792
              9       4.1409548       1.1058714       1.4558033     0.026813241              -0               -0       8.2819097                  8.2819097
              1       4.5075528       1.1375523       1.4196874     0.040162538              -0               -0       9.0151055                  9.0151055
              4       11.009074       1.2330884       1.0711252      0.11948098              -0               -0       22.018147                  22.018147
              1       8.4643446       1.1723219       1.1834456     0.057034693              -0               -0       16.928689                  16.928689
              5       8.3328936       1.2930568       1.0896178     0.049445753              -0               -0       16.665787                  16.665787
              3       8.2884555      0.92888435       1.6253561    -0.086239078              -0               -0       16.576911                  16.576911
              3       5.5514763       1.0107126       1.5476717     -0.06118125              -0               -0       11.102953                  11.102953
              1       5.5697346      0.99899837        1.558298    -0.059454325              -0               -0       11.139469                  11.139469
              2       6.4350898      0.95275491       1.6630035    -0.087274542              -0               -0        12.87018                   12.87018
              1       6.5481163       0.8925045        1.657762    -0.025009342              -0               -0       13.096233                  13.096233
              1       5.9587613       1.1516413       1.2734259     0.040060911              -0               -0       11.917523                  11.917523
              2       5.1227087         1.18152       1.2878263     0.058664223              -0               -0       10.245417                  10.245417
              6       5.2262995       1.1783255        1.281573     0.056770936              -0               -0       10.452599                  10.452599
              3        4.912049       1.0652107       1.4085172     0.026481867              -0               -0       9.8240981                  9.8240981
              4       4.3016856        1.101319        1.397583     0.025691154              -0               -0       8.6033713                  8.6033713
              5       4.2293014       1.1326042       1.4276016    -0.019128709              -0               -0       8.4586028                  8.4586028
              8       6.1754365       1.1617278        1.257166     0.039666867              -0               -0       12.350873                  12.350873
              1       5.1262103       1.1143044       1.3845712     0.069860062              -0               -0       10.252421                  10.252421
              3        4.644071       1.0499735       1.4765973      0.04595983              -0               -0        9.288142                   9.288142
              7       5.0171705      0.96454862       1.6503447    -0.059649214              -0               -0       10.034341                  10.034341
              5       5.2275413      0.95466057       1.6649519    -0.063846902              -0               -0       10.455083                  10.455083
              1        4.440464       1.0911455       1.4184079   -0.0082634982              -0               -0       8.8809279                  8.8809279
              3       4.2982328        1.174129       1.3808837    0.0092564667              -0               -0       8.5964656                  8.5964656
              3       4.2782004       1.1715587       1.3843397    0.0081981222              -0               -0       8.5564009                  8.5564009
              2       5.4673903        1.045733       1.6305259    -0.029271821              -0               -0       10.934781                  10.934781
              4       4.9913981       1.1441711       1.4851929    -0.024546303              -0               -0       9.9827961                  9.9827961
              1       4.4917168       1.0688143       1.5612808    -0.010062159              -0               -0       8.9834337                  8.9834337
              1       6.5287268       1.2839581       1.1879509     0.090130282              -0               -0       13.057454                  13.057454
              2       6.3734781       1.2687842       1.1823953     0.082902101              -0               -0       12.746956                  12.746956
              1       6.5099587       1.2753282       1.1754829     0.086341746              -0               -0       13.019917                  13.019917
              1       5.3433035       1.2372617       1.2999724      0.05430024              -0               -0       10.686607                  10.686607
              1       6.6031048       1.0765644       1.4643569     0.087385749              -0               -0        13.20621                   13.20621
              1       7.1937038       1.0753291       1.4889421     0.086989953              -0               -0       14.387408                  14.387408
              2       5.4553118       1.1575439       1.4834391    -0.014723247              -0               -0       10.910624                  10.910624
              2       4.9683351       1.1432697       1.4860164    -0.016026006              -0               -0       9.9366703                  9.9366703
              3       4.8349718       1.1885512       1.3963624      0.01955917              -0               -0       9.6699436                  9.6699436
              2       6.0057591       1.1895661       1.4549595    -0.012747672              -0               -0       12.011518                  12.011518
              1       7.2754985        1.183123       1.4925519    -0.056549956              -0               -0       14.550997                  14.550997
              2        5.694256       1.0990134       1.4297665    -0.052587168              -0               -0       11.388512                  11.388512
              1       5.6205736       1.1480647       1.3642648    -0.037634215              -0               -0       11.241147                  11.241147
              3       5.8403378       1.1164497       1.3406324   -0.0078842238              -0               -0       11.680676                  11.680676
              1       6.7917545       1.0793681       1.3449593    0.0038173592              -0               -0       13.583509                  13.583509
              3       5.4059142       1.0559736       1.4026784       0.0213375              -0               -0       10.811828                  10.811828
              1        5.174502       1.0948043        1.361828     0.029956231              -0               -0       10.349004                  10.349004
              1       5.0474507       1.0799614       1.3845297     0.036473715              -0               -0       10.094901                  10.094901
              3       5.3717778       1.0828155       1.3688217     0.043294543              -0               -0       10.743556                  10.743556
              3       6.4148571      0.98743658       1.4945979    -0.022880254              -0               -0       12.829714                  12.829714
              3        5.235211      0.99918859       1.5222153    -0.029812186              -0               -0       10.470422                  10.470422
              1       6.4432765        1.031109        1.402324     0.045963088              -0               -0       12.886553                  12.886553
              3       5.5533643      0.98564085        1.531076    -0.030273763              -0               -0       11.106729                  11.106729
              6       5.8788797      0.95101792       1.5730696    -0.028681722              -0               -0       11.757759                  11.757759
              5        7.161085       1.3451858       1.2316943     0.026254809              -0               -0        14.32217                   14.32217
              1        5.276501       1.0765129       1.4626853     0.064698459              -0               -0       10.553002                  10.553002
              1       5.4347084       1.0827692       1.4333339     0.073114143              -0               -0       10.869417                  10.869417
              4       5.5842935       1.0556205       1.4634937     0.071538019              -0               -0       11.168587                  11.168587
              2       5.6261199       1.0015088       1.5001923    -0.025319397              -0               -0        11.25224                   11.25224
              1       4.4119075       1.1608379       1.4219489    0.0093648057              -0               -0        8.823815                   8.823815
              3       4.5590158       1.1934288       1.3711897     0.013939177              -0               -0       9.1180315                  9.1180315
              3       4.6791296      0.96957318       1.5869714     0.010537694              -0               -0       9.3582591                  9.3582591
              1       6.0662884      0.88307616       1.7120313     -0.03180993              -0               -0       12.132577                  12.132577
              3       5.7162604       1.0641066       1.4910529    -0.065032666              -0               -0       11.432521                  11.432521
              2       8.0185023       0.9704827       1.5330956    -0.065844435              -0               -0       16.037005                  16.037005
              1       8.4107528      0.87134969       1.6376501     0.031300004              -0               -0       16.821506                  16.821506
              2       6.2769118      0.93325304       1.5748192     0.025583472              -0               -0       12.553824                  12.553824
              5       6.1665864      0.96409567       1.5443665     0.051866307              -0               -0       12.333173                  12.333173
              1       6.1464922      0.96346061       1.5504826     0.052228624              -0               -0       12.292984                  12.292984
              1       7.1278269      0.84599281       1.7599082    -0.035498066              -0               -0       14.255654                  14.255654
              2       7.6925352       0.8361383       1.7555762    -0.031597469              -0               -0        15.38507                   15.38507
              1       5.2449884       1.1026788       1.3721289   -0.0066461213              -0               -0       10.489977                  10.489977
              2       5.8085224       1.0760661       1.3643357     0.054969021              -0               -0       11.617045                  11.617045
              3       5.0088595       1.0555861       1.4248395     0.046522576              -0               -0       10.017719                  10.017719
              2       4.0829481       1.0889095       1.4969696    -0.027470715              -0               -0       8.1658962                  8.1658962
              2       4.4189408        1.108505       1.5035934    -0.030886198              -0               -0       8.8378816                  8.8378816
              1       4.2565227       1.1274343       1.4624904    -0.021318484              -0               -0       8.5130454                  8.5130454
              3       4.4932135       1.1256115       1.4679031     0.018687171              -0               -0        8.986427                   8.986427
              7       4.4293113       1.1174857       1.4738854     0.019417415              -0               -0       8.8586225                  8.8586225
             10        4.606389       1.1174801       1.4744484     0.025601655              -0               -0        9.212778                   9.212778
              7       4.4459984       1.1416713       1.4112766     0.039174764              -0               -0       8.8919968                  8.8919968
              1       4.1989958       1.0883484       1.5030987      0.01327412              -0               -0       8.3979916                  8.3979916
              4       4.2308698       1.0357813       1.4892813   9.2826035e-05              -0               -0       8.4617397                  8.4617397
              3       3.9037712       1.0698353       1.4699329    0.0027803401              -0               -0       7.8075424                  7.8075424
              1       3.9742504       1.1309489       1.4202099    0.0080787572              -0               -0       7.9485008                  7.9485008
              2       4.7433606       1.1249829       1.4619412    -0.043427577              -0               -0       9.4867213                  9.4867213
              3       4.5863576      0.96508842       1.6582849    -0.014856842              -0               -0       9.1727152                  9.1727152
              2       4.3968655       1.0301851       1.5948565   -0.0064739887              -0               -0        8.793731                   8.793731
              2       4.3549365       1.0314466       1.5972163    -0.013347206              -0               -0        8.709873                   8.709873
              2       4.4730931      0.98922415       1.5916808     0.012740765              -0               -0       8.9461861                  8.9461861
              1       6.0641085      0.88009105       1.7461691    -0.048990999              -0               -0       12.128217                  12.128217
              9       5.7546789      0.93639246       1.7425753    -0.071617561              -0               -0       11.509358                  11.509358
              2       5.3374641       1.0500559       1.6236132    -0.048233363              -0               -0       10.674928                  10.674928
              4       6.6711763       1.1120023       1.5796834    -0.057463502              -0               -0       13.342353                  13.342353
              4       7.7798638        1.049405       1.6828756     -0.04595486              -0               -0       15.559728                  15.559728
              1       9.5381096      0.83727738       1.8314069     -0.11106483              -0               -0       19.076219                  19.076219
              2       9.4616566      0.95301424       1.6426704     -0.11999512              -0               -0       18.923313                  18.923313
              3       8.1876206        1.015784       1.5991569     -0.11447552              -0               -0       16.375241                  16.375241
              1       9.3477407       1.0168677       1.5653472     -0.11967283              -0               -0       18.695481                  18.695481
              1       7.3029411      0.95195257       1.6436161    -0.094409437              -0               -0       14.605882                  14.605882
              6       5.7581752       1.1686382       1.4648545    -0.047013168              -0               -0        11.51635                   11.51635
              5       5.8290488       1.2528991       1.3096222    -0.020911999              -0               -0       11.658098                  11.658098
              4       4.4346641       1.0526082       1.5830642    -0.022281681              -0               -0       8.8693282                  8.8693282
              1       7.3755176       1.0887748       1.5692092     0.032942618              -0               -0       14.751035                  14.751035
              5       6.5563181       1.2056327       1.3139647     0.097374555              -0               -0       13.112636                  13.112636
             11       6.7816566        1.210649        1.293673      0.10542953              -0               -0       13.563313                  13.563313
              4       6.7762424       1.2104543       1.2940858      0.10528735              -0               -0       13.552485                  13.552485
              2       5.5815405       1.0034054       1.6512582    0.0027909684              -0               -0       11.163081                  11.163081
              2       5.1875024       1.1441745       1.4929506    -0.014793426              -0               -0       10.375005                  10.375005
              2       4.9170112       1.1318127       1.5007321    -0.020923036              -0               -0       9.8340223                  9.8340223
              2       4.9958794       1.1429943       1.4876346    -0.021987771              -0               -0       9.9917587                  9.9917587
              3        4.813256       1.1273075       1.5025709    -0.022970373              -0               -0       9.6265119                  9.6265119
             14       4.7530136       1.1102369       1.5237516    -0.028091943              -0               -0       9.5060271                  9.5060271
              2       4.5303014       1.0948141        1.533423     -0.03051309              -0               -0       9.0606029                  9.0606029
              9       4.1419308       1.0120869       1.5374174   -0.0063912424              -0               -0       8.2838616                  8.2838616
              2       5.5827618       1.1472773       1.2923478     0.058435113              -0               -0       11.165524                  11.165524
              2       4.6439581       1.1318655       1.3553652     0.048688703              -0               -0       9.2879162                  9.2879162
              2       4.5800595       1.0564193       1.4720656     -0.02663451              -0               -0        9.160119                   9.160119
              6       4.9632502       1.0669848       1.4555882    -0.034624415              -0               -0       9.9265004                  9.9265004
              5       5.0230031       1.0617578       1.4087287     0.023407684              -0               -0       10.046006                  10.046006
             10       4.7760521      0.95235174        1.678755    -0.046511989              -0               -0       9.5521043                  9.5521043
              2       4.5191978       1.0243113        1.608445   -0.0090816417              -0               -0       9.0383955                  9.0383955
             10       3.9866605       1.0202309       1.5706306     -0.00640498              -0               -0       7.9733211                  7.9733211
              2       6.8718521      0.92550792         1.74569    0.0031638878              -0               -0       13.743704                  13.743704
              3       5.8595132       1.0010741       1.6594249    0.0038830797              -0               -0       11.719026                  11.719026
              3       6.2870522       1.1474367       1.4363138    -0.071054208              -0               -0       12.574104                  12.574104
              2       6.0896431       1.1322137       1.4557167    -0.071327346              -0               -0       12.179286                  12.179286
              3       6.3841022       1.1236463       1.4619614    -0.077413511              -0               -0       12.768204                  12.768204
              2       5.2095593       1.0979156       1.4869948    -0.060304274              -0               -0       10.419119                  10.419119
              1       4.4772198      0.98470385       1.5621278   -0.0082146521              -0               -0       8.9544397                  8.9544397
              2       4.9538486       1.1259496       1.3400738     0.048823199              -0               -0       9.9076972                  9.9076972
              3       4.4969288       1.1003233       1.3900843     0.037839456              -0               -0       8.9938577                  8.9938577
              4       4.1664896       1.0060542       1.5873764   0.00035678986              -0               -0       8.3329792                  8.3329792
              1       4.5376936       1.1097159        1.466881    -0.040089341              -0               -0       9.0753873                  9.0753873
              7       4.2405426       1.1571843       1.3960207   -0.0060063748              -0               -0       8.4810852                  8.4810852
              3       4.0819323       1.1184714       1.4490128    -0.017413347              -0               -0       8.1638646                  8.1638646
              4       4.1259109       1.1455062       1.4237181    0.0051741631              -0               -0       8.2518217                  8.2518217
             10       4.8004971       1.1922069       1.3754344     0.031867499              -0               -0       9.6009942                  9.6009942
             14       4.1087679       1.0909717       1.4613013     0.028991522              -0               -0       8.2175358                  8.2175358
              1       4.3014438      0.98824122       1.6160193   -0.0059146574              -0               -0       8.6028877                  8.6028877
              3       4.3115393       1.0794861       1.5146215     0.016682858              -0               -0       8.6230785                  8.6230785
              1        4.310979       1.0803654       1.5136291     0.016709026              -0               -0       8.6219579                  8.6219579
              9       4.5460151       1.0838626       1.5139639     0.022113855              -0               -0       9.0920302                  9.0920302
              2       5.1448123       1.0621473       1.5705184     0.012535066              -0               -0       10.289625                  10.289625
              5       5.3641838       1.0734719       1.5647015     0.012760753              -0               -0       10.728368                  10.728368
              2       5.1230688        1.095254       1.5198454     0.024923814              -0               -0       10.246138                  10.246138
              1        4.996657       1.0452155        1.585016     0.010735059              -0               -0       9.9933141                  9.9933141
              3       4.2297515       1.0584469        1.549896    0.0022419103              -0               -0        8.459503                   8.459503
              1       4.0838538       1.0116934       1.5469538    0.0029299583              -0               -0       8.1677075                  8.1677075
              7        3.914425       1.0640613       1.5290798    -0.016853364              -0               -0         7.82885                    7.82885
              2       4.0562571       1.1280385       1.4394054     0.013613633              -0               -0       8.1125142                  8.1125142
              3       4.0997446       1.0709798       1.5401809    -0.018702272              -0               -0       8.1994891                  8.1994891
              5        4.160973       1.0693891        1.542001   -0.0068218551              -0               -0       8.3219461                  8.3219461
              2       4.9466619      0.95822021       1.5886411     0.010765127              -0               -0       9.8933237                  9.8933237
              6       5.9539034       1.0586429       1.3829554     0.055936918              -0               -0       11.907807                  11.907807
              4        5.994238       1.0607153       1.3785399     0.055929298              -0               -0       11.988476                  11.988476
              1       3.9588573       1.1065027       1.4623441     0.011790306              -0               -0       7.9177146                  7.9177146
              9       3.9499743       1.1018354       1.4712955    0.0092292403              -0               -0       7.8999486                  7.8999486
              5       4.4682961      0.98207412        1.568427    0.0036702888              -0               -0       8.9365923                  8.9365923
              2       5.0457067      0.95693301       1.5799181   -0.0028888362              -0               -0       10.091413                  10.091413
              2       4.4114537       1.0060745       1.6296569    -0.023749911              -0               -0       8.8229074                  8.8229074
              1       4.4234881       1.0154537       1.6231709    -0.027343183              -0               -0       8.8469762                  8.8469762
              2       4.0164451       1.0970122       1.4307301    0.0015592685              -0               -0       8.0328903                  8.0328903
              1       4.8221165       1.1631314       1.3112077       0.0426554              -0               -0        9.644233                   9.644233
              2       4.9194807       1.1403076       1.3259948     0.045219712              -0               -0       9.8389615                  9.8389615
              5       4.4024888       1.1148236        1.377007     0.026476146              -0               -0       8.8049776                  8.8049776
             12       4.0840529       1.0188944       1.5930598    -0.023996947              -0               -0       8.1681059                  8.1681059
              2       4.2620157       1.1371256       1.4499094    -0.016271156              -0               -0       8.5240313                  8.5240313
              1       5.2750475       1.1610712       1.2898812     0.046989481              -0               -0       10.550095                  10.550095
              6       5.2282188       1.1380976       1.3253152     0.064699321              -0               -0       10.456438                  10.456438
              5       5.6090753       1.1230165       1.3242737     0.068736602              -0               -0       11.218151                  11.218151
              4        4.542226       1.0953291       1.4159208     0.049878542              -0               -0       9.0844519                  9.0844519
              3       4.4664952       1.0723411       1.4238164     0.010058361              -0               -0       8.9329905                  8.9329905
              4       3.8510221       1.0721975       1.4956287    -0.012367236              -0               -0       7.7020441                  7.7020441
              5       5.1055769      0.93747871       1.6305697    0.0043647882              -0               -0       10.211154                  10.211154
              5       5.7446694      0.91123915       1.6779581    0.0089252561              -0               -0       11.489339                  11.489339
              5       5.5213129       1.1911312       1.2591579     0.028359578              -0               -0       11.042626                  11.042626
              1       5.5417559       1.1835894       1.2730922     0.013883784              -0               -0       11.083512                  11.083512
              1       5.5940119       1.1663439        1.283764     0.015069509              -0               -0       11.188024                  11.188024
              1       3.9352608       1.0432447       1.5137471    -0.012267968              -0               -0       7.8705216                  7.8705216
              1       7.4422276      0.87630628        1.652841   -0.0088992556              -0               -0       14.884455                  14.884455
              4       7.5794274      0.85910105        1.698577     0.011116062              -0               -0       15.158855                  15.158855
              2       7.0071035      0.85278091       1.7424836     -0.01418102              -0               -0       14.014207                  14.014207
              6        7.387929      0.84081937       1.7604041    -0.014221312              -0               -0       14.775858                  14.775858
             10       6.5580486       1.1686424       1.3291939    -0.045252853              -0               -0       13.116097                  13.116097
              3       7.2640294       1.2052661       1.3101894    -0.056998627              -0               -0       14.528059                  14.528059
              3       8.2335544       1.2390886        1.186632    -0.017132487              -0               -0       16.467109                  16.467109
              3       6.2909499        1.192527       1.2837323    -0.023160737              -0               -0         12.5819                    12.5819
              1       6.5661079       1.2278714       1.2454435    -0.017850083              -0               -0       13.132216                  13.132216
              1       7.0128888       1.3063956       1.1633131    0.0069947773              -0               -0       14.025778                  14.025778
              5       5.3761188       1.2486764       1.2821485   -0.0010915928              -0               -0       10.752238                  10.752238
              1       5.5394422       1.1876451       1.3231035     -0.02601962              -0               -0       11.078884                  11.078884
              8       4.4341275       1.0628429       1.5217145    -0.045179376              -0               -0       8.8682549                  8.8682549
              4        5.496344      0.94208898       1.6753244    -0.066672673              -0               -0       10.992688                  10.992688
              1       5.6823739      0.95978898       1.6597452    -0.075655703              -0               -0       11.364748                  11.364748
              1       6.0939653       1.2522573       1.1905759      0.04649664              -0               -0       12.187931                  12.187931
              1       4.9429609       1.0995462       1.4073513    -0.023864169              -0               -0       9.8859219                  9.8859219
              3       4.2079221       1.0521192       1.4770535    -0.010613733              -0               -0       8.4158442                  8.4158442
              3       4.1928934       1.1052555       1.4077012     0.003972821              -0               -0       8.3857867                  8.3857867
             18       4.4215023       1.1106738       1.3838809      0.01193969              -0               -0       8.8430047                  8.8430047
              1        5.080707       1.1149802       1.3457152     0.049685251              -0               -0       10.161414                  10.161414
              8       5.0595341       1.1104625       1.3515977     0.049121216              -0               -0       10.119068                  10.119068
              4       4.8471269       1.0867114       1.4270218     0.059159775              -0               -0       9.6942537                  9.6942537
              2       4.4822209        1.036781       1.4697719      0.02138103              -0               -0       8.9644418                  8.9644418
              5       4.6882728       1.0823885        1.404016     0.043682941              -0               -0       9.3765455                  9.3765455
              1       4.3443571       1.0599641        1.444747     0.021988162              -0               -0       8.6887143                  8.6887143
              1       4.1691234       1.0504433       1.4731027     0.021160716              -0               -0       8.3382467                  8.3382467
              6       4.4238679       1.1896154       1.3494355     0.012560195              -0               -0       8.8477359                  8.8477359
              3       4.9001203       1.2263967       1.2823107     0.034504105              -0               -0       9.8002405                  9.8002405
              6       4.6760911       1.1503522       1.3392242    0.0085816087              -0               -0       9.3521822                  9.3521822
              4       4.8435009       1.1566637       1.3145605     0.040862891              -0               -0       9.6870018                  9.6870018
              2        4.706032       1.1887381       1.3154142    0.0091737783              -0               -0       9.4120639                  9.4120639
              8       5.0158184      0.94298785       1.6886794    -0.053969431              -0               -0       10.031637                  10.031637
             10       4.3092859       1.0076309       1.5735814     0.013256976              -0               -0       8.6185717                  8.6185717
              5       4.1803585       1.1260382       1.4608052     0.006682849              -0               -0       8.3607169                  8.3607169
              3       4.0990217        1.011011       1.5999298    -0.022078166              -0               -0       8.1980434                  8.1980434
              3       4.5962083       0.9803296       1.6541044    -0.047645424              -0               -0       9.1924166                  9.1924166
              1       4.9987392       1.1101684       1.5340404    -0.021801478              -0               -0       9.9974784                  9.9974784
              7       4.9593824       1.1121067       1.5298918    -0.021300765              -0               -0       9.9187647                  9.9187647
              1       4.2904567       1.0866835       1.5326181    -0.021972925              -0               -0       8.5809133                  8.5809133
              4       4.4077988       1.0896559       1.4991981     0.023337672              -0               -0       8.8155976                  8.8155976
              4       4.4068945       1.0896273       1.4993595     0.023222091              -0               -0       8.8137891                  8.8137891
              1       4.1274688        1.024766       1.5436564     0.014447938              -0               -0       8.2549375                  8.2549375
              2       4.3070391       1.0114643       1.5637134     0.016398488              -0               -0       8.6140783                  8.6140783
              3       6.0688066      0.91021818       1.6591033     0.019511466              -0               -0       12.137613                  12.137613
              6       4.5481464       1.1824583       1.3914222    -0.006411611              -0               -0       9.0962928                  9.0962928
              5       4.0635591       1.1454284       1.4078538    0.0070255916              -0               -0       8.1271183                  8.1271183
              3       6.9881263       1.3529991        1.162369     0.022490304              -0               -0       13.976253                  13.976253
              4       6.7284907       1.2581465       1.1935375    0.0048381703              -0               -0       13.456981                  13.456981
              4       5.9617896       1.2871903       1.1931729     0.035138387              -0               -0       11.923579                  11.923579
              4       4.2014666       1.1019319       1.4383856     0.035906317              -0               -0       8.4029332                  8.4029332
              6         4.24215       1.0972066         1.44056     0.037915561              -0               -0          8.4843                     8.4843
              2        4.322428       1.0987781       1.4417839      0.04069827              -0               -0       8.6448559                  8.6448559
              4       5.4655975       1.0913998       1.4319432     0.073693224              -0               -0       10.931195                  10.931195
              1       4.3719092       1.1817829         1.36874     0.018414552              -0               -0       8.7438184                  8.7438184
              3        3.980061       1.0922473       1.4488315     0.023262094              -0               -0        7.960122                   7.960122
              2       4.0921295       1.1139339       1.4018917     0.019356909              -0               -0       8.1842589                  8.1842589
              3       4.1157508       1.0701366       1.4469741     0.012175443              -0               -0       8.2315017                  8.2315017
              1       4.1669351       1.0004654       1.5994792   -0.0061649339              -0               -0       8.3338701                  8.3338701
              3       4.4136965      0.96594151       1.6234464    -0.012414654              -0               -0       8.8273929                  8.8273929
              2        4.756009       1.1645444       1.4209387    -0.028970707              -0               -0        9.512018                   9.512018
              5       5.7025788       1.1735431        1.469252     -0.01763767              -0               -0       11.405158                  11.405158
              1       5.9542814       1.1234044       1.5327252    0.0017325491              -0               -0       11.908563                  11.908563
              5       4.3670986      0.97601303       1.5938986   -0.0064385119              -0               -0       8.7341972                  8.7341972
              2       4.4064812      0.97200953       1.5996469   -0.0076887473              -0               -0       8.8129623                  8.8129623
              1        4.737273      0.98190146       1.5653738     0.022014188              -0               -0        9.474546                   9.474546
              1       4.7946983       1.1307622       1.3397985     0.036769442              -0               -0       9.5893966                  9.5893966
              8       4.5697795       1.1863315       1.3239606     0.040049177              -0               -0       9.1395589                  9.1395589
              1       4.5399534        1.149898         1.35947   -0.0033418193              -0               -0       9.0799068                  9.0799068
              1       4.5271462       1.1361354       1.4454497    -0.032496795              -0               -0       9.0542924                  9.0542924
              7       4.7101726       1.1632108       1.4047646    -0.028262713              -0               -0       9.4203452                  9.4203452
              1       4.7042827       1.1597678       1.4109969    -0.029662265              -0               -0       9.4085655                  9.4085655
              5       4.3536229       1.0322961       1.5024748     0.029552382              -0               -0       8.7072459                  8.7072459
              6       4.2684428         1.03727       1.4999251     0.027659148              -0               -0       8.5368856                  8.5368856
              3       4.2252931       1.0412785       1.5737439   -0.0048231004              -0               -0       8.4505862                  8.4505862
              2       5.2503151      0.96161874       1.6591846    -0.066406032              -0               -0        10.50063                   10.50063
              3       5.5912018      0.94850728       1.6716693    -0.071388125              -0               -0       11.182404                  11.182404
             11       4.0543973        1.064323       1.5305928    -0.030135869              -0               -0       8.1087946                  8.1087946
              3        4.161624       1.0797168       1.4535344    -0.014180578              -0               -0        8.323248                   8.323248
              4       4.5105201      0.97671074       1.5777032    0.0035858062              -0               -0       9.0210402                  9.0210402
              2       5.1065327      0.93205664       1.6379014    -0.018334774              -0               -0       10.213065                  10.213065
              2       5.0233786      0.93564996       1.6360499    -0.019757219              -0               -0       10.046757                  10.046757
              3       4.9420982       1.0947278       1.4295022     0.061860512              -0               -0       9.8841965                  9.8841965
              2       4.0317749       1.0395454        1.521654      0.01544377              -0               -0       8.0635498                  8.0635498
              1        3.983902       1.0342262       1.5169579   -0.0078852804              -0               -0       7.9678041                  7.9678041
              2        4.205571       1.1413755       1.4263755     -0.01439884              -0               -0       8.4111421                  8.4111421
              1       4.2960639       1.0349435       1.5301329    -0.034733682              -0               -0       8.5921278                  8.5921278
              8       4.1094497       1.0216777       1.5223106   -0.0037403117              -0               -0       8.2188994                  8.2188994
              2       5.2819975       1.1718376       1.2844161     0.026128334              -0               -0       10.563995                  10.563995
              2       5.2539965       1.1792935         1.29168    0.0089188322              -0               -0       10.507993                  10.507993
              1        5.691761       1.2013729       1.2680803   0.00065025727              -0               -0       11.383522                  11.383522
              3       5.4889456       1.2563793        1.302583   -0.0027838124              -0               -0       10.977891                  10.977891
              2       5.6284653       1.1146757       1.5391714    -0.056197022              -0               -0       11.256931                  11.256931
              2        5.743891       1.0011465       1.6645866    -0.003351409              -0               -0       11.487782                  11.487782
              4       4.2827499       1.0574273       1.5369445    -0.041735503              -0               -0       8.5654998                  8.5654998
             14       4.0635965       1.0887123       1.4965731    -0.026429275              -0               -0        8.127193                   8.127193
              2       4.5244343       1.1505491       1.4517468   -0.0054981305              -0               -0       9.0488687                  9.0488687
              1       4.9805942       1.0560703       1.5917204   -0.0077824988              -0               -0       9.9611884                  9.9611884
              2       4.4369403      0.97321463       1.6528294    -0.028337517              -0               -0       8.8738806                  8.8738806
              5       4.1092055       1.0073803        1.599543    -0.027727388              -0               -0        8.218411                   8.218411
              9       5.1989486       1.2336344       1.2839915    0.0018785714              -0               -0       10.397897                  10.397897
              3       5.2101792       1.2413441       1.2882842    0.0021792312              -0               -0       10.420358                  10.420358
              2       5.2633668       1.2449054       1.2643972     0.012062534              -0               -0       10.526734                  10.526734
              1       4.8274336       1.2249347       1.3141964     0.013058535              -0               -0       9.6548671                  9.6548671
              3       6.5844768       1.2087766       1.4049545     -0.05826016              -0               -0       13.168954                  13.168954
             16       5.7975941       1.2786498       1.2015835     0.044504065              -0               -0       11.595188                  11.595188
              1        4.127066       1.0587457       1.4912504     0.026881847              -0               -0       8.2541321                  8.2541321
              1       4.5678128       1.0685904       1.5594459    -0.045821511              -0               -0       9.1356257                  9.1356257
              3       4.8183831       1.0727164       1.5744873    -0.041854105              -0               -0       9.6367661                  9.6367661
              2       5.4739507       1.0707169       1.5986296    -0.055121928              -0               -0       10.947901                  10.947901
              1       6.9240014      0.95274467       1.5980436    -0.070744143              -0               -0       13.848003                  13.848003
              3       5.8877801       1.0547509       1.4247602    -0.025859673              -0               -0        11.77556                   11.77556
              3       5.5992664       1.1000031       1.5584118    -0.058291286              -0               -0       11.198533                  11.198533
              7        4.800157       1.0478984       1.6068827    -0.036193894              -0               -0       9.6003139                  9.6003139
              4        4.414784      0.97826205       1.5809931    -0.006013126              -0               -0       8.8295679                  8.8295679
              1        4.456479      0.97374432       1.5877118   -0.0066781377              -0               -0       8.9129581                  8.9129581
              1       5.3815511       1.0436763       1.6283559    -0.058587942              -0               -0       10.763102                  10.763102
              1       5.9888538       1.0211883       1.6493037    -0.083383837              -0               -0       11.977708                  11.977708
              2       5.7811907       1.1067151       1.5108632    -0.072381502              -0               -0       11.562381                  11.562381
              2       4.2975665       1.0885807       1.4851404    -0.035707864              -0               -0       8.5951329                  8.5951329
              8       4.5270039       1.1710502       1.3486821   -0.0017338398              -0               -0       9.0540079                  9.0540079
              1       4.5112893       1.1704538       1.3492769   -0.0011452858              -0               -0       9.0225786                  9.0225786
             10       4.2175404       1.1113071       1.4312401    -0.018654222              -0               -0       8.4350809                  8.4350809
             11        5.395678       1.0332575        1.467234     0.061204284              -0               -0       10.791356                  10.791356
              6       5.6439177       1.1087064       1.5040385     0.037679815              -0               -0       11.287835                  11.287835
             11       6.9709426       1.2112397       1.3107579      0.10380126              -0               -0       13.941885                  13.941885
              1       6.6540199         1.22469       1.2184251      0.10208565              -0               -0        13.30804                   13.30804
              4       6.1023674       1.2786772       1.1898616     0.071304966              -0               -0       12.204735                  12.204735
              2         5.79692       1.1133195       1.3518412    -0.014353049              -0               -0        11.59384                   11.59384
              2       5.7634309       1.1705586       1.3452193       0.0841597              -0               -0       11.526862                  11.526862
              2       5.7002838       1.2180205       1.2709662     0.081330958              -0               -0       11.400568                  11.400568
              1       4.1894813       1.0363921       1.5042959    -0.015782931              -0               -0       8.3789626                  8.3789626
              2       4.3218467       1.0016365       1.6021107    -0.041548667              -0               -0       8.6436934                  8.6436934
              3       4.3214533       1.1003571       1.5049859    -0.032607705              -0               -0       8.6429065                  8.6429065
              5       4.7557382       1.1018056       1.5327262    -0.036506024              -0               -0       9.5114764                  9.5114764
             12       4.6434453       1.0274402        1.582872    -0.055915328              -0               -0       9.2868905                  9.2868905
              4       5.3291292       1.0615176       1.5755217    -0.069488662              -0               -0       10.658258                  10.658258
              5       5.5332688       1.2132028       1.3962627     0.010427523              -0               -0       11.066538                  11.066538
              2       5.3995056       1.2154068       1.3829693     0.018079072              -0               -0       10.799011                  10.799011
              2       5.3886628       1.2671402       1.2478584     0.030506589              -0               -0       10.777326                  10.777326
              1       6.9249546       1.1100072       1.3382054      0.10611349              -0               -0       13.849909                  13.849909
              1       4.4856235       1.0204217       1.5344634     0.030389194              -0               -0        8.971247                   8.971247
              2       4.3727513        1.031094       1.4842363     0.013164242              -0               -0       8.7455026                  8.7455026
              2       4.5063173       1.0146734       1.5030573     0.015434313              -0               -0       9.0126346                  9.0126346
              1       6.2059128       1.1201944       1.3263995     0.089654514              -0               -0       12.411826                  12.411826
              8       6.9110614        1.128656       1.3132591      0.10707672              -0               -0       13.822123                  13.822123
              2       6.3346582        1.088086       1.4077066     0.093669532              -0               -0       12.669316                  12.669316
              3       7.9920511       1.0439903       1.5228152     0.092332538              -0               -0       15.984102                  15.984102
              2       7.9994318       1.0439766       1.5229547     0.092366963              -0               -0       15.998864                  15.998864
              2       7.8388266       1.0356317       1.5323362     0.088891662              -0               -0       15.677653                  15.677653
              3       4.8761688       1.2006501       1.3500878     0.042641532              -0               -0       9.7523376                  9.7523376
              4        5.658033       1.2413449       1.3211244     0.050586001              -0               -0       11.316066                  11.316066
              3       5.4101082       1.2158663        1.386731     0.011244677              -0               -0       10.820216                  10.820216
              2       5.3551751       1.1996804       1.4033104     0.019642307              -0               -0        10.71035                   10.71035
              2       4.5571007       1.1621604       1.4270386     0.012496439              -0               -0       9.1142013                  9.1142013
              1       4.3855996       1.0072566       1.5962959    0.0059460472              -0               -0       8.7711991                  8.7711991
             10       4.2864121       1.0235368       1.5303438     0.023751695              -0               -0       8.5728243                  8.5728243
              2       4.9490902       1.1590125       1.3071334     0.032761812              -0               -0       9.8981805                  9.8981805
              5       5.1944207       1.1347676       1.3181312     0.033762557              -0               -0       10.388841                  10.388841
              3       5.4050099      0.94067902       1.6820723    -0.065025966              -0               -0        10.81002                   10.81002
              8       5.9436922       1.0141762       1.4673349     0.064169352              -0               -0       11.887384                  11.887384
              1       5.6087086       1.2068932       1.2445865     0.065620337              -0               -0       11.217417                  11.217417
              1       5.9625151       1.1851252       1.2422791     0.044297708              -0               -0        11.92503                   11.92503
              2       5.5743162       1.1109147       1.4972733    -0.067443688              -0               -0       11.148632                  11.148632
              1       5.7582493       1.1111542       1.4982317     -0.07106112              -0               -0       11.516499                  11.516499
              7        5.580384       1.0657786       1.4914593    -0.063283208              -0               -0       11.160768                  11.160768
              3       5.0240534       1.0436974       1.4382071     0.041810889              -0               -0       10.048107                  10.048107
              4       5.2074638       1.0236477       1.4625431     0.043413158              -0               -0       10.414928                  10.414928
              1       5.9358571       1.0082395        1.451171     0.027644057              -0               -0       11.871714                  11.871714
              4       6.4224186       1.1797417       1.2316227     0.045826261              -0               -0       12.844837                  12.844837
              4       4.0541045       1.0495523       1.4824139   0.00061434948              -0               -0        8.108209                   8.108209
              2       4.0481894       1.0559909       1.4741407   0.00080662118              -0               -0       8.0963787                  8.0963787
              5       4.2673463       1.0262358       1.5048738   -0.0064849816              -0               -0       8.5346926                  8.5346926
              4       4.4349484       1.0292043       1.5220032    -0.032150872              -0               -0       8.8698967                  8.8698967
              3       4.0955206       1.0394327       1.4938267  -0.00014090717              -0               -0       8.1910413                  8.1910413
             11       5.8085967      0.92941509        1.738181    -0.016781656              -0               -0       11.617193                  11.617193
              4       5.5643063      0.93407075        1.726809    -0.017145289              -0               -0       11.128613                  11.128613
              1       5.6474242        0.903379       1.7154877   -0.0077459483              -0               -0       11.294848                  11.294848
              5       5.8298964       0.8855715       1.7486942    -0.043967069              -0               -0       11.659793                  11.659793
              3       6.4300806      0.89996369       1.7776089     -0.08099824              -0               -0       12.860161                  12.860161
              6       5.7842059      0.91905445       1.7431137    -0.070971916              -0               -0       11.568412                  11.568412
             10       4.9964887       1.1563664       1.4452124    -0.039080694              -0               -0       9.9929774                  9.9929774
              3       4.0044852       1.0325252       1.5653521     -0.02713764              -0               -0       8.0089704                  8.0089704
              6       4.4928334       1.0427894       1.5705403    -0.050557638              -0               -0       8.9856667                  8.9856667
              3       4.9249773       1.1776092       1.4022881    -0.029809054              -0               -0       9.8499545                  9.8499545
              2       5.0075477       1.1956797       1.3398915     0.055706996              -0               -0       10.015095                  10.015095
              2       6.3436915       1.0331326       1.5537731     0.060593774              -0               -0       12.687383                  12.687383
              2       6.1529462       1.0129195       1.6372465     0.018549091              -0               -0       12.305892                  12.305892
              1       5.8351856      0.99469322       1.5738414     0.052332915              -0               -0       11.670371                  11.670371
              5       5.3036194       1.0111211       1.5503598      0.04799564              -0               -0       10.607239                  10.607239
              2       7.0745861       1.0062025       1.5731903     0.070003883              -0               -0       14.149172                  14.149172
              4        5.565678        0.929416       1.7405893    -0.028198535              -0               -0       11.131356                  11.131356
              2       5.0526353      0.97595898       1.6824909    -0.020939853              -0               -0       10.105271                  10.105271
              3       5.1221331      0.92890511       1.6896065    -0.048334907              -0               -0       10.244266                  10.244266
              2       6.4593429        0.888617       1.8064473    -0.069642885              -0               -0       12.918686                  12.918686
              2       8.5848121      0.80073588       1.8857516    -0.050401689              -0               -0       17.169624                  17.169624
              1       9.2833105        0.828012       1.7429338     0.028660114              -0               -0       18.566621                  18.566621
              1       9.0995709      0.83350809       1.7382285     0.030108179              -0               -0       18.199142                  18.199142
              1       7.5271084        0.865146       1.7989124    -0.090271144              -0               -0       15.054217                  15.054217
              3       6.6833219       0.9025692       1.7296624    -0.082877417              -0               -0       13.366644                  13.366644
              3       6.1969957       1.0142181       1.6492137    -0.089723651              -0               -0       12.393991                  12.393991
              7       5.2611811       1.0073294       1.4873893   -0.0064782044              -0               -0       10.522362                  10.522362
              4       5.0769258       1.0044158       1.5037804    -0.013487684              -0               -0       10.153852                  10.153852
              1       5.4464497      0.95458029       1.5685997    -0.010906837              -0               -0       10.892899                  10.892899
              6       4.8137495      0.96099474       1.5961662    -0.022377406              -0               -0       9.6274989                  9.6274989
              1       4.4257875      0.98430491        1.578411    -0.022665499              -0               -0        8.851575                   8.851575
              2       4.5300215      0.99207818       1.5629722     -0.02718172              -0               -0        9.060043                   9.060043
              9       4.2348101       1.0188279       1.5477075    -0.030197315              -0               -0       8.4696202                  8.4696202
              2        4.450592       1.0656993       1.5673413    -0.034088669              -0               -0       8.9011841                  8.9011841
              4       4.6376196       1.0556739       1.5841263    -0.045571665              -0               -0       9.2752392                  9.2752392
              3       4.5195919       1.0417038       1.5963755    -0.043181252              -0               -0       9.0391838                  9.0391838
             10       3.9427527       1.0267808        1.553089    -0.018873191              -0               -0       7.8855053                  7.8855053
              2       4.4543918      0.97528335       1.6126999    -0.034180963              -0               -0       8.9087837                  8.9087837
              7       6.8158742       1.0277443       1.6484717    -0.097569512              -0               -0       13.631748                  13.631748
              3       5.2679411       1.1622975       1.3976893    -0.043404646              -0               -0       10.535882                  10.535882
              3        5.702177       1.1876287       1.3261504    -0.031351404              -0               -0       11.404354                  11.404354
             12       4.8374345       1.1419859       1.4240733    -0.039138384              -0               -0       9.6748689                  9.6748689
              2       4.2912612       1.1628489       1.4052777    -0.004181385              -0               -0       8.5825223                  8.5825223
              1       4.0182187       1.1145155       1.4119491     0.020974512              -0               -0       8.0364373                  8.0364373
              1       4.2376219       1.1418076       1.3687917      0.02835323              -0               -0       8.4752438                  8.4752438
              4       4.9121228      0.98006953       1.6798476    -0.030604671              -0               -0       9.8242455                  9.8242455
              2       4.5049295      0.98228748       1.6001315     0.010307319              -0               -0        9.009859                   9.009859
              2       5.5874902      0.90086518       1.7493102    -0.031770456              -0               -0        11.17498                   11.17498
             12       5.9626355      0.92732922       1.7499127    -0.021451751              -0               -0       11.925271                  11.925271
              2       4.7450391      0.96296774       1.6831315    -0.031030257              -0               -0       9.4900782                  9.4900782
              3       4.7245046       1.0152237       1.5836287     0.021194282              -0               -0       9.4490092                  9.4490092
              3       8.9967967      0.84465281       1.8806061    -0.025537972              -0               -0       17.993593                  17.993593
             10        4.987255        1.221603       1.2941634      0.05020834              -0               -0       9.9745099                  9.9745099
              3       5.3195604       1.2354478       1.3026608     0.053704828              -0               -0       10.639121                  10.639121
              1       4.8688066       1.0960954       1.4604278     0.051889055              -0               -0       9.7376131                  9.7376131
              1       4.9957815       1.1010664        1.482938     0.042283657              -0               -0       9.9915631                  9.9915631
              3       4.7016161      0.98994539       1.6268545    0.0048761878              -0               -0       9.4032323                  9.4032323
              2       5.4091138       0.9705949       1.7000291    -0.021562995              -0               -0       10.818228                  10.818228
              2       5.2818369       1.0660399       1.4048731   0.00052000251              -0               -0       10.563674                  10.563674
              1       6.0839777       1.0227036       1.4790167    -0.042129182              -0               -0       12.167955                  12.167955
              2       4.7991477       1.1090028       1.3849039   -0.0085257867              -0               -0       9.5982953                  9.5982953
              9       5.8227146       1.1656956       1.3273089     -0.02857886              -0               -0       11.645429                  11.645429
              1       5.9253061       1.1225847       1.3798274     -0.04222195              -0               -0       11.850612                  11.850612
              2        4.481092       1.0930712       1.5140392     0.011853887              -0               -0        8.962184                   8.962184
              1       4.4501717       1.0730451       1.5056751     0.030310627              -0               -0       8.9003434                  8.9003434
              3       4.2173203       1.0899821       1.4263421     0.034259789              -0               -0       8.4346406                  8.4346406
              1       4.4179529       1.0958076       1.4782416     0.031981835              -0               -0       8.8359058                  8.8359058
              1       4.7916137       1.2102834       1.3548583      0.02015452              -0               -0       9.5832275                  9.5832275
              6       5.4450615        1.109745       1.5300097    -0.059890548              -0               -0       10.890123                  10.890123
              3       4.7566355       1.1222329       1.4842976     0.018082008              -0               -0       9.5132711                  9.5132711
             10       4.2869841       1.0691947       1.5355506    0.0078466198              -0               -0       8.5739682                  8.5739682
              3       4.9885225       1.1822544       1.3951448      0.03613499              -0               -0       9.9770449                  9.9770449
              2       4.8824682       1.1304784       1.4753813     0.021480465              -0               -0       9.7649364                  9.7649364
             11       4.6111598        1.123052       1.4745606     0.020438193              -0               -0       9.2223196                  9.2223196
              1       4.2621724       1.1259138       1.4606375     0.013170094              -0               -0       8.5243448                  8.5243448
              5       4.3793816       1.0382706        1.594493    -0.018243735              -0               -0       8.7587633                  8.7587633
             25        4.262262       1.1398449       1.3777827    0.0026285821              -0               -0        8.524524                   8.524524
              1       4.9104547       1.1925841       1.3368484    -0.013806971              -0               -0       9.8209094                  9.8209094
             22       4.0149006       1.1076536       1.4708353     -0.01687893              -0               -0       8.0298012                  8.0298012
              5       4.0931699        1.150473       1.3985583     0.009947038              -0               -0       8.1863397                  8.1863397
              4       4.1036488       1.0400282       1.5731817    -0.012503686              -0               -0       8.2072976                  8.2072976
              1       4.2616995       1.0807899       1.5311525   -0.0022827306              -0               -0       8.5233989                  8.5233989
              2        4.253223       1.0763385       1.5286972    0.0054882482              -0               -0       8.5064461                  8.5064461
              4       4.2203264       1.1480058       1.3700956     0.010537995              -0               -0       8.4406527                  8.4406527
              3       5.3853181       1.2201255       1.2466571     0.029176882              -0               -0       10.770636                  10.770636
              1       6.7107371       1.3225433       1.2339376   -0.0013544776              -0               -0       13.421474                  13.421474
              2        6.560207       1.2763937       1.3133079     -0.02691991              -0               -0       13.120414                  13.120414
              2       4.2166048       1.0755462        1.434675    0.0081441826              -0               -0       8.4332096                  8.4332096
              3       4.5184895       1.0978876       1.3956722      0.04240927              -0               -0       9.0369789                  9.0369789
              2       4.4897735       1.0629645        1.466315     0.043656283              -0               -0       8.9795469                  8.9795469
              4       4.8485364       1.0495956       1.4876719     0.051062281              -0               -0       9.6970728                  9.6970728
              2       4.9468228       1.0612668       1.4558675      0.05762415              -0               -0       9.8936457                  9.8936457
              2       4.0828859        1.102554       1.4211824     0.028249945              -0               -0       8.1657718                  8.1657718
              1       4.2818452      0.97799792       1.6039406    -0.015259967              -0               -0       8.5636904                  8.5636904
              4       4.7084463       1.1047875       1.5287417     -0.01667911              -0               -0       9.4168926                  9.4168926
              1       6.0456196       1.2233157       1.2556121     0.090597199              -0               -0       12.091239                  12.091239
              3       6.7045921       1.2976069       1.1422011     0.068424324              -0               -0       13.409184                  13.409184
              1       4.9547692       1.0250276       1.5789477     0.025821803              -0               -0       9.9095384                  9.9095384
              5        4.859206        1.076625       1.5696634    -0.044209833              -0               -0       9.7184119                  9.7184119
              1       4.7036384      0.98722205       1.6644459    -0.043974922              -0               -0       9.4072768                  9.4072768
              3       5.2168499        1.021892       1.6405829    -0.064399136              -0               -0         10.4337                    10.4337
              2       5.1402434       1.0171059       1.6384174    -0.065478696              -0               -0       10.280487                  10.280487
              2       4.4992996         1.02116       1.6154929    -0.045830008              -0               -0       8.9985993                  8.9985993
              3       3.9102291       1.0639576       1.5276834    -0.017668424              -0               -0       7.8204583                  7.8204583
              5       4.5351735       1.0842538       1.5386791    -0.041870335              -0               -0       9.0703469                  9.0703469
              3       6.2113108       1.0541047       1.6275887    -0.078275061              -0               -0       12.422622                  12.422622
              4       5.5329804       1.1053221         1.54138    0.0046532153              -0               -0       11.065961                  11.065961
              6        5.066624       1.0470763       1.4993621     0.054148112              -0               -0       10.133248                  10.133248
              3       4.9522794       1.0478243       1.4995812      0.05140642              -0               -0       9.9045588                  9.9045588
              3        4.644091       1.0716138       1.4488562     0.050543134              -0               -0       9.2881821                  9.2881821
              4       6.7360854       1.0160023       1.4722416     0.084924337              -0               -0       13.472171                  13.472171
              3       4.0578914       1.0347925       1.5092028     0.013680971              -0               -0       8.1157829                  8.1157829
              2       4.3816138       1.0268306       1.4924937     0.019222979              -0               -0       8.7632276                  8.7632276
              7       4.2900798        1.058591       1.5236216     0.022428461              -0               -0       8.5801596                  8.5801596
              1       4.5793822       1.1467624       1.4202782     0.036420342              -0               -0       9.1587643                  9.1587643
              3       5.2047918       1.1587973       1.4165111     0.048561813              -0               -0       10.409584                  10.409584
              2       4.5355338       1.1057571       1.4029157     0.050268865              -0               -0       9.0710677                  9.0710677
              9       4.2523026       1.0611235       1.4732092     0.033884916              -0               -0       8.5046051                  8.5046051
              2        4.379694       1.0278767       1.5031168     0.028011512              -0               -0       8.7593881                  8.7593881
              6       4.3760694       1.0291144       1.5009385     0.028147455              -0               -0       8.7521388                  8.7521388
              1       4.0779647       1.0181824       1.5629678    -0.027800689              -0               -0       8.1559293                  8.1559293
              2       4.5937354       1.0773707       1.5594908    -0.018429741              -0               -0       9.1874707                  9.1874707
              4       4.9651226       1.1364618       1.4910599    -0.003188793              -0               -0       9.9302451                  9.9302451
              3       4.8728578       1.0262785       1.5654461     0.030344324              -0               -0       9.7457155                  9.7457155
              4       5.0099136       1.0399816       1.4387862      0.02093072              -0               -0       10.019827                  10.019827
              4       4.9179859       1.0183585         1.47483     0.019908406              -0               -0       9.8359718                  9.8359718
              4        4.151824       1.0957521       1.4152721     0.024072388              -0               -0       8.3036479                  8.3036479
              9       3.9370541       1.0774846       1.4811297      0.01725538              -0               -0       7.8741082                  7.8741082
              4        4.169016       1.0058024       1.6065515    -0.031696932              -0               -0       8.3380319                  8.3380319
             13       4.0064729       1.0635693        1.474085     0.020313278              -0               -0       8.0129457                  8.0129457
              1       3.9664085       1.0750611       1.4628515     -0.00491464              -0               -0       7.9328169                  7.9328169
              8       5.9767283      0.97975459       1.7208638    -0.068504587              -0               -0       11.953457                  11.953457
              4       5.6428524       1.0174361       1.6552257    -0.074105854              -0               -0       11.285705                  11.285705
              3       5.0676212       1.2039376         1.39333   -0.0016108508              -0               -0       10.135242                  10.135242
              1       4.4337819       1.1400256        1.430536     0.029999833              -0               -0       8.8675638                  8.8675638
              5       4.8362048       1.1907488       1.3945939     0.017554952              -0               -0       9.6724095                  9.6724095
              6       4.5470961       1.1611141       1.3325124     0.018261489              -0               -0       9.0941923                  9.0941923
              7       5.7344301       1.1740127       1.2642082     0.029558235              -0               -0        11.46886                   11.46886
              2       5.0285429       1.1706899       1.3087494    0.0074591133              -0               -0       10.057086                  10.057086
              4       4.9336623       1.0532081       1.4460864     -0.01509949              -0               -0       9.8673245                  9.8673245
              3       5.1075933       1.0516504       1.4427597    -0.016267822              -0               -0       10.215187                  10.215187
              2       5.2083202       1.0491286       1.4209109     0.013656441              -0               -0        10.41664                   10.41664
              1       5.3632419       1.0317291       1.4399199     0.010872639              -0               -0       10.726484                  10.726484
              1       4.3857311       1.0810257       1.4308925   -0.0075893895              -0               -0       8.7714622                  8.7714622
              1       6.0937858      0.93260588       1.6578319     -0.06790355              -0               -0       12.187572                  12.187572
              6       5.7267587      0.88925938       1.7513722    -0.035056036              -0               -0       11.453517                  11.453517
              4       5.9309126      0.89604241       1.7752303    -0.060309417              -0               -0       11.861825                  11.861825
              2       5.2310202      0.95799902       1.6777745  -0.00028163703              -0               -0        10.46204                   10.46204
              6       5.8416009        1.064709       1.3748387     0.034585559              -0               -0       11.683202                  11.683202
              2       4.8230528       1.0295763       1.4828578     0.043662629              -0               -0       9.6461056                  9.6461056
              2       4.7676654      0.98355059       1.5605577     0.023968498              -0               -0       9.5353309                  9.5353309
              2       4.7903285        1.000294       1.6020009     0.018139443              -0               -0       9.5806569                  9.5806569
              9       6.3313744       1.2919372       1.2589586    -0.012198431              -0               -0       12.662749                  12.662749
              2       7.9575364       1.3342986       1.0729138     0.070149738              -0               -0       15.915073                  15.915073
              1       6.0526716        1.049174       1.4261359      0.07852077              -0               -0       12.105343                  12.105343
              3       7.9742183      0.88235288       1.7010519    -0.078542231              -0               -0       15.948437                  15.948437
              2       7.1562162      0.93376408       1.6765456    -0.093327948              -0               -0       14.312432                  14.312432
              1       6.7524586       1.0936536       1.3939724    -0.050523704              -0               -0       13.504917                  13.504917
              4       5.0181387       1.2417012       1.2834236     0.025362008              -0               -0       10.036277                  10.036277
              2       4.7650492       1.0802075       1.5259615    -0.054347962              -0               -0       9.5300983                  9.5300983
              1       4.8031825      0.99160783       1.5439366    -0.023110496              -0               -0        9.606365                   9.606365
              3       4.8930534       1.0324827       1.4711744     0.044715265              -0               -0       9.7861067                  9.7861067
              4        4.539987       1.0477354       1.4643707     0.038652395              -0               -0        9.079974                   9.079974
              4        4.561825       1.0339478        1.486062     0.036677715              -0               -0       9.1236501                  9.1236501
              2       4.5125253       1.0889024       1.4091734   0.00025253673              -0               -0       9.0250507                  9.0250507
              3       5.0003893       1.0732956       1.4030625    0.0050139431              -0               -0       10.000779                  10.000779
              1       4.8660878        1.022455       1.4741381    0.0047262104              -0               -0       9.7321756                  9.7321756
              9       3.9621509       1.0563893       1.4819928  -0.00029724559              -0               -0       7.9243018                  7.9243018
              2       5.6506123       1.1195548        1.340072     0.077816609              -0               -0       11.301225                  11.301225
              3       4.5360137       1.0592477       1.4676006      0.04449561              -0               -0       9.0720275                  9.0720275
              3       4.5565072       1.0562597       1.4709564     0.044535071              -0               -0       9.1130145                  9.1130145
              1       4.5463485       1.0642453       1.4657046     0.045813639              -0               -0        9.092697                   9.092697
              1       4.0069926       1.0253798       1.5727515   -0.0075797321              -0               -0       8.0139852                  8.0139852
              3       3.9876582       1.0723331       1.4649842   -0.0060757919              -0               -0       7.9753165                  7.9753165
              5       4.8153752       1.0630761       1.5098656    -0.052643015              -0               -0       9.6307505                  9.6307505
              2       4.4940373       1.1624865       1.3333169     0.022855651              -0               -0       8.9880746                  8.9880746
              1       4.4725497       1.1599326       1.3379215     0.018947039              -0               -0       8.9450993                  8.9450993
              2       4.0573969       1.1416982       1.4193994    0.0054946135              -0               -0       8.1147938                  8.1147938
              4       4.3293852       1.0181175       1.5102866   -0.0010890861              -0               -0       8.6587704                  8.6587704
             12       4.3415099       1.0039651       1.5369294   -0.0087865861              -0               -0       8.6830197                  8.6830197
              9       4.2630496       1.0174518       1.5194934   -0.0077722663              -0               -0       8.5260991                  8.5260991
              3       5.1269593      0.99748343       1.5044851      0.03130754              -0               -0       10.253919                  10.253919
              6       5.3560269       1.0310549       1.4376952     0.030340585              -0               -0       10.712054                  10.712054
              1       4.7374736      0.97421674       1.5987931    -0.039036994              -0               -0       9.4749473                  9.4749473
              2       5.0758345      0.94351786        1.644385    0.0090717567              -0               -0       10.151669                  10.151669
              1       4.9418435      0.98763378       1.5528269     0.032935806              -0               -0        9.883687                   9.883687
              3        4.834489       1.0124282       1.6065373      -0.0616069              -0               -0       9.6689781                  9.6689781
              2       5.8684479       1.2574786       1.3383373     0.011113369              -0               -0       11.736896                  11.736896
              2       6.1293833       1.2631132       1.3418083    0.0027232502              -0               -0       12.258767                  12.258767
              3       5.6495273       1.2281063       1.2940074     -0.01953716              -0               -0       11.299055                  11.299055
              2       5.9105068       1.0039789       1.5832049    -0.077196826              -0               -0       11.821014                  11.821014
              1       5.2156044       1.1174193        1.454422    -0.054865748              -0               -0       10.431209                  10.431209
              1       5.5357713        1.042911       1.6375769    -0.034368757              -0               -0       11.071543                  11.071543
              9       4.8068348       1.0400299        1.573775     0.017697757              -0               -0       9.6136696                  9.6136696
              9       5.5098005       1.0045939       1.6827082    -0.049687781              -0               -0       11.019601                  11.019601
              4       5.4996148       1.0207398       1.6642648    -0.049462039              -0               -0        10.99923                   10.99923
              5       5.5615311       1.2393412       1.3388083    -0.017767809              -0               -0       11.123062                  11.123062
              6       5.4920766       1.1969452       1.2729148    0.0061507434              -0               -0       10.984153                  10.984153
              2       5.8077787       1.2224541       1.2306884     0.022432328              -0               -0       11.615557                  11.615557
              2        5.697777       1.2020755       1.2545603     0.013623533              -0               -0       11.395554                  11.395554
              1       6.7428447       1.3337209       1.1802254     0.013561883              -0               -0       13.485689                  13.485689
              2       6.6160501       1.0922159       1.6066534    -0.047887409              -0               -0         13.2321                    13.2321
              1       5.4283376       1.0594793       1.5649442     0.025629905              -0               -0       10.856675                  10.856675
              2       6.1659874       1.1408383       1.4728411     0.045164365              -0               -0       12.331975                  12.331975
              6       6.1531529       1.1249922        1.489725     0.045224732              -0               -0       12.306306                  12.306306
              1       6.2284692       1.2429044        1.209402      0.08699498              -0               -0       12.456938                  12.456938
              5       5.4171321       1.1887568       1.2683945     0.064905269              -0               -0       10.834264                  10.834264
              2       4.9357435       1.1947124       1.3025804     0.057539337              -0               -0        9.871487                   9.871487
              1        4.080514       1.0053799       1.5608546   -0.0029790312              -0               -0       8.1610279                  8.1610279
              5       3.9535943       1.0219544       1.5447014   -0.0042091154              -0               -0       7.9071885                  7.9071885
              2       4.5660954       1.1194983       1.3639261     0.021298383              -0               -0       9.1321907                  9.1321907
              9       4.3840627        1.106689       1.3878563     0.016493273              -0               -0       8.7681254                  8.7681254
              5       4.4065234       1.1031775       1.3894397     0.018927536              -0               -0       8.8130469                  8.8130469
             17       4.1038178       1.0819739       1.4333969     0.014478267              -0               -0       8.2076356                  8.2076356
              2       5.0775057       1.2285295       1.2657402     0.024577466              -0               -0       10.155011                  10.155011
              2       5.3657677       1.2491932       1.2407459     0.026971729              -0               -0       10.731535                  10.731535
              3       4.4696851       1.1660571       1.3353274     0.036470817              -0               -0       8.9393701                  8.9393701
              4       6.3622842       1.3206722       1.1920381     0.021798466              -0               -0       12.724568                  12.724568
              4       5.8068585       1.2294228       1.2847256     -0.02015875              -0               -0       11.613717                  11.613717
              2        5.605284       1.2230126       1.3107277    -0.024439872              -0               -0       11.210568                  11.210568
              5       4.8068087       1.1282949       1.3607064   -0.0022839315              -0               -0       9.6136174                  9.6136174
              8       4.8590723       1.1147579       1.4558519    -0.046886219              -0               -0       9.7181446                  9.7181446
              6       5.4458362      0.92155158       1.7378185    -0.058552681              -0               -0       10.891672                  10.891672
             11       5.8862581      0.90750111       1.7687287    -0.033517291              -0               -0       11.772516                  11.772516
              5       5.3592463      0.93264776       1.7299729    -0.028445975              -0               -0       10.718493                  10.718493
              1       5.8343124       1.0932879       1.4902963    -0.072482393              -0               -0       11.668625                  11.668625
              2       5.8736275       1.1186378       1.4738406    -0.070641292              -0               -0       11.747255                  11.747255
              4       6.1675123      0.94181892       1.7508365    -0.080922294              -0               -0       12.335025                  12.335025
              3       9.0213484       1.2282275       1.4737443    -0.042345449              -0               -0       18.042697                  18.042697
              1       6.4724126       1.1533494       1.5191729    -0.045776934              -0               -0       12.944825                  12.944825
              2       5.9787955       1.3039894       1.2247183     0.040887515              -0               -0       11.957591                  11.957591
              3        4.763352       1.1463984       1.3950605     0.053539074              -0               -0        9.526704                   9.526704
              3       5.3315859       1.1760871       1.3368561      0.07403416              -0               -0       10.663172                  10.663172
              1       6.6722828       1.1942143       1.2223084     0.090847501              -0               -0       13.344566                  13.344566
              1       5.3293751       1.1053786       1.3805991    -0.019210633              -0               -0        10.65875                   10.65875
              5       5.2358928       1.1163876        1.373172     -0.01872766              -0               -0       10.471786                  10.471786
              2       6.1248729       1.2543371       1.1958127     0.029667018              -0               -0       12.249746                  12.249746
              6       6.1561954       1.0619281       1.3826463     0.002296536              -0               -0       12.312391                  12.312391
              2       5.3292506       1.0306732       1.6252415   -0.0037873635              -0               -0       10.658501                  10.658501
              8       7.5134466       1.0108584       1.6148438     0.053849908              -0               -0       15.026893                  15.026893
              3       6.4116704       1.0339357       1.5275997     0.071901272              -0               -0       12.823341                  12.823341
              1        5.870773      0.93190557       1.7629011    -0.050260772              -0               -0       11.741546                  11.741546
              3       5.5579282      0.98373506       1.7061335    -0.048424487              -0               -0       11.115856                  11.115856
              3       5.7101454       1.0379393       1.6236568    -0.077097967              -0               -0       11.420291                  11.420291
              1        5.809168       1.2342177       1.3735893    -0.017553891              -0               -0       11.618336                  11.618336
              7       5.4622651       1.2430218       1.2553957    0.0069486406              -0               -0        10.92453                   10.92453
              2       5.1142836       1.2336839       1.2603939     0.028293235              -0               -0       10.228567                  10.228567
              3        4.794099       1.2228511       1.3018818     0.020577863              -0               -0       9.5881979                  9.5881979
              2       5.3537375      0.96109774       1.7133567    -0.031515336              -0               -0       10.707475                  10.707475
              2       5.3920118      0.96824051       1.7087829    -0.031520496              -0               -0       10.784024                  10.784024
              1       5.7669607      0.96479798       1.7094225     -0.01483519              -0               -0       11.533921                  11.533921
              3       5.2963099      0.98353604       1.5703199     0.040974439              -0               -0        10.59262                   10.59262
             10       3.9431493        1.075357       1.4673289   -0.0071026582              -0               -0       7.8862987                  7.8862987
              5        4.290681       1.0219545       1.5390646    -0.030550353              -0               -0        8.581362                   8.581362
              1       4.3980259       1.0340026       1.4993351     0.032109631              -0               -0       8.7960519                  8.7960519
              2         4.49195       1.0304275       1.4953873     0.033484682              -0               -0       8.9838999                  8.9838999
              6       4.4757622       1.0507896       1.4576643      0.03444053              -0               -0       8.9515244                  8.9515244
              6       4.3644342        1.096592       1.4017569     0.033887604              -0               -0       8.7288683                  8.7288683
              1       4.4995403      0.99242388       1.5463575     0.012154731              -0               -0       8.9990805                  8.9990805
              7       6.1079865       1.0142625       1.5831464       0.0494752              -0               -0       12.215973                  12.215973
              1       5.8703272       1.0109583       1.5794619     0.048220736              -0               -0       11.740654                  11.740654
              6       4.8399722       0.9674482       1.5963283     0.018110105              -0               -0       9.6799444                  9.6799444
              6       5.6853271       1.0058957       1.4715066      0.04649117              -0               -0       11.370654                  11.370654
              8       7.3016081       1.0264166       1.4137687    -0.016423898              -0               -0       14.603216                  14.603216
              3       6.6257617        1.251852       1.1931397       0.0115176              -0               -0       13.251523                  13.251523
              2       4.3807626       1.1292055       1.3716349    0.0089019278              -0               -0       8.7615252                  8.7615252
              5       4.6176887       1.1463802       1.3553675   -0.0018392226              -0               -0       9.2353775                  9.2353775
              1       3.9959676       1.0941158       1.4757345     -0.02024494              -0               -0       7.9919352                  7.9919352
              3       3.8406361       1.0814656       1.4733642     0.008357825              -0               -0       7.6812723                  7.6812723
              3       5.0088982       1.0278937       1.5010994    -0.036060229              -0               -0       10.017796                  10.017796
              1       4.9874394       1.0289807       1.4985878    -0.034732668              -0               -0       9.9748788                  9.9748788
              4       4.1308709       1.0955288       1.4949859    -0.027734298              -0               -0       8.2617417                  8.2617417
              3       4.3582467       1.0124469       1.6001738    -0.045236277              -0               -0       8.7164933                  8.7164933
              3       4.8563462      0.95317065       1.6680852    -0.051132036              -0               -0       9.7126924                  9.7126924
              2       4.3485005       1.1634563       1.4136825   -0.0039734261              -0               -0        8.697001                   8.697001
              2       4.9257639       1.1895114         1.34446    -0.017418285              -0               -0       9.8515277                  9.8515277
              2         5.51018       1.2660311       1.2849156    0.0060601556              -0               -0        11.02036                   11.02036
              3       5.5004386        1.265419       1.2857491    0.0060719113              -0               -0       11.000877                  11.000877
              1       5.8085549       1.2923568       1.2418399     0.019601767              -0               -0        11.61711                   11.61711
              1       7.3822708       1.2883248        1.328412     0.036098598              -0               -0       14.764542                  14.764542
              2       6.5756422       1.2101361       1.3857729     0.058302987              -0               -0       13.151284                  13.151284
              1       6.0254378       1.1897413       1.3550373     0.079081132              -0               -0       12.050876                  12.050876
              5       6.6820242       1.2309092       1.3000315     0.093753886              -0               -0       13.364048                  13.364048
              3       5.1951536      0.91809343       1.6733032    -0.016999767              -0               -0       10.390307                  10.390307
              6       6.2976974      0.89683229       1.6554141    -0.019922514              -0               -0       12.595395                  12.595395
              3       6.0930358        1.275712       1.2025153     0.076584863              -0               -0       12.186072                  12.186072
              2       5.4773952       1.2726983       1.2468812     0.024556285              -0               -0        10.95479                   10.95479
              2       5.2314813       1.2313234       1.2668825     0.058560695              -0               -0       10.462963                  10.462963
              3       4.8189272      0.93682897       1.6780204    -0.034088997              -0               -0       9.6378544                  9.6378544
              3       5.9996859      0.88099078       1.7446758    -0.046066897              -0               -0       11.999372                  11.999372
              5       5.3427325      0.90616005       1.7100004    -0.027304605              -0               -0       10.685465                  10.685465
              3       5.1921889      0.98955057       1.6805928    -0.027763904              -0               -0       10.384378                  10.384378
              1       7.7305284      0.93600749       1.8036841    -0.043977131              -0               -0       15.461057                  15.461057
              1       10.640088      0.85894274       1.8319381     0.023594427              -0               -0       21.280176                  21.280176
              6       8.5590371       1.1384987        1.565219    -0.091120937              -0               -0       17.118074                  17.118074
              2       9.4936589      0.83850975       1.9313602    -0.077084624              -0               -0       18.987318                  18.987318
              2       7.0801513      0.86227606       1.8323159    -0.036407467              -0               -0       14.160303                  14.160303
              4       7.0056321        1.019707       1.6213086     0.038689086              -0               -0       14.011264                  14.011264
              4       6.8885327       1.2941531       1.1950656       0.0981876              -0               -0       13.777065                  13.777065
              3       7.3744086       1.3303834       1.1527351      0.10087599              -0               -0       14.748817                  14.748817
              4       7.4077399       1.3322425       1.1478165      0.10137271              -0               -0        14.81548                   14.81548
              1       7.6083855       1.3403505        1.135614      0.10458847              -0               -0       15.216771                  15.216771
              3       7.6729565       1.3415088       1.1436906      0.10541621              -0               -0       15.345913                  15.345913
              2       11.573125       1.3889235       1.1243974      0.16223551              -0               -0       23.146249                  23.146249
              1       8.0788142       1.2446813       1.3166608      0.10224622              -0               -0       16.157628                  16.157628
             11       8.7001536        1.270516       1.3324106      0.08237624              -0               -0       17.400307                  17.400307
              1       9.2933564       0.9907475       1.4752363      0.11736763              -0               -0       18.586713                  18.586713
              7       6.7906102       0.9401184       1.5611697      0.05056013              -0               -0        13.58122                   13.58122
              3       6.7286483       0.9437312       1.5545589     0.050236664              -0               -0       13.457297                  13.457297
              1       6.5140885      0.92720876       1.5740273    0.0071448608              -0               -0       13.028177                  13.028177
              1       4.6434704       0.9643833       1.5941274    -0.013093312              -0               -0       9.2869408                  9.2869408
              1       6.6697949       1.2575199       1.1671877     0.040422846              -0               -0        13.33959                   13.33959
              3       5.6601512       1.1102444       1.3422972    0.0032795893              -0               -0       11.320302                  11.320302
              2       5.2625882       1.1400398       1.3195727     0.013074161              -0               -0       10.525176                  10.525176
              2       5.1869454       1.1353618       1.3267778     0.012809805              -0               -0       10.373891                  10.373891
              1        4.677572       1.1293935       1.4655939    -0.039686754              -0               -0        9.355144                   9.355144
             15       5.3278376       1.2444391       1.3284284    0.0018769616              -0               -0       10.655675                  10.655675
              5       4.7405991       1.1554841         1.44674    -0.027931699              -0               -0       9.4811981                  9.4811981
              1       8.3994094       1.2711396       1.1042571     0.045975395              -0               -0       16.798819                  16.798819
              3       8.2894732        1.250959       1.1264543     0.037092598              -0               -0       16.578946                  16.578946
              2       5.3354083       1.1720626       1.2784417     0.036709582              -0               -0       10.670817                  10.670817
              1       4.9448013       1.2352022       1.3015785     0.016726552              -0               -0       9.8896025                  9.8896025
              8       5.7461466       1.0865982       1.5058818     0.052528343              -0               -0       11.492293                  11.492293
              2       4.3851404       1.0864227       1.4370094     0.043548132              -0               -0       8.7702807                  8.7702807
             15       3.8908609       1.0890179       1.4868809    0.0040263985              -0               -0       7.7817219                  7.7817219
              2       3.9624362       1.0742617       1.5183297   -0.0018222364              -0               -0       7.9248725                  7.9248725
              6       4.0466158       1.0780919       1.5133349    0.0058587543              -0               -0       8.0932316                  8.0932316
              1       4.0759211       1.0724057       1.5212769    0.0062121094              -0               -0       8.1518423                  8.1518423
              4       4.2371579       1.0575404       1.5105068     0.026550907              -0               -0       8.4743159                  8.4743159
              4       4.3823908       1.0734424       1.5048987     0.028400383              -0               -0       8.7647817                  8.7647817
              1       4.6624958       1.0408625       1.5778707      0.01005372              -0               -0       9.3249917                  9.3249917
              1       4.5334791       1.0273946       1.6108327    -0.015022436              -0               -0       9.0669581                  9.0669581
              2       3.9295065       1.1132463       1.4530544   -0.0057661111              -0               -0       7.8590131                  7.8590131
              3       3.9152246       1.1148928       1.4469043   -0.0019158758              -0               -0       7.8304492                  7.8304492
              1       5.4414752      0.94681161       1.6041553    -0.034849389              -0               -0        10.88295                   10.88295
              1       5.9427964       0.9679877       1.5957503    -0.063514748              -0               -0       11.885593                  11.885593
              3       6.2782728       1.0184817       1.4803542    -0.043335696              -0               -0       12.556546                  12.556546
              3        4.703681      0.96582843       1.5909045    -0.019289662              -0               -0       9.4073619                  9.4073619
              4        4.286338       1.0535146       1.5326933     0.019777911              -0               -0        8.572676                   8.572676
              4       5.3588294       1.0720083       1.5791562  -0.00051355304              -0               -0       10.717659                  10.717659
              1       4.6981499       1.1403451       1.4692254    -0.030969999              -0               -0       9.3962998                  9.3962998
              1        4.034754       1.1208708       1.4460295     -0.01285649              -0               -0        8.069508                   8.069508
              6       4.2752457       1.1669986       1.3909885   -0.0003968416              -0               -0       8.5504914                  8.5504914
              3       5.3453373       1.2584422       1.2594844     0.015449073              -0               -0       10.690675                  10.690675
              1        5.221584       1.2553402       1.2683121     0.021540726              -0               -0       10.443168                  10.443168
              1       4.3614108       1.1092325        1.385475     0.027741059              -0               -0       8.7228217                  8.7228217
              2       4.6234425       1.1232119       1.3566611     0.036538343              -0               -0        9.246885                   9.246885
              1       3.9174973       1.0811092       1.4643943   -0.0068912019              -0               -0       7.8349945                  7.8349945
              3       4.5711137      0.97505565       1.5743595   -0.0074876732              -0               -0       9.1422274                  9.1422274
              1       4.5765465      0.97485667        1.574363   -0.0074842903              -0               -0        9.153093                   9.153093
              4       4.1342526       1.0108302       1.5393061   0.00051708468              -0               -0       8.2685051                  8.2685051
              2       4.2433216      0.99823194       1.5886157    0.0041323769              -0               -0       8.4866432                  8.4866432
              3       4.9555455       1.1997889       1.3827078    -0.016623983              -0               -0       9.9110911                  9.9110911
              1       6.7685179       1.2038206       1.4474288    -0.048743763              -0               -0       13.537036                  13.537036
              1       6.4795232       1.0330451       1.6597768    -0.084123166              -0               -0       12.959046                  12.959046
              3       6.3292901       1.0294411       1.6677158    -0.077503899              -0               -0        12.65858                   12.65858
              2       6.4065081       1.0708591       1.6182307    -0.073496813              -0               -0       12.813016                  12.813016
              1        6.572536       1.0635105       1.5395708     0.058704387              -0               -0       13.145072                  13.145072
              2       7.3936934        1.187078       1.2042036     0.095673978              -0               -0       14.787387                  14.787387
              1       7.7177804       1.1264896       1.2620234     0.098450767              -0               -0       15.435561                  15.435561
              9       7.3523293       1.0949887       1.2941615     0.054922031              -0               -0       14.704659                  14.704659
              6       5.4063122        1.041714       1.4255249     0.047012061              -0               -0       10.812624                  10.812624
              3       5.4128563       1.1096559       1.3704108     0.075410316              -0               -0       10.825713                  10.825713
              2       4.3488223       1.1228947       1.4054865     0.043423628              -0               -0       8.6976447                  8.6976447
              6       4.2077669       1.1546581       1.3817601   0.00078459935              -0               -0       8.4155338                  8.4155338
              2       4.7610375       1.2010063       1.3483511   -0.0084979628              -0               -0       9.5220749                  9.5220749
              1       4.5641203       1.1799716       1.3623452   -0.0096087461              -0               -0       9.1282406                  9.1282406
              1        4.792598       1.1599127       1.3657148     0.057308955              -0               -0       9.5851959                  9.5851959
              1       4.6237354       1.1068073       1.4658645     0.038650805              -0               -0       9.2474709                  9.2474709
              5       4.7593565        1.212621       1.2999168     0.037799678              -0               -0        9.518713                   9.518713
              6         4.56212        1.200164       1.3252043     0.015077808              -0               -0       9.1242401                  9.1242401
              2       4.5748841       1.2002239       1.3240134     0.014082215              -0               -0       9.1497681                  9.1497681
              2       5.3633039       1.2611358       1.2913843     0.018257775              -0               -0       10.726608                  10.726608
              2       5.0214137       1.2162449       1.3393331    -0.011873348              -0               -0       10.042827                  10.042827
              2       5.5228303       1.2353764       1.3334643    -0.020540506              -0               -0       11.045661                  11.045661
              4        5.453055       1.2429523       1.3181783    -0.012727682              -0               -0        10.90611                   10.90611
              6       4.2832275       1.0670168       1.4392418     0.013420615              -0               -0       8.5664551                  8.5664551
              2       5.2983672        1.215941       1.2531515     0.029298463              -0               -0       10.596734                  10.596734
              1       4.9146215       1.2335723       1.3008853     0.026518998              -0               -0       9.8292429                  9.8292429
              1       5.3738064       1.0323168       1.6119909    -0.073338029              -0               -0       10.747613                  10.747613
              2       5.1302905       1.0133817       1.6155809    -0.069470327              -0               -0       10.260581                  10.260581
              5       5.3257655      0.98906551       1.6532836    0.0047533077              -0               -0       10.651531                  10.651531
              1       4.3596103        1.009035       1.6251857    -0.032864389              -0               -0       8.7192206                  8.7192206
              1       4.3666546       1.0028181       1.6307744    -0.033387997              -0               -0       8.7333092                  8.7333092
              2       4.3341933      0.98346334       1.5930937    -0.025817842              -0               -0       8.6683865                  8.6683865
              3       4.5340936       0.9610405       1.6199418     -0.02273097              -0               -0       9.0681873                  9.0681873
              4       4.5090745      0.96519534       1.6203847    -0.028970346              -0               -0        9.018149                   9.018149
              2       4.6817801      0.95728122       1.6097519   -0.0018109815              -0               -0       9.3635602                  9.3635602
              3       5.0072013       1.1374344       1.3231317     0.037843441              -0               -0       10.014403                  10.014403
              1       5.2841628      0.98522527        1.612893    -0.066388536              -0               -0       10.568326                  10.568326
              8       5.5138331       1.0428361       1.6262301    -0.014144698              -0               -0       11.027666                  11.027666
              1       4.2160777         1.05902       1.5633308    -0.023282459              -0               -0       8.4321553                  8.4321553
              2       4.3013988       1.0322076        1.598086    -0.033275573              -0               -0       8.6027975                  8.6027975
              1       3.9946566       1.0273852       1.5738394    -0.023230963              -0               -0       7.9893132                  7.9893132
              4       5.6498554      0.93216396       1.6005242   -0.0023596159              -0               -0       11.299711                  11.299711
              1         6.27197       1.2528109       1.1814801     0.052007851              -0               -0        12.54394                   12.54394
              7       5.8985527       1.2720562        1.280995    -0.010133917              -0               -0       11.797105                  11.797105
              3       6.7366949       1.3334384       1.2305062     0.025443626              -0               -0        13.47339                   13.47339
              1       6.0071841       1.3054403       1.2292178     0.025236004              -0               -0       12.014368                  12.014368
              2       8.4391587        1.333132       1.1275992      0.12962236              -0               -0       16.878317                  16.878317
              2       8.4695482       1.3336517       1.1260412      0.13024207              -0               -0       16.939096                  16.939096
              3       6.9042803        1.148716       1.3114166      0.11149563              -0               -0       13.808561                  13.808561
              1       5.4950992        1.014826       1.5163978      0.05866449              -0               -0       10.990198                  10.990198
              4       5.8986546       1.0169092       1.5078973     0.068315053              -0               -0       11.797309                  11.797309
              4       5.7910953        0.919318       1.6955476    0.0092985372              -0               -0       11.582191                  11.582191
              3       5.3591847      0.99511943       1.5981538     0.034421116              -0               -0       10.718369                  10.718369
              2       6.4851602      0.99408913       1.6078284     0.049874477              -0               -0        12.97032                   12.97032
              1       6.1416662       1.0795033       1.5265913      0.05114365              -0               -0       12.283332                  12.283332
              1       4.2421201       1.0567057       1.5603796   -0.0064385498              -0               -0       8.4842401                  8.4842401
              6       5.7177838       1.2446581       1.3512827    -0.010609107              -0               -0       11.435568                  11.435568
              1       5.6634482       1.2378965       1.3610285    -0.012031497              -0               -0       11.326896                  11.326896
              3        5.435165       1.2316488       1.3576968    -0.012173084              -0               -0        10.87033                   10.87033
              3       4.6902601        1.187951       1.3972232   -0.0021652036              -0               -0       9.3805202                  9.3805202
              1       4.8023937       1.1423351       1.4785656     -0.02422275              -0               -0       9.6047875                  9.6047875
              4       4.0956143       1.0034742       1.5660633   -0.0013897901              -0               -0       8.1912287                  8.1912287
              7       4.0635025        1.053672       1.4967607     0.022489962              -0               -0       8.1270049                  8.1270049
              2       4.0301526       1.0872895       1.4519901     0.026481196              -0               -0       8.0603053                  8.0603053
              8       4.7570526       1.1687189       1.3105839     0.039764273              -0               -0       9.5141051                  9.5141051
              4       4.2866512       1.1320551       1.3934551     0.039915071              -0               -0       8.5733023                  8.5733023
              4       4.2952329       1.1351218       1.3933998     0.039865524              -0               -0       8.5904659                  8.5904659
             22       4.3106416       1.1201387       1.4851229    -0.018178489              -0               -0       8.6212832                  8.6212832
              1       4.6134397       1.0178957       1.5728972    -0.051686114              -0               -0       9.2268794                  9.2268794
              7       6.4423466      0.88025891       1.7066702    0.0035133144              -0               -0       12.884693                  12.884693
              1       6.5873539      0.87268442       1.7177309   4.9407226e-05              -0               -0       13.174708                  13.174708
              6       6.9545313      0.86512155        1.716224    0.0033229729              -0               -0       13.909063                  13.909063
              9       8.2743721       1.3627441       1.1874629     -0.02285921              -0               -0       16.548744                  16.548744
              2       9.2975973        1.321457       1.0908446   -0.0014095449              -0               -0       18.595195                  18.595195
              1       9.1827851        1.425448       1.0530075     0.017893664              -0               -0        18.36557                   18.36557
              2        5.656622       1.0186761       1.6336712     0.007437255              -0               -0       11.313244                  11.313244
              4       5.4274341       1.1621116       1.4226011    -0.050421964              -0               -0       10.854868                  10.854868
             13       4.3258804       1.1125716       1.4197167    -0.017739008              -0               -0       8.6517607                  8.6517607
              4       4.7178082       1.1569578        1.329754      0.05046853              -0               -0       9.4356163                  9.4356163
              1       4.3317126       1.0623601       1.4611519     0.036686709              -0               -0       8.6634253                  8.6634253
              4       4.0349158        1.077417       1.4847283     0.021904831              -0               -0       8.0698315                  8.0698315
              1       3.9311123       1.0579029       1.5111381     0.011408264              -0               -0       7.8622245                  7.8622245
              1       4.0946238        1.042752       1.5425839     0.010958439              -0               -0       8.1892476                  8.1892476
              4       4.0903807       1.0662649       1.5338872    0.0016462779              -0               -0       8.1807614                  8.1807614
              3       4.8179355       1.0104072       1.6394825    -0.015985638              -0               -0       9.6358711                  9.6358711
              5       4.8078419       1.0109343       1.6386591    -0.016057407              -0               -0       9.6156838                  9.6156838
              1       4.6655154        1.011618       1.6375481    -0.024158302              -0               -0       9.3310307                  9.3310307
              2       4.7529542        1.146865       1.4622838    0.0073297527              -0               -0       9.5059084                  9.5059084
              3       5.0387246       1.1633657       1.3448397    -0.017541391              -0               -0       10.077449                  10.077449
              2       5.7177863       1.0817835       1.5953117    -0.049064677              -0               -0       11.435573                  11.435573
              3       4.5144854       1.1356171       1.4704412    -0.024466895              -0               -0       9.0289709                  9.0289709
              1        4.714552        1.095779       1.5268962    -0.046120268              -0               -0       9.4291041                  9.4291041
              3       4.0211663       1.0509471       1.5409707     -0.02963515              -0               -0       8.0423326                  8.0423326
              1       4.1155007       1.1059209       1.4070535     0.015705942              -0               -0       8.2310013                  8.2310013
              1       4.1276614       1.1084965       1.4043159     0.013141803              -0               -0       8.2553229                  8.2553229
              3        3.867641       1.0523429       1.5187229    -0.014939991              -0               -0        7.735282                   7.735282
             10       3.8414187       1.0611198       1.5082916    -0.011898005              -0               -0       7.6828374                  7.6828374
              4       4.4474077       1.1438088       1.3967266    -0.018931941              -0               -0       8.8948155                  8.8948155
              4        5.417951       1.0951011       1.4908151     0.050213152              -0               -0       10.835902                  10.835902
              5       4.3571164       1.0420811       1.5810967   -0.0061060403              -0               -0       8.7142328                  8.7142328
              7       4.3873975       1.0605868       1.5548763    -0.043959823              -0               -0        8.774795                   8.774795
              1       5.4076027       1.1176304       1.3439557     0.069649834              -0               -0       10.815205                  10.815205
              6       6.2264064       1.2435536       1.2300836     0.091940368              -0               -0       12.452813                  12.452813
              1       5.5845108       1.1388746       1.3654864    -0.034227114              -0               -0       11.169022                  11.169022
              2       5.5291069       1.1078739       1.4905494    -0.066701938              -0               -0       11.058214                  11.058214
             10       4.2294594       1.0336145       1.5694013    -0.040800331              -0               -0       8.4589188                  8.4589188
              6       4.6698515       1.1311769       1.3800563    -0.014543912              -0               -0       9.3397031                  9.3397031
              1       4.2988142       1.1242014       1.3826333    0.0063941808              -0               -0       8.5976284                  8.5976284
              2       4.2915874       1.1378688       1.3722505    0.0074012199              -0               -0       8.5831747                  8.5831747
              3        4.411627       1.1513721       1.3833235     0.041969502              -0               -0        8.823254                   8.823254
              6       4.3965138       1.1488685       1.3791423     0.042822738              -0               -0       8.7930275                  8.7930275
              1       4.6153884       1.1386673       1.3881956     0.052958524              -0               -0       9.2307768                  9.2307768
              1       4.9371084       1.0318437       1.6039653    0.0039357401              -0               -0       9.8742167                  9.8742167
              4       4.9708179      0.93257831        1.676469    -0.010327076              -0               -0       9.9416358                  9.9416358
              8       7.5720574      0.92722674       1.8086547    -0.043867455              -0               -0       15.144115                  15.144115
              1       7.3203198      0.90576326       1.7799517   -0.0041257653              -0               -0        14.64064                   14.64064
              4       6.1307778      0.91016029       1.7440193   -0.0059375826              -0               -0       12.261556                  12.261556
              1       5.7523022      0.90682444       1.7323209   -0.0099587659              -0               -0       11.504604                  11.504604
              2       5.4216358      0.92559129       1.7074584    -0.006523057              -0               -0       10.843272                  10.843272
              4       5.4536552       1.0685525       1.5850133   4.6555328e-05              -0               -0        10.90731                   10.90731
             19       4.7460375      0.95972017       1.6399497    0.0029302659              -0               -0        9.492075                   9.492075
              6       3.9820889       1.0275235       1.5456366    0.0049265054              -0               -0       7.9641778                  7.9641778
              1       3.9087081       1.0941524       1.4504758   -0.0036488954              -0               -0       7.8174162                  7.8174162
              7       4.5992662       1.1285383       1.4866422    -0.027751042              -0               -0       9.1985323                  9.1985323
              2       6.2461381        1.211154       1.3992513    -0.049648821              -0               -0       12.492276                  12.492276
              5       6.4882317       1.0783419       1.5509009     0.041573611              -0               -0       12.976463                  12.976463
              3       5.9963876       1.1672739       1.3904012     0.074242559              -0               -0       11.992775                  11.992775
              1       6.8624176       1.2593042       1.3155304     0.070168233              -0               -0       13.724835                  13.724835
              2       6.6897658        1.276686       1.2384284    -0.022741756              -0               -0       13.379532                  13.379532
              5       6.3505751       1.1781897       1.3394872     -0.04841906              -0               -0        12.70115                   12.70115
              1       6.0196663       1.1497667       1.3911149    -0.056392582              -0               -0       12.039333                  12.039333
              3        4.420947       1.0335994       1.5385753    -0.041624174              -0               -0        8.841894                   8.841894
              6        6.906811      0.97970147       1.5427997     -0.06178658              -0               -0       13.813622                  13.813622
              2       4.2616447       1.1123468       1.3896715     0.017277146              -0               -0       8.5232893                  8.5232893
              2       4.9852937       1.1429155       1.3206931     0.027310502              -0               -0       9.9705874                  9.9705874
              4       5.1397583       1.1551374       1.3033408     0.027624154              -0               -0       10.279517                  10.279517
              5       5.2651318       1.0702856       1.3892623     0.043217922              -0               -0       10.530264                  10.530264
              1       4.7554026        1.169617       1.3570446    -0.016013312              -0               -0       9.5108052                  9.5108052
              6       4.2465746       1.0932466       1.5153011    -0.028968758              -0               -0       8.4931493                  8.4931493
              1       5.0894633       1.2049163         1.38736     -0.01461641              -0               -0       10.178927                  10.178927
              5       5.9489546       1.2649095       1.3295169    0.0066245597              -0               -0       11.897909                  11.897909
              7       5.1474111       1.0677852       1.4418309    -0.031227698              -0               -0       10.294822                  10.294822
              1       6.1161143      0.98301986       1.6828358    0.0030850374              -0               -0       12.232229                  12.232229
              4       6.1873963      0.96450306       1.7087742   -0.0039012339              -0               -0       12.374793                  12.374793
              1       5.9559776      0.95796317       1.7163895     -0.01117009              -0               -0       11.911955                  11.911955
              4       6.0108674      0.90144389       1.7530405    -0.013907816              -0               -0       12.021735                  12.021735
              3       6.5988106      0.96363426       1.6392377     0.044828073              -0               -0       13.197621                  13.197621
              2       6.0569392      0.89266685       1.6799007    -0.023755873              -0               -0       12.113878                  12.113878
              2       5.0347275      0.96310101       1.5770797     0.018804264              -0               -0       10.069455                  10.069455
              4       4.5236765       1.0397052       1.4630769     0.010714269              -0               -0        9.047353                   9.047353
              1       4.9233148       1.1287488       1.4082186    -0.035789792              -0               -0       9.8466295                  9.8466295
             12       4.4666639       1.1477623        1.431347    -0.025127939              -0               -0       8.9333278                  8.9333278
              2       5.6287792       1.2055409       1.4171985    -0.015620636              -0               -0       11.257558                  11.257558
              2       5.6254163       1.2142728       1.3995078    -0.020918651              -0               -0       11.250833                  11.250833
              2       5.5650264       1.2148223        1.396192     -0.01924485              -0               -0       11.130053                  11.130053
              2       5.7825168       1.2246391        1.389636    -0.019079148              -0               -0       11.565034                  11.565034
              1       4.9005709       1.1576996       1.4133743     0.042819886              -0               -0       9.8011418                  9.8011418
              3       4.2914023      0.98295141       1.6203164   -0.0096836165              -0               -0       8.5828046                  8.5828046
              1       4.7357678      0.98755454       1.6513234    -0.011331946              -0               -0       9.4715356                  9.4715356
              1       5.0505147       1.2154028       1.3555871     0.029825243              -0               -0       10.101029                  10.101029
              1       4.5716736       1.1792529       1.3759055     0.033985375              -0               -0       9.1433473                  9.1433473
              2        4.278769       1.1692114       1.3900949    0.0033830897              -0               -0       8.5575381                  8.5575381
              1       7.3889532       1.2360143       1.2303377     -0.02862368              -0               -0       14.777906                  14.777906
              8       8.3424018       1.0990151       1.4478587    -0.096961648              -0               -0       16.684804                  16.684804
              4       8.0837194       1.1291032       1.3935566    -0.083278612              -0               -0       16.167439                  16.167439
              1       7.0089585       1.1239216       1.3661511    -0.054571663              -0               -0       14.017917                  14.017917
              2       4.7746946       1.1525158        1.404225    -0.032364187              -0               -0       9.5493892                  9.5493892
              4       5.7301574       1.0783231       1.4487319     -0.05350566              -0               -0       11.460315                  11.460315
              3       5.0374646       1.2399134       1.2960647     0.012295323              -0               -0       10.074929                  10.074929
              4       4.4424825       1.0774064       1.4583079     0.043939133              -0               -0        8.884965                   8.884965
              1       5.6617636       1.1409707       1.2982766     0.064254643              -0               -0       11.323527                  11.323527
              2       5.1029093       1.1280397       1.3489851   -0.0023963095              -0               -0       10.205819                  10.205819
              3       5.1518716        1.246436       1.2992176    0.0099708532              -0               -0       10.303743                  10.303743
              3       4.9683623       1.1851104       1.3303984    -0.012447928              -0               -0       9.9367246                  9.9367246
              1       4.4108399       1.0306021        1.501252    -0.018102491              -0               -0       8.8216798                  8.8216798
              4       4.3029967        1.024425       1.5254673    -0.025103619              -0               -0       8.6059934                  8.6059934
              1        3.890089       1.0842917       1.4574691   0.00026965433              -0               -0       7.7801779                  7.7801779
              1       4.1767566        1.108802       1.4132756   -0.0039994097              -0               -0       8.3535133                  8.3535133
              8       4.2793343       1.0710523       1.4562922    -0.015276115              -0               -0       8.5586686                  8.5586686
              1       5.3747852        1.123352       1.3221465     0.044274403              -0               -0        10.74957                   10.74957
              1       6.3686471       1.1821751       1.2347672     0.034501275              -0               -0       12.737294                  12.737294
              1       7.0324846       1.3434856       1.1188807     0.059110572              -0               -0       14.064969                  14.064969
              5        8.544378       1.0792021       1.3038234      0.10534065              -0               -0       17.088756                  17.088756
              6       4.4540749       1.0252793       1.4888584     0.016908163              -0               -0       8.9081499                  8.9081499
              6       5.0922407       1.0316402       1.4497995     0.035846247              -0               -0       10.184481                  10.184481
              1       5.2024914       1.0581567       1.4058491     0.031843133              -0               -0       10.404983                  10.404983
              6       4.6448161       1.0766738       1.4434044    -0.024139803              -0               -0       9.2896321                  9.2896321
              4       4.5378787       1.0763098       1.4592267    -0.030085841              -0               -0       9.0757573                  9.0757573
              6       4.4693143       1.0434911       1.5024882    -0.032329079              -0               -0       8.9386286                  8.9386286
              1       4.3914832       1.0461395       1.4709041   -0.0070911628              -0               -0       8.7829665                  8.7829665
              2       3.9502393       1.0752602       1.4586349    0.0020839612              -0               -0       7.9004785                  7.9004785
              3       5.7796239      0.96913178       1.6132913     0.039891715              -0               -0       11.559248                  11.559248
              1       5.6807062      0.96468467       1.6017564     0.040532474              -0               -0       11.361412                  11.361412
              1       4.7920622       1.0190958        1.536763     0.039191238              -0               -0       9.5841244                  9.5841244
              8       5.3422954       1.2413788       1.2384547     0.037213198              -0               -0       10.684591                  10.684591
              2       4.7279298       1.0125225       1.5371923     0.036349778              -0               -0       9.4558595                  9.4558595
              5       7.6808743      0.82725193       1.7899334    -0.025656916              -0               -0       15.361749                  15.361749
              5       4.7539262       1.0095086       1.4981936    0.0059126647              -0               -0       9.5078525                  9.5078525
              1       4.6692804       1.0798631       1.4032239     0.015697146              -0               -0       9.3385608                  9.3385608
              6       4.6766453       1.0721254       1.4141025     0.010639896              -0               -0       9.3532906                  9.3532906
              2       4.5300005       1.0843649       1.4217018   -0.0090001884              -0               -0        9.060001                   9.060001
              1       4.3477513       1.0830174       1.4313382   -0.0080763472              -0               -0       8.6955025                  8.6955025
              3       5.5008665       1.2001927       1.2488678      0.04332088              -0               -0       11.001733                  11.001733
              2       5.6394158       1.2224272       1.2278438     0.046204033              -0               -0       11.278832                  11.278832
              3       4.4493338       1.1818067       1.3323193     0.017958297              -0               -0       8.8986676                  8.8986676
              9       6.6712572       1.2411288       1.2506252     -0.02621487              -0               -0       13.342514                  13.342514
              1       7.2536488       1.1893615       1.2258273     0.003381041              -0               -0       14.507298                  14.507298
              1       5.5486252       1.0275609       1.4652611    -0.023138452              -0               -0        11.09725                   11.09725
              1       6.9171322       1.0085482       1.4212447     0.035191012              -0               -0       13.834264                  13.834264
              8       5.2490995       1.0690429        1.405478     0.059424706              -0               -0       10.498199                  10.498199
              2       5.0375855       1.1482733       1.3502201    -0.014853858              -0               -0       10.075171                  10.075171
              2       5.3667204       1.1556067       1.3849892    -0.042136593              -0               -0       10.733441                  10.733441
              2       5.2546699      0.93243292       1.7092289    -0.058912119              -0               -0        10.50934                   10.50934
              2       4.9106807      0.94908995        1.689279    -0.051472993              -0               -0       9.8213615                  9.8213615
              2       4.7407696      0.97096076       1.6605683    -0.052915354              -0               -0       9.4815393                  9.4815393
              5       4.7481317      0.97099549       1.6611947    -0.053188258              -0               -0       9.4962634                  9.4962634
              2       4.9228747       1.0190773       1.6420753    -0.050699484              -0               -0       9.8457493                  9.8457493
              5       4.1911552       1.0346067       1.5641296    -0.038978477              -0               -0       8.3823104                  8.3823104
              7         4.51905        1.003112       1.6397103    -0.027217447              -0               -0          9.0381                     9.0381
              1       5.5462674      0.96569293       1.7224759    -0.057248323              -0               -0       11.092535                  11.092535
              2       5.4125819      0.97629743       1.7029062    -0.063336366              -0               -0       10.825164                  10.825164
              4        7.824952      0.91728263       1.7957267    -0.014670497              -0               -0       15.649904                  15.649904
              3       7.0392486       1.1176944       1.4893672    -0.090675999              -0               -0       14.078497                  14.078497
              3       7.3988166       1.0469161       1.6591619    -0.095105552              -0               -0       14.797633                  14.797633
              1        7.159145       0.9119619       1.8076159    -0.091352406              -0               -0        14.31829                   14.31829
              4       6.8519528      0.92862646        1.797712    -0.074519473              -0               -0       13.703906                  13.703906
              2       7.6698386       1.0657245        1.518044      0.08337694              -0               -0       15.339677                  15.339677
              5       7.2413439       1.1108867        1.468607     0.083026436              -0               -0       14.482688                  14.482688
              2       5.1198161       1.1626487       1.4405509     0.024481275              -0               -0       10.239632                  10.239632
              3       4.7623375       1.1223794       1.4734823     0.027111201              -0               -0        9.524675                   9.524675
              3       4.5180836       1.0209059       1.5949935    0.0055060936              -0               -0       9.0361672                  9.0361672
              1       4.4157824       1.0796835       1.5017185     0.028083142              -0               -0       8.8315648                  8.8315648
              2       6.7820898       1.2181869       1.4354533    -0.030430723              -0               -0        13.56418                   13.56418
             10       6.4800516       1.2986013       1.2880718   -0.0015985025              -0               -0       12.960103                  12.960103
              4       4.5762886       1.1675603       1.3885996     0.037576736              -0               -0       9.1525772                  9.1525772
              1       6.1117709       1.2225552       1.2329285     0.088704415              -0               -0       12.223542                  12.223542
              5       5.9505972       1.2796857       1.2229456     0.069408607              -0               -0       11.901194                  11.901194
              3       4.7144349        1.057706       1.4770742     0.049306839              -0               -0       9.4288698                  9.4288698
              1       4.7393527        1.143493       1.3452579     0.054577352              -0               -0       9.4787054                  9.4787054
              5       4.6493388       1.2098464       1.3347018     0.022431238              -0               -0       9.2986777                  9.2986777
              1       4.6611794        1.209968       1.3338051     0.025089221              -0               -0       9.3223588                  9.3223588
              1       5.1456755       1.1481531       1.3093463     0.052002285              -0               -0       10.291351                  10.291351
              3       4.7369236       1.1132641       1.3608502     0.037804679              -0               -0       9.4738471                  9.4738471
              1       4.2957272       1.1277311       1.3763944     0.034034086              -0               -0       8.5914544                  8.5914544
              1       4.8534238       1.1721732       1.3092688      0.05243966              -0               -0       9.7068476                  9.7068476
              1       5.1161251       1.2082536       1.2672553       0.0508465              -0               -0        10.23225                   10.23225
              1       4.8942695         1.15543       1.3263271    0.0068829851              -0               -0       9.7885389                  9.7885389
              1       4.5146452       1.1479845       1.3634686   -0.0043123248              -0               -0       9.0292904                  9.0292904
              4       5.6607467       1.1937127       1.3736191    -0.044038535              -0               -0       11.321493                  11.321493
              7       5.4208605       1.1467777       1.3480967    -0.023549178              -0               -0       10.841721                  10.841721
              2       6.7344314       1.0717945       1.4484577    -0.067238299              -0               -0       13.468863                  13.468863
              3       7.8921622      0.99109284       1.5365513    -0.081395164              -0               -0       15.784324                  15.784324
              5       5.0914596       1.0111282       1.6050933    -0.067812515              -0               -0       10.182919                  10.182919
              7        5.303259      0.92945731       1.6860599   6.7330759e-05              -0               -0       10.606518                  10.606518
              1       5.2414717      0.95656897       1.5825128       0.0227146              -0               -0       10.482943                  10.482943
              1       5.4026666      0.97121804       1.5628931     0.038484388              -0               -0       10.805333                  10.805333
              6       5.2663296      0.92605138       1.6481063    0.0010028751              -0               -0       10.532659                  10.532659
              4       4.7327284      0.95704548        1.616253    0.0045905075              -0               -0       9.4654568                  9.4654568
              4        4.506566        1.008992       1.5126971    0.0035083104              -0               -0       9.0131319                  9.0131319
              5       4.9315159       0.9895497       1.5282335   -0.0075592188              -0               -0       9.8630318                  9.8630318
              2       7.2356258       1.3665709       1.1321846     0.033945726              -0               -0       14.471252                  14.471252
              3       5.5671363       1.2519856       1.2607338  -0.00018456903              -0               -0       11.134273                  11.134273
              3       5.6747894       1.2585618       1.2537514  -0.00015685135              -0               -0       11.349579                  11.349579
              1       5.2042064        1.222278        1.297073   -0.0062130254              -0               -0       10.408413                  10.408413
              6       4.6469199       1.2103372       1.3164753     0.026561854              -0               -0       9.2938399                  9.2938399
              1       5.0023958       1.1499231       1.4529382     0.024049855              -0               -0       10.004792                  10.004792
              1       4.5099627      0.96371427       1.6529558    -0.016756809              -0               -0       9.0199254                  9.0199254
              3       4.1538786       1.0287961        1.504471    0.0029880299              -0               -0       8.3077573                  8.3077573
             13       4.2503075      0.98648598       1.5858912   -0.0026888889              -0               -0        8.500615                   8.500615
              1       4.9319915       1.1029361       1.3706441    0.0087480719              -0               -0        9.863983                   9.863983
              1       5.0355688       1.1350899       1.3852769    -0.030095535              -0               -0       10.071138                  10.071138
              7        5.799205      0.99430704       1.5082343    -0.028375915              -0               -0        11.59841                   11.59841
              5       5.3553673      0.94788139       1.5955853    -0.025210113              -0               -0       10.710735                  10.710735
              3       5.8808631        1.000557       1.4733471  -0.00050854241              -0               -0       11.761726                  11.761726
              4       5.5986108       1.0191486        1.446499     0.023009591              -0               -0       11.197222                  11.197222
              2       5.5125589       1.2494228        1.232379     0.059718496              -0               -0       11.025118                  11.025118
              1       6.7733712        1.338766       1.1390299     0.056216012              -0               -0       13.546742                  13.546742
              2       7.8218664       1.3707771       1.0822904      0.08899571              -0               -0       15.643733                  15.643733
              1       7.1749548       1.1704963       1.5088844    -0.012054252              -0               -0        14.34991                   14.34991
              2       9.2440644        1.194379       1.4951465     0.019000919              -0               -0       18.488129                  18.488129
              5       5.5095217       1.0927558       1.5573291    0.0022694564              -0               -0       11.019043                  11.019043
              2       6.1143527       1.1870153       1.3995369     0.058673626              -0               -0       12.228705                  12.228705
              3       6.3232934       1.0483471       1.5640887     0.048620213              -0               -0       12.646587                  12.646587
              1       6.3576786      0.97912111       1.6480389     0.032494968              -0               -0       12.715357                  12.715357
              1       6.0027597      0.98299096       1.6303377      0.03463329              -0               -0       12.005519                  12.005519
              2        4.646657       1.0182119       1.5741605     0.022790228              -0               -0       9.2933139                  9.2933139
              4       5.7689167        1.124129        1.504797     0.026109187              -0               -0       11.537833                  11.537833
              2       5.8469857       1.1401618       1.5014398     0.012405878              -0               -0       11.693971                  11.693971
              4       6.4031725      0.90271371       1.7304772    -0.077435093              -0               -0       12.806345                  12.806345
              2       8.7293677       1.0370167        1.381986    -0.028468312              -0               -0       17.458735                  17.458735
              3       8.2338237        1.076147       1.3437671    -0.026315662              -0               -0       16.467647                  16.467647
              2        9.394437       1.1613784       1.2229179    -0.016921115              -0               -0       18.788874                  18.788874
              2        9.486404       1.1697458       1.3162512    -0.081388619              -0               -0       18.972808                  18.972808
              2       8.3473911        1.250153       1.1962747    -0.030456154              -0               -0       16.694782                  16.694782
              5       4.1231277       1.0850953       1.5181982    -0.026233394              -0               -0       8.2462553                  8.2462553
             19       3.9724256       1.0204644       1.5442418   -0.0083192421              -0               -0       7.9448513                  7.9448513
              3       4.2289285        1.105952       1.5016024    -0.012234244              -0               -0        8.457857                   8.457857
             11       4.0306601       1.1149603       1.4673634    0.0026492438              -0               -0       8.0613202                  8.0613202
              5        4.310865       1.1200228       1.4803536    0.0030292556              -0               -0         8.62173                    8.62173
              1       4.8673849      0.93241396       1.6851602    -0.029808161              -0               -0       9.7347698                  9.7347698
              2       4.7182813      0.94668147       1.6348929    -0.016490924              -0               -0       9.4365625                  9.4365625
              5       4.3697646       1.1637045       1.3447034      0.01800501              -0               -0       8.7395292                  8.7395292
              5       4.8711886      0.93594067       1.6543002    -0.024680425              -0               -0       9.7423772                  9.7423772
              1       5.1410606       1.0039273       1.5475986    -0.048106702              -0               -0       10.282121                  10.282121
              5       5.1066868       1.1222419       1.3364745     0.024291904              -0               -0       10.213374                  10.213374
              2       4.2367364       1.0529965       1.4611919     0.010251214              -0               -0       8.4734728                  8.4734728
              3       4.4828139       1.0269807       1.5021704     0.032311055              -0               -0       8.9656279                  8.9656279
              4       5.5678909       1.0116638       1.5937773     0.035871733              -0               -0       11.135782                  11.135782
              2       4.9438074       1.2191843       1.2765463     0.026389187              -0               -0       9.8876148                  9.8876148
              1       5.8248365       1.1402419       1.3914681    -0.051298085              -0               -0       11.649673                  11.649673
              2       5.6505947       1.1316843       1.4337389     -0.05963741              -0               -0       11.301189                  11.301189
              2        5.617534      0.92715907       1.6618746    -0.053333133              -0               -0       11.235068                  11.235068
              4       4.5226068      0.95716723       1.6352285    -0.023125326              -0               -0       9.0452135                  9.0452135
              5       3.8579967       1.0697427       1.4818494    0.0094087939              -0               -0       7.7159934                  7.7159934
              2       4.5973847      0.98994482       1.5408293    0.0034276559              -0               -0       9.1947695                  9.1947695
              2       3.9375172       1.0895939       1.4422005    0.0079645783              -0               -0       7.8750344                  7.8750344
              3       4.3720962       1.0780681       1.4193975     0.021506549              -0               -0       8.7441924                  8.7441924
              1       5.9262959       1.1458499       1.2791211     0.048334202              -0               -0       11.852592                  11.852592
              5       6.8600234       1.2844375       1.1617547     0.095663114              -0               -0       13.720047                  13.720047
              2       8.2694808       1.2700026       1.1751221      0.13613488              -0               -0       16.538962                  16.538962
              1       7.9711917       1.2703936       1.1959622      0.12960043              -0               -0       15.942383                  15.942383
              1       7.0908334       1.2430634       1.1810279      0.10533703              -0               -0       14.181667                  14.181667
              5       4.4989299       1.0253069       1.6181558    -0.033322505              -0               -0       8.9978599                  8.9978599
              2       4.2532856       1.0222448       1.5975771    -0.010257891              -0               -0       8.5065711                  8.5065711
              5       3.9114307       1.1160159       1.4424847   0.00035818738              -0               -0       7.8228615                  7.8228615
              2       4.1763036       1.1161228       1.4540636    -0.023811278              -0               -0       8.3526073                  8.3526073
              1       4.1161603        1.112759       1.4556069     -0.02158114              -0               -0       8.2323207                  8.2323207
              2       4.1641952       1.0711929       1.5277155    -0.034596169              -0               -0       8.3283905                  8.3283905
             12        4.867202      0.95036996       1.6812363     -0.05063578              -0               -0        9.734404                   9.734404
              3       4.8525518       1.1327246       1.3908155    -0.027143435              -0               -0       9.7051036                  9.7051036
              6       5.5598061        1.044534       1.5702261    -0.076585181              -0               -0       11.119612                  11.119612
              1       7.9549096        1.080489       1.4571094    -0.090380372              -0               -0       15.909819                  15.909819
              4       6.9634926       1.0466181       1.3840227   -0.0017484498              -0               -0       13.926985                  13.926985
              2       7.5134485      0.85657855       1.7278218     0.013660835              -0               -0       15.026897                  15.026897
              3       9.5167534      0.80965187        1.781891     0.015833409              -0               -0       19.033507                  19.033507
              6       9.4603458       0.8094127       1.7858098     0.014410308              -0               -0       18.920692                  18.920692
              4        9.415457      0.83166552       1.6954361     0.013181703              -0               -0       18.830914                  18.830914
              9       5.3713829       1.0596762       1.4700111     0.066320823              -0               -0       10.742766                  10.742766
              2       4.9177294       1.0397541       1.5833272    -0.063145589              -0               -0       9.8354588                  9.8354588
              2        4.195081       1.0639427       1.4751779    -0.019384031              -0               -0        8.390162                   8.390162
              1       4.0478406       1.0979176       1.4213048     0.012577911              -0               -0       8.0956812                  8.0956812
              8       3.9399588       1.0964147       1.4349224     0.010332579              -0               -0       7.8799177                  7.8799177
              1       5.9834081       1.2677131       1.2051119     0.020311546              -0               -0       11.966816                  11.966816
              5       6.4211574       1.2726146       1.1677233     0.043182653              -0               -0       12.842315                  12.842315
              2       5.0538566       1.1761853       1.2878207     0.039601627              -0               -0       10.107713                  10.107713
              1       4.5019696       1.1871211       1.3302875      0.03483484              -0               -0       9.0039391                  9.0039391
              1       4.4307994       1.1834056       1.3399114     0.031205142              -0               -0       8.8615988                  8.8615988
              3       4.1206015       1.1238183       1.3917703     0.022867215              -0               -0        8.241203                   8.241203
              1       4.1134515       1.1013695       1.4326258    -0.010496815              -0               -0       8.2269029                  8.2269029
              3       6.4665847        1.292409       1.2739485    -0.016458245              -0               -0       12.933169                  12.933169
              1       6.5296997       1.2952264       1.2742131    -0.016268749              -0               -0       13.059399                  13.059399
              3       4.5292352       1.1671336       1.3419236     0.045292567              -0               -0       9.0584703                  9.0584703
              1       5.5799593      0.97600342       1.5690764     0.045810648              -0               -0       11.159919                  11.159919
              2       5.2211884      0.95896895       1.5978989     0.026823199              -0               -0       10.442377                  10.442377
              1       4.7458737       1.0057574       1.5663862      0.03020602              -0               -0       9.4917475                  9.4917475
              4       5.0845165       1.0037874       1.5647253      0.03932502              -0               -0       10.169033                  10.169033
             17       5.2269469       1.0263802       1.5030443     0.055881935              -0               -0       10.453894                  10.453894
              5       5.0701991       1.0409168       1.5444183     0.039819429              -0               -0       10.140398                  10.140398
             14       5.1305359       1.0421985       1.5441956      0.04076405              -0               -0       10.261072                  10.261072
              1       5.4867894        1.028447       1.5655312     0.042454517              -0               -0       10.973579                  10.973579
             10       4.9288715       1.0101594       1.5533014     0.038613591              -0               -0       9.8577431                  9.8577431
              2       5.8427037       1.0220775        1.584481     0.041609954              -0               -0       11.685407                  11.685407
              5       4.6116326       1.1927907       1.3485744     0.036775985              -0               -0       9.2232652                  9.2232652
              3       4.2850016       1.0707963       1.4797205     0.035083043              -0               -0       8.5700031                  8.5700031
              1       4.7803806       1.0839792       1.4952343    -0.051490815              -0               -0       9.5607612                  9.5607612
              1       4.6081506       1.0838669       1.4869726    -0.045200927              -0               -0       9.2163012                  9.2163012
              6       4.5756665       1.0745956       1.4997386    -0.046122113              -0               -0        9.151333                   9.151333
              6       4.6889241      0.97464117       1.6394894    0.0010607652              -0               -0       9.3778481                  9.3778481
              5       4.5434617      0.97339778       1.6401951   -0.0055417416              -0               -0       9.0869234                  9.0869234
              1       5.4964381      0.92543551       1.7105605   -0.0057718167              -0               -0       10.992876                  10.992876
              2        6.190781      0.97286011       1.6269907     0.041795483              -0               -0       12.381562                  12.381562
              1       6.1676644      0.97756099       1.6220507     0.042605764              -0               -0       12.335329                  12.335329
              1       5.4151707      0.98462016       1.6998693    -0.053643527              -0               -0       10.830341                  10.830341
              1       5.4302386      0.98420323       1.7008766    -0.053681778              -0               -0       10.860477                  10.860477
              1       4.5994415       0.9941612       1.5854254      0.01982774              -0               -0        9.198883                   9.198883
              3       4.9455386       1.0501929       1.5364225     0.037523734              -0               -0       9.8910772                  9.8910772
              3         5.27135       1.1489704       1.4108928     0.059199555              -0               -0         10.5427                    10.5427
              7       5.4301572       1.1464907       1.4084497     0.065040702              -0               -0       10.860314                  10.860314
              5       4.6235347       1.1789907       1.3439066     0.047429592              -0               -0       9.2470695                  9.2470695
              3       4.5118574       1.0625597       1.4327114     0.029210439              -0               -0       9.0237147                  9.0237147
              6       8.6736748      0.96204095       1.4890895    -0.033162454              -0               -0        17.34735                   17.34735
              7       8.5842272       1.4055452       1.0319487     0.075791068              -0               -0       17.168454                  17.168454
              1       7.8120865       1.3828169       1.1025639     0.086221117              -0               -0       15.624173                  15.624173
              3       8.5823705       1.4169641       1.1492126     0.037737422              -0               -0       17.164741                  17.164741
              1       8.5872695       1.4175424       1.1479738     0.038284717              -0               -0       17.174539                  17.174539
              2       6.3060716       1.2675817        1.315532     0.045849367              -0               -0       12.612143                  12.612143
              3       7.1068999       1.2868897       1.3241343     0.034244917              -0               -0         14.2138                    14.2138
              3       7.5541747       1.3016005       1.2198599      0.10406846              -0               -0       15.108349                  15.108349
              1        6.752882       1.2807561       1.2351188     0.092232841              -0               -0       13.505764                  13.505764
              3        7.002631       1.2882384       1.2106966      0.10111479              -0               -0       14.005262                  14.005262
              2       6.0340058       1.2959856       1.2201258     0.060645331              -0               -0       12.068012                  12.068012
              2       7.0016722       1.3276473       1.1484818     0.088448365              -0               -0       14.003344                  14.003344
              2       7.3642337       1.0663376       1.4339746      0.10654813              -0               -0       14.728467                  14.728467
              1       6.8269814        1.111429       1.3559203      0.10657551              -0               -0       13.653963                  13.653963
              1       4.9099858       1.1291091       1.3993948     0.061827517              -0               -0       9.8199716                  9.8199716
              1       6.0971255      0.89676815       1.6909031    0.0085478498              -0               -0       12.194251                  12.194251
              3       5.6718785      0.94330744       1.6159277    -0.046097775              -0               -0       11.343757                  11.343757
              1       4.7515783       1.0864517       1.3895498     0.025295954              -0               -0       9.5031566                  9.5031566
              1       4.8951894       1.0883126       1.3813765     0.024119381              -0               -0       9.7903789                  9.7903789
              2       5.5204205         1.11056       1.3348807     0.022003298              -0               -0       11.040841                  11.040841
              3       5.6963056       1.1176866       1.3184361     0.030883197              -0               -0       11.392611                  11.392611
              1       4.6004833      0.95392972       1.6693534    -0.028327462              -0               -0       9.2009666                  9.2009666
              2       4.7972015       1.0815587       1.4605274     0.053517648              -0               -0        9.594403                   9.594403
              6       6.1808897       1.1263337       1.4883236     0.045700355              -0               -0       12.361779                  12.361779
              1       4.8243141       1.1665712       1.4234462     0.024222236              -0               -0       9.6486283                  9.6486283
              2       4.1852987       1.1186096       1.4670783      0.01151829              -0               -0       8.3705975                  8.3705975
              2       4.1718665       1.1218144       1.4509673     0.020075156              -0               -0       8.3437329                  8.3437329
              2       4.0388676       1.0971322        1.477056    -0.022565895              -0               -0       8.0777352                  8.0777352
              4       4.4560137       1.0594457       1.5150891    -0.043783149              -0               -0       8.9120273                  8.9120273
              4       4.5323877       1.1135212       1.4577216    -0.038223205              -0               -0       9.0647755                  9.0647755
              1        4.639907       1.1126313       1.4492513     -0.03948879              -0               -0        9.279814                   9.279814
              3       4.7324596        1.095228        1.443245    -0.036020079              -0               -0       9.4649193                  9.4649193
              1       4.4347211         1.04594       1.5118756    -0.037204042              -0               -0       8.8694422                  8.8694422
              1       4.3555701       1.1268695       1.3856452     0.042800598              -0               -0       8.7111402                  8.7111402
              2       4.3053113       1.1456589       1.4013138      0.03459651              -0               -0       8.6106227                  8.6106227
              1       4.0619663       1.1049892       1.4770854     0.010291508              -0               -0       8.1239326                  8.1239326
              2       4.8016639       1.1947743       1.3714318    -0.015573178              -0               -0       9.6033278                  9.6033278
              3        5.318284       1.2322005       1.2561689     0.015256795              -0               -0       10.636568                  10.636568
              5       5.0027979       1.2289628       1.2907914    0.0086043882              -0               -0       10.005596                  10.005596
              3       4.6820636       1.0150205       1.5728137    -0.052597472              -0               -0       9.3641272                  9.3641272
              1       5.7906597       1.0141152       1.4503203     0.012191565              -0               -0       11.581319                  11.581319
              4        6.378503      0.93281351       1.5700881     0.023907661              -0               -0       12.757006                  12.757006
              3       5.2776479       1.1948176       1.2638121     0.037520488              -0               -0       10.555296                  10.555296
              3       4.7027278       1.1687269       1.3151465     0.041511428              -0               -0       9.4054557                  9.4054557
              5       4.8997361        1.144388       1.3238377     0.025246419              -0               -0       9.7994721                  9.7994721
              3       5.0089085       1.1018225       1.3638375     0.048314913              -0               -0       10.017817                  10.017817
              1       4.1798282       1.1329285       1.4019367   -0.0070380039              -0               -0       8.3596564                  8.3596564
              9         3.86037       1.0893427       1.4797134   -0.0094562288              -0               -0         7.72074                    7.72074
              8       4.0056882       1.0588655       1.5340713    -0.027900362              -0               -0       8.0113764                  8.0113764
              1       4.2859006       1.0065238       1.5459743    -0.019275783              -0               -0       8.5718013                  8.5718013
              5       4.9252251       1.1472297        1.319055     0.028968663              -0               -0       9.8504502                  9.8504502
              3       4.4505429       1.1348907       1.3606596     0.012331798              -0               -0       8.9010857                  8.9010857
              2       4.4714138       1.1882812        1.330431     0.017824479              -0               -0       8.9428276                  8.9428276
             13       3.8955287       1.0913829       1.4464347    0.0097300405              -0               -0       7.7910574                  7.7910574
              4        4.686584      0.98681793       1.6419988    -0.054542417              -0               -0       9.3731679                  9.3731679
              1       5.0744528      0.95676528       1.6864401     -0.06123535              -0               -0       10.148906                  10.148906
              8       4.1905824       1.0359628       1.5874529    -0.023908094              -0               -0       8.3811648                  8.3811648
              5       4.4797402       1.0411675       1.5990628    -0.035507008              -0               -0       8.9594805                  8.9594805
              7       5.9047083       0.9098924       1.7106654    -0.065110292              -0               -0       11.809417                  11.809417
              3       4.4853928       1.0148978       1.6239755    -0.043125983              -0               -0       8.9707856                  8.9707856
              4       4.1887514       1.0100221       1.6104388    -0.023787245              -0               -0       8.3775029                  8.3775029
              4       4.1109052       1.0845614       1.4550402    -0.015658919              -0               -0       8.2218104                  8.2218104
              1       4.1195752       1.1191159       1.4125744   -0.0056187399              -0               -0       8.2391503                  8.2391503
              8       3.8764581       1.0837493       1.4937418    0.0019451998              -0               -0       7.7529162                  7.7529162
              3       4.1118483       1.0377942       1.5585528    -0.035017419              -0               -0       8.2236966                  8.2236966
              2       4.5648733       1.1741662       1.3916781     0.028945411              -0               -0       9.1297466                  9.1297466
              3       5.7806617       1.1217788       1.3375221     0.082118258              -0               -0       11.561323                  11.561323
              1       4.8528739       1.1397025       1.3366936     0.012214252              -0               -0       9.7057478                  9.7057478
              1       5.8711157       1.2177773       1.4074417    -0.013352724              -0               -0       11.742231                  11.742231
              1       6.0816724       1.2527482       1.3576614   -0.0056292903              -0               -0       12.163345                  12.163345
              3       6.0507335       1.1859708       1.4466016     0.015944872              -0               -0       12.101467                  12.101467
              1       5.1756507        1.135206       1.4982289  -0.00032569832              -0               -0       10.351301                  10.351301
              1       5.1709256        1.140139       1.4928339   -0.0023090089              -0               -0       10.341851                  10.341851
              2       7.0022282       1.2511573       1.1592361     0.086383799              -0               -0       14.004456                  14.004456
              1       6.0530756       1.2476193        1.343246     0.038498666              -0               -0       12.106151                  12.106151
              1       6.4326744       1.1749854       1.4274129     0.055349909              -0               -0       12.865349                  12.865349
              4       6.1591688       1.0617231       1.5634711     0.038712866              -0               -0       12.318338                  12.318338
              4       7.0038495       1.0622187       1.5123455     0.078759452              -0               -0       14.007699                  14.007699
              5       5.5539232      0.93557467       1.6853827    0.0082862834              -0               -0       11.107846                  11.107846
              5       4.7427632       1.0902782       1.4838437      0.04119183              -0               -0       9.4855264                  9.4855264
              2       4.2097076       1.0959663       1.4993597    0.0095687481              -0               -0       8.4194151                  8.4194151
              2       4.0427598       1.0520448       1.5436383    0.0024635077              -0               -0       8.0855196                  8.0855196
              1        3.864453       1.0538647       1.5193992     0.002976874              -0               -0        7.728906                   7.728906
              4       4.3721395       1.1688884       1.3989621    -0.006712277              -0               -0       8.7442789                  8.7442789
              2       4.0352346       1.1335978       1.4020899     0.019798764              -0               -0       8.0704691                  8.0704691
              6       4.0606502       1.0051501       1.5802344    -0.021431256              -0               -0       8.1213004                  8.1213004
              5       4.0318767       1.0599161       1.4978916     0.021009363              -0               -0       8.0637535                  8.0637535
              1       4.0609185       1.0673745       1.4738391     0.025635562              -0               -0       8.1218371                  8.1218371
              5       5.0409195        1.135973       1.3909196     0.065568154              -0               -0       10.081839                  10.081839
              1       4.9421004       1.1324666       1.3978617     0.062254895              -0               -0       9.8842008                  9.8842008
              2       6.1826243       1.2891852       1.2589345     0.057549277              -0               -0       12.365249                  12.365249
              1       7.4890104       1.3424615       1.1567618     0.097105115              -0               -0       14.978021                  14.978021
              2        8.448407       1.1373921        1.385465       0.1235526              -0               -0       16.896814                  16.896814
              1       8.3279936       1.1484988       1.3795307      0.12098031              -0               -0       16.655987                  16.655987
              7       6.3480238       1.0881768       1.4680694     0.079295538              -0               -0       12.696048                  12.696048
              2       6.8253629       1.1290927       1.4044123     0.097422653              -0               -0       13.650726                  13.650726
              2       5.2240795       1.1847071       1.3233174     0.070743248              -0               -0       10.448159                  10.448159
              4       4.3139141       1.1194257        1.404444    -0.010832245              -0               -0       8.6278283                  8.6278283
              3       4.7538281       1.1893603       1.3944967     0.014079542              -0               -0       9.5076561                  9.5076561
              1       4.9928343       1.2145133       1.3441784     0.037152206              -0               -0       9.9856687                  9.9856687
              4       5.1092896       1.1006629         1.42196     0.066762459              -0               -0       10.218579                  10.218579
              5       5.4527733      0.96634964       1.6060603     0.034730316              -0               -0       10.905547                  10.905547
              2       5.0428443       1.0430528       1.5159389     0.049570259              -0               -0       10.085689                  10.085689
              5       5.0893006       1.0427693       1.5149185     0.050935674              -0               -0       10.178601                  10.178601
              5       5.9467018       0.9015978       1.7274835   -0.0022787297              -0               -0       11.893404                  11.893404
              7        9.375845      0.83690492       1.7839721      0.03105522              -0               -0        18.75169                   18.75169
              1       8.9252254      0.83309332       1.7071866    0.0047525562              -0               -0       17.850451                  17.850451
              5       8.3725478      0.85498799       1.6721828     0.014178847              -0               -0       16.745096                  16.745096
              9       4.3133398         1.09192       1.5246281    -0.027667485              -0               -0       8.6266796                  8.6266796
              3       5.5534008       1.1260865       1.5314217    -0.023305701              -0               -0       11.106802                  11.106802
              2       5.0909834       1.2005163       1.2978417  -0.00016430561              -0               -0       10.181967                  10.181967
              1       6.6481505       1.0487518       1.4143254    -0.028646562              -0               -0       13.296301                  13.296301
              5       7.0473312       1.0714037       1.3750042    -0.025734169              -0               -0       14.094662                  14.094662
             10        7.564524        1.004766       1.4334462     -0.01278502              -0               -0       15.129048                  15.129048
              3       7.6440986      0.95959066       1.4825771     0.015051941              -0               -0       15.288197                  15.288197
              7       6.3705843      0.92226919       1.5935225   -0.0088240547              -0               -0       12.741169                  12.741169
              4       5.7539206      0.98464517        1.495454     0.022304362              -0               -0       11.507841                  11.507841
              1       6.3595279        1.027784       1.4110921     0.050471653              -0               -0       12.719056                  12.719056
              2       6.1516502       1.0393197       1.4007205     0.049377609              -0               -0         12.3033                    12.3033
              4       5.6076335       1.0514674       1.4020857     0.020657169              -0               -0       11.215267                  11.215267
              9       4.7946412      0.97649826       1.5815146     0.021971299              -0               -0       9.5892825                  9.5892825
              3       4.3945188       1.1777224       1.3391493     0.017791128              -0               -0       8.7890376                  8.7890376
              1       3.8457237       1.0684291       1.4919125    0.0076236274              -0               -0       7.6914473                  7.6914473
             27       4.7525567       1.0730255       1.5645866    -0.047795939              -0               -0       9.5051135                  9.5051135
              6         4.89932       1.2183476       1.2812551     0.040681742              -0               -0       9.7986399                  9.7986399
              4       4.7758063       1.2073545       1.3077307    0.0088168384              -0               -0       9.5516126                  9.5516126
              1       6.0834534       1.1899275       1.3924304    -0.055972918              -0               -0       12.166907                  12.166907
              3       6.5206268      0.92251289       1.7911755     -0.07369266              -0               -0       13.041254                  13.041254
              1       6.8230009      0.93912228       1.7886545      -0.0679454              -0               -0       13.646002                  13.646002
              2       5.2611811       1.0623446       1.4984291     0.056246364              -0               -0       10.522362                  10.522362
              9       4.4573974       1.1147721       1.3794986    0.0095262177              -0               -0       8.9147947                  8.9147947
              5       4.6043339       1.0036431       1.5180528   -0.0020273122              -0               -0       9.2086678                  9.2086678
              2        5.339008       1.0248697       1.5064286     -0.04514246              -0               -0       10.678016                  10.678016
              6       4.9164279       1.0980951       1.4223754    -0.031571878              -0               -0       9.8328558                  9.8328558
              1       5.2796783       1.1564582       1.2994596     0.021468106              -0               -0       10.559357                  10.559357
              1       5.3051472       1.0041348       1.4909151   -0.0070795486              -0               -0       10.610294                  10.610294
              3       6.1282496       1.0012147       1.7053338    -0.054934467              -0               -0       12.256499                  12.256499
              5       4.8290427       1.0000119       1.6447755    -0.058397301              -0               -0       9.6580853                  9.6580853
              2       4.8517258       1.0164152       1.6318013    -0.057750895              -0               -0       9.7034516                  9.7034516
             11       5.1338963       1.0083175        1.629729    0.0057502569              -0               -0       10.267793                  10.267793
              2       7.7769495       0.9977692       1.6250164     0.057098199              -0               -0       15.553899                  15.553899
              1       6.7142971      0.99025375       1.6186169     0.049254272              -0               -0       13.428594                  13.428594
              1       7.7334631      0.90779806       1.7544489     0.017829308              -0               -0       15.466926                  15.466926
              2       6.5467284      0.97108006       1.7154357   -0.0072999431              -0               -0       13.093457                  13.093457
              1       5.3964552      0.99120356       1.6783111    -0.017907998              -0               -0        10.79291                   10.79291
              1       5.1330802      0.97981821        1.670976   -0.0091245039              -0               -0        10.26616                   10.26616
              6       5.8147627      0.96583833       1.5377013     0.038596893              -0               -0       11.629525                  11.629525
              1       5.8101668      0.96554489       1.5381754     0.038230315              -0               -0       11.620334                  11.620334
              5       4.0902674       1.0904233       1.4801017     0.021188933              -0               -0       8.1805349                  8.1805349
              3       4.0926126       1.1188933       1.4462469     0.020787877              -0               -0       8.1852252                  8.1852252
              1       4.0092774        1.131388       1.4180495     0.016889665              -0               -0       8.0185548                  8.0185548
              4       3.8607967       1.1002553       1.4578078    0.0072344759              -0               -0       7.7215934                  7.7215934
              1       3.8365825       1.0493346       1.5262949   -0.0078607995              -0               -0       7.6731651                  7.6731651
              2       4.0995713       1.0849869       1.5147141   0.00010136613              -0               -0       8.1991426                  8.1991426
              1       4.3068412       1.1333764       1.4151813     0.036333166              -0               -0       8.6136825                  8.6136825
              5       4.3282209       1.1389118       1.4128976      0.03520344              -0               -0       8.6564417                  8.6564417
              1       4.3726289       1.1466248       1.3981878     0.038328988              -0               -0       8.7452577                  8.7452577
              1        4.824559       1.1498686       1.3972201     0.053074815              -0               -0        9.649118                   9.649118
              7         4.79176       1.1120605       1.4227427      0.05703327              -0               -0         9.58352                    9.58352
              6       4.6447196       1.0324834       1.4811219     0.037635359              -0               -0       9.2894392                  9.2894392
              1       4.2498672       1.0854497       1.4223366     0.030116915              -0               -0       8.4997345                  8.4997345
              4       6.3687901        1.052409       1.4223501     0.086695199              -0               -0        12.73758                   12.73758
              1       6.6622071       1.1881068       1.2498953      0.10329385              -0               -0       13.324414                  13.324414
              3       6.6871874       1.1910035       1.2578905      0.10671556              -0               -0       13.374375                  13.374375
              8       5.9710491       1.1550847       1.3796427      0.08331847              -0               -0       11.942098                  11.942098
              1       5.6624734       1.1478297       1.3967026     0.073971869              -0               -0       11.324947                  11.324947
              1       5.4738195       1.2288223       1.2551905     0.069481942              -0               -0       10.947639                  10.947639
              4        5.342724       1.2175043       1.2891896     0.068632322              -0               -0       10.685448                  10.685448
              4       4.9273811        1.160159       1.3599641     0.062600956              -0               -0       9.8547621                  9.8547621
              1       5.4849709       1.1507499       1.3559724     0.079873536              -0               -0       10.969942                  10.969942
              1       5.5425989       1.1179163       1.3324959     0.067514696              -0               -0       11.085198                  11.085198
             10       4.2094393       1.0481546       1.4697303     0.013740921              -0               -0       8.4188786                  8.4188786
              4       4.6898198       1.0371319       1.5180428     0.040882676              -0               -0       9.3796395                  9.3796395
              1       4.7123763       1.0357903       1.5184101     0.041436201              -0               -0       9.4247526                  9.4247526
              1       6.1961501      0.90655181       1.7259588    0.0055934618              -0               -0         12.3923                    12.3923
              1       6.0969914      0.87957377       1.7302235    -0.040757986              -0               -0       12.193983                  12.193983
              2        5.103595      0.95141899       1.7108929    -0.033303971              -0               -0        10.20719                   10.20719
              3       4.2086131         1.13029        1.447739    -0.019797407              -0               -0       8.4172262                  8.4172262
              1       4.0401552       1.0901228       1.4702853     0.023064327              -0               -0       8.0803103                  8.0803103
              1       4.1293723       1.1376048       1.4271228     0.017580208              -0               -0       8.2587445                  8.2587445
              4       4.5783894       1.1826407       1.3188972     0.038113605              -0               -0       9.1567789                  9.1567789
              8        4.790412       1.2207596       1.2958743     0.028562844              -0               -0       9.5808239                  9.5808239
              1       4.4651917       1.1469022       1.3914903     0.044125021              -0               -0       8.9303834                  8.9303834
              6       4.2702067       1.1225361       1.4042062     0.039895579              -0               -0       8.5404134                  8.5404134
              1       4.6831299       1.1601337       1.3800164    -0.022203832              -0               -0       9.3662598                  9.3662598
              5       5.5029218      0.99226047       1.6621875    -0.076827889              -0               -0       11.005844                  11.005844
              4       5.6434954      0.98585064       1.6758259    -0.079072775              -0               -0       11.286991                  11.286991
              2       7.5981992      0.95409341       1.7899188    -0.085318678              -0               -0       15.196398                  15.196398
              1       7.2947211      0.90810685       1.7743451   -0.0016375192              -0               -0       14.589442                  14.589442
              3       7.2126441      0.91676617        1.768489   -0.0029088986              -0               -0       14.425288                  14.425288
              6       6.2221961      0.93314182       1.6855624     0.022991734              -0               -0       12.444392                  12.444392
              3       6.0151678      0.92902607       1.6297995     0.031704419              -0               -0       12.030336                  12.030336
              2       5.3101586       1.1294261       1.3270828     0.062636476              -0               -0       10.620317                  10.620317
              2       5.8592359       1.0857965        1.409733    -0.038786208              -0               -0       11.718472                  11.718472
              2       5.1850094       1.0854116       1.4093911     -0.02220842              -0               -0       10.370019                  10.370019
              8       6.6714589       1.0794237       1.4185489    -0.055107152              -0               -0       13.342918                  13.342918
              4       6.5958644      0.94059155       1.7159657    -0.094407136              -0               -0       13.191729                  13.191729
              1       4.5900321      0.99760085       1.6361873    -0.051077114              -0               -0       9.1800641                  9.1800641
              2       4.5700977       1.0021451        1.629775    -0.051117584              -0               -0       9.1401955                  9.1401955
              5       4.3888981       1.1654744       1.3713935   -0.0059409347              -0               -0       8.7777962                  8.7777962
              3       4.3544278       1.0675639       1.4539235     0.038687987              -0               -0       8.7088555                  8.7088555
              2        4.554213       1.0959339       1.5294511    -0.035990532              -0               -0       9.1084259                  9.1084259
              2       4.6083319       1.1004818       1.5262661    -0.035792367              -0               -0       9.2166638                  9.2166638
              8       4.6724417       1.1781324       1.4136441    -0.007784561              -0               -0       9.3448833                  9.3448833
              2       4.6463942       1.1724705       1.4221353   -0.0087575321              -0               -0       9.2927885                  9.2927885
              2        7.412156       1.2773962       1.3603061     0.009923944              -0               -0       14.824312                  14.824312
              2       6.4193159       1.2593626       1.3566591    -0.017952953              -0               -0       12.838632                  12.838632
              3       6.7184992       1.2760288       1.3387575    -0.018138279              -0               -0       13.436998                  13.436998
              3       8.1528822       1.2319847       1.4006436     0.054003323              -0               -0       16.305764                  16.305764
              2       8.1283418       1.2217692       1.4163989     0.050050806              -0               -0       16.256684                  16.256684
              2       8.6929744       1.2659606       1.3421361      0.07889488              -0               -0       17.385949                  17.385949
              2       8.2604137       1.1796285       1.4375247     0.073415638              -0               -0       16.520827                  16.520827
              1       5.2675459       1.1815089       1.3237437    -0.017599636              -0               -0       10.535092                  10.535092
              1       4.7993937       1.1593819       1.3710027    -0.022451927              -0               -0       9.5987874                  9.5987874
              9       4.3367193       1.1453056       1.3611816     0.011261615              -0               -0       8.6734385                  8.6734385
              1       4.1468009       1.1314427       1.3851086     0.012123806              -0               -0       8.2936018                  8.2936018
              2         4.44209       1.1896648       1.3535806     0.007874759              -0               -0       8.8841801                  8.8841801
              1       4.3616728        1.180668        1.346412     0.023551105              -0               -0       8.7233457                  8.7233457
              3       4.1631845       1.1456565       1.3761105     0.012219804              -0               -0        8.326369                   8.326369
              1       4.1632651       1.1453389       1.3761951     0.012248172              -0               -0       8.3265302                  8.3265302
              3       4.6853866       1.2120065       1.3244135     0.010584334              -0               -0       9.3707732                  9.3707732
              6       4.3904999      0.97472392       1.6443564    -0.020995746              -0               -0       8.7809998                  8.7809998
              4       4.2559359      0.98991232       1.6268302    -0.021110071              -0               -0       8.5118718                  8.5118718
              2        4.535927       1.0794586       1.4861277    -0.042232723              -0               -0        9.071854                   9.071854
              3       4.5501274       1.0515673       1.5046262    -0.040205423              -0               -0       9.1002548                  9.1002548
              2       4.1153183       1.1443954       1.4182681   -0.0043308654              -0               -0       8.2306366                  8.2306366
              2       4.3776631       1.1651054       1.3974053    -0.011172429              -0               -0       8.7553263                  8.7553263
              6       4.4059177        1.155653        1.434656   -0.0066720368              -0               -0       8.8118354                  8.8118354
              2       4.4336979       1.1417316       1.4487922    -0.024178635              -0               -0       8.8673958                  8.8673958
             13       4.4706492       1.1428141        1.448123    -0.025560322              -0               -0       8.9412984                  8.9412984
              3       5.0457921       1.0163687       1.5566299     0.040077448              -0               -0       10.091584                  10.091584
              1       4.7787998       1.1016853        1.495726     0.028458759              -0               -0       9.5575996                  9.5575996
             19       4.2098286       1.0776026       1.4990762    -0.034590329              -0               -0       8.4196573                  8.4196573
              2       3.8808192       1.0511166       1.5218265     0.004278055              -0               -0       7.7616383                  7.7616383
              2       4.8157436      0.93689395       1.6853129     -0.02682956              -0               -0       9.6314873                  9.6314873
              3       6.1594842      0.89539635       1.6628984   -0.0052522031              -0               -0       12.318968                  12.318968
              1       5.5306955       1.0511866         1.40988     0.053287757              -0               -0       11.061391                  11.061391
              1       6.1604844       1.1195916       1.4326607     0.079708413              -0               -0       12.320969                  12.320969
              2       6.1271244       1.1196244       1.4343778     0.078456957              -0               -0       12.254249                  12.254249
              1       7.3488565       1.3315395       1.1476882     0.099772986              -0               -0       14.697713                  14.697713
              2        6.283985      0.90913151       1.6852085    -0.063894108              -0               -0        12.56797                   12.56797
              3       6.3129297      0.92167785       1.6660694    -0.067162157              -0               -0       12.625859                  12.625859
              5       6.7319371      0.90961843       1.6263108    -0.036172622              -0               -0       13.463874                  13.463874
              3       4.5060619      0.99716161       1.5445854    -0.017148249              -0               -0       9.0121237                  9.0121237
              4       4.6055222      0.96723101       1.6079062    -0.030368597              -0               -0       9.2110443                  9.2110443
              3       4.5469954       1.1008387       1.4605659    -0.038723658              -0               -0       9.0939907                  9.0939907
              5       4.9853053      0.97474945       1.6909208    -0.041509413              -0               -0       9.9706105                  9.9706105
              1       5.3474879      0.94088897       1.7321975    -0.040509924              -0               -0       10.694976                  10.694976
              3       6.5532957      0.93398588       1.7852007    -0.058888266              -0               -0       13.106591                  13.106591
              4       5.1516378      0.95865898       1.6555288    -0.061748759              -0               -0       10.303276                  10.303276
              1       4.2799228       1.1377129       1.4316216     0.024168631              -0               -0       8.5598456                  8.5598456
              8         4.41451       1.1553014       1.4262716     0.015226171              -0               -0       8.8290199                  8.8290199
              7       4.3448901       1.1378139       1.4605747    -0.010136604              -0               -0       8.6897803                  8.6897803
              1       4.6010238       1.1749417       1.3411765     0.047858104              -0               -0       9.2020476                  9.2020476
              1        4.388075       1.0747695       1.4539066     0.042070767              -0               -0       8.7761501                  8.7761501
              1       3.9885875       1.0515106       1.5405099    0.0016019999              -0               -0        7.977175                   7.977175
              7        5.630963      0.95613759       1.6743617     0.012284093              -0               -0       11.261926                  11.261926
              3       4.6043762      0.96707489       1.6436918   -0.0042494298              -0               -0       9.2087523                  9.2087523
              1       7.0703095      0.87280589         1.67575   -0.0078411255              -0               -0       14.140619                  14.140619
              3       6.8161698      0.87929057       1.6706534   -0.0070388206              -0               -0        13.63234                   13.63234
              4        4.858997       1.0335585       1.5713269     0.024040717              -0               -0        9.717994                   9.717994
              4       6.3160524      0.93122228       1.7326752  -0.00092235767              -0               -0       12.632105                  12.632105
              3       4.8145461      0.94645983       1.6777657    -0.014646204              -0               -0       9.6290922                  9.6290922
             10       4.7609435      0.98025077       1.6663719    -0.020545843              -0               -0       9.5218869                  9.5218869
              5        5.268406      0.92558843       1.6953268   -0.0061267047              -0               -0       10.536812                  10.536812
              8       4.9475771      0.94858669       1.6617579   0.00046048864              -0               -0       9.8951542                  9.8951542
              1       5.1444281       1.2477525       1.2666089     0.038608292              -0               -0       10.288856                  10.288856
              4       6.6965199       1.2587012       1.2111326      0.10223676              -0               -0        13.39304                   13.39304
              3       6.7609404       1.1253566       1.2831751     0.081469774              -0               -0       13.521881                  13.521881
              1       6.7077412       1.0957335        1.319364     0.078356829              -0               -0       13.415482                  13.415482
              6       4.9553407       1.0702868       1.4257766    -0.015290031              -0               -0       9.9106813                  9.9106813
              4       5.2288374       1.0724934       1.4070408   -0.0089271745              -0               -0       10.457675                  10.457675
              9       8.4056085       1.1499375       1.2266174     0.014139786              -0               -0       16.811217                  16.811217
              2       6.8895987       1.1898846       1.2963499    -0.041334993              -0               -0       13.779197                  13.779197
              5       4.3457779       1.0725227       1.5436953    -0.038933979              -0               -0       8.6915559                  8.6915559
              3       6.9743018       1.2987541       1.2040763    -0.014406528              -0               -0       13.948604                  13.948604
              1       8.6510462       1.2943774       1.0996859      0.12865325              -0               -0       17.302092                  17.302092
              5       7.9164547       1.2683878       1.2279184      0.12369395              -0               -0       15.832909                  15.832909
              4       5.4135028      0.96116047       1.5776562     0.033245252              -0               -0       10.827006                  10.827006
              1        7.543747       0.9439972       1.5444061     0.068714654              -0               -0       15.087494                  15.087494
             10       7.2349978      0.96420073       1.5128754     0.070241116              -0               -0       14.469996                  14.469996
              2       4.6816594       1.1181807        1.380545     0.055206849              -0               -0       9.3633188                  9.3633188
              7       4.5234606       1.1033188       1.4155536     0.050372707              -0               -0       9.0469211                  9.0469211
              2       4.8257545       1.0613503       1.5094476     0.042903762              -0               -0       9.6515089                  9.6515089
              1       4.4791459       1.1215404       1.4905638    -0.002604701              -0               -0       8.9582917                  8.9582917
              3       4.5839209       1.1276208       1.4868592   -0.0019042726              -0               -0       9.1678418                  9.1678418
              4       4.0968595       1.1209561       1.4634941    0.0041311096              -0               -0       8.1937189                  8.1937189
              1       4.4636469       1.1315067       1.4473622     0.027485136              -0               -0       8.9272938                  8.9272938
              1       4.4377803       1.0624072       1.5294576     0.022334124              -0               -0       8.8755606                  8.8755606
              2       4.5188273       1.0646057       1.5331144     0.021361955              -0               -0       9.0376546                  9.0376546
              3       4.7429791       1.1634955       1.3968437     0.042727142              -0               -0       9.4859581                  9.4859581
              4       4.7372533       1.1610171       1.3991658      0.04307878              -0               -0       9.4745065                  9.4745065
              2       5.6324149      0.98665545       1.4974648      0.02732435              -0               -0        11.26483                   11.26483
              9       5.9904917      0.97454516       1.5095227     0.038372131              -0               -0       11.980983                  11.980983
              5       4.2028994      0.99817593       1.5694258    0.0047993745              -0               -0       8.4057989                  8.4057989
              1       4.2183004        1.052414       1.4862803     0.030286029              -0               -0       8.4366009                  8.4366009
              1       3.9630718       1.1001851       1.4644429     0.015883464              -0               -0       7.9261437                  7.9261437
              1       3.8412103       1.0563608       1.5139574     0.001643554              -0               -0       7.6824207                  7.6824207
              5       5.1777171       1.1280483        1.480709    -0.053942095              -0               -0       10.355434                  10.355434
              3       4.8575849       1.1229222       1.4417223    -0.043942956              -0               -0       9.7151699                  9.7151699
              7        4.663395      0.99487247       1.5983558    -0.050763305              -0               -0       9.3267901                  9.3267901
              1       4.6570336       1.0194456       1.6302368    -0.044680498              -0               -0       9.3140673                  9.3140673
              2       5.2405229      0.99892753       1.6707743    -0.063006937              -0               -0       10.481046                  10.481046
              4        5.402014       1.0850943       1.5796297    -0.048800662              -0               -0       10.804028                  10.804028
              5       4.7895997       1.0746031       1.5689132    -0.014961433              -0               -0       9.5791994                  9.5791994
              8       4.4261132       1.0006096       1.6369717    -0.029760796              -0               -0       8.8522264                  8.8522264
              4       4.0870735       1.1252949       1.4582083    -0.008064682              -0               -0        8.174147                   8.174147
              2         5.62367       1.2642796       1.2404817     0.061863338              -0               -0        11.24734                   11.24734
              3       7.7012406       1.3478733       1.1586109     0.099394111              -0               -0       15.402481                  15.402481
              1       8.2478267       1.3769547       1.1805207     0.076979544              -0               -0       16.495653                  16.495653
              4       8.3925974       1.1738691       1.4763209     0.049273969              -0               -0       16.785195                  16.785195
              3       5.1763923        1.068158       1.4696227     0.061843007              -0               -0       10.352785                  10.352785
              1       4.5269939       1.0601561       1.5795552    -0.030929743              -0               -0       9.0539878                  9.0539878
              3       5.0531551       1.0127105       1.6528614    -0.027148674              -0               -0        10.10631                   10.10631
              2       5.4042697      0.96037652       1.7220734    -0.051456774              -0               -0       10.808539                  10.808539
              3       5.5608523      0.92011371       1.7507835     -0.03627819              -0               -0       11.121705                  11.121705
              6       5.6555246      0.92917004         1.75307    -0.041023408              -0               -0       11.311049                  11.311049
              3        4.603074       1.0656914       1.5764197    -0.028629961              -0               -0        9.206148                   9.206148
              4       4.2572678       1.0490799       1.5773841    -0.021921379              -0               -0       8.5145357                  8.5145357
              8        4.820169      0.99637388       1.6588229    -0.051881729              -0               -0        9.640338                   9.640338
              6        5.340284       1.2112103       1.3902128    -0.017855152              -0               -0       10.680568                  10.680568
              3       6.9924816       1.2312779       1.4230127    -0.016063266              -0               -0       13.984963                  13.984963
              2       4.4447713       1.1056518       1.4669248     0.033292314              -0               -0       8.8895427                  8.8895427
              4       5.2798983       1.0601374       1.4075947    0.0073838931              -0               -0       10.559797                  10.559797
              2       4.5495119       0.9771232       1.5860308     0.010947224              -0               -0       9.0990237                  9.0990237
             11         4.95148       1.0419515       1.4385314     0.020277119              -0               -0       9.9029601                  9.9029601
              1       5.5712728       1.2286289       1.3737028    -0.012725515              -0               -0       11.142546                  11.142546
              1       5.8392251       1.2794173        1.291704     0.019171774              -0               -0        11.67845                   11.67845
              5       6.4062993       1.3200775       1.2234219     0.012374093              -0               -0       12.812599                  12.812599
              2       6.6635246         1.23178       1.3808615    -0.050008073              -0               -0       13.327049                  13.327049
             12       4.0462613       1.1237929        1.399767     0.015743215              -0               -0       8.0925225                  8.0925225
              3       6.0592543        1.265302       1.3343585    0.0063399985              -0               -0       12.118509                  12.118509
              2       5.5289821       1.2613749       1.3065169     0.023103611              -0               -0       11.057964                  11.057964
              9       4.9287573       1.1955511       1.3936087     0.015319784              -0               -0       9.8575146                  9.8575146
              5       4.0964804        1.121974       1.4088807     0.029524098              -0               -0       8.1929608                  8.1929608
              4       3.8454319       1.0647379        1.492586    0.0069198182              -0               -0       7.6908637                  7.6908637
              3       4.7186824       1.0677823       1.4215236     0.042786588              -0               -0       9.4373648                  9.4373648
              1       5.3729531       1.2403172       1.2560634     0.011127729              -0               -0       10.745906                  10.745906
              2       5.3201456        1.190432       1.2694735     0.060333503              -0               -0       10.640291                  10.640291
              1       5.3202321       1.1904385       1.2694649     0.060335369              -0               -0       10.640464                  10.640464
              1       4.5334737       1.1667881       1.3397931    0.0060596422              -0               -0       9.0669475                  9.0669475
              1       4.0277737        1.103327       1.4846379    0.0015795346              -0               -0       8.0555475                  8.0555475
              5       4.2775385       1.1374384       1.4525387    0.0042478188              -0               -0       8.5550769                  8.5550769
             11       4.3607884       1.1599768        1.410081     0.019863892              -0               -0       8.7215767                  8.7215767
             13       4.2583421       1.1430311        1.432165     0.016576712              -0               -0       8.5166842                  8.5166842
              2       4.1505217       1.1335017       1.4300766     0.021448683              -0               -0       8.3010435                  8.3010435
              1       4.1467565        1.135118       1.4287281     0.020486831              -0               -0        8.293513                   8.293513
              2       3.8506509       1.0865974       1.4809249    0.0053368783              -0               -0       7.7013017                  7.7013017
              9       4.6952943       1.1009678       1.5086161    -0.047323901              -0               -0       9.3905887                  9.3905887
              1       4.9883012        1.067454        1.475399    -0.045668977              -0               -0       9.9766024                  9.9766024
              3       4.7752007       1.0697224       1.4675056    -0.037777299              -0               -0       9.5504013                  9.5504013
              1       4.7426665       1.0408759       1.4593006   -0.0042750363              -0               -0        9.485333                   9.485333
              3       8.1238823       1.1184342       1.2785381   -0.0038675501              -0               -0       16.247765                  16.247765
              1       8.6907894       1.1281703       1.2563753   -0.0033960274              -0               -0       17.381579                  17.381579
             10        8.508334       1.3422484       1.2779546    -0.028604288              -0               -0       17.016668                  17.016668
              6         8.10265       1.3048601       1.3019913    -0.048282395              -0               -0         16.2053                    16.2053
              1       6.9973906       1.2935237       1.3141943    -0.021074202              -0               -0       13.994781                  13.994781
              1       8.3194941       1.3534656       1.2587273    -0.015572414              -0               -0       16.638988                  16.638988
              2       9.2462655       1.3340597       1.3247572   0.00054726526              -0               -0       18.492531                  18.492531
              1       9.5664697       0.9698619       1.8092179      -0.1002864              -0               -0       19.132939                  19.132939
              3        6.907399       1.0806731       1.6282422    -0.049697151              -0               -0       13.814798                  13.814798
              5       6.8378976       1.0800521       1.6275252    -0.052790553              -0               -0       13.675795                  13.675795
              1       3.9287304       1.0347726       1.5604769    -0.014261975              -0               -0       7.8574607                  7.8574607
              2       4.6353335      0.98448976       1.6583653    -0.022439524              -0               -0       9.2706669                  9.2706669
              1       5.1605748      0.92882418       1.7206398     -0.04933013              -0               -0        10.32115                   10.32115
              3       5.1739762      0.93037851       1.7209544    -0.051056438              -0               -0       10.347952                  10.347952
              1       5.0368993      0.92362853       1.6826828    -0.018427831              -0               -0       10.073799                  10.073799
              2       4.8671671       1.0181729       1.5078618    -0.027684129              -0               -0       9.7343342                  9.7343342
              3       4.5772984       1.0495501       1.4610741     -0.01091403              -0               -0       9.1545968                  9.1545968
              2       5.2204946       1.1071385       1.5469139     -0.03123741              -0               -0       10.440989                  10.440989
              4       6.3156551       1.0768742       1.5576755     0.034892451              -0               -0        12.63131                   12.63131
              2       6.3042604       1.0778041       1.5554797      0.03563496              -0               -0       12.608521                  12.608521
              1       4.9702298       1.0529267       1.5636154     0.020679727              -0               -0       9.9404596                  9.9404596
              1       5.9152909       1.0781851       1.5267653     0.048013789              -0               -0       11.830582                  11.830582
              1       5.8052801       1.0507878       1.5364356      0.05391188              -0               -0        11.61056                   11.61056
              8       5.6691466       1.2215388       1.2488334     0.076706253              -0               -0       11.338293                  11.338293
              8       4.7728016       1.1246467        1.347133     0.028300515              -0               -0       9.5456031                  9.5456031
              3       5.0842254       1.1369134        1.323345     0.051701032              -0               -0       10.168451                  10.168451
              1       4.8688815       1.1181415       1.3549359     0.050759014              -0               -0        9.737763                   9.737763
              2       4.2524996       1.0780378       1.4344731    0.0001810947              -0               -0       8.5049993                  8.5049993
              9       4.5840458       1.0688246         1.47297    -0.034784204              -0               -0       9.1680917                  9.1680917
              7       4.7737193      0.98974087       1.5308337     0.012444377              -0               -0       9.5474387                  9.5474387
              6        4.166509       1.0787574       1.4345611    0.0073361287              -0               -0        8.333018                   8.333018
              2       4.2101217       1.0553273       1.4611553    0.0056969171              -0               -0       8.4202435                  8.4202435
              4       5.7614314      0.97801204       1.5263386    -0.021268019              -0               -0       11.522863                  11.522863
              1       6.1935875      0.95987801       1.5288049    -0.003020981              -0               -0       12.387175                  12.387175
              4       5.2661445      0.92651377        1.638819   -0.0056789187              -0               -0       10.532289                  10.532289
              1       5.2854246        0.933328       1.6854788   0.00032432017              -0               -0       10.570849                  10.570849
              2       5.0526783      0.93656584       1.6953466    -0.014075218              -0               -0       10.105357                  10.105357
              3       4.7009698       1.0091431       1.5082475     0.028102867              -0               -0       9.4019395                  9.4019395
              3       5.8918611       1.0357761       1.4316075   -0.0098279517              -0               -0       11.783722                  11.783722
              1       6.7667608       1.1392519       1.4586443    -0.081967036              -0               -0       13.533522                  13.533522
              5       6.0287317       1.1560574       1.4455455    -0.065540227              -0               -0       12.057463                  12.057463
              1       7.9872987       1.1737642       1.4596694    -0.092240793              -0               -0       15.974597                  15.974597
              1       7.7830751       1.1587399       1.5028892    -0.088358336              -0               -0        15.56615                   15.56615
              1        8.314573        1.294027       1.3345935    -0.052526195              -0               -0       16.629146                  16.629146
              1       5.6753721       1.1463141       1.5078786    -0.026506092              -0               -0       11.350744                  11.350744
              2       4.5188933       1.1679737       1.4212858   0.00065683633              -0               -0       9.0377866                  9.0377866
              1       4.6253253       1.1448169       1.3862944     0.052043429              -0               -0       9.2506505                  9.2506505
              1       5.8020804      0.92746732       1.6058542    -0.010420835              -0               -0       11.604161                  11.604161
              8       6.4547064       1.0179966       1.4358091   -0.0047946045              -0               -0       12.909413                  12.909413
              1       8.3417357      0.97306339       1.4413345     0.053483468              -0               -0       16.683471                  16.683471
              4       6.4647834        1.163919       1.2847369      0.10094728              -0               -0       12.929567                  12.929567
              3       7.0215752       1.1621954       1.2727046      0.11092475              -0               -0        14.04315                   14.04315
              1       5.5251242       1.1164883          1.3343     0.066742247              -0               -0       11.050248                  11.050248
              3       5.4060115        1.188164        1.266193      0.06082998              -0               -0       10.812023                  10.812023
              4       4.2248878       1.1196413       1.3982221     0.036561594              -0               -0       8.4497756                  8.4497756
              4       5.9033763       1.2730305       1.1993573     0.063667542              -0               -0       11.806753                  11.806753
              1       4.7465866       1.1331911       1.4817955    0.0052315924              -0               -0       9.4931732                  9.4931732
              1       4.5127687       1.1118398       1.4973871    -0.036342201              -0               -0       9.0255374                  9.0255374
              2       4.3468357      0.97651177       1.6032485    -0.022439472              -0               -0       8.6936713                  8.6936713
              7       4.1295963       1.0195179        1.566378    -0.032528127              -0               -0       8.2591926                  8.2591926
              7       4.2089791      0.99533644       1.5844045    0.0022443857              -0               -0       8.4179581                  8.4179581
              3       4.2417513       1.1126211       1.3902039     0.020849227              -0               -0       8.4835026                  8.4835026
              1       4.1829063       1.0881333         1.43035   -0.0025876531              -0               -0       8.3658126                  8.3658126
              1        4.722618           1.004       1.5094566     0.002929363              -0               -0        9.445236                   9.445236
              1       5.8253493      0.92700785       1.7402973    -0.016927772              -0               -0       11.650699                  11.650699
              1       5.3232966       1.1683434       1.4601708    -0.029414543              -0               -0       10.646593                  10.646593
              1       5.6592094        1.194864       1.4352447   -0.0096967835              -0               -0       11.318419                  11.318419
              1       4.9846288         1.23267       1.2810349     0.040779906              -0               -0       9.9692575                  9.9692575
             10       8.2872901       1.1038747       1.2877042      0.11306957              -0               -0        16.57458                   16.57458
              4       7.6539487       1.1458124       1.2436176      0.10101505              -0               -0       15.307897                  15.307897
              4       7.9268226       1.3127391       1.0941305       0.1029327              -0               -0       15.853645                  15.853645
              7       7.4987267       1.2875889       1.1191736     0.092935254              -0               -0       14.997453                  14.997453
              1       5.5321266       1.0073714       1.5324641    -0.051394455              -0               -0       11.064253                  11.064253
              1       6.3211779      0.96943266       1.5410962    -0.038783731              -0               -0       12.642356                  12.642356
              2       6.2769235      0.97177839       1.5385529    -0.038520889              -0               -0       12.553847                  12.553847
              4         5.80897      0.97288174       1.5274394    -0.014953788              -0               -0        11.61794                   11.61794
              4       4.6096441       1.0438311        1.470001    -0.014192265              -0               -0       9.2192883                  9.2192883
              3       5.1295589       1.1093625       1.3849435    -0.019739839              -0               -0       10.259118                  10.259118
              4       5.1331525       1.1113616       1.3816857    -0.018770288              -0               -0       10.266305                  10.266305
              6       6.0502381       1.0757541       1.5086089    -0.078002581              -0               -0       12.100476                  12.100476
              3       6.8770624       1.1616316        1.466888    -0.078196257              -0               -0       13.754125                  13.754125
              1       7.6552962       1.1684234       1.4820616    -0.085964435              -0               -0       15.310592                  15.310592
              1       7.5106826       1.1959788       1.4288673    -0.079183805              -0               -0       15.021365                  15.021365
              1       9.7531442       1.2442365        1.401634     -0.09497851              -0               -0       19.506288                  19.506288
              2       8.7914216        1.321205       1.3175315    -0.042195331              -0               -0       17.582843                  17.582843
              3       6.5364452       1.2607947       1.3559942    -0.022988635              -0               -0        13.07289                   13.07289
              2       5.6273931       1.2407501       1.2987222      -0.0182599              -0               -0       11.254786                  11.254786
              3       6.6330371       1.3147169       1.2192642    -0.004238231              -0               -0       13.266074                  13.266074
              1       7.2620474       1.3282206       1.2064821    -0.015480398              -0               -0       14.524095                  14.524095
              3       7.6584912       1.3306598       1.2510895    -0.025972266              -0               -0       15.316982                  15.316982
              1       7.2083682       1.3183905       1.2749716     -0.01566303              -0               -0       14.416736                  14.416736
              6       8.7944422        1.439558       1.0536968     0.049901938              -0               -0       17.588884                  17.588884
              1       4.4098495       1.1206916       1.4795046    -0.030527482              -0               -0        8.819699                   8.819699
              5       4.6833143       1.1921526       1.3152405     0.010135759              -0               -0       9.3666286                  9.3666286
              5       5.2483034       1.1586375       1.3782336    -0.037418311              -0               -0       10.496607                  10.496607
              1       4.7474904       1.1333154       1.3461957     0.049363492              -0               -0       9.4949807                  9.4949807
              2       5.0306953        1.187973       1.2927719     0.058954543              -0               -0       10.061391                  10.061391
              2       7.9458062       1.2895402       1.0977575     0.085382287              -0               -0       15.891612                  15.891612
              2       7.2602357       1.2468589       1.3611541     -0.05781763              -0               -0       14.520471                  14.520471
              7       7.2590387       1.2378333       1.4201083    -0.026965726              -0               -0       14.518077                  14.518077
             10       7.3379929       1.2331096        1.429018    -0.029884241              -0               -0       14.675986                  14.675986
              3       6.1496784       1.2015031       1.4403826    -0.030138932              -0               -0       12.299357                  12.299357
              3       5.2468803      0.97919663       1.6950501    -0.033222306              -0               -0       10.493761                  10.493761
              1       5.4351179       1.2457358       1.2792493     0.058954848              -0               -0       10.870236                  10.870236
              3        6.693157       1.1799758       1.3258761      0.10435664              -0               -0       13.386314                  13.386314
              2       6.2990977       1.0081681       1.4399472     0.037462289              -0               -0       12.598195                  12.598195
              2       5.8178314       1.0081853       1.4553786     0.024166352              -0               -0       11.635663                  11.635663
              7       6.4858774      0.97281698       1.4905416     0.026062466              -0               -0       12.971755                  12.971755
              1        6.077135      0.89252299       1.6808418   -0.0018947234              -0               -0        12.15427                   12.15427
              1       6.6644956      0.93008362       1.6855208    -0.086335902              -0               -0       13.328991                  13.328991
              2       6.4958708      0.96131353       1.6335569    -0.083882703              -0               -0       12.991742                  12.991742
              1       6.2027246        1.224823       1.4071039   -0.0023893207              -0               -0       12.405449                  12.405449
              4       9.4347549       1.3213022       1.1001331     -0.01119763              -0               -0        18.86951                   18.86951
              1       9.3990051       1.3216218       1.0999332    -0.010448546              -0               -0        18.79801                   18.79801
              3       8.2627376       1.0399663       1.3651422   -0.0032806873              -0               -0       16.525475                  16.525475
              2       7.0134399       1.1291722       1.4098391    -0.074636378              -0               -0        14.02688                   14.02688
              6       6.2100021       1.0342741       1.4977172    -0.063249166              -0               -0       12.420004                  12.420004
              3       5.7131773        1.081469       1.4578647    -0.058398465              -0               -0       11.426355                  11.426355
              5       5.7773735      0.94294886       1.6361884     0.030894551              -0               -0       11.554747                  11.554747
              4       6.2283261       0.9293496        1.636902     0.036655825              -0               -0       12.456652                  12.456652
              1       4.5858999        1.184228       1.3797925    -0.010894175              -0               -0       9.1717998                  9.1717998
              6        4.736528       1.1880694       1.3967974    -0.010244828              -0               -0       9.4730561                  9.4730561
              8       4.8284454       1.1375868       1.4879561    -0.013693035              -0               -0       9.6568909                  9.6568909
              3       3.9364596       1.0268029       1.5490734   -0.0010480396              -0               -0       7.8729192                  7.8729192
              2       4.1644825       1.0062642       1.5804415    0.0034047948              -0               -0        8.328965                   8.328965
              1       3.9440199       1.0335627       1.5279521    0.0056410656              -0               -0       7.8880398                  7.8880398
              3       4.0014224       1.0127414       1.5638446    -0.015745917              -0               -0       8.0028448                  8.0028448
              6       4.4631672        0.976403       1.6540103    -0.026231659              -0               -0       8.9263343                  8.9263343
              1       4.4662547      0.98897623       1.6425316    -0.018335559              -0               -0       8.9325094                  8.9325094
              1        4.757825       1.1352248       1.3377233     0.038196113              -0               -0       9.5156501                  9.5156501
              3       5.0284735       1.1584681       1.3050256      0.04889765              -0               -0       10.056947                  10.056947
              1       4.8771183       1.1279516       1.4815948    -0.044734015              -0               -0       9.7542365                  9.7542365
             14       5.2065795       1.1547584         1.47878    -0.022951803              -0               -0       10.413159                  10.413159
              2       4.6911955       1.2020562       1.3539375   -0.0034709892              -0               -0       9.3823909                  9.3823909
              3       5.1810428       1.2508212        1.295905     0.023912998              -0               -0       10.362086                  10.362086
              1       4.2465463       1.1520272       1.4141437    -0.010587109              -0               -0       8.4930926                  8.4930926
              6       4.1964283       1.1489511       1.4143417   -0.0088848171              -0               -0       8.3928566                  8.3928566
              2       3.8989833       1.0351582       1.5339769   0.00060795379              -0               -0       7.7979666                  7.7979666
              7       4.6410707       1.0164009       1.6261947    -0.015200049              -0               -0       9.2821414                  9.2821414
              2       5.1722077       1.1744133        1.435254     0.015254234              -0               -0       10.344415                  10.344415
              2       5.0110773       1.1834054       1.4245195  -0.00076877016              -0               -0       10.022155                  10.022155
              1        5.481592       1.2539023       1.2816383   -0.0034193817              -0               -0       10.963184                  10.963184
              2       6.0345635       1.2244152       1.3487669     -0.04167978              -0               -0       12.069127                  12.069127
              4       6.2447934        1.258422       1.3213531    -0.030220871              -0               -0       12.489587                  12.489587
              2       5.5153032       1.1919524       1.3639297    -0.039338026              -0               -0       11.030606                  11.030606
              3       4.3033142        1.079896       1.4969977    -0.037767462              -0               -0       8.6066285                  8.6066285
              3        5.771386       1.0834343       1.5864857    -0.013864638              -0               -0       11.542772                  11.542772
              2       5.6576746       0.9610927       1.7115638    -0.017163099              -0               -0       11.315349                  11.315349
              1       3.9371653       1.0865632       1.4741722     0.016783835              -0               -0       7.8743306                  7.8743306
              2       3.8149381       1.0695118       1.4952487   -0.0050233149              -0               -0       7.6298762                  7.6298762
              2       3.9850525       1.1262235       1.4326487   -0.0038610834              -0               -0        7.970105                   7.970105
              2       4.6300018       1.0974313        1.529137    -0.039097828              -0               -0       9.2600037                  9.2600037
              1       5.3320635       1.2011537       1.4118279   -0.0096800554              -0               -0       10.664127                  10.664127
              2        6.442234       1.2850573       1.2403275    -0.015361434              -0               -0       12.884468                  12.884468
              1       6.3385114        1.321934       1.1737205     0.043411539              -0               -0       12.677023                  12.677023
              1       6.2281441       1.1302669       1.5247418     0.009455665              -0               -0       12.456288                  12.456288
              5       5.0752789       1.2382508       1.3142914     0.028085412              -0               -0       10.150558                  10.150558
              1       4.7459049       1.1650066       1.4368504    -0.020798751              -0               -0       9.4918099                  9.4918099
              5        4.536012        1.126736       1.4046979    -0.022429049              -0               -0       9.0720239                  9.0720239
              4       5.4687689       1.1343863       1.3243525      0.07223765              -0               -0       10.937538                  10.937538
              3       5.7623352       1.0353892       1.4589701     0.070579936              -0               -0        11.52467                   11.52467
              1       4.1833038      0.99417401       1.5790284    -0.019095556              -0               -0       8.3666076                  8.3666076
              3       4.1528002       1.0105923       1.5489684      -0.0180467              -0               -0       8.3056004                  8.3056004
              6       4.4230822      0.97808362       1.5941638    -0.025087196              -0               -0       8.8461645                  8.8461645
              6       4.3775477       1.0664008       1.5213272     0.022956179              -0               -0       8.7550954                  8.7550954
              1       4.9177221       1.0770145       1.4694975     0.054883979              -0               -0       9.8354441                  9.8354441
              3       5.3458576      0.99472442       1.5617234     0.045580644              -0               -0       10.691715                  10.691715
              4       5.7051515       1.1924718       1.2933077     0.084940332              -0               -0       11.410303                  11.410303
              1        5.734054       1.1664362       1.3201425     0.087103972              -0               -0       11.468108                  11.468108
              4       5.8016608       1.0986872       1.3374025     0.026055373              -0               -0       11.603322                  11.603322
              4       5.0744035       1.1081324       1.3602638    0.0082947137              -0               -0       10.148807                  10.148807
              3       5.2616141       1.0832221       1.3794306     0.010053576              -0               -0       10.523228                  10.523228
              2       5.5861233        1.092136       1.3694901     0.071660269              -0               -0       11.172247                  11.172247
              1       6.0246814      0.94622103       1.5842705     0.041057906              -0               -0       12.049363                  12.049363
              3       5.8091293      0.98009655       1.5468145      0.05352922              -0               -0       11.618259                  11.618259
              2       5.1331258       1.0036782       1.5136067     0.044237194              -0               -0       10.266252                  10.266252
              3       4.7345843      0.99757974       1.5477029     0.030781729              -0               -0       9.4691686                  9.4691686
              2       4.8315351      0.99212925        1.524244     0.017354858              -0               -0       9.6630703                  9.6630703
              2       7.3997835       1.2750853       1.3671863    -0.017756172              -0               -0       14.799567                  14.799567
              1       7.3535233       1.2039689       1.4641955     -0.05331542              -0               -0       14.707047                  14.707047
              1       7.2829648       1.2201409       1.4329556    -0.054304083              -0               -0        14.56593                   14.56593
              1       4.4785996       1.1456515       1.4497228    -0.022157771              -0               -0       8.9571992                  8.9571992
              3       4.4534534       1.1188636       1.4886622    -0.030428335              -0               -0       8.9069068                  8.9069068
              5        4.761834       1.1787326       1.4022728    -0.021966581              -0               -0       9.5236679                  9.5236679
              1       4.2372718       1.1285941        1.462122    -0.018432976              -0               -0       8.4745437                  8.4745437
              1       3.9125575       1.0449848       1.5495631    -0.011818144              -0               -0       7.8251151                  7.8251151
              1       4.0139802       1.0282356       1.5737933    -0.025942667              -0               -0       8.0279603                  8.0279603
              3       3.9410573       1.0362316       1.5366372    -0.019652898              -0               -0       7.8821145                  7.8821145
              2       3.9058358        1.042204        1.528048    -0.016792644              -0               -0       7.8116716                  7.8116716
              2       4.3240111         1.03553       1.5034643    -0.021124875              -0               -0       8.6480223                  8.6480223
              4       5.3689788      0.98670738       1.5069943     0.016403689              -0               -0       10.737958                  10.737958
              1       4.3342022       1.0267185       1.4978102     0.020406653              -0               -0       8.6684044                  8.6684044
              2       5.6596818       1.1381372       1.3923241    -0.047989728              -0               -0       11.319364                  11.319364
              1       4.9326613      0.99726261       1.5232729    -0.016953261              -0               -0       9.8653226                  9.8653226
              6        5.833722       1.1315964       1.4487231     0.060994809              -0               -0       11.667444                  11.667444
              4       4.6747175      0.94983765       1.6308425    -0.011958506              -0               -0        9.349435                   9.349435
              3       4.2480395       1.1429442       1.3708927     0.032481899              -0               -0        8.496079                   8.496079
              3       4.1358885       1.0766732        1.533161    -0.025648806              -0               -0       8.2717771                  8.2717771
              1       5.0042296       1.1981385       1.3995723       0.0012871              -0               -0       10.008459                  10.008459
              1       4.8057711       1.1820579       1.3817979     0.038486111              -0               -0       9.6115422                  9.6115422
              4       4.8561753       1.2179813       1.2917058     0.042185043              -0               -0       9.7123505                  9.7123505
              1       4.7731144        1.044959       1.5027583     0.046340339              -0               -0       9.5462289                  9.5462289
              5        5.591654       1.0402188       1.4400962     0.064068516              -0               -0       11.183308                  11.183308
              1       5.6740498       1.0850217       1.3710108     0.069772555              -0               -0         11.3481                    11.3481
              1       5.9458638       1.0747915       1.5048356    -0.075364907              -0               -0       11.891728                  11.891728
              1       5.8631621       1.1396492       1.4782016     -0.06595254              -0               -0       11.726324                  11.726324
              1       4.7899168       1.0322496       1.4701241     0.038966298              -0               -0       9.5798335                  9.5798335
              2        5.701384       1.1691069        1.321279     0.086163794              -0               -0       11.402768                  11.402768
              6       5.3484137       1.1311449       1.3585788     0.076635675              -0               -0       10.696827                  10.696827
              1       5.1282668       1.0934473       1.3866247     0.063728966              -0               -0       10.256534                  10.256534
              2       4.7443964        1.092106       1.4021257     0.053611763              -0               -0       9.4887927                  9.4887927
              2       8.1525198       1.4011185       1.0690886     0.082483544              -0               -0        16.30504                   16.30504
              1       8.6190445       1.4096733       1.0417329     0.047868424              -0               -0       17.238089                  17.238089
              1       8.2051148       1.3610729       1.0535569     0.074194757              -0               -0        16.41023                   16.41023
              2        6.752671       1.3061339       1.1367134     0.056695349              -0               -0       13.505342                  13.505342
              5        6.599932       1.3304603       1.1974673     0.058788741              -0               -0       13.199864                  13.199864
              1       7.0977612       1.1094564       1.5899223     -0.02579422              -0               -0       14.195522                  14.195522
              2       6.0251979       1.0012218       1.5175746      0.06649182              -0               -0       12.050396                  12.050396
              7        6.965033      0.92871315       1.6224306     0.053097556              -0               -0       13.930066                  13.930066
              2       6.9891136      0.92838545       1.6221129     0.053455849              -0               -0       13.978227                  13.978227
              5       7.1527212        0.900297       1.6545123     0.040588234              -0               -0       14.305442                  14.305442
              1       5.5109688       1.1873796       1.2583329     0.053650292              -0               -0       11.021938                  11.021938
              3       4.9484798       1.2235211       1.3422158     0.003650253              -0               -0       9.8969595                  9.8969595
              5       4.7630748       1.2119658       1.3520715    0.0093738471              -0               -0       9.5261496                  9.5261496
              1       4.6900607       1.1882301       1.3585355    -0.012378543              -0               -0       9.3801214                  9.3801214
              4       4.6646463       1.1867522       1.3593643    -0.011842548              -0               -0       9.3292926                  9.3292926
              5       5.8778095       1.2030525       1.3056099    -0.028690399              -0               -0       11.755619                  11.755619
              3       6.1159289       1.2187706        1.305222    -0.035319963              -0               -0       12.231858                  12.231858
              1       7.7734864       1.2608865       1.1596013    0.0042660538              -0               -0       15.546973                  15.546973
              1       7.2213327       1.1228635       1.3649092    -0.056775652              -0               -0       14.442665                  14.442665
              4       7.5255754       1.0429655       1.6738785    -0.022885064              -0               -0       15.051151                  15.051151
              8       7.0012001       1.0600789       1.6392279    -0.014081706              -0               -0         14.0024                    14.0024
              1        9.071983      0.95702142        1.752714     0.010180429              -0               -0       18.143966                  18.143966
              3       7.1524602         1.06332       1.4792452     0.093093901              -0               -0        14.30492                   14.30492
              1       6.6792136       1.0588634       1.4949117     0.082108277              -0               -0       13.358427                  13.358427
              1       6.9002363       1.0483104       1.5144269     0.080590204              -0               -0       13.800473                  13.800473
              7        6.383481      0.98813317       1.5699453      0.06304147              -0               -0       12.766962                  12.766962
              4       6.5490368       1.2471702       1.3261281     0.066738045              -0               -0       13.098074                  13.098074
              7       6.4274512       1.2552384       1.3125094     0.065513311              -0               -0       12.854902                  12.854902
              2       6.0929383      0.89237233       1.7489985   -0.0096149736              -0               -0       12.185877                  12.185877
              1       10.076359       1.0425362       1.3555234       0.1347934              -0               -0       20.152718                  20.152718
              2       9.5433757       1.0690377       1.2839123     0.096330024              -0               -0       19.086751                  19.086751
              1       8.9554638       1.0711855       1.2911576      0.08736282              -0               -0       17.910928                  17.910928
              2       9.2551907       1.0560135       1.3031668      0.08361143              -0               -0       18.510381                  18.510381
              1       9.2148141       1.1054187       1.2776846    -0.012050913              -0               -0       18.429628                  18.429628
              5       6.1587637       1.1089473       1.3691489    -0.033079958              -0               -0       12.317527                  12.317527
              1       5.0065124       1.0255228       1.5136748     0.049232678              -0               -0       10.013025                  10.013025
              1       5.9599636       1.0888057       1.3871953     0.085748417              -0               -0       11.919927                  11.919927
              6       5.9786517        1.224809       1.2880138     0.084857364              -0               -0       11.957303                  11.957303
              2       5.8494096       1.2690652       1.2703059     0.059448174              -0               -0       11.698819                  11.698819
              1       6.9032749       1.2977348       1.2418932     0.081927497              -0               -0        13.80655                   13.80655
              3       6.7251395       1.2330473       1.2845492     0.098991545              -0               -0       13.450279                  13.450279
              2        4.513904       1.1221418        1.493587   -0.0072968879              -0               -0       9.0278079                  9.0278079
              8       4.4431495        1.001885       1.5344942   -0.0097830213              -0               -0       8.8862989                  8.8862989
              1       4.3289172       1.0136862       1.5344684     -0.02159659              -0               -0       8.6578345                  8.6578345
              5        9.736876      0.78264494        1.938688    -0.068543556              -0               -0       19.473752                  19.473752
              2       4.5887732       0.9704468        1.595917    0.0078441777              -0               -0       9.1775465                  9.1775465
              1       4.5224571        1.067521       1.5169087    -0.047392705              -0               -0       9.0449143                  9.0449143
              2       4.9707651       1.1163246       1.4426057    -0.046502563              -0               -0       9.9415303                  9.9415303
              4       5.8064809       1.2425816       1.2303011     0.076706093              -0               -0       11.612962                  11.612962
              1       5.9340783       1.2445572       1.2134297     0.075348963              -0               -0       11.868157                  11.868157
              3       5.6325859       1.0669729       1.5525237    -0.076106114              -0               -0       11.265172                  11.265172
              4       5.4818883       1.0498473       1.5595864    -0.074228939              -0               -0       10.963777                  10.963777
              4       7.6686087      0.99800106       1.4212161     0.020654533              -0               -0       15.337217                  15.337217
              2         6.10372        1.120832       1.3381474    -0.016685412              -0               -0        12.20744                   12.20744
              1        3.891834       1.1048584       1.4611205    0.0061478759              -0               -0       7.7836681                  7.7836681
              2       3.8520151       1.0710076       1.5114825   -0.0070508892              -0               -0       7.7040301                  7.7040301
              3       4.3736874       1.0081446       1.5338937      0.01935005              -0               -0       8.7473748                  8.7473748
              1       4.7802911        1.200043       1.3237802   -0.0017875355              -0               -0       9.5605821                  9.5605821
              1       4.4429984       1.1635509       1.3402649     0.015099685              -0               -0       8.8859967                  8.8859967
              1       4.5813683       1.1830798       1.3162225     0.024188808              -0               -0       9.1627366                  9.1627366
              1       4.5542428       1.0902496       1.5198476     0.012343001              -0               -0       9.1084855                  9.1084855
              1       4.5595359       1.0172228       1.6108886   -0.0033143804              -0               -0       9.1190719                  9.1190719
              6       4.6515747       1.0104889       1.6014489     0.010870677              -0               -0       9.3031494                  9.3031494
              1       4.6846076       1.0660042       1.5160542     0.034800745              -0               -0       9.3692151                  9.3692151
              2       4.6161976       1.1765397       1.3745388    -0.016099854              -0               -0       9.2323953                  9.2323953
              3       4.5979588       1.1406104       1.4529258    -0.032291883              -0               -0       9.1959176                  9.1959176
              2       4.1052754       1.0054523       1.5974443    -0.027681518              -0               -0       8.2105507                  8.2105507
             10       5.4870705      0.97284478       1.6467701    -0.073727757              -0               -0       10.974141                  10.974141
              7       5.0880674       1.1255445       1.3658955    -0.014903033              -0               -0       10.176135                  10.176135
              4       4.3936433       1.1841458       1.3692659     0.014953856              -0               -0       8.7872866                  8.7872866
              2       4.2317243       1.1301529       1.4525796     0.013283092              -0               -0       8.4634485                  8.4634485
              2       3.8252105       1.0587764       1.5052763   -0.0058034375              -0               -0        7.650421                   7.650421
              9       3.8208572        1.069235       1.4940066    -0.006129365              -0               -0       7.6417144                  7.6417144
              5       3.8212206       1.0701917       1.4923521   -0.0058651244              -0               -0       7.6424412                  7.6424412
              1       4.9403095       1.0614321       1.4162526     0.010956016              -0               -0        9.880619                   9.880619
              4       5.2024068       1.0771828       1.4066006    -0.012837919              -0               -0       10.404814                  10.404814
              2        7.927517       1.0883049        1.349127    -0.036483466              -0               -0       15.855034                  15.855034
              1       6.5188546       1.0174153       1.4283079    0.0056185592              -0               -0       13.037709                  13.037709
              2       5.4895502      0.94796186       1.6131124    -0.044403997              -0               -0         10.9791                    10.9791
              3       5.2732304      0.92612459       1.6788587     -0.04842229              -0               -0       10.546461                  10.546461
              8       5.9774881      0.92800102       1.6527434    -0.059030773              -0               -0       11.954976                  11.954976
              3       4.9582785      0.94285265       1.6202146    -0.013770008              -0               -0       9.9165569                  9.9165569
              1       7.2236291       1.1196139       1.2798597     0.089622699              -0               -0       14.447258                  14.447258
              1       8.0453914       1.1350098       1.3307082      0.12977111              -0               -0       16.090783                  16.090783
             11       8.1408333       1.1290619       1.3357778      0.13063164              -0               -0       16.281667                  16.281667
              6       8.5462816        1.238015       1.2063574      0.14308617              -0               -0       17.092563                  17.092563
              9        7.313321       1.1785925       1.4345896     0.062413189              -0               -0       14.626642                  14.626642
              7       7.3432667       1.1793934       1.4342744     0.062468832              -0               -0       14.686533                  14.686533
              1       4.5633927        1.002457       1.5338758    -0.018143055              -0               -0       9.1267854                  9.1267854
              2       4.4852393       1.0240721       1.5208396    -0.029204635              -0               -0       8.9704786                  8.9704786
              1       4.7712715       1.0278277       1.5011367     -0.02903437              -0               -0        9.542543                   9.542543
              1       4.9713958      0.99172985       1.5329937    -0.020006732              -0               -0       9.9427916                  9.9427916
              1       4.5715089       1.1227686       1.3982848      0.05263258              -0               -0       9.1430178                  9.1430178
              2        4.875076       1.0625848       1.5479535     0.022733869              -0               -0        9.750152                   9.750152
             14       4.8932822       1.0677232       1.5401675     0.025093973              -0               -0       9.7865643                  9.7865643
              3       4.7506128       1.1048618       1.5253934   -0.0056403115              -0               -0       9.5012255                  9.5012255
              1       4.8993992        1.112863        1.518784   -0.0025115223              -0               -0       9.7987983                  9.7987983
              2       4.4568914       1.1722894       1.3776429     0.033224819              -0               -0       8.9137827                  8.9137827
              3       3.8817677       1.0992817       1.4629721    -0.007489967              -0               -0       7.7635354                  7.7635354
              6        3.960065        1.069168       1.5031258     0.013166174              -0               -0       7.9201299                  7.9201299
              3       5.8003934       1.0635695       1.5407474     0.045790923              -0               -0       11.600787                  11.600787
              1       5.3050683       1.1554158       1.4423732      0.03633131              -0               -0       10.610137                  10.610137
              6       4.5153037       1.0317573       1.5706132    -0.051377665              -0               -0       9.0306075                  9.0306075
              2       4.4669938       1.0336692       1.5691206    -0.049868477              -0               -0       8.9339877                  8.9339877
              2        4.409486       1.0386802       1.5637378    -0.047834125              -0               -0        8.818972                   8.818972
              3       4.7375132       1.0921316       1.4172235    -0.019574967              -0               -0       9.4750264                  9.4750264
              2       5.9659075      0.94474315       1.7254942    -0.082042755              -0               -0       11.931815                  11.931815
              2       5.0387633       1.0023441       1.5045418     0.034974852              -0               -0       10.077527                  10.077527
              8       3.9892823       1.1012649       1.4765724    0.0091821247              -0               -0       7.9785646                  7.9785646
              8        4.146096       1.1054101       1.4707926     0.019452443              -0               -0       8.2921919                  8.2921919
              1        4.412177       1.1510055       1.3866606    -0.013846465              -0               -0       8.8243539                  8.8243539
              1       4.7734213       1.1773497       1.3864332    -0.024053291              -0               -0       9.5468425                  9.5468425
              4       5.7364852       1.1932305       1.3824592    -0.046807384              -0               -0        11.47297                   11.47297
              2       8.1539022       1.3541835       1.0577291     0.073054139              -0               -0       16.307804                  16.307804
              1       8.1085781       1.3711421       1.0915731     0.019855681              -0               -0       16.217156                  16.217156
              1       8.5686477       1.1570407       1.2594872    -0.030010629              -0               -0       17.137295                  17.137295
              1        6.828558        1.086101       1.3824297    -0.039696507              -0               -0       13.657116                  13.657116
              1       6.2967135       1.1370745       1.2990881     0.089626299              -0               -0       12.593427                  12.593427
              1        6.163531       1.2226148       1.2262078     0.087927615              -0               -0       12.327062                  12.327062
              2        4.980199        1.150284       1.3879283     0.060437915              -0               -0        9.960398                   9.960398
              3       6.5006836       1.3016282       1.2360231     0.069200899              -0               -0       13.001367                  13.001367
              8       6.5390967       1.3085429       1.2681008     0.034034447              -0               -0       13.078193                  13.078193
              1       6.4323893       1.2845225       1.2369881    -0.014160288              -0               -0       12.864779                  12.864779
              1       6.4092757       1.2414152       1.1839206     0.047249306              -0               -0       12.818551                  12.818551
              1       5.3860072       1.1765258       1.2731851     0.034977522              -0               -0       10.772014                  10.772014
              3       6.6533421       1.1738039       1.2456528     0.093369573              -0               -0       13.306684                  13.306684
              6        5.190478       1.2478066       1.2853695     0.040756512              -0               -0       10.380956                  10.380956
              1        4.167837       1.1282689       1.3902589     0.031203977              -0               -0        8.335674                   8.335674
              4        4.368531       1.1197828       1.4008492     0.044628977              -0               -0        8.737062                   8.737062
              1        7.799463       1.3359949       1.0852958     0.048251437              -0               -0       15.598926                  15.598926
              5         5.44048       1.0674641       1.4214214    -0.023555183              -0               -0        10.88096                   10.88096
              1       5.0481739       1.1016763       1.3593074     0.028127806              -0               -0       10.096348                  10.096348
              1       7.2830238       1.0423007       1.4950325    -0.081973025              -0               -0       14.566048                  14.566048
              2        7.347447       1.1396272       1.5094281    -0.089346987              -0               -0       14.694894                  14.694894
              6       7.1947072       1.1354583       1.5093058    -0.088583507              -0               -0       14.389414                  14.389414
              4       6.5551899       1.1428982       1.2622078     0.056859747              -0               -0        13.11038                   13.11038
              1       7.1396222         1.05972        1.350533     0.074158228              -0               -0       14.279244                  14.279244
              2       7.3996186       1.0546991       1.3488378     0.072803792              -0               -0       14.799237                  14.799237
              1       3.8995502       1.1123978       1.4402982   0.00073326933              -0               -0       7.7991004                  7.7991004
              3        3.963272       1.1250658       1.4223901    0.0018675182              -0               -0        7.926544                   7.926544
              2       4.7431981       1.0936635       1.5239657     -0.04942431              -0               -0       9.4863962                  9.4863962
              3       4.0902094       1.0531433       1.5546996    -0.030481566              -0               -0       8.1804187                  8.1804187
              2       4.0945795       1.0262041       1.5797777    -0.032214894              -0               -0       8.1891589                  8.1891589
              1       3.8743375       1.0847379       1.4808779     0.009609733              -0               -0        7.748675                   7.748675
              7       4.3613635       1.1373187       1.3722384    0.0025295359              -0               -0        8.722727                   8.722727
             12       4.9308816       1.1952234       1.3483205    -0.018045202              -0               -0       9.8617632                  9.8617632
              1       4.4111963        1.158631       1.3972051    -0.016168426              -0               -0       8.8223927                  8.8223927
              2       5.8777994        1.251075       1.3005178    -0.022844562              -0               -0       11.755599                  11.755599
              5       8.7605906       1.1595012       1.4294997     -0.10349702              -0               -0       17.521181                  17.521181
              2       9.0598093       1.1821347       1.3538282    -0.092115359              -0               -0       18.119619                  18.119619
              1       8.5343433        1.093967       1.4672031     -0.10354858              -0               -0       17.068687                  17.068687
              2       5.4622689       1.1352998        1.514134    -0.038484638              -0               -0       10.924538                  10.924538
              5       5.5713925       1.1326443       1.5237101     -0.03053014              -0               -0       11.142785                  11.142785
              6       4.8735736       1.0715383        1.580664     -0.03064408              -0               -0       9.7471472                  9.7471472
              2       5.9141067      0.89392783       1.7797776    -0.051202472              -0               -0       11.828213                  11.828213
              6       9.3788536      0.81048966        1.805011    -0.073117764              -0               -0       18.757707                  18.757707
              3       9.6103822      0.89734277        1.662925     -0.09642362              -0               -0       19.220764                  19.220764
              2       8.3331444      0.95203945       1.6060978    -0.094083784              -0               -0       16.666289                  16.666289
              2       8.2162705       0.9508337        1.605639    -0.091650797              -0               -0       16.432541                  16.432541
              3       7.7814248       1.2198196        1.235936     -0.03366292              -0               -0        15.56285                   15.56285
              3       4.0983725       1.0872543       1.4356311   -0.0010255029              -0               -0       8.1967449                  8.1967449
              1       4.6557158      0.97044605        1.660434    -0.048588305              -0               -0       9.3114315                  9.3114315
              1       4.1348816       1.1303339       1.3933223    0.0036170155              -0               -0       8.2697632                  8.2697632
              4       4.1868827       1.1378111       1.3893965   -0.0006140961              -0               -0       8.3737654                  8.3737654
              8       7.5666053       1.1709247       1.2763743    -0.033394078              -0               -0       15.133211                  15.133211
              7       4.3811877       1.1802304       1.3802141    0.0077823131              -0               -0       8.7623755                  8.7623755
              1       4.6575807       1.2102023       1.3322694     0.010567137              -0               -0       9.3151615                  9.3151615
              5       6.7521933       1.3382891       1.1846865      0.06248622              -0               -0       13.504387                  13.504387
              3       6.8778022       1.3030134       1.2597107     0.065634255              -0               -0       13.755604                  13.755604
              1       5.9562063       1.1401581       1.3175026    -0.010207187              -0               -0       11.912413                  11.912413
              1       7.1446372       1.2369242       1.2457073    -0.032567287              -0               -0       14.289274                  14.289274
              3       7.2842449       1.3601431       1.1063941     0.056677168              -0               -0        14.56849                   14.56849
              1       7.3131477        1.369588       1.1117047     0.057073497              -0               -0       14.626295                  14.626295
              5       7.6520645        1.123538       1.3865696      0.11577887              -0               -0       15.304129                  15.304129
              2       5.2115538       1.1903879       1.3347063     0.066394735              -0               -0       10.423108                  10.423108
              3       6.5943187       1.2530444       1.3337672     0.056549486              -0               -0       13.188637                  13.188637
              2       6.9048116       1.3187087       1.2053707     0.081245256              -0               -0       13.809623                  13.809623
              1       5.1174859       1.1827823       1.3091134   -0.0034966507              -0               -0       10.234972                  10.234972
              1       5.4686924       0.9393608       1.6366952     -0.04847013              -0               -0       10.937385                  10.937385
              1       4.9710102      0.93700592       1.6361525   -0.0069433916              -0               -0       9.9420204                  9.9420204
              1       7.8354945      0.99725041        1.747715    -0.056261782              -0               -0       15.670989                  15.670989
              7       5.8617215       1.1438518        1.387207     0.082421146              -0               -0       11.723443                  11.723443
              3       5.6999564        1.105726       1.3370422      0.01652951              -0               -0       11.399913                  11.399913
              2       5.5430358       1.1018537       1.3619559   -0.0054011751              -0               -0       11.086072                  11.086072
              4       7.4397929       1.2822411       1.1339823     0.029690142              -0               -0       14.879586                  14.879586
              5       4.3730539      0.99360259       1.6053046    0.0034660452              -0               -0       8.7461077                  8.7461077
              6       5.4970375      0.94354828       1.5969235    -0.024631138              -0               -0       10.994075                  10.994075
              3       5.6580469      0.95549062       1.5960218    -0.046396893              -0               -0       11.316094                  11.316094
              1       5.5656047      0.95202257       1.5886093    -0.033903427              -0               -0       11.131209                  11.131209
              1        4.553215       1.1870799       1.3266102     0.011120666              -0               -0         9.10643                    9.10643
              5       4.3188748        1.149888       1.4336904    0.0080805544              -0               -0       8.6377495                  8.6377495
              5       4.5008103       1.1344545       1.4151064     0.043365542              -0               -0       9.0016206                  9.0016206
              5       5.0620069       1.0505557       1.6017555    -0.058744845              -0               -0       10.124014                  10.124014
              2       4.0475654       1.1315062       1.4010409    0.0054096045              -0               -0       8.0951309                  8.0951309
              5       4.0002097       1.1254042       1.4114827    0.0039899534              -0               -0       8.0004194                  8.0004194
              1        4.167801       1.1570475       1.4022689    0.0045670493              -0               -0        8.335602                   8.335602
              1       4.0429777       1.0925024       1.5064046    -0.012780823              -0               -0       8.0859554                  8.0859554
              1       4.2370004       1.0791724       1.5093917     0.017493584              -0               -0       8.4740007                  8.4740007
             10       4.3518236       1.0801755       1.5164168     0.016427616              -0               -0       8.7036471                  8.7036471
              7       4.0612503       1.1174819       1.4348594     0.024807709              -0               -0       8.1225006                  8.1225006
              1       4.2157709        1.063929       1.4480496      0.01061091              -0               -0       8.4315419                  8.4315419
              3       7.3854587       1.3189258        1.292403   -0.0064046587              -0               -0       14.770917                  14.770917
              5       7.0424519       1.2442964       1.3433602    -0.055974174              -0               -0       14.084904                  14.084904
              2       5.2001844       1.0429965       1.6161848    -0.012502104              -0               -0       10.400369                  10.400369
              5       5.4142512       1.1992053       1.2751566    0.0058763557              -0               -0       10.828502                  10.828502
              5       5.9999891       1.1148468       1.5608878    -0.038871765              -0               -0       11.999978                  11.999978
              2       5.9050212       1.1852141        1.458873    -0.022486635              -0               -0       11.810042                  11.810042
              7       4.6824668       1.0724443       1.4397891    -0.019612171              -0               -0       9.3649336                  9.3649336
              2       4.5560629       1.1204495       1.4060951    -0.021742472              -0               -0       9.1121259                  9.1121259
              3       4.7714126       1.0134908       1.5122109    -0.022529548              -0               -0       9.5428252                  9.5428252
              1        4.235733       1.1080236       1.4550158     0.030189031              -0               -0       8.4714659                  8.4714659
              3       4.2169213       1.1083205       1.4589448     0.027396019              -0               -0       8.4338426                  8.4338426
              1       5.7948988       1.0189131       1.6074109     0.028997951              -0               -0       11.589798                  11.589798
              2       6.0974509      0.99566208       1.6366412     0.027817476              -0               -0       12.194902                  12.194902
              6       6.7312075        1.002498       1.6437363      0.02977917              -0               -0       13.462415                  13.462415
              1       6.4343098      0.87545778       1.8084931    -0.061138226              -0               -0        12.86862                   12.86862
              1        4.478371      0.97645165        1.656505    -0.032558277              -0               -0        8.956742                   8.956742
              1       5.1829039      0.99571425       1.6699122    -0.020998272              -0               -0       10.365808                  10.365808
              3       5.7054997      0.95690725       1.6799902     0.010400447              -0               -0       11.410999                  11.410999
              3       5.5800979        1.279014        1.260804     0.022288723              -0               -0       11.160196                  11.160196
              1       5.5790058       1.2789396       1.2608895     0.022259727              -0               -0       11.158012                  11.158012
              5       6.1512724       1.3147797       1.2136685     0.029215034              -0               -0       12.302545                  12.302545
              1       6.2278707       1.3181372       1.2177495     0.035127725              -0               -0       12.455741                  12.455741
              1       6.6119931       1.3264623       1.2212253     0.007536596              -0               -0       13.223986                  13.223986
              2       5.4912968       1.2207395       1.3819103    -0.016559113              -0               -0       10.982594                  10.982594
              1       5.4706353       1.2191017       1.3837983    -0.016694824              -0               -0       10.941271                  10.941271
              1       6.4686744       1.2071806       1.4075804    -0.056042312              -0               -0       12.937349                  12.937349
              4       6.8228662       1.2331481       1.2306673    -0.016011651              -0               -0       13.645732                  13.645732
              2       6.5571011       1.3302223       1.2093417     0.048553581              -0               -0       13.114202                  13.114202
              6       7.0019461       1.3561245        1.161293     0.060232254              -0               -0       14.003892                  14.003892
              2       7.7689033       1.3687655        1.159349     0.083357062              -0               -0       15.537807                  15.537807
              2       4.7005993      0.99409016       1.5371484     0.024097688              -0               -0       9.4011986                  9.4011986
              3        4.503041      0.97383835       1.6072551      0.00532724              -0               -0       9.0060821                  9.0060821
              9       5.2132727      0.94274517       1.6070756      0.01004703              -0               -0       10.426545                  10.426545
              6       4.9462086       1.0973184       1.3879432     0.059469747              -0               -0       9.8924173                  9.8924173
              3       4.7381511       1.0927551       1.3999008     0.052858877              -0               -0       9.4763023                  9.4763023
              1       6.0076961       1.1057648       1.5269139     0.029703422              -0               -0       12.015392                  12.015392
              1       6.1383611       1.1367058       1.4865174      0.03752044              -0               -0       12.276722                  12.276722
              1       5.8441633       1.1866838       1.4544147     -0.02346785              -0               -0       11.688327                  11.688327
              5       5.8440444      0.96804586       1.6685512    -0.082647257              -0               -0       11.688089                  11.688089
              6       5.2998481       1.0228859       1.6037751    -0.073142813              -0               -0       10.599696                  10.599696
              6        5.263847       1.1088954       1.5455282    -0.036281913              -0               -0       10.527694                  10.527694
              1       4.4792482       1.0148344        1.627675    -0.034122782              -0               -0       8.9584963                  8.9584963
              2       4.9376616       1.0017459       1.6267698    -0.064239301              -0               -0       9.8753233                  9.8753233
              5       5.4670579      0.96284119       1.5507462   -0.0067778787              -0               -0       10.934116                  10.934116
              1       5.1037288       1.1016736       1.4047952    -0.027876096              -0               -0       10.207458                  10.207458
              1       6.2870909        1.144003       1.2895794    0.0052758976              -0               -0       12.574182                  12.574182
              4       5.4733695       1.0368893       1.4412218     0.057420472              -0               -0       10.946739                  10.946739
              1       6.0290069       1.1920575       1.4490303    -0.034445894              -0               -0       12.058014                  12.058014
              7       6.6663274       1.0873048       1.6140351     -0.05280547              -0               -0       13.332655                  13.332655
              5       6.6957989       1.2909529        1.316356    0.0095236736              -0               -0       13.391598                  13.391598
             10       5.2416459       1.1714437        1.454641   -0.0095227488              -0               -0       10.483292                  10.483292
              6       5.8302431       1.1036739       1.3604566    -0.014452005              -0               -0       11.660486                  11.660486
              1       4.3729452        1.044357       1.4646799     0.010861892              -0               -0       8.7458904                  8.7458904
              2       5.3835735       1.1207087        1.328696      0.05713675              -0               -0       10.767147                  10.767147
              3        4.681856        1.056482       1.4339715     0.035068209              -0               -0       9.3637121                  9.3637121
              2       5.6326048      0.94374808       1.6043992     0.029802519              -0               -0        11.26521                   11.26521
              2       5.5565945       1.0022512       1.5597808     0.050818902              -0               -0       11.113189                  11.113189
              2       4.4203645       1.1473088       1.4476961    -0.015541933              -0               -0       8.8407289                  8.8407289
              5       4.6525882       1.1591539       1.4454721    -0.012323781              -0               -0       9.3051764                  9.3051764
              7       4.5982695       1.1311001       1.4555258     0.027158523              -0               -0        9.196539                   9.196539
              4       4.5160576       1.0555109       1.5385704     0.023041875              -0               -0       9.0321151                  9.0321151
              1       4.3941581       1.0024477       1.6062269    -0.045398782              -0               -0       8.7883161                  8.7883161
              3       4.7552992       1.0469621       1.5882226    -0.055425848              -0               -0       9.5105984                  9.5105984
              4       4.7317322       1.0474104        1.589523    -0.053804976              -0               -0       9.4634643                  9.4634643
              3       5.2316367       1.1349781       1.4920651      -0.0483666              -0               -0       10.463273                  10.463273
              1       7.0158993       1.1978059       1.4724382     -0.02486916              -0               -0       14.031799                  14.031799
              5       10.481262      0.91336349       1.8734634    -0.051256092              -0               -0       20.962525                  20.962525
              1       10.597561      0.89728298       1.8946818    -0.057918058              -0               -0       21.195122                  21.195122
              1        9.429161       1.0590393       1.6846155     -0.10863639              -0               -0       18.858322                  18.858322
              8       5.5113458        1.032199       1.6093334    -0.076798356              -0               -0       11.022692                  11.022692
              1       4.5162155      0.98826585       1.6023142       0.0109353              -0               -0        9.032431                   9.032431
              1       4.4095852       1.1392814       1.3802624     0.045265515              -0               -0       8.8191703                  8.8191703
              3       4.3479458      0.99310778       1.5687773    -0.022997644              -0               -0       8.6958915                  8.6958915
              3       4.5931643      0.97561324       1.5965865    -0.033178939              -0               -0       9.1863285                  9.1863285
              1       5.8035837        1.028413       1.5611656    -0.077030345              -0               -0       11.607167                  11.607167
              4       6.0684231       1.0390806       1.5133692     -0.06993049              -0               -0       12.136846                  12.136846
              2       6.8592841       1.2083926       1.4465389   0.00090012247              -0               -0       13.718568                  13.718568
              4       5.2152469       1.0248663        1.632514    -0.008857614              -0               -0       10.430494                  10.430494
              1        4.478407       1.0635292       1.4615444    -0.021300824              -0               -0       8.9568139                  8.9568139
              2       4.4501725       1.0279024        1.509413     0.032434611              -0               -0       8.9003451                  8.9003451
              3       5.4819376      0.91048632       1.7315746    -0.020251011              -0               -0       10.963875                  10.963875
              1       5.5207165      0.89759005       1.7226764    -0.029188167              -0               -0       11.041433                  11.041433
              1       4.7600392       1.0000401       1.5139781    0.0032295234              -0               -0       9.5200785                  9.5200785
              4       4.4401911        1.025726       1.4891118     0.017100289              -0               -0       8.8803822                  8.8803822
              3       4.4431202       1.0295068       1.4823147     0.011953141              -0               -0       8.8862404                  8.8862404
              1       8.1020992       1.0207665       1.3810582     0.017410472              -0               -0       16.204198                  16.204198
              2       9.5406153      0.99122313       1.3852227     0.052057811              -0               -0       19.081231                  19.081231
              1       8.9573189       1.0641411       1.2960794     0.071011832              -0               -0       17.914638                  17.914638
              1       9.1757663       1.0346376       1.3302856     0.061568537              -0               -0       18.351533                  18.351533
              2       8.9384493        1.025886       1.3477523     0.062310564              -0               -0       17.876899                  17.876899
              5       13.138186      0.94447858       1.4121404    -0.001541412              -0               -0       26.276372                  26.276372
              2       11.387313      0.91425832       1.4790715     0.019466056              -0               -0       22.774625                  22.774625
              2       5.8684091       1.0091693       1.4686642    -0.010943983              -0               -0       11.736818                  11.736818
              1       5.1736396       1.1536085       1.3147583    0.0083410591              -0               -0       10.347279                  10.347279
             12        4.155628       1.1265925       1.3987398   -0.0010457229              -0               -0       8.3112561                  8.3112561
              6       4.0944343      0.99740911       1.5965445    -0.018136515              -0               -0       8.1888685                  8.1888685
              6       4.6881891      0.95813991       1.6757744    -0.022669357              -0               -0       9.3763781                  9.3763781
              4       4.1054916        1.015928       1.5328731   -0.0035828346              -0               -0       8.2109833                  8.2109833
              9       4.3539647      0.99947862       1.5416606   -0.0043283598              -0               -0       8.7079295                  8.7079295
              7       3.9664157       1.0522807       1.4855505    0.0066087513              -0               -0       7.9328313                  7.9328313
              1        4.885762       1.1672474       1.3074507     0.049716188              -0               -0       9.7715241                  9.7715241
              4        5.908637       1.2771941       1.2982614     0.025750353              -0               -0       11.817274                  11.817274
              3       5.6815646       1.2672927       1.3032159    0.0021736224              -0               -0       11.363129                  11.363129
              1       4.5322585       1.1801183       1.3924713   -0.0083251969              -0               -0       9.0645169                  9.0645169
              6       4.4526256       1.1580466       1.3398453     0.034711761              -0               -0       8.9052513                  8.9052513
              5       4.7089759       1.0542923       1.5791841    -0.052945899              -0               -0       9.4179517                  9.4179517
              2       4.7881905        1.057447       1.5779343    -0.054650396              -0               -0        9.576381                   9.576381
              2       4.4237976       1.0307258       1.5872235    -0.048160838              -0               -0       8.8475951                  8.8475951
             10       4.6622361       1.1146818       1.4986909    -0.040435112              -0               -0       9.3244722                  9.3244722
              2       4.8656951       1.1381902       1.4875501    -0.026829072              -0               -0       9.7313902                  9.7313902
              5       4.7533212       1.1398978       1.4799743   -0.0080070612              -0               -0       9.5066424                  9.5066424
              1        7.003905       1.2393556       1.3122996      0.08977748              -0               -0        14.00781                   14.00781
              2       6.2306432       1.1975734       1.3197214     0.092184693              -0               -0       12.461286                  12.461286
              4       6.0884769       1.0598507        1.536533     0.054726216              -0               -0       12.176954                  12.176954
              1       6.4069046       1.0133782       1.6134359     0.038257351              -0               -0       12.813809                  12.813809
              1       6.6173339       1.1564131       1.5180444    -0.048237126              -0               -0       13.234668                  13.234668
              4       5.7263294       1.0704025       1.5274848    -0.075494819              -0               -0       11.452659                  11.452659
              1       4.4628641       1.1248968       1.4880962    -0.018542896              -0               -0       8.9257282                  8.9257282
              1       4.4940561       1.1206778       1.4961836     -0.02010775              -0               -0       8.9881123                  8.9881123
              3       4.1093602       1.0123353       1.5719939     0.003638811              -0               -0       8.2187203                  8.2187203
              1       3.8391175       1.0526581       1.5083059   -0.0030711362              -0               -0       7.6782351                  7.6782351
              1        3.999288       1.1314649       1.4295793      0.00831088              -0               -0       7.9985761                  7.9985761
              3       5.1378615       1.1347622       1.4708961    -0.051103012              -0               -0       10.275723                  10.275723
              3       4.3355166       1.1235573       1.3738326     0.020062893              -0               -0       8.6710332                  8.6710332
              2        4.366609       1.1249468       1.3725386     0.014813336              -0               -0        8.733218                   8.733218
             11       4.0612089       1.1333812       1.3967923    0.0073407111              -0               -0       8.1224179                  8.1224179
              4       4.4404543       1.1520433       1.3549364    0.0051847904              -0               -0       8.8809085                  8.8809085
              4       6.6227523       1.0664154       1.6116148     -0.08677128              -0               -0       13.245505                  13.245505
              3       7.2478296      0.99818316       1.6945739     -0.10441107              -0               -0       14.495659                  14.495659
              1       7.2446979        1.175209       1.5066991    -0.051580471              -0               -0       14.489396                  14.489396
              1       5.8845531       1.1281515       1.5358431    -0.016723611              -0               -0       11.769106                  11.769106
              1       5.9259424       1.1320678       1.5311188     -0.01488464              -0               -0       11.851885                  11.851885
              1       5.3813566       1.1258572       1.5204867   -0.0071995797              -0               -0       10.762713                  10.762713
              1       5.3285432        1.132003       1.5113591   -0.0078488354              -0               -0       10.657086                  10.657086
              8       5.7033301        1.110974       1.3262468      0.05747908              -0               -0        11.40666                   11.40666
              2       6.4130503       1.0882694       1.3967708      0.09565526              -0               -0       12.826101                  12.826101
              1       6.8179214       1.0912933       1.3901576      0.10359114              -0               -0       13.635843                  13.635843
              3       7.4406459       1.1222019       1.3088182      0.11491276              -0               -0       14.881292                  14.881292
              1       5.3381335       1.1363027       1.4036444     0.068966909              -0               -0       10.676267                  10.676267
              1       4.9877209       1.1294059       1.4938723    -0.043274156              -0               -0       9.9754418                  9.9754418
              1       8.9581866       1.0384549       1.3996294    -0.048856677              -0               -0       17.916373                  17.916373
              4       9.4427433      0.96949755       1.4919711    -0.058117298              -0               -0       18.885487                  18.885487
              2       7.6199936       1.0462081       1.3622203    0.0095586272              -0               -0       15.239987                  15.239987
              4       4.3820298       1.1413528       1.3803881   -0.0071709455              -0               -0       8.7640597                  8.7640597
              3       4.7788049        1.091786       1.4166757    -0.020272915              -0               -0       9.5576097                  9.5576097
              5       4.9105167       1.1382309       1.3600646    -0.012495902              -0               -0       9.8210334                  9.8210334
              1       4.7155642       1.1390542       1.3530091   0.00073514182              -0               -0       9.4311284                  9.4311284
              4       5.3691144       1.1045205       1.3740741    -0.014234857              -0               -0       10.738229                  10.738229
              1       4.9757387        1.100677       1.3754287    0.0029470287              -0               -0       9.9514773                  9.9514773
              1       5.2358075       1.0718319       1.3990202    0.0013606637              -0               -0       10.471615                  10.471615
              1       4.3183179        1.045181       1.4711282  -0.00023890558              -0               -0       8.6366359                  8.6366359
              1       4.2469781       1.1317845        1.397361   -0.0078578147              -0               -0       8.4939562                  8.4939562
              8       4.2765508       1.1244775       1.4097319    -0.014221444              -0               -0       8.5531017                  8.5531017
              4       4.3654064       1.1251939       1.3815173     0.041710624              -0               -0       8.7308128                  8.7308128
              2       3.8527584       1.0661423       1.4882417    0.0081715978              -0               -0       7.7055169                  7.7055169
              3       4.0857156       1.0121958       1.5808442   -0.0023045112              -0               -0       8.1714311                  8.1714311
              1       4.7533591       1.0753016       1.5574681    -0.049885977              -0               -0       9.5067182                  9.5067182
              1       5.1326815        1.086101       1.4724966    -0.053835564              -0               -0       10.265363                  10.265363
              1       5.6953313      0.97884418       1.5519801    -0.042438363              -0               -0       11.390663                  11.390663
              2       5.8492466       1.0488317       1.4170185    -0.010421341              -0               -0       11.698493                  11.698493
              4       6.1096297       1.0353498       1.4184799   0.00025629249              -0               -0       12.219259                  12.219259
              8       6.2109498       1.0328134       1.4126983     0.011262348              -0               -0         12.4219                    12.4219
              1        4.322792       1.0450821       1.5640238    -0.044200042              -0               -0        8.645584                   8.645584
              1       4.3934573       1.0284549       1.5847875    -0.047430967              -0               -0       8.7869146                  8.7869146
              1       4.3622775       1.0103229       1.6082246   -0.0049475287              -0               -0       8.7245551                  8.7245551
              1       5.5039696       1.1178539       1.4026441     0.077143917              -0               -0       11.007939                  11.007939
              2       5.5313258         1.24203       1.2807328     0.064929112              -0               -0       11.062652                  11.062652
              1        5.311438        1.175336        1.309665     0.074434902              -0               -0       10.622876                  10.622876
              4       5.6003421        1.176364       1.3084792     0.083176719              -0               -0       11.200684                  11.200684
              4       5.3612924       1.2013111       1.2867675     0.072931252              -0               -0       10.722585                  10.722585
              4       7.2438701       1.1694148       1.3027498      0.11880027              -0               -0        14.48774                   14.48774
              7       6.3797494       1.2083803       1.3616157     0.071687036              -0               -0       12.759499                  12.759499
              3       5.8928198        1.190962       1.3906776     0.056599059              -0               -0        11.78564                   11.78564
              3       4.8804241       1.2073505       1.2915708     0.048857749              -0               -0       9.7608482                  9.7608482
              3       5.3494663        1.243854       1.2395448     0.050069387              -0               -0       10.698933                  10.698933
              3       4.8523793       1.2078949       1.2885419     0.044179516              -0               -0       9.7047585                  9.7047585
              5       5.0929792        1.222629       1.2631703     0.046852358              -0               -0       10.185958                  10.185958
              2       4.1512689       1.1313406       1.4551305   -0.0044544165              -0               -0       8.3025379                  8.3025379
              5       4.6700045       1.0275063       1.6239943    -0.039982916              -0               -0        9.340009                   9.340009
              1       8.2580404       1.0446905       1.6635136     0.001521259              -0               -0       16.516081                  16.516081
              2       4.9858223       0.9915014       1.6489029   -0.0026977911              -0               -0       9.9716445                  9.9716445
              2       4.3441528       1.0613102       1.5635196    -0.010726106              -0               -0       8.6883057                  8.6883057
              1       7.9363148       1.0177403       1.3934909     0.080915229              -0               -0        15.87263                   15.87263
              5       8.0102484       1.0514335       1.3540274     0.097170977              -0               -0       16.020497                  16.020497
              2       9.8874658       1.0398687       1.3237086     0.012897023              -0               -0       19.774932                  19.774932
              1       9.3123953       1.0539923       1.3012998     0.061224659              -0               -0       18.624791                  18.624791
              3       6.2056345      0.96378389       1.5154281     0.020711476              -0               -0       12.411269                  12.411269
              1       5.9134388      0.94893781       1.5562641   -0.0010077447              -0               -0       11.826878                  11.826878
              2       6.3457849      0.94186202       1.5553361   -0.0033904431              -0               -0        12.69157                   12.69157
              1       5.9426199      0.97953438       1.5290571     0.054586102              -0               -0        11.88524                   11.88524
              4       5.6639011      0.97619857       1.7004938    -0.018814526              -0               -0       11.327802                  11.327802
              8       5.4301038      0.94953649       1.7317868    -0.050927645              -0               -0       10.860208                  10.860208
              3       4.3546348       1.1084206       1.4045429     0.042931971              -0               -0       8.7092696                  8.7092696
              1       6.5352664       1.2261359        1.188182     0.062938288              -0               -0       13.070533                  13.070533
              2       6.4924675       1.1685485       1.2403663     0.043180922              -0               -0       12.984935                  12.984935
              4       5.1179016       1.1648517       1.3353635    -0.014688212              -0               -0       10.235803                  10.235803
              6       6.4438103       1.1107351       1.4498527    -0.074902899              -0               -0       12.887621                  12.887621
              3        6.331203       1.1507025       1.2780224     0.087308905              -0               -0       12.662406                  12.662406
              3       7.5430549       1.1992657       1.1879504     0.096830806              -0               -0        15.08611                   15.08611
              2       9.7577925       1.2905155       1.0453995     0.086807037              -0               -0       19.515585                  19.515585
              8       9.7436049       1.2879904       1.0477199     0.086130657              -0               -0        19.48721                   19.48721
              1       8.3834376       1.2653181         1.10082     0.081753446              -0               -0       16.766875                  16.766875
              3       11.647388       1.0740625       1.3979968     -0.10355956              -0               -0       23.294776                  23.294776
              6        10.49561      0.86275374       1.7439875     -0.11420795              -0               -0       20.991219                  20.991219
              1       7.8459868       1.0812875       1.4573184    -0.089363926              -0               -0       15.691974                  15.691974
              2        8.345825       0.9082088       1.6813476    -0.096350526              -0               -0        16.69165                   16.69165
              1       4.9537757      0.96425184       1.5795417    -0.019588838              -0               -0       9.9075515                  9.9075515
              1       4.8844698       1.0098895       1.6295619    -0.061858865              -0               -0       9.7689396                  9.7689396
              2        5.085159       1.2078284       1.3580866    -0.020339895              -0               -0       10.170318                  10.170318
              3       5.8398506       1.1888693       1.4345403    -0.044186322              -0               -0       11.679701                  11.679701
             10       6.3186779       1.1520529       1.4995359    -0.062956367              -0               -0       12.637356                  12.637356
              1        5.937693       1.1337035       1.5207894    -0.057787827              -0               -0       11.875386                  11.875386
              1       7.3386072       1.3554032       1.1070967     0.078243479              -0               -0       14.677214                  14.677214
              2       7.0261032       1.3620909       1.1478338     0.046773206              -0               -0       14.052206                  14.052206
              1       5.4913062       1.2427519       1.2587927    0.0033748101              -0               -0       10.982612                  10.982612
              2       6.6716873       1.2792049       1.1922184    0.0013819445              -0               -0       13.343375                  13.343375
              2        6.666067       1.2766091       1.1985916   -0.0023220369              -0               -0       13.332134                  13.332134
              4       5.5943871       1.0360367        1.507277    -0.057649051              -0               -0       11.188774                  11.188774
              3       4.6914487       1.0263167       1.5619918    -0.053751051              -0               -0       9.3828974                  9.3828974
              5       5.1088432       1.0432203       1.5505762    -0.064790668              -0               -0       10.217686                  10.217686
              1       5.1870339       1.0156052       1.5914398     -0.06882883              -0               -0       10.374068                  10.374068
              6       4.0596539       1.0614267       1.5480524    -0.014358939              -0               -0       8.1193078                  8.1193078
              2       3.9354745       1.0279787       1.5567378    -0.004421251              -0               -0        7.870949                   7.870949
              2       4.3599571      0.97236557       1.6063531    -0.013140406              -0               -0       8.7199142                  8.7199142
              8       4.2243696       1.0689098       1.4883909    -0.030058701              -0               -0       8.4487392                  8.4487392
              1       4.5091909       1.0971031       1.5304797    -0.018540956              -0               -0       9.0183818                  9.0183818
             10       4.1799936        1.105613       1.4983332   -0.0098882117              -0               -0       8.3599871                  8.3599871
              6         4.22479       1.0189138       1.5971058    -0.038060907              -0               -0         8.44958                    8.44958
              2       4.4156891        1.131428         1.38428   -0.0072639965              -0               -0       8.8313782                  8.8313782
              3       4.4537901       1.1324376       1.3806784   -0.0068715832              -0               -0       8.9075802                  8.9075802
              5       4.5212259       1.1360422       1.3644254    0.0016343968              -0               -0       9.0424518                  9.0424518
              1       4.4509404       1.0847841       1.4074673     0.017634474              -0               -0       8.9018808                  8.9018808
              5       4.5076772       1.0855304       1.4069131    0.0094993859              -0               -0       9.0153543                  9.0153543
              1       5.4430745       1.0723137       1.3896614    0.0043022795              -0               -0       10.886149                  10.886149
              3       5.7602408         1.07963       1.3656586     0.061870589              -0               -0       11.520482                  11.520482
              4       5.6610438      0.99569321       1.4848167      0.03826979              -0               -0       11.322088                  11.322088
              7       5.7447138      0.98998625       1.4952861   -0.0038424583              -0               -0       11.489428                  11.489428
             13       4.4196042       1.0035713        1.559903    -0.032325699              -0               -0       8.8392084                  8.8392084
              6       5.1824211       1.1023194       1.3525411     0.034129865              -0               -0       10.364842                  10.364842
              3       5.1808279        1.102294       1.3526978      0.03332249              -0               -0       10.361656                  10.361656
              1       5.5891702      0.91721236       1.6405399   -0.0026975626              -0               -0        11.17834                   11.17834
              1       4.4981153      0.96560969       1.6460474    -0.037180013              -0               -0       8.9962306                  8.9962306
              1       6.4686394      0.92197075       1.6729408    -0.073450851              -0               -0       12.937279                  12.937279
              6        6.448835       1.0045013       1.5456817    -0.072608371              -0               -0        12.89767                   12.89767
              1       4.2528062       1.0669108       1.4907559    -0.031320595              -0               -0       8.5056123                  8.5056123
              1       4.3295124       1.0518803       1.5323825    -0.042355714              -0               -0       8.6590249                  8.6590249
              3       4.9703231      0.93269196       1.6529861    -0.025184434              -0               -0       9.9406463                  9.9406463
              5       4.9000643      0.95315342       1.6164884    -0.031431659              -0               -0       9.8001286                  9.8001286
              1       4.6125413      0.95906562       1.6729401    -0.035026072              -0               -0       9.2250826                  9.2250826
              4       4.5313274       1.1366781       1.4641098    -0.028556687              -0               -0       9.0626547                  9.0626547
              4       4.2720247        1.107604       1.4894363    -0.029805838              -0               -0       8.5440494                  8.5440494
              2        4.212988       1.1269037       1.4513808    -0.021711629              -0               -0        8.425976                   8.425976
              5       4.3296272       1.0694674       1.4653279    -0.022490784              -0               -0       8.6592545                  8.6592545
              1        4.338043       1.0689845       1.4688953    -0.024670266              -0               -0       8.6760859                  8.6760859
              2       5.1224262       1.1134393        1.342646     0.038925702              -0               -0       10.244852                  10.244852
              2       4.7119236        1.104314       1.4066693     0.056861439              -0               -0       9.4238471                  9.4238471
              3       5.3794741       1.1652257       1.3392367     0.077151085              -0               -0       10.758948                  10.758948
              1       4.8389219       1.1403234       1.3517845     0.060414645              -0               -0       9.6778438                  9.6778438
              2       4.8724033       1.0845291        1.422225     0.059372864              -0               -0       9.7448066                  9.7448066
              7       5.4629413       1.1067024       1.3391505     0.052901517              -0               -0       10.925883                  10.925883
              5        5.103994       1.1137285       1.3437089     0.043275675              -0               -0       10.207988                  10.207988
              4       4.2362149       1.0556854       1.4725001     0.030817036              -0               -0       8.4724298                  8.4724298
              2       4.0294856       1.0523462       1.4874285     0.018849011              -0               -0       8.0589711                  8.0589711
              2       4.4965667       1.1003869       1.4562036      0.04199192              -0               -0       8.9931335                  8.9931335
              6       4.4822245       1.1264343       1.4206416     0.044211312              -0               -0       8.9644489                  8.9644489
              5       4.7952832       1.0207048       1.5247655     0.041422991              -0               -0       9.5905664                  9.5905664
              4         4.87392       1.0148078       1.5327366     0.041589027              -0               -0       9.7478399                  9.7478399
              3       5.4680421      0.92501626       1.6389614    0.0086605947              -0               -0       10.936084                  10.936084
              1       6.0431586      0.90291844       1.6513424    -0.016090795              -0               -0       12.086317                  12.086317
             10       5.8610262      0.94586588       1.5624704    0.0042590634              -0               -0       11.722052                  11.722052
              2       5.6770967       0.9992039       1.5312591    -0.047498155              -0               -0       11.354193                  11.354193
              6       6.4203469       1.0388997       1.4610059    -0.049779708              -0               -0       12.840694                  12.840694
              3       6.7564714        1.241607        1.308591    -0.047758191              -0               -0       13.512943                  13.512943
              1       6.2457889       1.2409357       1.3654358    -0.034273485              -0               -0       12.491578                  12.491578
              1        4.680915       1.0528917        1.469446      0.04778945              -0               -0         9.36183                    9.36183
              1        4.291204        1.084413       1.4730626     0.034518528              -0               -0       8.5824079                  8.5824079
              1       4.9293693       1.1314269       1.4070734     0.059792037              -0               -0       9.8587386                  9.8587386
              9       4.7164653        1.168916       1.3466483     0.054599132              -0               -0       9.4329306                  9.4329306
              2       4.0505425       1.1210528       1.4025701     0.010216156              -0               -0        8.101085                   8.101085
              3       4.5207389       1.1001094       1.5256898    -0.013255485              -0               -0       9.0414779                  9.0414779
              1       4.6333551       1.0992637       1.5338735    -0.025230782              -0               -0       9.2667102                  9.2667102
              7       4.2359085      0.99486696       1.6146855    -0.034133537              -0               -0       8.4718169                  8.4718169
              1       4.2666673      0.98694442       1.6265112    -0.017647172              -0               -0       8.5333347                  8.5333347
              1       4.0969082       1.0027597       1.5714934   -0.0013582145              -0               -0       8.1938165                  8.1938165
              2       4.1044808       1.1328392       1.4355015     0.015022971              -0               -0       8.2089617                  8.2089617
              2       4.0073551       1.1249402       1.4476829   -0.0043251024              -0               -0       8.0147102                  8.0147102
              1        3.966265       1.1273312       1.4330996    0.0041565562              -0               -0       7.9325299                  7.9325299
              2       4.2893907       1.1623406       1.3748509   -0.0012673175              -0               -0       8.5787814                  8.5787814
              1       4.0045379       1.0315859       1.5721831    -0.012570355              -0               -0       8.0090759                  8.0090759
              1       4.1551197       1.0314683       1.5886713    -0.027871062              -0               -0       8.3102393                  8.3102393
              2       4.3172714         0.99191       1.6097273    -0.038268909              -0               -0       8.6345428                  8.6345428
              2       4.2880497      0.99379019       1.6060168    -0.037007372              -0               -0       8.5760994                  8.5760994
              3       4.2903728       0.9946724       1.6056812    -0.037540045              -0               -0       8.5807456                  8.5807456
              4        4.193897       0.9890886        1.611938    -0.026440195              -0               -0       8.3877939                  8.3877939
              2        4.544698       0.9870362        1.620378    -0.048193914              -0               -0        9.089396                   9.089396
             11       5.7620768      0.93553983       1.6934863      -0.0736084              -0               -0       11.524154                  11.524154
              3       5.3756119       0.9558667       1.5695248     0.020629204              -0               -0       10.751224                  10.751224
              7       4.6336001       1.0362632       1.4622174     0.023997353              -0               -0       9.2672003                  9.2672003
              3        4.611475       1.0432044        1.452838     0.023184923              -0               -0         9.22295                    9.22295
              3       4.5632011       1.0470319        1.456506     0.034534024              -0               -0       9.1264022                  9.1264022
              3       5.3347325      0.95072342       1.6468968     0.018386043              -0               -0       10.669465                  10.669465
              4       5.4983527      0.91680865       1.6489796    -0.003489378              -0               -0       10.996705                  10.996705
              7       5.7632944       0.9045243       1.6635799   -0.0066379866              -0               -0       11.526589                  11.526589
              2       5.6384427      0.93617052       1.6131448     0.024201208              -0               -0       11.276885                  11.276885
              3       5.2402911      0.94267869       1.6127506     0.014449016              -0               -0       10.480582                  10.480582
              1       4.6399889       1.2014614       1.3335157    0.0031008365              -0               -0       9.2799778                  9.2799778
              3       5.1806702       1.1592147       1.4560503    -0.039938954              -0               -0        10.36134                   10.36134
              5       4.6184612       1.2059374       1.3383982    0.0086247342              -0               -0       9.2369225                  9.2369225
              3       3.9915017       1.1250201        1.439914   -0.0055013795              -0               -0       7.9830034                  7.9830034
              1       4.0648909       1.1059885       1.4875573   -0.0049631725              -0               -0       8.1297818                  8.1297818
              7       4.1784283       1.0161616       1.5969129    -0.035253291              -0               -0       8.3568567                  8.3568567
              9       4.3086752       1.0091728       1.5965207    -0.042501011              -0               -0       8.6173504                  8.6173504
              1       4.4048948      0.96975724       1.6470163    -0.024252764              -0               -0       8.8097896                  8.8097896
              7       4.6273249      0.96501799       1.6741032    -0.033599535              -0               -0       9.2546498                  9.2546498
              9       4.3664906       1.0273738       1.5987643   -0.0096035072              -0               -0       8.7329812                  8.7329812
              2        4.505218       1.0269962        1.605299   -0.0090934992              -0               -0       9.0104359                  9.0104359
              1       4.0129289       1.0862031       1.5023662    0.0049180402              -0               -0       8.0258579                  8.0258579
              2       4.1505079       1.1009427       1.4948498    0.0042067729              -0               -0       8.3010158                  8.3010158
              5       4.8081814      0.96088347       1.5872009   0.00053743992              -0               -0       9.6163628                  9.6163628
              2       4.7592195      0.93902311       1.6737241    -0.025111509              -0               -0        9.518439                   9.518439
              3       4.6268512      0.94941704       1.6629966    -0.020486768              -0               -0       9.2537024                  9.2537024
              9        4.201487      0.98990912       1.6149132    -0.027797693              -0               -0        8.402974                   8.402974
              1       4.0625574       1.0404119       1.5172151      0.01802268              -0               -0       8.1251147                  8.1251147
              1        4.065748       1.0395808       1.5174646     0.018001473              -0               -0        8.131496                   8.131496
              4       4.4772612       1.0690841       1.4595213     0.044389489              -0               -0       8.9545224                  8.9545224
              2       4.6922586       1.0427175       1.6022559    -0.016268675              -0               -0       9.3845172                  9.3845172
              4       5.2923252       1.0277457       1.6177305    -0.071566821              -0               -0        10.58465                   10.58465
              1        4.455504       1.0511868       1.5708163    -0.046774604              -0               -0       8.9110079                  8.9110079
              1       4.0019624       1.0392918       1.5263731    -0.021720955              -0               -0       8.0039249                  8.0039249
              2          4.4703       1.1911424       1.3345221     0.014991478              -0               -0       8.9405999                  8.9405999
             23       4.5555843       1.0411051       1.5091334    -0.037046725              -0               -0       9.1111687                  9.1111687
              4        4.588998       1.0460117       1.4809101    -0.024683528              -0               -0       9.1779961                  9.1779961
              4       5.4036948       1.0912045       1.3828211    -0.010893349              -0               -0        10.80739                   10.80739
              5       5.3245108       1.0918494       1.3778168     0.066099991              -0               -0       10.649022                  10.649022
              3       4.7003591       1.0875511       1.3958458     0.043109842              -0               -0       9.4007183                  9.4007183
              2       5.7600601       1.1384747       1.3531588     0.087220293              -0               -0        11.52012                   11.52012
              6       6.8077819        1.326731       1.2491347     0.030031903              -0               -0       13.615564                  13.615564
              2       8.8926013       1.2863218       1.3595905     0.042375483              -0               -0       17.785203                  17.785203
              1       5.1823791       1.0875326       1.5408868     0.015863162              -0               -0       10.364758                  10.364758
              7       5.8450489       1.1039585       1.4731514     0.062821894              -0               -0       11.690098                  11.690098
              4       5.6702224       1.1970536       1.3982911    -0.043185905              -0               -0       11.340445                  11.340445
              1       5.7194935       1.2126526       1.3659672    -0.038727914              -0               -0       11.438987                  11.438987
              1       5.6105461       1.1222264       1.4466952    -0.061326457              -0               -0       11.221092                  11.221092
              5       5.3426409       1.1691375       1.4384079    -0.043600305              -0               -0       10.685282                  10.685282
              1       5.5987207       1.1245133        1.535809    -0.029944188              -0               -0       11.197441                  11.197441
              1       6.5224432       1.0263196       1.5697142     0.058086202              -0               -0       13.044886                  13.044886
              1       6.3655386       1.1516076       1.3685175     0.094844734              -0               -0       12.731077                  12.731077
              3       6.7437925       1.1629137        1.366688     0.098474983              -0               -0       13.487585                  13.487585
              2        3.948152        1.123985       1.4219933     0.011578087              -0               -0        7.896304                   7.896304
              4       4.2715991       1.1706412       1.3854905    0.0073368987              -0               -0       8.5431981                  8.5431981
              1       4.7219326       1.0823439       1.4304763     -0.02166059              -0               -0       9.4438651                  9.4438651
              3       4.9518094       1.0226966       1.5336476     0.044103097              -0               -0       9.9036187                  9.9036187
              4       4.3965034       1.1783696       1.3702792     0.026366459              -0               -0       8.7930068                  8.7930068
              1       4.4937172       1.1760681       1.3829862     0.028617583              -0               -0       8.9874343                  8.9874343
              1       4.8618679        1.077106       1.4466512     0.057735078              -0               -0       9.7237358                  9.7237358
              2       4.1273962        1.097368       1.5044217     -0.02066395              -0               -0       8.2547924                  8.2547924
             10       4.3337614       1.1578676       1.4023913    -0.012894883              -0               -0       8.6675228                  8.6675228
              1       4.4879864       1.0809072       1.5065833    -0.045242083              -0               -0       8.9759727                  8.9759727
              4        4.000996       1.0114866       1.5770505     -0.01804467              -0               -0        8.001992                   8.001992
             11       4.3393639       1.1355149       1.3743935    0.0030867585              -0               -0       8.6787278                  8.6787278
              4       5.4800465       1.2688926       1.2344641      0.04405308              -0               -0       10.960093                  10.960093
              4       5.8104113       1.2915825       1.2126049     0.046428066              -0               -0       11.620823                  11.620823
              1       5.0788453       1.2428177       1.2840686     0.037952563              -0               -0       10.157691                  10.157691
              3       5.4339593       1.2562124        1.278556     0.049541884              -0               -0       10.867919                  10.867919
              1       6.2690856       1.2621073        1.348622    0.0076208227              -0               -0       12.538171                  12.538171
              3       5.0928326      0.98944596       1.6824843    -0.041562675              -0               -0       10.185665                  10.185665
              6       4.9411258        1.020416       1.6438159    -0.035670466              -0               -0       9.8822517                  9.8822517
              7       5.3191006       1.0411671       1.6070209    -0.070196635              -0               -0       10.638201                  10.638201
              2         5.30686       1.0391362       1.6074141    -0.070512821              -0               -0        10.61372                   10.61372
              3       6.4603344      0.89641953       1.8035841    -0.071756602              -0               -0       12.920669                  12.920669
              1       6.9098626      0.91017152       1.8034013     -0.08680111              -0               -0       13.819725                  13.819725
              6       11.123885      0.89103792       1.8052408     -0.14537235              -0               -0       22.247769                  22.247769
              1       8.3395777      0.96253322        1.714421     -0.12154525              -0               -0       16.679155                  16.679155
              2       7.9548503       0.9197278       1.8058513     -0.10799324              -0               -0       15.909701                  15.909701
              3       9.1924727       1.3213676       1.3362013     0.016854318              -0               -0       18.384945                  18.384945
              9       9.3139509       1.2919132       1.3757566     0.020618047              -0               -0       18.627902                  18.627902
              1       8.6079932       1.1133552       1.5757758     0.020995702              -0               -0       17.215986                  17.215986
              1       5.5020311       1.0218597       1.6058976    -0.077426985              -0               -0       11.004062                  11.004062
              3       5.9564515       1.1003742       1.3307995     0.026350058              -0               -0       11.912903                  11.912903
              4       6.0189419       1.1154322       1.3102161     0.033202058              -0               -0       12.037884                  12.037884
              4       5.6550669       1.1687634       1.3172937     0.085017955              -0               -0       11.310134                  11.310134
              5       5.0540344       1.1418066       1.3181935     0.047233448              -0               -0       10.108069                  10.108069
              1       4.3500617       1.0349832       1.5064611     0.030941318              -0               -0       8.7001234                  8.7001234
              1       4.0053676       1.0925342        1.490625    0.0079959932              -0               -0       8.0107351                  8.0107351
              2       3.9048879       1.0796912       1.5053755   -0.0011783777              -0               -0       7.8097759                  7.8097759
              3       4.0707661       1.1124629       1.4149741       0.0280601              -0               -0       8.1415322                  8.1415322
              3       4.3809642      0.98944265       1.5862665    -0.031730334              -0               -0       8.7619283                  8.7619283
              5       5.5581679       1.0323483       1.4654785    -0.028809247              -0               -0       11.116336                  11.116336
              3       6.8884813       1.0871988       1.3597898    -0.024160132              -0               -0       13.776963                  13.776963
              1       6.2207075       1.1789561        1.334824    -0.044258028              -0               -0       12.441415                  12.441415
              2       4.0596132        1.144204       1.4019137    0.0057574355              -0               -0       8.1192263                  8.1192263
              3       4.0009992        1.129455       1.4354287   -0.0020406019              -0               -0       8.0019984                  8.0019984
              2       4.1286622       1.1356721       1.3959969  -0.00025193209              -0               -0       8.2573243                  8.2573243
              2       4.4182482       1.0432542       1.5232551    -0.040062667              -0               -0       8.8364965                  8.8364965
              4       4.6227335       1.0586236       1.5395318     -0.05288912              -0               -0        9.245467                   9.245467
              5       4.7718019      0.99972191       1.6490952    -0.053992104              -0               -0       9.5436039                  9.5436039
              8       4.6856205       1.0818136       1.4879725    -0.047190188              -0               -0        9.371241                   9.371241
              1       5.0136013       1.0653302       1.4834553    -0.048803229              -0               -0       10.027203                  10.027203
              2        7.579835      0.96086739       1.6620879     -0.10629079              -0               -0        15.15967                   15.15967
              1       4.0276004       1.0671094       1.5374867    -0.010424099              -0               -0       8.0552009                  8.0552009
              8       4.2491866       1.0578181       1.5653099    -0.016212209              -0               -0       8.4983732                  8.4983732
             13       4.7304372      0.94956463       1.6683941    -0.041910853              -0               -0       9.4608743                  9.4608743
             10       4.2451296       1.0056367        1.573306    -0.032630953              -0               -0       8.4902592                  8.4902592
              6       4.1629905        1.001289       1.5565278   -0.0056189754              -0               -0       8.3259811                  8.3259811
              2       4.1493268       1.1260934       1.4615709    0.0017953281              -0               -0       8.2986535                  8.2986535
              1       4.7316894       1.1764218        1.411805    -0.019399733              -0               -0       9.4633788                  9.4633788
              2       5.3191069       1.2454083       1.3277055    0.0069943724              -0               -0       10.638214                  10.638214
              1       4.3049484       1.1722638       1.3768937    0.0018551524              -0               -0       8.6098968                  8.6098968
              2       4.2836592       1.1601458       1.4026931   -0.0076760077              -0               -0       8.5673184                  8.5673184
              4       5.6633959      0.98177884       1.6392382     0.024214437              -0               -0       11.326792                  11.326792
              4       3.9478171       1.1207826       1.4452272   0.00061374545              -0               -0       7.8956342                  7.8956342
              3       4.1368012       1.1073105       1.4918939     -0.01602876              -0               -0       8.2736023                  8.2736023
              4       4.3910706       1.0880026       1.5328881    -0.032446586              -0               -0       8.7821412                  8.7821412
              4         3.95607       1.0646149       1.5347707    -0.014166028              -0               -0         7.91214                    7.91214
             13        3.868411       1.0577422        1.530075    -0.011703618              -0               -0        7.736822                   7.736822
              2       4.0614504        1.060159        1.538449    -0.030569923              -0               -0       8.1229008                  8.1229008
              5       5.0034273        1.013229       1.6544596    -0.045049514              -0               -0       10.006855                  10.006855
              1       3.9763698       1.0405536       1.5494097   0.00060074172              -0               -0       7.9527395                  7.9527395
              4       4.9229818         1.20296       1.3413447    -0.013990525              -0               -0       9.8459636                  9.8459636
              5       4.9300426       1.1464308       1.3971447    -0.034672608              -0               -0       9.8600852                  9.8600852
              2       4.7958402       1.1241458       1.4271581    -0.038481537              -0               -0       9.5916803                  9.5916803
              2       4.3999709       1.0361138       1.5364919    -0.041271164              -0               -0       8.7999417                  8.7999417
              5           4.539       1.1714779       1.3575097   -0.0073615671              -0               -0           9.078                      9.078
              3       5.4738977       1.2137611        1.296158    -0.014965729              -0               -0       10.947795                  10.947795
              2       5.6241637       1.2039205       1.2865202    -0.011997151              -0               -0       11.248327                  11.248327
              4        5.487966        1.181217       1.2888689   0.00084555614              -0               -0       10.975932                  10.975932
              1       5.5964887       1.1886939       1.2787092    0.0016858065              -0               -0       11.192977                  11.192977
              6       6.1941779       1.3101203       1.1922498     0.025748199              -0               -0       12.388356                  12.388356
              1       6.2362323       1.2802186       1.2154394   0.00090566899              -0               -0       12.472465                  12.472465
              1       6.4159755       1.2831657       1.1881323      0.01275615              -0               -0       12.831951                  12.831951
              8       4.6727074       1.1743183        1.322443     0.010569226              -0               -0       9.3454149                  9.3454149
              1       4.6057404       1.1680302       1.3289561     0.011865503              -0               -0       9.2114808                  9.2114808
              1       4.9550613       1.1860592       1.2903456     0.024059053              -0               -0       9.9101225                  9.9101225
              8       4.0502445       1.0301332       1.5237477     -0.01514063              -0               -0        8.100489                   8.100489
              4       4.6411254      0.96575121       1.6271002    0.0041645803              -0               -0       9.2822507                  9.2822507
              1       4.8336438      0.95665363       1.6497776    0.0021501778              -0               -0       9.6672876                  9.6672876
              1       4.9200468       1.1226556       1.4951253     0.012860976              -0               -0       9.8400936                  9.8400936
              2        4.846568       1.1125076       1.5233971    -0.014637764              -0               -0        9.693136                   9.693136
              8       6.0172596       1.1105132       1.5381888    -0.071682487              -0               -0       12.034519                  12.034519
              2       5.0248642       1.2036036       1.3771311      0.02605594              -0               -0       10.049728                  10.049728
              1       5.6541896       1.2152483       1.3896518     0.022742642              -0               -0       11.308379                  11.308379
              1       6.1253521       1.2353044        1.383367     0.012213856              -0               -0       12.250704                  12.250704
              2       5.1196628       1.2138446        1.364445    -0.015912713              -0               -0       10.239326                  10.239326
              1       6.7134813       1.0418535       1.4287163    -0.035133158              -0               -0       13.426963                  13.426963
              2       6.4855739       1.0372757       1.4274055    -0.024162075              -0               -0       12.971148                  12.971148
              2       8.1482302       1.2563474         1.21213    -0.037789987              -0               -0        16.29646                   16.29646
              1       9.3311867       1.2594067       1.4246782    0.0083121376              -0               -0       18.662373                  18.662373
              1       8.9037962       1.3435893       1.2601922     0.069492452              -0               -0       17.807592                  17.807592
              3       6.9519796       1.2748649       1.1618742     0.020002229              -0               -0       13.903959                  13.903959
              1       4.5647214      0.99648761       1.5742652    -0.039512049              -0               -0       9.1294428                  9.1294428
              2       5.1308066       1.0246639       1.5853447    -0.068147351              -0               -0       10.261613                  10.261613
              2       4.6221302       1.0007062       1.6169066    -0.054307839              -0               -0       9.2442605                  9.2442605
              6        4.747249      0.99157938       1.6327658    -0.057587393              -0               -0       9.4944981                  9.4944981
              8       5.1536732       1.2505183       1.2914465     0.021388733              -0               -0       10.307346                  10.307346
              1         6.78538        1.141118       1.3721113      0.10328728              -0               -0        13.57076                   13.57076
              1       6.4326417       1.2297548       1.3028668     0.088200085              -0               -0       12.865283                  12.865283
              6       6.2246463      0.96756333       1.7010052     -0.09023922              -0               -0       12.449293                  12.449293
              5       6.0170557      0.97008445       1.6949482    -0.086475458              -0               -0       12.034111                  12.034111
              2       5.1054044        1.002002       1.6659387    -0.057154719              -0               -0       10.210809                  10.210809
              4       4.0303365       1.0764861       1.5108402    -0.027196347              -0               -0       8.0606729                  8.0606729
              2       4.0936846       1.0963816       1.4478706    -0.016219431              -0               -0       8.1873693                  8.1873693
              4       5.3032827       1.2622578       1.2685098     0.023634305              -0               -0       10.606565                  10.606565
              2       7.2973191        1.335681       1.2438309    -0.008971236              -0               -0       14.594638                  14.594638
              3       7.4652104       1.3502067       1.2191471   -0.0051751996              -0               -0       14.930421                  14.930421
              5       5.5799208       1.1143821       1.4747357    -0.065573879              -0               -0       11.159842                  11.159842
              2       4.5179758        1.107054       1.4566084    -0.037435035              -0               -0       9.0359516                  9.0359516
              8       4.6856932       1.1864946       1.3996663   -0.0026652618              -0               -0       9.3713865                  9.3713865
              1       4.4986814       1.1591098       1.4336489    -0.012902755              -0               -0       8.9973627                  8.9973627
              1        5.369875       1.2059995       1.3905052     0.024792136              -0               -0        10.73975                   10.73975
              3       5.4942061       1.1249542       1.3680455     0.080174111              -0               -0       10.988412                  10.988412
              1        5.084088       1.0245247       1.5426125     0.044556211              -0               -0       10.168176                  10.168176
              1       3.9059496       1.0826424       1.5032269    -0.013716221              -0               -0       7.8118993                  7.8118993
              2       5.5064405       1.2109107       1.3987044    -0.021385314              -0               -0       11.012881                  11.012881
              2       6.3517061       1.1632907       1.4913815    -0.056352891              -0               -0       12.703412                  12.703412
              1       4.2098535      0.99878095       1.5668093    -0.019668814              -0               -0       8.4197071                  8.4197071
             11       4.5763492       1.0201351       1.5554432     0.028030326              -0               -0       9.1526984                  9.1526984
              1       4.8940061       1.1445614       1.4374813     0.037772602              -0               -0       9.7880121                  9.7880121
              1       4.4719688       1.1834511       1.3484848     0.002272101              -0               -0       8.9439376                  8.9439376
              3       5.3157975      0.93504693       1.6501908     0.012502429              -0               -0       10.631595                  10.631595
              3        4.941494      0.95623908       1.6129181     0.014504968              -0               -0       9.8829879                  9.8829879
              3        4.216559       1.1670293       1.3774314     0.014107314              -0               -0        8.433118                   8.433118
              4       4.2983499       1.1714477       1.3829787     0.018002492              -0               -0       8.5966999                  8.5966999
              5       4.2335973       1.1656833       1.3900153     0.013516061              -0               -0       8.4671947                  8.4671947
              1        4.464825       1.1863329       1.3602499   0.00042023675              -0               -0         8.92965                    8.92965
              3       4.4467845       1.1840709       1.3630391   -0.0002354703              -0               -0       8.8935689                  8.8935689
              1       4.3884786       1.1780562       1.3613596    0.0015083157              -0               -0       8.7769571                  8.7769571
              5       5.0137271       1.2135263       1.3113319   -0.0055394109              -0               -0       10.027454                  10.027454
              1       5.3778579       1.2454516       1.2622799    0.0067963046              -0               -0       10.755716                  10.755716
              2       5.1449898       1.2466936       1.3035908     0.023837474              -0               -0        10.28998                   10.28998
              3       5.5056395       1.2260914       1.3194997    -0.023175184              -0               -0       11.011279                  11.011279
              1       7.0286334       1.1336272       1.3628039    -0.057210154              -0               -0       14.057267                  14.057267
              3        6.215478       1.0628182       1.4615239     -0.06087073              -0               -0       12.430956                  12.430956
              2       6.0723678       1.2458013       1.2339715   -0.0019563377              -0               -0       12.144736                  12.144736
              9       6.4679742       1.2655472         1.20866   -0.0011338673              -0               -0       12.935948                  12.935948
              2       4.5328838       1.1316733       1.4226999    -0.030035474              -0               -0       9.0657676                  9.0657676
              3       5.4286771       1.1205042       1.4743072    -0.061877201              -0               -0       10.857354                  10.857354
              1       5.3211393       1.1795103       1.3507998    -0.031243334              -0               -0       10.642279                  10.642279
              3       5.2851029       1.1064958       1.4069318    -0.036102608              -0               -0       10.570206                  10.570206
              4       3.8905918       1.0918111       1.4648005     0.013924622              -0               -0       7.7811836                  7.7811836
              1       4.2705466       1.0118888        1.592201    0.0017837695              -0               -0       8.5410931                  8.5410931
              5       4.8465551      0.99206891        1.644141    -0.003701493              -0               -0       9.6931102                  9.6931102
              9       5.0399026       0.9921728       1.6532439   -0.0051375457              -0               -0       10.079805                  10.079805
              1        5.816171       1.0072127       1.6802611    -0.072145429              -0               -0       11.632342                  11.632342
             12       6.2657423      0.92023226       1.7462906   -0.0071212027              -0               -0       12.531485                  12.531485
              8       4.5823155      0.95692918       1.6206099    -0.010851854              -0               -0        9.164631                   9.164631
              3       4.4435278      0.96695668       1.6107486   -0.0085960984              -0               -0       8.8870557                  8.8870557
              2       5.9926956       1.1377734       1.4714593     0.045350728              -0               -0       11.985391                  11.985391
              2        6.218131       1.0228304       1.4612146     0.075672442              -0               -0       12.436262                  12.436262
              2       7.7393298      0.83196035       1.7875299    -0.053876214              -0               -0        15.47866                   15.47866
              4       7.0553759      0.87535723       1.8390671    -0.052938928              -0               -0       14.110752                  14.110752
              1       7.6149385      0.86963213       1.7823877    0.0078827785              -0               -0       15.229877                  15.229877
              1       7.6295936      0.86906343       1.7831298    0.0077958176              -0               -0       15.259187                  15.259187
              2       7.1385376      0.85652308        1.762319   0.00045944834              -0               -0       14.277075                  14.277075
              2       6.1885822       1.1050363       1.5492243    -0.075496949              -0               -0       12.377164                  12.377164
              1       5.5526869      0.97371112       1.7111844    -0.035064452              -0               -0       11.105374                  11.105374
              4       6.0293389       1.1164116        1.516826     0.028815842              -0               -0       12.058678                  12.058678
              5       4.9340132       1.0673422       1.5527436     0.017236035              -0               -0       9.8680264                  9.8680264
              8       6.1569837       1.1672571       1.2873224   -0.0091324015              -0               -0       12.313967                  12.313967
              1       6.9976063       1.2424551       1.2467916    -0.031320208              -0               -0       13.995213                  13.995213
              4       7.4418801       1.2682617       1.2022944    -0.021903372              -0               -0        14.88376                   14.88376
              3       9.1125891       1.0813829       1.3163065     -0.02260879              -0               -0       18.225178                  18.225178
              1       10.496277       1.1450839       1.4831224     -0.12790269              -0               -0       20.992555                  20.992555
              3       9.9612208       1.1117544       1.4982762     -0.12586599              -0               -0       19.922442                  19.922442
              2       11.922065        1.073401       1.5034402      -0.1411085              -0               -0        23.84413                   23.84413
              3       10.279773       1.2571019       1.0915633     0.016931026              -0               -0       20.559545                  20.559545
              1        10.55749       1.2195417       1.1252981    0.0069508498              -0               -0        21.11498                   21.11498
             11       10.961534       1.2074554       1.1187259     0.019277568              -0               -0       21.923067                  21.923067
              1       11.039736       1.2468702       1.0911297    0.0093608737              -0               -0       22.079472                  22.079472
              2       11.484522       1.1251813        1.277876     -0.06376642              -0               -0       22.969044                  22.969044
              5       10.378104       1.1024899       1.3163524    -0.060196312              -0               -0       20.756207                  20.756207
              7       6.4545243      0.90215057       1.6306461   0.00098146969              -0               -0       12.909049                  12.909049
              4       6.2539247       1.2284406       1.2976282    -0.035772676              -0               -0       12.507849                  12.507849
              3       4.9231745       1.0679956       1.4489643    -0.030110346              -0               -0       9.8463489                  9.8463489
              4       4.9565734       1.2033099        1.320929   -0.0083421589              -0               -0       9.9131468                  9.9131468
              3       4.9576169       1.1827945       1.3484737    -0.020140372              -0               -0       9.9152338                  9.9152338
             17       4.9738627        1.162708        1.381694     -0.03177115              -0               -0       9.9477254                  9.9477254
              4       5.5485674       1.1425711       1.3377004    -0.017473768              -0               -0       11.097135                  11.097135
              3       5.6007008       1.2254315       1.3684314      -0.0248024              -0               -0       11.201402                  11.201402
              3       7.3650967        1.352918       1.2266942     0.025958447              -0               -0       14.730193                  14.730193
              7       5.0113707       1.1421847       1.4314139     0.046393447              -0               -0       10.022741                  10.022741
              1       4.3785575       1.1429327       1.4544985   -0.0099748924              -0               -0        8.757115                   8.757115
              5       4.5042047       1.0947469       1.5252308   -0.0013943142              -0               -0       9.0084093                  9.0084093
              1       4.5694544      0.95803917       1.6412056    -0.033452676              -0               -0       9.1389088                  9.1389088
              1       4.3581539        1.003535       1.5961966    -0.043037662              -0               -0       8.7163079                  8.7163079
              3       4.6031342      0.99083623       1.6105852    -0.050060307              -0               -0       9.2062684                  9.2062684
              2       4.2926473      0.97883741        1.615959   -0.0091988064              -0               -0       8.5852945                  8.5852945
              1       4.4661673      0.98478313       1.6188685    -0.043633784              -0               -0       8.9323346                  8.9323346
              5       4.6305376       1.0654267       1.4407966    -0.011858429              -0               -0       9.2610753                  9.2610753
              3       4.4417878       1.0968959       1.3951957     0.015452149              -0               -0       8.8835756                  8.8835756
              5       4.3441523       1.0948764       1.4036998     0.012754285              -0               -0       8.6883047                  8.6883047
             12       4.4589227       1.1102018       1.3790411     0.032340517              -0               -0       8.9178454                  8.9178454
              4       5.1348365        1.063583       1.4022305     0.037880312              -0               -0       10.269673                  10.269673
              2       5.1939201       1.0445831        1.450663     0.057793118              -0               -0        10.38784                   10.38784
              1       4.9966443       1.1871098       1.3210712     0.062663403              -0               -0       9.9932886                  9.9932886
              2       4.8686935       1.1828841       1.3293881     0.058301386              -0               -0        9.737387                   9.737387
              6       4.8853242       1.0970082       1.3988793      0.06021259              -0               -0       9.7706483                  9.7706483
              5       4.7271357       1.0010117       1.5164103      0.02180196              -0               -0       9.4542714                  9.4542714
              1       4.6042449      0.99530337       1.5341194     0.016875541              -0               -0       9.2084897                  9.2084897
              1       4.1902237       1.0368061       1.4910143     0.017322238              -0               -0       8.3804474                  8.3804474
              3       4.1556724       1.0482836       1.4771762     0.020071113              -0               -0       8.3113449                  8.3113449
              2       7.3141711      0.87328832       1.7099613    -0.060075498              -0               -0       14.628342                  14.628342
              1       7.9473316      0.93954852       1.5853265    -0.068694056              -0               -0       15.894663                  15.894663
              6       8.1809543       1.1592732       1.2038793     0.084410143              -0               -0       16.361909                  16.361909
              1       7.7691944       1.3184143       1.1298915    0.0066334253              -0               -0       15.538389                  15.538389
              4       8.4508929       1.0951904       1.6321989    -0.029244851              -0               -0       16.901786                  16.901786
              1       7.6292816        1.296484       1.3203616     0.040099502              -0               -0       15.258563                  15.258563
              1       5.9716605       1.2300781       1.3406104     0.058140952              -0               -0       11.943321                  11.943321
              4       5.9095533       1.2974335        1.208413     0.030102796              -0               -0       11.819107                  11.819107
              7       4.4424808       1.1726848        1.396094     0.019330397              -0               -0       8.8849616                  8.8849616
              2        6.320801       1.3222475       1.1899466     0.028962085              -0               -0       12.641602                  12.641602
              1       6.6153265        1.271323       1.1628264     0.038156731              -0               -0       13.230653                  13.230653
              4       6.4819267       1.1954416       1.2146971     0.062501258              -0               -0       12.963853                  12.963853
              1       8.0746433       1.1479892       1.2166125     0.062209013              -0               -0       16.149287                  16.149287
              2       8.3006545       1.0789618       1.2984901     0.088985126              -0               -0       16.601309                  16.601309
              1       5.7868502       1.1832267       1.2713968     0.081978742              -0               -0         11.5737                    11.5737
              4       5.7808995       1.1828398       1.2720152     0.081893025              -0               -0       11.561799                  11.561799
              1       5.0379922       1.0503578       1.4332645     0.048274359              -0               -0       10.075984                  10.075984
              1       5.0497368       1.0264036       1.5208442     0.049282309              -0               -0       10.099474                  10.099474
              2       5.6619473       1.1034214       1.5487141    -0.063110371              -0               -0       11.323895                  11.323895
              4       6.5935356       1.2041739       1.4188981    -0.058331343              -0               -0       13.187071                  13.187071
              5       6.0464342       1.1075285       1.5404282    -0.073447506              -0               -0       12.092868                  12.092868
              1       6.4956222        1.016552       1.4234848     0.021180876              -0               -0       12.991244                  12.991244
              1       6.3505921       1.0185977       1.4233387     0.026389355              -0               -0       12.701184                  12.701184
              5       6.4394957      0.99152013       1.4612842     0.028847526              -0               -0       12.878991                  12.878991
              5       6.2821513       1.0226712       1.4186433     0.033462343              -0               -0       12.564303                  12.564303
              1       5.5639501       1.2692698       1.2631481     0.048458851              -0               -0         11.1279                    11.1279
              2        5.119002       1.1986115       1.3993632     0.013519639              -0               -0       10.238004                  10.238004
              2       4.5824988       1.2021994       1.3328582    0.0095579176              -0               -0       9.1649976                  9.1649976
              1        4.952427       1.1422078       1.3581836     0.065615009              -0               -0        9.904854                   9.904854
              6       10.577122       1.0231759       1.3229519     0.036134099              -0               -0       21.154245                  21.154245
              4       7.4602444       1.1920599       1.1890992     0.077133423              -0               -0       14.920489                  14.920489
              2        7.074163      0.88318339       1.6493438   -0.0011306298              -0               -0       14.148326                  14.148326
              3       5.7308583      0.94062658       1.6210212     0.031028176              -0               -0       11.461717                  11.461717
              4       4.8044143       1.0303805       1.5873397     0.014159762              -0               -0       9.6088286                  9.6088286
              2       3.9995936       1.0323231       1.5609888   -0.0019247099              -0               -0       7.9991872                  7.9991872
              1       3.9570985       1.0460936       1.5379534    0.0040652266              -0               -0       7.9141971                  7.9141971
              1       4.0298898       1.0896185       1.5089125   -0.0094164945              -0               -0       8.0597797                  8.0597797
              2       4.5097849       0.9567611       1.6483791    -0.020838484              -0               -0       9.0195697                  9.0195697
              2       5.5726042      0.92871001       1.7432492    -0.030589343              -0               -0       11.145208                  11.145208
              6       5.3422369      0.94554353       1.7002393    -0.067016697              -0               -0       10.684474                  10.684474
              1       5.8683614      0.96595619       1.5366097    -0.014942532              -0               -0       11.736723                  11.736723
              9       4.9907904       1.0041676        1.494435     0.019500117              -0               -0       9.9815809                  9.9815809
              2        4.282317       1.0785282       1.4405224   -0.0088475509              -0               -0       8.5646339                  8.5646339
              4       4.2630753       1.0777931       1.4444334    -0.010643391              -0               -0       8.5261506                  8.5261506
              4       4.2113997       1.0876018        1.430739   -0.0043325643              -0               -0       8.4227994                  8.4227994
              3       5.2663553       1.0413389       1.4504881    -0.016900789              -0               -0       10.532711                  10.532711
              2        6.013902       1.1170231       1.3474719    -0.019279378              -0               -0       12.027804                  12.027804
              5       6.1264336       1.1124938       1.3507196    -0.021106699              -0               -0       12.252867                  12.252867
              1       5.9323257       1.2825904       1.2605395     0.053392949              -0               -0       11.864651                  11.864651
              4       8.1942317       1.2260395       1.4596483    -0.038256378              -0               -0       16.388463                  16.388463
              1        7.900434       1.2132168       1.4658335    -0.053621118              -0               -0       15.800868                  15.800868
              1       6.4631331       1.1795445        1.480823    -0.042287594              -0               -0       12.926266                  12.926266
              4       7.2903519       1.1175848       1.5868082    -0.060986771              -0               -0       14.580704                  14.580704
              3       7.7814468       1.1182034       1.3426258       0.1239249              -0               -0       15.562894                  15.562894
              1       6.3449649       1.2166715        1.206918     0.076479075              -0               -0        12.68993                   12.68993
              2       6.0707431      0.97602607       1.7111442    -0.082786684              -0               -0       12.141486                  12.141486
              3       4.9615136       1.1233592       1.4369581    -0.045376139              -0               -0       9.9230272                  9.9230272
              1       5.9800932       1.2412088       1.2577895     0.084451493              -0               -0       11.960186                  11.960186
              2       5.9312186        1.192514       1.3560424     0.075268798              -0               -0       11.862437                  11.862437
              1       6.3852558       1.3266846       1.1900333      0.05001108              -0               -0       12.770512                  12.770512
              1        7.630495       1.3186842       1.0934798     0.082135267              -0               -0        15.26099                   15.26099
              5       6.2453372       1.2422158       1.1906851     0.043698581              -0               -0       12.490674                  12.490674
              2       5.6622898       1.2399678       1.2177865      0.05238401              -0               -0        11.32458                   11.32458
              2       5.9704313        1.217944       1.3774626    -0.041828989              -0               -0       11.940863                  11.940863
              6         6.47236       1.1410008       1.4271292    -0.072661447              -0               -0        12.94472                   12.94472
              1       5.2960219        1.217645       1.2553709     0.024136083              -0               -0       10.592044                  10.592044
              2       5.7766442       1.2139821       1.2353026     0.025143352              -0               -0       11.553288                  11.553288
              5       5.9827581        1.174906       1.2527563     0.067171641              -0               -0       11.965516                  11.965516
              3       6.3971644         0.98772       1.4924435    -0.020500494              -0               -0       12.794329                  12.794329
              2       5.9292756       1.0992152       1.4864717    -0.073715427              -0               -0       11.858551                  11.858551
              2       4.9665711       1.0523439       1.5869355    -0.060525765              -0               -0       9.9331422                  9.9331422
              1       4.3971863        1.055452       1.5622969    -0.044690763              -0               -0       8.7943725                  8.7943725
              8       4.6856542       1.0099386       1.5744456     -0.05114103              -0               -0       9.3713085                  9.3713085
              2       4.5408785       1.0762678       1.4521832    -0.026123387              -0               -0        9.081757                   9.081757
              1        4.770618        1.022018       1.5055185      0.04147205              -0               -0       9.5412361                  9.5412361
              2       4.7533385       1.1063557       1.4581643     0.046006645              -0               -0        9.506677                   9.506677
              5       3.9704631       1.0791356       1.4764908     0.020297866              -0               -0       7.9409262                  7.9409262
              1       3.8918891       1.0592622       1.5219988    0.0021135555              -0               -0       7.7837781                  7.7837781
              2       3.8812199       1.0650002       1.5157019    0.0017069049              -0               -0       7.7624397                  7.7624397
              4       5.6018129         1.14059       1.3296414    -0.011186964              -0               -0       11.203626                  11.203626
              2       4.8984004        1.168944       1.3133492     0.010555614              -0               -0       9.7968009                  9.7968009
              2       8.4074297       1.3070665       1.1782251      0.13058277              -0               -0       16.814859                  16.814859
              4       8.4240941       1.3503622       1.1736574      0.11019016              -0               -0       16.848188                  16.848188
              2       6.6713673       1.3041811       1.2631198     0.054455796              -0               -0       13.342735                  13.342735
              5       5.9213654       1.2771387       1.2660357     0.056214026              -0               -0       11.842731                  11.842731
              1       5.8219287       1.2727177       1.2713674     0.053811408              -0               -0       11.643857                  11.643857
              1       5.7355542       1.2602948        1.284478     0.056271686              -0               -0       11.471108                  11.471108
              2       5.6014889       1.2324607       1.3101602     0.062783397              -0               -0       11.202978                  11.202978
              2       5.7073615       1.2345042       1.3112957     0.063934482              -0               -0       11.414723                  11.414723
              1       4.5397726       1.1209622       1.4196483     0.048247441              -0               -0       9.0795451                  9.0795451
              1       4.4858946       1.1230752       1.4161795     0.046741055              -0               -0       8.9717891                  8.9717891
              1       4.1374271       1.0696762       1.4908043     0.026570831              -0               -0       8.2748542                  8.2748542
              9       4.8949199        1.083696       1.3873813     0.021474354              -0               -0       9.7898398                  9.7898398
              2       4.4391584       1.0705413       1.4349153     0.038256024              -0               -0       8.8783167                  8.8783167
              3       5.4265718       1.2664606       1.2670302     0.013781642              -0               -0       10.853144                  10.853144
              2        4.561253       1.1853605       1.3897123   -0.0022963318              -0               -0        9.122506                   9.122506
              4       4.9287114       1.1296248        1.363025     0.063895596              -0               -0       9.8574228                  9.8574228
              1       4.3521624       1.0724651       1.5046476     0.027972572              -0               -0       8.7043248                  8.7043248
              3       3.8194257       1.0596091       1.5096046   -0.0065235573              -0               -0       7.6388515                  7.6388515
              2       5.5556002      0.97041593       1.7092148    -0.069483263              -0               -0         11.1112                    11.1112
              2       4.5624422         1.02921       1.6144407    -0.042936791              -0               -0       9.1248844                  9.1248844
              1       4.6594763       1.0384729       1.6071564      -0.0462568              -0               -0       9.3189526                  9.3189526
              2        4.603216      0.98800825       1.6555304    -0.044809599              -0               -0       9.2064321                  9.2064321
              1        4.814621      0.98037575       1.6712868    -0.052209545              -0               -0       9.6292421                  9.6292421
              1       4.9396141      0.96835747        1.693433     -0.03991254              -0               -0       9.8792282                  9.8792282
             10        5.324794       1.1591516       1.4720653   -0.0014725771              -0               -0       10.649588                  10.649588
             11       5.6688438       1.1780787       1.4605147    -0.011214078              -0               -0       11.337688                  11.337688
              1       5.0654937       1.1892813       1.3554653    -0.025479257              -0               -0       10.130987                  10.130987
              4       4.2748044        1.138602       1.3748493    0.0053192006              -0               -0       8.5496088                  8.5496088
              6       4.1140838       1.1131956       1.4048487    0.0063834789              -0               -0       8.2281676                  8.2281676
              9       3.9261139        1.097243       1.4363543    0.0087735121              -0               -0       7.8522278                  7.8522278
              3        4.716188       1.0231035       1.4807468    0.0023984023              -0               -0        9.432376                   9.432376
              1       4.8023921       1.0206126       1.4776078     0.010525472              -0               -0       9.6047841                  9.6047841
              7       4.8986322       1.0189854       1.6129717    0.0051677689              -0               -0       9.7972645                  9.7972645
              3       4.6335399       1.0111547        1.519366     0.031702919              -0               -0       9.2670798                  9.2670798
              1       4.2715637       1.0183533       1.6056701    -0.014900077              -0               -0       8.5431275                  8.5431275
              2       6.4311621      0.87874489       1.7108964    0.0013530797              -0               -0       12.862324                  12.862324
              2       6.3698134      0.88112708       1.6902836    -0.013009452              -0               -0       12.739627                  12.739627
              3       4.5522253      0.99872057       1.5907398     -0.04685742              -0               -0       9.1044507                  9.1044507
              1       5.8116815      0.91250052       1.6473307    -0.026766662              -0               -0       11.623363                  11.623363
              1       4.8186304       1.0127966       1.4955757     0.031606719              -0               -0       9.6372608                  9.6372608
              7       5.5449145      0.96844122       1.6218819      0.03227779              -0               -0       11.089829                  11.089829
              2       4.7217854        1.137972       1.4438818    -0.038679218              -0               -0       9.4435708                  9.4435708
              1       4.3485736       1.1150188       1.4475535    -0.029926934              -0               -0       8.6971472                  8.6971472
              5       6.4245872       1.0499885        1.525905     -0.08306516              -0               -0       12.849174                  12.849174
              6       6.2525422        1.048298       1.5277684    -0.080582198              -0               -0       12.505084                  12.505084
              1       5.0188401      0.96877833       1.5588726     0.014014016              -0               -0        10.03768                   10.03768
              1       4.9787246       1.1737765       1.3305883      0.06428589              -0               -0       9.9574493                  9.9574493
              8       4.8966048       1.1650069       1.3589011      0.06045665              -0               -0       9.7932095                  9.7932095
              2       5.0980904       1.1898458       1.2973745     0.064442641              -0               -0       10.196181                  10.196181
              4       4.9162583       1.1825661       1.3442562     0.057857003              -0               -0       9.8325167                  9.8325167
              3       4.7707883       1.1630116       1.3703898     0.054374539              -0               -0       9.5415767                  9.5415767
              8       4.3704385       1.1219901       1.3828316    0.0030236991              -0               -0        8.740877                   8.740877
              4       4.3717244       1.1122061       1.3922301     0.001842526              -0               -0       8.7434488                  8.7434488
              2       4.9817832       1.1805734       1.3959774     -0.03062462              -0               -0       9.9635665                  9.9635665
              3       4.1907867       1.0822301       1.5224204     0.001522702              -0               -0       8.3815734                  8.3815734
              4       6.0095639       1.0372724       1.4170926     0.061772176              -0               -0       12.019128                  12.019128
              5       6.2908885       1.1839844       1.2879248    -0.022268731              -0               -0       12.581777                  12.581777
              3       4.8176076       1.1332181       1.3807528    -0.020799501              -0               -0       9.6352152                  9.6352152
              1       4.2434162       1.0804982       1.4251456     0.014453782              -0               -0       8.4868324                  8.4868324
              5       4.2993635      0.99176197       1.6323255     -0.02920124              -0               -0       8.5987269                  8.5987269
              2       4.3581149      0.97274249       1.6384988    -0.019904486              -0               -0       8.7162298                  8.7162298
              6       5.6547112      0.99466644       1.6521105    0.0097296086              -0               -0       11.309422                  11.309422
              4       6.3474573       1.0182114       1.6880836    -0.039651797              -0               -0       12.694915                  12.694915
              7       4.8694577       1.0020489       1.6585381    -0.048910339              -0               -0       9.7389154                  9.7389154
              7       4.4298515        1.010852       1.6266725    -0.038863286              -0               -0       8.8597031                  8.8597031
              3       4.6437158       1.0237963       1.6039619   0.00090183567              -0               -0       9.2874317                  9.2874317
              3       5.2977866      0.96102848       1.6639304    0.0089534135              -0               -0       10.595573                  10.595573
              2       5.3017225      0.96576516       1.6626164     0.008464691              -0               -0       10.603445                  10.603445
              8       5.1785883       1.2477384       1.2623512     0.042479653              -0               -0       10.357177                  10.357177
             10       4.1605804        1.104924       1.4834144     0.011276538              -0               -0       8.3211608                  8.3211608
              2       4.2979423       1.0998801       1.4903262        0.017431              -0               -0       8.5958845                  8.5958845
              1       4.1836812       1.1195873       1.4120106     0.035425154              -0               -0       8.3673623                  8.3673623
              1       4.1579273       1.1297279       1.4016002     0.032609018              -0               -0       8.3158546                  8.3158546
              1       4.3993292       1.1513864       1.3769575     0.042450524              -0               -0       8.7986584                  8.7986584
              6       4.4662817       1.0905615       1.4279928     0.047031247              -0               -0       8.9325634                  8.9325634
              7       4.9140137       1.0657189       1.4435767      0.05732346              -0               -0       9.8280275                  9.8280275
              5       4.8300592       1.0615705       1.4534654     0.054233507              -0               -0       9.6601184                  9.6601184
              2        4.865338       1.0161776       1.5135616     0.042564585              -0               -0       9.7306759                  9.7306759
              3       4.9654928       1.0256754       1.5631839     0.033741949              -0               -0       9.9309857                  9.9309857
              3         4.85707       1.0466278       1.5221401     0.042628845              -0               -0         9.71414                    9.71414
              1       6.9998739       1.0929663       1.4135418      0.10394515              -0               -0       13.999748                  13.999748
              1       5.2880082       1.0310824       1.4723345     0.057864963              -0               -0       10.576016                  10.576016
              1       4.7537321       1.0172851       1.5330581     0.038559685              -0               -0       9.5074642                  9.5074642
              2       4.2656831       1.0693621        1.473568     0.035525764              -0               -0       8.5313662                  8.5313662
              7       3.8871211       1.0650766        1.498918     0.010716187              -0               -0       7.7742422                  7.7742422
              1       3.9200159       1.0580938       1.5136325    -0.020289332              -0               -0       7.8400317                  7.8400317
              2       3.9569932       1.0467261       1.5300448    -0.023748985              -0               -0       7.9139865                  7.9139865
              2        4.223357       1.0524455       1.5152852    -0.034107209              -0               -0        8.446714                   8.446714
              4        5.252197       1.2009033       1.2760552     0.011467946              -0               -0       10.504394                  10.504394
              3       6.2665613       1.3065814        1.219471    0.0064097664              -0               -0       12.533123                  12.533123
              1       6.1160195        1.227264       1.3936947    -0.029823701              -0               -0       12.232039                  12.232039
              1       5.2394013        1.191735       1.3368061    -0.024457533              -0               -0       10.478803                  10.478803
              4       4.9222366       1.0453929        1.473218     0.053200755              -0               -0       9.8444733                  9.8444733
              3       4.5633914       1.0733215       1.4299123   -0.0068416959              -0               -0       9.1267829                  9.1267829
              6       6.0382548       1.1458239       1.4835211    -0.066144675              -0               -0        12.07651                   12.07651
              2       6.1297008      0.95482131       1.5448543     -0.01243663              -0               -0       12.259402                  12.259402
              5       7.1883461      0.93182501       1.5527193    -0.011103135              -0               -0       14.376692                  14.376692
              8       4.7275537       1.0794791       1.4481801    -0.031281522              -0               -0       9.4551075                  9.4551075
              4       4.9582027       1.0388717       1.4431987     0.030433628              -0               -0       9.9164055                  9.9164055
              2       4.4113914       1.0989317       1.4595366     0.038618394              -0               -0       8.8227828                  8.8227828
              1       4.4686097       1.1173696       1.4317398     0.043522938              -0               -0       8.9372194                  8.9372194
              1       4.5696613       1.2002899       1.3223896     0.030322413              -0               -0       9.1393227                  9.1393227
              6       4.8293818       1.0475729       1.5395346    -0.057056062              -0               -0       9.6587636                  9.6587636
              3       4.7613253       1.0482499       1.5395423    -0.055530576              -0               -0       9.5226506                  9.5226506
              2       4.5703186       1.0949773       1.5354021     -0.03076557              -0               -0       9.1406372                  9.1406372
              4       4.0771007       1.0828707       1.5133088    -0.026963994              -0               -0       8.1542015                  8.1542015
              3       4.0908099       1.0856331       1.5110398    -0.026849806              -0               -0       8.1816198                  8.1816198
              4       3.9265467       1.1193925       1.4409127    0.0014251417              -0               -0       7.8530933                  7.8530933
             13       3.9628143       1.1277991       1.4296864    0.0050065055              -0               -0       7.9256285                  7.9256285
              3       3.8642779       1.0704035       1.5134993     -0.01258578              -0               -0       7.7285559                  7.7285559
              3       4.4612879       1.1024366        1.389549     0.036809404              -0               -0       8.9225757                  8.9225757
              2       4.5725637       1.0422397       1.4895634     0.041540032              -0               -0       9.1451274                  9.1451274
              1       4.3410078       1.0305544       1.5142132     0.029041842              -0               -0       8.6820157                  8.6820157
              3       4.3082494       1.0536551        1.486081     0.034515675              -0               -0       8.6164988                  8.6164988
              8       5.0725046       1.0240992       1.4987628     0.051316869              -0               -0       10.145009                  10.145009
              6       4.9142239       1.0266322       1.5859452      0.02000432              -0               -0       9.8284478                  9.8284478
              2        4.777599       1.2004819       1.3018323     0.014185606              -0               -0       9.5551981                  9.5551981
              1       5.6929149       1.1755293       1.3224196     0.085244708              -0               -0        11.38583                   11.38583
              1       6.8169168       1.1143881       1.5267571     0.036902215              -0               -0       13.633834                  13.633834
              5       6.2551904        1.056656       1.6193246   -0.0028387566              -0               -0       12.510381                  12.510381
              1       3.8724076       1.0785086       1.5054454    -0.007097251              -0               -0       7.7448151                  7.7448151
              1       4.2591409       1.0033475       1.6092137   -0.0077615384              -0               -0       8.5182817                  8.5182817
              3       4.4599258       0.9628973       1.6440657    -0.029999853              -0               -0       8.9198516                  8.9198516
              1       4.8727282       1.0054577       1.4978305     0.012069364              -0               -0       9.7454565                  9.7454565
              1       6.1496613       1.0396115       1.4518068    -0.038928799              -0               -0       12.299323                  12.299323
              5       6.6981107        1.124568       1.4002509    -0.065472172              -0               -0       13.396221                  13.396221
              1       7.4177032       1.0964048       1.3970304    -0.063996209              -0               -0       14.835406                  14.835406
              1       5.0176061       0.9759369       1.5690516    -0.031624491              -0               -0       10.035212                  10.035212
              1       4.5296507       1.0423245         1.58422    -0.049864786              -0               -0       9.0593014                  9.0593014
             23       4.7043669       1.0301791       1.6026945    -0.056207324              -0               -0       9.4087338                  9.4087338
              2       4.8100996      0.96925481       1.6480711    -0.054701593              -0               -0       9.6201991                  9.6201991
              1       5.0111907      0.99382351       1.6543757    -0.063937073              -0               -0       10.022381                  10.022381
              7       4.5953963       1.0458111       1.5814776   0.00053020039              -0               -0       9.1907927                  9.1907927
             11       4.9586436      0.93709975       1.6767531    -0.045023898              -0               -0       9.9172872                  9.9172872
              1       4.7994116      0.94898322       1.6632043    -0.044629234              -0               -0       9.5988232                  9.5988232
              4       4.3735847      0.97728472       1.5996339  -0.00025857043              -0               -0       8.7471694                  8.7471694
              3       4.7409274      0.96467386       1.5898259    0.0082937467              -0               -0       9.4818549                  9.4818549
              2       4.4661568       0.9832951       1.6429392    -0.042930533              -0               -0       8.9323137                  8.9323137
              2       4.4773645      0.99672781       1.6437637    -0.031973501              -0               -0        8.954729                   8.954729
              4       4.5618404       1.0079022       1.6381886    -0.028909917              -0               -0       9.1236808                  9.1236808
              3       3.8794633       1.0611037       1.5117402    0.0060871805              -0               -0       7.7589266                  7.7589266
              5       3.9284107       1.0859929       1.4621411   -0.0092551862              -0               -0       7.8568213                  7.8568213
              4       4.1552288       1.0180059       1.5567047     0.011831834              -0               -0       8.3104576                  8.3104576
              1         4.44866      0.98458473       1.6231554   -0.0014596441              -0               -0       8.8973201                  8.8973201
              3         4.67028       1.1074649       1.4380982     0.050769944              -0               -0         9.34056                    9.34056
              3       6.7291129       1.1379218       1.2645542     0.070574662              -0               -0       13.458226                  13.458226
              1       7.0866344       1.2199934       1.1749304     0.071490382              -0               -0       14.173269                  14.173269
              7       6.8748549       1.2226659        1.181019     0.076449061              -0               -0        13.74971                   13.74971
              1       5.3367971       1.1484301        1.337497    -0.014853888              -0               -0       10.673594                  10.673594
              1       6.0606166       1.2764656       1.1899257     0.031409444              -0               -0       12.121233                  12.121233
              1       6.8559921       1.2996178       1.2749801    -0.023783867              -0               -0       13.711984                  13.711984
              5       5.8622009       1.1972584       1.4372128   -0.0042214382              -0               -0       11.724402                  11.724402
              3       5.5226307       1.1255362       1.5312165    -0.023257504              -0               -0       11.045261                  11.045261
              1       4.5176747       1.1545156       1.3739269      0.04728548              -0               -0       9.0353494                  9.0353494
              6       4.6834121       1.0548157        1.495449     0.045150581              -0               -0       9.3668242                  9.3668242
              6       4.4693979       1.0846099       1.4176084     0.042137662              -0               -0       8.9387957                  8.9387957
              3       4.6060012        1.162668       1.3630184     0.050034603              -0               -0       9.2120023                  9.2120023
              7       4.5919977       1.1744614       1.3181538     0.028305685              -0               -0       9.1839954                  9.1839954
              1       4.4043755       1.1855488       1.3401778     0.022389719              -0               -0       8.8087511                  8.8087511
              2       8.4182394      0.88464505        1.717764     0.045787617              -0               -0       16.836479                  16.836479
              9       10.172937      0.80332797       1.7983484     0.023883496              -0               -0       20.345874                  20.345874
              2       9.5773577      0.81011435        1.787776     0.018175079              -0               -0       19.154715                  19.154715
              1       9.8664441      0.94262502       1.8203958     -0.03036759              -0               -0       19.732888                  19.732888
              7       9.7501996      0.88149755       1.8750767     -0.12307549              -0               -0       19.500399                  19.500399
              1       9.5555088      0.89805502       1.8525121     -0.12430346              -0               -0       19.111018                  19.111018
              4       5.4386111      0.93822346       1.7284867    -0.064246012              -0               -0       10.877222                  10.877222
              1       5.5109472      0.94026115       1.7232454    -0.068915518              -0               -0       11.021894                  11.021894
              4        5.414652       0.9425461       1.7172003    -0.066968398              -0               -0       10.829304                  10.829304
              1       5.5748776       1.0589803       1.4901409    -0.060354574              -0               -0       11.149755                  11.149755
              2       5.4783859       1.0358218         1.51601    -0.059115902              -0               -0       10.956772                  10.956772
              2       3.9982609       1.1266809       1.4105405      0.01851683              -0               -0       7.9965219                  7.9965219
              5       3.9952378        1.124793        1.414279     0.019519049              -0               -0       7.9904757                  7.9904757
              5       4.5376629       1.1804407       1.3610023     0.038062253              -0               -0       9.0753257                  9.0753257
              1       4.5537753       1.1368869          1.4715    -0.024301415              -0               -0       9.1075507                  9.1075507
              2       4.7487817       1.1382737       1.4823229    -0.023694431              -0               -0       9.4975633                  9.4975633
              1       5.7704851      0.91377312        1.766613      -0.0591538              -0               -0        11.54097                   11.54097
              2       7.3723204       1.0780139       1.6072366    0.0080704485              -0               -0       14.744641                  14.744641
              1       6.9461615       1.0475525       1.5649023      0.05752668              -0               -0       13.892323                  13.892323
              1        4.188974       1.0345822       1.5879724    -0.020050573              -0               -0       8.3779479                  8.3779479
              1       5.2421976      0.96330302       1.7112428    -0.039574509              -0               -0       10.484395                  10.484395
              4       5.7292247       0.9987591       1.6948667    -0.043236903              -0               -0       11.458449                  11.458449
             11       5.9017044       1.0110375       1.6870647    -0.046151816              -0               -0       11.803409                  11.803409
              6       5.9574171       1.2094836       1.3791857    -0.046025736              -0               -0       11.914834                  11.914834
              2        6.580465      0.87350578       1.8142946    -0.041798117              -0               -0        13.16093                   13.16093
              2       7.6435947       1.0106818       1.7125704    -0.098348209              -0               -0       15.287189                  15.287189
              5       5.6333914      0.91660116       1.7598166    -0.045404551              -0               -0       11.266783                  11.266783
              3       6.9602494       1.3166251       1.2413857     0.065479356              -0               -0       13.920499                  13.920499
              2       7.0874464       1.3324928       1.2476062     0.038126752              -0               -0       14.174893                  14.174893
              2       8.4044855       1.3398173       1.0586503     0.056365288              -0               -0       16.808971                  16.808971
              2        8.033332       1.2614191       1.1260686     0.035925302              -0               -0       16.066664                  16.066664
              3        7.204535       1.2416342       1.1662581     0.030177643              -0               -0        14.40907                   14.40907
              8       6.5650836       1.1819722       1.4253931     0.053392777              -0               -0       13.130167                  13.130167
              2       8.2561571      0.83914116       1.8961978    -0.067303745              -0               -0       16.512314                  16.512314
             12       5.3753515       1.0479377       1.4551213    -0.030707776              -0               -0       10.750703                  10.750703
              7       5.3486077       1.0640811       1.4329539    -0.027231874              -0               -0       10.697215                  10.697215
              1       4.7032375       1.1225646        1.388573    -0.017063578              -0               -0        9.406475                   9.406475
              6       4.9731944        1.001649       1.5390699     0.040386407              -0               -0       9.9463888                  9.9463888
              4        4.732583       1.0007682       1.5129473     0.010996403              -0               -0       9.4651659                  9.4651659
              5       6.1688186      0.87189586        1.753311    -0.025584927              -0               -0       12.337637                  12.337637
              1       7.2863858       0.8381372        1.803505    -0.021705062              -0               -0       14.572772                  14.572772
              2       7.3871755      0.83425551       1.8035342    -0.022818917              -0               -0       14.774351                  14.774351
              1       7.6748082      0.86834781       1.8317406     -0.09581556              -0               -0       15.349616                  15.349616
              1       10.452614      0.77933012       1.8596715    -0.076868072              -0               -0       20.905228                  20.905228
              3       10.417104      0.77985429       1.8588547    -0.076517306              -0               -0       20.834209                  20.834209
              1       9.1274478       1.0927591       1.5208759     -0.11992328              -0               -0       18.254896                  18.254896
              2       6.9466567       1.2158832       1.2480877    -0.023735279              -0               -0       13.893313                  13.893313
              3       6.1710253       1.1684921       1.4366702     0.048915265              -0               -0       12.342051                  12.342051
              1       6.0461221       1.1862944       1.3356949     0.087785714              -0               -0       12.092244                  12.092244
              8        5.178177      0.95906436       1.5699279     0.013579808              -0               -0       10.356354                  10.356354
              1       4.5621852       1.0511646        1.466743      0.04251015              -0               -0       9.1243704                  9.1243704
             18       4.0224107        1.068654       1.5338364   -0.0075645208              -0               -0       8.0448214                  8.0448214
              2       4.2582145       1.1367954       1.4474779     0.010569202              -0               -0       8.5164289                  8.5164289
              4       4.2256062       1.1080603       1.4701521     0.021600806              -0               -0       8.4512125                  8.4512125
              2        6.441743        1.266495       1.1671881     0.066409765              -0               -0       12.883486                  12.883486
              3       5.3464707        1.167344       1.3535987    -0.031349338              -0               -0       10.692941                  10.692941
              1       5.7876496       1.2505614       1.2245444     0.015543132              -0               -0       11.575299                  11.575299
              6       5.0036962       1.2179202       1.3552194      0.02215537              -0               -0       10.007392                  10.007392
              3       6.4206413       1.2909316       1.1669477     0.032981463              -0               -0       12.841283                  12.841283
              1       5.4392954       1.1840029       1.2640413      0.03955822              -0               -0       10.878591                  10.878591
              2       5.3127033       1.1619418       1.2988564     0.066556747              -0               -0       10.625407                  10.625407
              1       5.5597322       1.1984181       1.4200406    0.0084008535              -0               -0       11.119464                  11.119464
              1       5.5333626       1.1362205       1.3321838     0.078698823              -0               -0       11.066725                  11.066725
              1        5.703094      0.98251016       1.5444965     0.052000481              -0               -0       11.406188                  11.406188
              6       5.4442829      0.97839696       1.5444974      0.04211051              -0               -0       10.888566                  10.888566
              2        5.450215      0.95966805       1.5707637      0.03144144              -0               -0        10.90043                   10.90043
              4       4.7633116       1.0775796       1.4003536     0.034237013              -0               -0       9.5266232                  9.5266232
              3       4.3857214       1.0405446       1.5225301     0.030477376              -0               -0       8.7714429                  8.7714429
              1       4.4453277       1.0405183       1.5175589     0.033706675              -0               -0       8.8906554                  8.8906554
              1       6.4870306      0.87769205       1.8142364    -0.051482281              -0               -0       12.974061                  12.974061
              1       6.2841686      0.93377347       1.7770887    -0.058310315              -0               -0       12.568337                  12.568337
              2       6.2453944      0.95116767       1.7226981    -0.088826223              -0               -0       12.490789                  12.490789
              2       6.2875406       1.0053975       1.6709487    -0.089836287              -0               -0       12.575081                  12.575081
              5       7.9861828      0.92638452       1.6777574     -0.10128558              -0               -0       15.972366                  15.972366
             13       4.5631636       1.1624002       1.4302209    -0.016264214              -0               -0       9.1263272                  9.1263272
              4       4.5590124       1.1072716       1.5094732    -0.037074242              -0               -0       9.1180248                  9.1180248
              1       4.6103375        1.108663       1.5101816    -0.037927823              -0               -0        9.220675                   9.220675
              3        4.827131       1.1108618       1.5026429    -0.048052036              -0               -0        9.654262                   9.654262
             11       4.3073987       1.0989509       1.4843653     -0.03532394              -0               -0       8.6147973                  8.6147973
             11       4.1743792       1.0858275       1.4991048    -0.032776382              -0               -0       8.3487584                  8.3487584
              3       6.0772774      0.99753117       1.5812485    -0.076806091              -0               -0       12.154555                  12.154555
              1       6.1890293       1.2163286       1.2834371    -0.027542745              -0               -0       12.378059                  12.378059
              2       6.2663124       1.1986823       1.2610167   -0.0093396244              -0               -0       12.532625                  12.532625
             11       6.3183901        1.270272       1.3300725     0.024211395              -0               -0        12.63678                   12.63678
              9       6.0880137        1.252563        1.346325     0.028036732              -0               -0       12.176027                  12.176027
              4        5.630077       1.2195048       1.3745825     0.031943199              -0               -0       11.260154                  11.260154
              7       5.3707456        1.221565       1.3593709     0.033171905              -0               -0       10.741491                  10.741491
              2       4.8587057       1.0758605       1.5249886     0.028953552              -0               -0       9.7174113                  9.7174113
              1       6.3207595       1.2967695       1.2086615     0.076014682              -0               -0       12.641519                  12.641519
              7       6.4921985        1.323358       1.2246952     0.011697011              -0               -0       12.984397                  12.984397
              7       6.4829135       1.3208236       1.2282678    0.0087424421              -0               -0       12.965827                  12.965827
              1       6.3618162       1.3166075       1.2319877     0.011520532              -0               -0       12.723632                  12.723632
              2       6.1847639       1.3072221       1.2354645     0.010024221              -0               -0       12.369528                  12.369528
              3       7.0046175       1.3197105       1.1407356     0.024423857              -0               -0       14.009235                  14.009235
              4       6.4312061       1.2841811       1.1795677     0.019609981              -0               -0       12.862412                  12.862412
              3       5.3078605       1.2210367       1.2898843   -0.0067054084              -0               -0       10.615721                  10.615721
              3       4.5506825       1.1663967       1.4105467      0.02275496              -0               -0        9.101365                   9.101365
              1       4.8892479       1.1112157       1.4942953      0.02481818              -0               -0       9.7784958                  9.7784958
              2        5.681878       1.1411078       1.4097197     0.072010703              -0               -0       11.363756                  11.363756
              2       5.6800135       1.1413086       1.4096371     0.071924493              -0               -0       11.360027                  11.360027
              5       4.4292672       1.0845417       1.4862661     0.033835009              -0               -0       8.8585344                  8.8585344
              2       4.8659276       1.0413597       1.5258044     0.042606632              -0               -0       9.7318553                  9.7318553
              1        4.763416       1.0192728       1.5307578     0.039476382              -0               -0        9.526832                   9.526832
              9       5.1899915      0.94427513       1.6592897    0.0091825755              -0               -0       10.379983                  10.379983
              9       5.3378247      0.93671846        1.675316    0.0066588293              -0               -0       10.675649                  10.675649
              3       5.2460084      0.94239214       1.6680272    0.0073651046              -0               -0       10.492017                  10.492017
              4       4.7829133      0.98281746       1.6565329    -0.010974376              -0               -0       9.5658267                  9.5658267
              1       4.2536452      0.99346563        1.617136    -0.011102048              -0               -0       8.5072904                  8.5072904
              6       4.2937768      0.99137042       1.6140222   -0.0054357299              -0               -0       8.5875536                  8.5875536
              1       7.8272666       1.0502057       1.5858866      -0.1113291              -0               -0       15.654533                  15.654533
              1       7.8584793       1.2641931       1.2610331    -0.053568141              -0               -0       15.716959                  15.716959
              1        8.601294       1.2395171       1.2047629    -0.036154044              -0               -0       17.202588                  17.202588
              2       5.9797319       1.2041175       1.2347427     0.024875896              -0               -0       11.959464                  11.959464
              4       5.5268471      0.99824434        1.538505    -0.047720488              -0               -0       11.053694                  11.053694
              1       3.9287441       1.0374868       1.5155133    0.0013307416              -0               -0       7.8574883                  7.8574883
              1       4.6361491       1.0195986       1.4889862     0.023241635              -0               -0       9.2722983                  9.2722983
              7       4.6183953       1.0219389       1.4862172      0.02348034              -0               -0       9.2367907                  9.2367907
              5       4.9781529      0.98542534       1.5709197     0.032808143              -0               -0       9.9563058                  9.9563058
              4       5.1081192       1.0138889       1.4806931     0.038039358              -0               -0       10.216238                  10.216238
              3       4.8927459        1.035996       1.4612886     0.043128532              -0               -0       9.7854918                  9.7854918
              2        5.431824       1.0700694       1.3962222     0.062126505              -0               -0       10.863648                  10.863648
              3       5.5274496      0.99740038       1.6797727    -0.069879766              -0               -0       11.054899                  11.054899
              1       4.4587835       1.0006172       1.5924721    -0.044988866              -0               -0       8.9175671                  8.9175671
              4       4.2939492        1.007045       1.5786678      0.01075346              -0               -0       8.5878983                  8.5878983
              5       4.5622124       1.0815606       1.4959561     0.034499454              -0               -0       9.1244248                  9.1244248
              7       4.6829899        1.212646       1.3273821     0.026265593              -0               -0       9.3659797                  9.3659797
              3        6.376592       1.3243615       1.1954058      0.05270285              -0               -0       12.753184                  12.753184
              1       6.1712354      0.91331353       1.7684591    -0.024586438              -0               -0       12.342471                  12.342471
              5       6.4975877      0.87840907       1.7816439    -0.016990749              -0               -0       12.995175                  12.995175
              6       6.5728778       1.0076177       1.6045029     0.048250639              -0               -0       13.145756                  13.145756
              3       7.5337786      0.99696176       1.6353989     0.048650413              -0               -0       15.067557                  15.067557
              1       6.4267223      0.92631653       1.7852669     -0.04949646              -0               -0       12.853445                  12.853445
              4       4.8870095      0.98561905       1.6075097    -0.055391479              -0               -0        9.774019                   9.774019
              5       4.4132654       1.0018492       1.5766502    -0.038764458              -0               -0       8.8265308                  8.8265308
              1       4.0780664       1.0342438       1.5639772    -0.032881843              -0               -0       8.1561329                  8.1561329
              3       6.4603889       1.2256394       1.2977163    -0.040088338              -0               -0       12.920778                  12.920778
              2        4.775882       1.0404629       1.5910339    0.0029875603              -0               -0       9.5517639                  9.5517639
              5       4.7669359       1.0412191        1.589782    0.0031550554              -0               -0       9.5338718                  9.5338718
              1       4.8705725       1.0273953       1.6335984     -0.03933667              -0               -0        9.741145                   9.741145
              1       4.5989058        1.062951       1.5781427    -0.037401779              -0               -0       9.1978116                  9.1978116
              4       4.5898837       1.1008687       1.4753601     0.036006041              -0               -0       9.1797674                  9.1797674
              1       5.4184356       1.1486192       1.4926561   -0.0088531896              -0               -0       10.836871                  10.836871
              1       4.8725272       1.1109151       1.5277636    -0.019184636              -0               -0       9.7450544                  9.7450544
              1       5.0766916       1.2250505       1.3114126   -0.0053312712              -0               -0       10.153383                  10.153383
              1       4.8870853       1.2006597        1.285434      0.04395768              -0               -0       9.7741707                  9.7741707
             13       4.9779262       1.2195087       1.2812984     0.049135858              -0               -0       9.9558524                  9.9558524
              6       4.8133931       1.2068346       1.3011881     0.046778828              -0               -0       9.6267862                  9.6267862
              3       4.7793533       1.2123155       1.2996852     0.040399426              -0               -0       9.5587065                  9.5587065
              4        5.634534       1.1413127       1.3660806     0.083102013              -0               -0       11.269068                  11.269068
              1       7.7517625      0.84418402       1.7252423   -0.0052840292              -0               -0       15.503525                  15.503525
              2       7.6290958       0.8468385        1.723478   -0.0055099556              -0               -0       15.258192                  15.258192
              1       10.338698      0.85248419       1.7325962     0.061325784              -0               -0       20.677396                  20.677396
              1        11.12088      0.93440253       1.7004272     0.074728439              -0               -0       22.241761                  22.241761
              1       9.8723626       1.1263067       1.3624608      0.14902112              -0               -0       19.744725                  19.744725
              3       5.4129981       1.2516626         1.25928     0.057667461              -0               -0       10.825996                  10.825996
              5       5.9503183       1.2082754        1.279647    -0.017930548              -0               -0       11.900637                  11.900637
              1       5.4577962       1.1542395       1.4211456     -0.05251872              -0               -0       10.915592                  10.915592
              3       4.7073485         0.98474        1.590972      0.02077758              -0               -0       9.4146969                  9.4146969
              1       4.8598646      0.98437893       1.6727077    -0.028169913              -0               -0       9.7197292                  9.7197292
              2       5.0077028       1.1826456       1.3911553     0.039286999              -0               -0       10.015406                  10.015406
              1        5.011758       1.1661408       1.3963368     0.049559424              -0               -0       10.023516                  10.023516
              1       4.5277237       1.0650246       1.5647863   -0.0067014588              -0               -0       9.0554474                  9.0554474
              1       4.1775075       1.0567955       1.5572724   -0.0072831409              -0               -0        8.355015                   8.355015
              2       4.2158868       1.0474861       1.5672083    -0.004911551              -0               -0       8.4317736                  8.4317736
              6       4.3097796       1.0312511       1.6003089    -0.031522572              -0               -0       8.6195591                  8.6195591
              3       5.0544105       1.0314202       1.6363751    -0.039930248              -0               -0       10.108821                  10.108821
              2       5.5025154      0.99448405       1.6147834    -0.074518808              -0               -0       11.005031                  11.005031
             16       4.3773282       0.9806676       1.6119482  -0.00014930897              -0               -0       8.7546564                  8.7546564
              8       5.3502551      0.95695823       1.5999013     0.029744563              -0               -0        10.70051                   10.70051
              1       5.7263917       1.0461541       1.4755682     0.072237436              -0               -0       11.452783                  11.452783
              1       5.0035539       1.0899318        1.405309      0.06295785              -0               -0       10.007108                  10.007108
              3       4.5732811       1.1445263       1.4240152     0.035735794              -0               -0       9.1465621                  9.1465621
              2       4.7591347        1.117414       1.5021629    0.0055617457              -0               -0       9.5182694                  9.5182694
              2       4.9572294       1.1207166       1.4520361     0.046907588              -0               -0       9.9144588                  9.9144588
              6       5.5739005       0.9498498       1.6993387    -0.002526794              -0               -0       11.147801                  11.147801
              6       5.6825656      0.93989378       1.7484853    -0.060171125              -0               -0       11.365131                  11.365131
              1       6.1023269      0.95440246        1.726834    -0.084559344              -0               -0       12.204654                  12.204654
              1       6.0611089      0.96671794        1.716508    -0.083791007              -0               -0       12.122218                  12.122218
              1       4.3226504       1.1045669       1.4073939   -0.0038990143              -0               -0       8.6453008                  8.6453008
              1       4.1293756       1.0944503       1.4197352    0.0083543744              -0               -0       8.2587511                  8.2587511
              1       4.2946574       1.1357523       1.4597127    -0.011613488              -0               -0       8.5893147                  8.5893147
              1       4.4166621       1.0419719       1.5922305    -0.038873596              -0               -0       8.8333243                  8.8333243
              1        5.890245       1.0281653       1.5815309    -0.082486958              -0               -0        11.78049                   11.78049
              1       6.3732431       1.0309066       1.5990056    -0.092400787              -0               -0       12.746486                  12.746486
              6       6.2887347       1.1019655       1.5073184     -0.08205284              -0               -0       12.577469                  12.577469
              5       6.1613618       1.1056819       1.5031649    -0.079301852              -0               -0       12.322724                  12.322724
              1       4.9797646       1.1595351       1.3965419    -0.035995493              -0               -0       9.9595291                  9.9595291
              6       4.9700987       1.0127612       1.6323185   -0.0046242836              -0               -0       9.9401974                  9.9401974
              1       7.4831555       1.3697295       1.1527064     0.013156749              -0               -0       14.966311                  14.966311
              1       7.2054054       1.2572353       1.3790853    -0.038851128              -0               -0       14.410811                  14.410811
              3       3.9663699       1.0180203       1.5649298   -0.0063663599              -0               -0       7.9327398                  7.9327398
              1       4.0708177       1.0501795       1.5625657    -0.021619791              -0               -0       8.1416353                  8.1416353
              5       4.2645344       1.1403321       1.4363199     0.016912341              -0               -0       8.5290689                  8.5290689
              3       5.0513454       1.1500114       1.4509666      0.02733326              -0               -0       10.102691                  10.102691
              2       4.8090488       1.1007576       1.5170407     0.012966041              -0               -0       9.6180976                  9.6180976
              1        4.760115       1.0920159        1.548193    -0.034489097              -0               -0       9.5202299                  9.5202299
              2       4.8465753       1.0363759       1.6218526    -0.042142501              -0               -0       9.6931507                  9.6931507
              4       4.6911648       1.0430387       1.6078762    -0.033990441              -0               -0       9.3823296                  9.3823296
              2       5.3358051      0.93965417       1.7258119    -0.060218867              -0               -0        10.67161                   10.67161
              1       5.2845313      0.93301587       1.6312085    0.0084783685              -0               -0       10.569063                  10.569063
              9       4.2736611       1.0658013       1.4768249     0.035317087              -0               -0       8.5473222                  8.5473222
              2       6.7879464      0.99571172       1.4796512     0.075867806              -0               -0       13.575893                  13.575893
              1       8.5108679       1.0066811         1.51985      0.10495265              -0               -0       17.021736                  17.021736
              4       8.2141055      0.92633115       1.6715672     0.059142163              -0               -0       16.428211                  16.428211
              4       5.0554619       1.0928645       1.3946232     0.063457913              -0               -0       10.110924                  10.110924
              2       4.9106532       1.1081336       1.3867244     0.062239166              -0               -0       9.8213064                  9.8213064
              5       4.2524751       1.0066581       1.5675017    -0.031252303              -0               -0       8.5049501                  8.5049501
              3       4.0118806       1.0262039       1.5768548    -0.024348135              -0               -0       8.0237613                  8.0237613
              3       4.5488026       1.0478093       1.5910854    -0.042856297              -0               -0       9.0976052                  9.0976052
             12       4.0646584       1.0372855       1.5133263    -0.016160502              -0               -0       8.1293169                  8.1293169
              2       7.1635667       1.0224169       1.4467423     0.093179834              -0               -0       14.327133                  14.327133
              1       6.4043703       1.0533513       1.3860547     0.073000526              -0               -0       12.808741                  12.808741
              1       4.4125668       1.1725479       1.3646229     0.035209903              -0               -0       8.8251336                  8.8251336
              1       7.4310413       1.3305557       1.1240266      0.10043823              -0               -0       14.862083                  14.862083
              2       5.2183497        1.164411       1.4325697     0.032795943              -0               -0       10.436699                  10.436699
              2       5.4333414        1.204502       1.3855587    -0.032847835              -0               -0       10.866683                  10.866683
              4       5.1654652       1.1950374       1.3908995    -0.029000689              -0               -0        10.33093                   10.33093
              5       5.0149238       1.1848453       1.4090242    -0.026506939              -0               -0       10.029848                  10.029848
              1       6.0813872      0.97918424        1.547069    -0.048326042              -0               -0       12.162774                  12.162774
              5       5.9690957      0.91053989       1.6519854    -0.034999527              -0               -0       11.938191                  11.938191
              3       7.6957137       1.1470935       1.4567859    -0.094171478              -0               -0       15.391427                  15.391427
              2       6.9643815      0.86204582        1.733104    0.0021462119              -0               -0       13.928763                  13.928763
              1       6.6697604        1.023874       1.5717162      0.06008997              -0               -0       13.339521                  13.339521
              1       6.4393153       1.0314282       1.5588674     0.060240425              -0               -0       12.878631                  12.878631
              1       5.9848471       1.0500166       1.5907867     0.024202444              -0               -0       11.969694                  11.969694
              5       5.2579882       1.0773594         1.56429    0.0062001997              -0               -0       10.515976                  10.515976
              7       5.3172945       1.1020335        1.545884    -0.054141537              -0               -0       10.634589                  10.634589
              1       5.0395956       1.0489833       1.5967136    -0.061389248              -0               -0       10.079191                  10.079191
              4       4.5556714       1.1357958       1.3607368    0.0037636401              -0               -0       9.1113428                  9.1113428
              2        4.289444       1.1209193       1.3920315  -0.00046792959              -0               -0        8.578888                   8.578888
              2       5.5991587       1.0748702       1.5061574    -0.069759344              -0               -0       11.198317                  11.198317
              1       5.3802758       1.0291275       1.6491859    -0.053861528              -0               -0       10.760552                  10.760552
              4        4.712893       1.1318192       1.4807278    0.0072111549              -0               -0        9.425786                   9.425786
              2       5.0000836       1.1411735       1.4905569    -0.018137017              -0               -0       10.000167                  10.000167
              2       5.2605701       1.1515167       1.3631134    -0.029830731              -0               -0        10.52114                   10.52114
              4       4.4601476       1.0763361       1.4168737     0.026893524              -0               -0       8.9202951                  8.9202951
              4       4.4022043       1.1601492       1.4246532    0.0051949217              -0               -0       8.8044086                  8.8044086
              3       4.0181745        1.124518       1.4362528     0.016057982              -0               -0       8.0363489                  8.0363489
              3       4.9541571      0.96472719       1.5912586     0.020645747              -0               -0       9.9083143                  9.9083143
              7        4.359595      0.99717035       1.5586975     0.013975555              -0               -0       8.7191899                  8.7191899
              3       5.0037837       1.0444994       1.4332232     0.018414337              -0               -0       10.007567                  10.007567
              1       4.7506413       1.0592184       1.4239868     0.028959878              -0               -0       9.5012827                  9.5012827
              1       4.7110533       1.0828115       1.3956242     0.028465542              -0               -0       9.4221066                  9.4221066
              4       4.0027843       1.0491411       1.5376344    -0.028403641              -0               -0       8.0055686                  8.0055686
              2       4.0282904       1.0466851       1.5429505    -0.030153444              -0               -0       8.0565809                  8.0565809
              6       4.0286438       1.0471265       1.5425472    -0.030175411              -0               -0       8.0572876                  8.0572876
              2       4.2381948       1.0120001       1.5692181    -0.034884097              -0               -0       8.4763896                  8.4763896
              8        3.974364        1.024497       1.5473791    -0.018093993              -0               -0        7.948728                   7.948728
              3        4.325387       1.0164133       1.5166501     0.017598303              -0               -0        8.650774                   8.650774
              2        4.697478       1.1064262       1.4428289     0.050351724              -0               -0       9.3949559                  9.3949559
              1        5.259293       1.0512075       1.5315335     0.046077138              -0               -0       10.518586                  10.518586
              1       4.9328814       1.1025962       1.4913776     0.034782914              -0               -0       9.8657628                  9.8657628
              9       3.9207374       1.0859269       1.4493266    0.0042764866              -0               -0       7.8414748                  7.8414748
              2       6.5034479       1.2516519       1.3428897    -0.039450308              -0               -0       13.006896                  13.006896
              2       4.6883772      0.96070309       1.6745002    -0.044461849              -0               -0       9.3767543                  9.3767543
              4       4.8010838      0.95608435       1.6723101    -0.050277657              -0               -0       9.6021677                  9.6021677
              3       5.4622322        1.233376       1.3008437    -0.015273047              -0               -0       10.924464                  10.924464
              6       6.2070107       1.2816796       1.3104363    0.0033253547              -0               -0       12.414021                  12.414021
              4       5.3442233       1.2617554       1.2844465     0.026853066              -0               -0       10.688447                  10.688447
              3       5.9625118       1.2971938       1.2565023     0.021285507              -0               -0       11.925024                  11.925024
              3       6.3529918       1.2130143       1.2100335     0.077581859              -0               -0       12.705984                  12.705984
              2       3.8344028       1.0802766       1.4897711    0.0020339641              -0               -0       7.6688055                  7.6688055
              2       4.5023647       1.0496969       1.5683872    0.0054332437              -0               -0       9.0047293                  9.0047293
              3       5.2812217      0.95518346       1.7189253    -0.055196786              -0               -0       10.562443                  10.562443
              6       5.5038069      0.92075961       1.7505691     -0.05188329              -0               -0       11.007614                  11.007614
              5       7.9166392      0.85873722       1.8676702    -0.045141148              -0               -0       15.833278                  15.833278
              1       8.5359776      0.84245789       1.8823936    -0.035842892              -0               -0       17.071955                  17.071955
              5        5.437175       1.0443855       1.5452131     0.045560648              -0               -0        10.87435                   10.87435
              1       4.7419578      0.99778475       1.5927803     0.021469599              -0               -0       9.4839156                  9.4839156
              4       4.0005995       1.0683144       1.5168073    0.0082426181              -0               -0       8.0011989                  8.0011989
              1       3.9997191       1.0679843       1.5172227    0.0081264914              -0               -0       7.9994382                  7.9994382
              5       3.8900196       1.0743838       1.4782022     0.014226695              -0               -0       7.7800393                  7.7800393
              6       3.8572186       1.0976834       1.4668593   -0.0041457005              -0               -0       7.7144373                  7.7144373
              9       4.1192845       1.0155437        1.533229    0.0056838974              -0               -0       8.2385689                  8.2385689
              1       4.9471279       1.0986891       1.4703471    -0.051292706              -0               -0       9.8942558                  9.8942558
              4       8.2820266      0.92115422       1.6960819     -0.10772901              -0               -0       16.564053                  16.564053
              1       8.7750778        1.076338       1.5035025     -0.11190273              -0               -0       17.550156                  17.550156
              2       10.775739      0.91227553       1.6730307     -0.12314042              -0               -0       21.551478                  21.551478
              1       10.926842      0.91503651       1.6640381     -0.12304433              -0               -0       21.853685                  21.853685
              2       5.7268304      0.98534053       1.6332871    -0.079738574              -0               -0       11.453661                  11.453661
              3       5.4396609        1.002268       1.6015256     -0.07274641              -0               -0       10.879322                  10.879322
              1       4.5340163       1.0506718       1.5414217    -0.050158613              -0               -0       9.0680326                  9.0680326
              4       5.8743263       1.0292325       1.4303418    0.0047994078              -0               -0       11.748653                  11.748653
              1       4.5130115       1.1888674       1.3324981    0.0099881336              -0               -0        9.026023                   9.026023
              2       5.2017178      0.99522123       1.6797949    -0.036841469              -0               -0       10.403436                  10.403436
              1       5.5146014      0.90923693       1.7209641    -0.012872454              -0               -0       11.029203                  11.029203
              2       7.1605898       1.0271038       1.4479697    -0.044722709              -0               -0        14.32118                   14.32118
              8       5.0322152        1.186738       1.3327079     -0.01601583              -0               -0        10.06443                   10.06443
              5       5.5185861       1.1482934       1.4126327    -0.052649755              -0               -0       11.037172                  11.037172
              6       5.1491555        1.158085       1.4083462    -0.042894338              -0               -0       10.298311                  10.298311
              1       5.2422159        1.159235       1.4048801    -0.044450344              -0               -0       10.484432                  10.484432
              4         5.96365       1.1817197       1.4382832    -0.052939977              -0               -0         11.9273                    11.9273
              5       5.9325854       1.1799865       1.4245421    -0.055772343              -0               -0       11.865171                  11.865171
              2       8.4210853      0.94745728       1.5051317     0.077269557              -0               -0       16.842171                  16.842171
              2       9.1407065       1.0922904       1.2928115      0.12639933              -0               -0       18.281413                  18.281413
              8       9.8272187       1.1464064       1.1792168     0.077950659              -0               -0       19.654437                  19.654437
              1       8.2603542       1.2147981       1.2481775      0.13755702              -0               -0       16.520708                  16.520708
              3        6.154427       1.0292793       1.5686481     0.051992244              -0               -0       12.308854                  12.308854
              3       6.4630663       1.0374316        1.563443     0.056092285              -0               -0       12.926133                  12.926133
              3       5.9021951      0.99549426       1.5810885     0.051108131              -0               -0        11.80439                   11.80439
              4       5.3461838       0.9352239       1.6492074     0.013794225              -0               -0       10.692368                  10.692368
              3       5.9669785       0.9041312       1.6836051     0.010730364              -0               -0       11.933957                  11.933957
              6       5.8845142      0.95549388       1.7219146    -0.079959492              -0               -0       11.769028                  11.769028
              2       4.4020755       1.0512129       1.4910343     -0.02864406              -0               -0       8.8041511                  8.8041511
              3       6.1846667       1.0394573       1.5728839    -0.087264921              -0               -0       12.369333                  12.369333
              2       5.6895786        1.044132       1.5723651    -0.079158079              -0               -0       11.379157                  11.379157
              2       5.3791303       1.0486472       1.5854949    -0.072805321              -0               -0       10.758261                  10.758261
              3       4.8246896       1.0406277        1.579425    -0.060671245              -0               -0       9.6493793                  9.6493793
              1       4.8505099       1.1376442       1.3850913     0.061129086              -0               -0       9.7010199                  9.7010199
              3        5.930295       1.0648391       1.3957613    -0.010563367              -0               -0        11.86059                   11.86059
              1       5.7574918       1.0792627       1.3873685    -0.013577006              -0               -0       11.514984                  11.514984
              2        5.360593       1.0192836       1.4953533    -0.033835378              -0               -0       10.721186                  10.721186
              1       5.4911304       1.0189147       1.4623733   -0.0051703003              -0               -0       10.982261                  10.982261
              1       4.9758076        1.153104       1.3158917     0.019070242              -0               -0       9.9516153                  9.9516153
              1        7.407277       1.0330869       1.6161226     0.039512726              -0               -0       14.814554                  14.814554
              2        7.011243       1.0425774       1.5694072     0.058264875              -0               -0       14.022486                  14.022486
              4       3.9581329       1.0597694       1.5164284     0.010380292              -0               -0       7.9162659                  7.9162659
              2       4.7322518        1.162967        1.403754      0.03891225              -0               -0       9.4645036                  9.4645036
              5       5.1824419       1.2413159       1.3063401   0.00047521233              -0               -0       10.364884                  10.364884
              9       4.9056513       1.1666383       1.3183234     0.058931045              -0               -0       9.8113027                  9.8113027
              1       4.5513984        1.100971       1.3865228     0.039353967              -0               -0       9.1027969                  9.1027969
              6         5.09193       1.0099041       1.5501856     0.043332884              -0               -0        10.18386                   10.18386
              3       5.2207955       1.0336156       1.5378844     0.047604377              -0               -0       10.441591                  10.441591
              1        5.015249      0.95433355       1.6323776    -0.046916959              -0               -0       10.030498                  10.030498
              3       4.3698926       1.1833417       1.3593613       0.0204782              -0               -0       8.7397853                  8.7397853
              5       4.1069322       1.0961753       1.5052381   -0.0067263905              -0               -0       8.2138645                  8.2138645
             15       4.0154808        1.110301       1.4763022   -0.0056930259              -0               -0       8.0309616                  8.0309616
              2       4.4159571       1.0735912       1.5544178    -0.034021099              -0               -0       8.8319142                  8.8319142
              9       4.4891132        1.096481       1.5060881    -0.042228125              -0               -0       8.9782263                  8.9782263
              4       4.1396024       1.0798319       1.5236087    -0.029577596              -0               -0       8.2792047                  8.2792047
